accumulated_eval_time,accumulated_logging_time,accumulated_submission_time,global_step,preemption_count,score,test/loss,test/num_examples,total_duration,train/loss,validation/loss,validation/num_examples
981.5751068592072,0.0,4.752829074859619,1,0,4.752829074859619,0.2466142012242367,95000000,986.742120027542,0.2443094950335325,0.2451472607572914,83274637
1873.049385547638,0.0165519714355468,126.0612678527832,120,0,126.0612678527832,0.1501024610049599,95000000,2000.3937239646912,0.1477511734665964,0.1453746525827386,83274637
2755.108989715576,0.03418111801147461,246.35851645469666,239,0,246.35851645469666,,95000000,3003.649379968643,,,83274637
