accumulated_eval_time,accumulated_logging_time,accumulated_submission_time,global_step,preemption_count,score,test/loss,test/num_examples,test/ssim,total_duration,train/loss,train/ssim,validation/loss,validation/num_examples,validation/ssim
181.60171961784363,0.0,88.44846653938293,1,0,88.44846653938293,1.0201915409670832,3581,0.2056968111593741,270.7372627258301,1.0044877869742257,0.1920745372772216,1.023332534644063,3554,0.1838264873206246
188.0924184322357,0.0192611217498779,167.52504754066467,358,0,167.52504754066467,0.3310406090193905,3581,0.6997797075712091,358.06265664100647,0.3092422485351562,0.7041530609130859,0.3295032885481148,3554,0.6813253167645611
194.9034359455109,0.0374093055725097,246.6846842765808,537,0,246.6846842765808,0.3176274303616308,3581,0.7130875873752094,445.52967405319214,0.2958074637821742,0.7179318155561175,0.3155586272729671,3554,0.6954066803030037
203.19583916664124,0.0571751594543457,325.8756830692291,954,0,325.8756830692291,0.3050543245274539,3581,0.7257014287646607,534.7068722248077,0.2837750060217721,0.7304655483790806,0.3026449002774163,3554,0.7087385857044879
210.4193720817566,0.1070687770843505,404.6410536766052,2261,0,404.6410536766052,0.2930247230391301,3581,0.7365087931530997,622.6657242774963,0.2719855989728655,0.7424426759992327,0.2913691274356359,3554,0.7193097236388576
217.14280319213867,0.1258738040924072,483.3624107837677,3565,0,483.3624107837677,0.2898557695454307,3581,0.7393438514468724,710.1496031284332,0.2688176461628505,0.7456553322928292,0.2884558235988499,3554,0.722006879902047
223.89654231071472,0.144899845123291,562.0678155422211,4868,0,562.0678155422211,0.2885882290539479,3581,0.7399898934916923,797.6079227924347,0.2677763189588274,0.7461053303309849,0.2872196298404966,3554,0.7226130410936621
230.57990288734436,0.16420865058898926,640.7693979740143,6174,0,640.7693979740143,0.28846067052019336,3581,0.7412802731647934,884.977263212204,0.26780768803187777,0.7473090035574776,0.2869991373331545,3554,0.7241723399250845
