accumulated_eval_time,accumulated_logging_time,accumulated_submission_time,global_step,preemption_count,score,test/accuracy,test/loss,test/mean_average_precision,test/num_examples,total_duration,train/accuracy,train/loss,train/mean_average_precision,validation/accuracy,validation/loss,validation/mean_average_precision,validation/num_examples
67.611079454422,0.0,39.88840341567993,1,0,39.88840341567993,0.5508122206228063,0.7276001820189533,0.028126902356026,43793,107.94663500785828,0.5489294510717302,0.7313447866482122,0.0212460552537733,0.5487795472479939,0.7293259582254927,0.0255810270555586,43793
97.67277693748474,0.4498908519744873,490.5803439617157,1906,0,490.5803439617157,0.9846816858273691,0.0522650925803481,0.1737080702181448,43793,590.5278635025024,0.9884584089579492,0.040025069215249,0.1998180474973988,0.9855600459831332,0.0495985253978872,0.175483537393055,43793
128.0302882194519,0.499896764755249,941.6201498508452,3803,0,941.6201498508452,0.9853268802658942,0.0494655167367311,0.2354216217534066,43793,1073.3429505825045,0.9894664083376242,0.0349969727680211,0.3162469490707181,0.9862513354917696,0.0466354379185082,0.2409247643939791,43793
158.3032293319702,0.5508005619049072,1392.7708530426023,5687,0,1392.7708530426023,0.9858680518412888,0.0472020620163673,0.261228988405837,43793,1556.1821649074554,0.9903566464572772,0.0323285137284043,0.3591855662210503,0.9867678744816344,0.0445458620152854,0.2694335465216301,43793
187.7741751670837,0.5999438762664795,1844.009824752808,7585,0,1844.009824752808,0.9861561151545728,0.0463631901411594,0.2749824669237353,43793,2038.298119544983,0.991197772399459,0.029319418033058,0.4517546536865067,0.9870148795703044,0.04373127926716,0.2799077494293829,43793
217.2062828540802,0.6565272808074951,2295.2346851825714,9522,0,2295.2346851825714,0.9862971987948509,0.04660282833742827,0.27739265602509017,43793,2520.388174533844,0.9909644003872147,0.029679321362386116,0.4420527883673968,0.9871216377269524,0.04391652991237713,0.2909125253469708,43793
