global_step,grad_norm,loss,train/accuracy,train/loss,validation/accuracy,validation/loss,validation/num_examples,test/accuracy,test/loss,test/num_examples,score,total_duration,accumulated_submission_time,accumulated_eval_time,accumulated_logging_time,preemption_count
0,0.6739698,6.925764,,,,,,,,,,,,,,
1,,,0.0018734055,6.9117374,0.0012599999,6.9117756,50000.0,0.0012,6.9119825,10000.0,53.1759774684906,116.90558505058289,53.1759774684906,63.72952103614807,0.0,0.0
100,0.6964315,6.7961254,,,,,,,,,,,,,,
200,0.812117,6.4796395,,,,,,,,,,,,,,
300,1.0721326,6.212226,,,,,,,,,,,,,,
400,1.1262392,5.9546056,,,,,,,,,,,,,,
500,3.1064703,5.799692,,,,,,,,,,,,,,
600,3.6309624,5.5583525,,,,,,,,,,,,,,
700,4.996706,5.428687,,,,,,,,,,,,,,
800,4.6125093,5.279545,,,,,,,,,,,,,,
900,4.8454437,5.0716114,,,,,,,,,,,,,,
1000,3.9282954,4.9106383,,,,,,,,,,,,,,
1100,4.0726027,4.9193835,,,,,,,,,,,,,,
1200,3.9962468,4.7381353,,,,,,,,,,,,,,
1300,5.789965,4.602543,,,,,,,,,,,,,,
1400,3.5280836,4.590331,,,,,,,,,,,,,,
1500,4.6553016,4.50771,,,,,,,,,,,,,,
1600,4.8225083,4.33253,,,,,,,,,,,,,,
1700,4.0672455,4.181547,,,,,,,,,,,,,,
1800,6.445084,4.2437963,,,,,,,,,,,,,,
1900,4.479232,4.031885,,,,,,,,,,,,,,
2000,2.9748983,4.090666,,,,,,,,,,,,,,
2100,4.390646,4.0698395,,,,,,,,,,,,,,
2200,5.457085,3.8789299,,,,,,,,,,,,,,
2300,3.3688612,3.7765272,,,,,,,,,,,,,,
2400,4.013206,3.8108394,,,,,,,,,,,,,,
2500,3.5858958,3.593348,,,,,,,,,,,,,,
2600,4.102059,3.5579185,,,,,,,,,,,,,,
2700,4.0402327,3.577154,,,,,,,,,,,,,,
2800,3.930987,3.433033,,,,,,,,,,,,,,
2900,3.9465811,3.43451,,,,,,,,,,,,,,
3000,3.957076,3.355188,,,,,,,,,,,,,,
3100,4.952515,3.289,,,,,,,,,,,,,,
3200,2.85616,3.2323186,,,,,,,,,,,,,,
3300,3.4907298,3.1476402,,,,,,,,,,,,,,
3400,3.299085,3.0403748,,,,,,,,,,,,,,
3500,3.247532,3.1476457,,,,,,,,,,,,,,
3600,2.7855332,3.0557752,,,,,,,,,,,,,,
3700,3.5095172,3.1121712,,,,,,,,,,,,,,
3800,2.9168253,2.828759,,,,,,,,,,,,,,
3900,4.0930543,2.860326,,,,,,,,,,,,,,
4000,2.774894,2.7570395,,,,,,,,,,,,,,
4100,2.2204843,2.7735155,,,,,,,,,,,,,,
4200,3.050332,2.8372161,,,,,,,,,,,,,,
4300,2.2261972,2.835863,,,,,,,,,,,,,,
4400,2.8291519,2.550484,,,,,,,,,,,,,,
4500,3.190548,2.6903815,,,,,,,,,,,,,,
4600,2.9553497,2.4560313,,,,,,,,,,,,,,
4700,2.751592,2.5452726,,,,,,,,,,,,,,
4800,2.2323513,2.5618892,,,,,,,,,,,,,,
4900,2.9586895,2.5514352,,,,,,,,,,,,,,
5000,2.65419,2.579104,,,,,,,,,,,,,,
5100,2.749053,2.5441694,,,,,,,,,,,,,,
5200,2.8507812,2.5506644,,,,,,,,,,,,,,
5300,2.3539896,2.4298558,,,,,,,,,,,,,,
5400,2.9130468,2.3919587,,,,,,,,,,,,,,
5500,2.571042,2.3410792,,,,,,,,,,,,,,
5600,2.8292415,2.2800539,,,,,,,,,,,,,,
5700,1.9617319,2.2136736,,,,,,,,,,,,,,
5800,2.4758847,2.2274456,,,,,,,,,,,,,,
5900,3.011332,2.458229,,,,,,,,,,,,,,
6000,2.4725733,2.346685,,,,,,,,,,,,,,
6100,2.351224,2.2409472,,,,,,,,,,,,,,
6200,2.3518293,2.2876027,,,,,,,,,,,,,,
6300,2.2440107,2.3057978,,,,,,,,,,,,,,
6400,2.1672642,2.2565587,,,,,,,,,,,,,,
6500,2.5926638,2.312748,,,,,,,,,,,,,,
6572,,,0.6306003,1.5325073,0.57357997,1.8282131,50000.0,0.44230002,2.5904195,10000.0,2049.223411083221,2134.791506290436,2049.223411083221,85.47269701957703,0.0403082370758056,0.0
6600,3.6754932,2.1461482,,,,,,,,,,,,,,
6700,2.1184144,2.2847242,,,,,,,,,,,,,,
6800,2.3766203,2.25915,,,,,,,,,,,,,,
6900,2.360287,2.1125152,,,,,,,,,,,,,,
7000,2.8527906,2.1171715,,,,,,,,,,,,,,
7100,4.5324516,2.0001764,,,,,,,,,,,,,,
7200,2.453844,1.9838352,,,,,,,,,,,,,,
7300,2.7557487,2.1194794,,,,,,,,,,,,,,
7400,2.9472604,2.1191409,,,,,,,,,,,,,,
7500,2.456878,2.0059566,,,,,,,,,,,,,,
7600,2.2398524,2.028844,,,,,,,,,,,,,,
7700,2.8332093,2.1118548,,,,,,,,,,,,,,
7800,2.7344606,2.1323328,,,,,,,,,,,,,,
7900,2.3322382,2.188561,,,,,,,,,,,,,,
8000,2.685477,2.0299249,,,,,,,,,,,,,,
8100,2.2403145,1.9469786,,,,,,,,,,,,,,
8200,2.1216807,1.9682697,,,,,,,,,,,,,,
8300,2.3822858,1.9277296,,,,,,,,,,,,,,
8400,2.7464607,2.0040288,,,,,,,,,,,,,,
8500,2.2814574,2.0556688,,,,,,,,,,,,,,
8600,2.0253265,1.911109,,,,,,,,,,,,,,
8700,2.2286115,1.985328,,,,,,,,,,,,,,
8800,2.6028523,2.052846,,,,,,,,,,,,,,
8900,2.2358043,1.9673994,,,,,,,,,,,,,,
9000,2.3639977,1.9105785,,,,,,,,,,,,,,
9100,2.1943278,1.9863565,,,,,,,,,,,,,,
9200,2.3464906,1.9924417,,,,,,,,,,,,,,
9300,1.6695031,1.7664964,,,,,,,,,,,,,,
9400,2.253394,1.7622374,,,,,,,,,,,,,,
9500,2.1914558,1.8608761,,,,,,,,,,,,,,
9600,2.0460348,1.9023331,,,,,,,,,,,,,,
9700,2.016109,1.7951145,,,,,,,,,,,,,,
9800,2.7683735,1.9371119,,,,,,,,,,,,,,
9900,1.8984369,1.7905786,,,,,,,,,,,,,,
10000,2.52165,1.8121865,,,,,,,,,,,,,,
10100,2.2036963,1.8106071,,,,,,,,,,,,,,
10200,2.0801814,1.7938354,,,,,,,,,,,,,,
10300,1.9111699,1.84096,,,,,,,,,,,,,,
10400,2.1766438,1.778965,,,,,,,,,,,,,,
10500,2.7298994,1.7708156,,,,,,,,,,,,,,
10600,2.6131585,1.7813756,,,,,,,,,,,,,,
10700,2.171295,1.6262258,,,,,,,,,,,,,,
10800,2.81107,1.7096426,,,,,,,,,,,,,,
10900,2.2698698,1.741379,,,,,,,,,,,,,,
11000,2.7126021,1.7849932,,,,,,,,,,,,,,
11100,2.4884133,1.8502623,,,,,,,,,,,,,,
11200,2.8317807,1.8181617,,,,,,,,,,,,,,
11300,2.486865,1.748433,,,,,,,,,,,,,,
11400,2.5108645,1.8518562,,,,,,,,,,,,,,
11500,2.3891182,1.834094,,,,,,,,,,,,,,
11600,3.1187994,1.6877924,,,,,,,,,,,,,,
11700,2.414007,1.8124285,,,,,,,,,,,,,,
11800,2.1857166,1.6492376,,,,,,,,,,,,,,
11900,2.4390774,1.5927048,,,,,,,,,,,,,,
12000,2.585777,1.7065401,,,,,,,,,,,,,,
12100,1.9919244,1.7136586,,,,,,,,,,,,,,
12200,2.2607026,1.6966393,,,,,,,,,,,,,,
12300,2.4203598,1.6791756,,,,,,,,,,,,,,
12400,2.1513073,1.567799,,,,,,,,,,,,,,
12500,2.2790518,1.6863301,,,,,,,,,,,,,,
12600,2.408602,1.6455747,,,,,,,,,,,,,,
12700,2.4096684,1.6535802,,,,,,,,,,,,,,
12800,2.5492995,1.8028111,,,,,,,,,,,,,,
12900,2.246995,1.7833732,,,,,,,,,,,,,,
13000,2.4155254,1.6351895,,,,,,,,,,,,,,
13100,2.2035224,1.6449566,,,,,,,,,,,,,,
13200,2.2959774,1.6004632,,,,,,,,,,,,,,
13300,2.366063,1.7040777,,,,,,,,,,,,,,
13400,2.119985,1.5748274,,,,,,,,,,,,,,
13500,2.3434122,1.6480287,,,,,,,,,,,,,,
13600,2.5471194,1.6030848,,,,,,,,,,,,,,
13700,2.3141096,1.6994836,,,,,,,,,,,,,,
13800,2.2855718,1.5324442,,,,,,,,,,,,,,
13900,2.3798196,1.5746441,,,,,,,,,,,,,,
13916,,,0.7621771,0.9435853,0.66736,1.3725033,50000.0,0.53010005,2.1301467,10000.0,4045.282567501068,4153.60573720932,4045.282567501068,108.08916926383972,0.1185705661773681,0.0
14000,2.5680907,1.5774723,,,,,,,,,,,,,,
14100,2.3746643,1.7192757,,,,,,,,,,,,,,
14200,2.9099445,1.648325,,,,,,,,,,,,,,
14300,2.571363,1.5928907,,,,,,,,,,,,,,
14400,2.5559242,1.6882231,,,,,,,,,,,,,,
14500,2.1649234,1.583783,,,,,,,,,,,,,,
14600,2.5722508,1.6536204,,,,,,,,,,,,,,
14700,3.4845717,1.5803335,,,,,,,,,,,,,,
14800,2.7065368,1.66995,,,,,,,,,,,,,,
14900,2.4735622,1.6944426,,,,,,,,,,,,,,
15000,2.5298498,1.6152449,,,,,,,,,,,,,,
15100,3.182184,1.5178382,,,,,,,,,,,,,,
15200,2.9717577,1.5309734,,,,,,,,,,,,,,
15300,2.6300106,1.5781168,,,,,,,,,,,,,,
15400,3.0556576,1.6937977,,,,,,,,,,,,,,
15500,2.7657971,1.5912478,,,,,,,,,,,,,,
15600,2.7367196,1.6313603,,,,,,,,,,,,,,
15700,3.193605,1.589864,,,,,,,,,,,,,,
15800,2.6657677,1.5066211,,,,,,,,,,,,,,
15900,2.8907533,1.6121014,,,,,,,,,,,,,,
16000,2.840277,1.5437281,,,,,,,,,,,,,,
16100,2.5563514,1.4247681,,,,,,,,,,,,,,
16200,2.5140197,1.6056722,,,,,,,,,,,,,,
16300,3.4673307,1.6122403,,,,,,,,,,,,,,
16400,2.7446065,1.447848,,,,,,,,,,,,,,
16500,2.8611543,1.4633315,,,,,,,,,,,,,,
16600,2.8980315,1.4998345,,,,,,,,,,,,,,
16700,2.962235,1.4141707,,,,,,,,,,,,,,
16800,3.2053936,1.4510498,,,,,,,,,,,,,,
16900,2.9549124,1.5469921,,,,,,,,,,,,,,
17000,3.3629973,1.5127586,,,,,,,,,,,,,,
17100,2.9783676,1.4687614,,,,,,,,,,,,,,
17200,3.1030946,1.5492079,,,,,,,,,,,,,,
17300,3.1759994,1.5047042,,,,,,,,,,,,,,
17400,3.1675916,1.444474,,,,,,,,,,,,,,
17500,3.250604,1.4937627,,,,,,,,,,,,,,
17600,3.2194998,1.4907627,,,,,,,,,,,,,,
17700,3.3054392,1.482135,,,,,,,,,,,,,,
17800,3.42889,1.4963764,,,,,,,,,,,,,,
17900,3.8091948,1.4803628,,,,,,,,,,,,,,
18000,3.376085,1.5223851,,,,,,,,,,,,,,
18100,3.6558287,1.5483472,,,,,,,,,,,,,,
18200,3.736965,1.5370578,,,,,,,,,,,,,,
18300,3.9288545,1.5301045,,,,,,,,,,,,,,
18400,4.132621,1.5771081,,,,,,,,,,,,,,
18500,4.3775077,1.6002705,,,,,,,,,,,,,,
18600,4.076305,1.4915862,,,,,,,,,,,,,,
18700,4.026027,1.4463042,,,,,,,,,,,,,,
18800,4.3599067,1.5809693,,,,,,,,,,,,,,
18900,4.713174,1.4707923,,,,,,,,,,,,,,
19000,4.5688143,1.5624616,,,,,,,,,,,,,,
19100,4.695839,1.5317428,,,,,,,,,,,,,,
19200,4.969592,1.5617459,,,,,,,,,,,,,,
19300,5.6608057,1.5578421,,,,,,,,,,,,,,
19400,5.1309667,1.5209615,,,,,,,,,,,,,,
19500,5.260777,1.452671,,,,,,,,,,,,,,
19600,5.3408837,1.4840926,,,,,,,,,,,,,,
19700,5.6651783,1.553397,,,,,,,,,,,,,,
19800,5.4086356,1.544763,,,,,,,,,,,,,,
19900,6.131065,1.4513378,,,,,,,,,,,,,,
20000,6.3915124,1.4875731,,,,,,,,,,,,,,
20100,6.5867715,1.4764924,,,,,,,,,,,,,,
20200,7.218862,1.6000482,,,,,,,,,,,,,,
20300,7.027609,1.6368717,,,,,,,,,,,,,,
20400,6.813013,1.5145292,,,,,,,,,,,,,,
20500,7.2724185,1.5426185,,,,,,,,,,,,,,
20600,8.036832,1.5630039,,,,,,,,,,,,,,
20700,7.87335,1.5745409,,,,,,,,,,,,,,
20800,8.035379,1.4845781,,,,,,,,,,,,,,
20900,9.400577,1.4661574,,,,,,,,,,,,,,
21000,8.91473,1.4609623,,,,,,,,,,,,,,
21100,9.127943,1.4791849,,,,,,,,,,,,,,
21200,9.464283,1.5207958,,,,,,,,,,,,,,
21259,,,0.8075972,0.7395382,0.69585997,1.2365702,50000.0,0.5655,1.971104,10000.0,6041.208413362503,6171.006928682327,6041.208413362503,129.41019129753113,0.2125744819641113,0.0
21300,9.95944,1.5244861,,,,,,,,,,,,,,
21400,9.996406,1.5710407,,,,,,,,,,,,,,
21500,9.766855,1.4647682,,,,,,,,,,,,,,
21600,9.829764,1.4652414,,,,,,,,,,,,,,
21700,10.630623,1.4553623,,,,,,,,,,,,,,
21800,11.314787,1.5204124,,,,,,,,,,,,,,
21900,10.795661,1.5607848,,,,,,,,,,,,,,
22000,11.203725,1.4773111,,,,,,,,,,,,,,
22100,12.307261,1.453153,,,,,,,,,,,,,,
22200,11.807415,1.5424873,,,,,,,,,,,,,,
22300,11.2795,1.480667,,,,,,,,,,,,,,
22400,11.795483,1.4782364,,,,,,,,,,,,,,
22500,12.36013,1.4908271,,,,,,,,,,,,,,
22600,12.287235,1.5347745,,,,,,,,,,,,,,
22700,12.216635,1.4644727,,,,,,,,,,,,,,
22800,13.242913,1.5811471,,,,,,,,,,,,,,
22900,12.78509,1.5857042,,,,,,,,,,,,,,
23000,12.7555895,1.498182,,,,,,,,,,,,,,
23100,12.544476,1.297843,,,,,,,,,,,,,,
23200,12.887505,1.4520011,,,,,,,,,,,,,,
23300,12.713252,1.4144994,,,,,,,,,,,,,,
23400,12.72139,1.5767252,,,,,,,,,,,,,,
23500,13.253745,1.5312401,,,,,,,,,,,,,,
23600,12.978544,1.591186,,,,,,,,,,,,,,
23700,12.834988,1.4739487,,,,,,,,,,,,,,
23800,12.575363,1.4737351,,,,,,,,,,,,,,
23900,12.437125,1.4368994,,,,,,,,,,,,,,
24000,13.498224,1.4835887,,,,,,,,,,,,,,
24100,12.053512,1.5489438,,,,,,,,,,,,,,
24200,12.178172,1.4189303,,,,,,,,,,,,,,
24300,11.979374,1.4417623,,,,,,,,,,,,,,
24400,11.905501,1.4199944,,,,,,,,,,,,,,
24500,12.559513,1.4650168,,,,,,,,,,,,,,
24600,11.2902355,1.4878263,,,,,,,,,,,,,,
24700,11.05227,1.4088464,,,,,,,,,,,,,,
24800,11.937567,1.4488485,,,,,,,,,,,,,,
24900,11.518204,1.5162504,,,,,,,,,,,,,,
25000,10.729234,1.3275068,,,,,,,,,,,,,,
25100,11.072562,1.3683048,,,,,,,,,,,,,,
25200,11.189452,1.3431935,,,,,,,,,,,,,,
25300,9.99282,1.315916,,,,,,,,,,,,,,
25400,10.870251,1.5098882,,,,,,,,,,,,,,
25500,10.800688,1.399074,,,,,,,,,,,,,,
25600,10.095356,1.478385,,,,,,,,,,,,,,
25700,10.29986,1.3893493,,,,,,,,,,,,,,
25800,10.027989,1.5135094,,,,,,,,,,,,,,
25900,9.517211,1.3677264,,,,,,,,,,,,,,
26000,9.319551,1.3810825,,,,,,,,,,,,,,
26100,9.650249,1.573111,,,,,,,,,,,,,,
26200,9.121174,1.4309335,,,,,,,,,,,,,,
26300,9.44135,1.4632441,,,,,,,,,,,,,,
26400,9.393897,1.4581501,,,,,,,,,,,,,,
26500,8.666021,1.4647803,,,,,,,,,,,,,,
26600,8.97547,1.4505525,,,,,,,,,,,,,,
26700,8.526374,1.3381417,,,,,,,,,,,,,,
26800,8.2724285,1.4030585,,,,,,,,,,,,,,
26900,8.310143,1.361864,,,,,,,,,,,,,,
27000,8.1550045,1.5082734,,,,,,,,,,,,,,
27100,7.714046,1.3244388,,,,,,,,,,,,,,
27200,8.172981,1.3869026,,,,,,,,,,,,,,
27300,8.206678,1.3995214,,,,,,,,,,,,,,
27400,7.779823,1.4149588,,,,,,,,,,,,,,
27500,7.360106,1.349921,,,,,,,,,,,,,,
27600,7.7369866,1.4029149,,,,,,,,,,,,,,
27700,7.4083843,1.4167379,,,,,,,,,,,,,,
27800,7.5561147,1.4562536,,,,,,,,,,,,,,
27900,7.515666,1.406574,,,,,,,,,,,,,,
28000,7.7313266,1.4265847,,,,,,,,,,,,,,
28100,7.6879215,1.452187,,,,,,,,,,,,,,
28200,7.403525,1.2904845,,,,,,,,,,,,,,
28300,7.24654,1.4337833,,,,,,,,,,,,,,
28400,7.029806,1.3245987,,,,,,,,,,,,,,
28500,6.7060685,1.3703326,,,,,,,,,,,,,,
28600,6.5155964,1.331594,,,,,,,,,,,,,,
28602,,,0.83296794,0.6281649,0.7123,1.1660333,50000.0,0.5809,1.8867964,10000.0,8037.070692062378,8188.448412895203,8037.070692062378,150.83281111717224,0.3011040687561035,0.0
28700,6.609523,1.2933446,,,,,,,,,,,,,,
28800,6.8374567,1.463586,,,,,,,,,,,,,,
28900,6.472423,1.3731596,,,,,,,,,,,,,,
29000,6.262769,1.3141704,,,,,,,,,,,,,,
29100,6.4047055,1.3608435,,,,,,,,,,,,,,
29200,6.3356633,1.2863843,,,,,,,,,,,,,,
29300,6.271586,1.3671942,,,,,,,,,,,,,,
29400,6.3450933,1.4415634,,,,,,,,,,,,,,
29500,6.163067,1.3192434,,,,,,,,,,,,,,
29600,6.090879,1.3199868,,,,,,,,,,,,,,
29700,6.36129,1.4005467,,,,,,,,,,,,,,
29800,5.9692984,1.3559631,,,,,,,,,,,,,,
29900,5.802892,1.3549638,,,,,,,,,,,,,,
30000,6.3234706,1.4635627,,,,,,,,,,,,,,
30100,5.5415382,1.2727761,,,,,,,,,,,,,,
30200,5.8488116,1.3879366,,,,,,,,,,,,,,
30300,5.6989202,1.3646046,,,,,,,,,,,,,,
30400,5.474451,1.2419759,,,,,,,,,,,,,,
30500,5.702555,1.2867687,,,,,,,,,,,,,,
30600,5.6943803,1.376879,,,,,,,,,,,,,,
30700,5.6756825,1.3309699,,,,,,,,,,,,,,
30800,5.3479853,1.2753091,,,,,,,,,,,,,,
30900,5.7022963,1.4533826,,,,,,,,,,,,,,
31000,5.419518,1.2945883,,,,,,,,,,,,,,
31100,5.43312,1.4330168,,,,,,,,,,,,,,
31200,5.135881,1.3049097,,,,,,,,,,,,,,
31300,5.2675366,1.3082252,,,,,,,,,,,,,,
31400,5.2281475,1.3142258,,,,,,,,,,,,,,
31500,5.2141023,1.3637198,,,,,,,,,,,,,,
31600,5.277312,1.2595892,,,,,,,,,,,,,,
31700,5.0864587,1.2794311,,,,,,,,,,,,,,
31800,5.350873,1.2732297,,,,,,,,,,,,,,
31900,4.818658,1.1937506,,,,,,,,,,,,,,
32000,5.3303967,1.4084194,,,,,,,,,,,,,,
32100,5.4463663,1.3269162,,,,,,,,,,,,,,
32200,5.165381,1.3364017,,,,,,,,,,,,,,
32300,5.024208,1.302327,,,,,,,,,,,,,,
32400,4.9382644,1.3068781,,,,,,,,,,,,,,
32500,5.216855,1.4640515,,,,,,,,,,,,,,
32600,4.882632,1.2630215,,,,,,,,,,,,,,
32700,5.1539817,1.4195184,,,,,,,,,,,,,,
32800,4.884887,1.343622,,,,,,,,,,,,,,
32900,4.660728,1.2893709,,,,,,,,,,,,,,
33000,4.8939247,1.3249743,,,,,,,,,,,,,,
33100,4.6143126,1.2655611,,,,,,,,,,,,,,
33200,4.5479565,1.2842889,,,,,,,,,,,,,,
33300,4.8918195,1.321599,,,,,,,,,,,,,,
33400,4.5665927,1.231497,,,,,,,,,,,,,,
33500,4.7570677,1.2435662,,,,,,,,,,,,,,
33600,5.010164,1.3158655,,,,,,,,,,,,,,
33700,4.710142,1.2853671,,,,,,,,,,,,,,
33800,4.788321,1.2843752,,,,,,,,,,,,,,
33900,4.706218,1.3888302,,,,,,,,,,,,,,
34000,4.510851,1.2920514,,,,,,,,,,,,,,
34100,4.569221,1.2388501,,,,,,,,,,,,,,
34200,4.682833,1.2989848,,,,,,,,,,,,,,
34300,4.6870427,1.3438371,,,,,,,,,,,,,,
34400,4.425778,1.2989333,,,,,,,,,,,,,,
34500,4.4109755,1.31344,,,,,,,,,,,,,,
34600,4.774184,1.2852376,,,,,,,,,,,,,,
34700,4.337837,1.3129221,,,,,,,,,,,,,,
34800,4.678782,1.3350585,,,,,,,,,,,,,,
34900,4.3682218,1.2610062,,,,,,,,,,,,,,
35000,4.651723,1.2632655,,,,,,,,,,,,,,
35100,4.720947,1.3842995,,,,,,,,,,,,,,
35200,4.348592,1.3158814,,,,,,,,,,,,,,
35300,4.505283,1.2960277,,,,,,,,,,,,,,
35400,4.2553024,1.2805774,,,,,,,,,,,,,,
35500,4.457056,1.2783649,,,,,,,,,,,,,,
35600,4.0860753,1.2384512,,,,,,,,,,,,,,
35700,4.189804,1.2515857,,,,,,,,,,,,,,
35800,4.3374934,1.2515852,,,,,,,,,,,,,,
35900,4.2188387,1.2193708,,,,,,,,,,,,,,
35946,,,0.85487086,0.53780156,0.72341996,1.1221741,50000.0,0.59190005,1.8422476,10000.0,10033.056078910828,10206.169721841812,10033.056078910828,172.41977453231812,0.3790128231048584,0.0
36000,4.104693,1.2239007,,,,,,,,,,,,,,
36100,4.283592,1.2923746,,,,,,,,,,,,,,
36200,4.189539,1.2688446,,,,,,,,,,,,,,
36300,4.1595736,1.3402104,,,,,,,,,,,,,,
36400,4.1007915,1.2952495,,,,,,,,,,,,,,
36500,4.7326756,1.3195556,,,,,,,,,,,,,,
36600,4.2170296,1.3168063,,,,,,,,,,,,,,
36700,3.9619513,1.2630606,,,,,,,,,,,,,,
36800,4.2227693,1.2385406,,,,,,,,,,,,,,
36900,4.1703844,1.2850863,,,,,,,,,,,,,,
37000,4.285221,1.2758548,,,,,,,,,,,,,,
37100,4.244309,1.2764738,,,,,,,,,,,,,,
37200,4.33865,1.2177219,,,,,,,,,,,,,,
37300,4.2078896,1.3382355,,,,,,,,,,,,,,
37400,4.0637136,1.2689189,,,,,,,,,,,,,,
37500,4.3449855,1.3723588,,,,,,,,,,,,,,
37600,4.263858,1.2092657,,,,,,,,,,,,,,
37700,4.0132895,1.2246112,,,,,,,,,,,,,,
37800,4.093196,1.2537507,,,,,,,,,,,,,,
37900,4.098282,1.2758582,,,,,,,,,,,,,,
38000,4.2772164,1.3319035,,,,,,,,,,,,,,
38100,4.3829103,1.3235099,,,,,,,,,,,,,,
38200,4.077048,1.2172139,,,,,,,,,,,,,,
38300,4.080673,1.2528973,,,,,,,,,,,,,,
38400,4.2359743,1.2324591,,,,,,,,,,,,,,
38500,4.312422,1.2781179,,,,,,,,,,,,,,
38600,3.9292674,1.2043636,,,,,,,,,,,,,,
38700,3.854113,1.1693218,,,,,,,,,,,,,,
38800,4.0049186,1.1813203,,,,,,,,,,,,,,
38900,4.0662637,1.3029974,,,,,,,,,,,,,,
39000,4.1554694,1.3178744,,,,,,,,,,,,,,
39100,4.2747173,1.2175148,,,,,,,,,,,,,,
39200,4.129604,1.3520505,,,,,,,,,,,,,,
39300,3.9284437,1.2526464,,,,,,,,,,,,,,
39400,3.9357433,1.2659903,,,,,,,,,,,,,,
39500,3.9960148,1.3023924,,,,,,,,,,,,,,
39600,4.070562,1.2092085,,,,,,,,,,,,,,
39700,4.337122,1.331255,,,,,,,,,,,,,,
39800,3.9028487,1.2450747,,,,,,,,,,,,,,
39900,3.906527,1.1948096,,,,,,,,,,,,,,
40000,3.6361194,1.1093918,,,,,,,,,,,,,,
40100,3.9603791,1.1843858,,,,,,,,,,,,,,
40200,3.895723,1.2545894,,,,,,,,,,,,,,
40300,4.035385,1.3614408,,,,,,,,,,,,,,
40400,4.304354,1.333116,,,,,,,,,,,,,,
40500,4.0853014,1.2582781,,,,,,,,,,,,,,
40600,4.0027375,1.204324,,,,,,,,,,,,,,
40700,4.1761928,1.297957,,,,,,,,,,,,,,
40800,3.7911348,1.2197329,,,,,,,,,,,,,,
40900,4.095874,1.3858033,,,,,,,,,,,,,,
41000,3.7459629,1.1500471,,,,,,,,,,,,,,
41100,3.9234347,1.26218,,,,,,,,,,,,,,
41200,3.8242161,1.1770041,,,,,,,,,,,,,,
41300,3.9769118,1.2499884,,,,,,,,,,,,,,
41400,4.104263,1.2586706,,,,,,,,,,,,,,
41500,3.8913717,1.3556937,,,,,,,,,,,,,,
41600,3.9457223,1.2281293,,,,,,,,,,,,,,
41700,4.0197473,1.3081372,,,,,,,,,,,,,,
41800,4.0284758,1.3078804,,,,,,,,,,,,,,
41900,3.8546722,1.1664013,,,,,,,,,,,,,,
42000,3.8412907,1.2583982,,,,,,,,,,,,,,
42100,3.6661775,1.1616142,,,,,,,,,,,,,,
42200,3.7477734,1.1960692,,,,,,,,,,,,,,
42300,4.1291423,1.2835004,,,,,,,,,,,,,,
42400,4.244823,1.3108934,,,,,,,,,,,,,,
42500,3.869791,1.1901063,,,,,,,,,,,,,,
42600,4.126142,1.2717546,,,,,,,,,,,,,,
42700,4.3493624,1.3262256,,,,,,,,,,,,,,
42800,3.695712,1.1838075,,,,,,,,,,,,,,
42900,4.0939555,1.2089739,,,,,,,,,,,,,,
43000,3.951279,1.250494,,,,,,,,,,,,,,
43100,3.9339387,1.1875638,,,,,,,,,,,,,,
43200,3.7739978,1.1661637,,,,,,,,,,,,,,
43289,,,0.87282765,0.4651624,0.73126,1.0990901,50000.0,0.60010004,1.833945,10000.0,12028.914838790894,12222.131848573685,12028.914838790894,192.3741476535797,0.4674093723297119,0.0
43300,3.625339,1.1812093,,,,,,,,,,,,,,
43400,4.058778,1.1621904,,,,,,,,,,,,,,
43500,4.037467,1.2663242,,,,,,,,,,,,,,
43600,4.001246,1.2758775,,,,,,,,,,,,,,
43700,3.9061468,1.2365829,,,,,,,,,,,,,,
43800,3.8191164,1.296689,,,,,,,,,,,,,,
43900,3.6450222,1.1095889,,,,,,,,,,,,,,
44000,4.055496,1.1799734,,,,,,,,,,,,,,
44100,3.9012957,1.1889083,,,,,,,,,,,,,,
44200,3.7474086,1.1372755,,,,,,,,,,,,,,
44300,3.8540132,1.192843,,,,,,,,,,,,,,
44400,4.0792994,1.298979,,,,,,,,,,,,,,
44500,3.8354843,1.3418947,,,,,,,,,,,,,,
44600,3.9074407,1.2875481,,,,,,,,,,,,,,
44700,4.069135,1.164697,,,,,,,,,,,,,,
44800,3.8508968,1.2805017,,,,,,,,,,,,,,
44900,3.9306216,1.2226883,,,,,,,,,,,,,,
45000,4.2366867,1.3066701,,,,,,,,,,,,,,
45100,3.676573,1.1578488,,,,,,,,,,,,,,
45200,3.6760104,1.1994597,,,,,,,,,,,,,,
45300,3.7086406,1.2196991,,,,,,,,,,,,,,
45400,4.101502,1.3418272,,,,,,,,,,,,,,
45500,3.851835,1.1858985,,,,,,,,,,,,,,
45600,3.8446438,1.1981535,,,,,,,,,,,,,,
45700,3.6646218,1.1981711,,,,,,,,,,,,,,
45800,3.7307954,1.1308793,,,,,,,,,,,,,,
45900,3.5542753,1.2043971,,,,,,,,,,,,,,
46000,3.8079143,1.2134393,,,,,,,,,,,,,,
46100,3.6211708,1.0959438,,,,,,,,,,,,,,
46200,3.931062,1.2078192,,,,,,,,,,,,,,
46300,3.7139406,1.1786866,,,,,,,,,,,,,,
46400,4.0622907,1.2887263,,,,,,,,,,,,,,
46500,3.7874618,1.1654593,,,,,,,,,,,,,,
46600,3.874348,1.1525882,,,,,,,,,,,,,,
46700,3.6231098,1.1800618,,,,,,,,,,,,,,
46800,3.8647525,1.171246,,,,,,,,,,,,,,
46900,4.0424767,1.1093673,,,,,,,,,,,,,,
47000,3.8781738,1.201405,,,,,,,,,,,,,,
47100,4.2112637,1.2166055,,,,,,,,,,,,,,
47200,3.659133,1.1114259,,,,,,,,,,,,,,
47300,3.9285932,1.143832,,,,,,,,,,,,,,
47400,4.0029993,1.1652374,,,,,,,,,,,,,,
47500,3.9618697,1.2163123,,,,,,,,,,,,,,
47600,3.8188653,1.2578771,,,,,,,,,,,,,,
47700,4.071706,1.1941614,,,,,,,,,,,,,,
47800,3.913347,1.2146434,,,,,,,,,,,,,,
47900,3.6712718,1.121431,,,,,,,,,,,,,,
48000,3.664306,1.1722577,,,,,,,,,,,,,,
48100,3.712852,1.229078,,,,,,,,,,,,,,
48200,4.160258,1.2574718,,,,,,,,,,,,,,
48300,3.6360316,1.2098991,,,,,,,,,,,,,,
48400,3.9540856,1.2472081,,,,,,,,,,,,,,
48500,4.1653852,1.3295023,,,,,,,,,,,,,,
48600,4.023526,1.2461197,,,,,,,,,,,,,,
48700,3.6169949,1.1970472,,,,,,,,,,,,,,
48800,3.6229427,1.2187148,,,,,,,,,,,,,,
48900,3.8367069,1.17723,,,,,,,,,,,,,,
49000,3.7014568,1.1451342,,,,,,,,,,,,,,
49100,3.9762394,1.3447819,,,,,,,,,,,,,,
49200,3.64578,1.0814202,,,,,,,,,,,,,,
49300,3.7713668,1.1745571,,,,,,,,,,,,,,
49400,3.8067367,1.1065372,,,,,,,,,,,,,,
49500,4.0740433,1.2584071,,,,,,,,,,,,,,
49600,3.9678354,1.2314488,,,,,,,,,,,,,,
49700,4.109308,1.2577021,,,,,,,,,,,,,,
49800,3.7120943,1.133711,,,,,,,,,,,,,,
49900,4.2137494,1.1415843,,,,,,,,,,,,,,
50000,3.8202906,1.0734699,,,,,,,,,,,,,,
50100,3.8956265,1.2160636,,,,,,,,,,,,,,
50200,4.0497355,1.2040045,,,,,,,,,,,,,,
50300,4.0018544,1.1149406,,,,,,,,,,,,,,
50400,3.9688678,1.1384733,,,,,,,,,,,,,,
50500,3.669294,1.1448374,,,,,,,,,,,,,,
50600,3.9258823,1.1200004,,,,,,,,,,,,,,
50633,,,0.88392854,0.41763052,0.73604,1.089328,50000.0,0.6078,1.8267647,10000.0,14024.841076850891,14238.34527349472,14024.841076850891,212.51364135742188,0.5555286407470703,0.0
50700,3.7859373,1.101382,,,,,,,,,,,,,,
50800,3.861666,1.1840693,,,,,,,,,,,,,,
50900,3.6374817,1.1670654,,,,,,,,,,,,,,
51000,4.0888786,1.180404,,,,,,,,,,,,,,
51100,3.6235826,1.0684078,,,,,,,,,,,,,,
51200,3.8701515,1.1559379,,,,,,,,,,,,,,
51300,3.8517416,1.1461227,,,,,,,,,,,,,,
51400,3.6112309,1.0899129,,,,,,,,,,,,,,
51500,4.0176306,1.2323477,,,,,,,,,,,,,,
51600,3.959556,1.2037011,,,,,,,,,,,,,,
51700,3.6789622,1.1494067,,,,,,,,,,,,,,
51800,3.9478993,1.2273877,,,,,,,,,,,,,,
51900,3.805579,1.2121956,,,,,,,,,,,,,,
52000,3.5643604,1.2276322,,,,,,,,,,,,,,
52100,3.809923,1.1461363,,,,,,,,,,,,,,
52200,3.6158261,1.054198,,,,,,,,,,,,,,
52300,3.9469435,1.2287797,,,,,,,,,,,,,,
52400,3.9533968,1.1847521,,,,,,,,,,,,,,
52500,3.6296244,1.2045305,,,,,,,,,,,,,,
52600,4.074432,1.1660223,,,,,,,,,,,,,,
52700,3.5815942,1.221765,,,,,,,,,,,,,,
52800,4.2906394,1.198833,,,,,,,,,,,,,,
52900,4.0917807,1.1901083,,,,,,,,,,,,,,
53000,3.9183273,1.1465979,,,,,,,,,,,,,,
53100,3.6695693,1.2074629,,,,,,,,,,,,,,
53200,3.8804488,1.1102256,,,,,,,,,,,,,,
53300,3.6548636,1.250501,,,,,,,,,,,,,,
53400,3.8312387,1.1244142,,,,,,,,,,,,,,
53500,3.8517892,1.1199653,,,,,,,,,,,,,,
53600,3.8043463,1.06322,,,,,,,,,,,,,,
53700,3.848157,1.1683844,,,,,,,,,,,,,,
53800,3.6657555,1.1066499,,,,,,,,,,,,,,
53900,3.6061332,1.1348462,,,,,,,,,,,,,,
54000,4.101474,1.1958286,,,,,,,,,,,,,,
54100,3.9226785,1.1608233,,,,,,,,,,,,,,
54200,4.0215993,1.2885723,,,,,,,,,,,,,,
54300,3.7971497,1.139786,,,,,,,,,,,,,,
54400,3.919324,1.1961246,,,,,,,,,,,,,,
54500,3.7512348,1.1819683,,,,,,,,,,,,,,
54600,3.8687456,1.1720805,,,,,,,,,,,,,,
54700,3.6355236,1.078225,,,,,,,,,,,,,,
54800,3.7851732,1.1184311,,,,,,,,,,,,,,
54900,3.9152043,1.0947824,,,,,,,,,,,,,,
55000,3.9016855,1.1183978,,,,,,,,,,,,,,
55100,3.8000312,1.2146349,,,,,,,,,,,,,,
55200,4.1585703,1.2244778,,,,,,,,,,,,,,
55300,3.9574242,1.2096521,,,,,,,,,,,,,,
55400,4.1811786,1.0855725,,,,,,,,,,,,,,
55500,3.8650725,1.2065332,,,,,,,,,,,,,,
55600,4.1587796,1.1715163,,,,,,,,,,,,,,
55700,4.096261,1.1864023,,,,,,,,,,,,,,
55800,3.949791,1.1878295,,,,,,,,,,,,,,
55900,3.8232734,1.1875354,,,,,,,,,,,,,,
56000,4.0479875,1.1254319,,,,,,,,,,,,,,
56100,3.9648862,1.1574175,,,,,,,,,,,,,,
56200,3.9945009,1.1415994,,,,,,,,,,,,,,
56300,3.9498594,1.2401768,,,,,,,,,,,,,,
56400,3.9797628,1.0629929,,,,,,,,,,,,,,
56500,4.0328417,1.1995722,,,,,,,,,,,,,,
56600,4.23361,1.2014123,,,,,,,,,,,,,,
56700,4.1305857,1.163667,,,,,,,,,,,,,,
56800,3.7270896,1.1012301,,,,,,,,,,,,,,
56900,4.1255236,1.1888754,,,,,,,,,,,,,,
57000,4.3247204,1.2625825,,,,,,,,,,,,,,
57100,4.0582724,1.1648154,,,,,,,,,,,,,,
57200,3.9597201,1.2015842,,,,,,,,,,,,,,
57300,3.9307473,1.1039321,,,,,,,,,,,,,,
57400,4.059325,1.1196042,,,,,,,,,,,,,,
57500,3.867258,1.2365909,,,,,,,,,,,,,,
57600,3.7120805,1.0713376,,,,,,,,,,,,,,
57700,3.9520755,1.0295725,,,,,,,,,,,,,,
57800,4.2202053,1.1891673,,,,,,,,,,,,,,
57900,4.2173305,1.2743446,,,,,,,,,,,,,,
57978,,,0.8929368,0.38473663,0.73706,1.0853631,50000.0,0.60950005,1.8237377,10000.0,16020.97186779976,16253.614742040634,16020.97186779976,231.5355188846588,0.6126320362091064,0.0
58000,4.057475,1.235379,,,,,,,,,,,,,,
58100,3.918637,1.100104,,,,,,,,,,,,,,
58200,4.23271,1.2277205,,,,,,,,,,,,,,
58300,4.6482763,1.2233584,,,,,,,,,,,,,,
58400,4.073798,1.0981905,,,,,,,,,,,,,,
58500,3.9458432,1.1303236,,,,,,,,,,,,,,
58600,3.8474214,1.1483268,,,,,,,,,,,,,,
58700,4.207338,1.2111365,,,,,,,,,,,,,,
58800,4.129154,1.1786203,,,,,,,,,,,,,,
58900,3.8919084,1.1374114,,,,,,,,,,,,,,
59000,4.069942,1.1063724,,,,,,,,,,,,,,
59100,4.1140394,1.1447141,,,,,,,,,,,,,,
59200,4.4884486,1.2532101,,,,,,,,,,,,,,
59300,4.2185616,1.1614978,,,,,,,,,,,,,,
59400,4.141004,1.1232412,,,,,,,,,,,,,,
59500,4.2943134,1.1341242,,,,,,,,,,,,,,
59600,4.498417,1.2898663,,,,,,,,,,,,,,
59700,4.234976,1.1874021,,,,,,,,,,,,,,
59800,4.1123114,1.0667126,,,,,,,,,,,,,,
59900,4.129216,1.2047224,,,,,,,,,,,,,,
60000,4.2310486,1.1794658,,,,,,,,,,,,,,
60100,4.3406262,1.2172241,,,,,,,,,,,,,,
60200,4.0041685,1.1437658,,,,,,,,,,,,,,
60300,4.256437,1.1482956,,,,,,,,,,,,,,
60400,4.036152,1.1101241,,,,,,,,,,,,,,
60500,4.3490505,1.2058965,,,,,,,,,,,,,,
60600,3.942764,1.1109867,,,,,,,,,,,,,,
60700,3.9597514,1.0898019,,,,,,,,,,,,,,
60800,4.077946,1.1935245,,,,,,,,,,,,,,
60900,3.8256083,0.994218,,,,,,,,,,,,,,
61000,4.3356485,1.1594992,,,,,,,,,,,,,,
61100,3.9334276,1.0411491,,,,,,,,,,,,,,
61200,4.3944554,1.1468102,,,,,,,,,,,,,,
61300,4.488161,1.2605468,,,,,,,,,,,,,,
61400,4.1989007,1.1437533,,,,,,,,,,,,,,
61500,4.1386395,1.1480075,,,,,,,,,,,,,,
61600,3.992881,1.0494506,,,,,,,,,,,,,,
61700,4.20993,1.054837,,,,,,,,,,,,,,
61800,4.1351166,1.1320819,,,,,,,,,,,,,,
61900,4.402518,1.1740301,,,,,,,,,,,,,,
62000,4.63524,1.1430876,,,,,,,,,,,,,,
62100,4.35377,1.2022554,,,,,,,,,,,,,,
62200,4.36008,1.173625,,,,,,,,,,,,,,
62300,4.591331,1.2308728,,,,,,,,,,,,,,
62400,4.2525225,1.1051524,,,,,,,,,,,,,,
62500,4.3466816,1.1895144,,,,,,,,,,,,,,
62600,4.452827,1.0993497,,,,,,,,,,,,,,
62700,4.3856335,1.2077785,,,,,,,,,,,,,,
62800,4.420754,1.1171356,,,,,,,,,,,,,,
62900,4.313904,1.0374815,,,,,,,,,,,,,,
63000,4.479305,1.1356697,,,,,,,,,,,,,,
63100,4.3195524,1.1420393,,,,,,,,,,,,,,
63200,4.6834793,1.1916344,,,,,,,,,,,,,,
63300,4.5984406,1.1886095,,,,,,,,,,,,,,
63400,4.3423,1.2049875,,,,,,,,,,,,,,
63500,4.002748,0.9823921,,,,,,,,,,,,,,
63600,4.560854,1.2161475,,,,,,,,,,,,,,
63700,4.181758,1.0669641,,,,,,,,,,,,,,
63800,4.61432,1.25377,,,,,,,,,,,,,,
63900,4.1612062,1.1217034,,,,,,,,,,,,,,
64000,4.3283067,1.1537534,,,,,,,,,,,,,,
64100,4.707288,1.2263346,,,,,,,,,,,,,,
64200,4.3049865,1.0734068,,,,,,,,,,,,,,
64300,4.589048,1.2880934,,,,,,,,,,,,,,
64400,4.380955,1.1563457,,,,,,,,,,,,,,
64500,4.4302645,1.1682483,,,,,,,,,,,,,,
64600,4.740337,1.1271043,,,,,,,,,,,,,,
64700,4.51288,1.1287078,,,,,,,,,,,,,,
64800,4.561408,1.1211805,,,,,,,,,,,,,,
64900,4.7378755,1.2171547,,,,,,,,,,,,,,
65000,4.425738,1.1137097,,,,,,,,,,,,,,
65100,4.627268,1.1256812,,,,,,,,,,,,,,
65200,4.349369,1.0520505,,,,,,,,,,,,,,
65300,4.5121794,1.2575383,,,,,,,,,,,,,,
65322,,,0.9012675,0.35587227,0.74094,1.0815302,50000.0,0.61170006,1.827934,10000.0,18016.97361254692,18268.919723272324,18016.97361254692,250.69002890586853,0.701411247253418,0.0
65400,4.2842064,1.0190246,,,,,,,,,,,,,,
65500,4.9324646,1.2434975,,,,,,,,,,,,,,
65600,4.5320487,1.080683,,,,,,,,,,,,,,
65700,4.4910116,1.0961678,,,,,,,,,,,,,,
65800,4.554719,1.1332012,,,,,,,,,,,,,,
65900,4.4940777,1.0525049,,,,,,,,,,,,,,
66000,4.5021114,1.1008956,,,,,,,,,,,,,,
66100,4.5662827,1.0475738,,,,,,,,,,,,,,
66200,4.419799,1.1263043,,,,,,,,,,,,,,
66300,4.399794,1.0503496,,,,,,,,,,,,,,
66400,4.890985,1.1326605,,,,,,,,,,,,,,
66500,4.889479,1.1310877,,,,,,,,,,,,,,
66600,4.3409653,1.0289013,,,,,,,,,,,,,,
66700,4.93231,1.1279044,,,,,,,,,,,,,,
66800,4.4793706,1.1179967,,,,,,,,,,,,,,
66900,4.5302596,1.1143272,,,,,,,,,,,,,,
67000,5.0576377,1.1680517,,,,,,,,,,,,,,
67100,4.431516,1.1127394,,,,,,,,,,,,,,
67200,4.7928777,1.124707,,,,,,,,,,,,,,
67300,4.476561,1.1439166,,,,,,,,,,,,,,
67400,4.633327,1.1331902,,,,,,,,,,,,,,
67500,4.845422,1.0841717,,,,,,,,,,,,,,
67600,4.8362303,1.1284256,,,,,,,,,,,,,,
67700,4.80979,1.0862503,,,,,,,,,,,,,,
67800,4.8215175,1.1290236,,,,,,,,,,,,,,
67900,4.5424204,1.0678744,,,,,,,,,,,,,,
68000,5.1218305,1.2001753,,,,,,,,,,,,,,
68100,4.539108,1.0397203,,,,,,,,,,,,,,
68200,5.0822654,1.1701274,,,,,,,,,,,,,,
68300,4.7157702,1.1374961,,,,,,,,,,,,,,
68400,4.886198,1.144757,,,,,,,,,,,,,,
68500,5.0147824,1.1148764,,,,,,,,,,,,,,
68600,4.8369646,1.1053445,,,,,,,,,,,,,,
68700,4.7242627,1.1144501,,,,,,,,,,,,,,
68800,4.575559,1.0805475,,,,,,,,,,,,,,
68900,4.8452525,1.1830362,,,,,,,,,,,,,,
69000,4.726553,1.1148224,,,,,,,,,,,,,,
69100,4.6903324,1.0591089,,,,,,,,,,,,,,
69200,4.805867,1.1190779,,,,,,,,,,,,,,
69300,4.7947598,1.083524,,,,,,,,,,,,,,
69400,4.8349876,1.1531773,,,,,,,,,,,,,,
69500,4.8493114,1.0978346,,,,,,,,,,,,,,
69600,4.562089,1.1294622,,,,,,,,,,,,,,
69700,4.7714157,1.1647747,,,,,,,,,,,,,,
69800,4.971536,1.1076338,,,,,,,,,,,,,,
69900,5.1163034,1.1614721,,,,,,,,,,,,,,
70000,4.858511,1.1115807,,,,,,,,,,,,,,
70100,4.824287,1.1481782,,,,,,,,,,,,,,
70200,5.0507336,1.1296984,,,,,,,,,,,,,,
70300,4.995102,1.1462995,,,,,,,,,,,,,,
70400,5.1746497,1.1961882,,,,,,,,,,,,,,
70500,5.2298126,1.2179631,,,,,,,,,,,,,,
70600,5.1617174,1.1740408,,,,,,,,,,,,,,
70700,5.038063,1.1523008,,,,,,,,,,,,,,
70800,4.9582767,1.0678048,,,,,,,,,,,,,,
70900,5.025483,1.1770962,,,,,,,,,,,,,,
71000,5.062247,1.1249318,,,,,,,,,,,,,,
71100,4.834908,1.0734956,,,,,,,,,,,,,,
71200,5.0246954,1.1062855,,,,,,,,,,,,,,
71300,5.0489798,1.1153063,,,,,,,,,,,,,,
71400,5.0899014,1.1934648,,,,,,,,,,,,,,
71500,5.0655794,1.1467745,,,,,,,,,,,,,,
71600,4.749371,1.0938714,,,,,,,,,,,,,,
71700,5.3570056,1.2373078,,,,,,,,,,,,,,
71800,4.9169497,1.0784115,,,,,,,,,,,,,,
71900,4.86024,1.104999,,,,,,,,,,,,,,
72000,5.576912,1.2597182,,,,,,,,,,,,,,
72100,4.912648,1.077203,,,,,,,,,,,,,,
72200,5.0173783,1.1221459,,,,,,,,,,,,,,
72300,4.766191,1.0541184,,,,,,,,,,,,,,
72400,4.713466,1.0424289,,,,,,,,,,,,,,
72500,4.8783145,1.028681,,,,,,,,,,,,,,
72600,5.030486,1.0626521,,,,,,,,,,,,,,
72666,,,0.9071468,0.33349392,0.74214,1.0764859,50000.0,0.6153,1.8251016,10000.0,20012.83114266396,20283.65297317505,20012.83114266396,269.40062832832336,0.8057889938354492,0.0
72700,4.98834,1.0567496,,,,,,,,,,,,,,
72800,5.2828298,1.151106,,,,,,,,,,,,,,
72900,4.9809422,1.0522461,,,,,,,,,,,,,,
73000,5.5567913,1.2654364,,,,,,,,,,,,,,
73100,5.118578,1.205348,,,,,,,,,,,,,,
73200,5.123296,1.0788035,,,,,,,,,,,,,,
73300,4.97955,1.0549976,,,,,,,,,,,,,,
73400,4.9534426,1.0956719,,,,,,,,,,,,,,
73500,5.2432294,1.1241934,,,,,,,,,,,,,,
73600,4.93018,1.0406071,,,,,,,,,,,,,,
73700,5.1540427,1.1904409,,,,,,,,,,,,,,
73800,5.0130153,1.0771192,,,,,,,,,,,,,,
73900,5.092147,1.1001117,,,,,,,,,,,,,,
74000,4.945342,1.0772163,,,,,,,,,,,,,,
74100,5.1142325,1.0843481,,,,,,,,,,,,,,
74200,5.410998,1.2193964,,,,,,,,,,,,,,
74300,5.0938115,1.0939356,,,,,,,,,,,,,,
74400,5.1869626,1.1393669,,,,,,,,,,,,,,
74500,4.879284,1.0728276,,,,,,,,,,,,,,
74600,5.0075226,1.0428383,,,,,,,,,,,,,,
74700,5.0038657,1.1002368,,,,,,,,,,,,,,
74800,5.081692,1.0607489,,,,,,,,,,,,,,
74900,5.044944,1.1051989,,,,,,,,,,,,,,
75000,5.308656,1.1711396,,,,,,,,,,,,,,
75100,5.2525654,1.1370654,,,,,,,,,,,,,,
75200,4.959671,1.0261978,,,,,,,,,,,,,,
75300,5.137116,1.148295,,,,,,,,,,,,,,
75400,5.261563,1.1152247,,,,,,,,,,,,,,
75500,4.9532194,1.1569593,,,,,,,,,,,,,,
75600,5.322704,1.0978278,,,,,,,,,,,,,,
75700,5.218213,1.1411695,,,,,,,,,,,,,,
75800,4.717349,1.0207398,,,,,,,,,,,,,,
75900,5.152605,1.1263672,,,,,,,,,,,,,,
76000,5.174791,1.1213984,,,,,,,,,,,,,,
76100,5.2308865,1.1371117,,,,,,,,,,,,,,
76200,5.105378,1.0782943,,,,,,,,,,,,,,
76300,5.3959856,1.1209861,,,,,,,,,,,,,,
76400,5.3127656,1.158987,,,,,,,,,,,,,,
76500,5.1224093,1.133723,,,,,,,,,,,,,,
76600,4.891146,1.0661209,,,,,,,,,,,,,,
76700,5.4947352,1.3196933,,,,,,,,,,,,,,
76800,5.117637,1.1478565,,,,,,,,,,,,,,
76900,5.544063,1.2121344,,,,,,,,,,,,,,
77000,4.994622,1.1006391,,,,,,,,,,,,,,
77100,5.5828896,1.2108696,,,,,,,,,,,,,,
77200,5.4206133,1.1171124,,,,,,,,,,,,,,
77300,5.197893,1.1093621,,,,,,,,,,,,,,
77400,4.984208,1.0767338,,,,,,,,,,,,,,
77500,5.264635,1.1963339,,,,,,,,,,,,,,
77600,4.850378,0.9869535,,,,,,,,,,,,,,
77700,5.3619647,1.2147841,,,,,,,,,,,,,,
77800,5.1953454,1.1594329,,,,,,,,,,,,,,
77900,5.286921,1.1065156,,,,,,,,,,,,,,
78000,5.173585,1.1548712,,,,,,,,,,,,,,
78100,4.9145513,0.99140304,,,,,,,,,,,,,,
78200,5.1679344,1.1004729,,,,,,,,,,,,,,
78300,5.197473,1.0962107,,,,,,,,,,,,,,
78400,5.0709167,1.101027,,,,,,,,,,,,,,
78500,4.95109,1.0859774,,,,,,,,,,,,,,
78600,5.2664948,1.1732953,,,,,,,,,,,,,,
78700,5.147073,1.0562146,,,,,,,,,,,,,,
78800,5.206952,1.14346,,,,,,,,,,,,,,
78900,5.3333507,1.1164429,,,,,,,,,,,,,,
79000,5.0164847,1.0871572,,,,,,,,,,,,,,
79100,5.3650064,1.152531,,,,,,,,,,,,,,
79200,5.134157,1.1608151,,,,,,,,,,,,,,
79300,5.237468,1.2145329,,,,,,,,,,,,,,
79400,4.954681,1.0658445,,,,,,,,,,,,,,
79500,5.122427,1.0331731,,,,,,,,,,,,,,
79600,5.372981,1.1386553,,,,,,,,,,,,,,
79700,4.980199,1.0352799,,,,,,,,,,,,,,
79800,4.9224486,1.1133697,,,,,,,,,,,,,,
79900,4.9384027,0.99166656,,,,,,,,,,,,,,
80000,5.114055,1.071119,,,,,,,,,,,,,,
80011,,,0.9135244,0.30929574,0.74368,1.0724281,50000.0,0.6151,1.8198733,10000.0,22008.97481846809,22297.971310138702,22008.97481846809,287.4291217327118,0.8914148807525635,0.0
80100,4.802752,1.0457777,,,,,,,,,,,,,,
80200,5.0467186,1.1183059,,,,,,,,,,,,,,
80300,5.0722,1.0807229,,,,,,,,,,,,,,
80400,5.102009,1.0879298,,,,,,,,,,,,,,
80500,5.056988,1.0915225,,,,,,,,,,,,,,
80600,5.3460994,1.1192913,,,,,,,,,,,,,,
80700,4.863589,1.0515361,,,,,,,,,,,,,,
80800,5.1354756,1.0947846,,,,,,,,,,,,,,
80900,5.2286606,1.058838,,,,,,,,,,,,,,
81000,5.416794,1.1546671,,,,,,,,,,,,,,
81100,5.2049026,1.1178688,,,,,,,,,,,,,,
81200,5.0533223,1.1036879,,,,,,,,,,,,,,
81300,4.7782974,1.0054989,,,,,,,,,,,,,,
81400,5.09277,1.0561142,,,,,,,,,,,,,,
81500,5.2820263,1.1500883,,,,,,,,,,,,,,
81600,4.808155,1.0197401,,,,,,,,,,,,,,
81700,4.82972,1.0335977,,,,,,,,,,,,,,
81800,5.105104,1.1158941,,,,,,,,,,,,,,
81900,5.1574893,1.0981687,,,,,,,,,,,,,,
82000,5.1176095,1.1672353,,,,,,,,,,,,,,
82100,5.210956,1.1144347,,,,,,,,,,,,,,
82200,5.2024984,1.1674529,,,,,,,,,,,,,,
82300,5.336051,1.1743162,,,,,,,,,,,,,,
82400,5.025357,1.0778333,,,,,,,,,,,,,,
82500,4.990633,1.036937,,,,,,,,,,,,,,
82600,4.913053,1.031538,,,,,,,,,,,,,,
82700,5.058833,1.163233,,,,,,,,,,,,,,
82800,5.111359,1.0766697,,,,,,,,,,,,,,
82900,5.015858,1.0382993,,,,,,,,,,,,,,
83000,5.0484056,1.0787433,,,,,,,,,,,,,,
83100,4.758001,0.95710886,,,,,,,,,,,,,,
83200,5.098192,1.1296072,,,,,,,,,,,,,,
83300,5.044829,1.1123829,,,,,,,,,,,,,,
83400,5.234004,1.1535555,,,,,,,,,,,,,,
83500,5.1917133,1.1817467,,,,,,,,,,,,,,
83600,5.2908797,1.0777533,,,,,,,,,,,,,,
83700,4.931054,1.0401596,,,,,,,,,,,,,,
83800,4.8916364,1.0953097,,,,,,,,,,,,,,
83900,5.4572268,1.0869459,,,,,,,,,,,,,,
84000,5.1294513,1.0509101,,,,,,,,,,,,,,
84100,5.379551,1.1043867,,,,,,,,,,,,,,
84200,4.7203903,1.0339217,,,,,,,,,,,,,,
84300,4.954858,1.033088,,,,,,,,,,,,,,
84400,5.3682604,1.0868729,,,,,,,,,,,,,,
84500,4.8182106,1.0919336,,,,,,,,,,,,,,
84600,5.0914288,1.1080977,,,,,,,,,,,,,,
84700,5.340744,1.1161069,,,,,,,,,,,,,,
84800,5.057868,1.1248583,,,,,,,,,,,,,,
84900,5.131648,1.1121399,,,,,,,,,,,,,,
85000,5.1336155,1.1190362,,,,,,,,,,,,,,
85100,5.1049232,1.1714637,,,,,,,,,,,,,,
85200,5.1672964,1.1475315,,,,,,,,,,,,,,
85300,5.2078657,1.0842106,,,,,,,,,,,,,,
85400,5.1842713,1.001267,,,,,,,,,,,,,,
85500,4.9956317,1.0982337,,,,,,,,,,,,,,
85600,4.8185906,1.0647669,,,,,,,,,,,,,,
85700,5.128811,1.0949414,,,,,,,,,,,,,,
85800,5.428458,1.1746182,,,,,,,,,,,,,,
85900,4.905691,1.0862361,,,,,,,,,,,,,,
86000,5.1351376,1.0044637,,,,,,,,,,,,,,
86100,4.895088,1.0311822,,,,,,,,,,,,,,
86200,4.9363236,1.0615873,,,,,,,,,,,,,,
86300,4.968416,1.0038542,,,,,,,,,,,,,,
86400,4.914965,1.0676205,,,,,,,,,,,,,,
86500,4.95278,1.0510683,,,,,,,,,,,,,,
86600,4.891544,1.1048496,,,,,,,,,,,,,,
86700,5.104548,1.0697541,,,,,,,,,,,,,,
86800,4.9594555,1.1157441,,,,,,,,,,,,,,
86900,5.217304,1.0510529,,,,,,,,,,,,,,
87000,4.825283,1.0595012,,,,,,,,,,,,,,
87100,5.501577,1.1701405,,,,,,,,,,,,,,
87200,4.979394,1.1018088,,,,,,,,,,,,,,
87300,5.2879033,1.0951746,,,,,,,,,,,,,,
87355,,,0.91770965,0.29734606,0.74516,1.0671043,50000.0,0.61770004,1.810064,10000.0,24004.91706252098,24312.900218486782,24004.91706252098,306.2893109321594,0.957449436187744,0.0
87400,5.0977516,1.0515035,,,,,,,,,,,,,,
87500,5.246205,1.099947,,,,,,,,,,,,,,
87600,5.357091,1.1811838,,,,,,,,,,,,,,
87700,4.914566,1.0151646,,,,,,,,,,,,,,
87800,5.027377,1.0556383,,,,,,,,,,,,,,
87900,4.883982,1.0394788,,,,,,,,,,,,,,
88000,5.2895484,1.1517365,,,,,,,,,,,,,,
88100,5.0524306,1.1103523,,,,,,,,,,,,,,
88200,4.8378644,1.0100265,,,,,,,,,,,,,,
88300,5.0970573,1.0487136,,,,,,,,,,,,,,
88400,5.1452136,1.0514528,,,,,,,,,,,,,,
88500,4.7927594,1.0134516,,,,,,,,,,,,,,
88600,4.7926226,1.0294077,,,,,,,,,,,,,,
88700,4.8259153,1.0267112,,,,,,,,,,,,,,
88800,5.055382,1.0820416,,,,,,,,,,,,,,
88900,5.1749544,1.0908921,,,,,,,,,,,,,,
89000,4.8789845,0.99366313,,,,,,,,,,,,,,
89100,5.2822742,1.0856448,,,,,,,,,,,,,,
89200,5.0983677,1.084774,,,,,,,,,,,,,,
89300,5.0236707,1.062845,,,,,,,,,,,,,,
89400,5.0673347,1.0222907,,,,,,,,,,,,,,
89500,4.9177947,1.0454509,,,,,,,,,,,,,,
89600,5.338257,1.0895845,,,,,,,,,,,,,,
89700,4.8083344,1.0991664,,,,,,,,,,,,,,
89800,5.2183833,1.036644,,,,,,,,,,,,,,
89900,4.8181887,0.9921645,,,,,,,,,,,,,,
90000,5.0216107,1.0244442,,,,,,,,,,,,,,
90100,4.8175554,1.0610619,,,,,,,,,,,,,,
90200,5.1616306,1.1447057,,,,,,,,,,,,,,
90300,5.0048814,1.0498487,,,,,,,,,,,,,,
90400,4.8665986,1.0832185,,,,,,,,,,,,,,
90500,4.859375,0.9749392,,,,,,,,,,,,,,
90600,4.931149,1.0548482,,,,,,,,,,,,,,
90700,4.776697,1.021838,,,,,,,,,,,,,,
90800,5.250413,1.1257505,,,,,,,,,,,,,,
90900,5.185441,1.1078361,,,,,,,,,,,,,,
91000,4.9399323,1.0587016,,,,,,,,,,,,,,
91100,4.8198285,1.0321552,,,,,,,,,,,,,,
91200,4.9391546,0.96417737,,,,,,,,,,,,,,
91300,5.0561547,1.0398767,,,,,,,,,,,,,,
91400,4.977958,1.0471257,,,,,,,,,,,,,,
91500,5.1691217,1.115098,,,,,,,,,,,,,,
91600,4.6810246,1.0649073,,,,,,,,,,,,,,
91700,5.0966735,1.1290011,,,,,,,,,,,,,,
91800,4.868501,0.9855282,,,,,,,,,,,,,,
91900,5.1647606,1.1254413,,,,,,,,,,,,,,
92000,4.8407583,0.98569465,,,,,,,,,,,,,,
92100,5.01301,1.1236386,,,,,,,,,,,,,,
92200,4.8962245,1.0489844,,,,,,,,,,,,,,
92300,4.9915276,1.1728959,,,,,,,,,,,,,,
92400,5.214747,1.0341139,,,,,,,,,,,,,,
92500,4.7870455,1.0341444,,,,,,,,,,,,,,
92600,5.005835,1.0730251,,,,,,,,,,,,,,
92700,4.9227657,0.9844891,,,,,,,,,,,,,,
92800,4.4291153,1.0079074,,,,,,,,,,,,,,
92900,5.145484,1.1472596,,,,,,,,,,,,,,
93000,4.8970795,0.99013895,,,,,,,,,,,,,,
93100,5.0369143,1.1062044,,,,,,,,,,,,,,
93200,5.0112185,1.0130475,,,,,,,,,,,,,,
93300,4.794944,1.1009881,,,,,,,,,,,,,,
93400,4.894553,1.0569959,,,,,,,,,,,,,,
93500,5.0442767,1.0316069,,,,,,,,,,,,,,
93600,4.9955688,1.0005443,,,,,,,,,,,,,,
93700,4.9283376,1.0297883,,,,,,,,,,,,,,
93800,5.0636277,1.0843534,,,,,,,,,,,,,,
93900,5.2170057,1.1089762,,,,,,,,,,,,,,
94000,5.0030417,1.0580289,,,,,,,,,,,,,,
94100,5.1496525,1.1499343,,,,,,,,,,,,,,
94200,5.1304965,1.0756166,,,,,,,,,,,,,,
94300,5.1413455,1.0891734,,,,,,,,,,,,,,
94400,4.663873,0.94402075,,,,,,,,,,,,,,
94500,5.062002,1.0581746,,,,,,,,,,,,,,
94600,5.0268836,1.0845748,,,,,,,,,,,,,,
94698,,,0.92386794,0.27556,0.74774,1.0638627,50000.0,0.62390006,1.803928,10000.0,26000.928428173065,26326.260948896408,26000.928428173065,323.49813055992126,1.0380325317382812,0.0
94700,4.693627,1.0532925,,,,,,,,,,,,,,
94800,4.8790636,1.016003,,,,,,,,,,,,,,
94900,5.0009675,1.0718858,,,,,,,,,,,,,,
95000,4.774776,1.0043113,,,,,,,,,,,,,,
95100,5.064756,0.9909855,,,,,,,,,,,,,,
95200,5.04247,1.0640533,,,,,,,,,,,,,,
95300,5.2491617,1.0565748,,,,,,,,,,,,,,
95400,4.9380903,1.0589238,,,,,,,,,,,,,,
95500,4.8582554,1.0276728,,,,,,,,,,,,,,
95600,4.7970166,0.98727024,,,,,,,,,,,,,,
95700,4.7960224,0.9915857,,,,,,,,,,,,,,
95800,5.291433,1.0377278,,,,,,,,,,,,,,
95900,4.8022504,0.9897312,,,,,,,,,,,,,,
96000,4.935361,1.0220089,,,,,,,,,,,,,,
96100,5.3254414,1.0311239,,,,,,,,,,,,,,
96200,5.1833153,1.0496181,,,,,,,,,,,,,,
96300,4.870697,1.0344524,,,,,,,,,,,,,,
96400,5.0404305,1.0631111,,,,,,,,,,,,,,
96500,4.83091,1.008145,,,,,,,,,,,,,,
96600,4.7763515,0.9766186,,,,,,,,,,,,,,
96700,5.2362986,1.1174023,,,,,,,,,,,,,,
96800,4.806175,0.98554134,,,,,,,,,,,,,,
96900,5.041355,1.0148332,,,,,,,,,,,,,,
97000,4.9553275,1.053122,,,,,,,,,,,,,,
97100,5.0150156,1.0621382,,,,,,,,,,,,,,
97200,4.979625,1.0493233,,,,,,,,,,,,,,
97300,4.83982,0.9834412,,,,,,,,,,,,,,
97400,5.010051,1.058475,,,,,,,,,,,,,,
97500,4.8802843,0.9604684,,,,,,,,,,,,,,
97600,5.3380075,1.0673964,,,,,,,,,,,,,,
97700,5.1830816,1.0756898,,,,,,,,,,,,,,
97800,5.1071963,1.0612581,,,,,,,,,,,,,,
97900,4.700421,0.97455084,,,,,,,,,,,,,,
98000,4.9569407,1.0125586,,,,,,,,,,,,,,
98100,5.098073,1.05747,,,,,,,,,,,,,,
98200,5.0887904,1.0867928,,,,,,,,,,,,,,
98300,4.7591677,1.0208321,,,,,,,,,,,,,,
98400,4.6556716,0.94731915,,,,,,,,,,,,,,
98500,4.9353023,1.1145344,,,,,,,,,,,,,,
98600,4.81157,0.9742432,,,,,,,,,,,,,,
98700,4.96876,1.1077399,,,,,,,,,,,,,,
98800,5.05328,1.0617077,,,,,,,,,,,,,,
98900,5.2112193,1.0467436,,,,,,,,,,,,,,
99000,4.9541235,1.0032667,,,,,,,,,,,,,,
99100,5.0756226,1.0120888,,,,,,,,,,,,,,
99200,5.284984,1.0593984,,,,,,,,,,,,,,
99300,4.8177257,1.0274234,,,,,,,,,,,,,,
99400,5.198251,1.1574572,,,,,,,,,,,,,,
99500,5.057433,1.056795,,,,,,,,,,,,,,
99600,4.997857,1.0588295,,,,,,,,,,,,,,
99700,4.876481,1.0050924,,,,,,,,,,,,,,
99800,5.173836,1.0776651,,,,,,,,,,,,,,
99900,5.2548685,1.0590458,,,,,,,,,,,,,,
100000,5.156539,1.1239816,,,,,,,,,,,,,,
100100,5.16653,1.0208285,,,,,,,,,,,,,,
100200,4.9408674,1.0144651,,,,,,,,,,,,,,
100300,4.800275,0.96245486,,,,,,,,,,,,,,
100400,4.9288063,1.0362462,,,,,,,,,,,,,,
100500,4.8990483,1.0363548,,,,,,,,,,,,,,
100600,5.029214,1.006575,,,,,,,,,,,,,,
100700,4.964037,0.99814105,,,,,,,,,,,,,,
100800,4.9812393,1.0644646,,,,,,,,,,,,,,
100900,4.9718704,1.0404979,,,,,,,,,,,,,,
101000,4.823515,1.0598025,,,,,,,,,,,,,,
101100,4.8747244,1.0838131,,,,,,,,,,,,,,
101200,5.0090356,1.0701756,,,,,,,,,,,,,,
101300,4.9794297,1.1795549,,,,,,,,,,,,,,
101400,5.269401,1.046438,,,,,,,,,,,,,,
101500,4.926763,1.0811281,,,,,,,,,,,,,,
101600,5.1639876,1.167918,,,,,,,,,,,,,,
101700,5.0663304,1.1171288,,,,,,,,,,,,,,
101800,4.916523,1.027451,,,,,,,,,,,,,,
101900,5.014158,1.1123002,,,,,,,,,,,,,,
102000,4.9470153,1.1072767,,,,,,,,,,,,,,
102041,,,0.92610013,0.263924,0.74884,1.0614623,50000.0,0.62560004,1.8158712,10000.0,27996.96565246582,28339.422913074493,27996.96565246582,340.46144580841064,1.1386680603027344,0.0
102100,5.19464,1.0292339,,,,,,,,,,,,,,
102200,4.5058,1.0268661,,,,,,,,,,,,,,
102300,5.007357,1.1097945,,,,,,,,,,,,,,
102400,4.7833037,1.0392442,,,,,,,,,,,,,,
102500,4.8727345,0.9921415,,,,,,,,,,,,,,
102600,5.075995,1.1613836,,,,,,,,,,,,,,
102700,4.865533,0.95260286,,,,,,,,,,,,,,
102800,4.7191114,1.0490633,,,,,,,,,,,,,,
102900,5.2355456,1.0883257,,,,,,,,,,,,,,
103000,4.6371264,0.99037015,,,,,,,,,,,,,,
103100,4.9272466,1.0158582,,,,,,,,,,,,,,
103200,4.8191514,0.97462726,,,,,,,,,,,,,,
103300,5.181046,1.0077149,,,,,,,,,,,,,,
103400,5.09024,1.0510325,,,,,,,,,,,,,,
103500,4.667335,0.9786436,,,,,,,,,,,,,,
103600,4.9911566,1.1562022,,,,,,,,,,,,,,
103700,4.8340354,1.0048907,,,,,,,,,,,,,,
103800,4.8868656,1.0323645,,,,,,,,,,,,,,
103900,5.111143,1.0319036,,,,,,,,,,,,,,
104000,5.1215153,1.0809404,,,,,,,,,,,,,,
104100,5.078838,1.0866224,,,,,,,,,,,,,,
104200,4.8785024,1.0404222,,,,,,,,,,,,,,
104300,4.8603005,0.99796855,,,,,,,,,,,,,,
104400,4.9924264,1.0561574,,,,,,,,,,,,,,
104500,4.977813,1.0323873,,,,,,,,,,,,,,
104600,4.9678082,1.0720525,,,,,,,,,,,,,,
104700,4.823158,1.0309654,,,,,,,,,,,,,,
104800,4.807141,0.96661556,,,,,,,,,,,,,,
104900,5.031479,1.1361864,,,,,,,,,,,,,,
105000,5.0175586,1.0930138,,,,,,,,,,,,,,
105100,4.7655325,0.9212458,,,,,,,,,,,,,,
105200,4.807983,1.0355906,,,,,,,,,,,,,,
105300,4.958457,1.0513955,,,,,,,,,,,,,,
105400,4.958673,1.0388975,,,,,,,,,,,,,,
105500,4.9926014,1.1168697,,,,,,,,,,,,,,
105600,5.2135816,1.0397773,,,,,,,,,,,,,,
105700,4.998309,1.0949835,,,,,,,,,,,,,,
105800,4.99978,1.030216,,,,,,,,,,,,,,
105900,5.054822,1.0754842,,,,,,,,,,,,,,
106000,5.218052,1.0089396,,,,,,,,,,,,,,
106100,4.9512134,0.96783334,,,,,,,,,,,,,,
106200,4.7244763,1.02636,,,,,,,,,,,,,,
106300,5.077476,1.0413904,,,,,,,,,,,,,,
106400,4.756595,0.98946196,,,,,,,,,,,,,,
106500,5.2148366,1.0083907,,,,,,,,,,,,,,
106600,5.118247,1.0497236,,,,,,,,,,,,,,
106700,4.7116284,0.9605366,,,,,,,,,,,,,,
106800,4.7941628,1.0743898,,,,,,,,,,,,,,
106900,4.7510495,0.9680519,,,,,,,,,,,,,,
107000,5.1088405,0.9592731,,,,,,,,,,,,,,
107100,4.834385,0.97289336,,,,,,,,,,,,,,
107200,4.594396,0.9436825,,,,,,,,,,,,,,
107300,5.058049,1.00483,,,,,,,,,,,,,,
107400,5.052407,0.9749428,,,,,,,,,,,,,,
107500,5.125332,1.0057857,,,,,,,,,,,,,,
107600,5.085574,1.1062045,,,,,,,,,,,,,,
107700,4.864753,1.0218298,,,,,,,,,,,,,,
107800,4.8661304,0.9534983,,,,,,,,,,,,,,
107900,4.7418337,1.0419351,,,,,,,,,,,,,,
108000,5.0097766,1.1134341,,,,,,,,,,,,,,
108100,4.9885483,1.067793,,,,,,,,,,,,,,
108200,4.780474,1.0237528,,,,,,,,,,,,,,
108300,4.6020923,0.9573655,,,,,,,,,,,,,,
108400,5.1515923,1.058415,,,,,,,,,,,,,,
108500,5.3900375,1.1266243,,,,,,,,,,,,,,
108600,5.1278157,1.0788652,,,,,,,,,,,,,,
108700,4.837026,1.0168812,,,,,,,,,,,,,,
108800,5.074103,0.9916492,,,,,,,,,,,,,,
108900,4.9918494,0.98364013,,,,,,,,,,,,,,
109000,4.8226333,0.9902592,,,,,,,,,,,,,,
109100,4.9695234,1.058871,,,,,,,,,,,,,,
109200,4.868171,1.0034328,,,,,,,,,,,,,,
109300,4.7133036,1.026907,,,,,,,,,,,,,,
109385,,,0.92875075,0.25364253,0.74917996,1.0621685,50000.0,0.6247,1.8259393,10000.0,29992.987577676773,30352.131969690323,29992.987577676773,356.9961848258972,1.2308220863342283,0.0
109400,5.2348313,1.1001807,,,,,,,,,,,,,,
109500,4.930594,1.1189114,,,,,,,,,,,,,,
109600,4.9520726,1.0543146,,,,,,,,,,,,,,
109700,4.6407294,0.9559883,,,,,,,,,,,,,,
109800,5.113949,1.0318955,,,,,,,,,,,,,,
109900,4.765798,1.0029259,,,,,,,,,,,,,,
110000,4.6172915,0.9675229,,,,,,,,,,,,,,
110100,5.24591,1.1291244,,,,,,,,,,,,,,
110200,5.056058,1.0377561,,,,,,,,,,,,,,
110300,5.0338597,1.0564257,,,,,,,,,,,,,,
110400,4.7949905,0.9899466,,,,,,,,,,,,,,
110500,5.125531,1.1509652,,,,,,,,,,,,,,
110600,4.7334247,0.9854486,,,,,,,,,,,,,,
110700,4.972172,1.0286688,,,,,,,,,,,,,,
110800,4.7240214,1.0347086,,,,,,,,,,,,,,
110900,4.8691745,1.0984966,,,,,,,,,,,,,,
111000,5.132299,1.0674545,,,,,,,,,,,,,,
111100,4.818722,1.0622486,,,,,,,,,,,,,,
111200,4.6605816,1.0363317,,,,,,,,,,,,,,
111300,4.924393,1.0118135,,,,,,,,,,,,,,
111400,4.616435,0.90294594,,,,,,,,,,,,,,
111500,4.723529,0.94644713,,,,,,,,,,,,,,
111600,4.776853,1.0272933,,,,,,,,,,,,,,
111700,4.8473682,0.99464464,,,,,,,,,,,,,,
111800,4.9072566,0.9636017,,,,,,,,,,,,,,
111900,5.050286,1.0265753,,,,,,,,,,,,,,
112000,4.8694897,0.95947456,,,,,,,,,,,,,,
112100,4.8143387,0.904479,,,,,,,,,,,,,,
112200,4.674604,0.9967349,,,,,,,,,,,,,,
112300,4.9032855,0.9686718,,,,,,,,,,,,,,
112400,4.7228117,0.97188795,,,,,,,,,,,,,,
112500,5.4833694,1.0364016,,,,,,,,,,,,,,
112600,4.9437103,1.0585965,,,,,,,,,,,,,,
112700,4.987496,0.9870589,,,,,,,,,,,,,,
112800,4.9293523,0.9841918,,,,,,,,,,,,,,
112900,5.026013,1.0115678,,,,,,,,,,,,,,
113000,4.750325,1.0415901,,,,,,,,,,,,,,
113100,5.075703,1.0444106,,,,,,,,,,,,,,
113200,5.1262493,1.0597551,,,,,,,,,,,,,,
113300,4.6441174,1.0029048,,,,,,,,,,,,,,
113400,4.862545,0.96392566,,,,,,,,,,,,,,
113500,5.0335116,0.99847686,,,,,,,,,,,,,,
113600,5.020736,1.0135154,,,,,,,,,,,,,,
113700,4.870365,1.0113881,,,,,,,,,,,,,,
113800,5.060054,0.9979097,,,,,,,,,,,,,,
113900,4.447242,0.8935201,,,,,,,,,,,,,,
114000,4.9159656,1.0460951,,,,,,,,,,,,,,
114100,5.042156,1.029845,,,,,,,,,,,,,,
114200,4.8257475,0.9783709,,,,,,,,,,,,,,
114300,4.8509827,1.0407823,,,,,,,,,,,,,,
114400,4.737437,0.96477956,,,,,,,,,,,,,,
114500,4.807081,1.0242567,,,,,,,,,,,,,,
114600,5.192072,1.0884548,,,,,,,,,,,,,,
114700,4.9416337,0.9405542,,,,,,,,,,,,,,
114800,5.0151114,1.0538872,,,,,,,,,,,,,,
114900,5.0864587,0.9753002,,,,,,,,,,,,,,
115000,4.8894277,0.9397754,,,,,,,,,,,,,,
115100,4.955015,1.0586708,,,,,,,,,,,,,,
115200,4.9545507,0.95696664,,,,,,,,,,,,,,
115300,4.8845787,1.0643097,,,,,,,,,,,,,,
115400,4.894837,0.9695751,,,,,,,,,,,,,,
115500,5.1270804,1.0177755,,,,,,,,,,,,,,
115600,4.726414,1.050648,,,,,,,,,,,,,,
115700,5.1024523,1.1116062,,,,,,,,,,,,,,
115800,4.768646,0.99271965,,,,,,,,,,,,,,
115900,4.8240514,0.95284307,,,,,,,,,,,,,,
116000,5.0066853,1.0425813,,,,,,,,,,,,,,
116100,5.072756,1.0347421,,,,,,,,,,,,,,
116200,4.8921885,1.0289825,,,,,,,,,,,,,,
116300,5.106132,1.048294,,,,,,,,,,,,,,
116400,4.7263284,0.9641531,,,,,,,,,,,,,,
116500,5.116253,1.0062456,,,,,,,,,,,,,,
116600,5.0180497,0.9801557,,,,,,,,,,,,,,
116700,4.7904305,0.9435323,,,,,,,,,,,,,,
116730,,,0.9323382,0.23542856,0.75158,1.0637244,50000.0,0.62320006,1.8310074,10000.0,31988.944032669067,32364.69255375862,31988.944032669067,373.45445227622986,1.3163821697235107,0.0
116800,5.058164,1.1141021,,,,,,,,,,,,,,
116900,4.6021156,0.89615524,,,,,,,,,,,,,,
117000,4.8863597,1.0001277,,,,,,,,,,,,,,
117100,4.854357,0.96662927,,,,,,,,,,,,,,
117200,4.912862,1.0565217,,,,,,,,,,,,,,
117300,5.0488625,0.9992229,,,,,,,,,,,,,,
117400,5.0836663,1.0276873,,,,,,,,,,,,,,
117500,4.7971,1.0006671,,,,,,,,,,,,,,
117600,5.0136633,1.0083143,,,,,,,,,,,,,,
117700,5.1143837,1.0651369,,,,,,,,,,,,,,
117800,5.0757422,1.0506208,,,,,,,,,,,,,,
117900,4.777499,0.9389282,,,,,,,,,,,,,,
118000,5.148337,0.9814032,,,,,,,,,,,,,,
118100,4.9703383,1.0472642,,,,,,,,,,,,,,
118200,5.1083775,1.1723076,,,,,,,,,,,,,,
118300,4.8009486,0.9654536,,,,,,,,,,,,,,
118400,5.000364,1.0014459,,,,,,,,,,,,,,
118500,5.2069716,1.0721127,,,,,,,,,,,,,,
118600,4.5182576,0.8723966,,,,,,,,,,,,,,
118700,4.735733,0.9893472,,,,,,,,,,,,,,
118800,5.0466027,1.0019222,,,,,,,,,,,,,,
118900,4.9744225,0.9600452,,,,,,,,,,,,,,
119000,5.0243707,1.0479531,,,,,,,,,,,,,,
119100,4.823196,1.0052922,,,,,,,,,,,,,,
119200,4.7286587,0.9682378,,,,,,,,,,,,,,
119300,5.0776014,1.0624882,,,,,,,,,,,,,,
119400,4.8815994,1.0165335,,,,,,,,,,,,,,
119500,5.049524,1.0844213,,,,,,,,,,,,,,
119600,4.885378,0.9741007,,,,,,,,,,,,,,
119700,4.72387,0.9625809,,,,,,,,,,,,,,
119800,4.6406755,0.9327687,,,,,,,,,,,,,,
119900,4.854035,1.0233195,,,,,,,,,,,,,,
120000,4.9385376,1.0610573,,,,,,,,,,,,,,
120100,4.4484825,0.92294675,,,,,,,,,,,,,,
120200,5.0706887,1.0384319,,,,,,,,,,,,,,
120300,4.8398023,1.0440873,,,,,,,,,,,,,,
120400,5.24093,1.1075561,,,,,,,,,,,,,,
120500,4.813676,1.0089457,,,,,,,,,,,,,,
120600,4.8057346,1.0223192,,,,,,,,,,,,,,
120700,4.9129233,0.9996053,,,,,,,,,,,,,,
120800,4.7973356,0.94763374,,,,,,,,,,,,,,
120900,4.8511796,0.959785,,,,,,,,,,,,,,
121000,4.582059,0.92401785,,,,,,,,,,,,,,
121100,4.771093,0.95533156,,,,,,,,,,,,,,
121200,4.553656,0.8787551,,,,,,,,,,,,,,
121300,5.071834,1.0178807,,,,,,,,,,,,,,
121400,4.551285,0.9243762,,,,,,,,,,,,,,
121500,4.689865,0.9188968,,,,,,,,,,,,,,
121600,5.0134535,1.0483177,,,,,,,,,,,,,,
121700,4.9960885,0.9939717,,,,,,,,,,,,,,
121800,4.788775,0.96672726,,,,,,,,,,,,,,
121900,5.1825504,1.1659981,,,,,,,,,,,,,,
122000,4.992772,0.9730014,,,,,,,,,,,,,,
122100,4.868677,0.97517884,,,,,,,,,,,,,,
122200,4.906267,1.0184408,,,,,,,,,,,,,,
122300,4.791966,1.0067617,,,,,,,,,,,,,,
122400,4.8009233,1.0279536,,,,,,,,,,,,,,
122500,4.5786443,0.9688811,,,,,,,,,,,,,,
122600,4.831005,0.9854666,,,,,,,,,,,,,,
122700,5.316128,1.0368689,,,,,,,,,,,,,,
122800,4.913705,1.0041659,,,,,,,,,,,,,,
122900,4.8303394,1.0465508,,,,,,,,,,,,,,
123000,4.9981833,1.0761564,,,,,,,,,,,,,,
123100,4.575785,0.93180746,,,,,,,,,,,,,,
123200,4.7923474,1.0038381,,,,,,,,,,,,,,
123300,5.0051494,1.0165058,,,,,,,,,,,,,,
123400,5.071453,1.0671258,,,,,,,,,,,,,,
123500,4.9328895,1.0281146,,,,,,,,,,,,,,
123600,5.0653205,0.98437834,,,,,,,,,,,,,,
123700,4.647601,1.0230827,,,,,,,,,,,,,,
123800,4.587741,0.8665547,,,,,,,,,,,,,,
123900,4.7294035,0.9145936,,,,,,,,,,,,,,
124000,5.0896106,1.1211617,,,,,,,,,,,,,,
124073,,,0.9353077,0.22499812,0.75262,1.0646015,50000.0,0.6204,1.841354,10000.0,33984.88090109825,34377.29505729675,33984.88090109825,389.9751641750336,1.4011025428771973,0.0
124100,4.90412,1.0710865,,,,,,,,,,,,,,
124200,5.013574,1.0300567,,,,,,,,,,,,,,
124300,5.103557,1.0337012,,,,,,,,,,,,,,
124400,4.727961,0.98254496,,,,,,,,,,,,,,
124500,4.8422155,1.0115368,,,,,,,,,,,,,,
124600,4.693527,0.95075804,,,,,,,,,,,,,,
124700,5.043553,1.0446074,,,,,,,,,,,,,,
124800,4.6015024,0.9795895,,,,,,,,,,,,,,
124900,5.110959,1.0955064,,,,,,,,,,,,,,
125000,4.5604024,0.8917099,,,,,,,,,,,,,,
125100,5.111226,1.052516,,,,,,,,,,,,,,
125200,4.754488,0.9881223,,,,,,,,,,,,,,
125300,5.047731,1.006107,,,,,,,,,,,,,,
125400,4.849313,0.97017497,,,,,,,,,,,,,,
125500,4.915461,0.9795525,,,,,,,,,,,,,,
125600,4.9183917,0.9865906,,,,,,,,,,,,,,
125700,4.7072315,0.90208185,,,,,,,,,,,,,,
125800,4.5774155,0.91907454,,,,,,,,,,,,,,
125900,4.9211116,0.98011744,,,,,,,,,,,,,,
126000,4.858335,0.9574331,,,,,,,,,,,,,,
126100,4.9719954,1.0022038,,,,,,,,,,,,,,
126200,4.8386803,0.9495888,,,,,,,,,,,,,,
126300,4.9377346,1.0443426,,,,,,,,,,,,,,
126400,4.9272757,1.0065415,,,,,,,,,,,,,,
126500,5.1082454,1.0423999,,,,,,,,,,,,,,
126600,5.105606,1.0658726,,,,,,,,,,,,,,
126700,5.0367675,1.0083176,,,,,,,,,,,,,,
126800,4.439278,0.89484155,,,,,,,,,,,,,,
126900,4.881546,0.9459068,,,,,,,,,,,,,,
127000,5.1555777,1.024979,,,,,,,,,,,,,,
127100,4.884429,1.0642575,,,,,,,,,,,,,,
127200,4.8060207,1.0288459,,,,,,,,,,,,,,
127300,4.8728867,1.0134963,,,,,,,,,,,,,,
127400,5.0273695,1.0318619,,,,,,,,,,,,,,
127500,4.590577,0.9203293,,,,,,,,,,,,,,
127600,5.278386,1.0394244,,,,,,,,,,,,,,
127700,5.1578717,1.0766532,,,,,,,,,,,,,,
127800,4.8064275,1.0104269,,,,,,,,,,,,,,
127900,4.6697526,0.90743905,,,,,,,,,,,,,,
128000,4.722379,0.9568478,,,,,,,,,,,,,,
128100,5.0409074,1.0083115,,,,,,,,,,,,,,
128200,4.9026337,0.9492679,,,,,,,,,,,,,,
128300,4.7220936,0.91671383,,,,,,,,,,,,,,
128400,4.942288,0.9436629,,,,,,,,,,,,,,
128500,4.8705344,0.9054669,,,,,,,,,,,,,,
128600,5.3379855,1.0598179,,,,,,,,,,,,,,
128700,4.8946424,1.0096247,,,,,,,,,,,,,,
128800,5.057863,1.0513979,,,,,,,,,,,,,,
128900,5.086898,1.0361562,,,,,,,,,,,,,,
129000,4.848766,0.94806194,,,,,,,,,,,,,,
129100,5.1216016,1.0108649,,,,,,,,,,,,,,
129200,4.9563875,0.98085433,,,,,,,,,,,,,,
129300,4.840983,0.92681026,,,,,,,,,,,,,,
129400,4.6216817,0.9635359,,,,,,,,,,,,,,
129500,4.726378,0.9992663,,,,,,,,,,,,,,
129600,4.91876,1.0646186,,,,,,,,,,,,,,
129700,5.0607777,1.0052297,,,,,,,,,,,,,,
129800,4.991242,1.0191779,,,,,,,,,,,,,,
129900,4.7921395,0.96400124,,,,,,,,,,,,,,
130000,5.175104,1.0370746,,,,,,,,,,,,,,
130100,4.8863106,1.0151569,,,,,,,,,,,,,,
130200,4.4229126,0.87507904,,,,,,,,,,,,,,
130300,4.9773583,0.99823207,,,,,,,,,,,,,,
130400,5.1935515,0.98972654,,,,,,,,,,,,,,
130500,4.7157626,0.94199526,,,,,,,,,,,,,,
130600,4.887788,0.9492421,,,,,,,,,,,,,,
130700,4.7949977,0.9541129,,,,,,,,,,,,,,
130800,4.951525,0.8908832,,,,,,,,,,,,,,
130900,4.6709948,0.9170785,,,,,,,,,,,,,,
131000,5.0376043,0.9877687,,,,,,,,,,,,,,
131100,5.1962104,0.99804807,,,,,,,,,,,,,,
131200,5.0189686,1.069883,,,,,,,,,,,,,,
131300,4.878317,1.0382631,,,,,,,,,,,,,,
131400,4.54462,0.93464243,,,,,,,,,,,,,,
131416,,,0.93769926,0.21849291,0.75236,1.0655642,50000.0,0.6225,1.8407513,10000.0,35980.86967778206,36390.460955142975,35980.86967778206,406.9744417667389,1.5179433822631836,0.0
131500,5.0886397,1.0706193,,,,,,,,,,,,,,
131600,5.1387615,0.967534,,,,,,,,,,,,,,
131700,4.586669,0.9584569,,,,,,,,,,,,,,
131800,4.8780785,0.906736,,,,,,,,,,,,,,
131900,4.727521,0.93615913,,,,,,,,,,,,,,
132000,5.078022,1.0110633,,,,,,,,,,,,,,
132100,4.602767,0.9133206,,,,,,,,,,,,,,
132200,5.0877357,1.05952,,,,,,,,,,,,,,
132300,5.015708,1.0624228,,,,,,,,,,,,,,
132400,5.203807,1.1299235,,,,,,,,,,,,,,
132500,4.7672505,0.9881996,,,,,,,,,,,,,,
132600,4.9464,0.9914063,,,,,,,,,,,,,,
132700,4.8805165,0.98372424,,,,,,,,,,,,,,
132800,5.0567007,1.0083163,,,,,,,,,,,,,,
132900,4.950362,0.9591641,,,,,,,,,,,,,,
133000,4.7483854,0.99336624,,,,,,,,,,,,,,
133100,4.9138,0.9482782,,,,,,,,,,,,,,
133200,5.2398896,1.0672082,,,,,,,,,,,,,,
133300,4.552189,0.8705334,,,,,,,,,,,,,,
133400,5.0079794,0.9735894,,,,,,,,,,,,,,
133500,4.846745,1.0085042,,,,,,,,,,,,,,
133600,5.1077037,1.0288717,,,,,,,,,,,,,,
133700,4.778578,0.90144175,,,,,,,,,,,,,,
133800,5.042674,0.99185073,,,,,,,,,,,,,,
133900,4.563719,0.9624825,,,,,,,,,,,,,,
134000,5.289569,1.0520306,,,,,,,,,,,,,,
134100,5.2631087,1.0118895,,,,,,,,,,,,,,
134200,5.188028,0.9524095,,,,,,,,,,,,,,
134300,4.824307,0.90941817,,,,,,,,,,,,,,
134400,4.7419534,0.98998934,,,,,,,,,,,,,,
134500,4.7022276,0.96418285,,,,,,,,,,,,,,
134600,4.959469,1.0700668,,,,,,,,,,,,,,
134700,4.677529,0.9067064,,,,,,,,,,,,,,
134800,4.879041,0.9351679,,,,,,,,,,,,,,
134900,4.9359355,0.9611467,,,,,,,,,,,,,,
135000,4.7786307,1.0016526,,,,,,,,,,,,,,
135100,4.9902296,0.9433571,,,,,,,,,,,,,,
135200,4.8418036,0.95233035,,,,,,,,,,,,,,
135300,4.9189725,0.9787647,,,,,,,,,,,,,,
135400,4.9379277,0.99824446,,,,,,,,,,,,,,
135500,4.7957726,0.96068805,,,,,,,,,,,,,,
135600,5.1841445,1.0150197,,,,,,,,,,,,,,
135700,4.9419246,1.041625,,,,,,,,,,,,,,
135800,4.8542867,0.9621334,,,,,,,,,,,,,,
135900,5.03642,0.99283564,,,,,,,,,,,,,,
136000,5.054364,0.9925579,,,,,,,,,,,,,,
136100,4.8164315,0.94270754,,,,,,,,,,,,,,
136200,5.158205,1.02107,,,,,,,,,,,,,,
136300,4.8634424,0.9541996,,,,,,,,,,,,,,
136400,4.8682413,1.0016092,,,,,,,,,,,,,,
136500,4.835646,0.93454397,,,,,,,,,,,,,,
136600,4.9436245,1.0194058,,,,,,,,,,,,,,
136700,4.834544,0.94948596,,,,,,,,,,,,,,
136800,4.5880737,0.92475367,,,,,,,,,,,,,,
136900,4.9317946,0.99072695,,,,,,,,,,,,,,
137000,4.7867675,0.93963873,,,,,,,,,,,,,,
137100,5.002503,0.98967505,,,,,,,,,,,,,,
137200,4.862489,0.99883294,,,,,,,,,,,,,,
137300,4.7334523,0.94922614,,,,,,,,,,,,,,
137400,4.9575067,1.0370059,,,,,,,,,,,,,,
137500,5.0346665,0.9804816,,,,,,,,,,,,,,
137600,4.8184133,0.94082415,,,,,,,,,,,,,,
137700,4.968624,1.0151206,,,,,,,,,,,,,,
137800,5.628589,1.081491,,,,,,,,,,,,,,
137900,4.9722,1.0177054,,,,,,,,,,,,,,
138000,4.9698796,0.9964391,,,,,,,,,,,,,,
138100,5.289172,1.0258731,,,,,,,,,,,,,,
138200,4.578671,0.9587173,,,,,,,,,,,,,,
138300,4.61826,0.9105335,,,,,,,,,,,,,,
138400,5.059256,1.0101199,,,,,,,,,,,,,,
138500,4.6692634,0.9378335,,,,,,,,,,,,,,
138600,5.096709,1.0881262,,,,,,,,,,,,,,
138700,4.747694,1.04204,,,,,,,,,,,,,,
138762,,,0.938636,0.20914964,0.75232,1.0671511,50000.0,0.6244,1.843589,10000.0,37976.824387311935,38404.54493522644,37976.824387311935,424.9661509990692,1.5933632850646973,0.0
138800,4.8302627,0.99876606,,,,,,,,,,,,,,
138900,5.062754,1.000149,,,,,,,,,,,,,,
139000,5.082733,1.0084928,,,,,,,,,,,,,,
139100,4.9176564,1.0220984,,,,,,,,,,,,,,
139200,4.9178123,0.9034224,,,,,,,,,,,,,,
139300,5.072746,0.979749,,,,,,,,,,,,,,
139400,4.9329166,0.98565567,,,,,,,,,,,,,,
139500,4.877618,0.87449306,,,,,,,,,,,,,,
139600,4.890472,0.9570766,,,,,,,,,,,,,,
139700,5.0336804,1.0259199,,,,,,,,,,,,,,
139800,4.8856273,1.0002995,,,,,,,,,,,,,,
139900,4.8528285,0.98557657,,,,,,,,,,,,,,
140000,4.849849,0.93896043,,,,,,,,,,,,,,
140100,4.5446925,0.8365566,,,,,,,,,,,,,,
140200,5.138385,0.95271194,,,,,,,,,,,,,,
140300,4.9391665,0.9609529,,,,,,,,,,,,,,
140400,4.575943,0.9180655,,,,,,,,,,,,,,
140500,5.137376,1.0176935,,,,,,,,,,,,,,
140600,4.7194877,0.98321104,,,,,,,,,,,,,,
140700,4.964006,0.8979731,,,,,,,,,,,,,,
140800,4.699599,0.95533264,,,,,,,,,,,,,,
140900,4.97071,0.98510784,,,,,,,,,,,,,,
141000,4.874389,1.0389053,,,,,,,,,,,,,,
141100,5.419908,1.0769441,,,,,,,,,,,,,,
141200,4.892149,0.9373799,,,,,,,,,,,,,,
141300,4.7014446,0.91416323,,,,,,,,,,,,,,
141400,4.8168297,1.0342016,,,,,,,,,,,,,,
141500,4.506456,0.88624763,,,,,,,,,,,,,,
141600,4.774015,0.9959376,,,,,,,,,,,,,,
141700,4.9900346,1.0020654,,,,,,,,,,,,,,
141800,4.6848526,0.89571357,,,,,,,,,,,,,,
141900,5.060371,0.98619163,,,,,,,,,,,,,,
142000,4.949754,0.9884819,,,,,,,,,,,,,,
142100,5.142743,1.0455579,,,,,,,,,,,,,,
142200,4.8903666,0.9067081,,,,,,,,,,,,,,
142300,4.8211045,0.95696354,,,,,,,,,,,,,,
142400,4.8020053,0.955529,,,,,,,,,,,,,,
142500,4.81696,0.98615813,,,,,,,,,,,,,,
142600,4.727747,0.91758335,,,,,,,,,,,,,,
142700,4.7272444,0.97132784,,,,,,,,,,,,,,
142800,4.8808794,0.97412324,,,,,,,,,,,,,,
142900,5.1075196,1.0755396,,,,,,,,,,,,,,
143000,4.6922345,0.950009,,,,,,,,,,,,,,
143100,4.907933,0.94355786,,,,,,,,,,,,,,
143200,4.9531455,0.9192234,,,,,,,,,,,,,,
143300,5.0979404,1.0366869,,,,,,,,,,,,,,
143400,4.9416885,1.0639977,,,,,,,,,,,,,,
143500,4.9455767,0.971636,,,,,,,,,,,,,,
143600,5.3120346,1.1513004,,,,,,,,,,,,,,
143700,4.6073055,0.86043525,,,,,,,,,,,,,,
143800,4.9731174,0.9257693,,,,,,,,,,,,,,
143900,4.9907684,1.026926,,,,,,,,,,,,,,
144000,4.9030795,0.9511043,,,,,,,,,,,,,,
144100,5.007539,1.066461,,,,,,,,,,,,,,
144200,5.338954,1.0264204,,,,,,,,,,,,,,
144300,4.8471565,0.9169592,,,,,,,,,,,,,,
144400,4.8804016,0.9410931,,,,,,,,,,,,,,
144500,5.097627,0.968572,,,,,,,,,,,,,,
144600,4.820202,0.94998777,,,,,,,,,,,,,,
144700,4.7854805,0.97705746,,,,,,,,,,,,,,
144800,4.6690817,0.9857913,,,,,,,,,,,,,,
144900,4.6305985,0.89653945,,,,,,,,,,,,,,
145000,5.0733294,0.99987066,,,,,,,,,,,,,,
145100,4.9880843,0.94020706,,,,,,,,,,,,,,
145200,5.1656437,0.97987854,,,,,,,,,,,,,,
145300,4.8895454,0.97548765,,,,,,,,,,,,,,
145400,4.9120507,0.94460654,,,,,,,,,,,,,,
145500,5.0039463,0.972016,,,,,,,,,,,,,,
145600,4.8419895,0.92663133,,,,,,,,,,,,,,
145700,5.0626793,0.9196958,,,,,,,,,,,,,,
145800,4.7233663,0.9329549,,,,,,,,,,,,,,
145900,4.674619,0.90598094,,,,,,,,,,,,,,
146000,5.1399636,1.0002278,,,,,,,,,,,,,,
146100,4.9825883,0.9433949,,,,,,,,,,,,,,
146109,,,0.9416255,0.20841375,0.75446,1.0689094,50000.0,0.6243,1.8404001,10000.0,39972.9033203125,40417.645072460175,39972.9033203125,441.8562512397766,1.663456678390503,0.0
146200,5.1771293,0.95050955,,,,,,,,,,,,,,
146300,5.0469275,0.9485172,,,,,,,,,,,,,,
146400,4.7286544,0.9205677,,,,,,,,,,,,,,
146500,4.787417,0.9554645,,,,,,,,,,,,,,
146600,4.85239,0.9383794,,,,,,,,,,,,,,
146700,5.0472775,0.97994727,,,,,,,,,,,,,,
146800,5.20216,1.0359315,,,,,,,,,,,,,,
146900,5.1472573,1.1037126,,,,,,,,,,,,,,
147000,4.9221945,0.99593675,,,,,,,,,,,,,,
147100,5.1036997,1.0427465,,,,,,,,,,,,,,
147200,4.762745,0.882336,,,,,,,,,,,,,,
147300,4.91698,0.99133694,,,,,,,,,,,,,,
147400,5.0778794,1.0081238,,,,,,,,,,,,,,
147500,5.049916,0.95021206,,,,,,,,,,,,,,
147600,5.033355,1.0296949,,,,,,,,,,,,,,
147700,4.9608307,0.96489763,,,,,,,,,,,,,,
147800,5.0548706,0.9029404,,,,,,,,,,,,,,
147900,5.1977944,1.049598,,,,,,,,,,,,,,
148000,4.570599,0.9002726,,,,,,,,,,,,,,
148100,5.322536,1.1134646,,,,,,,,,,,,,,
148200,5.008724,1.0780854,,,,,,,,,,,,,,
148300,5.1091356,0.9403415,,,,,,,,,,,,,,
148400,5.1788487,0.9662757,,,,,,,,,,,,,,
148500,5.0173764,1.0300499,,,,,,,,,,,,,,
148600,4.843363,0.95586395,,,,,,,,,,,,,,
148700,4.9266505,1.0203011,,,,,,,,,,,,,,
148800,4.955293,0.92261064,,,,,,,,,,,,,,
148900,5.4182796,0.97092456,,,,,,,,,,,,,,
149000,4.9653854,0.88760203,,,,,,,,,,,,,,
149100,5.2257767,1.0049226,,,,,,,,,,,,,,
149200,5.0092916,1.0167898,,,,,,,,,,,,,,
149300,4.9975066,0.9744384,,,,,,,,,,,,,,
149400,5.0499043,1.0428187,,,,,,,,,,,,,,
149500,5.0106153,1.0024431,,,,,,,,,,,,,,
149600,4.984417,1.0371563,,,,,,,,,,,,,,
149700,4.9696736,0.93948764,,,,,,,,,,,,,,
149800,5.1355553,1.0106329,,,,,,,,,,,,,,
149900,5.011598,0.95885307,,,,,,,,,,,,,,
150000,5.10773,0.94521606,,,,,,,,,,,,,,
150100,4.9576225,0.93740666,,,,,,,,,,,,,,
150200,4.710915,0.9575833,,,,,,,,,,,,,,
150300,5.1778455,0.93075126,,,,,,,,,,,,,,
150400,5.326399,1.0399618,,,,,,,,,,,,,,
150500,5.0970435,1.0228373,,,,,,,,,,,,,,
150600,4.763008,0.932272,,,,,,,,,,,,,,
150700,4.824268,0.9222245,,,,,,,,,,,,,,
150800,4.8376455,0.971181,,,,,,,,,,,,,,
150900,4.9913955,0.93375945,,,,,,,,,,,,,,
151000,4.769857,0.84713805,,,,,,,,,,,,,,
151100,5.2418613,1.0724268,,,,,,,,,,,,,,
151200,5.0659127,0.9868869,,,,,,,,,,,,,,
151300,5.3193145,1.0427341,,,,,,,,,,,,,,
151400,4.7788363,0.94822305,,,,,,,,,,,,,,
151500,4.377246,0.87931705,,,,,,,,,,,,,,
151600,4.816533,0.91455793,,,,,,,,,,,,,,
151700,5.197831,0.98612803,,,,,,,,,,,,,,
151800,4.891531,1.046809,,,,,,,,,,,,,,
151900,4.748352,0.9557092,,,,,,,,,,,,,,
152000,4.929507,1.0193894,,,,,,,,,,,,,,
152100,5.043183,1.0067134,,,,,,,,,,,,,,
152200,5.0461736,0.9986406,,,,,,,,,,,,,,
152300,4.662708,0.98057854,,,,,,,,,,,,,,
152400,4.8508844,0.97846055,,,,,,,,,,,,,,
152500,4.8541336,0.9607039,,,,,,,,,,,,,,
152600,5.5096574,1.0362211,,,,,,,,,,,,,,
152700,5.231923,0.9220635,,,,,,,,,,,,,,
152800,4.9328527,0.93627506,,,,,,,,,,,,,,
152900,4.9723344,1.032469,,,,,,,,,,,,,,
153000,5.067378,0.9535119,,,,,,,,,,,,,,
153100,5.1218185,0.99700606,,,,,,,,,,,,,,
153200,4.926961,0.9534644,,,,,,,,,,,,,,
153300,4.7140565,0.99310315,,,,,,,,,,,,,,
153400,4.881457,0.92864686,,,,,,,,,,,,,,
153453,,,0.9456513,0.19136712,0.75391996,1.0708171,50000.0,0.6244,1.8389771,10000.0,41968.78911828995,42431.820268154144,41968.78911828995,460.0173342227936,1.7309489250183103,0.0
153500,5.0569434,0.9110781,,,,,,,,,,,,,,
153600,5.0541134,1.0131896,,,,,,,,,,,,,,
153700,4.929725,1.0019122,,,,,,,,,,,,,,
153800,4.732777,0.91069216,,,,,,,,,,,,,,
153900,4.943104,1.0008829,,,,,,,,,,,,,,
154000,4.717749,0.92115325,,,,,,,,,,,,,,
154100,4.9016523,1.0056396,,,,,,,,,,,,,,
154200,5.0746202,0.9689914,,,,,,,,,,,,,,
154300,4.713865,0.86176217,,,,,,,,,,,,,,
154400,4.6814666,0.8951508,,,,,,,,,,,,,,
154500,4.9415736,0.97895813,,,,,,,,,,,,,,
154600,4.930196,0.96134686,,,,,,,,,,,,,,
154700,5.161155,0.9885887,,,,,,,,,,,,,,
154800,5.204541,1.0234973,,,,,,,,,,,,,,
154900,4.9589734,1.0006131,,,,,,,,,,,,,,
155000,4.7439775,0.9392034,,,,,,,,,,,,,,
155100,4.9506774,0.97547734,,,,,,,,,,,,,,
155200,5.1302743,0.9503423,,,,,,,,,,,,,,
155300,4.9816346,0.8916759,,,,,,,,,,,,,,
155400,5.1562915,0.97666216,,,,,,,,,,,,,,
155500,5.092061,1.0361781,,,,,,,,,,,,,,
155600,5.3537745,1.0434694,,,,,,,,,,,,,,
155700,4.9821467,0.9537841,,,,,,,,,,,,,,
155800,4.984725,1.0238638,,,,,,,,,,,,,,
155900,4.907485,0.8829837,,,,,,,,,,,,,,
156000,4.947823,0.9675801,,,,,,,,,,,,,,
156100,5.4663835,1.0970049,,,,,,,,,,,,,,
156200,5.356411,0.971361,,,,,,,,,,,,,,
156300,4.844964,0.96498334,,,,,,,,,,,,,,
156400,4.8911057,0.9395776,,,,,,,,,,,,,,
156500,4.826744,0.96294785,,,,,,,,,,,,,,
156600,5.40436,1.0200448,,,,,,,,,,,,,,
156700,4.716101,0.8877424,,,,,,,,,,,,,,
156800,5.0705647,0.9997568,,,,,,,,,,,,,,
156900,5.0453835,0.9201007,,,,,,,,,,,,,,
157000,4.872277,0.9744699,,,,,,,,,,,,,,
157100,5.259358,1.0818558,,,,,,,,,,,,,,
157200,4.742873,0.9044403,,,,,,,,,,,,,,
157300,5.1183715,0.9596839,,,,,,,,,,,,,,
157400,5.0736346,0.95323426,,,,,,,,,,,,,,
157500,4.770041,0.93311495,,,,,,,,,,,,,,
157600,5.1673856,0.95328856,,,,,,,,,,,,,,
157700,5.107757,0.9258207,,,,,,,,,,,,,,
157800,4.9115677,1.0154297,,,,,,,,,,,,,,
157900,4.9256277,0.94278,,,,,,,,,,,,,,
158000,4.8534904,0.9296988,,,,,,,,,,,,,,
158100,4.589003,0.8321969,,,,,,,,,,,,,,
158200,5.013749,0.979102,,,,,,,,,,,,,,
158300,4.719345,0.8951334,,,,,,,,,,,,,,
158400,4.7811,0.9597982,,,,,,,,,,,,,,
158500,4.6355305,0.9215916,,,,,,,,,,,,,,
158600,5.4559774,1.0015951,,,,,,,,,,,,,,
158700,5.1018577,0.9711489,,,,,,,,,,,,,,
158800,4.8571625,0.8531948,,,,,,,,,,,,,,
158900,5.208106,1.0924032,,,,,,,,,,,,,,
159000,5.144449,0.9600377,,,,,,,,,,,,,,
159100,4.5893373,0.9452648,,,,,,,,,,,,,,
159200,4.9360886,1.0741868,,,,,,,,,,,,,,
159300,4.875756,0.96329296,,,,,,,,,,,,,,
159400,4.551681,0.8740323,,,,,,,,,,,,,,
159500,4.9199266,0.94715166,,,,,,,,,,,,,,
159600,4.9490333,0.947836,,,,,,,,,,,,,,
159700,5.1123304,0.99884844,,,,,,,,,,,,,,
159800,5.1288743,0.9346522,,,,,,,,,,,,,,
159900,4.846173,0.9551305,,,,,,,,,,,,,,
160000,5.3563766,0.9796007,,,,,,,,,,,,,,
160100,5.2299747,1.0839356,,,,,,,,,,,,,,
160200,4.7757144,0.94372773,,,,,,,,,,,,,,
160300,4.86403,0.9823747,,,,,,,,,,,,,,
160400,5.0008407,0.9484064,,,,,,,,,,,,,,
160500,4.9632397,0.91053677,,,,,,,,,,,,,,
160600,5.1342993,0.9874028,,,,,,,,,,,,,,
160700,4.865185,0.9291128,,,,,,,,,,,,,,
160771,,,0.94876033,0.18166068,0.75387996,1.07235,50000.0,0.62450004,1.8409966,10000.0,43964.716457128525,44446.27172589302,43964.716457128525,478.41012358665466,1.80169677734375,0.0
160800,5.098038,0.97465974,,,,,,,,,,,,,,
160900,5.0957003,1.0124277,,,,,,,,,,,,,,
161000,5.043337,1.0014071,,,,,,,,,,,,,,
161100,5.063285,0.968593,,,,,,,,,,,,,,
161200,5.114186,0.99959457,,,,,,,,,,,,,,
161300,4.8768654,0.9169625,,,,,,,,,,,,,,
161400,4.909302,0.95677567,,,,,,,,,,,,,,
161500,5.066482,0.9473592,,,,,,,,,,,,,,
161600,4.779394,0.83061326,,,,,,,,,,,,,,
161700,5.4072924,1.0409095,,,,,,,,,,,,,,
161800,4.9781013,0.94465876,,,,,,,,,,,,,,
161900,4.614936,0.85077584,,,,,,,,,,,,,,
162000,4.9967494,0.99233407,,,,,,,,,,,,,,
162100,4.919921,0.9165802,,,,,,,,,,,,,,
162200,5.00134,0.9442133,,,,,,,,,,,,,,
162300,5.357916,0.9715075,,,,,,,,,,,,,,
162400,5.1922626,0.9739127,,,,,,,,,,,,,,
162500,5.2324653,0.9767922,,,,,,,,,,,,,,
162600,4.980735,1.0035373,,,,,,,,,,,,,,
162700,4.8859286,0.869402,,,,,,,,,,,,,,
162800,5.127649,0.98093575,,,,,,,,,,,,,,
162900,5.048933,0.95668447,,,,,,,,,,,,,,
163000,4.8779254,0.89791316,,,,,,,,,,,,,,
163100,4.637904,0.8578421,,,,,,,,,,,,,,
163200,5.0354414,0.9485828,,,,,,,,,,,,,,
163300,5.1108255,0.99543077,,,,,,,,,,,,,,
163400,5.0012403,0.943582,,,,,,,,,,,,,,
163500,5.5039463,0.9919256,,,,,,,,,,,,,,
163600,5.0357113,1.0071194,,,,,,,,,,,,,,
163700,5.052322,0.9421261,,,,,,,,,,,,,,
163800,5.2893505,1.129359,,,,,,,,,,,,,,
163900,4.6522346,0.89454794,,,,,,,,,,,,,,
164000,4.9638424,0.96801555,,,,,,,,,,,,,,
164100,5.109666,0.9674622,,,,,,,,,,,,,,
164200,5.4627147,0.95119995,,,,,,,,,,,,,,
164300,5.1710634,1.0255487,,,,,,,,,,,,,,
164400,5.282876,1.0285884,,,,,,,,,,,,,,
164500,4.7067337,0.854103,,,,,,,,,,,,,,
164600,5.162103,0.91809934,,,,,,,,,,,,,,
164700,5.020479,0.97663987,,,,,,,,,,,,,,
164800,4.700673,0.8993336,,,,,,,,,,,,,,
164900,4.851202,0.91878027,,,,,,,,,,,,,,
165000,4.9513288,0.9593106,,,,,,,,,,,,,,
165100,5.1940885,0.9817239,,,,,,,,,,,,,,
165200,5.0321074,0.92622834,,,,,,,,,,,,,,
165300,5.002983,0.9303833,,,,,,,,,,,,,,
165400,5.3048167,0.9452858,,,,,,,,,,,,,,
165500,5.3397474,1.000309,,,,,,,,,,,,,,
165600,5.1085005,1.0624155,,,,,,,,,,,,,,
165700,4.9945574,0.9381334,,,,,,,,,,,,,,
165800,4.6895227,0.9119596,,,,,,,,,,,,,,
165900,4.8858056,0.9081794,,,,,,,,,,,,,,
166000,5.234796,1.0034908,,,,,,,,,,,,,,
166100,5.0676055,0.9637454,,,,,,,,,,,,,,
166200,5.166772,1.0152298,,,,,,,,,,,,,,
166300,5.018907,0.95880175,,,,,,,,,,,,,,
166400,5.0317965,0.91805696,,,,,,,,,,,,,,
166500,4.9608784,0.894832,,,,,,,,,,,,,,
166600,4.9406257,0.9352168,,,,,,,,,,,,,,
166700,5.076389,0.9608315,,,,,,,,,,,,,,
166800,5.0689707,0.9386607,,,,,,,,,,,,,,
166900,4.996464,0.9130567,,,,,,,,,,,,,,
167000,5.3409204,1.0733318,,,,,,,,,,,,,,
167100,4.7588725,0.8507197,,,,,,,,,,,,,,
167200,5.0988007,0.92813885,,,,,,,,,,,,,,
167300,5.188481,0.960703,,,,,,,,,,,,,,
167400,5.070847,0.9176207,,,,,,,,,,,,,,
167500,5.078552,0.89549196,,,,,,,,,,,,,,
167600,5.082926,1.0074294,,,,,,,,,,,,,,
167700,5.3731174,0.9898949,,,,,,,,,,,,,,
167800,5.000267,0.9166758,,,,,,,,,,,,,,
167832,,,0.9493782,0.18224207,0.75308,1.0753248,50000.0,0.6258,1.850111,10000.0,45960.70112752914,46461.61534452438,45960.70112752914,497.6320929527282,1.8793811798095703,0.0
167900,5.2495155,0.97791135,,,,,,,,,,,,,,
168000,4.9478917,0.91216886,,,,,,,,,,,,,,
168100,5.059522,1.0062832,,,,,,,,,,,,,,
168200,4.7718287,0.90536594,,,,,,,,,,,,,,
168300,4.841762,0.9043994,,,,,,,,,,,,,,
168400,5.1883397,0.9599301,,,,,,,,,,,,,,
168500,5.2734833,1.0038109,,,,,,,,,,,,,,
168600,4.8549905,0.9786995,,,,,,,,,,,,,,
168700,5.289824,0.9922857,,,,,,,,,,,,,,
168800,5.2795763,1.041785,,,,,,,,,,,,,,
168900,4.8800898,0.95832384,,,,,,,,,,,,,,
169000,5.051194,0.88238657,,,,,,,,,,,,,,
169100,5.2240357,0.92607355,,,,,,,,,,,,,,
169200,5.1202397,1.0295157,,,,,,,,,,,,,,
169300,4.997237,0.93710744,,,,,,,,,,,,,,
169400,4.8122354,0.90068936,,,,,,,,,,,,,,
169500,4.933949,0.9436825,,,,,,,,,,,,,,
169600,4.996231,0.96141547,,,,,,,,,,,,,,
169700,4.866765,0.9026403,,,,,,,,,,,,,,
169800,4.9529505,0.9457997,,,,,,,,,,,,,,
169900,5.1392136,0.9639833,,,,,,,,,,,,,,
170000,4.9815264,0.88068634,,,,,,,,,,,,,,
170100,5.028894,0.9958508,,,,,,,,,,,,,,
170200,5.0831223,0.993145,,,,,,,,,,,,,,
170300,5.1824427,0.95619655,,,,,,,,,,,,,,
170400,5.034733,0.91932607,,,,,,,,,,,,,,
170500,5.2132072,0.95063734,,,,,,,,,,,,,,
170600,5.281569,0.93506396,,,,,,,,,,,,,,
170700,5.1244884,0.92778325,,,,,,,,,,,,,,
170800,4.8862133,0.95369864,,,,,,,,,,,,,,
170900,5.0638614,0.9789506,,,,,,,,,,,,,,
171000,4.833239,0.91353714,,,,,,,,,,,,,,
171100,5.027568,0.9423391,,,,,,,,,,,,,,
171200,4.815694,0.9010908,,,,,,,,,,,,,,
171300,5.0445404,0.9327937,,,,,,,,,,,,,,
171400,5.0775743,0.9776238,,,,,,,,,,,,,,
171500,5.144448,0.98156255,,,,,,,,,,,,,,
171600,4.9522166,0.90283555,,,,,,,,,,,,,,
171700,5.315012,0.9862964,,,,,,,,,,,,,,
171800,4.8550057,0.9074143,,,,,,,,,,,,,,
171900,5.1676893,0.99972326,,,,,,,,,,,,,,
172000,4.871642,0.9030478,,,,,,,,,,,,,,
172100,4.9430666,0.9310522,,,,,,,,,,,,,,
172200,5.299054,0.97194475,,,,,,,,,,,,,,
172300,5.204595,0.98502284,,,,,,,,,,,,,,
172400,5.1920385,1.01215,,,,,,,,,,,,,,
172500,4.864529,0.886733,,,,,,,,,,,,,,
172536,,,0.9483219,0.18042949,0.75468,1.0734031,50000.0,0.62750006,1.8528265,10000.0,47956.73145079613,48496.35363531113,47956.73145079613,536.1628928184509,2.010361909866333,0.0
172600,4.952641,0.9319668,,,,,,,,,,,,,,
172700,4.8185844,0.9227605,,,,,,,,,,,,,,
172800,5.1734405,1.0223736,,,,,,,,,,,,,,
172900,5.130667,0.93415153,,,,,,,,,,,,,,
173000,4.8500605,0.9061501,,,,,,,,,,,,,,
173100,5.2539864,1.0068722,,,,,,,,,,,,,,
173200,5.01292,0.917576,,,,,,,,,,,,,,
173300,5.046754,0.9700452,,,,,,,,,,,,,,
173400,4.817608,0.9312516,,,,,,,,,,,,,,
173500,5.2205424,0.9409578,,,,,,,,,,,,,,
173600,5.07146,0.99523884,,,,,,,,,,,,,,
173700,4.991673,0.94144475,,,,,,,,,,,,,,
173800,5.235716,1.0271356,,,,,,,,,,,,,,
173900,4.8656325,0.874948,,,,,,,,,,,,,,
174000,4.987723,0.9106559,,,,,,,,,,,,,,
174100,5.1200027,0.985304,,,,,,,,,,,,,,
174200,4.902224,0.90157765,,,,,,,,,,,,,,
174300,5.285683,0.9611313,,,,,,,,,,,,,,
174400,4.720272,0.8351664,,,,,,,,,,,,,,
174500,4.9963374,0.9317959,,,,,,,,,,,,,,
174600,4.9250803,0.95428157,,,,,,,,,,,,,,
174700,5.2510242,1.0014592,,,,,,,,,,,,,,
174800,5.0452504,0.9331466,,,,,,,,,,,,,,
174900,5.3235145,0.9493604,,,,,,,,,,,,,,
175000,5.004557,0.9750642,,,,,,,,,,,,,,
175100,4.905547,0.91895986,,,,,,,,,,,,,,
175200,5.169896,0.92186785,,,,,,,,,,,,,,
175300,4.7265706,0.8249546,,,,,,,,,,,,,,
175400,5.315758,0.9758366,,,,,,,,,,,,,,
175500,5.231678,0.96351016,,,,,,,,,,,,,,
175600,5.1547403,0.9458164,,,,,,,,,,,,,,
175700,4.905781,0.9382083,,,,,,,,,,,,,,
175800,4.883871,0.96678895,,,,,,,,,,,,,,
175900,4.909405,0.95474577,,,,,,,,,,,,,,
176000,5.0703764,0.9594307,,,,,,,,,,,,,,
176100,5.105963,0.9802648,,,,,,,,,,,,,,
176200,5.1599636,1.0186784,,,,,,,,,,,,,,
176300,5.227097,0.89606214,,,,,,,,,,,,,,
176400,5.1046576,0.9798374,,,,,,,,,,,,,,
176500,5.1627693,0.90734875,,,,,,,,,,,,,,
176600,5.06206,0.928393,,,,,,,,,,,,,,
176700,4.8068767,0.9714907,,,,,,,,,,,,,,
176800,4.871259,0.8779172,,,,,,,,,,,,,,
176900,5.1905837,0.9603651,,,,,,,,,,,,,,
177000,5.1161847,0.8888078,,,,,,,,,,,,,,
177030,,,0.94915897,0.1775648,0.7549,1.0738461,50000.0,0.62630004,1.8531942,10000.0,49952.29267835617,50530.0918970108,49952.29267835617,573.5259537696838,2.5825936794281006,0.0
177100,5.0746574,0.9274404,,,,,,,,,,,,,,
177200,5.000509,0.9121727,,,,,,,,,,,,,,
177300,4.949321,0.95642066,,,,,,,,,,,,,,
177400,5.0073075,0.93454826,,,,,,,,,,,,,,
177500,5.0674076,0.9543004,,,,,,,,,,,,,,
177600,4.986429,0.90970325,,,,,,,,,,,,,,
177700,5.141106,0.95368075,,,,,,,,,,,,,,
177800,5.2472634,0.9329311,,,,,,,,,,,,,,
177900,4.9588284,0.93733764,,,,,,,,,,,,,,
178000,5.335,0.92892665,,,,,,,,,,,,,,
178100,4.8236675,0.9140965,,,,,,,,,,,,,,
178200,5.2299204,0.93300366,,,,,,,,,,,,,,
178300,4.936187,0.9288409,,,,,,,,,,,,,,
178400,4.637578,0.82617986,,,,,,,,,,,,,,
178500,5.2664413,0.971864,,,,,,,,,,,,,,
178600,5.2448483,0.96472394,,,,,,,,,,,,,,
178700,4.9092345,0.8644104,,,,,,,,,,,,,,
178800,4.7878275,0.87981355,,,,,,,,,,,,,,
178900,4.94963,0.87083644,,,,,,,,,,,,,,
179000,5.2929006,0.98565537,,,,,,,,,,,,,,
179100,4.838003,0.8596022,,,,,,,,,,,,,,
179200,5.2078013,0.9942984,,,,,,,,,,,,,,
179300,4.871219,0.9124814,,,,,,,,,,,,,,
179400,4.9152627,0.96125084,,,,,,,,,,,,,,
179500,5.2541156,1.003555,,,,,,,,,,,,,,
179600,5.0665107,0.91903377,,,,,,,,,,,,,,
179700,5.0718675,0.934024,,,,,,,,,,,,,,
179800,5.0681243,0.9368919,,,,,,,,,,,,,,
179900,4.964377,0.9363214,,,,,,,,,,,,,,
180000,5.21107,0.9083187,,,,,,,,,,,,,,
180100,5.1524262,0.96683145,,,,,,,,,,,,,,
180200,4.9478974,0.8635442,,,,,,,,,,,,,,
180300,5.269309,0.9609749,,,,,,,,,,,,,,
180400,4.9146733,0.85984546,,,,,,,,,,,,,,
180500,5.1213064,0.9007448,,,,,,,,,,,,,,
180600,4.8471365,0.9385638,,,,,,,,,,,,,,
180700,5.285669,0.8860065,,,,,,,,,,,,,,
180800,5.4724307,1.0369856,,,,,,,,,,,,,,
180900,4.8628793,0.8778634,,,,,,,,,,,,,,
181000,5.141767,0.94300044,,,,,,,,,,,,,,
181100,5.1278205,0.938125,,,,,,,,,,,,,,
181200,4.989552,0.91073525,,,,,,,,,,,,,,
181300,4.89112,0.99832696,,,,,,,,,,,,,,
181400,4.934651,0.9219994,,,,,,,,,,,,,,
181488,,,0.9496771,0.17702009,0.7542,1.0756431,50000.0,0.6247,1.8563241,10000.0,51947.68952417374,52565.99465203285,51947.68952417374,613.3243944644928,3.054151058197021,0.0
181500,4.777866,0.89657277,,,,,,,,,,,,,,
181600,5.1403294,0.92780423,,,,,,,,,,,,,,
181700,4.9992948,0.97622544,,,,,,,,,,,,,,
181800,5.072462,0.9769769,,,,,,,,,,,,,,
181900,5.148148,0.9064603,,,,,,,,,,,,,,
182000,5.11818,0.9344135,,,,,,,,,,,,,,
182100,4.7338657,0.8654574,,,,,,,,,,,,,,
182200,5.0782914,0.94502217,,,,,,,,,,,,,,
182300,5.220005,1.0215524,,,,,,,,,,,,,,
182400,5.337955,0.97658503,,,,,,,,,,,,,,
182500,5.0193477,0.9512249,,,,,,,,,,,,,,
182600,5.2376156,0.9594628,,,,,,,,,,,,,,
182700,5.192789,0.92909735,,,,,,,,,,,,,,
182800,5.269106,0.96761054,,,,,,,,,,,,,,
182900,5.04056,0.90610844,,,,,,,,,,,,,,
183000,5.2881527,0.9055906,,,,,,,,,,,,,,
183100,5.1146736,0.9928376,,,,,,,,,,,,,,
183200,5.0652742,0.9406737,,,,,,,,,,,,,,
183300,5.222174,0.9908911,,,,,,,,,,,,,,
183400,5.18691,1.0142155,,,,,,,,,,,,,,
183500,5.188793,0.9178716,,,,,,,,,,,,,,
183600,5.012269,0.86522424,,,,,,,,,,,,,,
183700,5.0138664,0.9137862,,,,,,,,,,,,,,
183800,4.726048,0.9475349,,,,,,,,,,,,,,
183900,5.4151044,1.0028719,,,,,,,,,,,,,,
184000,5.0293207,0.9207635,,,,,,,,,,,,,,
184100,5.2193418,0.9405957,,,,,,,,,,,,,,
184200,5.037493,0.91220844,,,,,,,,,,,,,,
184300,5.3295684,0.9933372,,,,,,,,,,,,,,
184400,5.2051764,0.93608224,,,,,,,,,,,,,,
184500,5.2653584,0.94324315,,,,,,,,,,,,,,
184600,5.100636,0.97239065,,,,,,,,,,,,,,
184700,5.0370364,0.8935876,,,,,,,,,,,,,,
184800,4.871625,0.9598718,,,,,,,,,,,,,,
184900,5.0068693,0.96894276,,,,,,,,,,,,,,
185000,5.4960546,1.0302042,,,,,,,,,,,,,,
185100,5.21452,0.92737055,,,,,,,,,,,,,,
185200,5.043279,0.9798083,,,,,,,,,,,,,,
185300,5.1534305,0.8965626,,,,,,,,,,,,,,
185400,4.8554845,0.82529545,,,,,,,,,,,,,,
185500,5.368816,0.9600778,,,,,,,,,,,,,,
185600,5.0428796,0.9022983,,,,,,,,,,,,,,
185700,4.767755,0.8865698,,,,,,,,,,,,,,
185800,5.294009,0.97209275,,,,,,,,,,,,,,
185900,5.3714666,0.92331594,,,,,,,,,,,,,,
186000,5.0474024,0.9401896,,,,,,,,,,,,,,
186100,5.2033143,0.9863709,,,,,,,,,,,,,,
186120,,,0.9524673,0.16976719,0.75492,1.0755513,50000.0,0.62640005,1.8612959,10000.0,53943.41852045059,54602.69437932968,53943.41852045059,653.6150543689728,3.488328456878662,0.0
186200,5.0000916,0.9481979,,,,,,,,,,,,,,
186300,5.056436,0.9424131,,,,,,,,,,,,,,
186400,4.9673834,1.0384662,,,,,,,,,,,,,,
186500,5.094128,0.9055404,,,,,,,,,,,,,,
186600,5.1589456,0.9698176,,,,,,,,,,,,,,
186700,5.110858,0.9462757,,,,,,,,,,,,,,
186800,5.5165663,0.97799456,,,,,,,,,,,,,,
186900,5.1006813,0.92810106,,,,,,,,,,,,,,
187000,4.95751,0.8689546,,,,,,,,,,,,,,
187100,4.993037,0.97997445,,,,,,,,,,,,,,
187200,5.257252,0.9543838,,,,,,,,,,,,,,
187300,4.908782,0.88944674,,,,,,,,,,,,,,
187400,5.2542424,0.9473912,,,,,,,,,,,,,,
187500,5.294752,0.9450246,,,,,,,,,,,,,,
187600,4.667697,0.81884646,,,,,,,,,,,,,,
187700,5.277329,0.92836565,,,,,,,,,,,,,,
187800,5.210705,0.9196891,,,,,,,,,,,,,,
187900,5.1303205,0.93396574,,,,,,,,,,,,,,
188000,5.2509446,0.91516644,,,,,,,,,,,,,,
188100,4.9319625,0.86156917,,,,,,,,,,,,,,
188200,5.1238995,0.92435616,,,,,,,,,,,,,,
188300,4.9608393,0.9249551,,,,,,,,,,,,,,
188400,4.9151945,0.9186629,,,,,,,,,,,,,,
188500,5.591803,0.94138205,,,,,,,,,,,,,,
188600,4.745026,0.91193676,,,,,,,,,,,,,,
188700,5.420844,1.0085725,,,,,,,,,,,,,,
188800,4.907855,0.9279282,,,,,,,,,,,,,,
188900,4.8009143,0.8871801,,,,,,,,,,,,,,
189000,5.3748384,1.0190454,,,,,,,,,,,,,,
189100,5.106861,0.9028024,,,,,,,,,,,,,,
189200,5.1698313,0.88045543,,,,,,,,,,,,,,
189300,5.1925583,0.904314,,,,,,,,,,,,,,
189400,4.936968,0.93670934,,,,,,,,,,,,,,
189500,4.999385,0.952338,,,,,,,,,,,,,,
189600,5.008587,0.915755,,,,,,,,,,,,,,
189700,5.0187216,0.87350976,,,,,,,,,,,,,,
189800,5.1228604,1.0168597,,,,,,,,,,,,,,
189900,4.8549886,0.8926046,,,,,,,,,,,,,,
190000,5.51474,0.97895145,,,,,,,,,,,,,,
190100,4.7258825,0.86418813,,,,,,,,,,,,,,
190200,5.180016,0.896322,,,,,,,,,,,,,,
190276,,,0.9514509,0.17048396,0.75464,1.0741526,50000.0,0.6272,1.8644032,10000.0,55939.05248832703,56635.74251246452,55939.05248832703,690.2438578605652,4.017447710037232,0.0
190300,4.9913297,0.91883856,,,,,,,,,,,,,,
190400,4.94036,0.9071121,,,,,,,,,,,,,,
190500,5.436658,0.99517906,,,,,,,,,,,,,,
190600,5.2554774,0.9578527,,,,,,,,,,,,,,
190700,4.775387,0.9204561,,,,,,,,,,,,,,
190800,4.93731,0.9485346,,,,,,,,,,,,,,
190900,5.144086,0.9291146,,,,,,,,,,,,,,
191000,4.8868785,0.87516135,,,,,,,,,,,,,,
191100,5.168906,0.95135593,,,,,,,,,,,,,,
191200,5.1060424,0.8795433,,,,,,,,,,,,,,
191300,5.019908,0.99264175,,,,,,,,,,,,,,
191400,5.143377,0.9436734,,,,,,,,,,,,,,
191500,5.408885,1.0049258,,,,,,,,,,,,,,
191600,5.1634173,0.9149529,,,,,,,,,,,,,,
191700,5.281464,1.0535932,,,,,,,,,,,,,,
191800,5.1337833,0.8980396,,,,,,,,,,,,,,
191900,5.198956,0.8723469,,,,,,,,,,,,,,
192000,5.1127563,0.8882955,,,,,,,,,,,,,,
192100,4.917615,0.8288054,,,,,,,,,,,,,,
192200,5.1466336,0.9293472,,,,,,,,,,,,,,
192300,5.0351396,0.96073556,,,,,,,,,,,,,,
192400,5.466363,0.9237858,,,,,,,,,,,,,,
192500,5.191044,0.87447065,,,,,,,,,,,,,,
192600,5.138555,0.876671,,,,,,,,,,,,,,
192700,5.148075,0.89521194,,,,,,,,,,,,,,
192800,4.9863706,0.89514863,,,,,,,,,,,,,,
192900,5.215737,0.95474625,,,,,,,,,,,,,,
193000,5.353963,0.98273176,,,,,,,,,,,,,,
193100,5.300952,0.996681,,,,,,,,,,,,,,
193200,5.2910347,0.952825,,,,,,,,,,,,,,
193300,5.1585875,0.94229287,,,,,,,,,,,,,,
193400,5.1155477,0.94772387,,,,,,,,,,,,,,
193500,5.070437,0.8637978,,,,,,,,,,,,,,
193600,5.029071,0.96738327,,,,,,,,,,,,,,
193700,5.620897,0.96473646,,,,,,,,,,,,,,
193800,4.933979,0.86750257,,,,,,,,,,,,,,
193900,5.2061496,0.97160393,,,,,,,,,,,,,,
194000,5.099429,0.94206095,,,,,,,,,,,,,,
194100,4.9846907,0.8407999,,,,,,,,,,,,,,
194116,,,0.95322466,0.16543461,0.75505996,1.0765518,50000.0,0.62700003,1.8665876,10000.0,57934.46646571159,58674.5222234726,57934.46646571159,732.8901488780975,4.518044471740723,0.0
194200,5.1223154,0.9044403,,,,,,,,,,,,,,
194300,4.756315,0.94854164,,,,,,,,,,,,,,
194400,5.111224,0.90091515,,,,,,,,,,,,,,
194500,5.2683444,0.91047627,,,,,,,,,,,,,,
194600,5.196266,0.955624,,,,,,,,,,,,,,
194700,5.5651054,0.9517294,,,,,,,,,,,,,,
194800,5.290343,1.0378197,,,,,,,,,,,,,,
194900,5.318162,0.9598708,,,,,,,,,,,,,,
195000,5.1204348,0.97031903,,,,,,,,,,,,,,
195100,4.7555656,0.852919,,,,,,,,,,,,,,
195200,5.3074293,1.0541904,,,,,,,,,,,,,,
195300,5.599088,1.0173234,,,,,,,,,,,,,,
195400,4.7708993,0.8862137,,,,,,,,,,,,,,
195500,5.27822,0.9788542,,,,,,,,,,,,,,
195600,5.099402,0.88651836,,,,,,,,,,,,,,
195700,4.990215,0.8572313,,,,,,,,,,,,,,
195800,5.36799,0.9186396,,,,,,,,,,,,,,
195900,4.6942368,0.86535037,,,,,,,,,,,,,,
196000,5.1201057,0.9409099,,,,,,,,,,,,,,
196100,4.948043,0.86315536,,,,,,,,,,,,,,
196200,4.871858,0.89131653,,,,,,,,,,,,,,
196300,5.2636776,0.97984684,,,,,,,,,,,,,,
196400,5.324559,0.95544183,,,,,,,,,,,,,,
196500,5.284482,1.034996,,,,,,,,,,,,,,
196600,5.0137467,0.89920783,,,,,,,,,,,,,,
196700,5.3410683,0.95871645,,,,,,,,,,,,,,
196800,4.94461,0.82706404,,,,,,,,,,,,,,
196900,5.506232,0.9682065,,,,,,,,,,,,,,
197000,4.726688,0.90023476,,,,,,,,,,,,,,
197100,5.269493,0.92317045,,,,,,,,,,,,,,
197200,5.4094033,0.9619237,,,,,,,,,,,,,,
197300,5.233625,0.94956034,,,,,,,,,,,,,,
197400,4.715895,0.8808166,,,,,,,,,,,,,,
197500,5.3774457,0.96405005,,,,,,,,,,,,,,
197600,5.141263,0.84264493,,,,,,,,,,,,,,
197700,4.9859757,0.89919233,,,,,,,,,,,,,,
197800,5.1053996,0.9751727,,,,,,,,,,,,,,
197900,5.2415786,1.0032023,,,,,,,,,,,,,,
197954,,,0.95310503,0.1635923,0.75564,1.0758622,50000.0,0.62600005,1.8628919,10000.0,59929.77295255661,60703.64590597153,59929.77295255661,765.902948141098,5.073758840560913,0.0
198000,5.7334085,1.0850447,,,,,,,,,,,,,,
198100,5.053124,0.92773086,,,,,,,,,,,,,,
198200,5.4479394,0.95805764,,,,,,,,,,,,,,
198300,5.6921473,1.0252968,,,,,,,,,,,,,,
198400,5.4087243,0.97508574,,,,,,,,,,,,,,
198500,5.1714835,0.99676675,,,,,,,,,,,,,,
198600,4.9094973,0.8407249,,,,,,,,,,,,,,
198700,4.8114386,0.857288,,,,,,,,,,,,,,
198800,4.9752393,0.9000001,,,,,,,,,,,,,,
198900,5.156773,0.90786076,,,,,,,,,,,,,,
199000,5.2225356,0.9808086,,,,,,,,,,,,,,
199100,5.4528956,0.98314095,,,,,,,,,,,,,,
199200,5.115039,0.9376564,,,,,,,,,,,,,,
199300,5.195211,0.94056034,,,,,,,,,,,,,,
199400,4.975638,0.8807754,,,,,,,,,,,,,,
199500,5.063255,0.83006907,,,,,,,,,,,,,,
199600,5.5133667,0.93844926,,,,,,,,,,,,,,
199700,5.0929956,0.84860665,,,,,,,,,,,,,,
199800,5.372454,0.97362244,,,,,,,,,,,,,,
199900,5.0033913,0.8934703,,,,,,,,,,,,,,
200000,5.176023,0.90109086,,,,,,,,,,,,,,
200100,5.0190997,0.89146274,,,,,,,,,,,,,,
200200,5.2808347,0.90891165,,,,,,,,,,,,,,
200300,4.8431463,0.8675345,,,,,,,,,,,,,,
200400,5.2137213,0.8831022,,,,,,,,,,,,,,
200500,4.9101152,0.8199358,,,,,,,,,,,,,,
200600,5.141711,0.94828784,,,,,,,,,,,,,,
200700,5.0318947,0.91460955,,,,,,,,,,,,,,
200800,5.032165,0.845798,,,,,,,,,,,,,,
200900,5.3340797,1.0012643,,,,,,,,,,,,,,
201000,5.2438755,0.90597636,,,,,,,,,,,,,,
201100,4.8440604,0.8863715,,,,,,,,,,,,,,
201200,5.301849,0.94865036,,,,,,,,,,,,,,
201300,5.532759,0.9953213,,,,,,,,,,,,,,
201400,5.128269,0.94375956,,,,,,,,,,,,,,
201500,5.3263335,0.8963664,,,,,,,,,,,,,,
201600,5.2031345,0.9367851,,,,,,,,,,,,,,
201700,5.103291,0.91947025,,,,,,,,,,,,,,
201800,5.2622476,0.96746707,,,,,,,,,,,,,,
201900,5.3354807,0.9657903,,,,,,,,,,,,,,
202000,5.1077433,0.9109037,,,,,,,,,,,,,,
202078,,,0.95360327,0.1622379,0.75534,1.0767275,50000.0,0.62560004,1.8653016,10000.0,61925.07143211365,62728.847462654114,61925.07143211365,795.0919539928436,5.548985481262207,0.0
202100,5.063547,0.89470905,,,,,,,,,,,,,,
202200,5.3626256,0.93999475,,,,,,,,,,,,,,
202300,5.0882525,0.9433736,,,,,,,,,,,,,,
202400,5.418,1.0874012,,,,,,,,,,,,,,
202500,4.8932824,0.8966118,,,,,,,,,,,,,,
202600,4.878831,0.8828937,,,,,,,,,,,,,,
202700,5.143739,0.92413276,,,,,,,,,,,,,,
202800,5.249919,0.92056346,,,,,,,,,,,,,,
202900,5.336873,0.9606807,,,,,,,,,,,,,,
203000,5.4535627,1.0593383,,,,,,,,,,,,,,
203100,5.199844,0.9403887,,,,,,,,,,,,,,
203200,5.0335393,0.9053246,,,,,,,,,,,,,,
203300,5.0271316,0.9347968,,,,,,,,,,,,,,
203400,5.1945486,0.9000785,,,,,,,,,,,,,,
203500,4.675727,0.8283615,,,,,,,,,,,,,,
203600,4.9672513,0.84911716,,,,,,,,,,,,,,
203700,4.961255,0.8971528,,,,,,,,,,,,,,
203800,4.9769964,0.89,,,,,,,,,,,,,,
203900,4.8664165,0.8970572,,,,,,,,,,,,,,
204000,4.933059,0.9049408,,,,,,,,,,,,,,
204100,5.373006,0.9543186,,,,,,,,,,,,,,
204200,5.1635337,0.89418983,,,,,,,,,,,,,,
204300,5.605096,0.98841983,,,,,,,,,,,,,,
204400,5.1502657,0.9482918,,,,,,,,,,,,,,
204500,5.4832106,0.9445588,,,,,,,,,,,,,,
204600,5.3565226,1.0227482,,,,,,,,,,,,,,
204700,5.161184,0.8822722,,,,,,,,,,,,,,
204800,5.191273,0.90740156,,,,,,,,,,,,,,
204900,5.12037,0.877399,,,,,,,,,,,,,,
205000,5.252118,0.9657265,,,,,,,,,,,,,,
205100,5.343627,0.93129486,,,,,,,,,,,,,,
205200,5.1226764,1.0047039,,,,,,,,,,,,,,
205300,5.1120377,0.869545,,,,,,,,,,,,,,
205400,5.22072,0.9282365,,,,,,,,,,,,,,
205500,5.49167,0.92318034,,,,,,,,,,,,,,
205600,5.224966,0.90272856,,,,,,,,,,,,,,
205700,4.929141,0.878108,,,,,,,,,,,,,,
205800,5.3273096,0.91080874,,,,,,,,,,,,,,
205873,,,0.95533717,0.15522939,0.75549996,1.0767725,50000.0,0.6251,1.8661743,10000.0,63920.629023075104,64764.93791365624,63920.629023075104,834.8467264175415,6.078795433044434,0.0
205900,5.138431,0.93948853,,,,,,,,,,,,,,
206000,5.084818,0.866866,,,,,,,,,,,,,,
206100,4.837434,0.8696002,,,,,,,,,,,,,,
206200,5.275767,0.93904287,,,,,,,,,,,,,,
206300,4.999621,0.87171495,,,,,,,,,,,,,,
206400,5.1888404,0.9823257,,,,,,,,,,,,,,
206500,5.1817327,0.9688676,,,,,,,,,,,,,,
206600,4.7178464,0.8417768,,,,,,,,,,,,,,
206700,5.2986484,1.0614052,,,,,,,,,,,,,,
206800,4.8805327,0.90267396,,,,,,,,,,,,,,
206900,4.747638,0.81574726,,,,,,,,,,,,,,
207000,5.4063854,0.9624336,,,,,,,,,,,,,,
207100,5.2667475,0.95013535,,,,,,,,,,,,,,
207200,5.0636587,0.90252477,,,,,,,,,,,,,,
207300,4.902191,0.86194164,,,,,,,,,,,,,,
207400,5.556318,0.961251,,,,,,,,,,,,,,
207500,5.08808,0.8902285,,,,,,,,,,,,,,
207600,5.1683474,0.89989996,,,,,,,,,,,,,,
207700,5.195591,0.94216305,,,,,,,,,,,,,,
207800,5.412222,1.031653,,,,,,,,,,,,,,
207900,4.9719663,0.89513904,,,,,,,,,,,,,,
208000,5.1437755,0.92146146,,,,,,,,,,,,,,
208100,5.3725553,0.98592335,,,,,,,,,,,,,,
208200,5.2640114,0.9322772,,,,,,,,,,,,,,
208300,5.0676713,0.87759227,,,,,,,,,,,,,,
208400,5.23186,0.91860247,,,,,,,,,,,,,,
208500,5.0234447,0.92906606,,,,,,,,,,,,,,
208600,5.7234535,0.9950142,,,,,,,,,,,,,,
208700,5.120317,0.97171736,,,,,,,,,,,,,,
208800,5.3152647,0.9530516,,,,,,,,,,,,,,
208900,5.1453333,0.94478464,,,,,,,,,,,,,,
209000,5.2433248,0.8558215,,,,,,,,,,,,,,
209100,5.314076,0.9495286,,,,,,,,,,,,,,
209200,5.146735,0.90178746,,,,,,,,,,,,,,
209300,5.461965,0.89035916,,,,,,,,,,,,,,
209400,5.222638,0.9079094,,,,,,,,,,,,,,
209500,5.205081,0.8829348,,,,,,,,,,,,,,
209600,4.992084,0.92606115,,,,,,,,,,,,,,
209700,4.959573,0.9283988,,,,,,,,,,,,,,
209800,5.411559,0.9881189,,,,,,,,,,,,,,
209850,,,0.9548788,0.15816157,0.7553,1.0794655,50000.0,0.62710005,1.8678958,10000.0,65916.38125610352,66803.59570097923,65916.38125610352,876.8376929759979,6.746559143066406,0.0
209900,4.9758105,0.87380034,,,,,,,,,,,,,,
210000,5.202803,0.9538751,,,,,,,,,,,,,,
210100,5.2188234,0.8986385,,,,,,,,,,,,,,
210200,5.191322,0.95427305,,,,,,,,,,,,,,
210300,5.561684,0.9296601,,,,,,,,,,,,,,
210400,5.025954,0.8690745,,,,,,,,,,,,,,
210500,5.179275,0.93784225,,,,,,,,,,,,,,
210600,5.088002,0.92396915,,,,,,,,,,,,,,
210700,5.1648707,1.0061347,,,,,,,,,,,,,,
210800,5.1548176,0.9579209,,,,,,,,,,,,,,
210900,5.561719,1.028449,,,,,,,,,,,,,,
211000,5.4787993,0.93018925,,,,,,,,,,,,,,
211100,5.248243,1.0191185,,,,,,,,,,,,,,
211200,5.5488935,0.9359729,,,,,,,,,,,,,,
211300,5.0736356,0.8680304,,,,,,,,,,,,,,
211400,5.1520915,0.94953394,,,,,,,,,,,,,,
211500,5.212431,0.87350744,,,,,,,,,,,,,,
211600,5.6234827,1.102387,,,,,,,,,,,,,,
211700,5.077763,0.9248204,,,,,,,,,,,,,,
211800,5.1281614,0.9439596,,,,,,,,,,,,,,
211900,5.1346173,0.9527206,,,,,,,,,,,,,,
212000,5.081848,0.91535735,,,,,,,,,,,,,,
212100,5.125271,0.92584604,,,,,,,,,,,,,,
212200,5.423209,0.9479549,,,,,,,,,,,,,,
212300,5.426752,0.9370129,,,,,,,,,,,,,,
212400,5.4465084,0.9776603,,,,,,,,,,,,,,
212500,5.2478657,0.9407178,,,,,,,,,,,,,,
212600,4.9567533,0.89921165,,,,,,,,,,,,,,
212700,4.8677297,0.9097066,,,,,,,,,,,,,,
212800,4.9216523,0.82488215,,,,,,,,,,,,,,
212900,5.1219926,0.9241592,,,,,,,,,,,,,,
213000,5.378378,0.94372976,,,,,,,,,,,,,,
213100,5.437767,1.0068755,,,,,,,,,,,,,,
213200,5.1652665,0.9745412,,,,,,,,,,,,,,
213300,5.383062,1.009824,,,,,,,,,,,,,,
213400,4.9865317,0.95921063,,,,,,,,,,,,,,
213500,5.1837277,0.84610593,,,,,,,,,,,,,,
213600,5.19249,0.9274893,,,,,,,,,,,,,,
213700,5.0443525,0.8849001,,,,,,,,,,,,,,
213800,4.883209,0.8536074,,,,,,,,,,,,,,
213900,5.5000515,0.9587921,,,,,,,,,,,,,,
213955,,,0.9560945,0.15828097,0.75492,1.0802552,50000.0,0.6265,1.8719171,10000.0,67912.0241098404,68843.66978883743,67912.0241098404,920.5079526901244,7.185899257659912,0.0
214000,5.158378,0.9822829,,,,,,,,,,,,,,
214100,5.4116426,0.9740014,,,,,,,,,,,,,,
214200,5.303238,0.9320365,,,,,,,,,,,,,,
214300,4.9288607,0.88241744,,,,,,,,,,,,,,
214400,5.251873,0.909021,,,,,,,,,,,,,,
214500,4.9229198,0.7535113,,,,,,,,,,,,,,
214600,5.280427,0.9520424,,,,,,,,,,,,,,
214700,5.1381826,0.90794414,,,,,,,,,,,,,,
214800,5.2788944,0.96437526,,,,,,,,,,,,,,
214900,5.279442,0.95652235,,,,,,,,,,,,,,
215000,5.0810227,0.90588653,,,,,,,,,,,,,,
215100,5.1068664,0.87904364,,,,,,,,,,,,,,
215200,5.0466523,0.93131816,,,,,,,,,,,,,,
215300,5.205214,1.020447,,,,,,,,,,,,,,
215400,4.98679,0.91343725,,,,,,,,,,,,,,
215500,5.371691,1.0072997,,,,,,,,,,,,,,
215600,5.4230514,0.934077,,,,,,,,,,,,,,
215700,5.4767795,0.9591609,,,,,,,,,,,,,,
215800,4.924777,0.8952077,,,,,,,,,,,,,,
215900,5.7897024,1.0134037,,,,,,,,,,,,,,
216000,5.2064815,0.89961237,,,,,,,,,,,,,,
216100,5.005435,0.8271104,,,,,,,,,,,,,,
216200,5.337056,0.90256715,,,,,,,,,,,,,,
216300,5.28434,0.9957187,,,,,,,,,,,,,,
216400,5.274786,0.9208605,,,,,,,,,,,,,,
216500,5.167316,0.87344885,,,,,,,,,,,,,,
216600,5.3402085,0.9028455,,,,,,,,,,,,,,
216700,5.146584,0.9026115,,,,,,,,,,,,,,
216800,5.1920996,0.9202263,,,,,,,,,,,,,,
216900,5.1995063,0.8770672,,,,,,,,,,,,,,
217000,5.204635,0.9223938,,,,,,,,,,,,,,
217100,5.265316,1.0086219,,,,,,,,,,,,,,
217200,4.991231,0.9071168,,,,,,,,,,,,,,
217300,5.4079943,0.98984665,,,,,,,,,,,,,,
217400,5.3158455,0.93488574,,,,,,,,,,,,,,
217500,5.3405256,0.9057672,,,,,,,,,,,,,,
217600,5.304473,1.0056857,,,,,,,,,,,,,,
217700,5.1628685,0.9535609,,,,,,,,,,,,,,
217800,5.013586,0.8200922,,,,,,,,,,,,,,
217900,5.121225,0.88390714,,,,,,,,,,,,,,
218000,5.3679004,0.9712901,,,,,,,,,,,,,,
218100,5.15557,0.9310787,,,,,,,,,,,,,,
218200,4.991911,0.8853804,,,,,,,,,,,,,,
218300,5.128797,0.889753,,,,,,,,,,,,,,
218400,5.04579,0.9100314,,,,,,,,,,,,,,
218440,,,0.95657283,0.15558098,0.75588,1.08051,50000.0,0.6284,1.8729472,10000.0,69907.44102859497,70863.64268183708,69907.44102859497,944.3057725429536,7.68643307685852,0.0
218500,5.1625404,0.8738983,,,,,,,,,,,,,,
218600,4.963416,0.88678515,,,,,,,,,,,,,,
218700,5.533703,0.94177014,,,,,,,,,,,,,,
218800,5.046479,0.89652693,,,,,,,,,,,,,,
218900,5.02869,0.8683226,,,,,,,,,,,,,,
219000,5.559327,1.0115939,,,,,,,,,,,,,,
219100,5.2385,0.8736232,,,,,,,,,,,,,,
219200,5.0028963,0.8560654,,,,,,,,,,,,,,
219300,5.293589,0.92412126,,,,,,,,,,,,,,
219400,5.2855186,0.9389466,,,,,,,,,,,,,,
219500,5.17675,0.9202163,,,,,,,,,,,,,,
219600,5.1487975,0.9449385,,,,,,,,,,,,,,
219700,5.0989976,0.91472894,,,,,,,,,,,,,,
219800,5.0400844,0.9240448,,,,,,,,,,,,,,
219900,5.2956505,0.99656534,,,,,,,,,,,,,,
220000,5.0815487,0.8758322,,,,,,,,,,,,,,
220100,4.8097477,0.84811246,,,,,,,,,,,,,,
220200,5.295974,0.93274915,,,,,,,,,,,,,,
220300,4.7629557,0.8995173,,,,,,,,,,,,,,
220400,5.111463,0.9021809,,,,,,,,,,,,,,
220500,5.1187534,0.9135053,,,,,,,,,,,,,,
220600,5.103907,0.90977484,,,,,,,,,,,,,,
220700,5.280526,0.90550715,,,,,,,,,,,,,,
220800,5.0151086,0.8563701,,,,,,,,,,,,,,
220900,5.0285254,0.9307546,,,,,,,,,,,,,,
221000,5.1948733,0.94716763,,,,,,,,,,,,,,
221100,5.2057953,0.85550714,,,,,,,,,,,,,,
221200,5.240876,0.927792,,,,,,,,,,,,,,
221300,5.131242,0.9123184,,,,,,,,,,,,,,
221400,5.1625614,0.85712874,,,,,,,,,,,,,,
221500,5.060369,0.89594966,,,,,,,,,,,,,,
221600,4.944039,0.84955454,,,,,,,,,,,,,,
221700,5.3013887,0.9402251,,,,,,,,,,,,,,
221800,4.7965565,0.832602,,,,,,,,,,,,,,
221900,5.378049,0.9684708,,,,,,,,,,,,,,
222000,5.0895576,0.92476755,,,,,,,,,,,,,,
222100,5.1011944,0.8670912,,,,,,,,,,,,,,
222200,5.030781,0.9035369,,,,,,,,,,,,,,
222300,5.3211217,0.9779195,,,,,,,,,,,,,,
222400,5.405971,0.9208305,,,,,,,,,,,,,,
222500,5.3729925,0.9580941,,,,,,,,,,,,,,
222600,5.2823133,0.8856818,,,,,,,,,,,,,,
222700,4.7988386,0.80053455,,,,,,,,,,,,,,
222800,5.290061,0.9508974,,,,,,,,,,,,,,
222900,5.002453,0.84679985,,,,,,,,,,,,,,
223000,5.5606527,0.92244893,,,,,,,,,,,,,,
223100,4.9622207,0.8935669,,,,,,,,,,,,,,
223200,5.077078,0.88354176,,,,,,,,,,,,,,
223300,4.722568,0.87363803,,,,,,,,,,,,,,
223400,5.070638,0.89405155,,,,,,,,,,,,,,
223500,5.085116,0.87416285,,,,,,,,,,,,,,
223600,5.1956134,0.8970746,,,,,,,,,,,,,,
223700,5.0440965,0.8703241,,,,,,,,,,,,,,
223800,5.1587067,0.9231534,,,,,,,,,,,,,,
223900,,,0.9569515,0.15209584,0.75641996,1.0811065,50000.0,0.6279,1.8756953,10000.0,71903.08286333084,72903.2956624031,71903.08286333084,987.6376729011536,8.14183759689331,0.0
223900,5.5929317,0.9401077,,,,,,,,,,,,,,
224000,4.979752,0.90187377,,,,,,,,,,,,,,
224100,5.245318,0.8422668,,,,,,,,,,,,,,
224200,5.149021,0.93474054,,,,,,,,,,,,,,
224300,4.8767004,0.8228071,,,,,,,,,,,,,,
224400,5.2318573,0.89396405,,,,,,,,,,,,,,
224500,5.367685,0.9452058,,,,,,,,,,,,,,
224600,4.975789,0.8730068,,,,,,,,,,,,,,
224700,5.0797625,0.9025545,,,,,,,,,,,,,,
224800,5.3929873,0.89490604,,,,,,,,,,,,,,
224900,4.970251,0.8504172,,,,,,,,,,,,,,
225000,5.2594,0.9436864,,,,,,,,,,,,,,
225100,4.9825845,0.867862,,,,,,,,,,,,,,
225200,5.254189,0.9355782,,,,,,,,,,,,,,
225300,5.4867935,0.98240304,,,,,,,,,,,,,,
225400,5.201715,0.9282774,,,,,,,,,,,,,,
225500,5.002431,0.89546514,,,,,,,,,,,,,,
225600,5.236137,0.8853433,,,,,,,,,,,,,,
225700,5.160605,0.95010555,,,,,,,,,,,,,,
225800,5.174063,0.88155746,,,,,,,,,,,,,,
225900,4.794394,0.86580074,,,,,,,,,,,,,,
226000,5.0725365,0.8909848,,,,,,,,,,,,,,
226100,5.3855753,0.9465889,,,,,,,,,,,,,,
226200,5.248011,0.9109298,,,,,,,,,,,,,,
226300,4.92974,0.77840143,,,,,,,,,,,,,,
226400,5.409749,0.96506757,,,,,,,,,,,,,,
226500,5.0753803,0.89969265,,,,,,,,,,,,,,
226600,4.8250175,0.80801,,,,,,,,,,,,,,
226700,5.3778644,0.9972297,,,,,,,,,,,,,,
226800,5.0411515,0.87659943,,,,,,,,,,,,,,
226900,5.3928285,0.87867075,,,,,,,,,,,,,,
227000,5.0796885,0.91174567,,,,,,,,,,,,,,
227100,5.399344,0.9503396,,,,,,,,,,,,,,
227200,5.66123,1.0111511,,,,,,,,,,,,,,
227300,5.071844,0.8433273,,,,,,,,,,,,,,
227400,5.155461,0.8233242,,,,,,,,,,,,,,
227500,5.202062,0.94675964,,,,,,,,,,,,,,
227600,5.4915175,0.9164581,,,,,,,,,,,,,,
227700,5.2696886,0.9534659,,,,,,,,,,,,,,
227800,4.6821966,0.8097024,,,,,,,,,,,,,,
227900,5.4592686,0.9677984,,,,,,,,,,,,,,
228000,5.113246,0.8796414,,,,,,,,,,,,,,
228100,5.5281215,0.99215364,,,,,,,,,,,,,,
228200,5.265802,0.9024749,,,,,,,,,,,,,,
228300,5.31536,0.9269027,,,,,,,,,,,,,,
228400,5.17804,0.8517077,,,,,,,,,,,,,,
228500,5.3097734,0.93042547,,,,,,,,,,,,,,
228600,4.923,0.87058985,,,,,,,,,,,,,,
228700,5.1055813,0.9199355,,,,,,,,,,,,,,
228800,4.9577136,0.8551656,,,,,,,,,,,,,,
228900,5.098818,0.91011024,,,,,,,,,,,,,,
229000,5.4011745,1.0052656,,,,,,,,,,,,,,
229100,5.7634892,0.9811802,,,,,,,,,,,,,,
229200,5.2766767,0.91890687,,,,,,,,,,,,,,
229300,5.1534405,0.92478585,,,,,,,,,,,,,,
229400,5.1364775,0.8872755,,,,,,,,,,,,,,
229500,5.201348,0.9257343,,,,,,,,,,,,,,
229600,5.317072,0.94758403,,,,,,,,,,,,,,
229700,5.0308366,0.92584944,,,,,,,,,,,,,,
229800,4.8092093,0.767308,,,,,,,,,,,,,,
229900,5.1741223,0.86522686,,,,,,,,,,,,,,
229913,,,0.9563337,0.1503854,0.75696,1.0823314,50000.0,0.6279,1.8746536,10000.0,73898.40845513344,74920.21888542175,73898.40845513344,1008.48096036911,8.650696277618408,0.0
230000,5.4598327,0.9483901,,,,,,,,,,,,,,
230100,5.5540442,1.0645837,,,,,,,,,,,,,,
230200,5.4346433,0.9628563,,,,,,,,,,,,,,
230300,5.760922,0.99224454,,,,,,,,,,,,,,
230400,5.066412,0.92873627,,,,,,,,,,,,,,
230500,5.1996408,0.8910442,,,,,,,,,,,,,,
230600,4.973383,0.91532505,,,,,,,,,,,,,,
230700,5.3974657,0.92895985,,,,,,,,,,,,,,
230800,5.2352686,0.84365404,,,,,,,,,,,,,,
230900,5.0459423,0.8408966,,,,,,,,,,,,,,
231000,5.3170023,0.9520222,,,,,,,,,,,,,,
231100,4.971718,0.84235954,,,,,,,,,,,,,,
231200,5.007598,0.87618595,,,,,,,,,,,,,,
231300,5.145472,0.88356483,,,,,,,,,,,,,,
231400,5.31844,0.9386435,,,,,,,,,,,,,,
231500,5.041166,0.8917029,,,,,,,,,,,,,,
231600,5.3216896,0.9708263,,,,,,,,,,,,,,
231700,5.391125,0.92221934,,,,,,,,,,,,,,
231800,5.286708,0.868723,,,,,,,,,,,,,,
231900,5.6187506,1.0255336,,,,,,,,,,,,,,
232000,5.3221054,0.9452208,,,,,,,,,,,,,,
232100,5.1266274,0.86952627,,,,,,,,,,,,,,
232200,5.0719385,0.9554334,,,,,,,,,,,,,,
232300,4.9508286,0.89344054,,,,,,,,,,,,,,
232400,5.2195663,0.954173,,,,,,,,,,,,,,
232500,5.1855564,0.8340055,,,,,,,,,,,,,,
232600,5.2347617,0.8852244,,,,,,,,,,,,,,
232700,4.9004445,0.84913725,,,,,,,,,,,,,,
232800,5.341954,0.9503355,,,,,,,,,,,,,,
232900,5.3599186,0.9175284,,,,,,,,,,,,,,
233000,5.150017,0.88653713,,,,,,,,,,,,,,
233100,5.055835,0.8365283,,,,,,,,,,,,,,
233200,4.7644997,0.88846326,,,,,,,,,,,,,,
233300,5.3431187,0.94997215,,,,,,,,,,,,,,
233400,5.1409974,0.9434447,,,,,,,,,,,,,,
233500,5.231796,0.8619582,,,,,,,,,,,,,,
233600,5.530186,1.0192438,,,,,,,,,,,,,,
233700,4.9626136,0.8726867,,,,,,,,,,,,,,
233800,4.9180794,0.8924817,,,,,,,,,,,,,,
233900,5.2698574,0.92473495,,,,,,,,,,,,,,
234000,5.1030517,0.8895589,,,,,,,,,,,,,,
234100,5.452965,0.9703088,,,,,,,,,,,,,,
234200,5.0577955,0.8694153,,,,,,,,,,,,,,
234300,5.2164807,0.8028004,,,,,,,,,,,,,,
234400,5.082373,0.87477815,,,,,,,,,,,,,,
234500,5.1622996,0.9577594,,,,,,,,,,,,,,
234600,5.0296254,0.9095528,,,,,,,,,,,,,,
234700,5.2785883,0.870366,,,,,,,,,,,,,,
234800,5.384548,1.0069932,,,,,,,,,,,,,,
234900,5.486851,0.9414201,,,,,,,,,,,,,,
235000,5.075717,0.88891065,,,,,,,,,,,,,,
235100,5.547665,0.99556816,,,,,,,,,,,,,,
235200,5.100363,0.8322533,,,,,,,,,,,,,,
235300,5.0355053,0.9150929,,,,,,,,,,,,,,
235400,5.3749614,0.94612277,,,,,,,,,,,,,,
235500,5.3122954,0.96912277,,,,,,,,,,,,,,
235600,4.978499,0.8422841,,,,,,,,,,,,,,
235700,5.330587,0.9574244,,,,,,,,,,,,,,
235713,,,,,,,,,,,75893.77206802368,,,,,0.0
