global_step,grad_norm,loss,train/accuracy,train/loss,validation/accuracy,validation/loss,validation/num_examples,test/accuracy,test/loss,test/num_examples,score,total_duration,accumulated_submission_time,accumulated_eval_time,accumulated_logging_time,preemption_count
0,0.6713023,6.9223967,,,,,,,,,,,,,,
1,,,0.0007573342,6.9125247,0.00068,6.91273,50000.0,0.00080000004,6.9129095,10000.0,52.91309928894043,117.18459677696228,52.91309928894043,64.27141284942627,0.0,0.0
100,0.6732675,6.8051786,,,,,,,,,,,,,,
200,0.8279272,6.4964256,,,,,,,,,,,,,,
300,0.9894157,6.1964664,,,,,,,,,,,,,,
400,1.8994367,5.9636917,,,,,,,,,,,,,,
500,4.463675,5.8021355,,,,,,,,,,,,,,
600,3.448649,5.549911,,,,,,,,,,,,,,
700,4.1367326,5.3575125,,,,,,,,,,,,,,
800,3.4241135,5.240439,,,,,,,,,,,,,,
900,6.0213556,4.997196,,,,,,,,,,,,,,
1000,5.664543,5.1665163,,,,,,,,,,,,,,
1100,3.5806499,4.8967133,,,,,,,,,,,,,,
1200,4.2157106,4.769206,,,,,,,,,,,,,,
1300,4.731968,4.7414017,,,,,,,,,,,,,,
1400,6.556045,4.5446644,,,,,,,,,,,,,,
1500,8.186122,4.4882245,,,,,,,,,,,,,,
1600,6.157769,4.468399,,,,,,,,,,,,,,
1700,4.8452125,4.4095473,,,,,,,,,,,,,,
1800,3.7392683,4.2734833,,,,,,,,,,,,,,
1900,5.120582,4.1723003,,,,,,,,,,,,,,
2000,5.7835703,3.9605649,,,,,,,,,,,,,,
2100,3.6723592,3.865443,,,,,,,,,,,,,,
2200,4.4364605,3.8933778,,,,,,,,,,,,,,
2300,3.6287751,3.879135,,,,,,,,,,,,,,
2400,3.2232623,3.6756186,,,,,,,,,,,,,,
2500,3.4139717,3.6565855,,,,,,,,,,,,,,
2600,3.7413301,3.519341,,,,,,,,,,,,,,
2700,3.84993,3.7066567,,,,,,,,,,,,,,
2800,3.781147,3.4161122,,,,,,,,,,,,,,
2900,4.345715,3.3421917,,,,,,,,,,,,,,
3000,3.900597,3.3178554,,,,,,,,,,,,,,
3100,3.4220376,3.2843199,,,,,,,,,,,,,,
3200,3.2616594,3.1931348,,,,,,,,,,,,,,
3300,3.6417232,3.0921278,,,,,,,,,,,,,,
3400,4.614095,3.176371,,,,,,,,,,,,,,
3500,3.8950982,3.0589523,,,,,,,,,,,,,,
3600,3.4069495,2.9844847,,,,,,,,,,,,,,
3700,3.469931,3.0213032,,,,,,,,,,,,,,
3800,3.9887073,2.9217954,,,,,,,,,,,,,,
3900,2.6450412,2.973175,,,,,,,,,,,,,,
4000,3.2164812,2.944903,,,,,,,,,,,,,,
4100,3.143095,2.8451371,,,,,,,,,,,,,,
4200,2.5667765,2.5756903,,,,,,,,,,,,,,
4300,3.8288858,2.885184,,,,,,,,,,,,,,
4400,2.4932928,2.6563308,,,,,,,,,,,,,,
4500,3.5233526,2.686227,,,,,,,,,,,,,,
4600,2.3761024,2.6628616,,,,,,,,,,,,,,
4700,3.7111886,2.5667148,,,,,,,,,,,,,,
4800,2.7228427,2.5981257,,,,,,,,,,,,,,
4900,2.3265884,2.5728264,,,,,,,,,,,,,,
5000,3.0561707,2.4604645,,,,,,,,,,,,,,
5100,4.2081323,2.5181365,,,,,,,,,,,,,,
5200,2.750637,2.4802196,,,,,,,,,,,,,,
5300,3.0783362,2.5320334,,,,,,,,,,,,,,
5400,2.3811414,2.3544753,,,,,,,,,,,,,,
5500,1.9294297,2.4226274,,,,,,,,,,,,,,
5600,2.0577,2.3770676,,,,,,,,,,,,,,
5700,2.6448102,2.3234134,,,,,,,,,,,,,,
5800,2.4552207,2.5097256,,,,,,,,,,,,,,
5900,3.1033998,2.396461,,,,,,,,,,,,,,
6000,2.5513463,2.1276076,,,,,,,,,,,,,,
6100,2.332324,2.1998985,,,,,,,,,,,,,,
6200,2.1485863,2.1842122,,,,,,,,,,,,,,
6300,2.2128503,2.1971273,,,,,,,,,,,,,,
6400,2.2067325,2.1780167,,,,,,,,,,,,,,
6500,2.628272,2.2342987,,,,,,,,,,,,,,
6574,,,0.63345027,1.5319011,0.57534,1.8242104,50000.0,0.44320002,2.5707448,10000.0,2048.840027332306,2174.077612400055,2048.840027332306,125.14888834953308,0.0383615493774414,0.0
6600,3.4276085,2.143886,,,,,,,,,,,,,,
6700,2.9612327,2.1813905,,,,,,,,,,,,,,
6800,2.5679724,2.1731935,,,,,,,,,,,,,,
6900,2.4335911,2.1892586,,,,,,,,,,,,,,
7000,2.3358943,2.1699443,,,,,,,,,,,,,,
7100,2.1723597,2.0352473,,,,,,,,,,,,,,
7200,2.4455323,2.0193636,,,,,,,,,,,,,,
7300,2.4453838,1.9815785,,,,,,,,,,,,,,
7400,2.3310165,2.04994,,,,,,,,,,,,,,
7500,2.1564426,2.0957813,,,,,,,,,,,,,,
7600,2.7363708,2.03057,,,,,,,,,,,,,,
7700,2.2771633,1.9784484,,,,,,,,,,,,,,
7800,3.3548832,2.154948,,,,,,,,,,,,,,
7900,2.4959888,2.0939426,,,,,,,,,,,,,,
8000,2.0605214,1.9716021,,,,,,,,,,,,,,
8100,2.0269997,1.9753654,,,,,,,,,,,,,,
8200,2.6592662,1.9484674,,,,,,,,,,,,,,
8300,2.3306727,1.931921,,,,,,,,,,,,,,
8400,2.3693924,2.103004,,,,,,,,,,,,,,
8500,2.8095837,2.0188708,,,,,,,,,,,,,,
8600,2.2074773,1.894985,,,,,,,,,,,,,,
8700,2.711433,1.7700984,,,,,,,,,,,,,,
8800,2.2592149,1.9621513,,,,,,,,,,,,,,
8900,2.6085415,1.7523129,,,,,,,,,,,,,,
9000,2.1136386,1.8664043,,,,,,,,,,,,,,
9100,2.2770007,1.8920763,,,,,,,,,,,,,,
9200,2.6492016,1.9573493,,,,,,,,,,,,,,
9300,3.0132332,1.9327533,,,,,,,,,,,,,,
9400,2.2009568,1.8772725,,,,,,,,,,,,,,
9500,2.341134,1.9010428,,,,,,,,,,,,,,
9600,2.5960746,1.8685433,,,,,,,,,,,,,,
9700,2.2035668,1.8230989,,,,,,,,,,,,,,
9800,2.3515594,1.8992987,,,,,,,,,,,,,,
9900,1.9531469,1.8034528,,,,,,,,,,,,,,
10000,2.0118968,1.7611663,,,,,,,,,,,,,,
10100,2.0668476,1.7491786,,,,,,,,,,,,,,
10200,2.4907792,1.8243978,,,,,,,,,,,,,,
10300,2.2087104,1.8670421,,,,,,,,,,,,,,
10400,2.306542,1.9684355,,,,,,,,,,,,,,
10500,2.5482168,1.8215971,,,,,,,,,,,,,,
10600,2.6003804,1.8267671,,,,,,,,,,,,,,
10700,2.5026364,1.7535398,,,,,,,,,,,,,,
10800,2.3807228,1.9236634,,,,,,,,,,,,,,
10900,2.4224682,1.743006,,,,,,,,,,,,,,
11000,2.4657652,1.8093528,,,,,,,,,,,,,,
11100,2.2118576,1.8176498,,,,,,,,,,,,,,
11200,2.6209748,1.8674273,,,,,,,,,,,,,,
11300,2.8695307,1.8229274,,,,,,,,,,,,,,
11400,3.2597477,1.7282455,,,,,,,,,,,,,,
11500,2.199509,1.683197,,,,,,,,,,,,,,
11600,2.242317,1.7156677,,,,,,,,,,,,,,
11700,2.298526,1.6748354,,,,,,,,,,,,,,
11800,1.9165884,1.6611478,,,,,,,,,,,,,,
11900,2.2776134,1.7896419,,,,,,,,,,,,,,
12000,2.513702,1.7087758,,,,,,,,,,,,,,
12100,2.6357732,1.7630031,,,,,,,,,,,,,,
12200,2.3500385,1.6332464,,,,,,,,,,,,,,
12300,2.1895428,1.5877569,,,,,,,,,,,,,,
12400,2.1415784,1.6569583,,,,,,,,,,,,,,
12500,2.6314452,1.5640115,,,,,,,,,,,,,,
12600,2.172481,1.6280878,,,,,,,,,,,,,,
12700,2.608717,1.7626035,,,,,,,,,,,,,,
12800,2.3205695,1.6876832,,,,,,,,,,,,,,
12900,2.762408,1.8627491,,,,,,,,,,,,,,
13000,2.7997494,1.5938356,,,,,,,,,,,,,,
13100,2.5975933,1.6629461,,,,,,,,,,,,,,
13200,2.4437668,1.5824903,,,,,,,,,,,,,,
13300,2.269699,1.5391333,,,,,,,,,,,,,,
13400,2.3729563,1.6627873,,,,,,,,,,,,,,
13500,2.4979784,1.6674211,,,,,,,,,,,,,,
13600,2.3331096,1.5826015,,,,,,,,,,,,,,
13700,2.6142168,1.6689107,,,,,,,,,,,,,,
13800,2.6323695,1.6393216,,,,,,,,,,,,,,
13900,2.3569791,1.6604097,,,,,,,,,,,,,,
13920,,,0.7597656,0.9458039,0.66716,1.3747368,50000.0,0.5343,2.1329305,10000.0,4044.9069986343375,4192.527692556381,4044.9069986343375,147.4297194480896,0.0868222713470459,0.0
14000,3.0350115,1.6969239,,,,,,,,,,,,,,
14100,2.621231,1.5532659,,,,,,,,,,,,,,
14200,2.974387,1.6971188,,,,,,,,,,,,,,
14300,2.7357543,1.7021216,,,,,,,,,,,,,,
14400,2.780167,1.6691524,,,,,,,,,,,,,,
14500,2.1496155,1.617668,,,,,,,,,,,,,,
14600,2.5855052,1.6095719,,,,,,,,,,,,,,
14700,2.2697601,1.6139101,,,,,,,,,,,,,,
14800,2.8866594,1.7605444,,,,,,,,,,,,,,
14900,2.4191031,1.6256027,,,,,,,,,,,,,,
15000,2.7074242,1.6248866,,,,,,,,,,,,,,
15100,2.6054132,1.6539142,,,,,,,,,,,,,,
15200,2.5788372,1.5797102,,,,,,,,,,,,,,
15300,2.3922675,1.5725656,,,,,,,,,,,,,,
15400,2.6645756,1.5964327,,,,,,,,,,,,,,
15500,2.7354321,1.6281344,,,,,,,,,,,,,,
15600,2.8365343,1.5315821,,,,,,,,,,,,,,
15700,2.9557157,1.49427,,,,,,,,,,,,,,
15800,2.6223001,1.5085263,,,,,,,,,,,,,,
15900,2.7346373,1.4732732,,,,,,,,,,,,,,
16000,2.642257,1.4495434,,,,,,,,,,,,,,
16100,2.8667867,1.610338,,,,,,,,,,,,,,
16200,3.1004465,1.654129,,,,,,,,,,,,,,
16300,2.8889666,1.4718907,,,,,,,,,,,,,,
16400,3.2106285,1.5856781,,,,,,,,,,,,,,
16500,2.7078297,1.473959,,,,,,,,,,,,,,
16600,2.9253182,1.5339279,,,,,,,,,,,,,,
16700,2.7744844,1.5396224,,,,,,,,,,,,,,
16800,3.092213,1.5274389,,,,,,,,,,,,,,
16900,2.9338717,1.4752641,,,,,,,,,,,,,,
17000,3.4707348,1.4933245,,,,,,,,,,,,,,
17100,3.4258916,1.4522219,,,,,,,,,,,,,,
17200,3.34001,1.5034567,,,,,,,,,,,,,,
17300,3.1978204,1.5897224,,,,,,,,,,,,,,
17400,3.4867997,1.576574,,,,,,,,,,,,,,
17500,3.2303505,1.4816519,,,,,,,,,,,,,,
17600,3.2879238,1.5123013,,,,,,,,,,,,,,
17700,3.326056,1.4286954,,,,,,,,,,,,,,
17800,3.5685642,1.4889247,,,,,,,,,,,,,,
17900,3.4917724,1.5587144,,,,,,,,,,,,,,
18000,3.58451,1.518644,,,,,,,,,,,,,,
18100,4.2018366,1.493459,,,,,,,,,,,,,,
18200,3.9445481,1.4944425,,,,,,,,,,,,,,
18300,4.000143,1.5370042,,,,,,,,,,,,,,
18400,4.2937374,1.5541427,,,,,,,,,,,,,,
18500,3.8750963,1.4579442,,,,,,,,,,,,,,
18600,4.5487585,1.3954844,,,,,,,,,,,,,,
18700,4.0458107,1.518939,,,,,,,,,,,,,,
18800,4.105224,1.492229,,,,,,,,,,,,,,
18900,4.743766,1.478499,,,,,,,,,,,,,,
19000,4.483285,1.5229484,,,,,,,,,,,,,,
19100,4.7624435,1.5833651,,,,,,,,,,,,,,
19200,5.0520024,1.5220892,,,,,,,,,,,,,,
19300,5.0908437,1.4739071,,,,,,,,,,,,,,
19400,5.638278,1.5797584,,,,,,,,,,,,,,
19500,5.053106,1.4385422,,,,,,,,,,,,,,
19600,5.3574443,1.5606914,,,,,,,,,,,,,,
19700,5.5736513,1.5450962,,,,,,,,,,,,,,
19800,6.7417264,1.6309283,,,,,,,,,,,,,,
19900,6.4303493,1.6098533,,,,,,,,,,,,,,
20000,6.626558,1.5774004,,,,,,,,,,,,,,
20100,6.5080824,1.5472186,,,,,,,,,,,,,,
20200,7.016639,1.4600239,,,,,,,,,,,,,,
20300,6.5893774,1.4151797,,,,,,,,,,,,,,
20400,7.282048,1.5558981,,,,,,,,,,,,,,
20500,7.552375,1.5217782,,,,,,,,,,,,,,
20600,7.863426,1.5843675,,,,,,,,,,,,,,
20700,7.922863,1.4261692,,,,,,,,,,,,,,
20800,8.028256,1.4293826,,,,,,,,,,,,,,
20900,10.486676,1.5300984,,,,,,,,,,,,,,
21000,8.677633,1.4619032,,,,,,,,,,,,,,
21100,8.904157,1.5087048,,,,,,,,,,,,,,
21200,9.725544,1.4908292,,,,,,,,,,,,,,
21266,,,0.8064812,0.74569297,0.6971,1.2396864,50000.0,0.5623,1.972755,10000.0,6040.991535186768,6211.1035261154175,6040.991535186768,169.818678855896,0.1349682807922363,0.0
21300,9.406685,1.5405936,,,,,,,,,,,,,,
21400,9.001268,1.322902,,,,,,,,,,,,,,
21500,10.26239,1.4281567,,,,,,,,,,,,,,
21600,10.113791,1.4933807,,,,,,,,,,,,,,
21700,11.149961,1.4745469,,,,,,,,,,,,,,
21800,10.801688,1.4619765,,,,,,,,,,,,,,
21900,11.783837,1.5049852,,,,,,,,,,,,,,
22000,11.140398,1.4829233,,,,,,,,,,,,,,
22100,11.593483,1.5430199,,,,,,,,,,,,,,
22200,11.263743,1.4632571,,,,,,,,,,,,,,
22300,12.335799,1.4707428,,,,,,,,,,,,,,
22400,11.759468,1.535286,,,,,,,,,,,,,,
22500,11.995282,1.5268123,,,,,,,,,,,,,,
22600,12.468128,1.4467937,,,,,,,,,,,,,,
22700,12.801199,1.6025171,,,,,,,,,,,,,,
22800,12.915553,1.5500178,,,,,,,,,,,,,,
22900,12.996625,1.4899919,,,,,,,,,,,,,,
23000,12.457157,1.4595335,,,,,,,,,,,,,,
23100,13.2329035,1.5153093,,,,,,,,,,,,,,
23200,12.763252,1.5098118,,,,,,,,,,,,,,
23300,12.972905,1.6302419,,,,,,,,,,,,,,
23400,12.69852,1.4136146,,,,,,,,,,,,,,
23500,13.729357,1.5463493,,,,,,,,,,,,,,
23600,13.272187,1.5285623,,,,,,,,,,,,,,
23700,12.644032,1.4883387,,,,,,,,,,,,,,
23800,13.084261,1.4790528,,,,,,,,,,,,,,
23900,12.575275,1.5619521,,,,,,,,,,,,,,
24000,12.304837,1.390585,,,,,,,,,,,,,,
24100,12.258388,1.525451,,,,,,,,,,,,,,
24200,11.880969,1.4036472,,,,,,,,,,,,,,
24300,12.103781,1.4992353,,,,,,,,,,,,,,
24400,11.928204,1.3931465,,,,,,,,,,,,,,
24500,11.7056465,1.4694211,,,,,,,,,,,,,,
24600,12.13845,1.5468781,,,,,,,,,,,,,,
24700,11.193844,1.4395385,,,,,,,,,,,,,,
24800,11.531634,1.4053001,,,,,,,,,,,,,,
24900,11.036751,1.4170511,,,,,,,,,,,,,,
25000,10.839705,1.4573946,,,,,,,,,,,,,,
25100,11.357416,1.4634182,,,,,,,,,,,,,,
25200,10.925623,1.5204108,,,,,,,,,,,,,,
25300,10.379297,1.438975,,,,,,,,,,,,,,
25400,10.401284,1.4607158,,,,,,,,,,,,,,
25500,9.391441,1.3095536,,,,,,,,,,,,,,
25600,10.705259,1.5459126,,,,,,,,,,,,,,
25700,9.696978,1.3967657,,,,,,,,,,,,,,
25800,9.816317,1.4359928,,,,,,,,,,,,,,
25900,9.6503315,1.4513462,,,,,,,,,,,,,,
26000,9.117806,1.335875,,,,,,,,,,,,,,
26100,9.917699,1.4318799,,,,,,,,,,,,,,
26200,8.983199,1.2969193,,,,,,,,,,,,,,
26300,8.571432,1.3564396,,,,,,,,,,,,,,
26400,9.13045,1.4363668,,,,,,,,,,,,,,
26500,8.884771,1.4640765,,,,,,,,,,,,,,
26600,8.978347,1.4533213,,,,,,,,,,,,,,
26700,8.780392,1.4545158,,,,,,,,,,,,,,
26800,8.460188,1.411263,,,,,,,,,,,,,,
26900,8.300876,1.5080321,,,,,,,,,,,,,,
27000,8.671027,1.4209853,,,,,,,,,,,,,,
27100,8.31554,1.4897249,,,,,,,,,,,,,,
27200,7.9790025,1.3534343,,,,,,,,,,,,,,
27300,7.838155,1.4412386,,,,,,,,,,,,,,
27400,8.533997,1.4924297,,,,,,,,,,,,,,
27500,8.105306,1.3942785,,,,,,,,,,,,,,
27600,7.3618937,1.3881619,,,,,,,,,,,,,,
27700,7.707334,1.4619086,,,,,,,,,,,,,,
27800,7.432123,1.3889232,,,,,,,,,,,,,,
27900,7.2372155,1.3477175,,,,,,,,,,,,,,
28000,7.277936,1.331742,,,,,,,,,,,,,,
28100,7.5113544,1.5032631,,,,,,,,,,,,,,
28200,6.9344006,1.4020025,,,,,,,,,,,,,,
28300,6.7510734,1.2943436,,,,,,,,,,,,,,
28400,6.5761485,1.3428833,,,,,,,,,,,,,,
28500,6.855224,1.3868749,,,,,,,,,,,,,,
28600,7.0012617,1.385662,,,,,,,,,,,,,,
28612,,,0.83091515,0.63762105,0.71488,1.1683154,50000.0,0.58250004,1.8919845,10000.0,8036.958885192871,8229.120635509491,8036.958885192871,191.76151204109192,0.1867382526397705,0.0
28700,7.163887,1.4423733,,,,,,,,,,,,,,
28800,6.726471,1.3722471,,,,,,,,,,,,,,
28900,6.451502,1.3578378,,,,,,,,,,,,,,
29000,6.5456414,1.469851,,,,,,,,,,,,,,
29100,6.1040444,1.2386316,,,,,,,,,,,,,,
29200,6.3644724,1.3190022,,,,,,,,,,,,,,
29300,5.965795,1.2751932,,,,,,,,,,,,,,
29400,6.0860143,1.3182552,,,,,,,,,,,,,,
29500,6.659902,1.372334,,,,,,,,,,,,,,
29600,5.9023814,1.3997685,,,,,,,,,,,,,,
29700,6.285915,1.5150459,,,,,,,,,,,,,,
29800,6.3181524,1.4524887,,,,,,,,,,,,,,
29900,6.7743955,1.3603165,,,,,,,,,,,,,,
30000,6.032089,1.4418997,,,,,,,,,,,,,,
30100,5.5228877,1.3230852,,,,,,,,,,,,,,
30200,6.063093,1.3351341,,,,,,,,,,,,,,
30300,5.768406,1.3954833,,,,,,,,,,,,,,
30400,5.789111,1.3224598,,,,,,,,,,,,,,
30500,5.7178035,1.3184634,,,,,,,,,,,,,,
30600,5.868816,1.3037063,,,,,,,,,,,,,,
30700,5.802487,1.408796,,,,,,,,,,,,,,
30800,5.76387,1.4135809,,,,,,,,,,,,,,
30900,5.700442,1.3622816,,,,,,,,,,,,,,
31000,5.4504642,1.3133823,,,,,,,,,,,,,,
31100,5.201325,1.3084106,,,,,,,,,,,,,,
31200,5.6939,1.4155872,,,,,,,,,,,,,,
31300,5.0067983,1.3106652,,,,,,,,,,,,,,
31400,5.2853756,1.2621176,,,,,,,,,,,,,,
31500,5.336551,1.4012649,,,,,,,,,,,,,,
31600,5.116517,1.3187212,,,,,,,,,,,,,,
31700,5.501377,1.4875959,,,,,,,,,,,,,,
31800,5.6458225,1.383873,,,,,,,,,,,,,,
31900,5.158446,1.3052216,,,,,,,,,,,,,,
32000,5.2547126,1.3737957,,,,,,,,,,,,,,
32100,5.089676,1.2602338,,,,,,,,,,,,,,
32200,5.141697,1.3746885,,,,,,,,,,,,,,
32300,5.07589,1.331913,,,,,,,,,,,,,,
32400,5.106059,1.3676746,,,,,,,,,,,,,,
32500,4.7071714,1.2621331,,,,,,,,,,,,,,
32600,5.10006,1.2911916,,,,,,,,,,,,,,
32700,4.8420253,1.3518192,,,,,,,,,,,,,,
32800,4.8400717,1.3381021,,,,,,,,,,,,,,
32900,4.893854,1.3486198,,,,,,,,,,,,,,
33000,5.0568233,1.321912,,,,,,,,,,,,,,
33100,5.262635,1.2984071,,,,,,,,,,,,,,
33200,4.661323,1.286449,,,,,,,,,,,,,,
33300,5.243497,1.2617567,,,,,,,,,,,,,,
33400,4.586353,1.3256364,,,,,,,,,,,,,,
33500,4.5998816,1.3848494,,,,,,,,,,,,,,
33600,4.79894,1.3619969,,,,,,,,,,,,,,
33700,4.520998,1.1590207,,,,,,,,,,,,,,
33800,4.625613,1.3215344,,,,,,,,,,,,,,
33900,4.527818,1.325979,,,,,,,,,,,,,,
34000,4.7602363,1.3617405,,,,,,,,,,,,,,
34100,4.5494733,1.2068985,,,,,,,,,,,,,,
34200,4.7353053,1.3046237,,,,,,,,,,,,,,
34300,4.5527883,1.2981448,,,,,,,,,,,,,,
34400,4.192521,1.1851058,,,,,,,,,,,,,,
34500,4.5580015,1.2942646,,,,,,,,,,,,,,
34600,4.519845,1.3174038,,,,,,,,,,,,,,
34700,4.4508443,1.3302569,,,,,,,,,,,,,,
34800,4.205676,1.1698258,,,,,,,,,,,,,,
34900,4.5804257,1.3509094,,,,,,,,,,,,,,
35000,4.4362273,1.3542262,,,,,,,,,,,,,,
35100,4.1063433,1.2658732,,,,,,,,,,,,,,
35200,4.472426,1.3692381,,,,,,,,,,,,,,
35300,4.15397,1.1984208,,,,,,,,,,,,,,
35400,4.28467,1.3462679,,,,,,,,,,,,,,
35500,4.36009,1.2508689,,,,,,,,,,,,,,
35600,4.424654,1.2479652,,,,,,,,,,,,,,
35700,4.13845,1.3007168,,,,,,,,,,,,,,
35800,4.1900067,1.2789454,,,,,,,,,,,,,,
35900,4.565182,1.3138453,,,,,,,,,,,,,,
35959,,,0.85227996,0.538871,0.72279996,1.1272918,50000.0,0.59010005,1.8540716,10000.0,10032.998893737791,10247.509325027466,10032.998893737791,213.9108157157898,0.3050100803375244,0.0
36000,4.2088995,1.2957379,,,,,,,,,,,,,,
36100,4.1479445,1.2280351,,,,,,,,,,,,,,
36200,4.187688,1.2583427,,,,,,,,,,,,,,
36300,4.332422,1.2669443,,,,,,,,,,,,,,
36400,4.3467455,1.2571616,,,,,,,,,,,,,,
36500,4.455009,1.2742817,,,,,,,,,,,,,,
36600,4.033005,1.3168771,,,,,,,,,,,,,,
36700,4.167399,1.3879325,,,,,,,,,,,,,,
36800,4.1825514,1.3181162,,,,,,,,,,,,,,
36900,4.306579,1.3641237,,,,,,,,,,,,,,
37000,3.7651088,1.204195,,,,,,,,,,,,,,
37100,4.1901727,1.2142888,,,,,,,,,,,,,,
37200,4.191022,1.2689383,,,,,,,,,,,,,,
37300,4.128292,1.3420787,,,,,,,,,,,,,,
37400,4.099293,1.2561657,,,,,,,,,,,,,,
37500,4.1285844,1.3287587,,,,,,,,,,,,,,
37600,4.063677,1.2648399,,,,,,,,,,,,,,
37700,4.0302086,1.2339768,,,,,,,,,,,,,,
37800,4.250649,1.2914381,,,,,,,,,,,,,,
37900,4.3553967,1.2763268,,,,,,,,,,,,,,
38000,4.4761744,1.3179142,,,,,,,,,,,,,,
38100,4.205199,1.3093216,,,,,,,,,,,,,,
38200,4.4125757,1.2881683,,,,,,,,,,,,,,
38300,4.1832566,1.3085775,,,,,,,,,,,,,,
38400,4.072553,1.2978271,,,,,,,,,,,,,,
38500,3.9329197,1.1758287,,,,,,,,,,,,,,
38600,4.0503216,1.2662597,,,,,,,,,,,,,,
38700,3.849073,1.1775622,,,,,,,,,,,,,,
38800,4.2786446,1.2504998,,,,,,,,,,,,,,
38900,4.1427555,1.2898879,,,,,,,,,,,,,,
39000,4.0140843,1.1732808,,,,,,,,,,,,,,
39100,4.159515,1.3284045,,,,,,,,,,,,,,
39200,4.136724,1.2364813,,,,,,,,,,,,,,
39300,3.8808453,1.2370865,,,,,,,,,,,,,,
39400,3.809262,1.1478584,,,,,,,,,,,,,,
39500,4.2138376,1.2179761,,,,,,,,,,,,,,
39600,4.0153995,1.2585366,,,,,,,,,,,,,,
39700,4.0058923,1.2478075,,,,,,,,,,,,,,
39800,3.6523702,1.1494145,,,,,,,,,,,,,,
39900,3.8997114,1.2695134,,,,,,,,,,,,,,
40000,4.055899,1.2207327,,,,,,,,,,,,,,
40100,4.0557303,1.242005,,,,,,,,,,,,,,
40200,3.782456,1.1772448,,,,,,,,,,,,,,
40300,3.9004335,1.2059838,,,,,,,,,,,,,,
40400,3.8352633,1.2575256,,,,,,,,,,,,,,
40500,4.0938115,1.2450589,,,,,,,,,,,,,,
40600,3.8813667,1.2040583,,,,,,,,,,,,,,
40700,3.8351758,1.2053324,,,,,,,,,,,,,,
40800,4.0546045,1.3762014,,,,,,,,,,,,,,
40900,3.9939475,1.244741,,,,,,,,,,,,,,
41000,3.8793776,1.256114,,,,,,,,,,,,,,
41100,3.6541548,1.1486545,,,,,,,,,,,,,,
41200,3.6512213,1.1559856,,,,,,,,,,,,,,
41300,3.960081,1.1922839,,,,,,,,,,,,,,
41400,3.8036969,1.1998053,,,,,,,,,,,,,,
41500,3.946402,1.2649186,,,,,,,,,,,,,,
41600,3.968401,1.2477939,,,,,,,,,,,,,,
41700,3.964877,1.2460287,,,,,,,,,,,,,,
41800,3.8166442,1.3088869,,,,,,,,,,,,,,
41900,3.9835963,1.2928442,,,,,,,,,,,,,,
42000,4.0475826,1.2919239,,,,,,,,,,,,,,
42100,3.8659348,1.1910262,,,,,,,,,,,,,,
42200,3.6807845,1.2429824,,,,,,,,,,,,,,
42300,3.9098845,1.1830094,,,,,,,,,,,,,,
42400,3.939172,1.2722433,,,,,,,,,,,,,,
42500,3.7246444,1.1566801,,,,,,,,,,,,,,
42600,3.697497,1.2084401,,,,,,,,,,,,,,
42700,3.6626546,1.2575581,,,,,,,,,,,,,,
42800,3.8989973,1.2413719,,,,,,,,,,,,,,
42900,4.05826,1.302223,,,,,,,,,,,,,,
43000,4.1056833,1.2063618,,,,,,,,,,,,,,
43100,3.785879,1.2155445,,,,,,,,,,,,,,
43200,4.1031876,1.2614989,,,,,,,,,,,,,,
43300,3.7373056,1.2178309,,,,,,,,,,,,,,
43305,,,0.87549824,0.461255,0.72856,1.110315,50000.0,0.6014,1.8353652,10000.0,12029.003738880156,12263.979522943497,12029.003738880156,234.2279772758484,0.3990471363067627,0.0
43400,3.758775,1.2211493,,,,,,,,,,,,,,
43500,3.838369,1.3141534,,,,,,,,,,,,,,
43600,3.840034,1.2013876,,,,,,,,,,,,,,
43700,3.8022676,1.2862813,,,,,,,,,,,,,,
43800,3.9054875,1.139348,,,,,,,,,,,,,,
43900,3.9180703,1.2099111,,,,,,,,,,,,,,
44000,3.7666147,1.1831305,,,,,,,,,,,,,,
44100,3.9341269,1.2372073,,,,,,,,,,,,,,
44200,3.6843376,1.2083907,,,,,,,,,,,,,,
44300,3.99669,1.2787347,,,,,,,,,,,,,,
44400,3.9241638,1.2437062,,,,,,,,,,,,,,
44500,3.6839964,1.1668802,,,,,,,,,,,,,,
44600,3.646383,1.1201465,,,,,,,,,,,,,,
44700,3.771726,1.2500966,,,,,,,,,,,,,,
44800,3.5588775,1.1874282,,,,,,,,,,,,,,
44900,3.6903758,1.2086264,,,,,,,,,,,,,,
45000,3.8533034,1.199441,,,,,,,,,,,,,,
45100,3.7426927,1.2166877,,,,,,,,,,,,,,
45200,3.8454752,1.0834129,,,,,,,,,,,,,,
45300,3.6512003,1.0973831,,,,,,,,,,,,,,
45400,4.042835,1.264158,,,,,,,,,,,,,,
45500,3.89529,1.23367,,,,,,,,,,,,,,
45600,3.9634361,1.2658185,,,,,,,,,,,,,,
45700,3.663157,1.2126045,,,,,,,,,,,,,,
45800,3.7708585,1.1736377,,,,,,,,,,,,,,
45900,4.1615806,1.2981557,,,,,,,,,,,,,,
46000,3.9752054,1.2058008,,,,,,,,,,,,,,
46100,3.8168378,1.2613497,,,,,,,,,,,,,,
46200,3.8483484,1.2571222,,,,,,,,,,,,,,
46300,3.633871,1.2187614,,,,,,,,,,,,,,
46400,3.81775,1.1392074,,,,,,,,,,,,,,
46500,3.8533263,1.1855035,,,,,,,,,,,,,,
46600,3.7138875,1.1475059,,,,,,,,,,,,,,
46700,3.8574653,1.2164347,,,,,,,,,,,,,,
46800,3.8558087,1.2167228,,,,,,,,,,,,,,
46900,3.8240185,1.1806303,,,,,,,,,,,,,,
47000,3.7516644,1.1926588,,,,,,,,,,,,,,
47100,3.5360892,1.1235671,,,,,,,,,,,,,,
47200,3.7130394,1.2315613,,,,,,,,,,,,,,
47300,3.8925238,1.1290244,,,,,,,,,,,,,,
47400,3.7779324,1.1525757,,,,,,,,,,,,,,
47500,3.9430337,1.164497,,,,,,,,,,,,,,
47600,3.7279005,1.1591728,,,,,,,,,,,,,,
47700,4.0636673,1.2984593,,,,,,,,,,,,,,
47800,3.709247,1.1685615,,,,,,,,,,,,,,
47900,3.7909658,1.1385629,,,,,,,,,,,,,,
48000,3.6654634,1.100507,,,,,,,,,,,,,,
48100,3.959243,1.2706262,,,,,,,,,,,,,,
48200,3.683822,1.2227424,,,,,,,,,,,,,,
48300,3.951264,1.2738168,,,,,,,,,,,,,,
48400,3.8315246,1.256419,,,,,,,,,,,,,,
48500,3.690515,1.2040054,,,,,,,,,,,,,,
48600,3.7551534,1.1426451,,,,,,,,,,,,,,
48700,3.5489802,1.1523899,,,,,,,,,,,,,,
48800,4.0646996,1.1820878,,,,,,,,,,,,,,
48900,3.8195705,1.2134461,,,,,,,,,,,,,,
49000,3.8589845,1.2861208,,,,,,,,,,,,,,
49100,4.076884,1.1019967,,,,,,,,,,,,,,
49200,3.5611022,1.1566298,,,,,,,,,,,,,,
49300,4.0794454,1.1880989,,,,,,,,,,,,,,
49400,3.7222571,1.2842453,,,,,,,,,,,,,,
49500,3.619926,1.2544177,,,,,,,,,,,,,,
49600,3.610679,1.1426619,,,,,,,,,,,,,,
49700,3.7005517,1.1931249,,,,,,,,,,,,,,
49800,4.162051,1.2766393,,,,,,,,,,,,,,
49900,3.8201911,1.1742187,,,,,,,,,,,,,,
50000,4.033286,1.1967845,,,,,,,,,,,,,,
50100,3.719063,1.14393,,,,,,,,,,,,,,
50200,3.9788907,1.1504235,,,,,,,,,,,,,,
50300,3.8005278,1.2322545,,,,,,,,,,,,,,
50400,3.8445477,1.2171235,,,,,,,,,,,,,,
50500,3.5295475,1.1034695,,,,,,,,,,,,,,
50600,3.8341892,1.1428819,,,,,,,,,,,,,,
50652,,,0.8825733,0.42156616,0.73304,1.099628,50000.0,0.6049,1.8242571,10000.0,14025.104043245316,14280.152136325836,14025.104043245316,254.1667010784149,0.4768648147583008,0.0
50700,3.856446,1.1265738,,,,,,,,,,,,,,
50800,3.7209387,1.2232614,,,,,,,,,,,,,,
50900,3.9475174,1.1787422,,,,,,,,,,,,,,
51000,3.7816567,1.1190157,,,,,,,,,,,,,,
51100,4.438498,1.2693188,,,,,,,,,,,,,,
51200,3.6849558,1.151834,,,,,,,,,,,,,,
51300,3.8855135,1.1746887,,,,,,,,,,,,,,
51400,3.557338,1.1118021,,,,,,,,,,,,,,
51500,3.822354,1.2042451,,,,,,,,,,,,,,
51600,3.8021438,1.1663927,,,,,,,,,,,,,,
51700,3.7539885,1.143114,,,,,,,,,,,,,,
51800,3.6831186,1.171516,,,,,,,,,,,,,,
51900,3.6539068,1.1556969,,,,,,,,,,,,,,
52000,4.1219535,1.0937388,,,,,,,,,,,,,,
52100,4.0955977,1.1905463,,,,,,,,,,,,,,
52200,3.9252086,1.1882751,,,,,,,,,,,,,,
52300,3.8711452,1.2405598,,,,,,,,,,,,,,
52400,3.6672602,1.0790393,,,,,,,,,,,,,,
52500,4.031848,1.198161,,,,,,,,,,,,,,
52600,3.8052483,1.168052,,,,,,,,,,,,,,
52700,4.1768384,1.210728,,,,,,,,,,,,,,
52800,3.8563814,1.2226424,,,,,,,,,,,,,,
52900,3.8286998,1.1992027,,,,,,,,,,,,,,
53000,4.061286,1.2435791,,,,,,,,,,,,,,
53100,3.7742918,1.0716408,,,,,,,,,,,,,,
53200,3.773767,1.1041257,,,,,,,,,,,,,,
53300,4.0174336,1.2508738,,,,,,,,,,,,,,
53400,3.9715,1.1899488,,,,,,,,,,,,,,
53500,4.3113356,1.202406,,,,,,,,,,,,,,
53600,4.308871,1.22746,,,,,,,,,,,,,,
53700,3.9699793,1.2339712,,,,,,,,,,,,,,
53800,4.0780044,1.1912181,,,,,,,,,,,,,,
53900,3.831034,1.2666469,,,,,,,,,,,,,,
54000,4.0323863,1.1796027,,,,,,,,,,,,,,
54100,4.352496,1.2586602,,,,,,,,,,,,,,
54200,3.6723557,1.1189687,,,,,,,,,,,,,,
54300,4.552175,1.2961984,,,,,,,,,,,,,,
54400,4.0918627,1.2088381,,,,,,,,,,,,,,
54500,3.8744678,1.1262267,,,,,,,,,,,,,,
54600,3.6525435,1.0134423,,,,,,,,,,,,,,
54700,3.8955545,1.1288979,,,,,,,,,,,,,,
54800,3.652568,1.0719738,,,,,,,,,,,,,,
54900,3.7272418,1.0911667,,,,,,,,,,,,,,
55000,3.8629835,1.1250968,,,,,,,,,,,,,,
55100,3.9354248,1.2094066,,,,,,,,,,,,,,
55200,4.14725,1.237493,,,,,,,,,,,,,,
55300,3.8530462,1.0989838,,,,,,,,,,,,,,
55400,3.8659694,1.131269,,,,,,,,,,,,,,
55500,4.146842,1.131792,,,,,,,,,,,,,,
55600,4.1163673,1.2117164,,,,,,,,,,,,,,
55700,3.8638272,1.1123538,,,,,,,,,,,,,,
55800,3.8218632,1.1377207,,,,,,,,,,,,,,
55900,3.705408,1.0731494,,,,,,,,,,,,,,
56000,3.802778,1.1962593,,,,,,,,,,,,,,
56100,4.0114374,1.169816,,,,,,,,,,,,,,
56200,3.9915,1.1629682,,,,,,,,,,,,,,
56300,4.3516307,1.1437631,,,,,,,,,,,,,,
56400,4.037383,1.1680291,,,,,,,,,,,,,,
56500,4.216048,1.3193591,,,,,,,,,,,,,,
56600,4.009959,1.1605302,,,,,,,,,,,,,,
56700,4.074022,1.1144714,,,,,,,,,,,,,,
56800,3.7664495,1.0946993,,,,,,,,,,,,,,
56900,3.9570668,1.093939,,,,,,,,,,,,,,
57000,4.007513,1.1606045,,,,,,,,,,,,,,
57100,3.911201,1.1433891,,,,,,,,,,,,,,
57200,3.9955914,1.2456777,,,,,,,,,,,,,,
57300,3.9539754,1.124114,,,,,,,,,,,,,,
57400,4.0560384,0.9987987,,,,,,,,,,,,,,
57500,4.183344,1.1602571,,,,,,,,,,,,,,
57600,4.0076694,1.1833366,,,,,,,,,,,,,,
57700,4.0574794,1.1080097,,,,,,,,,,,,,,
57800,4.268199,1.1539365,,,,,,,,,,,,,,
57900,4.091437,1.1722476,,,,,,,,,,,,,,
58000,,,0.89333546,0.38592175,0.73793995,1.0922809,50000.0,0.60840005,1.827331,10000.0,16021.15643143654,16297.145352840424,16021.15643143654,274.9797277450561,0.5500438213348389,0.0
58000,4.266199,1.2664751,,,,,,,,,,,,,,
58100,4.271528,1.1736848,,,,,,,,,,,,,,
58200,3.9098234,1.1469874,,,,,,,,,,,,,,
58300,4.2364326,1.2047976,,,,,,,,,,,,,,
58400,3.8811357,1.1175302,,,,,,,,,,,,,,
58500,4.3930254,1.2825935,,,,,,,,,,,,,,
58600,4.021306,1.0993365,,,,,,,,,,,,,,
58700,4.3637843,1.1538273,,,,,,,,,,,,,,
58800,3.8454103,1.0427529,,,,,,,,,,,,,,
58900,3.9080584,1.1944274,,,,,,,,,,,,,,
59000,4.2907887,1.1320474,,,,,,,,,,,,,,
59100,3.986759,1.1571306,,,,,,,,,,,,,,
59200,4.42542,1.2238481,,,,,,,,,,,,,,
59300,4.1663775,1.1755134,,,,,,,,,,,,,,
59400,4.1101885,1.1590779,,,,,,,,,,,,,,
59500,4.1747913,1.1312954,,,,,,,,,,,,,,
59600,4.1313505,1.184025,,,,,,,,,,,,,,
59700,4.1988487,1.1663826,,,,,,,,,,,,,,
59800,4.288027,1.1486768,,,,,,,,,,,,,,
59900,4.1312985,1.133668,,,,,,,,,,,,,,
60000,4.259805,1.1808662,,,,,,,,,,,,,,
60100,4.3595853,1.1758353,,,,,,,,,,,,,,
60200,4.0811357,1.0540582,,,,,,,,,,,,,,
60300,4.3406944,1.1885872,,,,,,,,,,,,,,
60400,4.1503606,1.1544098,,,,,,,,,,,,,,
60500,4.0770993,1.086525,,,,,,,,,,,,,,
60600,4.1834636,1.1093826,,,,,,,,,,,,,,
60700,4.333501,1.2967234,,,,,,,,,,,,,,
60800,4.3776274,1.1511333,,,,,,,,,,,,,,
60900,4.6207724,1.2068123,,,,,,,,,,,,,,
61000,4.273546,1.0745435,,,,,,,,,,,,,,
61100,4.1861777,1.185734,,,,,,,,,,,,,,
61200,4.2603564,1.129649,,,,,,,,,,,,,,
61300,4.1431174,1.1200348,,,,,,,,,,,,,,
61400,4.191992,1.1138744,,,,,,,,,,,,,,
61500,4.136183,1.2025254,,,,,,,,,,,,,,
61600,4.4478493,1.2000651,,,,,,,,,,,,,,
61700,4.166732,1.0973763,,,,,,,,,,,,,,
61800,3.8528018,1.0914725,,,,,,,,,,,,,,
61900,4.2000227,1.1129133,,,,,,,,,,,,,,
62000,3.960378,1.1407962,,,,,,,,,,,,,,
62100,4.15252,1.118896,,,,,,,,,,,,,,
62200,4.3230796,1.099472,,,,,,,,,,,,,,
62300,4.439029,1.1521847,,,,,,,,,,,,,,
62400,4.4056544,1.1520469,,,,,,,,,,,,,,
62500,4.4586806,1.0874255,,,,,,,,,,,,,,
62600,4.1254106,1.083565,,,,,,,,,,,,,,
62700,4.187085,1.069104,,,,,,,,,,,,,,
62800,4.339331,1.1084336,,,,,,,,,,,,,,
62900,4.2554927,1.0886254,,,,,,,,,,,,,,
63000,4.6627398,1.2226794,,,,,,,,,,,,,,
63100,4.64983,1.2214763,,,,,,,,,,,,,,
63200,4.228373,1.1480267,,,,,,,,,,,,,,
63300,4.24091,1.116143,,,,,,,,,,,,,,
63400,4.505836,1.2003531,,,,,,,,,,,,,,
63500,4.397471,1.0809308,,,,,,,,,,,,,,
63600,4.3889093,1.0458391,,,,,,,,,,,,,,
63700,4.265614,1.1787379,,,,,,,,,,,,,,
63800,4.3987827,1.0236881,,,,,,,,,,,,,,
63900,4.1457057,1.053657,,,,,,,,,,,,,,
64000,4.44475,1.1091942,,,,,,,,,,,,,,
64100,4.503634,1.1250671,,,,,,,,,,,,,,
64200,4.771666,1.1823153,,,,,,,,,,,,,,
64300,4.398668,1.171495,,,,,,,,,,,,,,
64400,4.5516863,1.1718559,,,,,,,,,,,,,,
64500,4.6554656,1.1378293,,,,,,,,,,,,,,
64600,4.5468926,1.1397963,,,,,,,,,,,,,,
64700,4.4327855,1.0918393,,,,,,,,,,,,,,
64800,5.0004153,1.2811095,,,,,,,,,,,,,,
64900,4.546041,1.181517,,,,,,,,,,,,,,
65000,4.3732634,1.0954612,,,,,,,,,,,,,,
65100,4.645698,1.0748384,,,,,,,,,,,,,,
65200,4.8896317,1.2568674,,,,,,,,,,,,,,
65300,4.395275,1.1298604,,,,,,,,,,,,,,
65347,,,0.902264,0.35404882,0.74158,1.082871,50000.0,0.60940003,1.8199519,10000.0,18017.071206331253,18312.510173797607,18017.071206331253,294.29212617874146,0.6333343982696533,0.0
65400,4.1013985,1.0438628,,,,,,,,,,,,,,
65500,4.575092,1.1421041,,,,,,,,,,,,,,
65600,4.8488116,1.1906431,,,,,,,,,,,,,,
65700,4.292194,1.0560154,,,,,,,,,,,,,,
65800,4.673631,1.186329,,,,,,,,,,,,,,
65900,4.711935,1.1794851,,,,,,,,,,,,,,
66000,4.860057,1.1710649,,,,,,,,,,,,,,
66100,4.5957174,1.0941316,,,,,,,,,,,,,,
66200,4.7702646,1.1939869,,,,,,,,,,,,,,
66300,4.395035,1.1467046,,,,,,,,,,,,,,
66400,4.7678843,1.1233928,,,,,,,,,,,,,,
66500,4.7392626,1.1042908,,,,,,,,,,,,,,
66600,4.4891205,1.0323498,,,,,,,,,,,,,,
66700,4.6674447,1.1761155,,,,,,,,,,,,,,
66800,4.850111,1.2334927,,,,,,,,,,,,,,
66900,4.7207894,1.122287,,,,,,,,,,,,,,
67000,4.7252994,1.1959786,,,,,,,,,,,,,,
67100,4.805488,1.1020101,,,,,,,,,,,,,,
67200,4.814242,1.1361172,,,,,,,,,,,,,,
67300,4.710191,1.0817449,,,,,,,,,,,,,,
67400,4.733649,1.1257764,,,,,,,,,,,,,,
67500,4.735122,1.048217,,,,,,,,,,,,,,
67600,4.858154,1.1353048,,,,,,,,,,,,,,
67700,4.8453445,1.1502013,,,,,,,,,,,,,,
67800,5.0091267,1.1272146,,,,,,,,,,,,,,
67900,5.078135,1.1565523,,,,,,,,,,,,,,
68000,4.9953475,1.186733,,,,,,,,,,,,,,
68100,4.884612,1.1477438,,,,,,,,,,,,,,
68200,5.104713,1.0627395,,,,,,,,,,,,,,
68300,4.7650495,1.1504947,,,,,,,,,,,,,,
68400,4.8135657,1.0259149,,,,,,,,,,,,,,
68500,4.8979807,1.1635754,,,,,,,,,,,,,,
68600,5.1913557,1.1521981,,,,,,,,,,,,,,
68700,4.766917,1.1064397,,,,,,,,,,,,,,
68800,4.7429748,1.0124551,,,,,,,,,,,,,,
68900,5.1092186,1.1678386,,,,,,,,,,,,,,
69000,4.915888,1.0976502,,,,,,,,,,,,,,
69100,4.9939275,1.1646918,,,,,,,,,,,,,,
69200,4.7816005,1.1242425,,,,,,,,,,,,,,
69300,4.622041,1.0229255,,,,,,,,,,,,,,
69400,4.9112043,1.1304281,,,,,,,,,,,,,,
69500,4.8161283,1.0334134,,,,,,,,,,,,,,
69600,4.833179,1.1574497,,,,,,,,,,,,,,
69700,4.846081,1.121536,,,,,,,,,,,,,,
69800,4.948748,1.189501,,,,,,,,,,,,,,
69900,4.989412,1.1351153,,,,,,,,,,,,,,
70000,5.0187893,1.1443202,,,,,,,,,,,,,,
70100,5.0282884,1.0329019,,,,,,,,,,,,,,
70200,4.9962077,1.1389139,,,,,,,,,,,,,,
70300,4.8510723,1.1627276,,,,,,,,,,,,,,
70400,4.9225383,1.1140366,,,,,,,,,,,,,,
70500,5.1522565,1.1049968,,,,,,,,,,,,,,
70600,5.018624,1.090923,,,,,,,,,,,,,,
70700,5.124017,1.1382887,,,,,,,,,,,,,,
70800,4.6881695,1.0554055,,,,,,,,,,,,,,
70900,5.0530376,1.0685118,,,,,,,,,,,,,,
71000,5.073338,1.1066813,,,,,,,,,,,,,,
71100,4.900101,1.0835748,,,,,,,,,,,,,,
71200,4.8896112,1.1217282,,,,,,,,,,,,,,
71300,4.8255243,1.0652604,,,,,,,,,,,,,,
71400,5.046197,1.1287489,,,,,,,,,,,,,,
71500,5.1316175,1.1914294,,,,,,,,,,,,,,
71600,5.0314293,1.1474926,,,,,,,,,,,,,,
71700,5.113085,1.1210182,,,,,,,,,,,,,,
71800,5.015654,1.079128,,,,,,,,,,,,,,
71900,5.3342195,1.1214805,,,,,,,,,,,,,,
72000,4.7615294,1.0512674,,,,,,,,,,,,,,
72100,4.807605,1.0979234,,,,,,,,,,,,,,
72200,5.260127,1.2045759,,,,,,,,,,,,,,
72300,5.15654,1.1268678,,,,,,,,,,,,,,
72400,5.1114707,1.1325665,,,,,,,,,,,,,,
72500,5.1741796,1.0892267,,,,,,,,,,,,,,
72600,4.9667826,1.1475439,,,,,,,,,,,,,,
72694,,,0.90927935,0.32634285,0.74307996,1.0753398,50000.0,0.6147,1.8146323,10000.0,20012.96212363243,20327.902194976807,20012.96212363243,313.6133460998535,0.7590162754058838,0.0
72700,4.6899843,0.97615135,,,,,,,,,,,,,,
72800,4.9431405,1.0665078,,,,,,,,,,,,,,
72900,5.512061,1.1972532,,,,,,,,,,,,,,
73000,5.0363684,1.0724593,,,,,,,,,,,,,,
73100,5.249212,1.1665466,,,,,,,,,,,,,,
73200,5.332741,1.2013266,,,,,,,,,,,,,,
73300,5.324157,1.0642511,,,,,,,,,,,,,,
73400,4.9939175,1.156178,,,,,,,,,,,,,,
73500,5.163724,1.0922663,,,,,,,,,,,,,,
73600,4.9074717,1.0498846,,,,,,,,,,,,,,
73700,4.8206954,1.093143,,,,,,,,,,,,,,
73800,5.0171614,1.0809097,,,,,,,,,,,,,,
73900,5.090183,1.1102786,,,,,,,,,,,,,,
74000,5.0841956,1.1111267,,,,,,,,,,,,,,
74100,5.1485434,1.0917758,,,,,,,,,,,,,,
74200,5.2152987,1.1212313,,,,,,,,,,,,,,
74300,4.7904363,1.0373541,,,,,,,,,,,,,,
74400,5.0878873,1.052003,,,,,,,,,,,,,,
74500,4.849293,1.0941191,,,,,,,,,,,,,,
74600,5.276229,1.1550941,,,,,,,,,,,,,,
74700,4.9015603,1.0848163,,,,,,,,,,,,,,
74800,5.1719303,1.1358135,,,,,,,,,,,,,,
74900,4.9958024,1.1031027,,,,,,,,,,,,,,
75000,5.4661593,1.1077738,,,,,,,,,,,,,,
75100,5.0615077,1.1366379,,,,,,,,,,,,,,
75200,5.077212,1.0915116,,,,,,,,,,,,,,
75300,4.9992113,0.9825882,,,,,,,,,,,,,,
75400,5.197593,1.1111698,,,,,,,,,,,,,,
75500,5.3314877,1.1875978,,,,,,,,,,,,,,
75600,5.0602856,1.1027426,,,,,,,,,,,,,,
75700,5.08697,1.192348,,,,,,,,,,,,,,
75800,5.441875,1.2674406,,,,,,,,,,,,,,
75900,4.949965,1.0476015,,,,,,,,,,,,,,
76000,5.0859857,1.1001587,,,,,,,,,,,,,,
76100,5.0455136,1.1088716,,,,,,,,,,,,,,
76200,5.341018,1.1231399,,,,,,,,,,,,,,
76300,5.3704367,1.0661956,,,,,,,,,,,,,,
76400,4.976427,1.0836548,,,,,,,,,,,,,,
76500,5.4026556,1.1506675,,,,,,,,,,,,,,
76600,4.9655247,1.0757575,,,,,,,,,,,,,,
76700,5.2035623,1.1152128,,,,,,,,,,,,,,
76800,5.209283,1.1114662,,,,,,,,,,,,,,
76900,5.270101,1.1034777,,,,,,,,,,,,,,
77000,4.8308296,1.0300521,,,,,,,,,,,,,,
77100,5.3809524,1.1462505,,,,,,,,,,,,,,
77200,5.091733,1.113556,,,,,,,,,,,,,,
77300,5.3890595,1.1136119,,,,,,,,,,,,,,
77400,5.3050623,1.1488097,,,,,,,,,,,,,,
77500,5.026466,1.1129503,,,,,,,,,,,,,,
77600,4.986379,1.0278469,,,,,,,,,,,,,,
77700,5.2701235,1.0422487,,,,,,,,,,,,,,
77800,5.0935373,1.107171,,,,,,,,,,,,,,
77900,5.197537,1.0779983,,,,,,,,,,,,,,
78000,4.9968553,1.0701377,,,,,,,,,,,,,,
78100,5.239736,1.0844916,,,,,,,,,,,,,,
78200,4.9963965,1.1201118,,,,,,,,,,,,,,
78300,5.0270433,1.0806214,,,,,,,,,,,,,,
78400,5.1397977,1.1045668,,,,,,,,,,,,,,
78500,5.1425457,1.0673243,,,,,,,,,,,,,,
78600,5.02767,1.0249481,,,,,,,,,,,,,,
78700,4.728236,0.9893838,,,,,,,,,,,,,,
78800,5.2896347,1.0834748,,,,,,,,,,,,,,
78900,5.052718,1.0009924,,,,,,,,,,,,,,
79000,4.82037,1.0780344,,,,,,,,,,,,,,
79100,4.7704825,1.0067875,,,,,,,,,,,,,,
79200,4.845875,1.0587311,,,,,,,,,,,,,,
79300,4.9850364,1.080037,,,,,,,,,,,,,,
79400,5.6578145,1.2805588,,,,,,,,,,,,,,
79500,5.17447,1.1091934,,,,,,,,,,,,,,
79600,4.9196935,1.0635347,,,,,,,,,,,,,,
79700,5.0095954,1.1064584,,,,,,,,,,,,,,
79800,5.11172,1.1639938,,,,,,,,,,,,,,
79900,4.948285,1.05159,,,,,,,,,,,,,,
80000,5.069772,1.0621607,,,,,,,,,,,,,,
80043,,,0.91222894,0.31514737,0.74571997,1.0688671,50000.0,0.6169,1.8074372,10000.0,22009.03094482422,22343.13378739357,22009.03094482422,332.6312868595124,0.8456320762634277,0.0
80100,5.1131988,1.169847,,,,,,,,,,,,,,
80200,4.946498,1.0154576,,,,,,,,,,,,,,
80300,5.2878795,1.133779,,,,,,,,,,,,,,
80400,5.182885,1.0644695,,,,,,,,,,,,,,
80500,4.8877487,1.0537732,,,,,,,,,,,,,,
80600,5.0263906,1.0620787,,,,,,,,,,,,,,
80700,4.8828907,1.0320381,,,,,,,,,,,,,,
80800,4.9460044,1.0686345,,,,,,,,,,,,,,
80900,5.1323714,1.1387948,,,,,,,,,,,,,,
81000,5.0419364,1.0906144,,,,,,,,,,,,,,
81100,5.2103124,1.1718459,,,,,,,,,,,,,,
81200,4.8997874,1.0311811,,,,,,,,,,,,,,
81300,5.077867,1.090095,,,,,,,,,,,,,,
81400,5.1318045,1.0895289,,,,,,,,,,,,,,
81500,5.088109,1.103672,,,,,,,,,,,,,,
81600,5.099239,1.0408028,,,,,,,,,,,,,,
81700,4.827699,1.1043036,,,,,,,,,,,,,,
81800,4.971064,1.0910473,,,,,,,,,,,,,,
81900,5.0135436,1.0581582,,,,,,,,,,,,,,
82000,4.9640903,1.0352639,,,,,,,,,,,,,,
82100,5.274636,1.0858243,,,,,,,,,,,,,,
82200,5.006178,1.024553,,,,,,,,,,,,,,
82300,5.0700665,1.0593002,,,,,,,,,,,,,,
82400,4.902981,1.0498555,,,,,,,,,,,,,,
82500,5.0452766,1.0761722,,,,,,,,,,,,,,
82600,4.914962,1.0793989,,,,,,,,,,,,,,
82700,5.0972834,1.1361911,,,,,,,,,,,,,,
82800,4.956486,1.1064572,,,,,,,,,,,,,,
82900,5.2352395,1.0173517,,,,,,,,,,,,,,
83000,4.9941444,0.9846731,,,,,,,,,,,,,,
83100,4.9594126,1.0473714,,,,,,,,,,,,,,
83200,5.04539,1.0236719,,,,,,,,,,,,,,
83300,5.161511,1.0587641,,,,,,,,,,,,,,
83400,5.181464,1.0942295,,,,,,,,,,,,,,
83500,5.074194,1.0586226,,,,,,,,,,,,,,
83600,5.1713724,1.0009553,,,,,,,,,,,,,,
83700,5.1238685,1.04446,,,,,,,,,,,,,,
83800,5.1548634,1.0726624,,,,,,,,,,,,,,
83900,5.0789886,1.1255805,,,,,,,,,,,,,,
84000,4.7159834,0.9851528,,,,,,,,,,,,,,
84100,5.438589,1.1654451,,,,,,,,,,,,,,
84200,5.2021155,1.0195572,,,,,,,,,,,,,,
84300,5.058208,1.1060691,,,,,,,,,,,,,,
84400,4.837041,1.0481673,,,,,,,,,,,,,,
84500,5.12096,1.1078612,,,,,,,,,,,,,,
84600,4.86999,1.0453006,,,,,,,,,,,,,,
84700,5.0442452,1.0835396,,,,,,,,,,,,,,
84800,5.22209,1.1302387,,,,,,,,,,,,,,
84900,4.9576373,1.0302064,,,,,,,,,,,,,,
85000,4.869359,1.1109618,,,,,,,,,,,,,,
85100,5.034587,1.0882887,,,,,,,,,,,,,,
85200,5.167698,1.0896208,,,,,,,,,,,,,,
85300,5.0002513,1.0972663,,,,,,,,,,,,,,
85400,4.837368,0.9755047,,,,,,,,,,,,,,
85500,4.7857847,1.0627222,,,,,,,,,,,,,,
85600,4.9846253,1.1040779,,,,,,,,,,,,,,
85700,4.884222,1.0519648,,,,,,,,,,,,,,
85800,5.123118,1.074173,,,,,,,,,,,,,,
85900,5.249913,1.1543036,,,,,,,,,,,,,,
86000,4.9746966,1.0515488,,,,,,,,,,,,,,
86100,5.0895796,1.0050457,,,,,,,,,,,,,,
86200,5.067255,1.0853183,,,,,,,,,,,,,,
86300,4.729895,1.0786406,,,,,,,,,,,,,,
86400,4.949068,1.1230841,,,,,,,,,,,,,,
86500,5.0749006,1.1195447,,,,,,,,,,,,,,
86600,5.099457,1.0718032,,,,,,,,,,,,,,
86700,4.877786,1.0005264,,,,,,,,,,,,,,
86800,4.8197565,1.0957747,,,,,,,,,,,,,,
86900,4.9505,1.0673534,,,,,,,,,,,,,,
87000,4.930877,1.0989255,,,,,,,,,,,,,,
87100,4.9982147,1.0931754,,,,,,,,,,,,,,
87200,5.0601563,1.0923957,,,,,,,,,,,,,,
87300,5.031198,1.1320168,,,,,,,,,,,,,,
87391,,,0.91685265,0.29532543,0.74799997,1.0682663,50000.0,0.6222,1.8081042,10000.0,24004.935247659683,24358.087627649307,24004.935247659683,351.5444669723511,0.9268791675567628,0.0
87400,5.015869,1.0852727,,,,,,,,,,,,,,
87500,4.9341426,1.012235,,,,,,,,,,,,,,
87600,4.7858152,1.0094504,,,,,,,,,,,,,,
87700,4.8194375,1.0377021,,,,,,,,,,,,,,
87800,5.2482977,1.0672426,,,,,,,,,,,,,,
87900,5.049841,1.1824479,,,,,,,,,,,,,,
88000,4.90905,1.1345601,,,,,,,,,,,,,,
88100,4.8712363,1.054158,,,,,,,,,,,,,,
88200,4.7149897,0.98034084,,,,,,,,,,,,,,
88300,4.8513575,1.0380288,,,,,,,,,,,,,,
88400,5.0067377,1.0429959,,,,,,,,,,,,,,
88500,4.8720307,1.0394173,,,,,,,,,,,,,,
88600,4.863335,1.1059322,,,,,,,,,,,,,,
88700,4.7515917,1.0520637,,,,,,,,,,,,,,
88800,4.9439836,0.99090314,,,,,,,,,,,,,,
88900,4.9882364,1.0989187,,,,,,,,,,,,,,
89000,5.2238436,1.010062,,,,,,,,,,,,,,
89100,5.0995555,1.1460268,,,,,,,,,,,,,,
89200,4.8322935,0.9931568,,,,,,,,,,,,,,
89300,4.909796,1.0210639,,,,,,,,,,,,,,
89400,5.0393767,1.0735879,,,,,,,,,,,,,,
89500,4.947811,1.0446227,,,,,,,,,,,,,,
89600,5.052219,1.1364977,,,,,,,,,,,,,,
89700,4.9590635,1.111038,,,,,,,,,,,,,,
89800,4.7353134,0.946989,,,,,,,,,,,,,,
89900,5.279326,1.1187086,,,,,,,,,,,,,,
90000,5.1742086,1.0775628,,,,,,,,,,,,,,
90100,4.7956986,0.9834789,,,,,,,,,,,,,,
90200,5.272673,1.11917,,,,,,,,,,,,,,
90300,5.660727,1.1786872,,,,,,,,,,,,,,
90400,5.172415,1.1467474,,,,,,,,,,,,,,
90500,5.1060367,1.0421147,,,,,,,,,,,,,,
90600,4.9556656,1.0542107,,,,,,,,,,,,,,
90700,4.9489884,1.0779397,,,,,,,,,,,,,,
90800,4.924531,1.1202385,,,,,,,,,,,,,,
90900,4.8799877,1.0456531,,,,,,,,,,,,,,
91000,4.9104,1.0538738,,,,,,,,,,,,,,
91100,5.1652822,1.0837772,,,,,,,,,,,,,,
91200,4.861031,0.9770347,,,,,,,,,,,,,,
91300,4.9131556,1.0742205,,,,,,,,,,,,,,
91400,4.979848,1.0733672,,,,,,,,,,,,,,
91500,5.0065427,1.0828426,,,,,,,,,,,,,,
91600,5.27891,1.0683128,,,,,,,,,,,,,,
91700,5.118815,1.0788077,,,,,,,,,,,,,,
91800,5.1175914,1.0877798,,,,,,,,,,,,,,
91900,5.3716702,1.079496,,,,,,,,,,,,,,
92000,4.9744644,1.0612086,,,,,,,,,,,,,,
92100,5.135711,1.0713037,,,,,,,,,,,,,,
92200,5.0397167,1.0348458,,,,,,,,,,,,,,
92300,5.326661,1.1817472,,,,,,,,,,,,,,
92400,5.176075,1.1199017,,,,,,,,,,,,,,
92500,5.160791,1.136613,,,,,,,,,,,,,,
92600,4.847156,1.0833344,,,,,,,,,,,,,,
92700,4.866338,1.0173717,,,,,,,,,,,,,,
92800,4.7310104,0.97787917,,,,,,,,,,,,,,
92900,5.4378824,1.0558954,,,,,,,,,,,,,,
93000,5.451285,1.1221316,,,,,,,,,,,,,,
93100,5.274907,1.1346939,,,,,,,,,,,,,,
93200,4.73127,0.9297258,,,,,,,,,,,,,,
93300,4.782538,1.0598221,,,,,,,,,,,,,,
93400,4.7977295,0.9936654,,,,,,,,,,,,,,
93500,5.5949597,1.1642555,,,,,,,,,,,,,,
93600,4.7652235,1.0357654,,,,,,,,,,,,,,
93700,5.343917,1.1298788,,,,,,,,,,,,,,
93800,4.9282737,1.0203506,,,,,,,,,,,,,,
93900,5.0251594,1.0504158,,,,,,,,,,,,,,
94000,4.8549056,1.0002855,,,,,,,,,,,,,,
94100,5.069383,1.0210922,,,,,,,,,,,,,,
94200,5.237695,1.1314602,,,,,,,,,,,,,,
94300,5.2064524,1.1304226,,,,,,,,,,,,,,
94400,5.077344,1.056291,,,,,,,,,,,,,,
94500,4.610357,0.97220606,,,,,,,,,,,,,,
94600,5.03667,1.1185843,,,,,,,,,,,,,,
94700,4.9727693,1.0761825,,,,,,,,,,,,,,
94739,,,0.9225127,0.27492654,0.74825996,1.0668399,50000.0,0.6223,1.8116835,10000.0,26000.92212820053,26372.754496335983,26000.92212820053,370.096216917038,1.0008885860443115,0.0
94800,4.971934,1.029256,,,,,,,,,,,,,,
94900,5.3871617,1.2059314,,,,,,,,,,,,,,
95000,4.5983825,1.0087382,,,,,,,,,,,,,,
95100,4.9457693,1.1177403,,,,,,,,,,,,,,
95200,4.9336615,1.0619826,,,,,,,,,,,,,,
95300,4.8128366,1.0082529,,,,,,,,,,,,,,
95400,4.9936223,1.0789049,,,,,,,,,,,,,,
95500,4.9450784,1.029114,,,,,,,,,,,,,,
95600,5.5061736,1.0796665,,,,,,,,,,,,,,
95700,4.8125243,1.0255804,,,,,,,,,,,,,,
95800,5.0795546,1.0806682,,,,,,,,,,,,,,
95900,4.8437567,1.0355265,,,,,,,,,,,,,,
96000,5.3442397,1.037286,,,,,,,,,,,,,,
96100,5.0466065,1.0690119,,,,,,,,,,,,,,
96200,4.8625293,1.01255,,,,,,,,,,,,,,
96300,4.772211,0.96389896,,,,,,,,,,,,,,
96400,5.2974033,1.0052752,,,,,,,,,,,,,,
96500,4.8313074,1.0771823,,,,,,,,,,,,,,
96600,4.9377627,1.0503266,,,,,,,,,,,,,,
96700,4.926253,1.031436,,,,,,,,,,,,,,
96800,4.8064666,1.0545588,,,,,,,,,,,,,,
96900,5.284399,1.0499146,,,,,,,,,,,,,,
97000,5.0631294,1.0725465,,,,,,,,,,,,,,
97100,4.9528403,1.026155,,,,,,,,,,,,,,
97200,4.983527,1.0607932,,,,,,,,,,,,,,
97300,4.8502336,0.9238431,,,,,,,,,,,,,,
97400,4.8864746,0.92702675,,,,,,,,,,,,,,
97500,4.906455,1.001454,,,,,,,,,,,,,,
97600,4.96418,1.064037,,,,,,,,,,,,,,
97700,4.991408,1.040691,,,,,,,,,,,,,,
97800,5.1578016,1.0418515,,,,,,,,,,,,,,
97900,4.951785,1.0414765,,,,,,,,,,,,,,
98000,4.865336,0.9932012,,,,,,,,,,,,,,
98100,4.90823,1.0820711,,,,,,,,,,,,,,
98200,5.233084,1.1257625,,,,,,,,,,,,,,
98300,4.576355,0.9375049,,,,,,,,,,,,,,
98400,4.6483183,0.9683882,,,,,,,,,,,,,,
98500,5.208369,1.0753921,,,,,,,,,,,,,,
98600,5.0288897,1.039562,,,,,,,,,,,,,,
98700,4.966915,1.0096915,,,,,,,,,,,,,,
98800,5.030628,1.0480418,,,,,,,,,,,,,,
98900,4.924155,0.9764905,,,,,,,,,,,,,,
99000,4.966123,1.0577075,,,,,,,,,,,,,,
99100,4.9284573,1.0316542,,,,,,,,,,,,,,
99200,4.736952,1.0671934,,,,,,,,,,,,,,
99300,4.9404187,1.0320588,,,,,,,,,,,,,,
99400,4.9105377,1.0081161,,,,,,,,,,,,,,
99500,4.896153,1.0679349,,,,,,,,,,,,,,
99600,5.053324,1.0520259,,,,,,,,,,,,,,
99700,4.7733684,0.98437655,,,,,,,,,,,,,,
99800,5.040752,1.0362785,,,,,,,,,,,,,,
99900,4.678988,1.0400318,,,,,,,,,,,,,,
100000,5.248449,1.0327235,,,,,,,,,,,,,,
100100,4.7701435,1.0261389,,,,,,,,,,,,,,
100200,5.76545,1.0709963,,,,,,,,,,,,,,
100300,4.8403316,0.9635717,,,,,,,,,,,,,,
100400,4.840884,1.0655408,,,,,,,,,,,,,,
100500,4.7900114,1.0359106,,,,,,,,,,,,,,
100600,5.4092526,1.033861,,,,,,,,,,,,,,
100700,5.5870733,1.0350655,,,,,,,,,,,,,,
100800,5.060688,1.0704024,,,,,,,,,,,,,,
100900,5.1270385,1.1521246,,,,,,,,,,,,,,
101000,4.9267173,1.0340974,,,,,,,,,,,,,,
101100,5.0273223,1.0406004,,,,,,,,,,,,,,
101200,5.0330763,1.0904372,,,,,,,,,,,,,,
101300,4.825054,1.040417,,,,,,,,,,,,,,
101400,4.8433833,1.0063362,,,,,,,,,,,,,,
101500,4.7445316,0.9552045,,,,,,,,,,,,,,
101600,4.9734483,0.9699378,,,,,,,,,,,,,,
101700,4.9826045,1.0179889,,,,,,,,,,,,,,
101800,4.846098,1.0159227,,,,,,,,,,,,,,
101900,5.068577,1.0338603,,,,,,,,,,,,,,
102000,4.6018443,1.0067147,,,,,,,,,,,,,,
102085,,,0.92524314,0.26571548,0.74825996,1.0670127,50000.0,0.62280005,1.8185028,10000.0,27996.79708981514,28386.60117483139,27996.79708981514,387.9196887016296,1.094411849975586,0.0
102100,4.8165536,1.0145237,,,,,,,,,,,,,,
102200,4.984593,1.1294681,,,,,,,,,,,,,,
102300,5.106274,0.99789655,,,,,,,,,,,,,,
102400,5.0797663,1.1212626,,,,,,,,,,,,,,
102500,4.828175,1.0665109,,,,,,,,,,,,,,
102600,4.6693797,0.9746636,,,,,,,,,,,,,,
102700,4.991742,1.1489108,,,,,,,,,,,,,,
102800,4.8037853,1.0352353,,,,,,,,,,,,,,
102900,4.9764557,1.0332578,,,,,,,,,,,,,,
103000,5.1560593,1.0299481,,,,,,,,,,,,,,
103100,4.8152423,1.0263474,,,,,,,,,,,,,,
103200,4.935308,1.0087792,,,,,,,,,,,,,,
103300,4.6776104,0.9450888,,,,,,,,,,,,,,
103400,5.112031,1.0652318,,,,,,,,,,,,,,
103500,4.8390865,1.0880541,,,,,,,,,,,,,,
103600,4.8992805,1.0457368,,,,,,,,,,,,,,
103700,5.151355,1.0618922,,,,,,,,,,,,,,
103800,4.6631045,0.9681028,,,,,,,,,,,,,,
103900,4.6520686,1.0008343,,,,,,,,,,,,,,
104000,4.9891534,1.1246748,,,,,,,,,,,,,,
104100,5.0030246,1.1289878,,,,,,,,,,,,,,
104200,4.892868,0.94871056,,,,,,,,,,,,,,
104300,4.9158015,1.0313106,,,,,,,,,,,,,,
104400,4.8994656,0.910297,,,,,,,,,,,,,,
104500,5.3346868,1.1130015,,,,,,,,,,,,,,
104600,5.1613374,1.093242,,,,,,,,,,,,,,
104700,4.978858,1.0265714,,,,,,,,,,,,,,
104800,5.02178,1.0154506,,,,,,,,,,,,,,
104900,5.09,1.1012554,,,,,,,,,,,,,,
105000,5.0728946,1.1202216,,,,,,,,,,,,,,
105100,4.9044104,1.0085796,,,,,,,,,,,,,,
105200,4.782901,1.0124747,,,,,,,,,,,,,,
105300,5.0474954,1.0666139,,,,,,,,,,,,,,
105400,4.9824667,1.0837853,,,,,,,,,,,,,,
105500,5.0978456,1.0608373,,,,,,,,,,,,,,
105600,4.901785,1.0610209,,,,,,,,,,,,,,
105700,5.1392493,0.996705,,,,,,,,,,,,,,
105800,4.9657884,0.98087573,,,,,,,,,,,,,,
105900,4.8126035,0.9211607,,,,,,,,,,,,,,
106000,5.02951,1.1282569,,,,,,,,,,,,,,
106100,4.822311,0.97867465,,,,,,,,,,,,,,
106200,4.602568,0.9673629,,,,,,,,,,,,,,
106300,4.7574406,0.9747516,,,,,,,,,,,,,,
106400,4.7410483,0.99326664,,,,,,,,,,,,,,
106500,4.908258,0.9690332,,,,,,,,,,,,,,
106600,4.9820747,1.04942,,,,,,,,,,,,,,
106700,5.0539837,0.97016275,,,,,,,,,,,,,,
106800,4.9958615,1.0309873,,,,,,,,,,,,,,
106900,4.7925887,1.0513299,,,,,,,,,,,,,,
107000,4.823419,1.0618563,,,,,,,,,,,,,,
107100,5.0164924,1.0420153,,,,,,,,,,,,,,
107200,4.6824603,1.048447,,,,,,,,,,,,,,
107300,4.9568424,0.98710984,,,,,,,,,,,,,,
107400,4.9920335,1.0839574,,,,,,,,,,,,,,
107500,4.862012,1.0089915,,,,,,,,,,,,,,
107600,4.7313714,0.9476348,,,,,,,,,,,,,,
107700,5.0707183,1.0468774,,,,,,,,,,,,,,
107800,4.986874,1.0479662,,,,,,,,,,,,,,
107900,4.962134,1.010965,,,,,,,,,,,,,,
108000,5.0021253,1.0440912,,,,,,,,,,,,,,
108100,4.84435,1.0180464,,,,,,,,,,,,,,
108200,4.861069,1.014976,,,,,,,,,,,,,,
108300,4.550824,0.9304216,,,,,,,,,,,,,,
108400,5.096271,1.0834605,,,,,,,,,,,,,,
108500,4.7714195,0.9449178,,,,,,,,,,,,,,
108600,4.995847,1.022461,,,,,,,,,,,,,,
108700,4.8973136,1.027491,,,,,,,,,,,,,,
108800,5.4782295,1.0703835,,,,,,,,,,,,,,
108900,4.7718186,0.97434974,,,,,,,,,,,,,,
109000,4.874917,1.0296489,,,,,,,,,,,,,,
109100,4.872949,1.0442245,,,,,,,,,,,,,,
109200,4.6780825,0.9946947,,,,,,,,,,,,,,
109300,5.002723,1.026279,,,,,,,,,,,,,,
109400,4.690196,1.029937,,,,,,,,,,,,,,
109432,,,0.92867106,0.24968423,0.74715996,1.068822,50000.0,0.62600005,1.8233396,10000.0,29992.7430062294,30401.084956884384,29992.7430062294,406.3058910369873,1.1918253898620603,0.0
109500,4.801522,0.96706516,,,,,,,,,,,,,,
109600,4.6309695,0.94665325,,,,,,,,,,,,,,
109700,4.709745,0.926046,,,,,,,,,,,,,,
109800,4.7704463,0.933454,,,,,,,,,,,,,,
109900,4.7483864,0.9647609,,,,,,,,,,,,,,
110000,4.7748294,1.0267948,,,,,,,,,,,,,,
110100,4.913699,1.0453882,,,,,,,,,,,,,,
110200,4.9403057,1.0344093,,,,,,,,,,,,,,
110300,5.0147204,0.9563101,,,,,,,,,,,,,,
110400,4.837789,0.9863468,,,,,,,,,,,,,,
110500,4.854003,1.0487121,,,,,,,,,,,,,,
110600,5.102975,1.0185803,,,,,,,,,,,,,,
110700,4.728213,1.012747,,,,,,,,,,,,,,
110800,4.9214945,1.1082319,,,,,,,,,,,,,,
110900,4.841588,1.0290319,,,,,,,,,,,,,,
111000,4.92126,0.98809916,,,,,,,,,,,,,,
111100,5.6315446,1.1268932,,,,,,,,,,,,,,
111200,4.7993054,1.0329545,,,,,,,,,,,,,,
111300,4.7985682,1.0452944,,,,,,,,,,,,,,
111400,4.5857244,0.92092896,,,,,,,,,,,,,,
111500,5.30459,1.125345,,,,,,,,,,,,,,
111600,4.8758044,1.0154452,,,,,,,,,,,,,,
111700,4.5307283,0.8983118,,,,,,,,,,,,,,
111800,4.7871943,1.0687206,,,,,,,,,,,,,,
111900,5.047826,1.0879747,,,,,,,,,,,,,,
112000,4.706248,1.0193214,,,,,,,,,,,,,,
112100,4.9735284,0.98236823,,,,,,,,,,,,,,
112200,4.7906756,0.96368307,,,,,,,,,,,,,,
112300,4.8535166,0.90861785,,,,,,,,,,,,,,
112400,4.9116173,1.0415003,,,,,,,,,,,,,,
112500,4.8590045,1.0765696,,,,,,,,,,,,,,
112600,4.956579,0.9893778,,,,,,,,,,,,,,
112700,5.241381,1.119113,,,,,,,,,,,,,,
112800,5.1168976,0.929006,,,,,,,,,,,,,,
112900,4.9995403,1.0130777,,,,,,,,,,,,,,
113000,4.833617,1.0511134,,,,,,,,,,,,,,
113100,4.836831,1.0662905,,,,,,,,,,,,,,
113200,4.9219503,1.0437819,,,,,,,,,,,,,,
113300,5.148913,1.065239,,,,,,,,,,,,,,
113400,4.6620884,0.92997336,,,,,,,,,,,,,,
113500,4.667789,0.9499159,,,,,,,,,,,,,,
113600,5.010042,1.1198801,,,,,,,,,,,,,,
113700,5.1212487,0.9405273,,,,,,,,,,,,,,
113800,4.5593066,0.94129765,,,,,,,,,,,,,,
113900,4.7905293,0.9637942,,,,,,,,,,,,,,
114000,4.8400645,1.0616673,,,,,,,,,,,,,,
114100,4.919086,0.9630899,,,,,,,,,,,,,,
114200,4.7565856,0.9676967,,,,,,,,,,,,,,
114300,4.6868496,0.9639516,,,,,,,,,,,,,,
114400,4.7950845,1.0859941,,,,,,,,,,,,,,
114500,4.79559,0.9288429,,,,,,,,,,,,,,
114600,4.9394565,1.1138916,,,,,,,,,,,,,,
114700,4.849266,1.0432489,,,,,,,,,,,,,,
114800,4.51229,1.0457942,,,,,,,,,,,,,,
114900,4.9129457,1.0573994,,,,,,,,,,,,,,
115000,4.9358788,1.0909123,,,,,,,,,,,,,,
115100,4.840479,1.0400784,,,,,,,,,,,,,,
115200,4.7978096,0.96150446,,,,,,,,,,,,,,
115300,5.111965,1.0326382,,,,,,,,,,,,,,
115400,4.977584,1.0777724,,,,,,,,,,,,,,
115500,5.076112,1.0934718,,,,,,,,,,,,,,
115600,4.905673,1.0136691,,,,,,,,,,,,,,
115700,5.1985188,1.1519661,,,,,,,,,,,,,,
115800,4.736073,0.913378,,,,,,,,,,,,,,
115900,4.9523306,1.0094622,,,,,,,,,,,,,,
116000,4.8906217,1.0090384,,,,,,,,,,,,,,
116100,4.8917546,1.0378342,,,,,,,,,,,,,,
116200,4.793153,0.95777047,,,,,,,,,,,,,,
116300,4.9508944,1.021409,,,,,,,,,,,,,,
116400,4.8222466,1.0563765,,,,,,,,,,,,,,
116500,4.8783836,1.0769783,,,,,,,,,,,,,,
116600,5.0492487,1.0727092,,,,,,,,,,,,,,
116700,4.8641443,0.9424585,,,,,,,,,,,,,,
116781,,,0.9322385,0.23868681,0.75016,1.0682027,50000.0,0.62670004,1.8252075,10000.0,31988.6567633152,32414.598189353943,31988.6567633152,423.79282784461975,1.2480707168579102,0.0
116800,4.905413,1.0330223,,,,,,,,,,,,,,
116900,5.0512547,0.9753528,,,,,,,,,,,,,,
117000,4.620399,0.93169135,,,,,,,,,,,,,,
117100,4.7340326,0.9747113,,,,,,,,,,,,,,
117200,4.9731574,1.0987182,,,,,,,,,,,,,,
117300,4.537647,0.991987,,,,,,,,,,,,,,
117400,4.7273664,1.0061153,,,,,,,,,,,,,,
117500,5.108097,1.1136163,,,,,,,,,,,,,,
117600,4.545338,0.89131355,,,,,,,,,,,,,,
117700,5.0027823,1.039705,,,,,,,,,,,,,,
117800,5.0158057,1.021648,,,,,,,,,,,,,,
117900,4.866134,0.9511409,,,,,,,,,,,,,,
118000,5.296025,1.0942793,,,,,,,,,,,,,,
118100,4.7428536,1.0383934,,,,,,,,,,,,,,
118200,4.8019223,1.0082182,,,,,,,,,,,,,,
118300,5.24807,1.0115995,,,,,,,,,,,,,,
118400,5.025344,1.058372,,,,,,,,,,,,,,
118500,4.903811,1.0537958,,,,,,,,,,,,,,
118600,4.4030967,0.89893323,,,,,,,,,,,,,,
118700,4.4300385,0.92146397,,,,,,,,,,,,,,
118800,5.0304103,0.9861905,,,,,,,,,,,,,,
118900,4.8253593,0.9991658,,,,,,,,,,,,,,
119000,4.6844983,1.060196,,,,,,,,,,,,,,
119100,4.8754244,0.998723,,,,,,,,,,,,,,
119200,4.712451,0.95422184,,,,,,,,,,,,,,
119300,4.8261538,1.0757599,,,,,,,,,,,,,,
119400,5.2146297,1.0947982,,,,,,,,,,,,,,
119500,4.9171863,0.9912127,,,,,,,,,,,,,,
119600,4.8451085,1.0090383,,,,,,,,,,,,,,
119700,4.7925467,0.9623436,,,,,,,,,,,,,,
119800,4.827485,1.0105479,,,,,,,,,,,,,,
119900,5.138244,1.0616235,,,,,,,,,,,,,,
120000,4.867122,0.9511703,,,,,,,,,,,,,,
120100,4.8496614,1.0185947,,,,,,,,,,,,,,
120200,4.7504973,0.86502254,,,,,,,,,,,,,,
120300,4.8653193,1.0140812,,,,,,,,,,,,,,
120400,4.801099,0.9922774,,,,,,,,,,,,,,
120500,4.679156,1.000351,,,,,,,,,,,,,,
120600,4.931273,0.9591998,,,,,,,,,,,,,,
120700,4.883638,1.0076534,,,,,,,,,,,,,,
120800,5.0187387,1.0324793,,,,,,,,,,,,,,
120900,4.772478,0.9745577,,,,,,,,,,,,,,
121000,4.859785,1.0034049,,,,,,,,,,,,,,
121100,4.847606,0.92010534,,,,,,,,,,,,,,
121200,4.77775,1.0270114,,,,,,,,,,,,,,
121300,4.882304,0.96712697,,,,,,,,,,,,,,
121400,5.024407,1.0458624,,,,,,,,,,,,,,
121500,4.802477,1.0041317,,,,,,,,,,,,,,
121600,4.9806914,1.0961485,,,,,,,,,,,,,,
121700,4.4587307,0.9423578,,,,,,,,,,,,,,
121800,4.7078414,0.962086,,,,,,,,,,,,,,
121900,4.5587187,0.9423975,,,,,,,,,,,,,,
122000,5.037104,1.023555,,,,,,,,,,,,,,
122100,4.7199235,1.0190829,,,,,,,,,,,,,,
122200,5.1880717,1.0732079,,,,,,,,,,,,,,
122300,4.876639,0.98969436,,,,,,,,,,,,,,
122400,4.5600524,0.9179948,,,,,,,,,,,,,,
122500,4.935834,1.0466142,,,,,,,,,,,,,,
122600,4.890375,0.9885495,,,,,,,,,,,,,,
122700,5.052093,1.017765,,,,,,,,,,,,,,
122800,5.1417108,1.0142896,,,,,,,,,,,,,,
122900,4.769492,1.0279737,,,,,,,,,,,,,,
123000,4.72066,1.0053718,,,,,,,,,,,,,,
123100,4.8641877,1.0110009,,,,,,,,,,,,,,
123200,4.77547,0.9957265,,,,,,,,,,,,,,
123300,4.9087296,0.9391662,,,,,,,,,,,,,,
123400,4.5276394,0.93366057,,,,,,,,,,,,,,
123500,4.878313,1.032884,,,,,,,,,,,,,,
123600,4.772636,0.93949854,,,,,,,,,,,,,,
123700,4.968863,1.0051432,,,,,,,,,,,,,,
123800,4.949727,1.0437366,,,,,,,,,,,,,,
123900,4.7780323,0.97549486,,,,,,,,,,,,,,
124000,4.721355,0.94223523,,,,,,,,,,,,,,
124100,4.710768,1.0220839,,,,,,,,,,,,,,
124129,,,0.934949,0.22692154,0.75034,1.0701694,50000.0,0.62640005,1.8303214,10000.0,33984.70328807831,34428.11667752266,33984.70328807831,441.1199595928192,1.3386790752410889,0.0
124200,4.5737886,0.9209982,,,,,,,,,,,,,,
124300,4.830995,0.9547917,,,,,,,,,,,,,,
124400,4.952796,1.0068662,,,,,,,,,,,,,,
124500,5.081885,1.0316589,,,,,,,,,,,,,,
124600,4.9026585,0.99184024,,,,,,,,,,,,,,
124700,4.9617815,1.0519023,,,,,,,,,,,,,,
124800,5.219538,1.0418155,,,,,,,,,,,,,,
124900,4.7678733,1.0012627,,,,,,,,,,,,,,
125000,4.8822308,1.0082824,,,,,,,,,,,,,,
125100,4.934769,1.0723062,,,,,,,,,,,,,,
125200,4.677311,0.95438564,,,,,,,,,,,,,,
125300,4.9155393,1.0936502,,,,,,,,,,,,,,
125400,4.973422,1.0231977,,,,,,,,,,,,,,
125500,5.413673,1.0127783,,,,,,,,,,,,,,
125600,4.9660645,1.0411808,,,,,,,,,,,,,,
125700,5.225246,0.9738194,,,,,,,,,,,,,,
125800,4.876797,1.0271417,,,,,,,,,,,,,,
125900,5.0422716,1.0656103,,,,,,,,,,,,,,
126000,4.799026,0.9911194,,,,,,,,,,,,,,
126100,5.1100097,1.0665646,,,,,,,,,,,,,,
126200,4.877458,0.9479408,,,,,,,,,,,,,,
126300,4.9459853,1.0705506,,,,,,,,,,,,,,
126400,5.1366663,1.0094185,,,,,,,,,,,,,,
126500,5.316727,1.1089749,,,,,,,,,,,,,,
126600,5.015868,1.0500666,,,,,,,,,,,,,,
126700,5.037516,1.042836,,,,,,,,,,,,,,
126800,4.710676,0.9986215,,,,,,,,,,,,,,
126900,4.8464146,0.95550066,,,,,,,,,,,,,,
127000,5.0985045,1.0855991,,,,,,,,,,,,,,
127100,4.994109,0.9869741,,,,,,,,,,,,,,
127200,4.615044,0.9512423,,,,,,,,,,,,,,
127300,4.981158,0.9851112,,,,,,,,,,,,,,
127400,4.7875977,0.9928128,,,,,,,,,,,,,,
127500,5.2898817,1.0777745,,,,,,,,,,,,,,
127600,4.982982,1.0870653,,,,,,,,,,,,,,
127700,4.9591517,1.0438778,,,,,,,,,,,,,,
127800,4.9833703,1.0370998,,,,,,,,,,,,,,
127900,4.6482096,0.9618728,,,,,,,,,,,,,,
128000,4.9036665,1.0325817,,,,,,,,,,,,,,
128100,5.3171353,1.0063818,,,,,,,,,,,,,,
128200,4.8507967,0.9372589,,,,,,,,,,,,,,
128300,4.6848807,0.9390083,,,,,,,,,,,,,,
128400,4.7746267,0.9705465,,,,,,,,,,,,,,
128500,4.4585114,0.97836536,,,,,,,,,,,,,,
128600,4.7465024,0.8961332,,,,,,,,,,,,,,
128700,4.7546206,0.91653085,,,,,,,,,,,,,,
128800,5.2314563,1.0824347,,,,,,,,,,,,,,
128900,5.007485,1.0125215,,,,,,,,,,,,,,
129000,5.1197333,0.93484545,,,,,,,,,,,,,,
129100,4.990144,1.0237384,,,,,,,,,,,,,,
129200,4.7139325,0.92693347,,,,,,,,,,,,,,
129300,4.6993756,0.89535314,,,,,,,,,,,,,,
129400,4.6557107,0.92381966,,,,,,,,,,,,,,
129500,5.032966,1.0032687,,,,,,,,,,,,,,
129600,5.05882,1.0229712,,,,,,,,,,,,,,
129700,5.0108776,1.0092726,,,,,,,,,,,,,,
129800,4.770065,0.94086236,,,,,,,,,,,,,,
129900,4.8255115,0.93745315,,,,,,,,,,,,,,
130000,4.924546,1.0300646,,,,,,,,,,,,,,
130100,4.893179,0.9906937,,,,,,,,,,,,,,
130200,4.788145,1.0364263,,,,,,,,,,,,,,
130300,5.164314,1.0315181,,,,,,,,,,,,,,
130400,4.8989153,0.9652846,,,,,,,,,,,,,,
130500,4.685306,0.95430243,,,,,,,,,,,,,,
130600,4.865205,0.98730886,,,,,,,,,,,,,,
130700,4.9170218,1.0087198,,,,,,,,,,,,,,
130800,4.7693725,1.0094461,,,,,,,,,,,,,,
130900,4.579858,0.86528456,,,,,,,,,,,,,,
131000,4.736083,0.9471941,,,,,,,,,,,,,,
131100,5.1320662,0.9884502,,,,,,,,,,,,,,
131200,4.511147,0.9261792,,,,,,,,,,,,,,
131300,5.067234,1.056392,,,,,,,,,,,,,,
131400,5.0778675,1.0464445,,,,,,,,,,,,,,
131478,,,0.9367626,0.21946916,0.75009996,1.0705539,50000.0,0.6244,1.8374841,10000.0,35980.75158596039,36442.4638531208,35980.75158596039,459.3026838302612,1.3988158702850342,0.0
131500,4.693057,0.9457774,,,,,,,,,,,,,,
131600,4.896812,1.0125635,,,,,,,,,,,,,,
131700,4.8093534,1.0111111,,,,,,,,,,,,,,
131800,4.8714867,0.9539485,,,,,,,,,,,,,,
131900,4.6823096,0.9816654,,,,,,,,,,,,,,
132000,4.694303,1.0098255,,,,,,,,,,,,,,
132100,4.7635794,0.9284907,,,,,,,,,,,,,,
132200,4.8918147,1.0097082,,,,,,,,,,,,,,
132300,5.057134,1.0623653,,,,,,,,,,,,,,
132400,4.963855,0.9778732,,,,,,,,,,,,,,
132500,5.015321,0.953359,,,,,,,,,,,,,,
132600,5.1587334,0.9580051,,,,,,,,,,,,,,
132700,4.8694496,0.9974463,,,,,,,,,,,,,,
132800,4.914293,0.99360865,,,,,,,,,,,,,,
132900,5.0209994,1.0403692,,,,,,,,,,,,,,
133000,5.026879,1.0304294,,,,,,,,,,,,,,
133100,5.0312753,0.9774796,,,,,,,,,,,,,,
133200,4.735252,0.92722285,,,,,,,,,,,,,,
133300,5.121175,1.054668,,,,,,,,,,,,,,
133400,5.0599546,1.0632153,,,,,,,,,,,,,,
133500,4.871829,0.9675969,,,,,,,,,,,,,,
133600,4.7295146,0.85193723,,,,,,,,,,,,,,
133700,5.232988,1.0175332,,,,,,,,,,,,,,
133800,4.597335,0.9407187,,,,,,,,,,,,,,
133900,5.1849265,1.1002558,,,,,,,,,,,,,,
134000,4.896555,1.0148003,,,,,,,,,,,,,,
134100,5.0786433,1.0784714,,,,,,,,,,,,,,
134200,4.943905,0.94439375,,,,,,,,,,,,,,
134300,4.791806,0.98441446,,,,,,,,,,,,,,
134400,5.0971246,1.0815158,,,,,,,,,,,,,,
134500,4.5262985,0.90646416,,,,,,,,,,,,,,
134600,4.7442584,0.9701177,,,,,,,,,,,,,,
134700,4.7550516,0.90710294,,,,,,,,,,,,,,
134800,5.0671053,1.124654,,,,,,,,,,,,,,
134900,4.553476,0.92281955,,,,,,,,,,,,,,
135000,5.556941,1.0210674,,,,,,,,,,,,,,
135100,4.877062,0.90120876,,,,,,,,,,,,,,
135200,4.807922,0.98804474,,,,,,,,,,,,,,
135300,4.762678,0.9933232,,,,,,,,,,,,,,
135400,5.029172,1.0584276,,,,,,,,,,,,,,
135500,4.9691143,0.98440814,,,,,,,,,,,,,,
135600,4.7554603,0.9155531,,,,,,,,,,,,,,
135700,4.861955,0.92717797,,,,,,,,,,,,,,
135800,4.8152366,1.0280632,,,,,,,,,,,,,,
135900,4.9665065,1.062847,,,,,,,,,,,,,,
136000,4.622301,0.93473065,,,,,,,,,,,,,,
136100,5.026497,0.9974421,,,,,,,,,,,,,,
136200,4.4838486,0.90096366,,,,,,,,,,,,,,
136300,4.8400197,0.93889797,,,,,,,,,,,,,,
136400,5.0297556,0.9433825,,,,,,,,,,,,,,
136500,5.18485,1.0080308,,,,,,,,,,,,,,
136600,5.1050367,1.0315423,,,,,,,,,,,,,,
136700,5.106911,0.96242094,,,,,,,,,,,,,,
136800,4.740869,0.9307385,,,,,,,,,,,,,,
136900,4.9467554,0.9665981,,,,,,,,,,,,,,
137000,5.140576,0.9653907,,,,,,,,,,,,,,
137100,4.808713,0.9474648,,,,,,,,,,,,,,
137200,4.8002005,0.96579736,,,,,,,,,,,,,,
137300,4.869572,0.9417191,,,,,,,,,,,,,,
137400,4.549491,0.9319492,,,,,,,,,,,,,,
137500,4.4692745,0.8801754,,,,,,,,,,,,,,
137600,4.8442917,1.0707017,,,,,,,,,,,,,,
137700,4.740719,0.86784375,,,,,,,,,,,,,,
137800,5.0386043,1.0009265,,,,,,,,,,,,,,
137900,4.915534,1.0007018,,,,,,,,,,,,,,
138000,5.0469537,1.0209492,,,,,,,,,,,,,,
138100,5.2657957,0.97326815,,,,,,,,,,,,,,
138200,4.8287034,0.9235097,,,,,,,,,,,,,,
138300,5.062838,1.0544198,,,,,,,,,,,,,,
138400,4.9225893,1.0045519,,,,,,,,,,,,,,
138500,4.8909693,1.0194856,,,,,,,,,,,,,,
138600,5.104599,1.0369521,,,,,,,,,,,,,,
138700,5.160777,1.0477265,,,,,,,,,,,,,,
138800,4.7293477,0.9454881,,,,,,,,,,,,,,
138828,,,0.9412866,0.20869601,0.75215995,1.0715029,50000.0,0.6236,1.848797,10000.0,37976.86044549942,38456.877252578735,37976.86044549942,477.4918093681336,1.4586880207061768,0.0
138900,4.823478,0.8900263,,,,,,,,,,,,,,
139000,5.154408,1.0618584,,,,,,,,,,,,,,
139100,4.860782,1.0008203,,,,,,,,,,,,,,
139200,4.9041533,0.954359,,,,,,,,,,,,,,
139300,4.8044176,0.94367504,,,,,,,,,,,,,,
139400,4.730575,0.9402377,,,,,,,,,,,,,,
139500,4.640752,0.8534265,,,,,,,,,,,,,,
139600,4.636614,0.8963083,,,,,,,,,,,,,,
139700,4.8276753,0.9443851,,,,,,,,,,,,,,
139800,4.820111,0.94890434,,,,,,,,,,,,,,
139900,4.7977843,0.91971487,,,,,,,,,,,,,,
140000,4.8932395,0.9636575,,,,,,,,,,,,,,
140100,4.616307,0.96703756,,,,,,,,,,,,,,
140200,5.3360605,1.0877016,,,,,,,,,,,,,,
140300,5.16262,1.0028671,,,,,,,,,,,,,,
140400,4.8315725,1.0165404,,,,,,,,,,,,,,
140500,5.1604714,0.9574215,,,,,,,,,,,,,,
140600,5.002828,0.95097005,,,,,,,,,,,,,,
140700,5.2421126,1.0406849,,,,,,,,,,,,,,
140800,4.744933,0.9733248,,,,,,,,,,,,,,
140900,5.228757,0.9783738,,,,,,,,,,,,,,
141000,5.198481,1.0371671,,,,,,,,,,,,,,
141100,4.8509974,1.0110495,,,,,,,,,,,,,,
141200,4.384256,0.8997439,,,,,,,,,,,,,,
141300,4.955876,0.9624778,,,,,,,,,,,,,,
141400,5.027757,1.0539001,,,,,,,,,,,,,,
141500,4.9287696,0.959399,,,,,,,,,,,,,,
141600,5.5817266,1.0072464,,,,,,,,,,,,,,
141700,4.846467,0.9202703,,,,,,,,,,,,,,
141800,5.16503,0.97033846,,,,,,,,,,,,,,
141900,4.560389,0.9421697,,,,,,,,,,,,,,
142000,5.1072516,0.9940845,,,,,,,,,,,,,,
142100,4.9065104,1.0154629,,,,,,,,,,,,,,
142200,4.9260855,0.9427116,,,,,,,,,,,,,,
142300,4.589767,1.0212046,,,,,,,,,,,,,,
142400,4.9718614,0.96758616,,,,,,,,,,,,,,
142500,4.8314495,0.98619175,,,,,,,,,,,,,,
142600,5.1862655,0.9584446,,,,,,,,,,,,,,
142700,4.9173856,0.9690772,,,,,,,,,,,,,,
142800,5.3495703,1.0747564,,,,,,,,,,,,,,
142900,4.9213305,1.0449921,,,,,,,,,,,,,,
143000,4.966934,0.9152713,,,,,,,,,,,,,,
143100,4.546169,0.8652524,,,,,,,,,,,,,,
143200,5.0474353,1.0079899,,,,,,,,,,,,,,
143300,4.836947,0.96403027,,,,,,,,,,,,,,
143400,4.639582,0.9641321,,,,,,,,,,,,,,
143500,4.659806,0.8832091,,,,,,,,,,,,,,
143600,4.7669845,1.0243117,,,,,,,,,,,,,,
143700,4.656814,1.020699,,,,,,,,,,,,,,
143800,4.874742,0.95482326,,,,,,,,,,,,,,
143900,4.959917,0.9766673,,,,,,,,,,,,,,
144000,4.9218946,0.9540019,,,,,,,,,,,,,,
144100,5.4242244,1.0936083,,,,,,,,,,,,,,
144200,4.77081,0.9375223,,,,,,,,,,,,,,
144300,4.9419465,0.99447036,,,,,,,,,,,,,,
144400,4.9501033,0.92300326,,,,,,,,,,,,,,
144500,4.603264,0.95464593,,,,,,,,,,,,,,
144600,4.8355503,1.0063673,,,,,,,,,,,,,,
144700,5.0416546,0.9782463,,,,,,,,,,,,,,
144800,4.7405543,0.9348578,,,,,,,,,,,,,,
144900,4.888357,0.99113905,,,,,,,,,,,,,,
145000,4.848068,1.024834,,,,,,,,,,,,,,
145100,4.89332,1.0364821,,,,,,,,,,,,,,
145200,4.8316865,0.8924085,,,,,,,,,,,,,,
145300,4.896423,0.92641115,,,,,,,,,,,,,,
145400,5.085191,0.9875624,,,,,,,,,,,,,,
145500,4.982947,1.0134501,,,,,,,,,,,,,,
145600,4.8380165,0.89346176,,,,,,,,,,,,,,
145700,5.111641,0.98299384,,,,,,,,,,,,,,
145800,4.8727164,0.9983542,,,,,,,,,,,,,,
145900,5.316831,1.041575,,,,,,,,,,,,,,
146000,4.8642044,0.94997764,,,,,,,,,,,,,,
146100,4.590548,0.8766248,,,,,,,,,,,,,,
146178,,,0.94202405,0.20745388,0.75236,1.0740654,50000.0,0.62520003,1.8540839,10000.0,39972.98211836815,40471.64096331597,39972.98211836815,496.0162832736969,1.5198278427124023,0.0
146200,4.6969833,0.92031527,,,,,,,,,,,,,,
146300,4.8906403,1.0387858,,,,,,,,,,,,,,
146400,5.15001,1.0185277,,,,,,,,,,,,,,
146500,4.7734685,0.95226663,,,,,,,,,,,,,,
146600,4.710722,0.98527515,,,,,,,,,,,,,,
146700,4.975688,0.92005306,,,,,,,,,,,,,,
146800,5.0281906,1.0484096,,,,,,,,,,,,,,
146900,5.036391,0.96112734,,,,,,,,,,,,,,
147000,5.1542296,1.0736976,,,,,,,,,,,,,,
147100,4.8869576,0.9591866,,,,,,,,,,,,,,
147200,5.267994,0.977334,,,,,,,,,,,,,,
147300,4.9312377,1.0043814,,,,,,,,,,,,,,
147400,5.114022,0.9818306,,,,,,,,,,,,,,
147500,4.7401195,0.9409015,,,,,,,,,,,,,,
147600,4.8191404,0.95162797,,,,,,,,,,,,,,
147700,4.692425,0.9667174,,,,,,,,,,,,,,
147800,4.842016,0.9538467,,,,,,,,,,,,,,
147900,5.2242155,1.0499055,,,,,,,,,,,,,,
148000,5.0023737,1.0649664,,,,,,,,,,,,,,
148100,4.8628645,0.9025545,,,,,,,,,,,,,,
148200,4.8496375,0.9863834,,,,,,,,,,,,,,
148300,5.1893277,1.0106732,,,,,,,,,,,,,,
148400,4.7538347,0.9074214,,,,,,,,,,,,,,
148500,5.022422,0.89793575,,,,,,,,,,,,,,
148600,5.051462,0.9741717,,,,,,,,,,,,,,
148700,4.870256,0.97674674,,,,,,,,,,,,,,
148800,4.6715775,0.93143505,,,,,,,,,,,,,,
148900,5.204407,1.0205133,,,,,,,,,,,,,,
149000,5.0158696,0.93947786,,,,,,,,,,,,,,
149100,4.9571204,0.9935174,,,,,,,,,,,,,,
149200,4.9401717,0.9533123,,,,,,,,,,,,,,
149300,4.610341,0.9639683,,,,,,,,,,,,,,
149400,5.1636615,1.069518,,,,,,,,,,,,,,
149500,4.9699483,0.93750745,,,,,,,,,,,,,,
149600,4.9002366,1.0006431,,,,,,,,,,,,,,
149700,4.9005,0.9163182,,,,,,,,,,,,,,
149800,4.79676,1.0463302,,,,,,,,,,,,,,
149900,4.8776774,0.99064934,,,,,,,,,,,,,,
150000,4.8536406,0.9414015,,,,,,,,,,,,,,
150100,4.88117,0.9281985,,,,,,,,,,,,,,
150200,5.326756,1.0813929,,,,,,,,,,,,,,
150300,5.198439,1.0039771,,,,,,,,,,,,,,
150400,5.1613784,1.0408866,,,,,,,,,,,,,,
150500,5.2111654,0.9533516,,,,,,,,,,,,,,
150600,4.999195,1.0082045,,,,,,,,,,,,,,
150700,5.162005,0.96829116,,,,,,,,,,,,,,
150800,4.895872,0.9047017,,,,,,,,,,,,,,
150900,4.975243,1.0069423,,,,,,,,,,,,,,
151000,5.2947173,1.0717652,,,,,,,,,,,,,,
151100,4.9595704,0.97604626,,,,,,,,,,,,,,
151200,4.945578,0.98064244,,,,,,,,,,,,,,
151300,5.2264924,0.9860178,,,,,,,,,,,,,,
151400,4.70564,0.89960015,,,,,,,,,,,,,,
151500,5.0143847,0.9587138,,,,,,,,,,,,,,
151600,5.427043,0.888385,,,,,,,,,,,,,,
151700,4.7115326,0.86747134,,,,,,,,,,,,,,
151800,4.9405756,1.0070753,,,,,,,,,,,,,,
151900,4.5315704,0.85522324,,,,,,,,,,,,,,
152000,4.998766,0.9989876,,,,,,,,,,,,,,
152100,4.9909697,0.93614614,,,,,,,,,,,,,,
152200,4.8404613,0.96277624,,,,,,,,,,,,,,
152300,5.073439,0.9943139,,,,,,,,,,,,,,
152400,5.188105,0.9988728,,,,,,,,,,,,,,
152500,4.6870823,0.9415919,,,,,,,,,,,,,,
152600,4.698452,0.8820457,,,,,,,,,,,,,,
152700,4.99519,0.99095726,,,,,,,,,,,,,,
152800,5.1639595,1.0184209,,,,,,,,,,,,,,
152900,4.8657064,1.0252521,,,,,,,,,,,,,,
153000,5.1189375,1.0230038,,,,,,,,,,,,,,
153100,4.989733,0.97869194,,,,,,,,,,,,,,
153200,4.9745626,1.0017662,,,,,,,,,,,,,,
153300,4.8572936,0.976642,,,,,,,,,,,,,,
153400,5.2218995,0.9248753,,,,,,,,,,,,,,
153500,4.836357,0.9237293,,,,,,,,,,,,,,
153527,,,0.9441366,0.19585101,0.75236,1.0734808,50000.0,0.62710005,1.8547612,10000.0,41968.85789465904,42493.38979125023,41968.85789465904,521.7591128349304,1.5930283069610596,0.0
153600,5.0341606,0.98828745,,,,,,,,,,,,,,
153700,5.2311096,0.97171843,,,,,,,,,,,,,,
153800,4.946824,1.0024484,,,,,,,,,,,,,,
153900,4.8576274,0.9792189,,,,,,,,,,,,,,
154000,4.861319,0.91757536,,,,,,,,,,,,,,
154100,4.7946486,0.9444678,,,,,,,,,,,,,,
154200,5.0887365,1.033653,,,,,,,,,,,,,,
154300,4.904961,0.9074364,,,,,,,,,,,,,,
154400,5.118889,0.9921062,,,,,,,,,,,,,,
154500,5.148547,1.0392872,,,,,,,,,,,,,,
154600,5.3988304,1.0125505,,,,,,,,,,,,,,
154700,4.8694386,0.9486622,,,,,,,,,,,,,,
154800,5.235265,1.0351851,,,,,,,,,,,,,,
154900,5.062743,0.9841555,,,,,,,,,,,,,,
155000,4.780767,0.9402491,,,,,,,,,,,,,,
155100,4.7579393,0.91493523,,,,,,,,,,,,,,
155200,4.800048,0.9138137,,,,,,,,,,,,,,
155300,4.852859,0.90383625,,,,,,,,,,,,,,
155400,4.932058,0.89570653,,,,,,,,,,,,,,
155500,4.96959,0.96247596,,,,,,,,,,,,,,
155600,5.094177,0.9887114,,,,,,,,,,,,,,
155700,5.019676,0.9568639,,,,,,,,,,,,,,
155800,5.0482183,1.00141,,,,,,,,,,,,,,
155900,4.878861,0.9643959,,,,,,,,,,,,,,
156000,4.5849037,0.89951456,,,,,,,,,,,,,,
156100,5.039023,0.9491671,,,,,,,,,,,,,,
156200,4.481903,0.8540571,,,,,,,,,,,,,,
156300,5.051878,0.9942675,,,,,,,,,,,,,,
156400,4.9609666,0.96925634,,,,,,,,,,,,,,
156500,5.1655607,1.0188591,,,,,,,,,,,,,,
156600,4.846595,0.88693774,,,,,,,,,,,,,,
156700,5.205613,1.0169598,,,,,,,,,,,,,,
156800,5.0966396,0.993937,,,,,,,,,,,,,,
156900,5.0161605,0.9745462,,,,,,,,,,,,,,
157000,4.833003,0.93891704,,,,,,,,,,,,,,
157100,5.043244,0.92591655,,,,,,,,,,,,,,
157200,4.8439455,0.90342593,,,,,,,,,,,,,,
157300,5.170467,0.9466367,,,,,,,,,,,,,,
157400,4.8604774,1.0301799,,,,,,,,,,,,,,
157500,4.928747,0.9555377,,,,,,,,,,,,,,
157600,4.8625093,0.92928016,,,,,,,,,,,,,,
157700,5.0635324,0.9759159,,,,,,,,,,,,,,
157800,5.4263844,1.0437652,,,,,,,,,,,,,,
157900,4.8891516,0.98195076,,,,,,,,,,,,,,
158000,5.146425,0.93447423,,,,,,,,,,,,,,
158100,4.619809,0.89140415,,,,,,,,,,,,,,
158200,4.658225,0.8950545,,,,,,,,,,,,,,
158300,4.7932982,0.9192587,,,,,,,,,,,,,,
158400,5.1224675,1.0411048,,,,,,,,,,,,,,
158500,5.1537724,0.91159976,,,,,,,,,,,,,,
158600,5.215651,0.9954379,,,,,,,,,,,,,,
158700,5.0085964,1.014415,,,,,,,,,,,,,,
158800,4.744814,0.87692666,,,,,,,,,,,,,,
158900,4.8997355,0.88751495,,,,,,,,,,,,,,
159000,4.9643283,0.9556666,,,,,,,,,,,,,,
159100,4.9807534,1.0411775,,,,,,,,,,,,,,
159200,5.035143,1.0239049,,,,,,,,,,,,,,
159300,5.203268,0.98543733,,,,,,,,,,,,,,
159400,5.0231075,0.8908726,,,,,,,,,,,,,,
159500,4.8501725,0.9252333,,,,,,,,,,,,,,
159600,4.7738843,0.9374221,,,,,,,,,,,,,,
159700,5.113865,1.0642116,,,,,,,,,,,,,,
159800,5.1255393,1.0054386,,,,,,,,,,,,,,
159900,4.8125935,0.9136924,,,,,,,,,,,,,,
160000,4.953841,0.9339092,,,,,,,,,,,,,,
160100,4.814553,0.89575154,,,,,,,,,,,,,,
160200,5.234737,0.9969123,,,,,,,,,,,,,,
160300,4.9631686,0.9264186,,,,,,,,,,,,,,
160400,4.898416,0.93023026,,,,,,,,,,,,,,
160500,4.9527526,0.92329454,,,,,,,,,,,,,,
160600,4.999945,0.9090071,,,,,,,,,,,,,,
160700,4.993601,1.006202,,,,,,,,,,,,,,
160759,,,0.9484614,0.18218228,0.75246,1.0760537,50000.0,0.62740004,1.861663,10000.0,43964.741797447205,44508.94835686684,43964.741797447205,541.2974145412445,1.670964002609253,0.0
160800,5.261658,1.0051761,,,,,,,,,,,,,,
160900,4.993445,0.9471278,,,,,,,,,,,,,,
161000,5.0144043,0.9628086,,,,,,,,,,,,,,
161100,5.0714884,0.9343177,,,,,,,,,,,,,,
161200,5.153485,0.935333,,,,,,,,,,,,,,
161300,4.770609,0.864174,,,,,,,,,,,,,,
161400,4.9316564,0.95114326,,,,,,,,,,,,,,
161500,5.000479,0.9763637,,,,,,,,,,,,,,
161600,5.113159,1.0261189,,,,,,,,,,,,,,
161700,5.074276,1.0335367,,,,,,,,,,,,,,
161800,5.1556754,0.951219,,,,,,,,,,,,,,
161900,4.648331,0.94523346,,,,,,,,,,,,,,
162000,5.26716,1.0287483,,,,,,,,,,,,,,
162100,5.0910735,0.91122687,,,,,,,,,,,,,,
162200,4.9432974,0.89975214,,,,,,,,,,,,,,
162300,4.989021,0.9870471,,,,,,,,,,,,,,
162400,5.0978518,0.9663479,,,,,,,,,,,,,,
162500,4.99167,0.9261491,,,,,,,,,,,,,,
162600,4.667116,0.8542503,,,,,,,,,,,,,,
162700,4.596889,0.86612165,,,,,,,,,,,,,,
162800,5.1009326,0.9826566,,,,,,,,,,,,,,
162900,5.2621636,0.9855632,,,,,,,,,,,,,,
163000,5.0757747,1.0296882,,,,,,,,,,,,,,
163100,4.734865,0.9463732,,,,,,,,,,,,,,
163200,4.7441506,0.86463356,,,,,,,,,,,,,,
163300,5.2253547,0.94059956,,,,,,,,,,,,,,
163400,4.965241,0.94290864,,,,,,,,,,,,,,
163500,4.9924636,0.92253816,,,,,,,,,,,,,,
163600,4.7466793,0.8413927,,,,,,,,,,,,,,
163700,5.0604186,0.919266,,,,,,,,,,,,,,
163800,5.1425347,1.033745,,,,,,,,,,,,,,
163900,5.0433736,0.9723869,,,,,,,,,,,,,,
164000,5.162091,0.94388825,,,,,,,,,,,,,,
164100,4.9954987,0.9839959,,,,,,,,,,,,,,
164200,5.195619,0.9774797,,,,,,,,,,,,,,
164300,5.1599517,0.947557,,,,,,,,,,,,,,
164400,5.119515,0.9835315,,,,,,,,,,,,,,
164500,5.260225,0.98629135,,,,,,,,,,,,,,
164600,4.999389,0.87292004,,,,,,,,,,,,,,
164700,5.2493143,0.9495363,,,,,,,,,,,,,,
164800,4.921786,0.9014333,,,,,,,,,,,,,,
164900,4.7809405,0.93779147,,,,,,,,,,,,,,
165000,5.0339723,0.98308116,,,,,,,,,,,,,,
165100,5.083905,0.9609132,,,,,,,,,,,,,,
165200,5.067041,1.0165966,,,,,,,,,,,,,,
165300,5.3332787,0.95642424,,,,,,,,,,,,,,
165400,5.0396905,0.92955697,,,,,,,,,,,,,,
165500,4.85305,0.9068086,,,,,,,,,,,,,,
165536,,,0.9486009,0.1856623,0.75286,1.0761234,50000.0,0.62450004,1.8669696,10000.0,45960.87983632088,46551.746829509735,45960.87983632088,587.8112554550171,1.769763708114624,0.0
165600,5.152842,1.023554,,,,,,,,,,,,,,
165700,4.8461695,0.94055194,,,,,,,,,,,,,,
165800,4.9945116,0.9140401,,,,,,,,,,,,,,
165900,4.9166875,0.9318278,,,,,,,,,,,,,,
166000,5.2307158,0.90936655,,,,,,,,,,,,,,
166100,4.9255576,0.93304724,,,,,,,,,,,,,,
166200,5.062471,0.9562727,,,,,,,,,,,,,,
166300,5.1890273,0.9611095,,,,,,,,,,,,,,
166400,4.735781,0.8619313,,,,,,,,,,,,,,
166500,4.748887,0.9387449,,,,,,,,,,,,,,
166600,4.938687,0.92040443,,,,,,,,,,,,,,
166700,5.065445,0.92942667,,,,,,,,,,,,,,
166800,5.3260508,0.98965883,,,,,,,,,,,,,,
166900,5.0000443,0.9614711,,,,,,,,,,,,,,
167000,4.9107776,0.93284136,,,,,,,,,,,,,,
167100,5.043282,0.9362128,,,,,,,,,,,,,,
167200,4.9232755,0.8459238,,,,,,,,,,,,,,
167300,5.0962386,1.011502,,,,,,,,,,,,,,
167400,5.08624,0.9223484,,,,,,,,,,,,,,
167500,5.230426,0.96657914,,,,,,,,,,,,,,
167600,5.1910257,0.97638035,,,,,,,,,,,,,,
167700,5.307725,1.0581448,,,,,,,,,,,,,,
167800,5.082458,0.9685336,,,,,,,,,,,,,,
167900,4.56976,0.8071921,,,,,,,,,,,,,,
168000,5.3283873,1.0506202,,,,,,,,,,,,,,
168100,4.840439,0.8947907,,,,,,,,,,,,,,
168200,5.0525208,0.91423243,,,,,,,,,,,,,,
168300,5.283834,0.9668013,,,,,,,,,,,,,,
168400,4.930122,0.9361955,,,,,,,,,,,,,,
168500,4.6637383,0.81897295,,,,,,,,,,,,,,
168600,4.893497,0.9989497,,,,,,,,,,,,,,
168700,4.958419,0.88324016,,,,,,,,,,,,,,
168800,4.9155364,0.9655736,,,,,,,,,,,,,,
168900,5.1232796,0.9623852,,,,,,,,,,,,,,
169000,5.337968,0.967808,,,,,,,,,,,,,,
169100,4.7867913,0.9171232,,,,,,,,,,,,,,
169200,5.0116706,0.93903106,,,,,,,,,,,,,,
169300,4.759863,0.9013236,,,,,,,,,,,,,,
169400,5.5044985,1.04298,,,,,,,,,,,,,,
169500,5.349217,1.0471644,,,,,,,,,,,,,,
169600,5.331132,0.95801604,,,,,,,,,,,,,,
169700,4.9265146,0.93870765,,,,,,,,,,,,,,
169800,4.9497027,0.89570045,,,,,,,,,,,,,,
169900,5.2354465,0.9655469,,,,,,,,,,,,,,
169928,,,0.9453723,0.18652251,0.75308,1.0758554,50000.0,0.62670004,1.8681524,10000.0,47956.30036401749,48568.78353047371,47956.30036401749,608.7469418048859,2.263536214828491,0.0
170000,4.9984455,0.9480269,,,,,,,,,,,,,,
170100,5.008411,0.88444054,,,,,,,,,,,,,,
170200,5.1033134,0.93548775,,,,,,,,,,,,,,
170300,5.1742597,0.9878,,,,,,,,,,,,,,
170400,5.005757,0.94108033,,,,,,,,,,,,,,
170500,5.1122913,1.012366,,,,,,,,,,,,,,
170600,4.969985,1.0430417,,,,,,,,,,,,,,
170700,5.0887766,0.943095,,,,,,,,,,,,,,
170800,4.821752,0.932933,,,,,,,,,,,,,,
170900,5.208303,0.9638181,,,,,,,,,,,,,,
171000,4.9247227,0.87365806,,,,,,,,,,,,,,
171100,5.1695533,0.9676844,,,,,,,,,,,,,,
171200,5.004554,0.9939327,,,,,,,,,,,,,,
171300,4.776684,0.9372167,,,,,,,,,,,,,,
171400,5.1402273,0.9885636,,,,,,,,,,,,,,
171500,5.2846427,0.9524603,,,,,,,,,,,,,,
171600,5.1721735,0.97962594,,,,,,,,,,,,,,
171700,5.593189,0.99597466,,,,,,,,,,,,,,
171800,5.0241704,0.9131294,,,,,,,,,,,,,,
171900,5.120052,0.94852316,,,,,,,,,,,,,,
172000,5.104409,0.90507007,,,,,,,,,,,,,,
172100,5.3043904,0.9672328,,,,,,,,,,,,,,
172200,5.172736,0.9962969,,,,,,,,,,,,,,
172300,4.750158,0.8858863,,,,,,,,,,,,,,
172400,5.1699114,0.9299823,,,,,,,,,,,,,,
172500,4.560922,0.825485,,,,,,,,,,,,,,
172600,4.8781595,0.92298317,,,,,,,,,,,,,,
172700,5.2076297,0.9719002,,,,,,,,,,,,,,
172800,4.814147,0.94146156,,,,,,,,,,,,,,
172900,5.244767,0.9907903,,,,,,,,,,,,,,
173000,5.095126,0.91785175,,,,,,,,,,,,,,
173100,4.9282928,0.865515,,,,,,,,,,,,,,
173200,5.063684,0.9688129,,,,,,,,,,,,,,
173300,4.9021363,0.9553601,,,,,,,,,,,,,,
173400,4.786781,0.84942925,,,,,,,,,,,,,,
173500,5.114274,0.9875612,,,,,,,,,,,,,,
173600,5.05738,0.9982177,,,,,,,,,,,,,,
173700,5.4497447,0.96833944,,,,,,,,,,,,,,
173800,5.1624126,0.98929965,,,,,,,,,,,,,,
173900,4.8760767,0.9287993,,,,,,,,,,,,,,
174000,4.851548,1.0099708,,,,,,,,,,,,,,
174100,5.410206,1.0253218,,,,,,,,,,,,,,
174200,5.183514,0.9238368,,,,,,,,,,,,,,
174300,5.0809116,0.995248,,,,,,,,,,,,,,
174400,5.0131035,0.92520773,,,,,,,,,,,,,,
174418,,,0.9489995,0.18063688,0.75373995,1.076455,50000.0,0.6291,1.8668636,10000.0,49951.91783928871,50590.50589442253,49951.91783928871,634.1093051433563,2.748711347579956,0.0
174500,5.036942,1.0144895,,,,,,,,,,,,,,
174600,4.719867,0.8249006,,,,,,,,,,,,,,
174700,5.120421,0.8937489,,,,,,,,,,,,,,
174800,4.8922763,0.9498565,,,,,,,,,,,,,,
174900,5.2343516,0.90193987,,,,,,,,,,,,,,
175000,5.0992794,0.9688784,,,,,,,,,,,,,,
175100,5.000911,0.9047041,,,,,,,,,,,,,,
175200,5.1290555,0.9797969,,,,,,,,,,,,,,
175300,5.034257,0.9143141,,,,,,,,,,,,,,
175400,4.902943,0.95259476,,,,,,,,,,,,,,
175500,4.944501,0.8661345,,,,,,,,,,,,,,
175600,5.275557,0.9017285,,,,,,,,,,,,,,
175700,5.126555,0.9883629,,,,,,,,,,,,,,
175800,5.0009403,0.9335717,,,,,,,,,,,,,,
175900,5.322895,1.0109267,,,,,,,,,,,,,,
176000,5.20842,0.9239348,,,,,,,,,,,,,,
176100,5.1726613,0.98684967,,,,,,,,,,,,,,
176200,5.0655894,0.9173806,,,,,,,,,,,,,,
176300,5.212427,0.94204676,,,,,,,,,,,,,,
176400,4.928747,0.9401436,,,,,,,,,,,,,,
176500,5.213183,0.98827493,,,,,,,,,,,,,,
176600,5.190755,0.9286671,,,,,,,,,,,,,,
176700,5.2113004,0.98265946,,,,,,,,,,,,,,
176800,4.938755,1.0394479,,,,,,,,,,,,,,
176900,5.0952997,0.98197055,,,,,,,,,,,,,,
177000,5.1285305,0.95700824,,,,,,,,,,,,,,
177100,5.148158,0.9816646,,,,,,,,,,,,,,
177200,5.0597153,0.9705163,,,,,,,,,,,,,,
177300,5.0406494,0.9050668,,,,,,,,,,,,,,
177400,5.232636,1.0322815,,,,,,,,,,,,,,
177500,5.0346665,0.9409811,,,,,,,,,,,,,,
177600,5.083625,1.0042052,,,,,,,,,,,,,,
177700,5.054672,0.93323743,,,,,,,,,,,,,,
177800,4.885261,0.8499916,,,,,,,,,,,,,,
177900,4.9462905,0.9739598,,,,,,,,,,,,,,
178000,4.735991,0.86484694,,,,,,,,,,,,,,
178100,5.039835,0.9000094,,,,,,,,,,,,,,
178200,5.075594,0.9157424,,,,,,,,,,,,,,
178300,4.948076,0.94641227,,,,,,,,,,,,,,
178400,4.9398665,0.8853956,,,,,,,,,,,,,,
178500,5.1525974,1.0153712,,,,,,,,,,,,,,
178600,5.2327666,0.96011287,,,,,,,,,,,,,,
178700,4.925015,0.91871405,,,,,,,,,,,,,,
178800,5.127267,0.956084,,,,,,,,,,,,,,
178846,,,0.94782364,0.1783816,0.75402,1.0778383,50000.0,0.6283,1.8672477,10000.0,51947.29002213478,52625.81468272209,51947.29002213478,673.3249371051788,3.187523365020752,0.0
178900,4.7738566,0.9123995,,,,,,,,,,,,,,
179000,4.9198766,0.9970912,,,,,,,,,,,,,,
179100,5.0532913,0.9524287,,,,,,,,,,,,,,
179200,5.3425074,0.96323335,,,,,,,,,,,,,,
179300,5.1845365,0.949697,,,,,,,,,,,,,,
179400,5.214295,0.9824343,,,,,,,,,,,,,,
179500,5.1163926,0.9222437,,,,,,,,,,,,,,
179600,5.161383,0.9583783,,,,,,,,,,,,,,
179700,5.0293884,0.8476839,,,,,,,,,,,,,,
179800,5.0402894,0.90521246,,,,,,,,,,,,,,
179900,5.062415,0.85462457,,,,,,,,,,,,,,
180000,5.2312965,0.8575758,,,,,,,,,,,,,,
180100,4.849779,0.8113138,,,,,,,,,,,,,,
180200,5.097011,0.9459634,,,,,,,,,,,,,,
180300,4.910517,0.944772,,,,,,,,,,,,,,
180400,5.0186453,0.9116261,,,,,,,,,,,,,,
180500,5.5011196,0.97363204,,,,,,,,,,,,,,
180600,5.0210023,0.9508739,,,,,,,,,,,,,,
180700,4.840489,0.86090726,,,,,,,,,,,,,,
180800,5.266316,0.929271,,,,,,,,,,,,,,
180900,4.8468018,0.8942833,,,,,,,,,,,,,,
181000,4.987508,0.9300423,,,,,,,,,,,,,,
181100,5.115768,0.937235,,,,,,,,,,,,,,
181200,5.002644,0.8996254,,,,,,,,,,,,,,
181300,4.8690004,0.8720096,,,,,,,,,,,,,,
181400,5.159334,0.9714869,,,,,,,,,,,,,,
181500,4.869708,0.9027443,,,,,,,,,,,,,,
181600,5.202916,0.9343599,,,,,,,,,,,,,,
181700,4.8246655,0.9024069,,,,,,,,,,,,,,
181800,5.3873053,0.9736725,,,,,,,,,,,,,,
181900,4.835203,0.9001156,,,,,,,,,,,,,,
182000,4.637961,0.8328963,,,,,,,,,,,,,,
182100,5.1180224,0.97406274,,,,,,,,,,,,,,
182200,5.2687507,0.9869485,,,,,,,,,,,,,,
182300,4.7618613,0.88352716,,,,,,,,,,,,,,
182400,5.1224566,0.8871628,,,,,,,,,,,,,,
182500,4.992258,0.89370286,,,,,,,,,,,,,,
182600,4.682897,0.8550284,,,,,,,,,,,,,,
182700,5.14408,0.9484037,,,,,,,,,,,,,,
182800,5.1197777,0.9539137,,,,,,,,,,,,,,
182900,4.9297843,0.87992334,,,,,,,,,,,,,,
183000,4.887799,0.8901391,,,,,,,,,,,,,,
183100,4.943494,0.8662341,,,,,,,,,,,,,,
183200,5.190832,1.0011495,,,,,,,,,,,,,,
183300,4.9794555,0.95684373,,,,,,,,,,,,,,
183400,5.206515,0.9533624,,,,,,,,,,,,,,
183424,,,0.9513512,0.17198183,0.75394,1.0774896,50000.0,0.629,1.8643882,10000.0,53942.5781993866,54664.01664042473,53942.5781993866,715.5178511142731,3.6479856967926025,0.0
183500,5.110367,0.8879999,,,,,,,,,,,,,,
183600,5.357843,0.9694779,,,,,,,,,,,,,,
183700,5.0927086,0.9667546,,,,,,,,,,,,,,
183800,4.9153976,0.9160719,,,,,,,,,,,,,,
183900,4.934108,0.8932394,,,,,,,,,,,,,,
184000,4.7495494,0.8645725,,,,,,,,,,,,,,
184100,4.746131,0.89900196,,,,,,,,,,,,,,
184200,4.960619,1.0215876,,,,,,,,,,,,,,
184300,5.0422573,0.9675811,,,,,,,,,,,,,,
184400,4.9430337,0.90562797,,,,,,,,,,,,,,
184500,4.8463283,0.88127255,,,,,,,,,,,,,,
184600,5.0790954,0.92456114,,,,,,,,,,,,,,
184700,5.189856,0.96176314,,,,,,,,,,,,,,
184800,5.138074,0.9528495,,,,,,,,,,,,,,
184900,4.6970854,0.9094183,,,,,,,,,,,,,,
185000,5.1036005,0.9181908,,,,,,,,,,,,,,
185100,5.0743923,0.8846005,,,,,,,,,,,,,,
185200,5.203348,0.9448322,,,,,,,,,,,,,,
185300,5.025396,0.9068973,,,,,,,,,,,,,,
185400,5.1111283,0.88138604,,,,,,,,,,,,,,
185500,4.922669,0.92931265,,,,,,,,,,,,,,
185600,5.185923,0.9751317,,,,,,,,,,,,,,
185700,5.0903134,0.95289946,,,,,,,,,,,,,,
185800,4.994513,0.8622793,,,,,,,,,,,,,,
185900,5.013796,0.9743435,,,,,,,,,,,,,,
186000,4.799688,0.81425184,,,,,,,,,,,,,,
186100,4.993161,0.9759148,,,,,,,,,,,,,,
186200,4.572606,0.82138264,,,,,,,,,,,,,,
186300,5.006608,0.97286355,,,,,,,,,,,,,,
186400,5.5369763,0.9993459,,,,,,,,,,,,,,
186500,5.3034134,0.9438823,,,,,,,,,,,,,,
186600,5.533377,0.9145151,,,,,,,,,,,,,,
186700,5.0441008,0.8958327,,,,,,,,,,,,,,
186800,5.1234336,0.9352436,,,,,,,,,,,,,,
186900,5.0969844,0.8700875,,,,,,,,,,,,,,
187000,5.1776156,0.9319978,,,,,,,,,,,,,,
187100,5.174819,0.93573713,,,,,,,,,,,,,,
187200,4.944274,0.8643768,,,,,,,,,,,,,,
187300,4.9854345,0.83619016,,,,,,,,,,,,,,
187400,5.2047105,0.8938449,,,,,,,,,,,,,,
187500,4.7936473,0.9224609,,,,,,,,,,,,,,
187529,,,0.950275,0.17458051,0.75412,1.0794177,50000.0,0.6301,1.8626338,10000.0,55937.934849500656,56699.74064064026,55937.934849500656,755.1613154411316,4.11983323097229,0.0
187600,5.0552874,0.8531773,,,,,,,,,,,,,,
187700,5.044179,0.94916266,,,,,,,,,,,,,,
187800,4.881084,0.8825333,,,,,,,,,,,,,,
187900,5.276174,1.0084288,,,,,,,,,,,,,,
188000,5.390972,0.9985031,,,,,,,,,,,,,,
188100,5.2001,1.0020059,,,,,,,,,,,,,,
188200,5.1662536,0.9224262,,,,,,,,,,,,,,
188300,5.234635,0.9185755,,,,,,,,,,,,,,
188400,5.326428,0.9326956,,,,,,,,,,,,,,
188500,5.12849,0.85715365,,,,,,,,,,,,,,
188600,5.2474494,0.98667973,,,,,,,,,,,,,,
188700,4.7367125,0.8138906,,,,,,,,,,,,,,
188800,5.008528,0.8929577,,,,,,,,,,,,,,
188900,5.399804,0.9717091,,,,,,,,,,,,,,
189000,5.02671,0.8971951,,,,,,,,,,,,,,
189100,4.8860674,0.8346412,,,,,,,,,,,,,,
189200,5.2883186,0.91543674,,,,,,,,,,,,,,
189300,5.068224,0.9055982,,,,,,,,,,,,,,
189400,5.0378213,0.8800858,,,,,,,,,,,,,,
189500,5.3147793,0.96141523,,,,,,,,,,,,,,
189600,4.8515778,0.9537127,,,,,,,,,,,,,,
189700,5.221658,0.9315383,,,,,,,,,,,,,,
189800,5.2847457,1.0015546,,,,,,,,,,,,,,
189900,5.157924,0.9224256,,,,,,,,,,,,,,
190000,4.778889,0.8880926,,,,,,,,,,,,,,
190100,4.892291,0.91816056,,,,,,,,,,,,,,
190200,4.901444,0.8633422,,,,,,,,,,,,,,
190300,4.895757,0.9246034,,,,,,,,,,,,,,
190400,4.9971046,0.94478106,,,,,,,,,,,,,,
190500,5.3188543,0.9533683,,,,,,,,,,,,,,
190600,4.854382,0.88718146,,,,,,,,,,,,,,
190700,5.1930075,0.9621534,,,,,,,,,,,,,,
190800,5.226264,0.92428505,,,,,,,,,,,,,,
190900,5.1542816,0.98049414,,,,,,,,,,,,,,
191000,5.1901455,0.9566804,,,,,,,,,,,,,,
191100,5.3373475,0.9686191,,,,,,,,,,,,,,
191200,5.126772,0.8767175,,,,,,,,,,,,,,
191248,,,0.9526666,0.16960119,0.75324,1.0773498,50000.0,0.62750006,1.8607931,10000.0,57933.47280240059,58743.22166013718,57933.47280240059,802.2567172050476,4.655627489089966,0.0
191300,4.9652224,0.9512378,,,,,,,,,,,,,,
191400,5.2142234,0.91742015,,,,,,,,,,,,,,
191500,5.2505226,0.95766276,,,,,,,,,,,,,,
191600,5.2832937,0.9859845,,,,,,,,,,,,,,
191700,5.1497536,0.94144666,,,,,,,,,,,,,,
191800,5.2550054,0.9645185,,,,,,,,,,,,,,
191900,5.094381,0.95265037,,,,,,,,,,,,,,
192000,4.8804154,0.9083675,,,,,,,,,,,,,,
192100,4.588733,0.84352493,,,,,,,,,,,,,,
192200,5.4014254,1.0030234,,,,,,,,,,,,,,
192300,5.2318754,0.9462592,,,,,,,,,,,,,,
192400,4.936216,0.957001,,,,,,,,,,,,,,
192500,5.0360556,0.9078521,,,,,,,,,,,,,,
192600,5.109738,0.8998678,,,,,,,,,,,,,,
192700,5.1984825,0.95316267,,,,,,,,,,,,,,
192800,5.020749,0.92571783,,,,,,,,,,,,,,
192900,5.0785937,0.89888847,,,,,,,,,,,,,,
193000,5.1658983,0.942782,,,,,,,,,,,,,,
193100,5.1011734,0.89900315,,,,,,,,,,,,,,
193200,5.036683,0.91129434,,,,,,,,,,,,,,
193300,4.9399967,0.902738,,,,,,,,,,,,,,
193400,5.021849,0.9198102,,,,,,,,,,,,,,
193500,4.99968,0.8867873,,,,,,,,,,,,,,
193600,5.0576777,0.906448,,,,,,,,,,,,,,
193700,5.371496,0.89949894,,,,,,,,,,,,,,
193800,4.8367596,0.8914553,,,,,,,,,,,,,,
193900,5.1628833,0.8961816,,,,,,,,,,,,,,
194000,5.589412,1.0284178,,,,,,,,,,,,,,
194100,5.445899,1.0103502,,,,,,,,,,,,,,
194200,4.789029,0.9262799,,,,,,,,,,,,,,
194300,4.9817066,0.9026138,,,,,,,,,,,,,,
194400,5.0112696,0.89669216,,,,,,,,,,,,,,
194500,5.1814523,0.9410533,,,,,,,,,,,,,,
194600,5.097622,0.93243617,,,,,,,,,,,,,,
194700,5.332059,0.9835844,,,,,,,,,,,,,,
194800,5.2144628,0.95469207,,,,,,,,,,,,,,
194900,4.890124,0.86769426,,,,,,,,,,,,,,
195000,5.3274894,1.0178063,,,,,,,,,,,,,,
195063,,,0.952547,0.17043896,0.75376,1.0782413,50000.0,0.62990004,1.8617669,10000.0,59929.071627378464,60776.140051841736,59929.071627378464,838.8255090713501,5.14893364906311,0.0
195100,4.9622316,0.9323058,,,,,,,,,,,,,,
195200,5.3553753,1.0366966,,,,,,,,,,,,,,
195300,5.1472573,0.9325548,,,,,,,,,,,,,,
195400,5.1162066,0.9177793,,,,,,,,,,,,,,
195500,4.9716315,0.9017098,,,,,,,,,,,,,,
195600,5.568151,0.95567024,,,,,,,,,,,,,,
195700,4.8871107,0.8821664,,,,,,,,,,,,,,
195800,5.168012,0.9795944,,,,,,,,,,,,,,
195900,4.8276925,0.9166574,,,,,,,,,,,,,,
196000,4.9856925,0.9455525,,,,,,,,,,,,,,
196100,5.427358,0.93924296,,,,,,,,,,,,,,
196200,5.0155396,0.9030016,,,,,,,,,,,,,,
196300,5.0887656,0.8802263,,,,,,,,,,,,,,
196400,5.157572,1.0119542,,,,,,,,,,,,,,
196500,5.0355244,0.86223006,,,,,,,,,,,,,,
196600,5.1968107,0.95267105,,,,,,,,,,,,,,
196700,5.130921,0.89862525,,,,,,,,,,,,,,
196800,5.287567,0.9231607,,,,,,,,,,,,,,
196900,5.1379232,0.8977867,,,,,,,,,,,,,,
197000,4.969734,0.9156674,,,,,,,,,,,,,,
197100,4.644208,0.8736707,,,,,,,,,,,,,,
197200,5.3574615,0.9754261,,,,,,,,,,,,,,
197300,4.856748,0.8386726,,,,,,,,,,,,,,
197400,4.91269,0.89179945,,,,,,,,,,,,,,
197500,5.24994,0.9795364,,,,,,,,,,,,,,
197600,5.090019,0.87519664,,,,,,,,,,,,,,
197700,5.37724,0.9122578,,,,,,,,,,,,,,
197800,5.2348776,0.93376935,,,,,,,,,,,,,,
197900,5.293559,1.0175369,,,,,,,,,,,,,,
198000,5.093357,0.93677104,,,,,,,,,,,,,,
198100,5.0232315,0.9631995,,,,,,,,,,,,,,
198200,4.9585567,0.9069748,,,,,,,,,,,,,,
198300,5.0462523,0.9585158,,,,,,,,,,,,,,
198400,5.1283355,0.92988074,,,,,,,,,,,,,,
198500,5.2117214,0.9638483,,,,,,,,,,,,,,
198600,4.8352957,0.90543664,,,,,,,,,,,,,,
198700,5.416764,0.9534272,,,,,,,,,,,,,,
198800,4.994712,0.8898619,,,,,,,,,,,,,,
198900,5.0256696,0.86437833,,,,,,,,,,,,,,
199000,4.9539485,0.92544425,,,,,,,,,,,,,,
199096,,,0.95272636,0.16754384,0.7528,1.078183,50000.0,0.62920004,1.8614823,10000.0,61924.34237098694,62818.38122630119,61924.34237098694,885.0028548240662,5.684395551681519,0.0
199100,4.854145,0.85932165,,,,,,,,,,,,,,
199200,5.089237,0.9018992,,,,,,,,,,,,,,
199300,5.237952,0.96406364,,,,,,,,,,,,,,
199400,4.9868126,0.8238881,,,,,,,,,,,,,,
199500,5.2743864,0.95092374,,,,,,,,,,,,,,
199600,5.4552116,0.998711,,,,,,,,,,,,,,
199700,5.572746,0.992167,,,,,,,,,,,,,,
199800,5.0806108,0.8806011,,,,,,,,,,,,,,
199900,5.1981287,0.9039405,,,,,,,,,,,,,,
200000,4.808098,0.8420427,,,,,,,,,,,,,,
200100,5.2274,0.8521678,,,,,,,,,,,,,,
200200,4.9777207,0.93493974,,,,,,,,,,,,,,
200300,5.1950974,0.9569918,,,,,,,,,,,,,,
200400,4.92442,0.9084672,,,,,,,,,,,,,,
200500,5.2714424,0.95386267,,,,,,,,,,,,,,
200600,5.0813384,0.9512837,,,,,,,,,,,,,,
200700,4.992594,0.87364995,,,,,,,,,,,,,,
200800,4.9610195,0.98465264,,,,,,,,,,,,,,
200900,4.981588,0.87373114,,,,,,,,,,,,,,
201000,4.7942686,0.8757074,,,,,,,,,,,,,,
201100,4.943863,0.93708885,,,,,,,,,,,,,,
201200,5.2072015,0.92152107,,,,,,,,,,,,,,
201300,5.327813,1.0010875,,,,,,,,,,,,,,
201400,4.959412,0.89911044,,,,,,,,,,,,,,
201500,5.096189,0.94648874,,,,,,,,,,,,,,
201600,5.152907,0.9395279,,,,,,,,,,,,,,
201700,4.8002234,0.8782333,,,,,,,,,,,,,,
201800,5.4368534,0.95615613,,,,,,,,,,,,,,
201900,5.0818233,0.8984829,,,,,,,,,,,,,,
202000,5.047395,0.89019924,,,,,,,,,,,,,,
202100,5.0435443,0.9282651,,,,,,,,,,,,,,
202200,5.127607,0.9304385,,,,,,,,,,,,,,
202300,4.6825175,0.85436714,,,,,,,,,,,,,,
202400,5.577588,0.9244984,,,,,,,,,,,,,,
202500,5.2690783,0.8966766,,,,,,,,,,,,,,
202600,5.2415895,0.9816131,,,,,,,,,,,,,,
202700,5.0639887,0.8747781,,,,,,,,,,,,,,
202800,4.878237,0.8256624,,,,,,,,,,,,,,
202849,,,0.9549585,0.15947141,0.75386,1.0782359,50000.0,0.62990004,1.8620335,10000.0,63919.883076667786,64852.70789504051,63919.883076667786,922.935383796692,6.243690252304077,0.0
202900,5.142001,1.0034465,,,,,,,,,,,,,,
203000,5.087765,0.9284964,,,,,,,,,,,,,,
203100,5.1334925,0.9225967,,,,,,,,,,,,,,
203200,4.9663835,0.94086874,,,,,,,,,,,,,,
203300,5.141143,0.87890506,,,,,,,,,,,,,,
203400,5.2273045,0.9915011,,,,,,,,,,,,,,
203500,4.931765,0.8931645,,,,,,,,,,,,,,
203600,4.994811,0.92639333,,,,,,,,,,,,,,
203700,5.1535664,0.88712174,,,,,,,,,,,,,,
203800,5.4974566,1.0241472,,,,,,,,,,,,,,
203900,5.0240636,0.9431415,,,,,,,,,,,,,,
204000,5.485109,1.0129191,,,,,,,,,,,,,,
204100,4.93861,0.9177239,,,,,,,,,,,,,,
204200,5.197873,0.8559029,,,,,,,,,,,,,,
204300,4.938789,0.8780633,,,,,,,,,,,,,,
204400,5.1637387,0.862895,,,,,,,,,,,,,,
204500,5.1901245,0.99145365,,,,,,,,,,,,,,
204600,4.852474,0.86464053,,,,,,,,,,,,,,
204700,5.131825,0.91076183,,,,,,,,,,,,,,
204800,5.0810146,0.9338769,,,,,,,,,,,,,,
204900,5.310151,0.90579027,,,,,,,,,,,,,,
205000,4.974202,0.8556853,,,,,,,,,,,,,,
205100,5.0827785,0.85216093,,,,,,,,,,,,,,
205200,5.02273,0.849154,,,,,,,,,,,,,,
205300,5.306622,0.9881296,,,,,,,,,,,,,,
205400,5.74054,1.0138365,,,,,,,,,,,,,,
205500,5.424652,1.0562061,,,,,,,,,,,,,,
205600,5.0391154,0.8735479,,,,,,,,,,,,,,
205700,4.9341316,0.8910332,,,,,,,,,,,,,,
205800,4.7377996,0.8327043,,,,,,,,,,,,,,
205900,5.2400203,0.98556167,,,,,,,,,,,,,,
206000,5.2157583,0.99706566,,,,,,,,,,,,,,
206100,5.039386,0.7976914,,,,,,,,,,,,,,
206200,4.9913826,0.91560733,,,,,,,,,,,,,,
206300,4.636569,0.8123666,,,,,,,,,,,,,,
206400,5.1354594,0.96781564,,,,,,,,,,,,,,
206500,5.3705683,0.9465696,,,,,,,,,,,,,,
206600,5.5642314,1.044662,,,,,,,,,,,,,,
206700,4.8269916,0.8509695,,,,,,,,,,,,,,
206754,,,0.9528858,0.16299346,0.75408,1.0789212,50000.0,0.629,1.8630679,10000.0,65915.35211348534,66881.94443774223,65915.35211348534,955.9324560165404,6.702232837677002,0.0
206800,5.094331,0.8758286,,,,,,,,,,,,,,
206900,5.1025925,0.9203047,,,,,,,,,,,,,,
207000,5.2449665,0.9406729,,,,,,,,,,,,,,
207100,5.2751245,0.8883793,,,,,,,,,,,,,,
207200,5.062266,0.893429,,,,,,,,,,,,,,
207300,4.9866753,0.8484735,,,,,,,,,,,,,,
207400,5.0771847,0.90951717,,,,,,,,,,,,,,
207500,5.1799335,0.9289082,,,,,,,,,,,,,,
207600,5.2986317,0.94220084,,,,,,,,,,,,,,
207700,5.2514644,0.921932,,,,,,,,,,,,,,
207800,4.6855927,0.83184195,,,,,,,,,,,,,,
207900,4.9897003,0.95073223,,,,,,,,,,,,,,
208000,5.172411,0.89750963,,,,,,,,,,,,,,
208100,5.3917484,0.9950885,,,,,,,,,,,,,,
208200,5.1988683,0.87977004,,,,,,,,,,,,,,
208300,5.2339754,0.9455337,,,,,,,,,,,,,,
208400,5.496594,0.9707696,,,,,,,,,,,,,,
208500,4.9788485,0.8897008,,,,,,,,,,,,,,
208600,4.978503,0.867851,,,,,,,,,,,,,,
208700,5.0453944,0.8872617,,,,,,,,,,,,,,
208800,5.4021854,0.97327226,,,,,,,,,,,,,,
208900,5.222142,0.9825079,,,,,,,,,,,,,,
209000,5.4594874,0.96187603,,,,,,,,,,,,,,
209100,5.219306,0.9284543,,,,,,,,,,,,,,
209200,5.1604433,0.9863014,,,,,,,,,,,,,,
209300,5.2895327,1.0071801,,,,,,,,,,,,,,
209400,5.095505,0.9366816,,,,,,,,,,,,,,
209500,5.1500916,0.968586,,,,,,,,,,,,,,
209600,5.2893643,0.9760083,,,,,,,,,,,,,,
209700,5.325281,0.96253854,,,,,,,,,,,,,,
209800,5.133908,0.9025451,,,,,,,,,,,,,,
209900,5.200687,0.8621603,,,,,,,,,,,,,,
210000,5.0692644,0.9429909,,,,,,,,,,,,,,
210100,5.5488267,0.91372585,,,,,,,,,,,,,,
210200,5.013029,0.87389046,,,,,,,,,,,,,,
210300,4.992096,0.92762417,,,,,,,,,,,,,,
210400,5.02389,0.864603,,,,,,,,,,,,,,
210500,4.9644294,0.8720778,,,,,,,,,,,,,,
210600,5.156888,0.97168744,,,,,,,,,,,,,,
210700,5.0015163,0.91964847,,,,,,,,,,,,,,
210800,5.292617,0.954654,,,,,,,,,,,,,,
210830,,,0.9546795,0.16126078,0.75395995,1.0778822,50000.0,0.6302,1.8621116,10000.0,67910.6963338852,68918.14360046387,67910.6963338852,996.0133640766144,7.245025157928467,0.0
210900,5.153116,0.8613507,,,,,,,,,,,,,,
211000,5.315665,0.98848414,,,,,,,,,,,,,,
211100,5.3485475,0.9610522,,,,,,,,,,,,,,
211200,5.133538,0.9285419,,,,,,,,,,,,,,
211300,4.9898496,0.87153405,,,,,,,,,,,,,,
211400,5.457027,0.95457816,,,,,,,,,,,,,,
211500,5.1028814,0.90436715,,,,,,,,,,,,,,
211600,4.988109,0.8917821,,,,,,,,,,,,,,
211700,5.135812,0.92283,,,,,,,,,,,,,,
211800,5.723661,0.9441191,,,,,,,,,,,,,,
211900,5.128078,0.8854506,,,,,,,,,,,,,,
212000,4.9938536,0.9233067,,,,,,,,,,,,,,
212100,5.114876,0.8868686,,,,,,,,,,,,,,
212200,4.9842544,0.90180194,,,,,,,,,,,,,,
212300,5.001011,0.87477577,,,,,,,,,,,,,,
212400,4.961604,0.80205905,,,,,,,,,,,,,,
212500,5.018125,0.95575035,,,,,,,,,,,,,,
212600,4.8936033,0.8804634,,,,,,,,,,,,,,
212700,5.377979,0.9779346,,,,,,,,,,,,,,
212800,5.202916,0.9589001,,,,,,,,,,,,,,
212900,5.0114303,0.90928084,,,,,,,,,,,,,,
213000,5.072605,0.90816134,,,,,,,,,,,,,,
213100,4.945306,0.8509699,,,,,,,,,,,,,,
213200,5.0665,0.89907587,,,,,,,,,,,,,,
213300,5.114423,0.88169324,,,,,,,,,,,,,,
213400,5.0106196,0.87183386,,,,,,,,,,,,,,
213500,5.0433083,0.84040165,,,,,,,,,,,,,,
213600,5.0990915,0.8774149,,,,,,,,,,,,,,
213700,4.7428236,0.8831363,,,,,,,,,,,,,,
213800,5.0153117,0.9237356,,,,,,,,,,,,,,
213900,5.2754474,0.9349259,,,,,,,,,,,,,,
214000,5.3656344,1.0174567,,,,,,,,,,,,,,
214100,4.8150363,0.8611651,,,,,,,,,,,,,,
214200,5.113802,0.89779884,,,,,,,,,,,,,,
214300,5.3075795,0.93612075,,,,,,,,,,,,,,
214400,5.079487,0.8900384,,,,,,,,,,,,,,
214500,5.2254066,0.96503127,,,,,,,,,,,,,,
214600,5.327312,1.002486,,,,,,,,,,,,,,
214700,5.308074,0.9312092,,,,,,,,,,,,,,
214800,4.9101305,0.8940265,,,,,,,,,,,,,,
214900,5.282629,0.87170416,,,,,,,,,,,,,,
215000,5.073806,0.8984159,,,,,,,,,,,,,,
215100,5.0384865,0.880203,,,,,,,,,,,,,,
215200,5.7225347,1.0435605,,,,,,,,,,,,,,
215277,,,0.9546795,0.15797712,0.75408,1.0774853,50000.0,0.63310003,1.8600335,10000.0,69906.23444628716,70955.25825119019,69906.23444628716,1036.815337896347,7.803174257278442,0.0
215300,5.209727,0.92458105,,,,,,,,,,,,,,
215400,5.4042883,0.953952,,,,,,,,,,,,,,
215500,5.296565,0.8851534,,,,,,,,,,,,,,
215600,5.240959,0.9085546,,,,,,,,,,,,,,
215700,5.009772,0.88030136,,,,,,,,,,,,,,
215800,4.938934,0.87099105,,,,,,,,,,,,,,
215900,4.8852687,0.89155114,,,,,,,,,,,,,,
216000,4.846564,0.7862259,,,,,,,,,,,,,,
216100,5.349639,0.9574717,,,,,,,,,,,,,,
216200,5.2707314,0.95424485,,,,,,,,,,,,,,
216300,5.2665176,0.9599327,,,,,,,,,,,,,,
216400,5.193632,0.86845726,,,,,,,,,,,,,,
216500,4.908529,0.8023777,,,,,,,,,,,,,,
216600,5.337294,0.91448,,,,,,,,,,,,,,
216700,5.105943,0.8863859,,,,,,,,,,,,,,
216800,5.0270524,0.9209032,,,,,,,,,,,,,,
216900,5.284718,0.9968642,,,,,,,,,,,,,,
217000,5.2203918,0.9313672,,,,,,,,,,,,,,
217100,4.9800344,0.8858732,,,,,,,,,,,,,,
217200,5.0396547,0.9210735,,,,,,,,,,,,,,
217300,5.3347816,0.97480357,,,,,,,,,,,,,,
217400,5.1645746,0.9219173,,,,,,,,,,,,,,
217500,4.841171,0.8522967,,,,,,,,,,,,,,
217600,5.1531954,0.96086353,,,,,,,,,,,,,,
217700,5.0294237,0.884645,,,,,,,,,,,,,,
217800,4.8027625,0.7918198,,,,,,,,,,,,,,
217900,5.2266183,0.86897826,,,,,,,,,,,,,,
218000,5.3321977,0.98133004,,,,,,,,,,,,,,
218100,5.283939,0.96068203,,,,,,,,,,,,,,
218200,5.034923,0.8902592,,,,,,,,,,,,,,
218300,4.824457,0.86642116,,,,,,,,,,,,,,
218400,4.8722277,0.91594744,,,,,,,,,,,,,,
218500,5.4252605,0.9741702,,,,,,,,,,,,,,
218600,5.2142477,0.92636025,,,,,,,,,,,,,,
218700,5.211658,0.94290596,,,,,,,,,,,,,,
218800,5.136646,0.92348903,,,,,,,,,,,,,,
218900,5.3196874,0.9385422,,,,,,,,,,,,,,
219000,5.1108956,0.89516,,,,,,,,,,,,,,
219100,5.0208263,0.92416054,,,,,,,,,,,,,,
219200,5.103062,0.9026141,,,,,,,,,,,,,,
219300,5.1832533,0.888795,,,,,,,,,,,,,,
219400,5.2133775,0.8955112,,,,,,,,,,,,,,
219500,4.84986,0.8460989,,,,,,,,,,,,,,
219600,5.014862,0.9206774,,,,,,,,,,,,,,
219700,4.9568667,0.8829387,,,,,,,,,,,,,,
219800,5.3214383,0.9632787,,,,,,,,,,,,,,
219900,5.4161167,0.92981344,,,,,,,,,,,,,,
220000,4.997305,0.89931095,,,,,,,,,,,,,,
220100,5.5423603,0.9184139,,,,,,,,,,,,,,
220200,5.02984,0.902712,,,,,,,,,,,,,,
220300,5.0603404,0.9114016,,,,,,,,,,,,,,
220397,,,0.95649314,0.15317032,0.75404,1.080798,50000.0,0.6341,1.863171,10000.0,71901.50822019577,72989.8373169899,71901.50822019577,1075.351613998413,8.280278444290161,0.0
220400,5.2279987,1.0017228,,,,,,,,,,,,,,
220500,5.1228337,0.88086134,,,,,,,,,,,,,,
220600,5.2269797,0.9029439,,,,,,,,,,,,,,
220700,5.2159896,0.9803972,,,,,,,,,,,,,,
220800,4.980408,0.9081791,,,,,,,,,,,,,,
220900,5.010544,0.91249454,,,,,,,,,,,,,,
221000,4.892558,0.88128614,,,,,,,,,,,,,,
221100,5.1677184,0.9017781,,,,,,,,,,,,,,
221200,5.595472,1.0283965,,,,,,,,,,,,,,
221300,5.1355963,0.9290332,,,,,,,,,,,,,,
221400,4.8653083,0.8863214,,,,,,,,,,,,,,
221500,4.9659796,0.8650927,,,,,,,,,,,,,,
221600,5.050287,0.8762206,,,,,,,,,,,,,,
221700,5.270135,0.8728773,,,,,,,,,,,,,,
221800,4.951304,0.89439356,,,,,,,,,,,,,,
221900,5.104475,0.8794708,,,,,,,,,,,,,,
222000,5.2753243,0.97024417,,,,,,,,,,,,,,
222100,5.1184635,0.89265454,,,,,,,,,,,,,,
222200,4.997801,0.92497826,,,,,,,,,,,,,,
222300,4.9796863,0.84022677,,,,,,,,,,,,,,
222400,5.28201,0.9425012,,,,,,,,,,,,,,
222500,4.853951,0.8962872,,,,,,,,,,,,,,
222600,5.3078256,0.92769766,,,,,,,,,,,,,,
222700,5.405352,0.9499087,,,,,,,,,,,,,,
222800,4.743131,0.87527996,,,,,,,,,,,,,,
222900,5.093333,0.92454326,,,,,,,,,,,,,,
223000,5.0761385,0.8587646,,,,,,,,,,,,,,
223100,5.060522,0.94421756,,,,,,,,,,,,,,
223200,5.331088,0.93048036,,,,,,,,,,,,,,
223300,4.6283484,0.83763206,,,,,,,,,,,,,,
223400,5.115885,0.96212316,,,,,,,,,,,,,,
223500,4.8400674,0.8676809,,,,,,,,,,,,,,
223600,5.2006187,0.92280936,,,,,,,,,,,,,,
223700,5.3853393,0.9958111,,,,,,,,,,,,,,
223800,5.0345364,0.91473186,,,,,,,,,,,,,,
223900,5.3153796,0.9217161,,,,,,,,,,,,,,
224000,4.9492016,0.8892548,,,,,,,,,,,,,,
224100,5.26176,0.89906514,,,,,,,,,,,,,,
224200,5.170938,0.90937364,,,,,,,,,,,,,,
224300,5.0455155,0.9224608,,,,,,,,,,,,,,
224400,4.9506135,0.8751482,,,,,,,,,,,,,,
224500,5.2392545,1.0115783,,,,,,,,,,,,,,
224600,4.985041,0.89337766,,,,,,,,,,,,,,
224700,5.155628,0.93984663,,,,,,,,,,,,,,
224800,5.004521,0.9245262,,,,,,,,,,,,,,
224900,4.967423,0.8815662,,,,,,,,,,,,,,
225000,5.35936,0.8634929,,,,,,,,,,,,,,
225100,5.344352,0.9146207,,,,,,,,,,,,,,
225200,4.9444323,0.8850175,,,,,,,,,,,,,,
225300,4.997132,0.8535713,,,,,,,,,,,,,,
225400,5.1853743,0.9141326,,,,,,,,,,,,,,
225500,5.4515452,0.9966766,,,,,,,,,,,,,,
225600,5.127328,0.9304979,,,,,,,,,,,,,,
225700,5.021611,0.79902285,,,,,,,,,,,,,,
225800,5.1513257,0.93318045,,,,,,,,,,,,,,
225900,4.9463496,0.86017716,,,,,,,,,,,,,,
226000,5.1860847,0.9174198,,,,,,,,,,,,,,
226100,5.300269,0.94345444,,,,,,,,,,,,,,
226200,5.3167067,0.89156544,,,,,,,,,,,,,,
226300,5.076334,0.8932842,,,,,,,,,,,,,,
226400,5.329573,0.98484296,,,,,,,,,,,,,,
226406,,,0.95523757,0.15633641,0.75372,1.0817096,50000.0,0.63430005,1.8659685,10000.0,73897.11191749573,75022.37075853348,73897.11191749573,1111.535054922104,8.781720638275146,0.0
226500,4.998298,0.81913865,,,,,,,,,,,,,,
226600,5.2754154,0.98889124,,,,,,,,,,,,,,
226700,5.1140137,0.8066398,,,,,,,,,,,,,,
226800,5.5442715,0.89443034,,,,,,,,,,,,,,
226900,5.2435827,0.8191415,,,,,,,,,,,,,,
227000,5.2343655,0.8590567,,,,,,,,,,,,,,
227100,5.3084784,0.92972386,,,,,,,,,,,,,,
227200,5.2614155,0.90822965,,,,,,,,,,,,,,
227300,4.9326334,0.92096764,,,,,,,,,,,,,,
227400,5.036497,0.8722205,,,,,,,,,,,,,,
227500,5.2687807,0.8036066,,,,,,,,,,,,,,
227600,5.129593,0.9697646,,,,,,,,,,,,,,
227700,4.784746,0.82962817,,,,,,,,,,,,,,
227800,5.042297,0.8889498,,,,,,,,,,,,,,
227900,5.198848,0.8784989,,,,,,,,,,,,,,
228000,5.069074,0.8548619,,,,,,,,,,,,,,
228100,5.3416066,0.99511516,,,,,,,,,,,,,,
228200,5.152013,0.8384189,,,,,,,,,,,,,,
228300,5.269827,1.0044866,,,,,,,,,,,,,,
228400,5.242281,0.9437058,,,,,,,,,,,,,,
228500,5.353851,0.9914513,,,,,,,,,,,,,,
228600,5.1957216,0.95207655,,,,,,,,,,,,,,
228700,5.550254,0.94268113,,,,,,,,,,,,,,
228800,5.2874527,0.94571614,,,,,,,,,,,,,,
228900,5.613104,1.0503197,,,,,,,,,,,,,,
229000,5.0465045,0.9111926,,,,,,,,,,,,,,
229100,5.1274667,0.9772841,,,,,,,,,,,,,,
229200,5.1616993,0.94459105,,,,,,,,,,,,,,
229300,5.541454,0.9734502,,,,,,,,,,,,,,
229400,4.9639497,0.85980624,,,,,,,,,,,,,,
229500,4.6327915,0.7670916,,,,,,,,,,,,,,
229600,5.357014,0.9371649,,,,,,,,,,,,,,
229700,5.409813,0.9799932,,,,,,,,,,,,,,
229800,4.934324,0.9098384,,,,,,,,,,,,,,
229900,5.275178,0.8990069,,,,,,,,,,,,,,
230000,5.2524166,0.9163827,,,,,,,,,,,,,,
230100,5.5426807,0.9463514,,,,,,,,,,,,,,
230200,4.8132014,0.8499898,,,,,,,,,,,,,,
230300,5.2537394,0.9262945,,,,,,,,,,,,,,
230400,5.5182095,0.94054055,,,,,,,,,,,,,,
230500,5.3716245,0.9204641,,,,,,,,,,,,,,
230600,5.364909,0.9387766,,,,,,,,,,,,,,
230700,4.926332,0.9076877,,,,,,,,,,,,,,
230800,5.2558475,0.9364003,,,,,,,,,,,,,,
230900,4.909439,0.81914365,,,,,,,,,,,,,,
231000,5.1186247,0.8749615,,,,,,,,,,,,,,
231100,5.4946256,1.0761766,,,,,,,,,,,,,,
231200,4.983416,0.877363,,,,,,,,,,,,,,
231300,4.956263,0.87382066,,,,,,,,,,,,,,
231400,5.057019,0.9189538,,,,,,,,,,,,,,
231500,5.453634,0.9052627,,,,,,,,,,,,,,
231600,5.3070993,0.9718408,,,,,,,,,,,,,,
231700,5.044973,0.89939964,,,,,,,,,,,,,,
231800,5.3860703,0.85518587,,,,,,,,,,,,,,
231900,5.1513143,0.89475477,,,,,,,,,,,,,,
232000,5.191963,0.8752988,,,,,,,,,,,,,,
232100,5.2257843,0.8918358,,,,,,,,,,,,,,
232200,4.804822,0.875126,,,,,,,,,,,,,,
232206,,,,,,,,,,,75892.38308477402,,,,,0.0
