accumulated_eval_time,accumulated_logging_time,accumulated_submission_time,global_step,preemption_count,score,test/loss,test/num_examples,test/ssim,total_duration,train/loss,train/ssim,validation/loss,validation/num_examples,validation/ssim
83.36600160598755,0.0,76.44122099876404,1,0,76.44122099876404,0.9435958116622452,3581,0.2111931795249668,160.46319007873535,0.9393610273088728,0.1978662014007568,0.9470242321591869,3554,0.1880485435919474
89.63491725921631,0.0434930324554443,185.24888062477112,748,0,185.24888062477112,0.3109793877408545,3581,0.7164409928267244,277.279456615448,0.2863663945879255,0.724531854901995,0.3093923247792979,3554,0.6988269159749578
95.55533862113953,0.0881187915802002,293.9523656368256,2648,0,293.9523656368256,0.2930253025407532,3581,0.7343445932089501,393.7832269668579,0.267642787524632,0.7436951228550502,0.2914126798149972,3554,0.7172311622907288
101.47523498535156,0.1334505081176757,402.6140451431274,4950,0,402.6140451431274,0.2897857862023527,3581,0.7372389651982686,510.2793271541596,0.2643102918352399,0.746967247554234,0.2884000779271595,3554,0.7197869450575056
107.38679385185242,0.1769196987152099,511.2849643230438,7251,0,511.2849643230438,0.2888523454407812,3581,0.7389575624825467,626.7678542137146,0.2630226612091064,0.7493277958461216,0.2875126123294175,3554,0.7215927201304868
113.29521036148071,0.221174955368042,619.9493722915649,9556,0,619.9493722915649,0.28822559739117914,3581,0.7409950220128805,743.2316830158234,0.26188394001552034,0.7517775126865932,0.2867788165623241,3554,0.7238031751195836
