accumulated_eval_time,accumulated_logging_time,accumulated_submission_time,global_step,preemption_count,score,test/accuracy,test/loss,test/mean_average_precision,test/num_examples,total_duration,train/accuracy,train/loss,train/mean_average_precision,validation/accuracy,validation/loss,validation/mean_average_precision,validation/num_examples
68.93913149833679,0.0,48.082613706588745,1,0,48.082613706588745,0.5860635474407427,0.6990694375774381,0.0265331377844787,43793.0,117.50051283836363,0.5809256201668515,0.7050570989475401,0.0205144503402959,0.5863856153329069,0.7000303834525669,0.0252074474147573,43793.0
99.9264965057373,0.412379503250122,498.87003445625305,1883,0,498.87003445625305,0.9851662133740552,0.0492111351684454,0.2153627581258888,43793.0,601.0683445930481,0.989468197989523,0.0359296411861085,0.2644366798367254,0.9860538531981984,0.0465552139080304,0.2251255882850699,43793.0
130.5749785900116,0.4488101005554199,950.0327444076538,3755,0,950.0327444076538,0.985764239550756,0.0470771233719579,0.255867164650625,43793.0,1084.310329914093,0.990627556805101,0.0311190482890091,0.3675563677543683,0.9865699862635132,0.0446304877701021,0.250497139868394,43793.0
161.34558963775635,0.4816720485687256,1401.124930858612,5627,0,1401.124930858612,0.9857709778738738,0.0474301911041079,0.2610472563443549,43793.0,1567.594989776611,0.9912272229512434,0.0289730942500129,0.4256148136887921,0.98673073238531,0.0445200984915031,0.2756401849751292,43793.0
192.0092091560364,0.5173938274383545,1852.4000401496887,7497,0,1852.4000401496887,0.9861384270563888,0.0475867353793128,0.2717872122899026,43793.0,2050.948047876358,0.9922424050785996,0.0254415008026013,0.5308102230041634,0.986896958488532,0.0449665710984967,0.2763158524475288,43793.0
222.49565052986145,0.5514819622039795,2303.553474426269,9360,0,2303.553474426269,0.9857244413298416,0.048486183068447,0.2618012208649019,43793.0,2534.0054697990417,0.9919831080855108,0.0258066885599497,0.510536226614808,0.9865645062820884,0.0455782676824793,0.2747276811874817,43793.0
253.34332585334775,0.5873730182647705,2754.665871620178,11226,0,2754.665871620178,0.9857888765446552,0.0491463972555231,0.2648624889761097,43793.0,3017.372363805771,0.9933167521974408,0.0217059678487346,0.6114394512039736,0.9867587411792595,0.0458374822205047,0.289009383659962,43793.0
,,,11226,0,2754.665871620178,,,,,,,,,,,,
