accumulated_eval_time,accumulated_logging_time,accumulated_submission_time,global_step,preemption_count,score,test/loss,test/num_examples,test/ppl,total_duration,train/loss,train/ppl,validation/loss,validation/num_examples,validation/ppl
211.80863213539124,0.0,67.3606789112091,1,0,67.3606789112091,0.0,0,1.0,279.7727603912353,11.059778594970703,63562.47725605682,11.060661764705882,100000,63618.63850857119
394.51189947128296,0.0642774105072021,2635.76616191864,6020,0,2635.76616191864,0.0,0,1.0,3034.283844232559,3.5558544158935548,35.01772689181105,3.54859772118766,100000,34.76453372231608
577.357399225235,0.1128242015838623,5204.267832279205,12046,0,5204.267832279205,0.0,0,1.0,5788.771261692047,3.3714977264404298,29.12211136715925,3.3601963989570014,100000,28.79484560157688
760.2669656276703,0.1574671268463134,7773.1339802742,18076,0,7773.1339802742,0.0,0,1.0,8543.607874631882,3.271207427978516,26.343127577681024,3.260104986712756,100000,26.052272141358497
943.1147272586824,0.2027397155761718,10341.769047498705,24114,0,10341.769047498705,0.0,0,1.0,11298.07382297516,3.20413818359375,24.63426065556719,3.19160231178069,100000,24.32737627227188
1126.0012176036837,0.2471621036529541,12910.67138004303,30146,0,12910.67138004303,0.0,0,1.0,14052.816511392592,3.1516483306884764,23.374561851739784,3.1387842671035804,100000,23.075795794662977
1308.8381006717682,0.2918064594268799,15479.304972171783,36181,0,15479.304972171783,0.0,0,1.0,16807.236610412598,3.1109394073486327,22.44211679084981,3.0962126358695654,100000,22.114038561306867
