torchrun --redirects 1:0,2:0,3:0 --standalone --nnodes=1 --nproc_per_node=4 submission_runner.py --framework=pytorch --workload=librispeech_conformer --submission_path=submissions_algorithms/submissions/self_tuning/ademamix_golden/submission.py --data_dir=/data/librispeech --experiment_dir=/experiment_runs --experiment_name=submissions_a100/ademamix_golden/study_0 --overwrite=True --save_checkpoints=False --rng_seed=1128445477 --librispeech_tokenizer_vocab_path=/data/librispeech/spm_model.vocab --torch_compile=true --tuning_ruleset=self 2>&1 | tee -a /logs/librispeech_conformer_pytorch_09-15-2026-04-25-35.log
W0915 04:26:01.267000 9 site-packages/torch/distributed/run.py:803] 
W0915 04:26:01.267000 9 site-packages/torch/distributed/run.py:803] *****************************************
W0915 04:26:01.267000 9 site-packages/torch/distributed/run.py:803] Setting OMP_NUM_THREADS environment variable for each process to be 1 in default, to avoid your system being overloaded, please further tune the variable for optimal performance in your application as needed. 
W0915 04:26:01.267000 9 site-packages/torch/distributed/run.py:803] *****************************************
2026-09-15 04:26:15.633485: E external/local_xla/xla/stream_executor/cuda/cuda_fft.cc:467] Unable to register cuFFT factory: Attempting to register factory for plugin cuFFT when one has already been registered
2026-09-15 04:26:15.633485: E external/local_xla/xla/stream_executor/cuda/cuda_fft.cc:467] Unable to register cuFFT factory: Attempting to register factory for plugin cuFFT when one has already been registered
2026-09-15 04:26:15.633485: E external/local_xla/xla/stream_executor/cuda/cuda_fft.cc:467] Unable to register cuFFT factory: Attempting to register factory for plugin cuFFT when one has already been registered
2026-09-15 04:26:15.633484: E external/local_xla/xla/stream_executor/cuda/cuda_fft.cc:467] Unable to register cuFFT factory: Attempting to register factory for plugin cuFFT when one has already been registered
WARNING: All log messages before absl::InitializeLog() is called are written to STDERR
E0000 00:00:1789446376.212856      39 cuda_dnn.cc:8579] Unable to register cuDNN factory: Attempting to register factory for plugin cuDNN when one has already been registered
WARNING: All log messages before absl::InitializeLog() is called are written to STDERR
WARNING: All log messages before absl::InitializeLog() is called are written to STDERR
E0000 00:00:1789446376.212858      38 cuda_dnn.cc:8579] Unable to register cuDNN factory: Attempting to register factory for plugin cuDNN when one has already been registered
E0000 00:00:1789446376.212860      40 cuda_dnn.cc:8579] Unable to register cuDNN factory: Attempting to register factory for plugin cuDNN when one has already been registered
WARNING: All log messages before absl::InitializeLog() is called are written to STDERR
E0000 00:00:1789446376.212883      41 cuda_dnn.cc:8579] Unable to register cuDNN factory: Attempting to register factory for plugin cuDNN when one has already been registered
E0000 00:00:1789446376.324055      40 cuda_blas.cc:1407] Unable to register cuBLAS factory: Attempting to register factory for plugin cuBLAS when one has already been registered
E0000 00:00:1789446376.324055      39 cuda_blas.cc:1407] Unable to register cuBLAS factory: Attempting to register factory for plugin cuBLAS when one has already been registered
E0000 00:00:1789446376.324055      38 cuda_blas.cc:1407] Unable to register cuBLAS factory: Attempting to register factory for plugin cuBLAS when one has already been registered
E0000 00:00:1789446376.324071      41 cuda_blas.cc:1407] Unable to register cuBLAS factory: Attempting to register factory for plugin cuBLAS when one has already been registered
W0000 00:00:1789446377.713451      38 computation_placer.cc:177] computation placer already registered. Please check linkage and avoid linking the same target more than once.
W0000 00:00:1789446377.713449      39 computation_placer.cc:177] computation placer already registered. Please check linkage and avoid linking the same target more than once.
W0000 00:00:1789446377.713451      41 computation_placer.cc:177] computation placer already registered. Please check linkage and avoid linking the same target more than once.
W0000 00:00:1789446377.713452      40 computation_placer.cc:177] computation placer already registered. Please check linkage and avoid linking the same target more than once.
W0000 00:00:1789446377.713493      39 computation_placer.cc:177] computation placer already registered. Please check linkage and avoid linking the same target more than once.
W0000 00:00:1789446377.713493      40 computation_placer.cc:177] computation placer already registered. Please check linkage and avoid linking the same target more than once.
W0000 00:00:1789446377.713493      41 computation_placer.cc:177] computation placer already registered. Please check linkage and avoid linking the same target more than once.
W0000 00:00:1789446377.713496      39 computation_placer.cc:177] computation placer already registered. Please check linkage and avoid linking the same target more than once.
W0000 00:00:1789446377.713496      40 computation_placer.cc:177] computation placer already registered. Please check linkage and avoid linking the same target more than once.
W0000 00:00:1789446377.713496      38 computation_placer.cc:177] computation placer already registered. Please check linkage and avoid linking the same target more than once.
W0000 00:00:1789446377.713496      41 computation_placer.cc:177] computation placer already registered. Please check linkage and avoid linking the same target more than once.
W0000 00:00:1789446377.713498      39 computation_placer.cc:177] computation placer already registered. Please check linkage and avoid linking the same target more than once.
W0000 00:00:1789446377.713499      40 computation_placer.cc:177] computation placer already registered. Please check linkage and avoid linking the same target more than once.
W0000 00:00:1789446377.713499      38 computation_placer.cc:177] computation placer already registered. Please check linkage and avoid linking the same target more than once.
W0000 00:00:1789446377.713499      41 computation_placer.cc:177] computation placer already registered. Please check linkage and avoid linking the same target more than once.
W0000 00:00:1789446377.713502      38 computation_placer.cc:177] computation placer already registered. Please check linkage and avoid linking the same target more than once.
W0000 00:00:1789446404.748177      41 gpu_device.cc:2341] Cannot dlopen some GPU libraries. Please make sure the missing libraries mentioned above are installed properly if you would like to use GPU. Follow the guide at https://www.tensorflow.org/install/gpu for how to download and setup the required libraries for your platform.
Skipping registering GPU devices...
W0000 00:00:1789446404.748201      39 gpu_device.cc:2341] Cannot dlopen some GPU libraries. Please make sure the missing libraries mentioned above are installed properly if you would like to use GPU. Follow the guide at https://www.tensorflow.org/install/gpu for how to download and setup the required libraries for your platform.
Skipping registering GPU devices...
W0000 00:00:1789446404.866749      38 gpu_device.cc:2341] Cannot dlopen some GPU libraries. Please make sure the missing libraries mentioned above are installed properly if you would like to use GPU. Follow the guide at https://www.tensorflow.org/install/gpu for how to download and setup the required libraries for your platform.
Skipping registering GPU devices...
W0000 00:00:1789446404.880519      40 gpu_device.cc:2341] Cannot dlopen some GPU libraries. Please make sure the missing libraries mentioned above are installed properly if you would like to use GPU. Follow the guide at https://www.tensorflow.org/install/gpu for how to download and setup the required libraries for your platform.
Skipping registering GPU devices...
/usr/local/lib/python3.11/site-packages/torch/__init__.py:1617: UserWarning: Please use the new API settings to control TF32 behavior, such as torch.backends.cudnn.conv.fp32_precision = 'tf32' or torch.backends.cuda.matmul.fp32_precision = 'ieee'. Old settings, e.g, torch.backends.cuda.matmul.allow_tf32 = True, torch.backends.cudnn.allow_tf32 = True, allowTF32CuDNN() and allowTF32CuBLAS() will be deprecated after Pytorch 2.9. Please see https://pytorch.org/docs/main/notes/cuda.html#tensorfloat-32-tf32-on-ampere-and-later-devices (Triggered internally at /pytorch/aten/src/ATen/Context.cpp:80.)
  _C._set_float32_matmul_precision(precision)
/usr/local/lib/python3.11/site-packages/torch/__init__.py:1617: UserWarning: Please use the new API settings to control TF32 behavior, such as torch.backends.cudnn.conv.fp32_precision = 'tf32' or torch.backends.cuda.matmul.fp32_precision = 'ieee'. Old settings, e.g, torch.backends.cuda.matmul.allow_tf32 = True, torch.backends.cudnn.allow_tf32 = True, allowTF32CuDNN() and allowTF32CuBLAS() will be deprecated after Pytorch 2.9. Please see https://pytorch.org/docs/main/notes/cuda.html#tensorfloat-32-tf32-on-ampere-and-later-devices (Triggered internally at /pytorch/aten/src/ATen/Context.cpp:80.)
  _C._set_float32_matmul_precision(precision)
/usr/local/lib/python3.11/site-packages/torch/__init__.py:1617: UserWarning: Please use the new API settings to control TF32 behavior, such as torch.backends.cudnn.conv.fp32_precision = 'tf32' or torch.backends.cuda.matmul.fp32_precision = 'ieee'. Old settings, e.g, torch.backends.cuda.matmul.allow_tf32 = True, torch.backends.cudnn.allow_tf32 = True, allowTF32CuDNN() and allowTF32CuBLAS() will be deprecated after Pytorch 2.9. Please see https://pytorch.org/docs/main/notes/cuda.html#tensorfloat-32-tf32-on-ampere-and-later-devices (Triggered internally at /pytorch/aten/src/ATen/Context.cpp:80.)
  _C._set_float32_matmul_precision(precision)
/usr/local/lib/python3.11/site-packages/torch/__init__.py:1617: UserWarning: Please use the new API settings to control TF32 behavior, such as torch.backends.cudnn.conv.fp32_precision = 'tf32' or torch.backends.cuda.matmul.fp32_precision = 'ieee'. Old settings, e.g, torch.backends.cuda.matmul.allow_tf32 = True, torch.backends.cudnn.allow_tf32 = True, allowTF32CuDNN() and allowTF32CuBLAS() will be deprecated after Pytorch 2.9. Please see https://pytorch.org/docs/main/notes/cuda.html#tensorfloat-32-tf32-on-ampere-and-later-devices (Triggered internally at /pytorch/aten/src/ATen/Context.cpp:80.)
  _C._set_float32_matmul_precision(precision)
/usr/local/lib/python3.11/site-packages/pydantic/_internal/_generate_schema.py:2249: UnsupportedFieldAttributeWarning: The 'repr' attribute with value False was provided to the `Field()` function, which has no effect in the context it was used. 'repr' is field-specific metadata, and can only be attached to a model field using `Annotated` metadata or by assignment. This may have happened because an `Annotated` type alias using the `type` statement was used, or if the `Field()` function was attached to a single member of a union type.
  warnings.warn(
/usr/local/lib/python3.11/site-packages/pydantic/_internal/_generate_schema.py:2249: UnsupportedFieldAttributeWarning: The 'repr' attribute with value False was provided to the `Field()` function, which has no effect in the context it was used. 'repr' is field-specific metadata, and can only be attached to a model field using `Annotated` metadata or by assignment. This may have happened because an `Annotated` type alias using the `type` statement was used, or if the `Field()` function was attached to a single member of a union type.
  warnings.warn(
/usr/local/lib/python3.11/site-packages/pydantic/_internal/_generate_schema.py:2249: UnsupportedFieldAttributeWarning: The 'repr' attribute with value False was provided to the `Field()` function, which has no effect in the context it was used. 'repr' is field-specific metadata, and can only be attached to a model field using `Annotated` metadata or by assignment. This may have happened because an `Annotated` type alias using the `type` statement was used, or if the `Field()` function was attached to a single member of a union type.
  warnings.warn(
/usr/local/lib/python3.11/site-packages/pydantic/_internal/_generate_schema.py:2249: UnsupportedFieldAttributeWarning: The 'repr' attribute with value False was provided to the `Field()` function, which has no effect in the context it was used. 'repr' is field-specific metadata, and can only be attached to a model field using `Annotated` metadata or by assignment. This may have happened because an `Annotated` type alias using the `type` statement was used, or if the `Field()` function was attached to a single member of a union type.
  warnings.warn(
/usr/local/lib/python3.11/site-packages/pydantic/_internal/_generate_schema.py:2249: UnsupportedFieldAttributeWarning: The 'frozen' attribute with value True was provided to the `Field()` function, which has no effect in the context it was used. 'frozen' is field-specific metadata, and can only be attached to a model field using `Annotated` metadata or by assignment. This may have happened because an `Annotated` type alias using the `type` statement was used, or if the `Field()` function was attached to a single member of a union type.
  warnings.warn(
/usr/local/lib/python3.11/site-packages/pydantic/_internal/_generate_schema.py:2249: UnsupportedFieldAttributeWarning: The 'frozen' attribute with value True was provided to the `Field()` function, which has no effect in the context it was used. 'frozen' is field-specific metadata, and can only be attached to a model field using `Annotated` metadata or by assignment. This may have happened because an `Annotated` type alias using the `type` statement was used, or if the `Field()` function was attached to a single member of a union type.
  warnings.warn(
/usr/local/lib/python3.11/site-packages/pydantic/_internal/_generate_schema.py:2249: UnsupportedFieldAttributeWarning: The 'frozen' attribute with value True was provided to the `Field()` function, which has no effect in the context it was used. 'frozen' is field-specific metadata, and can only be attached to a model field using `Annotated` metadata or by assignment. This may have happened because an `Annotated` type alias using the `type` statement was used, or if the `Field()` function was attached to a single member of a union type.
  warnings.warn(
/usr/local/lib/python3.11/site-packages/pydantic/_internal/_generate_schema.py:2249: UnsupportedFieldAttributeWarning: The 'frozen' attribute with value True was provided to the `Field()` function, which has no effect in the context it was used. 'frozen' is field-specific metadata, and can only be attached to a model field using `Annotated` metadata or by assignment. This may have happened because an `Annotated` type alias using the `type` statement was used, or if the `Field()` function was attached to a single member of a union type.
  warnings.warn(
/usr/local/lib/python3.11/site-packages/torch/distributed/distributed_c10d.py:4876: UserWarning: barrier(): using the device under current context. You can specify `device_id` in `init_process_group` to mute this warning.
  warnings.warn(  # warn only once
[rank0]:[W915 04:26:54.662417492 ProcessGroupNCCL.cpp:5068] Guessing device ID based on global rank. This can cause a hang if rank to GPU mapping is heterogeneous. You can specify device_id in init_process_group()
I0915 04:26:56.936811 140016250610880 logger_utils.py:84] Creating experiment directory at /experiment_runs/submissions_a100/ademamix_golden/study_0/librispeech_conformer_pytorch.
I0915 04:26:56.936805 139885556876480 logger_utils.py:84] Creating experiment directory at /experiment_runs/submissions_a100/ademamix_golden/study_0/librispeech_conformer_pytorch.
I0915 04:26:56.936809 140198472086720 logger_utils.py:84] Creating experiment directory at /experiment_runs/submissions_a100/ademamix_golden/study_0/librispeech_conformer_pytorch.
I0915 04:26:56.936816 139627431158976 logger_utils.py:84] Creating experiment directory at /experiment_runs/submissions_a100/ademamix_golden/study_0/librispeech_conformer_pytorch.
I0915 04:26:57.213325 139627431158976 submission_runner.py:741] Creating directory at /experiment_runs/submissions_a100/ademamix_golden/study_0/librispeech_conformer_pytorch/trial_1.
I0915 04:26:57.489902 139627431158976 submission_runner.py:242] Initializing dataset.
I0915 04:26:57.490084 139627431158976 input_pipeline.py:19] Loading split = train-clean-100
I0915 04:26:57.554991 139627431158976 input_pipeline.py:19] Loading split = train-clean-360
I0915 04:26:57.723695 139627431158976 input_pipeline.py:19] Loading split = train-other-500
I0915 04:26:58.214523 139627431158976 submission_runner.py:251] Initializing model.
W0915 04:27:07.663937 140016250610880 submission_runner.py:273] These workloads cannot be fully compiled under current PyTorch version. Proceeding without `torch.compile`.
W0915 04:27:07.663936 139627431158976 submission_runner.py:273] These workloads cannot be fully compiled under current PyTorch version. Proceeding without `torch.compile`.
W0915 04:27:07.663930 140198472086720 submission_runner.py:273] These workloads cannot be fully compiled under current PyTorch version. Proceeding without `torch.compile`.
W0915 04:27:07.663984 139885556876480 submission_runner.py:273] These workloads cannot be fully compiled under current PyTorch version. Proceeding without `torch.compile`.
I0915 04:27:07.664132 139627431158976 submission_runner.py:294] Initializing optimizer.
I0915 04:27:07.664843 139627431158976 submission_runner.py:299] Initializing metrics bundle.
I0915 04:27:07.664999 139627431158976 submission_runner.py:321] Initializing checkpoint and logger.
I0915 04:27:07.667343 139627431158976 submission_runner.py:344] Saving meta data to /experiment_runs/submissions_a100/ademamix_golden/study_0/librispeech_conformer_pytorch/trial_1/meta_data_0.json.
I0915 04:27:07.667461 140016250610880 logger_utils.py:283] Unable to record workload.train_mean information. Continuing without it.
I0915 04:27:07.667497 139885556876480 logger_utils.py:283] Unable to record workload.train_mean information. Continuing without it.
I0915 04:27:07.667516 140198472086720 logger_utils.py:283] Unable to record workload.train_mean information. Continuing without it.
I0915 04:27:07.667578 140016250610880 logger_utils.py:283] Unable to record workload.train_stddev information. Continuing without it.
I0915 04:27:07.667575 139627431158976 logger_utils.py:283] Unable to record workload.train_mean information. Continuing without it.
I0915 04:27:07.667632 139627431158976 logger_utils.py:283] Unable to record workload.train_stddev information. Continuing without it.
I0915 04:27:07.667627 139885556876480 logger_utils.py:283] Unable to record workload.train_stddev information. Continuing without it.
I0915 04:27:07.667645 140198472086720 logger_utils.py:283] Unable to record workload.train_stddev information. Continuing without it.
I0915 04:27:08.053236 139627431158976 submission_runner.py:348] Saving flags to /experiment_runs/submissions_a100/ademamix_golden/study_0/librispeech_conformer_pytorch/trial_1/flags_0.json.
I0915 04:27:08.074439 139627431158976 submission_runner.py:359] Starting training loop.
/usr/local/lib/python3.11/multiprocessing/popen_fork.py:66: RuntimeWarning: os.fork() was called. os.fork() is incompatible with multithreaded code, and JAX is multithreaded, so this will likely lead to a deadlock.
  self.pid = os.fork()
/usr/local/lib/python3.11/multiprocessing/popen_fork.py:66: RuntimeWarning: os.fork() was called. os.fork() is incompatible with multithreaded code, and JAX is multithreaded, so this will likely lead to a deadlock.
  self.pid = os.fork()
/usr/local/lib/python3.11/multiprocessing/popen_fork.py:66: RuntimeWarning: os.fork() was called. os.fork() is incompatible with multithreaded code, and JAX is multithreaded, so this will likely lead to a deadlock.
  self.pid = os.fork()
/usr/local/lib/python3.11/multiprocessing/popen_fork.py:66: RuntimeWarning: os.fork() was called. os.fork() is incompatible with multithreaded code, and JAX is multithreaded, so this will likely lead to a deadlock.
  self.pid = os.fork()
/algorithmic-efficiency/algoperf/workloads/librispeech_conformer/librispeech_pytorch/preprocessor.py:516: UserWarning: Specified kernel cache directory could not be created! This disables kernel caching. Specified directory is /root/.cache/torch/kernels. This warning will appear only once per process. (Triggered internally at /pytorch/aten/src/ATen/native/cuda/jit_utils.cpp:1487.)
  spectrum = torch.abs(spectrum)
/algorithmic-efficiency/algoperf/workloads/librispeech_conformer/librispeech_pytorch/preprocessor.py:516: UserWarning: Specified kernel cache directory could not be created! This disables kernel caching. Specified directory is /root/.cache/torch/kernels. This warning will appear only once per process. (Triggered internally at /pytorch/aten/src/ATen/native/cuda/jit_utils.cpp:1487.)
  spectrum = torch.abs(spectrum)
/algorithmic-efficiency/algoperf/workloads/librispeech_conformer/librispeech_pytorch/preprocessor.py:516: UserWarning: Specified kernel cache directory could not be created! This disables kernel caching. Specified directory is /root/.cache/torch/kernels. This warning will appear only once per process. (Triggered internally at /pytorch/aten/src/ATen/native/cuda/jit_utils.cpp:1487.)
  spectrum = torch.abs(spectrum)
I0915 04:27:32.076073 139610205947648 logging_writer.py:48] [0] global_step=0, grad_norm=0.5, loss=33.2167
I0915 04:27:32.305764 139627431158976 submission.py:307] 0) loss = 33.217, grad_norm = 0.500
I0915 04:27:33.313863 139627431158976 spec.py:333] Evaluating on the training split.
I0915 04:27:33.315290 139627431158976 input_pipeline.py:19] Loading split = train-clean-100
I0915 04:27:33.351150 139627431158976 input_pipeline.py:19] Loading split = train-clean-360
I0915 04:27:33.477039 139627431158976 input_pipeline.py:19] Loading split = train-other-500
/usr/local/lib/python3.11/site-packages/torch/distributed/distributed_c10d.py:4876: UserWarning: barrier(): using the device under current context. You can specify `device_id` in `init_process_group` to mute this warning.
  warnings.warn(  # warn only once
/usr/local/lib/python3.11/multiprocessing/popen_fork.py:66: RuntimeWarning: os.fork() was called. os.fork() is incompatible with multithreaded code, and JAX is multithreaded, so this will likely lead to a deadlock.
  self.pid = os.fork()
I0915 04:28:07.709419 139627431158976 spec.py:346] Evaluating on the validation split.
I0915 04:28:07.710832 139627431158976 input_pipeline.py:19] Loading split = dev-clean
I0915 04:28:07.714587 139627431158976 input_pipeline.py:19] Loading split = dev-other
I0915 04:28:28.084739 139627431158976 spec.py:363] Evaluating on the test split.
I0915 04:28:28.086111 139627431158976 input_pipeline.py:19] Loading split = test-clean
I0915 04:28:38.542618 139627431158976 submission_runner.py:516] Time since start: 90.47s, 	Step: 1, 	{'train/ctc_loss': 31.778551183445963, 'train/wer': 1.6197443941103737, 'validation/ctc_loss': 30.278628566405466, 'validation/wer': 1.2183266547578815, 'validation/num_examples': 5348, 'test/ctc_loss': 30.430827795341635, 'test/wer': 1.2926695509109742, 'test/num_examples': 2472, 'score': 24.232906341552734, 'total_duration': 90.46797966957092, 'accumulated_submission_time': 24.232906341552734, 'accumulated_eval_time': 65.22912073135376, 'accumulated_logging_time': 0}
I0915 04:28:38.586603 139606351599360 logging_writer.py:48] [1] accumulated_eval_time=65.2291, accumulated_logging_time=0, accumulated_submission_time=24.2329, global_step=1, preemption_count=0, score=24.2329, test/ctc_loss=30.4308, test/num_examples=2472, test/wer=1.29267, total_duration=90.468, train/ctc_loss=31.7786, train/wer=1.61974, validation/ctc_loss=30.2786, validation/num_examples=5348, validation/wer=1.21833
I0915 04:28:41.206759 139606343206656 logging_writer.py:48] [1] global_step=1, grad_norm=0.5, loss=32.6755
I0915 04:28:41.210014 139627431158976 submission.py:307] 1) loss = 32.675, grad_norm = 0.500
I0915 04:28:41.974556 139606351599360 logging_writer.py:48] [2] global_step=2, grad_norm=0.5, loss=33.1776
I0915 04:28:41.978602 139627431158976 submission.py:307] 2) loss = 33.178, grad_norm = 0.500
I0915 04:28:42.437041 139606343206656 logging_writer.py:48] [3] global_step=3, grad_norm=0.5, loss=33.2417
I0915 04:28:42.441176 139627431158976 submission.py:307] 3) loss = 33.242, grad_norm = 0.500
I0915 04:28:42.888185 139606351599360 logging_writer.py:48] [4] global_step=4, grad_norm=0.5, loss=32.7842
I0915 04:28:42.891241 139627431158976 submission.py:307] 4) loss = 32.784, grad_norm = 0.500
I0915 04:28:43.342317 139606343206656 logging_writer.py:48] [5] global_step=5, grad_norm=0.5, loss=32.9411
I0915 04:28:43.345634 139627431158976 submission.py:307] 5) loss = 32.941, grad_norm = 0.500
I0915 04:28:43.806505 139606351599360 logging_writer.py:48] [6] global_step=6, grad_norm=0.5, loss=32.995
I0915 04:28:43.809547 139627431158976 submission.py:307] 6) loss = 32.995, grad_norm = 0.500
I0915 04:28:44.260364 139606343206656 logging_writer.py:48] [7] global_step=7, grad_norm=0.5, loss=32.0085
I0915 04:28:44.263767 139627431158976 submission.py:307] 7) loss = 32.009, grad_norm = 0.500
I0915 04:28:44.726717 139606351599360 logging_writer.py:48] [8] global_step=8, grad_norm=0.5, loss=32.4013
I0915 04:28:44.731092 139627431158976 submission.py:307] 8) loss = 32.401, grad_norm = 0.500
I0915 04:28:45.255091 139606343206656 logging_writer.py:48] [9] global_step=9, grad_norm=0.5, loss=31.9509
I0915 04:28:45.266106 139627431158976 submission.py:307] 9) loss = 31.951, grad_norm = 0.500
I0915 04:28:46.939193 139606351599360 logging_writer.py:48] [10] global_step=10, grad_norm=0.5, loss=31.7816
I0915 04:28:46.942273 139627431158976 submission.py:307] 10) loss = 31.782, grad_norm = 0.500
I0915 04:28:47.576637 139606343206656 logging_writer.py:48] [11] global_step=11, grad_norm=0.5, loss=31.8955
I0915 04:28:47.579805 139627431158976 submission.py:307] 11) loss = 31.896, grad_norm = 0.500
I0915 04:28:48.439808 139606351599360 logging_writer.py:48] [12] global_step=12, grad_norm=0.5, loss=31.9211
I0915 04:28:48.444005 139627431158976 submission.py:307] 12) loss = 31.921, grad_norm = 0.500
I0915 04:28:50.086056 139606343206656 logging_writer.py:48] [13] global_step=13, grad_norm=0.5, loss=31.1502
I0915 04:28:50.091142 139627431158976 submission.py:307] 13) loss = 31.150, grad_norm = 0.500
I0915 04:28:52.046370 139606351599360 logging_writer.py:48] [14] global_step=14, grad_norm=0.5, loss=30.5811
I0915 04:28:52.051340 139627431158976 submission.py:307] 14) loss = 30.581, grad_norm = 0.500
I0915 04:28:53.009060 139606343206656 logging_writer.py:48] [15] global_step=15, grad_norm=0.5, loss=29.8363
I0915 04:28:53.013272 139627431158976 submission.py:307] 15) loss = 29.836, grad_norm = 0.500
I0915 04:28:53.789121 139606351599360 logging_writer.py:48] [16] global_step=16, grad_norm=0.5, loss=29.7874
I0915 04:28:53.793604 139627431158976 submission.py:307] 16) loss = 29.787, grad_norm = 0.500
I0915 04:28:55.435497 139606343206656 logging_writer.py:48] [17] global_step=17, grad_norm=0.5, loss=29.0253
I0915 04:28:55.438582 139627431158976 submission.py:307] 17) loss = 29.025, grad_norm = 0.500
I0915 04:28:57.039916 139606351599360 logging_writer.py:48] [18] global_step=18, grad_norm=0.5, loss=28.1014
I0915 04:28:57.043015 139627431158976 submission.py:307] 18) loss = 28.101, grad_norm = 0.500
I0915 04:28:58.535443 139606343206656 logging_writer.py:48] [19] global_step=19, grad_norm=0.5, loss=26.6897
I0915 04:28:58.539139 139627431158976 submission.py:307] 19) loss = 26.690, grad_norm = 0.500
I0915 04:28:58.991389 139606351599360 logging_writer.py:48] [20] global_step=20, grad_norm=0.5, loss=25.3466
I0915 04:28:58.994471 139627431158976 submission.py:307] 20) loss = 25.347, grad_norm = 0.500
I0915 04:29:00.731663 139606343206656 logging_writer.py:48] [21] global_step=21, grad_norm=0.5, loss=23.9502
I0915 04:29:00.735356 139627431158976 submission.py:307] 21) loss = 23.950, grad_norm = 0.500
I0915 04:29:02.218164 139606351599360 logging_writer.py:48] [22] global_step=22, grad_norm=0.5, loss=22.7294
I0915 04:29:02.221246 139627431158976 submission.py:307] 22) loss = 22.729, grad_norm = 0.500
I0915 04:29:04.011965 139606343206656 logging_writer.py:48] [23] global_step=23, grad_norm=0.5, loss=20.5213
I0915 04:29:04.015057 139627431158976 submission.py:307] 23) loss = 20.521, grad_norm = 0.500
I0915 04:29:04.467544 139606351599360 logging_writer.py:48] [24] global_step=24, grad_norm=0.5, loss=18.9489
I0915 04:29:04.470767 139627431158976 submission.py:307] 24) loss = 18.949, grad_norm = 0.500
I0915 04:29:06.389887 139606343206656 logging_writer.py:48] [25] global_step=25, grad_norm=0.5, loss=17.0183
I0915 04:29:06.392984 139627431158976 submission.py:307] 25) loss = 17.018, grad_norm = 0.500
I0915 04:29:07.827448 139606351599360 logging_writer.py:48] [26] global_step=26, grad_norm=0.5, loss=15.1488
I0915 04:29:07.830569 139627431158976 submission.py:307] 26) loss = 15.149, grad_norm = 0.500
I0915 04:29:09.687259 139606343206656 logging_writer.py:48] [27] global_step=27, grad_norm=0.5, loss=13.3485
I0915 04:29:09.691061 139627431158976 submission.py:307] 27) loss = 13.348, grad_norm = 0.500
I0915 04:29:10.150123 139606351599360 logging_writer.py:48] [28] global_step=28, grad_norm=0.5, loss=11.6607
I0915 04:29:10.154244 139627431158976 submission.py:307] 28) loss = 11.661, grad_norm = 0.500
I0915 04:29:11.285987 139606343206656 logging_writer.py:48] [29] global_step=29, grad_norm=0.5, loss=10.1033
I0915 04:29:11.289313 139627431158976 submission.py:307] 29) loss = 10.103, grad_norm = 0.500
I0915 04:29:12.688395 139606351599360 logging_writer.py:48] [30] global_step=30, grad_norm=0.5, loss=8.98001
I0915 04:29:12.693555 139627431158976 submission.py:307] 30) loss = 8.980, grad_norm = 0.500
I0915 04:29:14.944298 139606343206656 logging_writer.py:48] [31] global_step=31, grad_norm=0.5, loss=8.15704
I0915 04:29:14.947376 139627431158976 submission.py:307] 31) loss = 8.157, grad_norm = 0.500
I0915 04:29:15.393041 139606351599360 logging_writer.py:48] [32] global_step=32, grad_norm=0.5, loss=7.57199
I0915 04:29:15.396205 139627431158976 submission.py:307] 32) loss = 7.572, grad_norm = 0.500
I0915 04:29:16.646088 139606343206656 logging_writer.py:48] [33] global_step=33, grad_norm=0.5, loss=7.32775
I0915 04:29:16.649191 139627431158976 submission.py:307] 33) loss = 7.328, grad_norm = 0.500
I0915 04:29:18.333241 139606351599360 logging_writer.py:48] [34] global_step=34, grad_norm=0.5, loss=7.25233
I0915 04:29:18.336422 139627431158976 submission.py:307] 34) loss = 7.252, grad_norm = 0.500
I0915 04:29:20.283773 139606343206656 logging_writer.py:48] [35] global_step=35, grad_norm=0.5, loss=7.28429
I0915 04:29:20.286879 139627431158976 submission.py:307] 35) loss = 7.284, grad_norm = 0.500
I0915 04:29:20.731502 139606351599360 logging_writer.py:48] [36] global_step=36, grad_norm=0.5, loss=7.30559
I0915 04:29:20.734534 139627431158976 submission.py:307] 36) loss = 7.306, grad_norm = 0.500
I0915 04:29:21.829573 139606343206656 logging_writer.py:48] [37] global_step=37, grad_norm=0.5, loss=7.29651
I0915 04:29:21.832803 139627431158976 submission.py:307] 37) loss = 7.297, grad_norm = 0.500
I0915 04:29:23.362182 139606351599360 logging_writer.py:48] [38] global_step=38, grad_norm=0.5, loss=7.22494
I0915 04:29:23.365495 139627431158976 submission.py:307] 38) loss = 7.225, grad_norm = 0.500
I0915 04:29:25.592481 139606343206656 logging_writer.py:48] [39] global_step=39, grad_norm=0.5, loss=7.16031
I0915 04:29:25.595558 139627431158976 submission.py:307] 39) loss = 7.160, grad_norm = 0.500
I0915 04:29:26.041002 139606351599360 logging_writer.py:48] [40] global_step=40, grad_norm=0.5, loss=7.08573
I0915 04:29:26.044222 139627431158976 submission.py:307] 40) loss = 7.086, grad_norm = 0.500
I0915 04:29:26.851862 139606343206656 logging_writer.py:48] [41] global_step=41, grad_norm=0.5, loss=7.05783
I0915 04:29:26.855261 139627431158976 submission.py:307] 41) loss = 7.058, grad_norm = 0.500
I0915 04:29:28.993901 139606351599360 logging_writer.py:48] [42] global_step=42, grad_norm=0.5, loss=7.05228
I0915 04:29:28.996969 139627431158976 submission.py:307] 42) loss = 7.052, grad_norm = 0.500
I0915 04:29:30.825048 139606343206656 logging_writer.py:48] [43] global_step=43, grad_norm=0.5, loss=7.01941
I0915 04:29:30.828185 139627431158976 submission.py:307] 43) loss = 7.019, grad_norm = 0.500
I0915 04:29:31.272846 139606351599360 logging_writer.py:48] [44] global_step=44, grad_norm=0.5, loss=6.97617
I0915 04:29:31.275983 139627431158976 submission.py:307] 44) loss = 6.976, grad_norm = 0.500
I0915 04:29:32.127108 139606343206656 logging_writer.py:48] [45] global_step=45, grad_norm=0.5, loss=6.91257
I0915 04:29:32.130324 139627431158976 submission.py:307] 45) loss = 6.913, grad_norm = 0.500
I0915 04:29:34.202074 139606351599360 logging_writer.py:48] [46] global_step=46, grad_norm=0.5, loss=6.8757
I0915 04:29:34.205204 139627431158976 submission.py:307] 46) loss = 6.876, grad_norm = 0.500
I0915 04:29:35.817160 139606343206656 logging_writer.py:48] [47] global_step=47, grad_norm=0.5, loss=6.84831
I0915 04:29:35.820397 139627431158976 submission.py:307] 47) loss = 6.848, grad_norm = 0.500
I0915 04:29:36.369773 139606351599360 logging_writer.py:48] [48] global_step=48, grad_norm=0.5, loss=6.80805
I0915 04:29:36.372924 139627431158976 submission.py:307] 48) loss = 6.808, grad_norm = 0.500
I0915 04:29:37.453343 139606343206656 logging_writer.py:48] [49] global_step=49, grad_norm=0.5, loss=6.74558
I0915 04:29:37.456583 139627431158976 submission.py:307] 49) loss = 6.746, grad_norm = 0.500
I0915 04:29:39.714215 139606351599360 logging_writer.py:48] [50] global_step=50, grad_norm=0.5, loss=6.72574
I0915 04:29:39.717356 139627431158976 submission.py:307] 50) loss = 6.726, grad_norm = 0.500
I0915 04:29:41.526476 139606343206656 logging_writer.py:48] [51] global_step=51, grad_norm=0.5, loss=6.66682
I0915 04:29:41.529668 139627431158976 submission.py:307] 51) loss = 6.667, grad_norm = 0.500
I0915 04:29:42.159551 139606351599360 logging_writer.py:48] [52] global_step=52, grad_norm=0.5, loss=6.63948
I0915 04:29:42.162770 139627431158976 submission.py:307] 52) loss = 6.639, grad_norm = 0.500
I0915 04:29:42.828228 139606343206656 logging_writer.py:48] [53] global_step=53, grad_norm=0.5, loss=6.59791
I0915 04:29:42.831326 139627431158976 submission.py:307] 53) loss = 6.598, grad_norm = 0.500
I0915 04:29:44.891184 139606351599360 logging_writer.py:48] [54] global_step=54, grad_norm=0.5, loss=6.57184
I0915 04:29:44.894311 139627431158976 submission.py:307] 54) loss = 6.572, grad_norm = 0.500
I0915 04:29:46.816945 139606343206656 logging_writer.py:48] [55] global_step=55, grad_norm=0.5, loss=6.53727
I0915 04:29:46.820951 139627431158976 submission.py:307] 55) loss = 6.537, grad_norm = 0.500
I0915 04:29:47.278398 139606351599360 logging_writer.py:48] [56] global_step=56, grad_norm=0.5, loss=6.49189
I0915 04:29:47.281467 139627431158976 submission.py:307] 56) loss = 6.492, grad_norm = 0.500
I0915 04:29:48.450013 139606343206656 logging_writer.py:48] [57] global_step=57, grad_norm=0.5, loss=6.47081
I0915 04:29:48.453119 139627431158976 submission.py:307] 57) loss = 6.471, grad_norm = 0.500
I0915 04:29:49.826265 139606351599360 logging_writer.py:48] [58] global_step=58, grad_norm=0.5, loss=6.44724
I0915 04:29:49.829388 139627431158976 submission.py:307] 58) loss = 6.447, grad_norm = 0.500
I0915 04:29:51.980522 139606343206656 logging_writer.py:48] [59] global_step=59, grad_norm=0.5, loss=6.43087
I0915 04:29:51.983728 139627431158976 submission.py:307] 59) loss = 6.431, grad_norm = 0.500
I0915 04:29:52.461534 139606351599360 logging_writer.py:48] [60] global_step=60, grad_norm=0.5, loss=6.40978
I0915 04:29:52.464546 139627431158976 submission.py:307] 60) loss = 6.410, grad_norm = 0.500
I0915 04:29:53.449790 139606343206656 logging_writer.py:48] [61] global_step=61, grad_norm=0.5, loss=6.3813
I0915 04:29:53.452886 139627431158976 submission.py:307] 61) loss = 6.381, grad_norm = 0.500
I0915 04:29:55.115748 139606351599360 logging_writer.py:48] [62] global_step=62, grad_norm=0.5, loss=6.36212
I0915 04:29:55.118818 139627431158976 submission.py:307] 62) loss = 6.362, grad_norm = 0.500
I0915 04:29:57.303156 139606343206656 logging_writer.py:48] [63] global_step=63, grad_norm=0.5, loss=6.33416
I0915 04:29:57.306292 139627431158976 submission.py:307] 63) loss = 6.334, grad_norm = 0.500
I0915 04:29:57.752449 139606351599360 logging_writer.py:48] [64] global_step=64, grad_norm=0.5, loss=6.30517
I0915 04:29:57.755623 139627431158976 submission.py:307] 64) loss = 6.305, grad_norm = 0.500
I0915 04:29:58.732674 139606343206656 logging_writer.py:48] [65] global_step=65, grad_norm=0.5, loss=6.31878
I0915 04:29:58.736171 139627431158976 submission.py:307] 65) loss = 6.319, grad_norm = 0.500
I0915 04:30:00.374328 139606351599360 logging_writer.py:48] [66] global_step=66, grad_norm=0.5, loss=6.28054
I0915 04:30:00.377349 139627431158976 submission.py:307] 66) loss = 6.281, grad_norm = 0.500
I0915 04:30:02.646907 139606343206656 logging_writer.py:48] [67] global_step=67, grad_norm=0.5, loss=6.25406
I0915 04:30:02.649961 139627431158976 submission.py:307] 67) loss = 6.254, grad_norm = 0.500
I0915 04:30:03.096824 139606351599360 logging_writer.py:48] [68] global_step=68, grad_norm=0.5, loss=6.2557
I0915 04:30:03.099955 139627431158976 submission.py:307] 68) loss = 6.256, grad_norm = 0.500
I0915 04:30:03.932423 139606343206656 logging_writer.py:48] [69] global_step=69, grad_norm=0.5, loss=6.25703
I0915 04:30:03.935497 139627431158976 submission.py:307] 69) loss = 6.257, grad_norm = 0.500
I0915 04:30:05.438063 139606351599360 logging_writer.py:48] [70] global_step=70, grad_norm=0.5, loss=6.22837
I0915 04:30:05.441271 139627431158976 submission.py:307] 70) loss = 6.228, grad_norm = 0.500
I0915 04:30:07.738345 139606343206656 logging_writer.py:48] [71] global_step=71, grad_norm=0.5, loss=6.2136
I0915 04:30:07.741801 139627431158976 submission.py:307] 71) loss = 6.214, grad_norm = 0.500
I0915 04:30:08.416783 139606351599360 logging_writer.py:48] [72] global_step=72, grad_norm=0.5, loss=6.19799
I0915 04:30:08.419999 139627431158976 submission.py:307] 72) loss = 6.198, grad_norm = 0.500
I0915 04:30:09.026124 139606343206656 logging_writer.py:48] [73] global_step=73, grad_norm=0.5, loss=6.19057
I0915 04:30:09.029191 139627431158976 submission.py:307] 73) loss = 6.191, grad_norm = 0.500
I0915 04:30:10.505617 139606351599360 logging_writer.py:48] [74] global_step=74, grad_norm=0.499999, loss=6.1795
I0915 04:30:10.508713 139627431158976 submission.py:307] 74) loss = 6.180, grad_norm = 0.500
I0915 04:30:13.271999 139606343206656 logging_writer.py:48] [75] global_step=75, grad_norm=0.5, loss=6.16969
I0915 04:30:13.275094 139627431158976 submission.py:307] 75) loss = 6.170, grad_norm = 0.500
I0915 04:30:14.175264 139606351599360 logging_writer.py:48] [76] global_step=76, grad_norm=0.5, loss=6.15972
I0915 04:30:14.178354 139627431158976 submission.py:307] 76) loss = 6.160, grad_norm = 0.500
I0915 04:30:14.624055 139606343206656 logging_writer.py:48] [77] global_step=77, grad_norm=0.5, loss=6.17522
I0915 04:30:14.627174 139627431158976 submission.py:307] 77) loss = 6.175, grad_norm = 0.500
I0915 04:30:15.972706 139606351599360 logging_writer.py:48] [78] global_step=78, grad_norm=0.5, loss=6.17708
I0915 04:30:15.975689 139627431158976 submission.py:307] 78) loss = 6.177, grad_norm = 0.500
I0915 04:30:18.869293 139606343206656 logging_writer.py:48] [79] global_step=79, grad_norm=0.5, loss=6.13515
I0915 04:30:18.872407 139627431158976 submission.py:307] 79) loss = 6.135, grad_norm = 0.500
I0915 04:30:19.318580 139606351599360 logging_writer.py:48] [80] global_step=80, grad_norm=0.5, loss=6.14514
I0915 04:30:19.321939 139627431158976 submission.py:307] 80) loss = 6.145, grad_norm = 0.500
I0915 04:30:19.770499 139606343206656 logging_writer.py:48] [81] global_step=81, grad_norm=0.5, loss=6.13768
I0915 04:30:19.773708 139627431158976 submission.py:307] 81) loss = 6.138, grad_norm = 0.500
I0915 04:30:21.229439 139606351599360 logging_writer.py:48] [82] global_step=82, grad_norm=0.5, loss=6.09436
I0915 04:30:21.232599 139627431158976 submission.py:307] 82) loss = 6.094, grad_norm = 0.500
I0915 04:30:24.762416 139606343206656 logging_writer.py:48] [83] global_step=83, grad_norm=0.5, loss=6.16357
I0915 04:30:24.767477 139627431158976 submission.py:307] 83) loss = 6.164, grad_norm = 0.500
I0915 04:30:25.223173 139606351599360 logging_writer.py:48] [84] global_step=84, grad_norm=0.5, loss=6.18582
I0915 04:30:25.227434 139627431158976 submission.py:307] 84) loss = 6.186, grad_norm = 0.500
I0915 04:30:25.688554 139606343206656 logging_writer.py:48] [85] global_step=85, grad_norm=0.5, loss=6.12238
I0915 04:30:25.692590 139627431158976 submission.py:307] 85) loss = 6.122, grad_norm = 0.500
I0915 04:30:26.745303 139606351599360 logging_writer.py:48] [86] global_step=86, grad_norm=0.5, loss=6.08261
I0915 04:30:26.748427 139627431158976 submission.py:307] 86) loss = 6.083, grad_norm = 0.500
I0915 04:30:29.866152 139606343206656 logging_writer.py:48] [87] global_step=87, grad_norm=0.5, loss=6.07266
I0915 04:30:29.869387 139627431158976 submission.py:307] 87) loss = 6.073, grad_norm = 0.500
I0915 04:30:30.316138 139606351599360 logging_writer.py:48] [88] global_step=88, grad_norm=0.5, loss=6.08863
I0915 04:30:30.319610 139627431158976 submission.py:307] 88) loss = 6.089, grad_norm = 0.500
I0915 04:30:30.767040 139606343206656 logging_writer.py:48] [89] global_step=89, grad_norm=0.5, loss=6.08761
I0915 04:30:30.770231 139627431158976 submission.py:307] 89) loss = 6.088, grad_norm = 0.500
I0915 04:30:32.228234 139606351599360 logging_writer.py:48] [90] global_step=90, grad_norm=0.5, loss=6.07428
I0915 04:30:32.231273 139627431158976 submission.py:307] 90) loss = 6.074, grad_norm = 0.500
I0915 04:30:35.918355 139606343206656 logging_writer.py:48] [91] global_step=91, grad_norm=0.5, loss=6.05202
I0915 04:30:35.921413 139627431158976 submission.py:307] 91) loss = 6.052, grad_norm = 0.500
I0915 04:30:36.367913 139606351599360 logging_writer.py:48] [92] global_step=92, grad_norm=0.5, loss=6.05393
I0915 04:30:36.370902 139627431158976 submission.py:307] 92) loss = 6.054, grad_norm = 0.500
I0915 04:30:36.817842 139606343206656 logging_writer.py:48] [93] global_step=93, grad_norm=0.5, loss=6.05692
I0915 04:30:36.821065 139627431158976 submission.py:307] 93) loss = 6.057, grad_norm = 0.500
I0915 04:30:37.550313 139606351599360 logging_writer.py:48] [94] global_step=94, grad_norm=0.5, loss=6.03746
I0915 04:30:37.553413 139627431158976 submission.py:307] 94) loss = 6.037, grad_norm = 0.500
I0915 04:30:40.880385 139606343206656 logging_writer.py:48] [95] global_step=95, grad_norm=0.499999, loss=6.03286
I0915 04:30:40.883515 139627431158976 submission.py:307] 95) loss = 6.033, grad_norm = 0.500
I0915 04:30:41.329722 139606351599360 logging_writer.py:48] [96] global_step=96, grad_norm=0.5, loss=6.03801
I0915 04:30:41.332686 139627431158976 submission.py:307] 96) loss = 6.038, grad_norm = 0.500
I0915 04:30:41.778814 139606343206656 logging_writer.py:48] [97] global_step=97, grad_norm=0.5, loss=6.02844
I0915 04:30:41.781945 139627431158976 submission.py:307] 97) loss = 6.028, grad_norm = 0.500
I0915 04:30:42.805224 139606351599360 logging_writer.py:48] [98] global_step=98, grad_norm=0.499999, loss=6.00692
I0915 04:30:42.808300 139627431158976 submission.py:307] 98) loss = 6.007, grad_norm = 0.500
I0915 04:30:46.361558 139606343206656 logging_writer.py:48] [99] global_step=99, grad_norm=0.5, loss=6.02363
I0915 04:30:46.364717 139627431158976 submission.py:307] 99) loss = 6.024, grad_norm = 0.500
I0915 04:30:46.810671 139606351599360 logging_writer.py:48] [100] global_step=100, grad_norm=0.5, loss=6.0192
I0915 04:30:46.813959 139627431158976 submission.py:307] 100) loss = 6.019, grad_norm = 0.500
I0915 04:39:49.537436 139606343206656 logging_writer.py:48] [500] global_step=500, grad_norm=0.5, loss=5.79371
I0915 04:39:49.541714 139627431158976 submission.py:307] 500) loss = 5.794, grad_norm = 0.500
I0915 04:51:12.913915 139606351599360 logging_writer.py:48] [1000] global_step=1000, grad_norm=0.5, loss=3.5993
I0915 04:51:12.917803 139627431158976 submission.py:307] 1000) loss = 3.599, grad_norm = 0.500
/usr/local/lib/python3.11/multiprocessing/popen_fork.py:66: RuntimeWarning: os.fork() was called. os.fork() is incompatible with multithreaded code, and JAX is multithreaded, so this will likely lead to a deadlock.
  self.pid = os.fork()
I0915 04:57:47.577629 139627431158976 spec.py:333] Evaluating on the training split.
/usr/local/lib/python3.11/site-packages/torch/distributed/distributed_c10d.py:4876: UserWarning: barrier(): using the device under current context. You can specify `device_id` in `init_process_group` to mute this warning.
  warnings.warn(  # warn only once
I0915 04:58:04.774838 139627431158976 spec.py:346] Evaluating on the validation split.
I0915 04:58:25.081768 139627431158976 spec.py:363] Evaluating on the test split.
I0915 04:58:35.640321 139627431158976 submission_runner.py:516] Time since start: 1887.57s, 	Step: 1472, 	{'train/ctc_loss': 4.09133064106987, 'train/wer': 0.7841118316262344, 'validation/ctc_loss': 4.29811154749347, 'validation/wer': 0.7659440930816396, 'validation/num_examples': 5348, 'test/ctc_loss': 4.081027808245693, 'test/wer': 0.7480957894095424, 'test/num_examples': 2472, 'score': 1770.718579530716, 'total_duration': 1887.5654406547546, 'accumulated_submission_time': 1770.718579530716, 'accumulated_eval_time': 113.29140305519104, 'accumulated_logging_time': 0.05643343925476074}
I0915 04:58:35.677230 139606351599360 logging_writer.py:48] [1472] accumulated_eval_time=113.291, accumulated_logging_time=0.0564334, accumulated_submission_time=1770.72, global_step=1472, preemption_count=0, score=1770.72, test/ctc_loss=4.08103, test/num_examples=2472, test/wer=0.748096, total_duration=1887.57, train/ctc_loss=4.09133, train/wer=0.784112, validation/ctc_loss=4.29811, validation/num_examples=5348, validation/wer=0.765944
I0915 04:59:02.805449 139606343206656 logging_writer.py:48] [1500] global_step=1500, grad_norm=0.499999, loss=2.73628
I0915 04:59:02.809128 139627431158976 submission.py:307] 1500) loss = 2.736, grad_norm = 0.500
I0915 05:09:58.776125 139606351599360 logging_writer.py:48] [2000] global_step=2000, grad_norm=0.499999, loss=2.42189
I0915 05:09:58.780331 139627431158976 submission.py:307] 2000) loss = 2.422, grad_norm = 0.500
/usr/local/lib/python3.11/multiprocessing/popen_fork.py:66: RuntimeWarning: os.fork() was called. os.fork() is incompatible with multithreaded code, and JAX is multithreaded, so this will likely lead to a deadlock.
  self.pid = os.fork()
I0915 05:15:31.507914 139606351599360 logging_writer.py:48] [2500] global_step=2500, grad_norm=0.499999, loss=2.18211
I0915 05:15:31.515157 139627431158976 submission.py:307] 2500) loss = 2.182, grad_norm = 0.500
I0915 05:24:26.608417 139606343206656 logging_writer.py:48] [3000] global_step=3000, grad_norm=0.499999, loss=2.05666
I0915 05:24:26.612756 139627431158976 submission.py:307] 3000) loss = 2.057, grad_norm = 0.500
/usr/local/lib/python3.11/multiprocessing/popen_fork.py:66: RuntimeWarning: os.fork() was called. os.fork() is incompatible with multithreaded code, and JAX is multithreaded, so this will likely lead to a deadlock.
  self.pid = os.fork()
I0915 05:27:44.139306 139627431158976 spec.py:333] Evaluating on the training split.
/usr/local/lib/python3.11/site-packages/torch/distributed/distributed_c10d.py:4876: UserWarning: barrier(): using the device under current context. You can specify `device_id` in `init_process_group` to mute this warning.
  warnings.warn(  # warn only once
I0915 05:27:59.920716 139627431158976 spec.py:346] Evaluating on the validation split.
I0915 05:28:19.753970 139627431158976 spec.py:363] Evaluating on the test split.
I0915 05:28:30.656379 139627431158976 submission_runner.py:516] Time since start: 3682.58s, 	Step: 3276, 	{'train/ctc_loss': 1.0870527409677266, 'train/wer': 0.347314086400622, 'validation/ctc_loss': 1.3146728859001406, 'validation/wer': 0.3709457828416936, 'validation/num_examples': 5348, 'test/ctc_loss': 1.0242510605522936, 'test/wer': 0.317084069628095, 'test/num_examples': 2472, 'score': 3516.3809208869934, 'total_duration': 3682.5812780857086, 'accumulated_submission_time': 3516.3809208869934, 'accumulated_eval_time': 159.8078715801239, 'accumulated_logging_time': 0.10826325416564941}
I0915 05:28:30.743247 139606351599360 logging_writer.py:48] [3276] accumulated_eval_time=159.808, accumulated_logging_time=0.108263, accumulated_submission_time=3516.38, global_step=3276, preemption_count=0, score=3516.38, test/ctc_loss=1.02425, test/num_examples=2472, test/wer=0.317084, total_duration=3682.58, train/ctc_loss=1.08705, train/wer=0.347314, validation/ctc_loss=1.31467, validation/num_examples=5348, validation/wer=0.370946
I0915 05:30:32.833309 139606343206656 logging_writer.py:48] [3500] global_step=3500, grad_norm=0.499999, loss=1.91455
I0915 05:30:32.837138 139627431158976 submission.py:307] 3500) loss = 1.915, grad_norm = 0.500
I0915 05:38:06.998702 139606351599360 logging_writer.py:48] [4000] global_step=4000, grad_norm=0.499999, loss=1.80962
I0915 05:38:07.002826 139627431158976 submission.py:307] 4000) loss = 1.810, grad_norm = 0.500
/usr/local/lib/python3.11/multiprocessing/popen_fork.py:66: RuntimeWarning: os.fork() was called. os.fork() is incompatible with multithreaded code, and JAX is multithreaded, so this will likely lead to a deadlock.
  self.pid = os.fork()
I0915 05:43:20.000569 139606351599360 logging_writer.py:48] [4500] global_step=4500, grad_norm=0.499999, loss=1.75912
I0915 05:43:20.008305 139627431158976 submission.py:307] 4500) loss = 1.759, grad_norm = 0.500
I0915 05:50:08.501402 139606343206656 logging_writer.py:48] [5000] global_step=5000, grad_norm=0.499999, loss=1.72844
I0915 05:50:08.505643 139627431158976 submission.py:307] 5000) loss = 1.728, grad_norm = 0.500
/usr/local/lib/python3.11/multiprocessing/popen_fork.py:66: RuntimeWarning: os.fork() was called. os.fork() is incompatible with multithreaded code, and JAX is multithreaded, so this will likely lead to a deadlock.
  self.pid = os.fork()
I0915 05:55:38.742180 139606351599360 logging_writer.py:48] [5500] global_step=5500, grad_norm=0.499999, loss=1.68494
I0915 05:55:38.749476 139627431158976 submission.py:307] 5500) loss = 1.685, grad_norm = 0.500
I0915 05:57:39.626038 139627431158976 spec.py:333] Evaluating on the training split.
/usr/local/lib/python3.11/site-packages/torch/distributed/distributed_c10d.py:4876: UserWarning: barrier(): using the device under current context. You can specify `device_id` in `init_process_group` to mute this warning.
  warnings.warn(  # warn only once
/usr/local/lib/python3.11/multiprocessing/popen_fork.py:66: RuntimeWarning: os.fork() was called. os.fork() is incompatible with multithreaded code, and JAX is multithreaded, so this will likely lead to a deadlock.
  self.pid = os.fork()
I0915 05:57:57.217813 139627431158976 spec.py:346] Evaluating on the validation split.
I0915 05:58:17.093000 139627431158976 spec.py:363] Evaluating on the test split.
I0915 05:58:27.482175 139627431158976 submission_runner.py:516] Time since start: 5479.41s, 	Step: 5708, 	{'train/ctc_loss': 0.4708599367690133, 'train/wer': 0.16140858606856112, 'validation/ctc_loss': 0.6882235431422041, 'validation/wer': 0.20584174190122145, 'validation/num_examples': 5348, 'test/ctc_loss': 0.44538866418801215, 'test/wer': 0.1497166534641399, 'test/num_examples': 2472, 'score': 5262.169579744339, 'total_duration': 5479.407527923584, 'accumulated_submission_time': 5262.169579744339, 'accumulated_eval_time': 207.66377234458923, 'accumulated_logging_time': 0.20549464225769043}
I0915 05:58:27.563998 139606351599360 logging_writer.py:48] [5708] accumulated_eval_time=207.664, accumulated_logging_time=0.205495, accumulated_submission_time=5262.17, global_step=5708, preemption_count=0, score=5262.17, test/ctc_loss=0.445389, test/num_examples=2472, test/wer=0.149717, total_duration=5479.41, train/ctc_loss=0.47086, train/wer=0.161409, validation/ctc_loss=0.688224, validation/num_examples=5348, validation/wer=0.205842
I0915 06:03:00.272164 139606343206656 logging_writer.py:48] [6000] global_step=6000, grad_norm=0.499999, loss=1.63686
I0915 06:03:00.276172 139627431158976 submission.py:307] 6000) loss = 1.637, grad_norm = 0.500
/usr/local/lib/python3.11/multiprocessing/popen_fork.py:66: RuntimeWarning: os.fork() was called. os.fork() is incompatible with multithreaded code, and JAX is multithreaded, so this will likely lead to a deadlock.
  self.pid = os.fork()
I0915 06:08:40.642841 139606351599360 logging_writer.py:48] [6500] global_step=6500, grad_norm=0.499999, loss=1.56542
I0915 06:08:40.650527 139627431158976 submission.py:307] 6500) loss = 1.565, grad_norm = 0.500
I0915 06:14:44.548907 139606343206656 logging_writer.py:48] [7000] global_step=7000, grad_norm=0.499999, loss=1.57662
I0915 06:14:44.553189 139627431158976 submission.py:307] 7000) loss = 1.577, grad_norm = 0.500
/usr/local/lib/python3.11/multiprocessing/popen_fork.py:66: RuntimeWarning: os.fork() was called. os.fork() is incompatible with multithreaded code, and JAX is multithreaded, so this will likely lead to a deadlock.
  self.pid = os.fork()
I0915 06:20:45.394293 139606351599360 logging_writer.py:48] [7500] global_step=7500, grad_norm=0.499999, loss=1.59037
I0915 06:20:45.401782 139627431158976 submission.py:307] 7500) loss = 1.590, grad_norm = 0.500
I0915 06:26:29.827074 139606343206656 logging_writer.py:48] [8000] global_step=8000, grad_norm=0.490957, loss=1.50407
I0915 06:26:29.831231 139627431158976 submission.py:307] 8000) loss = 1.504, grad_norm = 0.491
I0915 06:27:38.656060 139627431158976 spec.py:333] Evaluating on the training split.
/usr/local/lib/python3.11/site-packages/torch/distributed/distributed_c10d.py:4876: UserWarning: barrier(): using the device under current context. You can specify `device_id` in `init_process_group` to mute this warning.
  warnings.warn(  # warn only once
/usr/local/lib/python3.11/multiprocessing/popen_fork.py:66: RuntimeWarning: os.fork() was called. os.fork() is incompatible with multithreaded code, and JAX is multithreaded, so this will likely lead to a deadlock.
  self.pid = os.fork()
I0915 06:27:56.325386 139627431158976 spec.py:346] Evaluating on the validation split.
I0915 06:28:16.620975 139627431158976 spec.py:363] Evaluating on the test split.
I0915 06:28:26.927327 139627431158976 submission_runner.py:516] Time since start: 7278.85s, 	Step: 8062, 	{'train/ctc_loss': 0.37399581807097293, 'train/wer': 0.13042163633124018, 'validation/ctc_loss': 0.5951974787145871, 'validation/wer': 0.17736687104716845, 'validation/num_examples': 5348, 'test/ctc_loss': 0.3699733400138719, 'test/wer': 0.12367720837649544, 'test/num_examples': 2472, 'score': 7009.676107883453, 'total_duration': 7278.852687597275, 'accumulated_submission_time': 7009.676107883453, 'accumulated_eval_time': 255.93481731414795, 'accumulated_logging_time': 0.29731035232543945}
I0915 06:28:27.189218 139606351599360 logging_writer.py:48] [8062] accumulated_eval_time=255.935, accumulated_logging_time=0.29731, accumulated_submission_time=7009.68, global_step=8062, preemption_count=0, score=7009.68, test/ctc_loss=0.369973, test/num_examples=2472, test/wer=0.123677, total_duration=7278.85, train/ctc_loss=0.373996, train/wer=0.130422, validation/ctc_loss=0.595197, validation/num_examples=5348, validation/wer=0.177367
/usr/local/lib/python3.11/multiprocessing/popen_fork.py:66: RuntimeWarning: os.fork() was called. os.fork() is incompatible with multithreaded code, and JAX is multithreaded, so this will likely lead to a deadlock.
  self.pid = os.fork()
I0915 06:33:39.029715 139606351599360 logging_writer.py:48] [8500] global_step=8500, grad_norm=0.499999, loss=1.49057
I0915 06:33:39.037384 139627431158976 submission.py:307] 8500) loss = 1.491, grad_norm = 0.500
I0915 06:39:20.607402 139606343206656 logging_writer.py:48] [9000] global_step=9000, grad_norm=0.499999, loss=1.44115
I0915 06:39:20.611663 139627431158976 submission.py:307] 9000) loss = 1.441, grad_norm = 0.500
/usr/local/lib/python3.11/multiprocessing/popen_fork.py:66: RuntimeWarning: os.fork() was called. os.fork() is incompatible with multithreaded code, and JAX is multithreaded, so this will likely lead to a deadlock.
  self.pid = os.fork()
I0915 06:45:57.183081 139606351599360 logging_writer.py:48] [9500] global_step=9500, grad_norm=0.499999, loss=1.43393
I0915 06:45:57.190624 139627431158976 submission.py:307] 9500) loss = 1.434, grad_norm = 0.500
I0915 06:51:24.300595 139606343206656 logging_writer.py:48] [10000] global_step=10000, grad_norm=0.499999, loss=1.45619
I0915 06:51:24.304754 139627431158976 submission.py:307] 10000) loss = 1.456, grad_norm = 0.500
/usr/local/lib/python3.11/multiprocessing/popen_fork.py:66: RuntimeWarning: os.fork() was called. os.fork() is incompatible with multithreaded code, and JAX is multithreaded, so this will likely lead to a deadlock.
  self.pid = os.fork()
I0915 06:57:35.002889 139627431158976 spec.py:333] Evaluating on the training split.
/usr/local/lib/python3.11/site-packages/torch/distributed/distributed_c10d.py:4876: UserWarning: barrier(): using the device under current context. You can specify `device_id` in `init_process_group` to mute this warning.
  warnings.warn(  # warn only once
I0915 06:57:50.519705 139627431158976 spec.py:346] Evaluating on the validation split.
I0915 06:58:10.060272 139627431158976 spec.py:363] Evaluating on the test split.
I0915 06:58:20.376113 139627431158976 submission_runner.py:516] Time since start: 9072.30s, 	Step: 10391, 	{'train/ctc_loss': 0.32346017686581297, 'train/wer': 0.11448811330025323, 'validation/ctc_loss': 0.5431776209626783, 'validation/wer': 0.1615314053975764, 'validation/num_examples': 5348, 'test/ctc_loss': 0.3373396317907607, 'test/wer': 0.11138870269940894, 'test/num_examples': 2472, 'score': 8754.697697401047, 'total_duration': 9072.301375627518, 'accumulated_submission_time': 8754.697697401047, 'accumulated_eval_time': 301.30780839920044, 'accumulated_logging_time': 0.5694930553436279}
I0915 06:58:20.488745 139606351599360 logging_writer.py:48] [10391] accumulated_eval_time=301.308, accumulated_logging_time=0.569493, accumulated_submission_time=8754.7, global_step=10391, preemption_count=0, score=8754.7, test/ctc_loss=0.33734, test/num_examples=2472, test/wer=0.111389, total_duration=9072.3, train/ctc_loss=0.32346, train/wer=0.114488, validation/ctc_loss=0.543178, validation/num_examples=5348, validation/wer=0.161531
I0915 06:59:10.923588 139606343206656 logging_writer.py:48] [10500] global_step=10500, grad_norm=0.499999, loss=1.46066
I0915 06:59:10.927371 139627431158976 submission.py:307] 10500) loss = 1.461, grad_norm = 0.500
I0915 07:04:28.732752 139606351599360 logging_writer.py:48] [11000] global_step=11000, grad_norm=0.499999, loss=1.39508
I0915 07:04:28.736908 139627431158976 submission.py:307] 11000) loss = 1.395, grad_norm = 0.500
/usr/local/lib/python3.11/multiprocessing/popen_fork.py:66: RuntimeWarning: os.fork() was called. os.fork() is incompatible with multithreaded code, and JAX is multithreaded, so this will likely lead to a deadlock.
  self.pid = os.fork()
I0915 07:11:40.333701 139606351599360 logging_writer.py:48] [11500] global_step=11500, grad_norm=0.499999, loss=1.48248
I0915 07:11:40.341383 139627431158976 submission.py:307] 11500) loss = 1.482, grad_norm = 0.500
I0915 07:16:28.057710 139606343206656 logging_writer.py:48] [12000] global_step=12000, grad_norm=0.499999, loss=1.36541
I0915 07:16:28.062061 139627431158976 submission.py:307] 12000) loss = 1.365, grad_norm = 0.500
/usr/local/lib/python3.11/multiprocessing/popen_fork.py:66: RuntimeWarning: os.fork() was called. os.fork() is incompatible with multithreaded code, and JAX is multithreaded, so this will likely lead to a deadlock.
  self.pid = os.fork()
I0915 07:23:53.742413 139606351599360 logging_writer.py:48] [12500] global_step=12500, grad_norm=0.499999, loss=1.322
I0915 07:23:53.749799 139627431158976 submission.py:307] 12500) loss = 1.322, grad_norm = 0.500
I0915 07:27:29.951811 139627431158976 spec.py:333] Evaluating on the training split.
/usr/local/lib/python3.11/site-packages/torch/distributed/distributed_c10d.py:4876: UserWarning: barrier(): using the device under current context. You can specify `device_id` in `init_process_group` to mute this warning.
  warnings.warn(  # warn only once
/usr/local/lib/python3.11/multiprocessing/popen_fork.py:66: RuntimeWarning: os.fork() was called. os.fork() is incompatible with multithreaded code, and JAX is multithreaded, so this will likely lead to a deadlock.
  self.pid = os.fork()
I0915 07:27:46.043636 139627431158976 spec.py:346] Evaluating on the validation split.
I0915 07:28:05.581143 139627431158976 spec.py:363] Evaluating on the test split.
I0915 07:28:15.918789 139627431158976 submission_runner.py:516] Time since start: 10867.84s, 	Step: 12921, 	{'train/ctc_loss': 0.2850455873176127, 'train/wer': 0.10295507189253106, 'validation/ctc_loss': 0.5090624882270947, 'validation/wer': 0.15184666634480762, 'validation/num_examples': 5348, 'test/ctc_loss': 0.30628467965675205, 'test/wer': 0.10314220136900047, 'test/num_examples': 2472, 'score': 10500.55568909645, 'total_duration': 10867.844135761261, 'accumulated_submission_time': 10500.55568909645, 'accumulated_eval_time': 347.27461290359497, 'accumulated_logging_time': 0.6946163177490234}
I0915 07:28:16.189203 139606351599360 logging_writer.py:48] [12921] accumulated_eval_time=347.275, accumulated_logging_time=0.694616, accumulated_submission_time=10500.6, global_step=12921, preemption_count=0, score=10500.6, test/ctc_loss=0.306285, test/num_examples=2472, test/wer=0.103142, total_duration=10867.8, train/ctc_loss=0.285046, train/wer=0.102955, validation/ctc_loss=0.509062, validation/num_examples=5348, validation/wer=0.151847
I0915 07:29:16.964564 139606343206656 logging_writer.py:48] [13000] global_step=13000, grad_norm=0.499999, loss=1.40601
I0915 07:29:16.969867 139627431158976 submission.py:307] 13000) loss = 1.406, grad_norm = 0.500
/usr/local/lib/python3.11/multiprocessing/popen_fork.py:66: RuntimeWarning: os.fork() was called. os.fork() is incompatible with multithreaded code, and JAX is multithreaded, so this will likely lead to a deadlock.
  self.pid = os.fork()
I0915 07:36:52.881705 139606351599360 logging_writer.py:48] [13500] global_step=13500, grad_norm=0.491844, loss=1.37319
I0915 07:36:52.891092 139627431158976 submission.py:307] 13500) loss = 1.373, grad_norm = 0.492
I0915 07:41:16.258948 139606343206656 logging_writer.py:48] [14000] global_step=14000, grad_norm=0.460257, loss=1.41391
I0915 07:41:16.263369 139627431158976 submission.py:307] 14000) loss = 1.414, grad_norm = 0.460
/usr/local/lib/python3.11/multiprocessing/popen_fork.py:66: RuntimeWarning: os.fork() was called. os.fork() is incompatible with multithreaded code, and JAX is multithreaded, so this will likely lead to a deadlock.
  self.pid = os.fork()
I0915 07:49:02.301406 139606351599360 logging_writer.py:48] [14500] global_step=14500, grad_norm=0.485044, loss=1.33105
I0915 07:49:02.335511 139627431158976 submission.py:307] 14500) loss = 1.331, grad_norm = 0.485
I0915 07:53:18.360555 139606343206656 logging_writer.py:48] [15000] global_step=15000, grad_norm=0.499999, loss=1.3438
I0915 07:53:18.364668 139627431158976 submission.py:307] 15000) loss = 1.344, grad_norm = 0.500
I0915 07:57:25.307266 139627431158976 spec.py:333] Evaluating on the training split.
/usr/local/lib/python3.11/site-packages/torch/distributed/distributed_c10d.py:4876: UserWarning: barrier(): using the device under current context. You can specify `device_id` in `init_process_group` to mute this warning.
  warnings.warn(  # warn only once
/usr/local/lib/python3.11/multiprocessing/popen_fork.py:66: RuntimeWarning: os.fork() was called. os.fork() is incompatible with multithreaded code, and JAX is multithreaded, so this will likely lead to a deadlock.
  self.pid = os.fork()
I0915 07:57:41.728013 139627431158976 spec.py:346] Evaluating on the validation split.
I0915 07:58:01.431449 139627431158976 spec.py:363] Evaluating on the test split.
I0915 07:58:11.840655 139627431158976 submission_runner.py:516] Time since start: 12663.77s, 	Step: 15267, 	{'train/ctc_loss': 0.2590899828182181, 'train/wer': 0.09419190419368598, 'validation/ctc_loss': 0.48662941326979103, 'validation/wer': 0.14627528605223772, 'validation/num_examples': 5348, 'test/ctc_loss': 0.2837675515355829, 'test/wer': 0.09597221375906405, 'test/num_examples': 2472, 'score': 12246.120055437088, 'total_duration': 12663.76597571373, 'accumulated_submission_time': 12246.120055437088, 'accumulated_eval_time': 393.80775809288025, 'accumulated_logging_time': 0.9752578735351562}
I0915 07:58:11.930377 139606351599360 logging_writer.py:48] [15267] accumulated_eval_time=393.808, accumulated_logging_time=0.975258, accumulated_submission_time=12246.1, global_step=15267, preemption_count=0, score=12246.1, test/ctc_loss=0.283768, test/num_examples=2472, test/wer=0.0959722, total_duration=12663.8, train/ctc_loss=0.25909, train/wer=0.0941919, validation/ctc_loss=0.486629, validation/num_examples=5348, validation/wer=0.146275
/usr/local/lib/python3.11/multiprocessing/popen_fork.py:66: RuntimeWarning: os.fork() was called. os.fork() is incompatible with multithreaded code, and JAX is multithreaded, so this will likely lead to a deadlock.
  self.pid = os.fork()
I0915 08:01:57.755469 139606351599360 logging_writer.py:48] [15500] global_step=15500, grad_norm=0.479979, loss=1.32105
I0915 08:01:57.762819 139627431158976 submission.py:307] 15500) loss = 1.321, grad_norm = 0.480
I0915 08:06:12.646488 139606343206656 logging_writer.py:48] [16000] global_step=16000, grad_norm=0.499999, loss=1.42631
I0915 08:06:12.650698 139627431158976 submission.py:307] 16000) loss = 1.426, grad_norm = 0.500
/usr/local/lib/python3.11/multiprocessing/popen_fork.py:66: RuntimeWarning: os.fork() was called. os.fork() is incompatible with multithreaded code, and JAX is multithreaded, so this will likely lead to a deadlock.
  self.pid = os.fork()
I0915 08:14:13.497344 139606351599360 logging_writer.py:48] [16500] global_step=16500, grad_norm=0.499999, loss=1.30032
I0915 08:14:13.504769 139627431158976 submission.py:307] 16500) loss = 1.300, grad_norm = 0.500
I0915 08:18:13.319099 139606343206656 logging_writer.py:48] [17000] global_step=17000, grad_norm=0.499999, loss=1.27875
I0915 08:18:13.323207 139627431158976 submission.py:307] 17000) loss = 1.279, grad_norm = 0.500
I0915 08:26:19.117996 139606351599360 logging_writer.py:48] [17500] global_step=17500, grad_norm=0.499999, loss=1.37211
I0915 08:26:19.123018 139627431158976 submission.py:307] 17500) loss = 1.372, grad_norm = 0.500
/usr/local/lib/python3.11/multiprocessing/popen_fork.py:66: RuntimeWarning: os.fork() was called. os.fork() is incompatible with multithreaded code, and JAX is multithreaded, so this will likely lead to a deadlock.
  self.pid = os.fork()
I0915 08:27:20.295275 139627431158976 spec.py:333] Evaluating on the training split.
/usr/local/lib/python3.11/site-packages/torch/distributed/distributed_c10d.py:4876: UserWarning: barrier(): using the device under current context. You can specify `device_id` in `init_process_group` to mute this warning.
  warnings.warn(  # warn only once
I0915 08:27:34.564580 139627431158976 spec.py:346] Evaluating on the validation split.
I0915 08:27:54.124611 139627431158976 spec.py:363] Evaluating on the test split.
I0915 08:28:04.473453 139627431158976 submission_runner.py:516] Time since start: 14456.40s, 	Step: 17623, 	{'train/ctc_loss': 0.24585686104403, 'train/wer': 0.09007758886003228, 'validation/ctc_loss': 0.4750910830445047, 'validation/wer': 0.14154395790083524, 'validation/num_examples': 5348, 'test/ctc_loss': 0.28043124758048904, 'test/wer': 0.09215363678833303, 'test/num_examples': 2472, 'score': 13991.609188079834, 'total_duration': 14456.398834943771, 'accumulated_submission_time': 13991.609188079834, 'accumulated_eval_time': 437.9858956336975, 'accumulated_logging_time': 1.0895891189575195}
I0915 08:28:04.755524 139606351599360 logging_writer.py:48] [17623] accumulated_eval_time=437.986, accumulated_logging_time=1.08959, accumulated_submission_time=13991.6, global_step=17623, preemption_count=0, score=13991.6, test/ctc_loss=0.280431, test/num_examples=2472, test/wer=0.0921536, total_duration=14456.4, train/ctc_loss=0.245857, train/wer=0.0900776, validation/ctc_loss=0.475091, validation/num_examples=5348, validation/wer=0.141544
I0915 08:31:18.136730 139606343206656 logging_writer.py:48] [18000] global_step=18000, grad_norm=0.483368, loss=1.33138
I0915 08:31:18.141041 139627431158976 submission.py:307] 18000) loss = 1.331, grad_norm = 0.483
I0915 08:39:11.241951 139606351599360 logging_writer.py:48] [18500] global_step=18500, grad_norm=0.499999, loss=1.34898
I0915 08:39:11.246151 139627431158976 submission.py:307] 18500) loss = 1.349, grad_norm = 0.500
/usr/local/lib/python3.11/multiprocessing/popen_fork.py:66: RuntimeWarning: os.fork() was called. os.fork() is incompatible with multithreaded code, and JAX is multithreaded, so this will likely lead to a deadlock.
  self.pid = os.fork()
I0915 08:43:26.832187 139606351599360 logging_writer.py:48] [19000] global_step=19000, grad_norm=0.472513, loss=1.30024
I0915 08:43:26.839807 139627431158976 submission.py:307] 19000) loss = 1.300, grad_norm = 0.473
I0915 08:51:00.704819 139606343206656 logging_writer.py:48] [19500] global_step=19500, grad_norm=0.481307, loss=1.33423
I0915 08:51:00.708961 139627431158976 submission.py:307] 19500) loss = 1.334, grad_norm = 0.481
/usr/local/lib/python3.11/multiprocessing/popen_fork.py:66: RuntimeWarning: os.fork() was called. os.fork() is incompatible with multithreaded code, and JAX is multithreaded, so this will likely lead to a deadlock.
  self.pid = os.fork()
I0915 08:55:37.768941 139606351599360 logging_writer.py:48] [20000] global_step=20000, grad_norm=0.499999, loss=1.32513
I0915 08:55:37.776186 139627431158976 submission.py:307] 20000) loss = 1.325, grad_norm = 0.500
I0915 08:57:14.251336 139627431158976 spec.py:333] Evaluating on the training split.
/usr/local/lib/python3.11/site-packages/torch/distributed/distributed_c10d.py:4876: UserWarning: barrier(): using the device under current context. You can specify `device_id` in `init_process_group` to mute this warning.
  warnings.warn(  # warn only once
/usr/local/lib/python3.11/multiprocessing/popen_fork.py:66: RuntimeWarning: os.fork() was called. os.fork() is incompatible with multithreaded code, and JAX is multithreaded, so this will likely lead to a deadlock.
  self.pid = os.fork()
I0915 08:57:31.129384 139627431158976 spec.py:346] Evaluating on the validation split.
I0915 08:57:51.016806 139627431158976 spec.py:363] Evaluating on the test split.
I0915 08:58:01.387660 139627431158976 submission_runner.py:516] Time since start: 16253.31s, 	Step: 20150, 	{'train/ctc_loss': 0.23004869158025043, 'train/wer': 0.08424627578871209, 'validation/ctc_loss': 0.45861323415837857, 'validation/wer': 0.13579877371698934, 'validation/num_examples': 5348, 'test/ctc_loss': 0.26554031711723336, 'test/wer': 0.08721792293786688, 'test/num_examples': 2472, 'score': 15737.517180681229, 'total_duration': 16253.312993526459, 'accumulated_submission_time': 15737.517180681229, 'accumulated_eval_time': 485.1220736503601, 'accumulated_logging_time': 1.3821239471435547}
I0915 08:58:01.634590 139606351599360 logging_writer.py:48] [20150] accumulated_eval_time=485.122, accumulated_logging_time=1.38212, accumulated_submission_time=15737.5, global_step=20150, preemption_count=0, score=15737.5, test/ctc_loss=0.26554, test/num_examples=2472, test/wer=0.0872179, total_duration=16253.3, train/ctc_loss=0.230049, train/wer=0.0842463, validation/ctc_loss=0.458613, validation/num_examples=5348, validation/wer=0.135799
I0915 09:03:44.240808 139606343206656 logging_writer.py:48] [20500] global_step=20500, grad_norm=0.469871, loss=1.33779
I0915 09:03:44.244812 139627431158976 submission.py:307] 20500) loss = 1.338, grad_norm = 0.470
/usr/local/lib/python3.11/multiprocessing/popen_fork.py:66: RuntimeWarning: os.fork() was called. os.fork() is incompatible with multithreaded code, and JAX is multithreaded, so this will likely lead to a deadlock.
  self.pid = os.fork()
I0915 09:08:35.290344 139606351599360 logging_writer.py:48] [21000] global_step=21000, grad_norm=0.481668, loss=1.25811
I0915 09:08:35.307264 139627431158976 submission.py:307] 21000) loss = 1.258, grad_norm = 0.482
I0915 09:15:29.558916 139606343206656 logging_writer.py:48] [21500] global_step=21500, grad_norm=0.499999, loss=1.31059
I0915 09:15:29.563133 139627431158976 submission.py:307] 21500) loss = 1.311, grad_norm = 0.500
/usr/local/lib/python3.11/multiprocessing/popen_fork.py:66: RuntimeWarning: os.fork() was called. os.fork() is incompatible with multithreaded code, and JAX is multithreaded, so this will likely lead to a deadlock.
  self.pid = os.fork()
I0915 09:20:42.678136 139606351599360 logging_writer.py:48] [22000] global_step=22000, grad_norm=0.499999, loss=1.28307
I0915 09:20:42.685431 139627431158976 submission.py:307] 22000) loss = 1.283, grad_norm = 0.500
I0915 09:27:09.866185 139627431158976 spec.py:333] Evaluating on the training split.
/usr/local/lib/python3.11/site-packages/torch/distributed/distributed_c10d.py:4876: UserWarning: barrier(): using the device under current context. You can specify `device_id` in `init_process_group` to mute this warning.
  warnings.warn(  # warn only once
/usr/local/lib/python3.11/multiprocessing/popen_fork.py:66: RuntimeWarning: os.fork() was called. os.fork() is incompatible with multithreaded code, and JAX is multithreaded, so this will likely lead to a deadlock.
  self.pid = os.fork()
I0915 09:27:27.252236 139627431158976 spec.py:346] Evaluating on the validation split.
I0915 09:27:47.014701 139627431158976 spec.py:363] Evaluating on the test split.
I0915 09:27:57.075734 139627431158976 submission_runner.py:516] Time since start: 18049.00s, 	Step: 22490, 	{'train/ctc_loss': 0.21083678586105079, 'train/wer': 0.07836636844179756, 'validation/ctc_loss': 0.43804812685227046, 'validation/wer': 0.12949355477236518, 'validation/num_examples': 5348, 'test/ctc_loss': 0.25008070077101746, 'test/wer': 0.08262750594113705, 'test/num_examples': 2472, 'score': 17482.665462493896, 'total_duration': 18049.00102376938, 'accumulated_submission_time': 17482.665462493896, 'accumulated_eval_time': 532.3313477039337, 'accumulated_logging_time': 1.639185905456543}
I0915 09:27:57.157608 139606351599360 logging_writer.py:48] [22490] accumulated_eval_time=532.331, accumulated_logging_time=1.63919, accumulated_submission_time=17482.7, global_step=22490, preemption_count=0, score=17482.7, test/ctc_loss=0.250081, test/num_examples=2472, test/wer=0.0826275, total_duration=18049, train/ctc_loss=0.210837, train/wer=0.0783664, validation/ctc_loss=0.438048, validation/num_examples=5348, validation/wer=0.129494
I0915 09:28:05.082928 139606343206656 logging_writer.py:48] [22500] global_step=22500, grad_norm=0.499999, loss=1.31083
I0915 09:28:05.086398 139627431158976 submission.py:307] 22500) loss = 1.311, grad_norm = 0.500
/usr/local/lib/python3.11/multiprocessing/popen_fork.py:66: RuntimeWarning: os.fork() was called. os.fork() is incompatible with multithreaded code, and JAX is multithreaded, so this will likely lead to a deadlock.
  self.pid = os.fork()
I0915 09:33:39.000474 139606351599360 logging_writer.py:48] [23000] global_step=23000, grad_norm=0.499999, loss=1.25865
I0915 09:33:39.007731 139627431158976 submission.py:307] 23000) loss = 1.259, grad_norm = 0.500
I0915 09:40:07.057063 139606343206656 logging_writer.py:48] [23500] global_step=23500, grad_norm=0.479494, loss=1.25818
I0915 09:40:07.061207 139627431158976 submission.py:307] 23500) loss = 1.258, grad_norm = 0.479
/usr/local/lib/python3.11/multiprocessing/popen_fork.py:66: RuntimeWarning: os.fork() was called. os.fork() is incompatible with multithreaded code, and JAX is multithreaded, so this will likely lead to a deadlock.
  self.pid = os.fork()
I0915 09:45:50.676164 139606351599360 logging_writer.py:48] [24000] global_step=24000, grad_norm=0.499999, loss=1.32617
I0915 09:45:50.685136 139627431158976 submission.py:307] 24000) loss = 1.326, grad_norm = 0.500
I0915 09:51:51.740560 139606343206656 logging_writer.py:48] [24500] global_step=24500, grad_norm=0.470353, loss=1.27054
I0915 09:51:51.744861 139627431158976 submission.py:307] 24500) loss = 1.271, grad_norm = 0.470
/usr/local/lib/python3.11/multiprocessing/popen_fork.py:66: RuntimeWarning: os.fork() was called. os.fork() is incompatible with multithreaded code, and JAX is multithreaded, so this will likely lead to a deadlock.
  self.pid = os.fork()
I0915 09:57:05.453212 139627431158976 spec.py:333] Evaluating on the training split.
/usr/local/lib/python3.11/site-packages/torch/distributed/distributed_c10d.py:4876: UserWarning: barrier(): using the device under current context. You can specify `device_id` in `init_process_group` to mute this warning.
  warnings.warn(  # warn only once
I0915 09:57:19.608463 139627431158976 spec.py:346] Evaluating on the validation split.
I0915 09:57:39.467782 139627431158976 spec.py:363] Evaluating on the test split.
I0915 09:57:49.788754 139627431158976 submission_runner.py:516] Time since start: 19841.71s, 	Step: 24869, 	{'train/ctc_loss': 0.1999121621564489, 'train/wer': 0.07424665374418893, 'validation/ctc_loss': 0.42751642908943643, 'validation/wer': 0.12612369043595809, 'validation/num_examples': 5348, 'test/ctc_loss': 0.24434197367572102, 'test/wer': 0.08149005748177035, 'test/num_examples': 2472, 'score': 19228.162989377975, 'total_duration': 19841.71408224106, 'accumulated_submission_time': 19228.162989377975, 'accumulated_eval_time': 576.6667482852936, 'accumulated_logging_time': 1.7311475276947021}
I0915 09:57:50.050054 139606351599360 logging_writer.py:48] [24869] accumulated_eval_time=576.667, accumulated_logging_time=1.73115, accumulated_submission_time=19228.2, global_step=24869, preemption_count=0, score=19228.2, test/ctc_loss=0.244342, test/num_examples=2472, test/wer=0.0814901, total_duration=19841.7, train/ctc_loss=0.199912, train/wer=0.0742467, validation/ctc_loss=0.427516, validation/num_examples=5348, validation/wer=0.126124
I0915 09:58:49.717637 139606343206656 logging_writer.py:48] [25000] global_step=25000, grad_norm=0.499999, loss=1.27286
I0915 09:58:49.720988 139627431158976 submission.py:307] 25000) loss = 1.273, grad_norm = 0.500
I0915 10:04:49.105767 139606351599360 logging_writer.py:48] [25500] global_step=25500, grad_norm=0.499999, loss=1.20204
I0915 10:04:49.109922 139627431158976 submission.py:307] 25500) loss = 1.202, grad_norm = 0.500
/usr/local/lib/python3.11/multiprocessing/popen_fork.py:66: RuntimeWarning: os.fork() was called. os.fork() is incompatible with multithreaded code, and JAX is multithreaded, so this will likely lead to a deadlock.
  self.pid = os.fork()
I0915 10:11:15.723195 139606351599360 logging_writer.py:48] [26000] global_step=26000, grad_norm=0.435657, loss=1.20735
I0915 10:11:15.730640 139627431158976 submission.py:307] 26000) loss = 1.207, grad_norm = 0.436
I0915 10:16:40.010351 139606343206656 logging_writer.py:48] [26500] global_step=26500, grad_norm=0.499999, loss=1.29912
I0915 10:16:40.014477 139627431158976 submission.py:307] 26500) loss = 1.299, grad_norm = 0.500
/usr/local/lib/python3.11/multiprocessing/popen_fork.py:66: RuntimeWarning: os.fork() was called. os.fork() is incompatible with multithreaded code, and JAX is multithreaded, so this will likely lead to a deadlock.
  self.pid = os.fork()
I0915 10:23:29.325191 139606351599360 logging_writer.py:48] [27000] global_step=27000, grad_norm=0.499999, loss=1.25499
I0915 10:23:29.332903 139627431158976 submission.py:307] 27000) loss = 1.255, grad_norm = 0.500
I0915 10:26:58.716797 139627431158976 spec.py:333] Evaluating on the training split.
/usr/local/lib/python3.11/site-packages/torch/distributed/distributed_c10d.py:4876: UserWarning: barrier(): using the device under current context. You can specify `device_id` in `init_process_group` to mute this warning.
  warnings.warn(  # warn only once
/usr/local/lib/python3.11/multiprocessing/popen_fork.py:66: RuntimeWarning: os.fork() was called. os.fork() is incompatible with multithreaded code, and JAX is multithreaded, so this will likely lead to a deadlock.
  self.pid = os.fork()
I0915 10:27:14.486836 139627431158976 spec.py:346] Evaluating on the validation split.
I0915 10:27:34.425461 139627431158976 spec.py:363] Evaluating on the test split.
I0915 10:27:44.790097 139627431158976 submission_runner.py:516] Time since start: 21636.72s, 	Step: 27381, 	{'train/ctc_loss': 0.19035911625859936, 'train/wer': 0.07099083727936849, 'validation/ctc_loss': 0.42490220639943743, 'validation/wer': 0.12364215709940617, 'validation/num_examples': 5348, 'test/ctc_loss': 0.23842490846183625, 'test/wer': 0.07828082789998578, 'test/num_examples': 2472, 'score': 20973.073004722595, 'total_duration': 21636.715457201004, 'accumulated_submission_time': 20973.073004722595, 'accumulated_eval_time': 622.7398328781128, 'accumulated_logging_time': 2.002565860748291}
I0915 10:27:45.031729 139606351599360 logging_writer.py:48] [27381] accumulated_eval_time=622.74, accumulated_logging_time=2.00257, accumulated_submission_time=20973.1, global_step=27381, preemption_count=0, score=20973.1, test/ctc_loss=0.238425, test/num_examples=2472, test/wer=0.0782808, total_duration=21636.7, train/ctc_loss=0.190359, train/wer=0.0709908, validation/ctc_loss=0.424902, validation/num_examples=5348, validation/wer=0.123642
I0915 10:29:26.291517 139606343206656 logging_writer.py:48] [27500] global_step=27500, grad_norm=0.499999, loss=1.19015
I0915 10:29:26.295554 139627431158976 submission.py:307] 27500) loss = 1.190, grad_norm = 0.500
/usr/local/lib/python3.11/multiprocessing/popen_fork.py:66: RuntimeWarning: os.fork() was called. os.fork() is incompatible with multithreaded code, and JAX is multithreaded, so this will likely lead to a deadlock.
  self.pid = os.fork()
I0915 10:36:23.100380 139606351599360 logging_writer.py:48] [28000] global_step=28000, grad_norm=0.470654, loss=1.26911
I0915 10:36:23.108413 139627431158976 submission.py:307] 28000) loss = 1.269, grad_norm = 0.471
I0915 10:41:20.602324 139606343206656 logging_writer.py:48] [28500] global_step=28500, grad_norm=0.499999, loss=1.1536
I0915 10:41:20.606488 139627431158976 submission.py:307] 28500) loss = 1.154, grad_norm = 0.500
/usr/local/lib/python3.11/multiprocessing/popen_fork.py:66: RuntimeWarning: os.fork() was called. os.fork() is incompatible with multithreaded code, and JAX is multithreaded, so this will likely lead to a deadlock.
  self.pid = os.fork()
I0915 10:48:34.943158 139606351599360 logging_writer.py:48] [29000] global_step=29000, grad_norm=0.499999, loss=1.22059
I0915 10:48:34.950593 139627431158976 submission.py:307] 29000) loss = 1.221, grad_norm = 0.500
I0915 10:53:16.920208 139606343206656 logging_writer.py:48] [29500] global_step=29500, grad_norm=0.499999, loss=1.20985
I0915 10:53:16.924347 139627431158976 submission.py:307] 29500) loss = 1.210, grad_norm = 0.500
I0915 10:56:53.264349 139627431158976 spec.py:333] Evaluating on the training split.
/usr/local/lib/python3.11/site-packages/torch/distributed/distributed_c10d.py:4876: UserWarning: barrier(): using the device under current context. You can specify `device_id` in `init_process_group` to mute this warning.
  warnings.warn(  # warn only once
/usr/local/lib/python3.11/multiprocessing/popen_fork.py:66: RuntimeWarning: os.fork() was called. os.fork() is incompatible with multithreaded code, and JAX is multithreaded, so this will likely lead to a deadlock.
  self.pid = os.fork()
I0915 10:57:08.156998 139627431158976 spec.py:346] Evaluating on the validation split.
I0915 10:57:27.798306 139627431158976 spec.py:363] Evaluating on the test split.
I0915 10:57:38.099780 139627431158976 submission_runner.py:516] Time since start: 23430.03s, 	Step: 29716, 	{'train/ctc_loss': 0.17910000746206817, 'train/wer': 0.0671032952318217, 'validation/ctc_loss': 0.40949726162221217, 'validation/wer': 0.11796456331772318, 'validation/num_examples': 5348, 'test/ctc_loss': 0.23190142811633008, 'test/wer': 0.07517315621635895, 'test/num_examples': 2472, 'score': 22718.525512218475, 'total_duration': 23430.025129795074, 'accumulated_submission_time': 22718.525512218475, 'accumulated_eval_time': 667.5750579833984, 'accumulated_logging_time': 2.254542827606201}
I0915 10:57:38.187196 139606351599360 logging_writer.py:48] [29716] accumulated_eval_time=667.575, accumulated_logging_time=2.25454, accumulated_submission_time=22718.5, global_step=29716, preemption_count=0, score=22718.5, test/ctc_loss=0.231901, test/num_examples=2472, test/wer=0.0751732, total_duration=23430, train/ctc_loss=0.1791, train/wer=0.0671033, validation/ctc_loss=0.409497, validation/num_examples=5348, validation/wer=0.117965
/usr/local/lib/python3.11/multiprocessing/popen_fork.py:66: RuntimeWarning: os.fork() was called. os.fork() is incompatible with multithreaded code, and JAX is multithreaded, so this will likely lead to a deadlock.
  self.pid = os.fork()
I0915 11:01:26.793717 139606351599360 logging_writer.py:48] [30000] global_step=30000, grad_norm=0.4957, loss=1.20415
I0915 11:01:26.807187 139627431158976 submission.py:307] 30000) loss = 1.204, grad_norm = 0.496
I0915 11:06:10.398352 139606343206656 logging_writer.py:48] [30500] global_step=30500, grad_norm=0.499999, loss=1.24732
I0915 11:06:10.403285 139627431158976 submission.py:307] 30500) loss = 1.247, grad_norm = 0.500
/usr/local/lib/python3.11/multiprocessing/popen_fork.py:66: RuntimeWarning: os.fork() was called. os.fork() is incompatible with multithreaded code, and JAX is multithreaded, so this will likely lead to a deadlock.
  self.pid = os.fork()
I0915 11:13:44.625910 139606351599360 logging_writer.py:48] [31000] global_step=31000, grad_norm=0.369589, loss=1.16144
I0915 11:13:44.633943 139627431158976 submission.py:307] 31000) loss = 1.161, grad_norm = 0.370
I0915 11:18:05.840725 139606343206656 logging_writer.py:48] [31500] global_step=31500, grad_norm=0.406493, loss=1.25011
I0915 11:18:05.844953 139627431158976 submission.py:307] 31500) loss = 1.250, grad_norm = 0.406
/usr/local/lib/python3.11/multiprocessing/popen_fork.py:66: RuntimeWarning: os.fork() was called. os.fork() is incompatible with multithreaded code, and JAX is multithreaded, so this will likely lead to a deadlock.
  self.pid = os.fork()
I0915 11:25:59.859015 139606351599360 logging_writer.py:48] [32000] global_step=32000, grad_norm=0.499999, loss=1.2171
I0915 11:25:59.873276 139627431158976 submission.py:307] 32000) loss = 1.217, grad_norm = 0.500
I0915 11:26:46.407405 139627431158976 spec.py:333] Evaluating on the training split.
/usr/local/lib/python3.11/site-packages/torch/distributed/distributed_c10d.py:4876: UserWarning: barrier(): using the device under current context. You can specify `device_id` in `init_process_group` to mute this warning.
  warnings.warn(  # warn only once
/usr/local/lib/python3.11/multiprocessing/popen_fork.py:66: RuntimeWarning: os.fork() was called. os.fork() is incompatible with multithreaded code, and JAX is multithreaded, so this will likely lead to a deadlock.
  self.pid = os.fork()
I0915 11:27:02.686383 139627431158976 spec.py:346] Evaluating on the validation split.
I0915 11:27:22.503061 139627431158976 spec.py:363] Evaluating on the test split.
I0915 11:27:33.067711 139627431158976 submission_runner.py:516] Time since start: 25224.99s, 	Step: 32106, 	{'train/ctc_loss': 0.17202233885314988, 'train/wer': 0.06474377318351898, 'validation/ctc_loss': 0.40757545745585944, 'validation/wer': 0.11669965722010332, 'validation/num_examples': 5348, 'test/ctc_loss': 0.22778813350861346, 'test/wer': 0.0731216866735726, 'test/num_examples': 2472, 'score': 24463.878875732422, 'total_duration': 25224.993047475815, 'accumulated_submission_time': 24463.878875732422, 'accumulated_eval_time': 714.2352414131165, 'accumulated_logging_time': 2.3517918586730957}
I0915 11:27:33.369712 139606351599360 logging_writer.py:48] [32106] accumulated_eval_time=714.235, accumulated_logging_time=2.35179, accumulated_submission_time=24463.9, global_step=32106, preemption_count=0, score=24463.9, test/ctc_loss=0.227788, test/num_examples=2472, test/wer=0.0731217, total_duration=25225, train/ctc_loss=0.172022, train/wer=0.0647438, validation/ctc_loss=0.407575, validation/num_examples=5348, validation/wer=0.1167
I0915 11:31:12.649394 139606343206656 logging_writer.py:48] [32500] global_step=32500, grad_norm=0.476968, loss=1.15463
I0915 11:31:12.653811 139627431158976 submission.py:307] 32500) loss = 1.155, grad_norm = 0.477
/usr/local/lib/python3.11/multiprocessing/popen_fork.py:66: RuntimeWarning: os.fork() was called. os.fork() is incompatible with multithreaded code, and JAX is multithreaded, so this will likely lead to a deadlock.
  self.pid = os.fork()
I0915 11:39:12.708374 139606351599360 logging_writer.py:48] [33000] global_step=33000, grad_norm=0.499999, loss=1.15292
I0915 11:39:12.715931 139627431158976 submission.py:307] 33000) loss = 1.153, grad_norm = 0.500
I0915 11:43:15.590005 139606343206656 logging_writer.py:48] [33500] global_step=33500, grad_norm=0.45754, loss=1.1466
I0915 11:43:15.594558 139627431158976 submission.py:307] 33500) loss = 1.147, grad_norm = 0.458
/usr/local/lib/python3.11/multiprocessing/popen_fork.py:66: RuntimeWarning: os.fork() was called. os.fork() is incompatible with multithreaded code, and JAX is multithreaded, so this will likely lead to a deadlock.
  self.pid = os.fork()
I0915 11:51:25.588000 139606351599360 logging_writer.py:48] [34000] global_step=34000, grad_norm=0.499999, loss=1.11145
I0915 11:51:25.595436 139627431158976 submission.py:307] 34000) loss = 1.111, grad_norm = 0.500
I0915 11:55:22.103139 139606343206656 logging_writer.py:48] [34500] global_step=34500, grad_norm=0.499999, loss=1.19437
I0915 11:55:22.107893 139627431158976 submission.py:307] 34500) loss = 1.194, grad_norm = 0.500
I0915 11:56:42.147178 139627431158976 spec.py:333] Evaluating on the training split.
/usr/local/lib/python3.11/site-packages/torch/distributed/distributed_c10d.py:4876: UserWarning: barrier(): using the device under current context. You can specify `device_id` in `init_process_group` to mute this warning.
  warnings.warn(  # warn only once
/usr/local/lib/python3.11/multiprocessing/popen_fork.py:66: RuntimeWarning: os.fork() was called. os.fork() is incompatible with multithreaded code, and JAX is multithreaded, so this will likely lead to a deadlock.
  self.pid = os.fork()
I0915 11:56:58.569423 139627431158976 spec.py:346] Evaluating on the validation split.
I0915 11:57:18.319675 139627431158976 spec.py:363] Evaluating on the test split.
I0915 11:57:28.698077 139627431158976 submission_runner.py:516] Time since start: 27020.62s, 	Step: 34613, 	{'train/ctc_loss': 0.16054282952323937, 'train/wer': 0.061131598697673414, 'validation/ctc_loss': 0.39606849711799275, 'validation/wer': 0.113204267851108, 'validation/num_examples': 5348, 'test/ctc_loss': 0.22421025650848442, 'test/wer': 0.0711311518696809, 'test/num_examples': 2472, 'score': 26208.83354616165, 'total_duration': 27020.623435735703, 'accumulated_submission_time': 26208.83354616165, 'accumulated_eval_time': 760.7859456539154, 'accumulated_logging_time': 2.663914442062378}
I0915 11:57:29.032935 139606351599360 logging_writer.py:48] [34613] accumulated_eval_time=760.786, accumulated_logging_time=2.66391, accumulated_submission_time=26208.8, global_step=34613, preemption_count=0, score=26208.8, test/ctc_loss=0.22421, test/num_examples=2472, test/wer=0.0711312, total_duration=27020.6, train/ctc_loss=0.160543, train/wer=0.0611316, validation/ctc_loss=0.396068, validation/num_examples=5348, validation/wer=0.113204
I0915 12:04:10.415321 139606343206656 logging_writer.py:48] [35000] global_step=35000, grad_norm=0.499999, loss=1.15977
I0915 12:04:10.419425 139627431158976 submission.py:307] 35000) loss = 1.160, grad_norm = 0.500
/usr/local/lib/python3.11/multiprocessing/popen_fork.py:66: RuntimeWarning: os.fork() was called. os.fork() is incompatible with multithreaded code, and JAX is multithreaded, so this will likely lead to a deadlock.
  self.pid = os.fork()
I0915 12:08:16.400022 139606351599360 logging_writer.py:48] [35500] global_step=35500, grad_norm=0.352559, loss=1.05314
I0915 12:08:16.407447 139627431158976 submission.py:307] 35500) loss = 1.053, grad_norm = 0.353
I0915 12:15:58.709420 139606343206656 logging_writer.py:48] [36000] global_step=36000, grad_norm=0.44861, loss=1.14716
I0915 12:15:58.713780 139627431158976 submission.py:307] 36000) loss = 1.147, grad_norm = 0.449
/usr/local/lib/python3.11/multiprocessing/popen_fork.py:66: RuntimeWarning: os.fork() was called. os.fork() is incompatible with multithreaded code, and JAX is multithreaded, so this will likely lead to a deadlock.
  self.pid = os.fork()
I0915 12:20:22.666501 139606351599360 logging_writer.py:48] [36500] global_step=36500, grad_norm=0.499999, loss=1.1026
I0915 12:20:22.674157 139627431158976 submission.py:307] 36500) loss = 1.103, grad_norm = 0.500
I0915 12:26:37.083057 139627431158976 spec.py:333] Evaluating on the training split.
/usr/local/lib/python3.11/site-packages/torch/distributed/distributed_c10d.py:4876: UserWarning: barrier(): using the device under current context. You can specify `device_id` in `init_process_group` to mute this warning.
  warnings.warn(  # warn only once
/usr/local/lib/python3.11/multiprocessing/popen_fork.py:66: RuntimeWarning: os.fork() was called. os.fork() is incompatible with multithreaded code, and JAX is multithreaded, so this will likely lead to a deadlock.
  self.pid = os.fork()
I0915 12:26:53.723218 139627431158976 spec.py:346] Evaluating on the validation split.
I0915 12:27:13.680088 139627431158976 spec.py:363] Evaluating on the test split.
I0915 12:27:23.973212 139627431158976 submission_runner.py:516] Time since start: 28815.90s, 	Step: 36937, 	{'train/ctc_loss': 0.1492908947759604, 'train/wer': 0.05713067000707317, 'validation/ctc_loss': 0.3844368666176914, 'validation/wer': 0.10995027277555158, 'validation/num_examples': 5348, 'test/ctc_loss': 0.21279397057874702, 'test/wer': 0.06836877703979038, 'test/num_examples': 2472, 'score': 27953.990550994873, 'total_duration': 28815.898555278778, 'accumulated_submission_time': 27953.990550994873, 'accumulated_eval_time': 807.6759321689606, 'accumulated_logging_time': 3.0088658332824707}
I0915 12:27:24.034896 139606351599360 logging_writer.py:48] [36937] accumulated_eval_time=807.676, accumulated_logging_time=3.00887, accumulated_submission_time=27954, global_step=36937, preemption_count=0, score=27954, test/ctc_loss=0.212794, test/num_examples=2472, test/wer=0.0683688, total_duration=28815.9, train/ctc_loss=0.149291, train/wer=0.0571307, validation/ctc_loss=0.384437, validation/num_examples=5348, validation/wer=0.10995
I0915 12:28:31.672855 139606343206656 logging_writer.py:48] [37000] global_step=37000, grad_norm=0.399856, loss=1.07376
I0915 12:28:31.676354 139627431158976 submission.py:307] 37000) loss = 1.074, grad_norm = 0.400
/usr/local/lib/python3.11/multiprocessing/popen_fork.py:66: RuntimeWarning: os.fork() was called. os.fork() is incompatible with multithreaded code, and JAX is multithreaded, so this will likely lead to a deadlock.
  self.pid = os.fork()
I0915 12:33:16.975253 139606351599360 logging_writer.py:48] [37500] global_step=37500, grad_norm=0.499999, loss=1.13245
I0915 12:33:16.983508 139627431158976 submission.py:307] 37500) loss = 1.132, grad_norm = 0.500
I0915 12:40:28.748833 139606343206656 logging_writer.py:48] [38000] global_step=38000, grad_norm=0.499999, loss=1.13901
I0915 12:40:28.752951 139627431158976 submission.py:307] 38000) loss = 1.139, grad_norm = 0.500
/usr/local/lib/python3.11/multiprocessing/popen_fork.py:66: RuntimeWarning: os.fork() was called. os.fork() is incompatible with multithreaded code, and JAX is multithreaded, so this will likely lead to a deadlock.
  self.pid = os.fork()
I0915 12:45:28.533440 139606351599360 logging_writer.py:48] [38500] global_step=38500, grad_norm=0.499999, loss=1.11655
I0915 12:45:28.540628 139627431158976 submission.py:307] 38500) loss = 1.117, grad_norm = 0.500
I0915 12:52:21.928185 139606343206656 logging_writer.py:48] [39000] global_step=39000, grad_norm=0.499999, loss=1.1405
I0915 12:52:21.932294 139627431158976 submission.py:307] 39000) loss = 1.140, grad_norm = 0.500
/usr/local/lib/python3.11/multiprocessing/popen_fork.py:66: RuntimeWarning: os.fork() was called. os.fork() is incompatible with multithreaded code, and JAX is multithreaded, so this will likely lead to a deadlock.
  self.pid = os.fork()
I0915 12:56:32.673526 139627431158976 spec.py:333] Evaluating on the training split.
/usr/local/lib/python3.11/site-packages/torch/distributed/distributed_c10d.py:4876: UserWarning: barrier(): using the device under current context. You can specify `device_id` in `init_process_group` to mute this warning.
  warnings.warn(  # warn only once
I0915 12:56:50.510698 139627431158976 spec.py:346] Evaluating on the validation split.
I0915 12:57:10.323487 139627431158976 spec.py:363] Evaluating on the test split.
I0915 12:57:20.689525 139627431158976 submission_runner.py:516] Time since start: 30612.61s, 	Step: 39346, 	{'train/ctc_loss': 0.14197608618540766, 'train/wer': 0.05470095622735642, 'validation/ctc_loss': 0.3875349802450648, 'validation/wer': 0.10943851687346111, 'validation/num_examples': 5348, 'test/ctc_loss': 0.21229305620523906, 'test/wer': 0.06585014116547844, 'test/num_examples': 2472, 'score': 29699.269289255142, 'total_duration': 30612.614881038666, 'accumulated_submission_time': 29699.269289255142, 'accumulated_eval_time': 855.6917436122894, 'accumulated_logging_time': 3.0807156562805176}
I0915 12:57:20.948040 139606351599360 logging_writer.py:48] [39346] accumulated_eval_time=855.692, accumulated_logging_time=3.08072, accumulated_submission_time=29699.3, global_step=39346, preemption_count=0, score=29699.3, test/ctc_loss=0.212293, test/num_examples=2472, test/wer=0.0658501, total_duration=30612.6, train/ctc_loss=0.141976, train/wer=0.054701, validation/ctc_loss=0.387535, validation/num_examples=5348, validation/wer=0.109439
I0915 12:58:35.565423 139606343206656 logging_writer.py:48] [39500] global_step=39500, grad_norm=0.499999, loss=1.16441
I0915 12:58:35.569038 139627431158976 submission.py:307] 39500) loss = 1.164, grad_norm = 0.500
I0915 13:05:20.898813 139606351599360 logging_writer.py:48] [40000] global_step=40000, grad_norm=0.499999, loss=1.11273
I0915 13:05:20.902921 139627431158976 submission.py:307] 40000) loss = 1.113, grad_norm = 0.500
/usr/local/lib/python3.11/multiprocessing/popen_fork.py:66: RuntimeWarning: os.fork() was called. os.fork() is incompatible with multithreaded code, and JAX is multithreaded, so this will likely lead to a deadlock.
  self.pid = os.fork()
I0915 13:10:54.640221 139606351599360 logging_writer.py:48] [40500] global_step=40500, grad_norm=0.402405, loss=1.10212
I0915 13:10:54.647683 139627431158976 submission.py:307] 40500) loss = 1.102, grad_norm = 0.402
I0915 13:17:08.438306 139606343206656 logging_writer.py:48] [41000] global_step=41000, grad_norm=0.429694, loss=1.08755
I0915 13:17:08.444160 139627431158976 submission.py:307] 41000) loss = 1.088, grad_norm = 0.430
/usr/local/lib/python3.11/multiprocessing/popen_fork.py:66: RuntimeWarning: os.fork() was called. os.fork() is incompatible with multithreaded code, and JAX is multithreaded, so this will likely lead to a deadlock.
  self.pid = os.fork()
I0915 13:23:05.771466 139606351599360 logging_writer.py:48] [41500] global_step=41500, grad_norm=0.486747, loss=1.11678
I0915 13:23:05.779049 139627431158976 submission.py:307] 41500) loss = 1.117, grad_norm = 0.487
I0915 13:26:30.462980 139627431158976 spec.py:333] Evaluating on the training split.
/usr/local/lib/python3.11/site-packages/torch/distributed/distributed_c10d.py:4876: UserWarning: barrier(): using the device under current context. You can specify `device_id` in `init_process_group` to mute this warning.
  warnings.warn(  # warn only once
/usr/local/lib/python3.11/multiprocessing/popen_fork.py:66: RuntimeWarning: os.fork() was called. os.fork() is incompatible with multithreaded code, and JAX is multithreaded, so this will likely lead to a deadlock.
  self.pid = os.fork()
I0915 13:26:48.795378 139627431158976 spec.py:346] Evaluating on the validation split.
I0915 13:27:08.713816 139627431158976 spec.py:363] Evaluating on the test split.
I0915 13:27:19.147528 139627431158976 submission_runner.py:516] Time since start: 32411.07s, 	Step: 41839, 	{'train/ctc_loss': 0.13512448600513424, 'train/wer': 0.05243862273024238, 'validation/ctc_loss': 0.37879244524814143, 'validation/wer': 0.10716941051513543, 'validation/num_examples': 5348, 'test/ctc_loss': 0.20776986872136913, 'test/wer': 0.06432677269311235, 'test/num_examples': 2472, 'score': 31445.309044122696, 'total_duration': 32411.072816848755, 'accumulated_submission_time': 31445.309044122696, 'accumulated_eval_time': 904.376006603241, 'accumulated_logging_time': 3.3495373725891113}
I0915 13:27:19.456376 139606351599360 logging_writer.py:48] [41839] accumulated_eval_time=904.376, accumulated_logging_time=3.34954, accumulated_submission_time=31445.3, global_step=41839, preemption_count=0, score=31445.3, test/ctc_loss=0.20777, test/num_examples=2472, test/wer=0.0643268, total_duration=32411.1, train/ctc_loss=0.135124, train/wer=0.0524386, validation/ctc_loss=0.378792, validation/num_examples=5348, validation/wer=0.107169
I0915 13:29:53.701126 139606343206656 logging_writer.py:48] [42000] global_step=42000, grad_norm=0.499999, loss=1.12544
I0915 13:29:53.705374 139627431158976 submission.py:307] 42000) loss = 1.125, grad_norm = 0.500
/usr/local/lib/python3.11/multiprocessing/popen_fork.py:66: RuntimeWarning: os.fork() was called. os.fork() is incompatible with multithreaded code, and JAX is multithreaded, so this will likely lead to a deadlock.
  self.pid = os.fork()
I0915 13:36:03.743567 139606351599360 logging_writer.py:48] [42500] global_step=42500, grad_norm=0.499999, loss=1.04256
I0915 13:36:03.751127 139627431158976 submission.py:307] 42500) loss = 1.043, grad_norm = 0.500
I0915 13:41:43.240767 139606343206656 logging_writer.py:48] [43000] global_step=43000, grad_norm=0.499999, loss=1.0839
I0915 13:41:43.247208 139627431158976 submission.py:307] 43000) loss = 1.084, grad_norm = 0.500
/usr/local/lib/python3.11/multiprocessing/popen_fork.py:66: RuntimeWarning: os.fork() was called. os.fork() is incompatible with multithreaded code, and JAX is multithreaded, so this will likely lead to a deadlock.
  self.pid = os.fork()
I0915 13:48:15.921335 139606351599360 logging_writer.py:48] [43500] global_step=43500, grad_norm=0.499999, loss=1.073
I0915 13:48:15.931107 139627431158976 submission.py:307] 43500) loss = 1.073, grad_norm = 0.500
I0915 13:53:36.146579 139606343206656 logging_writer.py:48] [44000] global_step=44000, grad_norm=0.499999, loss=1.08773
I0915 13:53:36.150995 139627431158976 submission.py:307] 44000) loss = 1.088, grad_norm = 0.500
I0915 13:56:28.098202 139627431158976 spec.py:333] Evaluating on the training split.
/usr/local/lib/python3.11/site-packages/torch/distributed/distributed_c10d.py:4876: UserWarning: barrier(): using the device under current context. You can specify `device_id` in `init_process_group` to mute this warning.
  warnings.warn(  # warn only once
/usr/local/lib/python3.11/multiprocessing/popen_fork.py:66: RuntimeWarning: os.fork() was called. os.fork() is incompatible with multithreaded code, and JAX is multithreaded, so this will likely lead to a deadlock.
  self.pid = os.fork()
I0915 13:56:43.324807 139627431158976 spec.py:346] Evaluating on the validation split.
I0915 13:57:03.137793 139627431158976 spec.py:363] Evaluating on the test split.
I0915 13:57:13.608507 139627431158976 submission_runner.py:516] Time since start: 34205.53s, 	Step: 44160, 	{'train/ctc_loss': 0.12793783262221725, 'train/wer': 0.0490100266188643, 'validation/ctc_loss': 0.36792249719804854, 'validation/wer': 0.10269878820064694, 'validation/num_examples': 5348, 'test/ctc_loss': 0.20071557035937804, 'test/wer': 0.06318932423374565, 'test/num_examples': 2472, 'score': 33191.16186285019, 'total_duration': 34205.5338447094, 'accumulated_submission_time': 33191.16186285019, 'accumulated_eval_time': 949.8861050605774, 'accumulated_logging_time': 3.668992757797241}
I0915 13:57:13.677402 139606351599360 logging_writer.py:48] [44160] accumulated_eval_time=949.886, accumulated_logging_time=3.66899, accumulated_submission_time=33191.2, global_step=44160, preemption_count=0, score=33191.2, test/ctc_loss=0.200716, test/num_examples=2472, test/wer=0.0631893, total_duration=34205.5, train/ctc_loss=0.127938, train/wer=0.04901, validation/ctc_loss=0.367922, validation/num_examples=5348, validation/wer=0.102699
/usr/local/lib/python3.11/multiprocessing/popen_fork.py:66: RuntimeWarning: os.fork() was called. os.fork() is incompatible with multithreaded code, and JAX is multithreaded, so this will likely lead to a deadlock.
  self.pid = os.fork()
I0915 14:01:10.737441 139606351599360 logging_writer.py:48] [44500] global_step=44500, grad_norm=0.488758, loss=1.10748
I0915 14:01:10.744911 139627431158976 submission.py:307] 44500) loss = 1.107, grad_norm = 0.489
I0915 14:06:27.260293 139606343206656 logging_writer.py:48] [45000] global_step=45000, grad_norm=0.5, loss=1.0561
I0915 14:06:27.264576 139627431158976 submission.py:307] 45000) loss = 1.056, grad_norm = 0.500
/usr/local/lib/python3.11/multiprocessing/popen_fork.py:66: RuntimeWarning: os.fork() was called. os.fork() is incompatible with multithreaded code, and JAX is multithreaded, so this will likely lead to a deadlock.
  self.pid = os.fork()
I0915 14:13:29.456223 139606351599360 logging_writer.py:48] [45500] global_step=45500, grad_norm=0.499999, loss=1.02165
I0915 14:13:29.463885 139627431158976 submission.py:307] 45500) loss = 1.022, grad_norm = 0.500
I0915 14:18:22.974509 139606343206656 logging_writer.py:48] [46000] global_step=46000, grad_norm=0.499999, loss=1.06413
I0915 14:18:22.978672 139627431158976 submission.py:307] 46000) loss = 1.064, grad_norm = 0.500
/usr/local/lib/python3.11/multiprocessing/popen_fork.py:66: RuntimeWarning: os.fork() was called. os.fork() is incompatible with multithreaded code, and JAX is multithreaded, so this will likely lead to a deadlock.
  self.pid = os.fork()
I0915 14:25:43.824794 139606351599360 logging_writer.py:48] [46500] global_step=46500, grad_norm=0.499999, loss=1.0856
I0915 14:25:43.833405 139627431158976 submission.py:307] 46500) loss = 1.086, grad_norm = 0.500
I0915 14:26:22.308488 139627431158976 spec.py:333] Evaluating on the training split.
/usr/local/lib/python3.11/site-packages/torch/distributed/distributed_c10d.py:4876: UserWarning: barrier(): using the device under current context. You can specify `device_id` in `init_process_group` to mute this warning.
  warnings.warn(  # warn only once
/usr/local/lib/python3.11/multiprocessing/popen_fork.py:66: RuntimeWarning: os.fork() was called. os.fork() is incompatible with multithreaded code, and JAX is multithreaded, so this will likely lead to a deadlock.
  self.pid = os.fork()
I0915 14:26:37.860511 139627431158976 spec.py:346] Evaluating on the validation split.
I0915 14:26:57.584174 139627431158976 spec.py:363] Evaluating on the test split.
I0915 14:27:08.047353 139627431158976 submission_runner.py:516] Time since start: 35999.97s, 	Step: 46586, 	{'train/ctc_loss': 0.12093888037691689, 'train/wer': 0.04720663905791898, 'validation/ctc_loss': 0.3711306384368093, 'validation/wer': 0.10291121517887317, 'validation/num_examples': 5348, 'test/ctc_loss': 0.19896812899219304, 'test/wer': 0.06229561472995755, 'test/num_examples': 2472, 'score': 34936.36906123161, 'total_duration': 35999.97264456749, 'accumulated_submission_time': 34936.36906123161, 'accumulated_eval_time': 995.6247532367706, 'accumulated_logging_time': 3.748096227645874}
I0915 14:27:08.310504 139606351599360 logging_writer.py:48] [46586] accumulated_eval_time=995.625, accumulated_logging_time=3.7481, accumulated_submission_time=34936.4, global_step=46586, preemption_count=0, score=34936.4, test/ctc_loss=0.198968, test/num_examples=2472, test/wer=0.0622956, total_duration=36000, train/ctc_loss=0.120939, train/wer=0.0472066, validation/ctc_loss=0.371131, validation/num_examples=5348, validation/wer=0.102911
I0915 14:31:25.917593 139606343206656 logging_writer.py:48] [47000] global_step=47000, grad_norm=0.499999, loss=1.13461
I0915 14:31:25.922427 139627431158976 submission.py:307] 47000) loss = 1.135, grad_norm = 0.500
/usr/local/lib/python3.11/multiprocessing/popen_fork.py:66: RuntimeWarning: os.fork() was called. os.fork() is incompatible with multithreaded code, and JAX is multithreaded, so this will likely lead to a deadlock.
  self.pid = os.fork()
I0915 14:38:57.429052 139606351599360 logging_writer.py:48] [47500] global_step=47500, grad_norm=0.499999, loss=1.07371
I0915 14:38:57.436579 139627431158976 submission.py:307] 47500) loss = 1.074, grad_norm = 0.500
I0915 14:43:22.840187 139606343206656 logging_writer.py:48] [48000] global_step=48000, grad_norm=0.499999, loss=1.08534
I0915 14:43:22.844333 139627431158976 submission.py:307] 48000) loss = 1.085, grad_norm = 0.500
/usr/local/lib/python3.11/multiprocessing/popen_fork.py:66: RuntimeWarning: os.fork() was called. os.fork() is incompatible with multithreaded code, and JAX is multithreaded, so this will likely lead to a deadlock.
  self.pid = os.fork()
I0915 14:51:06.690937 139606351599360 logging_writer.py:48] [48500] global_step=48500, grad_norm=0.499999, loss=1.04021
I0915 14:51:06.698405 139627431158976 submission.py:307] 48500) loss = 1.040, grad_norm = 0.500
I0915 14:55:22.269107 139606343206656 logging_writer.py:48] [49000] global_step=49000, grad_norm=0.499999, loss=1.0547
I0915 14:55:22.273252 139627431158976 submission.py:307] 49000) loss = 1.055, grad_norm = 0.500
I0915 14:56:17.181607 139627431158976 spec.py:333] Evaluating on the training split.
/usr/local/lib/python3.11/site-packages/torch/distributed/distributed_c10d.py:4876: UserWarning: barrier(): using the device under current context. You can specify `device_id` in `init_process_group` to mute this warning.
  warnings.warn(  # warn only once
/usr/local/lib/python3.11/multiprocessing/popen_fork.py:66: RuntimeWarning: os.fork() was called. os.fork() is incompatible with multithreaded code, and JAX is multithreaded, so this will likely lead to a deadlock.
  self.pid = os.fork()
I0915 14:56:33.214594 139627431158976 spec.py:346] Evaluating on the validation split.
I0915 14:56:53.001624 139627431158976 spec.py:363] Evaluating on the test split.
I0915 14:57:03.517915 139627431158976 submission_runner.py:516] Time since start: 37795.44s, 	Step: 49071, 	{'train/ctc_loss': 0.1120992890530403, 'train/wer': 0.043923825773323905, 'validation/ctc_loss': 0.35817573337351816, 'validation/wer': 0.09868198715782359, 'validation/num_examples': 5348, 'test/ctc_loss': 0.1923740165696174, 'test/wer': 0.06000040623159263, 'test/num_examples': 2472, 'score': 36681.68979883194, 'total_duration': 37795.44325685501, 'accumulated_submission_time': 36681.68979883194, 'accumulated_eval_time': 1041.9608659744263, 'accumulated_logging_time': 4.022969007492065}
I0915 14:57:03.784553 139606351599360 logging_writer.py:48] [49071] accumulated_eval_time=1041.96, accumulated_logging_time=4.02297, accumulated_submission_time=36681.7, global_step=49071, preemption_count=0, score=36681.7, test/ctc_loss=0.192374, test/num_examples=2472, test/wer=0.0600004, total_duration=37795.4, train/ctc_loss=0.112099, train/wer=0.0439238, validation/ctc_loss=0.358176, validation/num_examples=5348, validation/wer=0.098682
/usr/local/lib/python3.11/multiprocessing/popen_fork.py:66: RuntimeWarning: os.fork() was called. os.fork() is incompatible with multithreaded code, and JAX is multithreaded, so this will likely lead to a deadlock.
  self.pid = os.fork()
I0915 15:03:58.281739 139606351599360 logging_writer.py:48] [49500] global_step=49500, grad_norm=0.499999, loss=1.03517
I0915 15:03:58.289115 139627431158976 submission.py:307] 49500) loss = 1.035, grad_norm = 0.500
I0915 15:08:11.594198 139606343206656 logging_writer.py:48] [50000] global_step=50000, grad_norm=0.499999, loss=1.05224
I0915 15:08:11.598304 139627431158976 submission.py:307] 50000) loss = 1.052, grad_norm = 0.500
/usr/local/lib/python3.11/multiprocessing/popen_fork.py:66: RuntimeWarning: os.fork() was called. os.fork() is incompatible with multithreaded code, and JAX is multithreaded, so this will likely lead to a deadlock.
  self.pid = os.fork()
I0915 15:16:07.558155 139606351599360 logging_writer.py:48] [50500] global_step=50500, grad_norm=0.499999, loss=1.032
I0915 15:16:07.565891 139627431158976 submission.py:307] 50500) loss = 1.032, grad_norm = 0.500
I0915 15:20:08.516720 139606343206656 logging_writer.py:48] [51000] global_step=51000, grad_norm=0.499999, loss=1.03971
I0915 15:20:08.520897 139627431158976 submission.py:307] 51000) loss = 1.040, grad_norm = 0.500
I0915 15:26:14.451634 139627431158976 spec.py:333] Evaluating on the training split.
/usr/local/lib/python3.11/site-packages/torch/distributed/distributed_c10d.py:4876: UserWarning: barrier(): using the device under current context. You can specify `device_id` in `init_process_group` to mute this warning.
  warnings.warn(  # warn only once
/usr/local/lib/python3.11/multiprocessing/popen_fork.py:66: RuntimeWarning: os.fork() was called. os.fork() is incompatible with multithreaded code, and JAX is multithreaded, so this will likely lead to a deadlock.
  self.pid = os.fork()
I0915 15:26:29.379068 139627431158976 spec.py:346] Evaluating on the validation split.
I0915 15:26:48.967148 139627431158976 spec.py:363] Evaluating on the test split.
I0915 15:26:59.284751 139627431158976 submission_runner.py:516] Time since start: 39591.21s, 	Step: 51393, 	{'train/ctc_loss': 0.10544510074003423, 'train/wer': 0.04147791390174237, 'validation/ctc_loss': 0.3509819976579767, 'validation/wer': 0.0967218654950997, 'validation/num_examples': 5348, 'test/ctc_loss': 0.1892098255330989, 'test/wer': 0.05792862510917474, 'test/num_examples': 2472, 'score': 38429.587532520294, 'total_duration': 39591.210107803345, 'accumulated_submission_time': 38429.587532520294, 'accumulated_eval_time': 1086.793828010559, 'accumulated_logging_time': 4.299762964248657}
I0915 15:26:59.371537 139606351599360 logging_writer.py:48] [51393] accumulated_eval_time=1086.79, accumulated_logging_time=4.29976, accumulated_submission_time=38429.6, global_step=51393, preemption_count=0, score=38429.6, test/ctc_loss=0.18921, test/num_examples=2472, test/wer=0.0579286, total_duration=39591.2, train/ctc_loss=0.105445, train/wer=0.0414779, validation/ctc_loss=0.350982, validation/num_examples=5348, validation/wer=0.0967219
/usr/local/lib/python3.11/multiprocessing/popen_fork.py:66: RuntimeWarning: os.fork() was called. os.fork() is incompatible with multithreaded code, and JAX is multithreaded, so this will likely lead to a deadlock.
  self.pid = os.fork()
I0915 15:28:59.935817 139606351599360 logging_writer.py:48] [51500] global_step=51500, grad_norm=0.499999, loss=0.98894
I0915 15:28:59.945049 139627431158976 submission.py:307] 51500) loss = 0.989, grad_norm = 0.500
I0915 15:33:03.363773 139606343206656 logging_writer.py:48] [52000] global_step=52000, grad_norm=0.499999, loss=0.941541
I0915 15:33:03.368146 139627431158976 submission.py:307] 52000) loss = 0.942, grad_norm = 0.500
I0915 15:40:59.343203 139606351599360 logging_writer.py:48] [52500] global_step=52500, grad_norm=0.499999, loss=1.00007
I0915 15:40:59.347736 139627431158976 submission.py:307] 52500) loss = 1.000, grad_norm = 0.500
/usr/local/lib/python3.11/multiprocessing/popen_fork.py:66: RuntimeWarning: os.fork() was called. os.fork() is incompatible with multithreaded code, and JAX is multithreaded, so this will likely lead to a deadlock.
  self.pid = os.fork()
I0915 15:45:08.968293 139606351599360 logging_writer.py:48] [53000] global_step=53000, grad_norm=0.499999, loss=1.07498
I0915 15:45:08.975632 139627431158976 submission.py:307] 53000) loss = 1.075, grad_norm = 0.500
I0915 15:52:50.611499 139606343206656 logging_writer.py:48] [53500] global_step=53500, grad_norm=0.499999, loss=1.02539
I0915 15:52:50.615674 139627431158976 submission.py:307] 53500) loss = 1.025, grad_norm = 0.500
/usr/local/lib/python3.11/multiprocessing/popen_fork.py:66: RuntimeWarning: os.fork() was called. os.fork() is incompatible with multithreaded code, and JAX is multithreaded, so this will likely lead to a deadlock.
  self.pid = os.fork()
I0915 15:56:07.953025 139627431158976 spec.py:333] Evaluating on the training split.
/usr/local/lib/python3.11/site-packages/torch/distributed/distributed_c10d.py:4876: UserWarning: barrier(): using the device under current context. You can specify `device_id` in `init_process_group` to mute this warning.
  warnings.warn(  # warn only once
I0915 15:56:23.288164 139627431158976 spec.py:346] Evaluating on the validation split.
I0915 15:56:43.139164 139627431158976 spec.py:363] Evaluating on the test split.
I0915 15:56:53.455038 139627431158976 submission_runner.py:516] Time since start: 41385.38s, 	Step: 53851, 	{'train/ctc_loss': 0.09781304195119765, 'train/wer': 0.03890781665919755, 'validation/ctc_loss': 0.3491209956424553, 'validation/wer': 0.09551489402790518, 'validation/num_examples': 5348, 'test/ctc_loss': 0.18438112438705723, 'test/wer': 0.05626307557938781, 'test/num_examples': 2472, 'score': 40174.67117357254, 'total_duration': 41385.38038396835, 'accumulated_submission_time': 40174.67117357254, 'accumulated_eval_time': 1132.2957038879395, 'accumulated_logging_time': 4.396579027175903}
I0915 15:56:53.768591 139606351599360 logging_writer.py:48] [53851] accumulated_eval_time=1132.3, accumulated_logging_time=4.39658, accumulated_submission_time=40174.7, global_step=53851, preemption_count=0, score=40174.7, test/ctc_loss=0.184381, test/num_examples=2472, test/wer=0.0562631, total_duration=41385.4, train/ctc_loss=0.097813, train/wer=0.0389078, validation/ctc_loss=0.349121, validation/num_examples=5348, validation/wer=0.0955149
I0915 15:58:15.986100 139606343206656 logging_writer.py:48] [54000] global_step=54000, grad_norm=0.499999, loss=1.06568
I0915 15:58:15.990000 139627431158976 submission.py:307] 54000) loss = 1.066, grad_norm = 0.500
I0915 16:05:42.389638 139606351599360 logging_writer.py:48] [54500] global_step=54500, grad_norm=0.499999, loss=1.0323
I0915 16:05:42.393699 139627431158976 submission.py:307] 54500) loss = 1.032, grad_norm = 0.500
/usr/local/lib/python3.11/multiprocessing/popen_fork.py:66: RuntimeWarning: os.fork() was called. os.fork() is incompatible with multithreaded code, and JAX is multithreaded, so this will likely lead to a deadlock.
  self.pid = os.fork()
I0915 16:10:29.447521 139606351599360 logging_writer.py:48] [55000] global_step=55000, grad_norm=0.499999, loss=1.03323
I0915 16:10:29.455024 139627431158976 submission.py:307] 55000) loss = 1.033, grad_norm = 0.500
I0915 16:17:31.520413 139606343206656 logging_writer.py:48] [55500] global_step=55500, grad_norm=0.499999, loss=0.974049
I0915 16:17:31.524758 139627431158976 submission.py:307] 55500) loss = 0.974, grad_norm = 0.500
/usr/local/lib/python3.11/multiprocessing/popen_fork.py:66: RuntimeWarning: os.fork() was called. os.fork() is incompatible with multithreaded code, and JAX is multithreaded, so this will likely lead to a deadlock.
  self.pid = os.fork()
I0915 16:22:36.978772 139606351599360 logging_writer.py:48] [56000] global_step=56000, grad_norm=0.5, loss=0.974049
I0915 16:22:36.986040 139627431158976 submission.py:307] 56000) loss = 0.974, grad_norm = 0.500
I0915 16:26:03.459869 139627431158976 spec.py:333] Evaluating on the training split.
/usr/local/lib/python3.11/site-packages/torch/distributed/distributed_c10d.py:4876: UserWarning: barrier(): using the device under current context. You can specify `device_id` in `init_process_group` to mute this warning.
  warnings.warn(  # warn only once
/usr/local/lib/python3.11/multiprocessing/popen_fork.py:66: RuntimeWarning: os.fork() was called. os.fork() is incompatible with multithreaded code, and JAX is multithreaded, so this will likely lead to a deadlock.
  self.pid = os.fork()
I0915 16:26:19.263408 139627431158976 spec.py:346] Evaluating on the validation split.
I0915 16:26:38.625142 139627431158976 spec.py:363] Evaluating on the test split.
I0915 16:26:48.927106 139627431158976 submission_runner.py:516] Time since start: 43180.85s, 	Step: 56306, 	{'train/ctc_loss': 0.09101925033906962, 'train/wer': 0.03626752768523868, 'validation/ctc_loss': 0.34150924820580925, 'validation/wer': 0.09240573552841211, 'validation/num_examples': 5348, 'test/ctc_loss': 0.1834717915268727, 'test/wer': 0.056202140840493166, 'test/num_examples': 2472, 'score': 41920.71384716034, 'total_duration': 43180.852402210236, 'accumulated_submission_time': 41920.71384716034, 'accumulated_eval_time': 1177.7626717090607, 'accumulated_logging_time': 4.720675945281982}
I0915 16:26:49.267649 139606351599360 logging_writer.py:48] [56306] accumulated_eval_time=1177.76, accumulated_logging_time=4.72068, accumulated_submission_time=41920.7, global_step=56306, preemption_count=0, score=41920.7, test/ctc_loss=0.183472, test/num_examples=2472, test/wer=0.0562021, total_duration=43180.9, train/ctc_loss=0.0910193, train/wer=0.0362675, validation/ctc_loss=0.341509, validation/num_examples=5348, validation/wer=0.0924057
I0915 16:30:06.300826 139606343206656 logging_writer.py:48] [56500] global_step=56500, grad_norm=0.499999, loss=1.06638
I0915 16:30:06.304993 139627431158976 submission.py:307] 56500) loss = 1.066, grad_norm = 0.500
/usr/local/lib/python3.11/multiprocessing/popen_fork.py:66: RuntimeWarning: os.fork() was called. os.fork() is incompatible with multithreaded code, and JAX is multithreaded, so this will likely lead to a deadlock.
  self.pid = os.fork()
I0915 16:35:28.625240 139606351599360 logging_writer.py:48] [57000] global_step=57000, grad_norm=0.496036, loss=0.939441
I0915 16:35:28.632780 139627431158976 submission.py:307] 57000) loss = 0.939, grad_norm = 0.496
I0915 16:41:53.410023 139606343206656 logging_writer.py:48] [57500] global_step=57500, grad_norm=0.499999, loss=0.995549
I0915 16:41:53.414198 139627431158976 submission.py:307] 57500) loss = 0.996, grad_norm = 0.500
/usr/local/lib/python3.11/multiprocessing/popen_fork.py:66: RuntimeWarning: os.fork() was called. os.fork() is incompatible with multithreaded code, and JAX is multithreaded, so this will likely lead to a deadlock.
  self.pid = os.fork()
I0915 16:47:33.946289 139606351599360 logging_writer.py:48] [58000] global_step=58000, grad_norm=0.499999, loss=0.963871
I0915 16:47:33.954149 139627431158976 submission.py:307] 58000) loss = 0.964, grad_norm = 0.500
I0915 16:53:43.239849 139606343206656 logging_writer.py:48] [58500] global_step=58500, grad_norm=0.499999, loss=0.974066
I0915 16:53:43.244037 139627431158976 submission.py:307] 58500) loss = 0.974, grad_norm = 0.500
I0915 16:55:57.139644 139627431158976 spec.py:333] Evaluating on the training split.
/usr/local/lib/python3.11/site-packages/torch/distributed/distributed_c10d.py:4876: UserWarning: barrier(): using the device under current context. You can specify `device_id` in `init_process_group` to mute this warning.
  warnings.warn(  # warn only once
/usr/local/lib/python3.11/multiprocessing/popen_fork.py:66: RuntimeWarning: os.fork() was called. os.fork() is incompatible with multithreaded code, and JAX is multithreaded, so this will likely lead to a deadlock.
  self.pid = os.fork()
I0915 16:56:13.840913 139627431158976 spec.py:346] Evaluating on the validation split.
I0915 16:56:33.490050 139627431158976 spec.py:363] Evaluating on the test split.
I0915 16:56:43.703458 139627431158976 submission_runner.py:516] Time since start: 44975.63s, 	Step: 58623, 	{'train/ctc_loss': 0.08629992160600618, 'train/wer': 0.03433455538937513, 'validation/ctc_loss': 0.34272502142668776, 'validation/wer': 0.09178776613720852, 'validation/num_examples': 5348, 'test/ctc_loss': 0.18092379447867604, 'test/wer': 0.05402880181991754, 'test/num_examples': 2472, 'score': 43665.804336071014, 'total_duration': 44975.628787994385, 'accumulated_submission_time': 43665.804336071014, 'accumulated_eval_time': 1224.3262321949005, 'accumulated_logging_time': 5.071696996688843}
I0915 16:56:43.805537 139606351599360 logging_writer.py:48] [58623] accumulated_eval_time=1224.33, accumulated_logging_time=5.0717, accumulated_submission_time=43665.8, global_step=58623, preemption_count=0, score=43665.8, test/ctc_loss=0.180924, test/num_examples=2472, test/wer=0.0540288, total_duration=44975.6, train/ctc_loss=0.0862999, train/wer=0.0343346, validation/ctc_loss=0.342725, validation/num_examples=5348, validation/wer=0.0917878
/usr/local/lib/python3.11/multiprocessing/popen_fork.py:66: RuntimeWarning: os.fork() was called. os.fork() is incompatible with multithreaded code, and JAX is multithreaded, so this will likely lead to a deadlock.
  self.pid = os.fork()
I0915 17:00:27.977885 139606351599360 logging_writer.py:48] [59000] global_step=59000, grad_norm=0.499999, loss=0.981737
I0915 17:00:27.985126 139627431158976 submission.py:307] 59000) loss = 0.982, grad_norm = 0.500
I0915 17:06:28.957082 139606343206656 logging_writer.py:48] [59500] global_step=59500, grad_norm=0.499999, loss=0.958362
I0915 17:06:28.961451 139627431158976 submission.py:307] 59500) loss = 0.958, grad_norm = 0.500
/usr/local/lib/python3.11/multiprocessing/popen_fork.py:66: RuntimeWarning: os.fork() was called. os.fork() is incompatible with multithreaded code, and JAX is multithreaded, so this will likely lead to a deadlock.
  self.pid = os.fork()
I0915 17:12:44.526944 139606351599360 logging_writer.py:48] [60000] global_step=60000, grad_norm=0.499999, loss=0.989876
I0915 17:12:44.534421 139627431158976 submission.py:307] 60000) loss = 0.990, grad_norm = 0.500
I0915 17:18:16.875036 139606343206656 logging_writer.py:48] [60500] global_step=60500, grad_norm=0.499999, loss=0.937879
I0915 17:18:16.879304 139627431158976 submission.py:307] 60500) loss = 0.938, grad_norm = 0.500
/usr/local/lib/python3.11/multiprocessing/popen_fork.py:66: RuntimeWarning: os.fork() was called. os.fork() is incompatible with multithreaded code, and JAX is multithreaded, so this will likely lead to a deadlock.
  self.pid = os.fork()
I0915 17:24:56.712121 139606351599360 logging_writer.py:48] [61000] global_step=61000, grad_norm=0.499999, loss=0.972034
I0915 17:24:56.719889 139627431158976 submission.py:307] 61000) loss = 0.972, grad_norm = 0.500
I0915 17:25:52.941964 139627431158976 spec.py:333] Evaluating on the training split.
/usr/local/lib/python3.11/site-packages/torch/distributed/distributed_c10d.py:4876: UserWarning: barrier(): using the device under current context. You can specify `device_id` in `init_process_group` to mute this warning.
  warnings.warn(  # warn only once
/usr/local/lib/python3.11/multiprocessing/popen_fork.py:66: RuntimeWarning: os.fork() was called. os.fork() is incompatible with multithreaded code, and JAX is multithreaded, so this will likely lead to a deadlock.
  self.pid = os.fork()
I0915 17:26:08.260189 139627431158976 spec.py:346] Evaluating on the validation split.
I0915 17:26:27.959382 139627431158976 spec.py:363] Evaluating on the test split.
I0915 17:26:38.305024 139627431158976 submission_runner.py:516] Time since start: 46770.23s, 	Step: 61124, 	{'train/ctc_loss': 0.08153262054728035, 'train/wer': 0.03261755765170863, 'validation/ctc_loss': 0.3389452811055857, 'validation/wer': 0.0900980060831362, 'validation/num_examples': 5348, 'test/ctc_loss': 0.17906773975337117, 'test/wer': 0.05327727337355026, 'test/num_examples': 2472, 'score': 45411.412904024124, 'total_duration': 46770.230377435684, 'accumulated_submission_time': 45411.412904024124, 'accumulated_eval_time': 1269.6891195774078, 'accumulated_logging_time': 5.183867931365967}
I0915 17:26:38.721827 139606351599360 logging_writer.py:48] [61124] accumulated_eval_time=1269.69, accumulated_logging_time=5.18387, accumulated_submission_time=45411.4, global_step=61124, preemption_count=0, score=45411.4, test/ctc_loss=0.179068, test/num_examples=2472, test/wer=0.0532773, total_duration=46770.2, train/ctc_loss=0.0815326, train/wer=0.0326176, validation/ctc_loss=0.338945, validation/num_examples=5348, validation/wer=0.090098
I0915 17:31:10.525917 139606343206656 logging_writer.py:48] [61500] global_step=61500, grad_norm=0.499999, loss=0.95497
I0915 17:31:10.530085 139627431158976 submission.py:307] 61500) loss = 0.955, grad_norm = 0.500
/usr/local/lib/python3.11/multiprocessing/popen_fork.py:66: RuntimeWarning: os.fork() was called. os.fork() is incompatible with multithreaded code, and JAX is multithreaded, so this will likely lead to a deadlock.
  self.pid = os.fork()
I0915 17:38:04.808474 139606351599360 logging_writer.py:48] [62000] global_step=62000, grad_norm=0.499999, loss=0.933132
I0915 17:38:04.815712 139627431158976 submission.py:307] 62000) loss = 0.933, grad_norm = 0.500
I0915 17:43:04.238506 139606343206656 logging_writer.py:48] [62500] global_step=62500, grad_norm=0.499999, loss=0.960786
I0915 17:43:04.242791 139627431158976 submission.py:307] 62500) loss = 0.961, grad_norm = 0.500
/usr/local/lib/python3.11/multiprocessing/popen_fork.py:66: RuntimeWarning: os.fork() was called. os.fork() is incompatible with multithreaded code, and JAX is multithreaded, so this will likely lead to a deadlock.
  self.pid = os.fork()
I0915 17:50:15.988743 139606351599360 logging_writer.py:48] [63000] global_step=63000, grad_norm=0.499999, loss=0.921934
I0915 17:50:15.996232 139627431158976 submission.py:307] 63000) loss = 0.922, grad_norm = 0.500
I0915 17:55:00.928783 139606343206656 logging_writer.py:48] [63500] global_step=63500, grad_norm=0.499999, loss=0.966483
I0915 17:55:00.933055 139627431158976 submission.py:307] 63500) loss = 0.966, grad_norm = 0.500
I0915 17:55:47.389044 139627431158976 spec.py:333] Evaluating on the training split.
/usr/local/lib/python3.11/site-packages/torch/distributed/distributed_c10d.py:4876: UserWarning: barrier(): using the device under current context. You can specify `device_id` in `init_process_group` to mute this warning.
  warnings.warn(  # warn only once
/usr/local/lib/python3.11/multiprocessing/popen_fork.py:66: RuntimeWarning: os.fork() was called. os.fork() is incompatible with multithreaded code, and JAX is multithreaded, so this will likely lead to a deadlock.
  self.pid = os.fork()
I0915 17:56:03.061361 139627431158976 spec.py:346] Evaluating on the validation split.
I0915 17:56:23.427534 139627431158976 spec.py:363] Evaluating on the test split.
I0915 17:56:34.578031 139627431158976 submission_runner.py:516] Time since start: 48566.50s, 	Step: 63553, 	{'train/ctc_loss': 0.07727144007557617, 'train/wer': 0.030635991080250745, 'validation/ctc_loss': 0.335847412747074, 'validation/wer': 0.08865929609424034, 'validation/num_examples': 5348, 'test/ctc_loss': 0.17931246320327118, 'test/wer': 0.05398817866065444, 'test/num_examples': 2472, 'score': 47156.53523993492, 'total_duration': 48566.50311303139, 'accumulated_submission_time': 47156.53523993492, 'accumulated_eval_time': 1316.8776497840881, 'accumulated_logging_time': 5.611002206802368}
I0915 17:56:34.914488 139606351599360 logging_writer.py:48] [63553] accumulated_eval_time=1316.88, accumulated_logging_time=5.611, accumulated_submission_time=47156.5, global_step=63553, preemption_count=0, score=47156.5, test/ctc_loss=0.179312, test/num_examples=2472, test/wer=0.0539882, total_duration=48566.5, train/ctc_loss=0.0772714, train/wer=0.030636, validation/ctc_loss=0.335847, validation/num_examples=5348, validation/wer=0.0886593
/usr/local/lib/python3.11/multiprocessing/popen_fork.py:66: RuntimeWarning: os.fork() was called. os.fork() is incompatible with multithreaded code, and JAX is multithreaded, so this will likely lead to a deadlock.
  self.pid = os.fork()
I0915 18:03:10.450338 139606351599360 logging_writer.py:48] [64000] global_step=64000, grad_norm=0.499999, loss=0.970424
I0915 18:03:10.457722 139627431158976 submission.py:307] 64000) loss = 0.970, grad_norm = 0.500
I0915 18:07:49.686460 139606343206656 logging_writer.py:48] [64500] global_step=64500, grad_norm=0.499999, loss=0.988419
I0915 18:07:49.690555 139627431158976 submission.py:307] 64500) loss = 0.988, grad_norm = 0.500
/usr/local/lib/python3.11/multiprocessing/popen_fork.py:66: RuntimeWarning: os.fork() was called. os.fork() is incompatible with multithreaded code, and JAX is multithreaded, so this will likely lead to a deadlock.
  self.pid = os.fork()
I0915 18:15:19.192241 139606351599360 logging_writer.py:48] [65000] global_step=65000, grad_norm=0.499999, loss=0.928571
I0915 18:15:19.201293 139627431158976 submission.py:307] 65000) loss = 0.929, grad_norm = 0.500
I0915 18:19:43.946550 139606343206656 logging_writer.py:48] [65500] global_step=65500, grad_norm=0.435909, loss=0.953693
I0915 18:19:43.950841 139627431158976 submission.py:307] 65500) loss = 0.954, grad_norm = 0.436
I0915 18:25:42.697845 139627431158976 spec.py:333] Evaluating on the training split.
/usr/local/lib/python3.11/site-packages/torch/distributed/distributed_c10d.py:4876: UserWarning: barrier(): using the device under current context. You can specify `device_id` in `init_process_group` to mute this warning.
  warnings.warn(  # warn only once
/usr/local/lib/python3.11/multiprocessing/popen_fork.py:66: RuntimeWarning: os.fork() was called. os.fork() is incompatible with multithreaded code, and JAX is multithreaded, so this will likely lead to a deadlock.
  self.pid = os.fork()
I0915 18:25:58.356538 139627431158976 spec.py:346] Evaluating on the validation split.
I0915 18:26:17.859890 139627431158976 spec.py:363] Evaluating on the test split.
I0915 18:26:28.106856 139627431158976 submission_runner.py:516] Time since start: 50360.03s, 	Step: 65857, 	{'train/ctc_loss': 0.07361976973495073, 'train/wer': 0.029259153271744588, 'validation/ctc_loss': 0.3315984976203034, 'validation/wer': 0.08708540530101869, 'validation/num_examples': 5348, 'test/ctc_loss': 0.17693455021291696, 'test/wer': 0.05179452806044726, 'test/num_examples': 2472, 'score': 48901.461668252945, 'total_duration': 50360.032232522964, 'accumulated_submission_time': 48901.461668252945, 'accumulated_eval_time': 1362.2864887714386, 'accumulated_logging_time': 5.9613988399505615}
I0915 18:26:28.181034 139606351599360 logging_writer.py:48] [65857] accumulated_eval_time=1362.29, accumulated_logging_time=5.9614, accumulated_submission_time=48901.5, global_step=65857, preemption_count=0, score=48901.5, test/ctc_loss=0.176935, test/num_examples=2472, test/wer=0.0517945, total_duration=50360, train/ctc_loss=0.0736198, train/wer=0.0292592, validation/ctc_loss=0.331598, validation/num_examples=5348, validation/wer=0.0870854
/usr/local/lib/python3.11/multiprocessing/popen_fork.py:66: RuntimeWarning: os.fork() was called. os.fork() is incompatible with multithreaded code, and JAX is multithreaded, so this will likely lead to a deadlock.
  self.pid = os.fork()
I0915 18:28:13.685601 139606351599360 logging_writer.py:48] [66000] global_step=66000, grad_norm=0.499999, loss=0.880165
I0915 18:28:13.692491 139627431158976 submission.py:307] 66000) loss = 0.880, grad_norm = 0.500
I0915 18:32:37.422281 139606343206656 logging_writer.py:48] [66500] global_step=66500, grad_norm=0.499999, loss=0.907202
I0915 18:32:37.426645 139627431158976 submission.py:307] 66500) loss = 0.907, grad_norm = 0.500
/usr/local/lib/python3.11/multiprocessing/popen_fork.py:66: RuntimeWarning: os.fork() was called. os.fork() is incompatible with multithreaded code, and JAX is multithreaded, so this will likely lead to a deadlock.
  self.pid = os.fork()
I0915 18:40:31.610575 139606351599360 logging_writer.py:48] [67000] global_step=67000, grad_norm=0.499999, loss=0.977276
I0915 18:40:31.619011 139627431158976 submission.py:307] 67000) loss = 0.977, grad_norm = 0.500
I0915 18:44:36.204993 139606343206656 logging_writer.py:48] [67500] global_step=67500, grad_norm=0.499999, loss=0.925116
I0915 18:44:36.209196 139627431158976 submission.py:307] 67500) loss = 0.925, grad_norm = 0.500
/usr/local/lib/python3.11/multiprocessing/popen_fork.py:66: RuntimeWarning: os.fork() was called. os.fork() is incompatible with multithreaded code, and JAX is multithreaded, so this will likely lead to a deadlock.
  self.pid = os.fork()
I0915 18:52:44.855715 139606351599360 logging_writer.py:48] [68000] global_step=68000, grad_norm=0.499999, loss=0.906198
I0915 18:52:44.873394 139627431158976 submission.py:307] 68000) loss = 0.906, grad_norm = 0.500
I0915 18:55:36.830761 139627431158976 spec.py:333] Evaluating on the training split.
/usr/local/lib/python3.11/site-packages/torch/distributed/distributed_c10d.py:4876: UserWarning: barrier(): using the device under current context. You can specify `device_id` in `init_process_group` to mute this warning.
  warnings.warn(  # warn only once
/usr/local/lib/python3.11/multiprocessing/popen_fork.py:66: RuntimeWarning: os.fork() was called. os.fork() is incompatible with multithreaded code, and JAX is multithreaded, so this will likely lead to a deadlock.
  self.pid = os.fork()
I0915 18:55:52.507913 139627431158976 spec.py:346] Evaluating on the validation split.
I0915 18:56:13.116294 139627431158976 spec.py:363] Evaluating on the test split.
I0915 18:56:23.568814 139627431158976 submission_runner.py:516] Time since start: 52155.49s, 	Step: 68383, 	{'train/ctc_loss': 0.0712329912936901, 'train/wer': 0.028303465851722668, 'validation/ctc_loss': 0.33025378655879545, 'validation/wer': 0.08628397624680152, 'validation/num_examples': 5348, 'test/ctc_loss': 0.17715023953158268, 'test/wer': 0.051449231206710945, 'test/num_examples': 2472, 'score': 50646.66412806511, 'total_duration': 52155.49419093132, 'accumulated_submission_time': 50646.66412806511, 'accumulated_eval_time': 1409.0245685577393, 'accumulated_logging_time': 6.045791149139404}
I0915 18:56:23.938944 139606351599360 logging_writer.py:48] [68383] accumulated_eval_time=1409.02, accumulated_logging_time=6.04579, accumulated_submission_time=50646.7, global_step=68383, preemption_count=0, score=50646.7, test/ctc_loss=0.17715, test/num_examples=2472, test/wer=0.0514492, total_duration=52155.5, train/ctc_loss=0.071233, train/wer=0.0283035, validation/ctc_loss=0.330254, validation/num_examples=5348, validation/wer=0.086284
I0915 18:57:38.612292 139606343206656 logging_writer.py:48] [68500] global_step=68500, grad_norm=0.5, loss=0.942224
I0915 18:57:38.616171 139627431158976 submission.py:307] 68500) loss = 0.942, grad_norm = 0.500
I0915 19:05:44.026620 139606351599360 logging_writer.py:48] [69000] global_step=69000, grad_norm=0.478183, loss=0.934355
I0915 19:05:44.030745 139627431158976 submission.py:307] 69000) loss = 0.934, grad_norm = 0.478
/usr/local/lib/python3.11/multiprocessing/popen_fork.py:66: RuntimeWarning: os.fork() was called. os.fork() is incompatible with multithreaded code, and JAX is multithreaded, so this will likely lead to a deadlock.
  self.pid = os.fork()
I0915 19:09:41.425627 139606351599360 logging_writer.py:48] [69500] global_step=69500, grad_norm=0.499999, loss=0.944248
I0915 19:09:41.434629 139627431158976 submission.py:307] 69500) loss = 0.944, grad_norm = 0.500
I0915 19:17:29.102805 139606343206656 logging_writer.py:48] [70000] global_step=70000, grad_norm=0.499999, loss=0.878192
I0915 19:17:29.107008 139627431158976 submission.py:307] 70000) loss = 0.878, grad_norm = 0.500
/usr/local/lib/python3.11/multiprocessing/popen_fork.py:66: RuntimeWarning: os.fork() was called. os.fork() is incompatible with multithreaded code, and JAX is multithreaded, so this will likely lead to a deadlock.
  self.pid = os.fork()
I0915 19:21:46.880197 139606351599360 logging_writer.py:48] [70500] global_step=70500, grad_norm=0.499999, loss=0.964381
I0915 19:21:46.887533 139627431158976 submission.py:307] 70500) loss = 0.964, grad_norm = 0.500
I0915 19:25:34.844704 139627431158976 spec.py:333] Evaluating on the training split.
/usr/local/lib/python3.11/site-packages/torch/distributed/distributed_c10d.py:4876: UserWarning: barrier(): using the device under current context. You can specify `device_id` in `init_process_group` to mute this warning.
  warnings.warn(  # warn only once
/usr/local/lib/python3.11/multiprocessing/popen_fork.py:66: RuntimeWarning: os.fork() was called. os.fork() is incompatible with multithreaded code, and JAX is multithreaded, so this will likely lead to a deadlock.
  self.pid = os.fork()
I0915 19:25:50.865714 139627431158976 spec.py:346] Evaluating on the validation split.
I0915 19:26:10.835541 139627431158976 spec.py:363] Evaluating on the test split.
I0915 19:26:21.170921 139627431158976 submission_runner.py:516] Time since start: 53953.10s, 	Step: 70799, 	{'train/ctc_loss': 0.06930567569555776, 'train/wer': 0.027574551717807642, 'validation/ctc_loss': 0.3291471334545158, 'validation/wer': 0.08531839907304592, 'validation/num_examples': 5348, 'test/ctc_loss': 0.17562002488063747, 'test/wer': 0.050697702760343674, 'test/num_examples': 2472, 'score': 52393.79511928558, 'total_duration': 53953.09627389908, 'accumulated_submission_time': 52393.79511928558, 'accumulated_eval_time': 1455.3507027626038, 'accumulated_logging_time': 6.426264047622681}
I0915 19:26:21.485382 139606351599360 logging_writer.py:48] [70799] accumulated_eval_time=1455.35, accumulated_logging_time=6.42626, accumulated_submission_time=52393.8, global_step=70799, preemption_count=0, score=52393.8, test/ctc_loss=0.17562, test/num_examples=2472, test/wer=0.0506977, total_duration=53953.1, train/ctc_loss=0.0693057, train/wer=0.0275746, validation/ctc_loss=0.329147, validation/num_examples=5348, validation/wer=0.0853184
I0915 19:26:22.277463 139606343206656 logging_writer.py:48] [70799] global_step=70799, preemption_count=0, score=52393.8
I0915 19:26:22.460466 139627431158976 submission_runner.py:857] Final librispeech_conformer score: 52393.79511928558
[W915 19:26:34.409239204 AllocatorConfig.cpp:28] Warning: PYTORCH_CUDA_ALLOC_CONF is deprecated, use PYTORCH_ALLOC_CONF instead (function operator())
[W915 19:26:34.409271314 AllocatorConfig.cpp:28] Warning: PYTORCH_CUDA_ALLOC_CONF is deprecated, use PYTORCH_ALLOC_CONF instead (function operator())
[W915 19:26:34.409269334 AllocatorConfig.cpp:28] Warning: PYTORCH_CUDA_ALLOC_CONF is deprecated, use PYTORCH_ALLOC_CONF instead (function operator())
[W915 19:26:34.409330065 AllocatorConfig.cpp:28] Warning: PYTORCH_CUDA_ALLOC_CONF is deprecated, use PYTORCH_ALLOC_CONF instead (function operator())
