accumulated_eval_time,accumulated_logging_time,accumulated_submission_time,global_step,preemption_count,score,test/loss,test/num_examples,test/ssim,total_duration,train/loss,train/ssim,validation/loss,validation/num_examples,validation/ssim
112.01727485656738,0.0,233.39404225349423,1,0,233.39404225349423,1.03338161149993,3581,0.2298647388670238,345.4114670753479,1.0265536989484514,0.2143757002694266,1.0358130391152574,3554,0.2078613556028418
116.25725507736206,0.0180394649505615,313.5565273761749,471,0,313.5565273761749,0.3104405875846481,3581,0.710609229374651,429.9126660823822,0.2924417087009975,0.7108235359191895,0.3083846779706844,3554,0.693803416924592
120.19277620315552,0.0439002513885498,393.52272605896,882,0,393.52272605896,0.2998183910089709,3581,0.7263421530298799,513.9198377132416,0.2806096417563302,0.7296473639351981,0.2982158843358715,3554,0.7089810089643711
124.1249623298645,0.0668213367462158,473.51234769821167,1765,0,473.51234769821167,0.295596039917708,3581,0.7352173908300754,597.9222173690796,0.2763627597263881,0.7380094528198242,0.2939740268447524,3554,0.7180587948878024
128.04365730285645,0.0853681564331054,553.4525375366211,2736,0,553.4525375366211,0.293825048869031,3581,0.7303658714177255,681.8503429889679,0.2750471660069057,0.7322846140180316,0.2923499146538231,3554,0.7128382797112408
131.96801352500916,0.1043872833251953,633.392215013504,3708,0,633.392215013504,0.2936962972436994,3581,0.7342412373900447,765.7849185466766,0.2745167187282017,0.7373841149466378,0.2921939092066158,3554,0.716757650380733
135.88328075408936,0.1242592334747314,713.3908176422119,4681,0,713.3908176422119,0.2918735941972389,3581,0.7344531986307945,849.7699213027954,0.2728183610098703,0.7371012823922294,0.2903662892493493,3554,0.7170827132500351
139.8047261238098,0.142735481262207,793.3245630264282,5653,0,793.3245630264282,0.2927233481067613,3581,0.7323459261990366,933.6958382129668,0.2736290012087141,0.7348335811070034,0.2911912084095385,3554,0.7152937683551984
143.7219295501709,0.16209101676940918,873.2600636482239,6625,0,873.2600636482239,0.2915149849575014,3581,0.7412834092912245,1017.6211085319519,0.27147594520023893,0.7453187533787319,0.28991664871447664,3554,0.7243736838113745
