torchrun --redirects 1:0,2:0,3:0 --standalone --nnodes=1 --nproc_per_node=4 submission_runner.py --framework=pytorch --workload=wmt --submission_path=submissions_algorithms/submissions/self_tuning/ademamix_golden/submission.py --data_dir=/data/wmt --experiment_dir=/experiment_runs --experiment_name=submissions_a100/ademamix_golden/study_0 --overwrite=True --save_checkpoints=False --rng_seed=-964980308 --torch_compile=true --tuning_ruleset=self 2>&1 | tee -a /logs/wmt_pytorch_09-13-2026-09-42-13.log
W0913 09:42:43.155000 9 site-packages/torch/distributed/run.py:803] 
W0913 09:42:43.155000 9 site-packages/torch/distributed/run.py:803] *****************************************
W0913 09:42:43.155000 9 site-packages/torch/distributed/run.py:803] Setting OMP_NUM_THREADS environment variable for each process to be 1 in default, to avoid your system being overloaded, please further tune the variable for optimal performance in your application as needed. 
W0913 09:42:43.155000 9 site-packages/torch/distributed/run.py:803] *****************************************
2026-09-13 09:42:59.840360: E external/local_xla/xla/stream_executor/cuda/cuda_fft.cc:467] Unable to register cuFFT factory: Attempting to register factory for plugin cuFFT when one has already been registered
2026-09-13 09:42:59.840363: E external/local_xla/xla/stream_executor/cuda/cuda_fft.cc:467] Unable to register cuFFT factory: Attempting to register factory for plugin cuFFT when one has already been registered
2026-09-13 09:42:59.840360: E external/local_xla/xla/stream_executor/cuda/cuda_fft.cc:467] Unable to register cuFFT factory: Attempting to register factory for plugin cuFFT when one has already been registered
2026-09-13 09:42:59.840360: E external/local_xla/xla/stream_executor/cuda/cuda_fft.cc:467] Unable to register cuFFT factory: Attempting to register factory for plugin cuFFT when one has already been registered
WARNING: All log messages before absl::InitializeLog() is called are written to STDERR
WARNING: All log messages before absl::InitializeLog() is called are written to STDERR
WARNING: All log messages before absl::InitializeLog() is called are written to STDERR
WARNING: All log messages before absl::InitializeLog() is called are written to STDERR
E0000 00:00:1789292580.482678      39 cuda_dnn.cc:8579] Unable to register cuDNN factory: Attempting to register factory for plugin cuDNN when one has already been registered
E0000 00:00:1789292580.482692      40 cuda_dnn.cc:8579] Unable to register cuDNN factory: Attempting to register factory for plugin cuDNN when one has already been registered
E0000 00:00:1789292580.482680      38 cuda_dnn.cc:8579] Unable to register cuDNN factory: Attempting to register factory for plugin cuDNN when one has already been registered
E0000 00:00:1789292580.482683      41 cuda_dnn.cc:8579] Unable to register cuDNN factory: Attempting to register factory for plugin cuDNN when one has already been registered
E0000 00:00:1789292580.593819      38 cuda_blas.cc:1407] Unable to register cuBLAS factory: Attempting to register factory for plugin cuBLAS when one has already been registered
E0000 00:00:1789292580.593813      41 cuda_blas.cc:1407] Unable to register cuBLAS factory: Attempting to register factory for plugin cuBLAS when one has already been registered
E0000 00:00:1789292580.593823      39 cuda_blas.cc:1407] Unable to register cuBLAS factory: Attempting to register factory for plugin cuBLAS when one has already been registered
E0000 00:00:1789292580.593827      40 cuda_blas.cc:1407] Unable to register cuBLAS factory: Attempting to register factory for plugin cuBLAS when one has already been registered
W0000 00:00:1789292582.338231      40 computation_placer.cc:177] computation placer already registered. Please check linkage and avoid linking the same target more than once.
W0000 00:00:1789292582.338247      38 computation_placer.cc:177] computation placer already registered. Please check linkage and avoid linking the same target more than once.
W0000 00:00:1789292582.338248      41 computation_placer.cc:177] computation placer already registered. Please check linkage and avoid linking the same target more than once.
W0000 00:00:1789292582.338275      40 computation_placer.cc:177] computation placer already registered. Please check linkage and avoid linking the same target more than once.
W0000 00:00:1789292582.338280      41 computation_placer.cc:177] computation placer already registered. Please check linkage and avoid linking the same target more than once.
W0000 00:00:1789292582.338257      39 computation_placer.cc:177] computation placer already registered. Please check linkage and avoid linking the same target more than once.
W0000 00:00:1789292582.338280      38 computation_placer.cc:177] computation placer already registered. Please check linkage and avoid linking the same target more than once.
W0000 00:00:1789292582.338282      40 computation_placer.cc:177] computation placer already registered. Please check linkage and avoid linking the same target more than once.
W0000 00:00:1789292582.338283      41 computation_placer.cc:177] computation placer already registered. Please check linkage and avoid linking the same target more than once.
W0000 00:00:1789292582.338284      38 computation_placer.cc:177] computation placer already registered. Please check linkage and avoid linking the same target more than once.
W0000 00:00:1789292582.338285      40 computation_placer.cc:177] computation placer already registered. Please check linkage and avoid linking the same target more than once.
W0000 00:00:1789292582.338285      41 computation_placer.cc:177] computation placer already registered. Please check linkage and avoid linking the same target more than once.
W0000 00:00:1789292582.338285      39 computation_placer.cc:177] computation placer already registered. Please check linkage and avoid linking the same target more than once.
W0000 00:00:1789292582.338286      38 computation_placer.cc:177] computation placer already registered. Please check linkage and avoid linking the same target more than once.
W0000 00:00:1789292582.338288      39 computation_placer.cc:177] computation placer already registered. Please check linkage and avoid linking the same target more than once.
W0000 00:00:1789292582.338290      39 computation_placer.cc:177] computation placer already registered. Please check linkage and avoid linking the same target more than once.
W0000 00:00:1789292614.886782      38 gpu_device.cc:2341] Cannot dlopen some GPU libraries. Please make sure the missing libraries mentioned above are installed properly if you would like to use GPU. Follow the guide at https://www.tensorflow.org/install/gpu for how to download and setup the required libraries for your platform.
Skipping registering GPU devices...
W0000 00:00:1789292614.886782      41 gpu_device.cc:2341] Cannot dlopen some GPU libraries. Please make sure the missing libraries mentioned above are installed properly if you would like to use GPU. Follow the guide at https://www.tensorflow.org/install/gpu for how to download and setup the required libraries for your platform.
Skipping registering GPU devices...
W0000 00:00:1789292614.886792      39 gpu_device.cc:2341] Cannot dlopen some GPU libraries. Please make sure the missing libraries mentioned above are installed properly if you would like to use GPU. Follow the guide at https://www.tensorflow.org/install/gpu for how to download and setup the required libraries for your platform.
Skipping registering GPU devices...
W0000 00:00:1789292614.897925      40 gpu_device.cc:2341] Cannot dlopen some GPU libraries. Please make sure the missing libraries mentioned above are installed properly if you would like to use GPU. Follow the guide at https://www.tensorflow.org/install/gpu for how to download and setup the required libraries for your platform.
Skipping registering GPU devices...
/usr/local/lib/python3.11/site-packages/torch/__init__.py:1617: UserWarning: Please use the new API settings to control TF32 behavior, such as torch.backends.cudnn.conv.fp32_precision = 'tf32' or torch.backends.cuda.matmul.fp32_precision = 'ieee'. Old settings, e.g, torch.backends.cuda.matmul.allow_tf32 = True, torch.backends.cudnn.allow_tf32 = True, allowTF32CuDNN() and allowTF32CuBLAS() will be deprecated after Pytorch 2.9. Please see https://pytorch.org/docs/main/notes/cuda.html#tensorfloat-32-tf32-on-ampere-and-later-devices (Triggered internally at /pytorch/aten/src/ATen/Context.cpp:80.)
  _C._set_float32_matmul_precision(precision)
/usr/local/lib/python3.11/site-packages/torch/__init__.py:1617: UserWarning: Please use the new API settings to control TF32 behavior, such as torch.backends.cudnn.conv.fp32_precision = 'tf32' or torch.backends.cuda.matmul.fp32_precision = 'ieee'. Old settings, e.g, torch.backends.cuda.matmul.allow_tf32 = True, torch.backends.cudnn.allow_tf32 = True, allowTF32CuDNN() and allowTF32CuBLAS() will be deprecated after Pytorch 2.9. Please see https://pytorch.org/docs/main/notes/cuda.html#tensorfloat-32-tf32-on-ampere-and-later-devices (Triggered internally at /pytorch/aten/src/ATen/Context.cpp:80.)
  _C._set_float32_matmul_precision(precision)
/usr/local/lib/python3.11/site-packages/torch/__init__.py:1617: UserWarning: Please use the new API settings to control TF32 behavior, such as torch.backends.cudnn.conv.fp32_precision = 'tf32' or torch.backends.cuda.matmul.fp32_precision = 'ieee'. Old settings, e.g, torch.backends.cuda.matmul.allow_tf32 = True, torch.backends.cudnn.allow_tf32 = True, allowTF32CuDNN() and allowTF32CuBLAS() will be deprecated after Pytorch 2.9. Please see https://pytorch.org/docs/main/notes/cuda.html#tensorfloat-32-tf32-on-ampere-and-later-devices (Triggered internally at /pytorch/aten/src/ATen/Context.cpp:80.)
  _C._set_float32_matmul_precision(precision)
/usr/local/lib/python3.11/site-packages/torch/__init__.py:1617: UserWarning: Please use the new API settings to control TF32 behavior, such as torch.backends.cudnn.conv.fp32_precision = 'tf32' or torch.backends.cuda.matmul.fp32_precision = 'ieee'. Old settings, e.g, torch.backends.cuda.matmul.allow_tf32 = True, torch.backends.cudnn.allow_tf32 = True, allowTF32CuDNN() and allowTF32CuBLAS() will be deprecated after Pytorch 2.9. Please see https://pytorch.org/docs/main/notes/cuda.html#tensorfloat-32-tf32-on-ampere-and-later-devices (Triggered internally at /pytorch/aten/src/ATen/Context.cpp:80.)
  _C._set_float32_matmul_precision(precision)
/usr/local/lib/python3.11/site-packages/pydantic/_internal/_generate_schema.py:2249: UnsupportedFieldAttributeWarning: The 'repr' attribute with value False was provided to the `Field()` function, which has no effect in the context it was used. 'repr' is field-specific metadata, and can only be attached to a model field using `Annotated` metadata or by assignment. This may have happened because an `Annotated` type alias using the `type` statement was used, or if the `Field()` function was attached to a single member of a union type.
  warnings.warn(
/usr/local/lib/python3.11/site-packages/pydantic/_internal/_generate_schema.py:2249: UnsupportedFieldAttributeWarning: The 'repr' attribute with value False was provided to the `Field()` function, which has no effect in the context it was used. 'repr' is field-specific metadata, and can only be attached to a model field using `Annotated` metadata or by assignment. This may have happened because an `Annotated` type alias using the `type` statement was used, or if the `Field()` function was attached to a single member of a union type.
  warnings.warn(
/usr/local/lib/python3.11/site-packages/pydantic/_internal/_generate_schema.py:2249: UnsupportedFieldAttributeWarning: The 'repr' attribute with value False was provided to the `Field()` function, which has no effect in the context it was used. 'repr' is field-specific metadata, and can only be attached to a model field using `Annotated` metadata or by assignment. This may have happened because an `Annotated` type alias using the `type` statement was used, or if the `Field()` function was attached to a single member of a union type.
  warnings.warn(
/usr/local/lib/python3.11/site-packages/pydantic/_internal/_generate_schema.py:2249: UnsupportedFieldAttributeWarning: The 'repr' attribute with value False was provided to the `Field()` function, which has no effect in the context it was used. 'repr' is field-specific metadata, and can only be attached to a model field using `Annotated` metadata or by assignment. This may have happened because an `Annotated` type alias using the `type` statement was used, or if the `Field()` function was attached to a single member of a union type.
  warnings.warn(
/usr/local/lib/python3.11/site-packages/pydantic/_internal/_generate_schema.py:2249: UnsupportedFieldAttributeWarning: The 'frozen' attribute with value True was provided to the `Field()` function, which has no effect in the context it was used. 'frozen' is field-specific metadata, and can only be attached to a model field using `Annotated` metadata or by assignment. This may have happened because an `Annotated` type alias using the `type` statement was used, or if the `Field()` function was attached to a single member of a union type.
  warnings.warn(
/usr/local/lib/python3.11/site-packages/pydantic/_internal/_generate_schema.py:2249: UnsupportedFieldAttributeWarning: The 'frozen' attribute with value True was provided to the `Field()` function, which has no effect in the context it was used. 'frozen' is field-specific metadata, and can only be attached to a model field using `Annotated` metadata or by assignment. This may have happened because an `Annotated` type alias using the `type` statement was used, or if the `Field()` function was attached to a single member of a union type.
  warnings.warn(
/usr/local/lib/python3.11/site-packages/pydantic/_internal/_generate_schema.py:2249: UnsupportedFieldAttributeWarning: The 'frozen' attribute with value True was provided to the `Field()` function, which has no effect in the context it was used. 'frozen' is field-specific metadata, and can only be attached to a model field using `Annotated` metadata or by assignment. This may have happened because an `Annotated` type alias using the `type` statement was used, or if the `Field()` function was attached to a single member of a union type.
  warnings.warn(
/usr/local/lib/python3.11/site-packages/pydantic/_internal/_generate_schema.py:2249: UnsupportedFieldAttributeWarning: The 'frozen' attribute with value True was provided to the `Field()` function, which has no effect in the context it was used. 'frozen' is field-specific metadata, and can only be attached to a model field using `Annotated` metadata or by assignment. This may have happened because an `Annotated` type alias using the `type` statement was used, or if the `Field()` function was attached to a single member of a union type.
  warnings.warn(
/usr/local/lib/python3.11/site-packages/torch/distributed/distributed_c10d.py:4876: UserWarning: barrier(): using the device under current context. You can specify `device_id` in `init_process_group` to mute this warning.
  warnings.warn(  # warn only once
[rank0]:[W913 09:43:47.507126539 ProcessGroupNCCL.cpp:5068] Guessing device ID based on global rank. This can cause a hang if rank to GPU mapping is heterogeneous. You can specify device_id in init_process_group()
I0913 09:43:50.278599 139802006037696 logger_utils.py:84] Creating experiment directory at /experiment_runs/submissions_a100/ademamix_golden/study_0/wmt_pytorch.
I0913 09:43:50.278593 140342140011712 logger_utils.py:84] Creating experiment directory at /experiment_runs/submissions_a100/ademamix_golden/study_0/wmt_pytorch.
I0913 09:43:50.278592 140228673635520 logger_utils.py:84] Creating experiment directory at /experiment_runs/submissions_a100/ademamix_golden/study_0/wmt_pytorch.
I0913 09:43:50.278630 140125701207232 logger_utils.py:84] Creating experiment directory at /experiment_runs/submissions_a100/ademamix_golden/study_0/wmt_pytorch.
I0913 09:43:50.542884 139802006037696 submission_runner.py:741] Creating directory at /experiment_runs/submissions_a100/ademamix_golden/study_0/wmt_pytorch/trial_1.
I0913 09:43:50.818061 139802006037696 submission_runner.py:242] Initializing dataset.
I0913 09:43:50.818240 139802006037696 submission_runner.py:251] Initializing model.
I0913 09:44:03.964022 139802006037696 submission_runner.py:290] Performing `torch.compile`.
I0913 09:44:08.107244 139802006037696 submission_runner.py:294] Initializing optimizer.
I0913 09:44:08.108158 139802006037696 submission_runner.py:299] Initializing metrics bundle.
I0913 09:44:08.108310 139802006037696 submission_runner.py:321] Initializing checkpoint and logger.
I0913 09:44:08.110139 139802006037696 submission_runner.py:344] Saving meta data to /experiment_runs/submissions_a100/ademamix_golden/study_0/wmt_pytorch/trial_1/meta_data_0.json.
I0913 09:44:08.110208 140342140011712 logger_utils.py:283] Unable to record workload.train_mean information. Continuing without it.
I0913 09:44:08.110209 140125701207232 logger_utils.py:283] Unable to record workload.train_mean information. Continuing without it.
I0913 09:44:08.110229 140228673635520 logger_utils.py:283] Unable to record workload.train_mean information. Continuing without it.
I0913 09:44:08.110346 139802006037696 logger_utils.py:283] Unable to record workload.train_mean information. Continuing without it.
I0913 09:44:08.110353 140125701207232 logger_utils.py:283] Unable to record workload.train_stddev information. Continuing without it.
I0913 09:44:08.110357 140342140011712 logger_utils.py:283] Unable to record workload.train_stddev information. Continuing without it.
I0913 09:44:08.110373 140228673635520 logger_utils.py:283] Unable to record workload.train_stddev information. Continuing without it.
I0913 09:44:08.110409 139802006037696 logger_utils.py:283] Unable to record workload.train_stddev information. Continuing without it.
I0913 09:44:08.568071 139802006037696 submission_runner.py:348] Saving flags to /experiment_runs/submissions_a100/ademamix_golden/study_0/wmt_pytorch/trial_1/flags_0.json.
I0913 09:44:08.683043 139802006037696 submission_runner.py:359] Starting training loop.
I0913 09:44:10.162969 139802006037696 dataset_info.py:707] Load dataset info from /data/wmt/wmt17_translate/de-en/1.0.0
I0913 09:44:10.175633 139802006037696 dataset_info.py:793] For 'wmt17_translate/de-en/1.0.0': fields info.[splits, supervised_keys] differ on disk and in the code. Keeping the one from code.
I0913 09:44:10.202576 139802006037696 reader.py:262] Creating a tf.data.Dataset reading 16 files located in folders: /data/wmt/wmt17_translate/de-en/1.0.0.
I0913 09:44:10.316531 139802006037696 logging_logger.py:49] Constructing tf.data.Dataset wmt17_translate for split train, from /data/wmt/wmt17_translate/de-en/1.0.0
[rank1]:W0913 09:44:12.830000 39 site-packages/torch/_logging/_internal.py:1199] [0/0] Profiler function <class 'torch.autograd.profiler.record_function'> will be ignored
[rank3]:W0913 09:44:12.830000 41 site-packages/torch/_logging/_internal.py:1199] [0/0] Profiler function <class 'torch.autograd.profiler.record_function'> will be ignored
[rank2]:W0913 09:44:12.830000 40 site-packages/torch/_logging/_internal.py:1199] [0/0] Profiler function <class 'torch.autograd.profiler.record_function'> will be ignored
[rank0]:W0913 09:44:13.602000 38 site-packages/torch/_logging/_internal.py:1199] [0/0] Profiler function <class 'torch.autograd.profiler.record_function'> will be ignored
I0913 09:45:24.718703 139777193981696 logging_writer.py:48] [0] global_step=0, grad_norm=0.5, loss=11.7563
I0913 09:45:25.002798 139802006037696 submission.py:307] 0) loss = 11.756, grad_norm = 0.500
I0913 09:45:25.694120 139802006037696 spec.py:333] Evaluating on the training split.
I0913 09:45:25.696110 139802006037696 dataset_info.py:707] Load dataset info from /data/wmt/wmt17_translate/de-en/1.0.0
I0913 09:45:25.698222 139802006037696 dataset_info.py:793] For 'wmt17_translate/de-en/1.0.0': fields info.[splits, supervised_keys] differ on disk and in the code. Keeping the one from code.
I0913 09:45:25.699187 139802006037696 reader.py:262] Creating a tf.data.Dataset reading 16 files located in folders: /data/wmt/wmt17_translate/de-en/1.0.0.
I0913 09:45:25.733480 139802006037696 logging_logger.py:49] Constructing tf.data.Dataset wmt17_translate for split train, from /data/wmt/wmt17_translate/de-en/1.0.0
/usr/local/lib/python3.11/site-packages/torch/_dynamo/variables/functions.py:1598: UserWarning: Dynamo does not know how to trace the builtin `torch._C._distributed_c10d.pybind11_detail_function_record_v1_system_libstdcpp_gxx_abi_1xxx_use_cxx11_abi_1._broadcast_coalesced.` This function is either a Python builtin (e.g. _warnings.warn) or a third-party C/C++ Python extension (perhaps created with pybind).
If it is a Python builtin, please file an issue on GitHub so the PyTorch team can add support for it and see the next case for a workaround.
If it is a third-party C/C++ Python extension, please either wrap it into a PyTorch-understood custom operator (see https://pytorch.org/tutorials/advanced/custom_ops_landing_page.html for more details) or, if it is traceable, use `torch.compiler.allow_in_graph`.
  torch._dynamo.utils.warn_once(explanation + "\n" + "\n".join(hints))
/usr/local/lib/python3.11/site-packages/torch/_dynamo/variables/functions.py:1598: UserWarning: Dynamo does not know how to trace the builtin `torch._C._distributed_c10d.pybind11_detail_function_record_v1_system_libstdcpp_gxx_abi_1xxx_use_cxx11_abi_1._broadcast_coalesced.` This function is either a Python builtin (e.g. _warnings.warn) or a third-party C/C++ Python extension (perhaps created with pybind).
If it is a Python builtin, please file an issue on GitHub so the PyTorch team can add support for it and see the next case for a workaround.
If it is a third-party C/C++ Python extension, please either wrap it into a PyTorch-understood custom operator (see https://pytorch.org/tutorials/advanced/custom_ops_landing_page.html for more details) or, if it is traceable, use `torch.compiler.allow_in_graph`.
  torch._dynamo.utils.warn_once(explanation + "\n" + "\n".join(hints))
/usr/local/lib/python3.11/site-packages/torch/_dynamo/variables/functions.py:1598: UserWarning: Dynamo does not know how to trace the builtin `torch._C._distributed_c10d.pybind11_detail_function_record_v1_system_libstdcpp_gxx_abi_1xxx_use_cxx11_abi_1._broadcast_coalesced.` This function is either a Python builtin (e.g. _warnings.warn) or a third-party C/C++ Python extension (perhaps created with pybind).
If it is a Python builtin, please file an issue on GitHub so the PyTorch team can add support for it and see the next case for a workaround.
If it is a third-party C/C++ Python extension, please either wrap it into a PyTorch-understood custom operator (see https://pytorch.org/tutorials/advanced/custom_ops_landing_page.html for more details) or, if it is traceable, use `torch.compiler.allow_in_graph`.
  torch._dynamo.utils.warn_once(explanation + "\n" + "\n".join(hints))
/usr/local/lib/python3.11/site-packages/torch/_dynamo/variables/functions.py:1598: UserWarning: Dynamo does not know how to trace the builtin `torch._C._distributed_c10d.pybind11_detail_function_record_v1_system_libstdcpp_gxx_abi_1xxx_use_cxx11_abi_1._broadcast_coalesced.` This function is either a Python builtin (e.g. _warnings.warn) or a third-party C/C++ Python extension (perhaps created with pybind).
If it is a Python builtin, please file an issue on GitHub so the PyTorch team can add support for it and see the next case for a workaround.
If it is a third-party C/C++ Python extension, please either wrap it into a PyTorch-understood custom operator (see https://pytorch.org/tutorials/advanced/custom_ops_landing_page.html for more details) or, if it is traceable, use `torch.compiler.allow_in_graph`.
  torch._dynamo.utils.warn_once(explanation + "\n" + "\n".join(hints))
I0913 09:46:01.316235 139802006037696 workload.py:152] Translating evaluation dataset.
I0913 09:48:17.523988 139802006037696 spec.py:346] Evaluating on the validation split.
I0913 09:48:17.588430 139802006037696 dataset_info.py:707] Load dataset info from /data/wmt/wmt14_translate/de-en/1.0.0
I0913 09:48:17.658563 139802006037696 dataset_info.py:793] For 'wmt14_translate/de-en/1.0.0': fields info.[splits, supervised_keys] differ on disk and in the code. Keeping the one from code.
I0913 09:48:17.659365 139802006037696 reader.py:262] Creating a tf.data.Dataset reading 1 files located in folders: /data/wmt/wmt14_translate/de-en/1.0.0.
I0913 09:48:17.695574 139802006037696 logging_logger.py:49] Constructing tf.data.Dataset wmt14_translate for split validation, from /data/wmt/wmt14_translate/de-en/1.0.0
I0913 09:48:20.055020 139802006037696 workload.py:152] Translating evaluation dataset.
I0913 09:50:32.095145 139802006037696 spec.py:363] Evaluating on the test split.
I0913 09:50:32.097463 139802006037696 dataset_info.py:707] Load dataset info from /data/wmt/wmt14_translate/de-en/1.0.0
I0913 09:50:32.099794 139802006037696 dataset_info.py:793] For 'wmt14_translate/de-en/1.0.0': fields info.[splits, supervised_keys] differ on disk and in the code. Keeping the one from code.
I0913 09:50:32.100610 139802006037696 reader.py:262] Creating a tf.data.Dataset reading 1 files located in folders: /data/wmt/wmt14_translate/de-en/1.0.0.
I0913 09:50:32.136340 139802006037696 logging_logger.py:49] Constructing tf.data.Dataset wmt14_translate for split test, from /data/wmt/wmt14_translate/de-en/1.0.0
I0913 09:50:34.448883 139802006037696 workload.py:152] Translating evaluation dataset.
I0913 09:52:46.646568 139802006037696 submission_runner.py:516] Time since start: 517.96s, 	Step: 1, 	{'train/accuracy': 0.0006042089422923459, 'train/loss': 12.051779566337581, 'train/bleu': 0.0, 'validation/accuracy': 0.00048356498989473163, 'validation/loss': 12.05185847044674, 'validation/bleu': 0.0, 'validation/num_examples': 3000, 'test/accuracy': 0.0007088489919237697, 'test/loss': 12.044632792981233, 'test/bleu': 0.0, 'test/num_examples': 3003, 'score': 76.32085061073303, 'total_duration': 517.9636764526367, 'accumulated_submission_time': 76.32085061073303, 'accumulated_eval_time': 440.9525320529938, 'accumulated_logging_time': 0}
I0913 09:52:46.671370 139773553383168 logging_writer.py:48] [1] accumulated_eval_time=440.953, accumulated_logging_time=0, accumulated_submission_time=76.3209, global_step=1, preemption_count=0, score=76.3209, test/accuracy=0.000708849, test/bleu=0, test/loss=12.0446, test/num_examples=3003, total_duration=517.964, train/accuracy=0.000604209, train/bleu=0, train/loss=12.0518, validation/accuracy=0.000483565, validation/bleu=0, validation/loss=12.0519, validation/num_examples=3000
I0913 09:52:47.613366 139773544990464 logging_writer.py:48] [1] global_step=1, grad_norm=0.5, loss=11.7447
I0913 09:52:47.616377 139802006037696 submission.py:307] 1) loss = 11.745, grad_norm = 0.500
I0913 09:52:47.784703 139773553383168 logging_writer.py:48] [2] global_step=2, grad_norm=0.5, loss=11.74
I0913 09:52:47.787577 139802006037696 submission.py:307] 2) loss = 11.740, grad_norm = 0.500
I0913 09:52:47.955988 139773544990464 logging_writer.py:48] [3] global_step=3, grad_norm=0.5, loss=11.7389
I0913 09:52:47.958954 139802006037696 submission.py:307] 3) loss = 11.739, grad_norm = 0.500
I0913 09:52:48.126898 139773553383168 logging_writer.py:48] [4] global_step=4, grad_norm=0.5, loss=11.703
I0913 09:52:48.129729 139802006037696 submission.py:307] 4) loss = 11.703, grad_norm = 0.500
I0913 09:52:48.298053 139773544990464 logging_writer.py:48] [5] global_step=5, grad_norm=0.5, loss=11.6842
I0913 09:52:48.300910 139802006037696 submission.py:307] 5) loss = 11.684, grad_norm = 0.500
I0913 09:52:48.469523 139773553383168 logging_writer.py:48] [6] global_step=6, grad_norm=0.5, loss=11.6628
I0913 09:52:48.472414 139802006037696 submission.py:307] 6) loss = 11.663, grad_norm = 0.500
I0913 09:52:48.640353 139773544990464 logging_writer.py:48] [7] global_step=7, grad_norm=0.5, loss=11.6169
I0913 09:52:48.643230 139802006037696 submission.py:307] 7) loss = 11.617, grad_norm = 0.500
I0913 09:52:48.811556 139773553383168 logging_writer.py:48] [8] global_step=8, grad_norm=0.5, loss=11.5832
I0913 09:52:48.814512 139802006037696 submission.py:307] 8) loss = 11.583, grad_norm = 0.500
I0913 09:52:48.983727 139773544990464 logging_writer.py:48] [9] global_step=9, grad_norm=0.5, loss=11.5352
I0913 09:52:48.986821 139802006037696 submission.py:307] 9) loss = 11.535, grad_norm = 0.500
I0913 09:52:49.154510 139773553383168 logging_writer.py:48] [10] global_step=10, grad_norm=0.5, loss=11.4714
I0913 09:52:49.157330 139802006037696 submission.py:307] 10) loss = 11.471, grad_norm = 0.500
I0913 09:52:49.325563 139773544990464 logging_writer.py:48] [11] global_step=11, grad_norm=0.5, loss=11.4339
I0913 09:52:49.328443 139802006037696 submission.py:307] 11) loss = 11.434, grad_norm = 0.500
I0913 09:52:49.496160 139773553383168 logging_writer.py:48] [12] global_step=12, grad_norm=0.5, loss=11.3729
I0913 09:52:49.499096 139802006037696 submission.py:307] 12) loss = 11.373, grad_norm = 0.500
I0913 09:52:49.667586 139773544990464 logging_writer.py:48] [13] global_step=13, grad_norm=0.5, loss=11.3232
I0913 09:52:49.670538 139802006037696 submission.py:307] 13) loss = 11.323, grad_norm = 0.500
I0913 09:52:49.837884 139773553383168 logging_writer.py:48] [14] global_step=14, grad_norm=0.5, loss=11.2433
I0913 09:52:49.840650 139802006037696 submission.py:307] 14) loss = 11.243, grad_norm = 0.500
I0913 09:52:50.008143 139773544990464 logging_writer.py:48] [15] global_step=15, grad_norm=0.5, loss=11.1749
I0913 09:52:50.010993 139802006037696 submission.py:307] 15) loss = 11.175, grad_norm = 0.500
I0913 09:52:50.178220 139773553383168 logging_writer.py:48] [16] global_step=16, grad_norm=0.5, loss=11.109
I0913 09:52:50.181058 139802006037696 submission.py:307] 16) loss = 11.109, grad_norm = 0.500
I0913 09:52:50.349038 139773544990464 logging_writer.py:48] [17] global_step=17, grad_norm=0.5, loss=11.0378
I0913 09:52:50.351967 139802006037696 submission.py:307] 17) loss = 11.038, grad_norm = 0.500
I0913 09:52:50.519723 139773553383168 logging_writer.py:48] [18] global_step=18, grad_norm=0.5, loss=10.9675
I0913 09:52:50.522631 139802006037696 submission.py:307] 18) loss = 10.967, grad_norm = 0.500
I0913 09:52:50.690739 139773544990464 logging_writer.py:48] [19] global_step=19, grad_norm=0.5, loss=10.9017
I0913 09:52:50.693661 139802006037696 submission.py:307] 19) loss = 10.902, grad_norm = 0.500
I0913 09:52:50.862057 139773553383168 logging_writer.py:48] [20] global_step=20, grad_norm=0.5, loss=10.828
I0913 09:52:50.864976 139802006037696 submission.py:307] 20) loss = 10.828, grad_norm = 0.500
I0913 09:52:51.033637 139773544990464 logging_writer.py:48] [21] global_step=21, grad_norm=0.5, loss=10.7574
I0913 09:52:51.036517 139802006037696 submission.py:307] 21) loss = 10.757, grad_norm = 0.500
I0913 09:52:51.204571 139773553383168 logging_writer.py:48] [22] global_step=22, grad_norm=0.5, loss=10.6825
I0913 09:52:51.207383 139802006037696 submission.py:307] 22) loss = 10.682, grad_norm = 0.500
I0913 09:52:51.376113 139773544990464 logging_writer.py:48] [23] global_step=23, grad_norm=0.5, loss=10.6104
I0913 09:52:51.378980 139802006037696 submission.py:307] 23) loss = 10.610, grad_norm = 0.500
I0913 09:52:51.547859 139773553383168 logging_writer.py:48] [24] global_step=24, grad_norm=0.5, loss=10.5568
I0913 09:52:51.550744 139802006037696 submission.py:307] 24) loss = 10.557, grad_norm = 0.500
I0913 09:52:51.719407 139773544990464 logging_writer.py:48] [25] global_step=25, grad_norm=0.5, loss=10.4865
I0913 09:52:51.722467 139802006037696 submission.py:307] 25) loss = 10.487, grad_norm = 0.500
I0913 09:52:51.890880 139773553383168 logging_writer.py:48] [26] global_step=26, grad_norm=0.5, loss=10.4073
I0913 09:52:51.893794 139802006037696 submission.py:307] 26) loss = 10.407, grad_norm = 0.500
I0913 09:52:52.062127 139773544990464 logging_writer.py:48] [27] global_step=27, grad_norm=0.5, loss=10.328
I0913 09:52:52.065001 139802006037696 submission.py:307] 27) loss = 10.328, grad_norm = 0.500
I0913 09:52:52.233206 139773553383168 logging_writer.py:48] [28] global_step=28, grad_norm=0.5, loss=10.2566
I0913 09:52:52.236135 139802006037696 submission.py:307] 28) loss = 10.257, grad_norm = 0.500
I0913 09:52:52.404020 139773544990464 logging_writer.py:48] [29] global_step=29, grad_norm=0.5, loss=10.2046
I0913 09:52:52.406960 139802006037696 submission.py:307] 29) loss = 10.205, grad_norm = 0.500
I0913 09:52:52.575910 139773553383168 logging_writer.py:48] [30] global_step=30, grad_norm=0.5, loss=10.1139
I0913 09:52:52.578907 139802006037696 submission.py:307] 30) loss = 10.114, grad_norm = 0.500
I0913 09:52:52.747149 139773544990464 logging_writer.py:48] [31] global_step=31, grad_norm=0.5, loss=10.0653
I0913 09:52:52.750032 139802006037696 submission.py:307] 31) loss = 10.065, grad_norm = 0.500
I0913 09:52:52.918616 139773553383168 logging_writer.py:48] [32] global_step=32, grad_norm=0.5, loss=10.0031
I0913 09:52:52.921411 139802006037696 submission.py:307] 32) loss = 10.003, grad_norm = 0.500
I0913 09:52:53.089070 139773544990464 logging_writer.py:48] [33] global_step=33, grad_norm=0.5, loss=9.93625
I0913 09:52:53.092014 139802006037696 submission.py:307] 33) loss = 9.936, grad_norm = 0.500
I0913 09:52:53.260113 139773553383168 logging_writer.py:48] [34] global_step=34, grad_norm=0.5, loss=9.86102
I0913 09:52:53.263102 139802006037696 submission.py:307] 34) loss = 9.861, grad_norm = 0.500
I0913 09:52:53.430817 139773544990464 logging_writer.py:48] [35] global_step=35, grad_norm=0.5, loss=9.81305
I0913 09:52:53.433792 139802006037696 submission.py:307] 35) loss = 9.813, grad_norm = 0.500
I0913 09:52:53.602334 139773553383168 logging_writer.py:48] [36] global_step=36, grad_norm=0.5, loss=9.76802
I0913 09:52:53.605199 139802006037696 submission.py:307] 36) loss = 9.768, grad_norm = 0.500
I0913 09:52:53.773449 139773544990464 logging_writer.py:48] [37] global_step=37, grad_norm=0.5, loss=9.7033
I0913 09:52:53.776266 139802006037696 submission.py:307] 37) loss = 9.703, grad_norm = 0.500
I0913 09:52:53.944019 139773553383168 logging_writer.py:48] [38] global_step=38, grad_norm=0.5, loss=9.63778
I0913 09:52:53.946957 139802006037696 submission.py:307] 38) loss = 9.638, grad_norm = 0.500
I0913 09:52:54.115075 139773544990464 logging_writer.py:48] [39] global_step=39, grad_norm=0.5, loss=9.60707
I0913 09:52:54.118085 139802006037696 submission.py:307] 39) loss = 9.607, grad_norm = 0.500
I0913 09:52:54.286290 139773553383168 logging_writer.py:48] [40] global_step=40, grad_norm=0.5, loss=9.50353
I0913 09:52:54.289111 139802006037696 submission.py:307] 40) loss = 9.504, grad_norm = 0.500
I0913 09:52:54.457561 139773544990464 logging_writer.py:48] [41] global_step=41, grad_norm=0.5, loss=9.48126
I0913 09:52:54.460601 139802006037696 submission.py:307] 41) loss = 9.481, grad_norm = 0.500
I0913 09:52:54.629636 139773553383168 logging_writer.py:48] [42] global_step=42, grad_norm=0.5, loss=9.41728
I0913 09:52:54.632551 139802006037696 submission.py:307] 42) loss = 9.417, grad_norm = 0.500
I0913 09:52:54.801399 139773544990464 logging_writer.py:48] [43] global_step=43, grad_norm=0.5, loss=9.34829
I0913 09:52:54.804340 139802006037696 submission.py:307] 43) loss = 9.348, grad_norm = 0.500
I0913 09:52:54.972645 139773553383168 logging_writer.py:48] [44] global_step=44, grad_norm=0.5, loss=9.30149
I0913 09:52:54.975453 139802006037696 submission.py:307] 44) loss = 9.301, grad_norm = 0.500
I0913 09:52:55.144569 139773544990464 logging_writer.py:48] [45] global_step=45, grad_norm=0.5, loss=9.26985
I0913 09:52:55.147451 139802006037696 submission.py:307] 45) loss = 9.270, grad_norm = 0.500
I0913 09:52:55.316661 139773553383168 logging_writer.py:48] [46] global_step=46, grad_norm=0.5, loss=9.21878
I0913 09:52:55.319511 139802006037696 submission.py:307] 46) loss = 9.219, grad_norm = 0.500
I0913 09:52:55.488037 139773544990464 logging_writer.py:48] [47] global_step=47, grad_norm=0.499999, loss=9.18246
I0913 09:52:55.490946 139802006037696 submission.py:307] 47) loss = 9.182, grad_norm = 0.500
I0913 09:52:55.659612 139773553383168 logging_writer.py:48] [48] global_step=48, grad_norm=0.499999, loss=9.1409
I0913 09:52:55.662516 139802006037696 submission.py:307] 48) loss = 9.141, grad_norm = 0.500
I0913 09:52:55.831652 139773544990464 logging_writer.py:48] [49] global_step=49, grad_norm=0.499999, loss=9.12004
I0913 09:52:55.834578 139802006037696 submission.py:307] 49) loss = 9.120, grad_norm = 0.500
I0913 09:52:56.003263 139773553383168 logging_writer.py:48] [50] global_step=50, grad_norm=0.499999, loss=9.07515
I0913 09:52:56.006179 139802006037696 submission.py:307] 50) loss = 9.075, grad_norm = 0.500
I0913 09:52:56.174761 139773544990464 logging_writer.py:48] [51] global_step=51, grad_norm=0.499999, loss=9.02138
I0913 09:52:56.177646 139802006037696 submission.py:307] 51) loss = 9.021, grad_norm = 0.500
I0913 09:52:56.347066 139773553383168 logging_writer.py:48] [52] global_step=52, grad_norm=0.499999, loss=8.9656
I0913 09:52:56.349982 139802006037696 submission.py:307] 52) loss = 8.966, grad_norm = 0.500
I0913 09:52:56.518933 139773544990464 logging_writer.py:48] [53] global_step=53, grad_norm=0.499999, loss=8.97992
I0913 09:52:56.521843 139802006037696 submission.py:307] 53) loss = 8.980, grad_norm = 0.500
I0913 09:52:56.690422 139773553383168 logging_writer.py:48] [54] global_step=54, grad_norm=0.499999, loss=8.95882
I0913 09:52:56.693276 139802006037696 submission.py:307] 54) loss = 8.959, grad_norm = 0.500
I0913 09:52:56.861788 139773544990464 logging_writer.py:48] [55] global_step=55, grad_norm=0.499999, loss=8.92498
I0913 09:52:56.864778 139802006037696 submission.py:307] 55) loss = 8.925, grad_norm = 0.500
I0913 09:52:57.034007 139773553383168 logging_writer.py:48] [56] global_step=56, grad_norm=0.499999, loss=8.87156
I0913 09:52:57.036973 139802006037696 submission.py:307] 56) loss = 8.872, grad_norm = 0.500
I0913 09:52:57.205992 139773544990464 logging_writer.py:48] [57] global_step=57, grad_norm=0.499999, loss=8.83127
I0913 09:52:57.209109 139802006037696 submission.py:307] 57) loss = 8.831, grad_norm = 0.500
I0913 09:52:57.378359 139773553383168 logging_writer.py:48] [58] global_step=58, grad_norm=0.499999, loss=8.82303
I0913 09:52:57.381241 139802006037696 submission.py:307] 58) loss = 8.823, grad_norm = 0.500
I0913 09:52:57.549830 139773544990464 logging_writer.py:48] [59] global_step=59, grad_norm=0.489358, loss=8.83859
I0913 09:52:57.552761 139802006037696 submission.py:307] 59) loss = 8.839, grad_norm = 0.489
I0913 09:52:57.721586 139773553383168 logging_writer.py:48] [60] global_step=60, grad_norm=0.46306, loss=8.74436
I0913 09:52:57.724519 139802006037696 submission.py:307] 60) loss = 8.744, grad_norm = 0.463
I0913 09:52:57.892800 139773544990464 logging_writer.py:48] [61] global_step=61, grad_norm=0.43619, loss=8.77637
I0913 09:52:57.895777 139802006037696 submission.py:307] 61) loss = 8.776, grad_norm = 0.436
I0913 09:52:58.064275 139773553383168 logging_writer.py:48] [62] global_step=62, grad_norm=0.415374, loss=8.73356
I0913 09:52:58.067214 139802006037696 submission.py:307] 62) loss = 8.734, grad_norm = 0.415
I0913 09:52:58.235737 139773544990464 logging_writer.py:48] [63] global_step=63, grad_norm=0.382657, loss=8.73622
I0913 09:52:58.238704 139802006037696 submission.py:307] 63) loss = 8.736, grad_norm = 0.383
I0913 09:52:58.407527 139773553383168 logging_writer.py:48] [64] global_step=64, grad_norm=0.371603, loss=8.68712
I0913 09:52:58.410399 139802006037696 submission.py:307] 64) loss = 8.687, grad_norm = 0.372
I0913 09:52:58.578878 139773544990464 logging_writer.py:48] [65] global_step=65, grad_norm=0.352186, loss=8.72379
I0913 09:52:58.581919 139802006037696 submission.py:307] 65) loss = 8.724, grad_norm = 0.352
I0913 09:52:58.750969 139773553383168 logging_writer.py:48] [66] global_step=66, grad_norm=0.341268, loss=8.6216
I0913 09:52:58.753869 139802006037696 submission.py:307] 66) loss = 8.622, grad_norm = 0.341
I0913 09:52:58.921690 139773544990464 logging_writer.py:48] [67] global_step=67, grad_norm=0.328861, loss=8.64882
I0913 09:52:58.924527 139802006037696 submission.py:307] 67) loss = 8.649, grad_norm = 0.329
I0913 09:52:59.092509 139773553383168 logging_writer.py:48] [68] global_step=68, grad_norm=0.309134, loss=8.62639
I0913 09:52:59.095381 139802006037696 submission.py:307] 68) loss = 8.626, grad_norm = 0.309
I0913 09:52:59.263886 139773544990464 logging_writer.py:48] [69] global_step=69, grad_norm=0.303449, loss=8.60379
I0913 09:52:59.266917 139802006037696 submission.py:307] 69) loss = 8.604, grad_norm = 0.303
I0913 09:52:59.436156 139773553383168 logging_writer.py:48] [70] global_step=70, grad_norm=0.303755, loss=8.58438
I0913 09:52:59.439017 139802006037696 submission.py:307] 70) loss = 8.584, grad_norm = 0.304
I0913 09:52:59.607730 139773544990464 logging_writer.py:48] [71] global_step=71, grad_norm=0.278121, loss=8.6016
I0913 09:52:59.610645 139802006037696 submission.py:307] 71) loss = 8.602, grad_norm = 0.278
I0913 09:52:59.779454 139773553383168 logging_writer.py:48] [72] global_step=72, grad_norm=0.264038, loss=8.55858
I0913 09:52:59.782364 139802006037696 submission.py:307] 72) loss = 8.559, grad_norm = 0.264
I0913 09:52:59.951283 139773544990464 logging_writer.py:48] [73] global_step=73, grad_norm=0.262936, loss=8.59861
I0913 09:52:59.954144 139802006037696 submission.py:307] 73) loss = 8.599, grad_norm = 0.263
I0913 09:53:00.123485 139773553383168 logging_writer.py:48] [74] global_step=74, grad_norm=0.26319, loss=8.55649
I0913 09:53:00.126346 139802006037696 submission.py:307] 74) loss = 8.556, grad_norm = 0.263
I0913 09:53:00.294551 139773544990464 logging_writer.py:48] [75] global_step=75, grad_norm=0.246045, loss=8.55223
I0913 09:53:00.297475 139802006037696 submission.py:307] 75) loss = 8.552, grad_norm = 0.246
I0913 09:53:00.466649 139773553383168 logging_writer.py:48] [76] global_step=76, grad_norm=0.238813, loss=8.50806
I0913 09:53:00.469523 139802006037696 submission.py:307] 76) loss = 8.508, grad_norm = 0.239
I0913 09:53:00.637594 139773544990464 logging_writer.py:48] [77] global_step=77, grad_norm=0.247021, loss=8.51851
I0913 09:53:00.640510 139802006037696 submission.py:307] 77) loss = 8.519, grad_norm = 0.247
I0913 09:53:00.809500 139773553383168 logging_writer.py:48] [78] global_step=78, grad_norm=0.232612, loss=8.54103
I0913 09:53:00.812472 139802006037696 submission.py:307] 78) loss = 8.541, grad_norm = 0.233
I0913 09:53:00.980334 139773544990464 logging_writer.py:48] [79] global_step=79, grad_norm=0.231388, loss=8.50938
I0913 09:53:00.983153 139802006037696 submission.py:307] 79) loss = 8.509, grad_norm = 0.231
I0913 09:53:01.152273 139773553383168 logging_writer.py:48] [80] global_step=80, grad_norm=0.228978, loss=8.53021
I0913 09:53:01.155215 139802006037696 submission.py:307] 80) loss = 8.530, grad_norm = 0.229
I0913 09:53:01.324196 139773544990464 logging_writer.py:48] [81] global_step=81, grad_norm=0.229463, loss=8.48234
I0913 09:53:01.327105 139802006037696 submission.py:307] 81) loss = 8.482, grad_norm = 0.229
I0913 09:53:01.495551 139773553383168 logging_writer.py:48] [82] global_step=82, grad_norm=0.223127, loss=8.4917
I0913 09:53:01.498430 139802006037696 submission.py:307] 82) loss = 8.492, grad_norm = 0.223
I0913 09:53:01.666823 139773544990464 logging_writer.py:48] [83] global_step=83, grad_norm=0.218633, loss=8.50015
I0913 09:53:01.669668 139802006037696 submission.py:307] 83) loss = 8.500, grad_norm = 0.219
I0913 09:53:01.838539 139773553383168 logging_writer.py:48] [84] global_step=84, grad_norm=0.224571, loss=8.4558
I0913 09:53:01.841463 139802006037696 submission.py:307] 84) loss = 8.456, grad_norm = 0.225
I0913 09:53:02.009858 139773544990464 logging_writer.py:48] [85] global_step=85, grad_norm=0.204582, loss=8.50424
I0913 09:53:02.012801 139802006037696 submission.py:307] 85) loss = 8.504, grad_norm = 0.205
I0913 09:53:02.182283 139773553383168 logging_writer.py:48] [86] global_step=86, grad_norm=0.208346, loss=8.4654
I0913 09:53:02.185210 139802006037696 submission.py:307] 86) loss = 8.465, grad_norm = 0.208
I0913 09:53:02.354293 139773544990464 logging_writer.py:48] [87] global_step=87, grad_norm=0.211052, loss=8.43173
I0913 09:53:02.357225 139802006037696 submission.py:307] 87) loss = 8.432, grad_norm = 0.211
I0913 09:53:02.526241 139773553383168 logging_writer.py:48] [88] global_step=88, grad_norm=0.206687, loss=8.44124
I0913 09:53:02.529192 139802006037696 submission.py:307] 88) loss = 8.441, grad_norm = 0.207
I0913 09:53:02.697746 139773544990464 logging_writer.py:48] [89] global_step=89, grad_norm=0.209209, loss=8.41497
I0913 09:53:02.702628 139802006037696 submission.py:307] 89) loss = 8.415, grad_norm = 0.209
I0913 09:53:02.872042 139773553383168 logging_writer.py:48] [90] global_step=90, grad_norm=0.21398, loss=8.42699
I0913 09:53:02.875102 139802006037696 submission.py:307] 90) loss = 8.427, grad_norm = 0.214
I0913 09:53:03.043620 139773544990464 logging_writer.py:48] [91] global_step=91, grad_norm=0.211809, loss=8.46079
I0913 09:53:03.046750 139802006037696 submission.py:307] 91) loss = 8.461, grad_norm = 0.212
I0913 09:53:03.215734 139773553383168 logging_writer.py:48] [92] global_step=92, grad_norm=0.207807, loss=8.42408
I0913 09:53:03.218602 139802006037696 submission.py:307] 92) loss = 8.424, grad_norm = 0.208
I0913 09:53:03.386611 139773544990464 logging_writer.py:48] [93] global_step=93, grad_norm=0.206256, loss=8.42784
I0913 09:53:03.389486 139802006037696 submission.py:307] 93) loss = 8.428, grad_norm = 0.206
I0913 09:53:03.558514 139773553383168 logging_writer.py:48] [94] global_step=94, grad_norm=0.215245, loss=8.4231
I0913 09:53:03.561389 139802006037696 submission.py:307] 94) loss = 8.423, grad_norm = 0.215
I0913 09:53:03.730668 139773544990464 logging_writer.py:48] [95] global_step=95, grad_norm=0.204298, loss=8.39332
I0913 09:53:03.733500 139802006037696 submission.py:307] 95) loss = 8.393, grad_norm = 0.204
I0913 09:53:03.902198 139773553383168 logging_writer.py:48] [96] global_step=96, grad_norm=0.206524, loss=8.35753
I0913 09:53:03.905070 139802006037696 submission.py:307] 96) loss = 8.358, grad_norm = 0.207
I0913 09:53:04.073626 139773544990464 logging_writer.py:48] [97] global_step=97, grad_norm=0.195891, loss=8.38388
I0913 09:53:04.076411 139802006037696 submission.py:307] 97) loss = 8.384, grad_norm = 0.196
I0913 09:53:04.245584 139773553383168 logging_writer.py:48] [98] global_step=98, grad_norm=0.205584, loss=8.41147
I0913 09:53:04.248494 139802006037696 submission.py:307] 98) loss = 8.411, grad_norm = 0.206
I0913 09:53:04.416724 139773544990464 logging_writer.py:48] [99] global_step=99, grad_norm=0.190392, loss=8.42881
I0913 09:53:04.419700 139802006037696 submission.py:307] 99) loss = 8.429, grad_norm = 0.190
I0913 09:53:04.588737 139773553383168 logging_writer.py:48] [100] global_step=100, grad_norm=0.193781, loss=8.37338
I0913 09:53:04.591631 139802006037696 submission.py:307] 100) loss = 8.373, grad_norm = 0.194
I0913 09:54:06.653643 139773544990464 logging_writer.py:48] [500] global_step=500, grad_norm=0.499999, loss=6.71127
I0913 09:54:06.656838 139802006037696 submission.py:307] 500) loss = 6.711, grad_norm = 0.500
I0913 09:55:23.788388 139773553383168 logging_writer.py:48] [1000] global_step=1000, grad_norm=0.499999, loss=5.55056
I0913 09:55:23.791787 139802006037696 submission.py:307] 1000) loss = 5.551, grad_norm = 0.500
I0913 09:56:40.935437 139773544990464 logging_writer.py:48] [1500] global_step=1500, grad_norm=0.499999, loss=4.5845
I0913 09:56:40.938647 139802006037696 submission.py:307] 1500) loss = 4.585, grad_norm = 0.500
I0913 09:57:58.087632 139773553383168 logging_writer.py:48] [2000] global_step=2000, grad_norm=0.499999, loss=3.92981
I0913 09:57:58.090636 139802006037696 submission.py:307] 2000) loss = 3.930, grad_norm = 0.500
I0913 09:59:15.245643 139773544990464 logging_writer.py:48] [2500] global_step=2500, grad_norm=0.499999, loss=3.42167
I0913 09:59:15.248966 139802006037696 submission.py:307] 2500) loss = 3.422, grad_norm = 0.500
I0913 10:00:32.398894 139773553383168 logging_writer.py:48] [3000] global_step=3000, grad_norm=0.437466, loss=3.0317
I0913 10:00:32.402305 139802006037696 submission.py:307] 3000) loss = 3.032, grad_norm = 0.437
I0913 10:01:49.575073 139773544990464 logging_writer.py:48] [3500] global_step=3500, grad_norm=0.398994, loss=2.88315
I0913 10:01:49.578170 139802006037696 submission.py:307] 3500) loss = 2.883, grad_norm = 0.399
I0913 10:03:06.732309 139773553383168 logging_writer.py:48] [4000] global_step=4000, grad_norm=0.359962, loss=2.81904
I0913 10:03:06.735445 139802006037696 submission.py:307] 4000) loss = 2.819, grad_norm = 0.360
I0913 10:03:31.230466 139802006037696 spec.py:333] Evaluating on the training split.
I0913 10:03:33.429897 139802006037696 workload.py:152] Translating evaluation dataset.
I0913 10:04:34.780100 139802006037696 spec.py:346] Evaluating on the validation split.
I0913 10:04:36.962121 139802006037696 workload.py:152] Translating evaluation dataset.
I0913 10:05:41.052552 139802006037696 spec.py:363] Evaluating on the test split.
I0913 10:05:43.228821 139802006037696 workload.py:152] Translating evaluation dataset.
I0913 10:06:43.317482 139802006037696 submission_runner.py:516] Time since start: 1354.63s, 	Step: 4156, 	{'train/accuracy': 0.5489787078830985, 'train/loss': 2.59488128618976, 'train/bleu': 25.510182877108722, 'validation/accuracy': 0.5528263753704232, 'validation/loss': 2.5477869152273374, 'validation/bleu': 20.77749199731472, 'validation/num_examples': 3000, 'test/accuracy': 0.5523676718377781, 'test/loss': 2.5487264685375632, 'test/bleu': 19.208453271442007, 'test/num_examples': 3003, 'score': 718.3431355953217, 'total_duration': 1354.6345691680908, 'accumulated_submission_time': 718.3431355953217, 'accumulated_eval_time': 633.0395290851593, 'accumulated_logging_time': 0.034538984298706055}
I0913 10:06:43.343036 139773544990464 logging_writer.py:48] [4156] accumulated_eval_time=633.04, accumulated_logging_time=0.034539, accumulated_submission_time=718.343, global_step=4156, preemption_count=0, score=718.343, test/accuracy=0.552368, test/bleu=19.2085, test/loss=2.54873, test/num_examples=3003, total_duration=1354.63, train/accuracy=0.548979, train/bleu=25.5102, train/loss=2.59488, validation/accuracy=0.552826, validation/bleu=20.7775, validation/loss=2.54779, validation/num_examples=3000
I0913 10:07:37.107796 139773553383168 logging_writer.py:48] [4500] global_step=4500, grad_norm=0.344598, loss=2.63444
I0913 10:07:37.110768 139802006037696 submission.py:307] 4500) loss = 2.634, grad_norm = 0.345
I0913 10:08:54.278817 139773544990464 logging_writer.py:48] [5000] global_step=5000, grad_norm=0.323757, loss=2.48891
I0913 10:08:54.282252 139802006037696 submission.py:307] 5000) loss = 2.489, grad_norm = 0.324
I0913 10:10:11.476021 139773553383168 logging_writer.py:48] [5500] global_step=5500, grad_norm=0.320416, loss=2.52553
I0913 10:10:11.479217 139802006037696 submission.py:307] 5500) loss = 2.526, grad_norm = 0.320
I0913 10:11:28.683497 139773544990464 logging_writer.py:48] [6000] global_step=6000, grad_norm=0.296125, loss=2.44763
I0913 10:11:28.686748 139802006037696 submission.py:307] 6000) loss = 2.448, grad_norm = 0.296
I0913 10:12:45.909964 139773553383168 logging_writer.py:48] [6500] global_step=6500, grad_norm=0.301734, loss=2.31653
I0913 10:12:45.913098 139802006037696 submission.py:307] 6500) loss = 2.317, grad_norm = 0.302
I0913 10:14:03.180282 139773544990464 logging_writer.py:48] [7000] global_step=7000, grad_norm=0.27677, loss=2.37129
I0913 10:14:03.183641 139802006037696 submission.py:307] 7000) loss = 2.371, grad_norm = 0.277
I0913 10:15:20.410509 139773553383168 logging_writer.py:48] [7500] global_step=7500, grad_norm=0.261179, loss=2.23051
I0913 10:15:20.413671 139802006037696 submission.py:307] 7500) loss = 2.231, grad_norm = 0.261
I0913 10:16:37.633719 139773544990464 logging_writer.py:48] [8000] global_step=8000, grad_norm=0.247378, loss=2.26924
I0913 10:16:37.636728 139802006037696 submission.py:307] 8000) loss = 2.269, grad_norm = 0.247
I0913 10:17:27.908026 139802006037696 spec.py:333] Evaluating on the training split.
I0913 10:17:30.109240 139802006037696 workload.py:152] Translating evaluation dataset.
I0913 10:18:53.695098 139802006037696 spec.py:346] Evaluating on the validation split.
I0913 10:18:55.872769 139802006037696 workload.py:152] Translating evaluation dataset.
I0913 10:19:59.894174 139802006037696 spec.py:363] Evaluating on the test split.
I0913 10:20:02.077692 139802006037696 workload.py:152] Translating evaluation dataset.
I0913 10:21:13.309611 139802006037696 submission_runner.py:516] Time since start: 2224.63s, 	Step: 8323, 	{'train/accuracy': 0.599668911976253, 'train/loss': 2.1029416171937436, 'train/bleu': 29.484997493987493, 'validation/accuracy': 0.610816976850876, 'validation/loss': 2.0018062004810853, 'validation/bleu': 24.84724125678546, 'validation/num_examples': 3000, 'test/accuracy': 0.6170937191331125, 'test/loss': 1.9664649424786473, 'test/bleu': 23.751160079640105, 'test/num_examples': 3003, 'score': 1360.511590719223, 'total_duration': 2224.6266939640045, 'accumulated_submission_time': 1360.511590719223, 'accumulated_eval_time': 858.4411356449127, 'accumulated_logging_time': 0.07004904747009277}
I0913 10:21:13.336900 139773553383168 logging_writer.py:48] [8323] accumulated_eval_time=858.441, accumulated_logging_time=0.070049, accumulated_submission_time=1360.51, global_step=8323, preemption_count=0, score=1360.51, test/accuracy=0.617094, test/bleu=23.7512, test/loss=1.96646, test/num_examples=3003, total_duration=2224.63, train/accuracy=0.599669, train/bleu=29.485, train/loss=2.10294, validation/accuracy=0.610817, validation/bleu=24.8472, validation/loss=2.00181, validation/num_examples=3000
I0913 10:21:41.343808 139773544990464 logging_writer.py:48] [8500] global_step=8500, grad_norm=0.264622, loss=2.25805
I0913 10:21:41.346896 139802006037696 submission.py:307] 8500) loss = 2.258, grad_norm = 0.265
I0913 10:22:58.394151 139773553383168 logging_writer.py:48] [9000] global_step=9000, grad_norm=0.243149, loss=2.09102
I0913 10:22:58.397281 139802006037696 submission.py:307] 9000) loss = 2.091, grad_norm = 0.243
I0913 10:24:15.489920 139773544990464 logging_writer.py:48] [9500] global_step=9500, grad_norm=0.236884, loss=2.09534
I0913 10:24:15.493361 139802006037696 submission.py:307] 9500) loss = 2.095, grad_norm = 0.237
I0913 10:25:32.669098 139773553383168 logging_writer.py:48] [10000] global_step=10000, grad_norm=0.225057, loss=2.13352
I0913 10:25:32.672359 139802006037696 submission.py:307] 10000) loss = 2.134, grad_norm = 0.225
I0913 10:26:49.845029 139773544990464 logging_writer.py:48] [10500] global_step=10500, grad_norm=0.213144, loss=2.06226
I0913 10:26:49.848198 139802006037696 submission.py:307] 10500) loss = 2.062, grad_norm = 0.213
I0913 10:28:07.048337 139773553383168 logging_writer.py:48] [11000] global_step=11000, grad_norm=0.217083, loss=2.14075
I0913 10:28:07.051543 139802006037696 submission.py:307] 11000) loss = 2.141, grad_norm = 0.217
I0913 10:29:24.256427 139773544990464 logging_writer.py:48] [11500] global_step=11500, grad_norm=0.199603, loss=2.12959
I0913 10:29:24.259827 139802006037696 submission.py:307] 11500) loss = 2.130, grad_norm = 0.200
I0913 10:30:41.423550 139773553383168 logging_writer.py:48] [12000] global_step=12000, grad_norm=0.198029, loss=2.11394
I0913 10:30:41.426659 139802006037696 submission.py:307] 12000) loss = 2.114, grad_norm = 0.198
I0913 10:31:57.916598 139802006037696 spec.py:333] Evaluating on the training split.
I0913 10:32:00.115298 139802006037696 workload.py:152] Translating evaluation dataset.
I0913 10:33:01.155299 139802006037696 spec.py:346] Evaluating on the validation split.
I0913 10:33:03.340551 139802006037696 workload.py:152] Translating evaluation dataset.
I0913 10:34:03.508654 139802006037696 spec.py:363] Evaluating on the test split.
I0913 10:34:05.691888 139802006037696 workload.py:152] Translating evaluation dataset.
I0913 10:35:01.012098 139802006037696 submission_runner.py:516] Time since start: 3052.33s, 	Step: 12493, 	{'train/accuracy': 0.6162815929830172, 'train/loss': 1.9544963967153577, 'train/bleu': 29.869366276144724, 'validation/accuracy': 0.6350696209594425, 'validation/loss': 1.8175107872190053, 'validation/bleu': 26.66075888044792, 'validation/num_examples': 3000, 'test/accuracy': 0.6414037534135146, 'test/loss': 1.7672175498227878, 'test/bleu': 25.611929074622587, 'test/num_examples': 3003, 'score': 2002.6904723644257, 'total_duration': 3052.3292145729065, 'accumulated_submission_time': 2002.6904723644257, 'accumulated_eval_time': 1041.5366611480713, 'accumulated_logging_time': 0.10674023628234863}
I0913 10:35:01.037026 139773544990464 logging_writer.py:48] [12493] accumulated_eval_time=1041.54, accumulated_logging_time=0.10674, accumulated_submission_time=2002.69, global_step=12493, preemption_count=0, score=2002.69, test/accuracy=0.641404, test/bleu=25.6119, test/loss=1.76722, test/num_examples=3003, total_duration=3052.33, train/accuracy=0.616282, train/bleu=29.8694, train/loss=1.9545, validation/accuracy=0.63507, validation/bleu=26.6608, validation/loss=1.81751, validation/num_examples=3000
I0913 10:35:02.906990 139773553383168 logging_writer.py:48] [12500] global_step=12500, grad_norm=0.194674, loss=2.0295
I0913 10:35:02.910052 139802006037696 submission.py:307] 12500) loss = 2.029, grad_norm = 0.195
I0913 10:36:19.797260 139773544990464 logging_writer.py:48] [13000] global_step=13000, grad_norm=0.193838, loss=2.0262
I0913 10:36:19.801401 139802006037696 submission.py:307] 13000) loss = 2.026, grad_norm = 0.194
I0913 10:37:36.851883 139773553383168 logging_writer.py:48] [13500] global_step=13500, grad_norm=0.187582, loss=2.14926
I0913 10:37:36.854979 139802006037696 submission.py:307] 13500) loss = 2.149, grad_norm = 0.188
I0913 10:38:54.003748 139773544990464 logging_writer.py:48] [14000] global_step=14000, grad_norm=0.180846, loss=2.02707
I0913 10:38:54.006877 139802006037696 submission.py:307] 14000) loss = 2.027, grad_norm = 0.181
I0913 10:40:11.098086 139773553383168 logging_writer.py:48] [14500] global_step=14500, grad_norm=0.185195, loss=2.08159
I0913 10:40:11.101354 139802006037696 submission.py:307] 14500) loss = 2.082, grad_norm = 0.185
I0913 10:41:28.177737 139773544990464 logging_writer.py:48] [15000] global_step=15000, grad_norm=0.186962, loss=2.07685
I0913 10:41:28.181089 139802006037696 submission.py:307] 15000) loss = 2.077, grad_norm = 0.187
I0913 10:42:45.263144 139773553383168 logging_writer.py:48] [15500] global_step=15500, grad_norm=0.177638, loss=2.12169
I0913 10:42:45.266397 139802006037696 submission.py:307] 15500) loss = 2.122, grad_norm = 0.178
I0913 10:44:02.337451 139773544990464 logging_writer.py:48] [16000] global_step=16000, grad_norm=0.184067, loss=1.97493
I0913 10:44:02.340769 139802006037696 submission.py:307] 16000) loss = 1.975, grad_norm = 0.184
I0913 10:45:19.421108 139773553383168 logging_writer.py:48] [16500] global_step=16500, grad_norm=0.174213, loss=1.97136
I0913 10:45:19.424238 139802006037696 submission.py:307] 16500) loss = 1.971, grad_norm = 0.174
I0913 10:45:45.723565 139802006037696 spec.py:333] Evaluating on the training split.
I0913 10:45:47.920369 139802006037696 workload.py:152] Translating evaluation dataset.
I0913 10:46:51.543034 139802006037696 spec.py:346] Evaluating on the validation split.
I0913 10:46:53.725222 139802006037696 workload.py:152] Translating evaluation dataset.
I0913 10:48:00.500822 139802006037696 spec.py:363] Evaluating on the test split.
I0913 10:48:02.685475 139802006037696 workload.py:152] Translating evaluation dataset.
I0913 10:49:01.089152 139802006037696 submission_runner.py:516] Time since start: 3892.41s, 	Step: 16668, 	{'train/accuracy': 0.6284328084950568, 'train/loss': 1.8549527559730867, 'train/bleu': 30.84180050089463, 'validation/accuracy': 0.6470967501952859, 'validation/loss': 1.721576414117618, 'validation/bleu': 27.63565652379737, 'validation/num_examples': 3000, 'test/accuracy': 0.6559642089361455, 'test/loss': 1.6560678853640114, 'test/bleu': 26.4104526056849, 'test/num_examples': 3003, 'score': 2644.968838453293, 'total_duration': 3892.406261205673, 'accumulated_submission_time': 2644.968838453293, 'accumulated_eval_time': 1236.902271747589, 'accumulated_logging_time': 0.14114046096801758}
I0913 10:49:01.114207 139773544990464 logging_writer.py:48] [16668] accumulated_eval_time=1236.9, accumulated_logging_time=0.14114, accumulated_submission_time=2644.97, global_step=16668, preemption_count=0, score=2644.97, test/accuracy=0.655964, test/bleu=26.4105, test/loss=1.65607, test/num_examples=3003, total_duration=3892.41, train/accuracy=0.628433, train/bleu=30.8418, train/loss=1.85495, validation/accuracy=0.647097, validation/bleu=27.6357, validation/loss=1.72158, validation/num_examples=3000
I0913 10:49:52.895830 139773553383168 logging_writer.py:48] [17000] global_step=17000, grad_norm=0.169346, loss=1.96934
I0913 10:49:52.899015 139802006037696 submission.py:307] 17000) loss = 1.969, grad_norm = 0.169
I0913 10:51:09.864702 139773544990464 logging_writer.py:48] [17500] global_step=17500, grad_norm=0.163514, loss=1.9115
I0913 10:51:09.867938 139802006037696 submission.py:307] 17500) loss = 1.912, grad_norm = 0.164
I0913 10:52:26.867788 139773553383168 logging_writer.py:48] [18000] global_step=18000, grad_norm=0.164744, loss=1.90653
I0913 10:52:26.870860 139802006037696 submission.py:307] 18000) loss = 1.907, grad_norm = 0.165
I0913 10:53:43.914741 139773544990464 logging_writer.py:48] [18500] global_step=18500, grad_norm=0.159762, loss=1.91058
I0913 10:53:43.917878 139802006037696 submission.py:307] 18500) loss = 1.911, grad_norm = 0.160
I0913 10:55:00.979022 139773553383168 logging_writer.py:48] [19000] global_step=19000, grad_norm=0.173208, loss=1.8524
I0913 10:55:00.982352 139802006037696 submission.py:307] 19000) loss = 1.852, grad_norm = 0.173
I0913 10:56:18.021111 139773544990464 logging_writer.py:48] [19500] global_step=19500, grad_norm=0.152609, loss=1.83937
I0913 10:56:18.024255 139802006037696 submission.py:307] 19500) loss = 1.839, grad_norm = 0.153
I0913 10:57:35.094857 139773553383168 logging_writer.py:48] [20000] global_step=20000, grad_norm=0.168905, loss=1.93428
I0913 10:57:35.098149 139802006037696 submission.py:307] 20000) loss = 1.934, grad_norm = 0.169
I0913 10:58:52.224573 139773544990464 logging_writer.py:48] [20500] global_step=20500, grad_norm=0.155267, loss=1.8319
I0913 10:58:52.228054 139802006037696 submission.py:307] 20500) loss = 1.832, grad_norm = 0.155
I0913 10:59:45.797967 139802006037696 spec.py:333] Evaluating on the training split.
I0913 10:59:47.996783 139802006037696 workload.py:152] Translating evaluation dataset.
I0913 11:01:12.089937 139802006037696 spec.py:346] Evaluating on the validation split.
I0913 11:01:14.267692 139802006037696 workload.py:152] Translating evaluation dataset.
I0913 11:02:17.986584 139802006037696 spec.py:363] Evaluating on the test split.
I0913 11:02:20.163747 139802006037696 workload.py:152] Translating evaluation dataset.
I0913 11:03:16.739674 139802006037696 submission_runner.py:516] Time since start: 4748.06s, 	Step: 20845, 	{'train/accuracy': 0.6389054066416613, 'train/loss': 1.7704603735934499, 'train/bleu': 31.288025568108456, 'validation/accuracy': 0.6537922654399821, 'validation/loss': 1.6578037625075945, 'validation/bleu': 27.8906182266799, 'validation/num_examples': 3000, 'test/accuracy': 0.6640055778281332, 'test/loss': 1.5898763871942363, 'test/bleu': 27.026689310797952, 'test/num_examples': 3003, 'score': 3287.2435598373413, 'total_duration': 4748.056781768799, 'accumulated_submission_time': 3287.2435598373413, 'accumulated_eval_time': 1447.8440327644348, 'accumulated_logging_time': 0.17554354667663574}
I0913 11:03:16.766180 139773553383168 logging_writer.py:48] [20845] accumulated_eval_time=1447.84, accumulated_logging_time=0.175544, accumulated_submission_time=3287.24, global_step=20845, preemption_count=0, score=3287.24, test/accuracy=0.664006, test/bleu=27.0267, test/loss=1.58988, test/num_examples=3003, total_duration=4748.06, train/accuracy=0.638905, train/bleu=31.288, train/loss=1.77046, validation/accuracy=0.653792, validation/bleu=27.8906, validation/loss=1.6578, validation/num_examples=3000
I0913 11:03:41.383091 139773544990464 logging_writer.py:48] [21000] global_step=21000, grad_norm=0.164389, loss=1.87994
I0913 11:03:41.386016 139802006037696 submission.py:307] 21000) loss = 1.880, grad_norm = 0.164
I0913 11:04:58.321394 139773553383168 logging_writer.py:48] [21500] global_step=21500, grad_norm=0.147912, loss=1.91022
I0913 11:04:58.324454 139802006037696 submission.py:307] 21500) loss = 1.910, grad_norm = 0.148
I0913 11:06:15.371547 139773544990464 logging_writer.py:48] [22000] global_step=22000, grad_norm=0.186467, loss=1.87206
I0913 11:06:15.374780 139802006037696 submission.py:307] 22000) loss = 1.872, grad_norm = 0.186
I0913 11:07:32.476555 139773553383168 logging_writer.py:48] [22500] global_step=22500, grad_norm=0.143874, loss=1.8264
I0913 11:07:32.479753 139802006037696 submission.py:307] 22500) loss = 1.826, grad_norm = 0.144
I0913 11:08:49.591516 139773544990464 logging_writer.py:48] [23000] global_step=23000, grad_norm=0.194025, loss=1.86313
I0913 11:08:49.594768 139802006037696 submission.py:307] 23000) loss = 1.863, grad_norm = 0.194
I0913 11:10:06.693825 139773553383168 logging_writer.py:48] [23500] global_step=23500, grad_norm=0.184061, loss=1.91842
I0913 11:10:06.697023 139802006037696 submission.py:307] 23500) loss = 1.918, grad_norm = 0.184
I0913 11:11:23.779703 139773544990464 logging_writer.py:48] [24000] global_step=24000, grad_norm=0.142878, loss=1.80651
I0913 11:11:23.782911 139802006037696 submission.py:307] 24000) loss = 1.807, grad_norm = 0.143
I0913 11:12:40.893857 139773553383168 logging_writer.py:48] [24500] global_step=24500, grad_norm=0.163096, loss=1.87674
I0913 11:12:40.897163 139802006037696 submission.py:307] 24500) loss = 1.877, grad_norm = 0.163
I0913 11:13:58.008685 139773544990464 logging_writer.py:48] [25000] global_step=25000, grad_norm=0.142597, loss=1.77854
I0913 11:13:58.011802 139802006037696 submission.py:307] 25000) loss = 1.779, grad_norm = 0.143
I0913 11:14:01.361281 139802006037696 spec.py:333] Evaluating on the training split.
I0913 11:14:03.563064 139802006037696 workload.py:152] Translating evaluation dataset.
I0913 11:15:24.094252 139802006037696 spec.py:346] Evaluating on the validation split.
I0913 11:15:26.275802 139802006037696 workload.py:152] Translating evaluation dataset.
I0913 11:16:23.052695 139802006037696 spec.py:363] Evaluating on the test split.
I0913 11:16:25.232973 139802006037696 workload.py:152] Translating evaluation dataset.
I0913 11:17:19.936973 139802006037696 submission_runner.py:516] Time since start: 5591.25s, 	Step: 25019, 	{'train/accuracy': 0.6479801763383853, 'train/loss': 1.6988456606926756, 'train/bleu': 32.448172318625886, 'validation/accuracy': 0.6600042156947837, 'validation/loss': 1.6171265700363293, 'validation/bleu': 28.196767541148606, 'validation/num_examples': 3000, 'test/accuracy': 0.6709546220440415, 'test/loss': 1.5374762143396665, 'test/bleu': 27.231862769804216, 'test/num_examples': 3003, 'score': 3929.4358291625977, 'total_duration': 5591.25407743454, 'accumulated_submission_time': 3929.4358291625977, 'accumulated_eval_time': 1646.4197652339935, 'accumulated_logging_time': 0.21161365509033203}
I0913 11:17:19.962797 139773553383168 logging_writer.py:48] [25019] accumulated_eval_time=1646.42, accumulated_logging_time=0.211614, accumulated_submission_time=3929.44, global_step=25019, preemption_count=0, score=3929.44, test/accuracy=0.670955, test/bleu=27.2319, test/loss=1.53748, test/num_examples=3003, total_duration=5591.25, train/accuracy=0.64798, train/bleu=32.4482, train/loss=1.69885, validation/accuracy=0.660004, validation/bleu=28.1968, validation/loss=1.61713, validation/num_examples=3000
I0913 11:18:34.798184 139773544990464 logging_writer.py:48] [25500] global_step=25500, grad_norm=0.151862, loss=1.82077
I0913 11:18:34.801446 139802006037696 submission.py:307] 25500) loss = 1.821, grad_norm = 0.152
I0913 11:19:51.932808 139773553383168 logging_writer.py:48] [26000] global_step=26000, grad_norm=0.148824, loss=1.84454
I0913 11:19:51.936017 139802006037696 submission.py:307] 26000) loss = 1.845, grad_norm = 0.149
I0913 11:21:09.098613 139773544990464 logging_writer.py:48] [26500] global_step=26500, grad_norm=0.165738, loss=1.7781
I0913 11:21:09.101641 139802006037696 submission.py:307] 26500) loss = 1.778, grad_norm = 0.166
I0913 11:22:26.302416 139773553383168 logging_writer.py:48] [27000] global_step=27000, grad_norm=0.164001, loss=1.83294
I0913 11:22:26.305701 139802006037696 submission.py:307] 27000) loss = 1.833, grad_norm = 0.164
I0913 11:23:43.482774 139773544990464 logging_writer.py:48] [27500] global_step=27500, grad_norm=0.158346, loss=1.87063
I0913 11:23:43.485952 139802006037696 submission.py:307] 27500) loss = 1.871, grad_norm = 0.158
I0913 11:25:00.679435 139773553383168 logging_writer.py:48] [28000] global_step=28000, grad_norm=0.155821, loss=1.88188
I0913 11:25:00.682569 139802006037696 submission.py:307] 28000) loss = 1.882, grad_norm = 0.156
I0913 11:26:17.879315 139773544990464 logging_writer.py:48] [28500] global_step=28500, grad_norm=0.151122, loss=1.78291
I0913 11:26:17.882511 139802006037696 submission.py:307] 28500) loss = 1.783, grad_norm = 0.151
I0913 11:27:35.085067 139773553383168 logging_writer.py:48] [29000] global_step=29000, grad_norm=0.154204, loss=1.77676
I0913 11:27:35.088270 139802006037696 submission.py:307] 29000) loss = 1.777, grad_norm = 0.154
I0913 11:28:04.565356 139802006037696 spec.py:333] Evaluating on the training split.
I0913 11:28:06.765980 139802006037696 workload.py:152] Translating evaluation dataset.
I0913 11:29:21.347280 139802006037696 spec.py:346] Evaluating on the validation split.
I0913 11:29:23.531570 139802006037696 workload.py:152] Translating evaluation dataset.
I0913 11:30:31.332303 139802006037696 spec.py:363] Evaluating on the test split.
I0913 11:30:33.515067 139802006037696 workload.py:152] Translating evaluation dataset.
I0913 11:31:44.064798 139802006037696 submission_runner.py:516] Time since start: 6455.38s, 	Step: 29188, 	{'train/accuracy': 0.6450799086757991, 'train/loss': 1.7099643264840183, 'train/bleu': 32.059144285066935, 'validation/accuracy': 0.6662409641541952, 'validation/loss': 1.5777422745843201, 'validation/bleu': 28.76029220781709, 'validation/num_examples': 3000, 'test/accuracy': 0.6765092092266574, 'test/loss': 1.500034679855906, 'test/bleu': 27.98602990649897, 'test/num_examples': 3003, 'score': 4571.648406744003, 'total_duration': 6455.38191485405, 'accumulated_submission_time': 4571.648406744003, 'accumulated_eval_time': 1865.9192254543304, 'accumulated_logging_time': 0.24688220024108887}
I0913 11:31:44.091316 139773544990464 logging_writer.py:48] [29188] accumulated_eval_time=1865.92, accumulated_logging_time=0.246882, accumulated_submission_time=4571.65, global_step=29188, preemption_count=0, score=4571.65, test/accuracy=0.676509, test/bleu=27.986, test/loss=1.50003, test/num_examples=3003, total_duration=6455.38, train/accuracy=0.64508, train/bleu=32.0591, train/loss=1.70996, validation/accuracy=0.666241, validation/bleu=28.7603, validation/loss=1.57774, validation/num_examples=3000
I0913 11:32:32.874992 139773553383168 logging_writer.py:48] [29500] global_step=29500, grad_norm=0.200519, loss=1.80087
I0913 11:32:32.878125 139802006037696 submission.py:307] 29500) loss = 1.801, grad_norm = 0.201
I0913 11:33:49.974752 139773544990464 logging_writer.py:48] [30000] global_step=30000, grad_norm=0.156264, loss=1.84587
I0913 11:33:49.978169 139802006037696 submission.py:307] 30000) loss = 1.846, grad_norm = 0.156
I0913 11:35:07.149222 139773553383168 logging_writer.py:48] [30500] global_step=30500, grad_norm=0.150692, loss=1.80095
I0913 11:35:07.152397 139802006037696 submission.py:307] 30500) loss = 1.801, grad_norm = 0.151
I0913 11:36:24.325364 139773544990464 logging_writer.py:48] [31000] global_step=31000, grad_norm=0.154066, loss=1.6852
I0913 11:36:24.328627 139802006037696 submission.py:307] 31000) loss = 1.685, grad_norm = 0.154
I0913 11:37:41.455291 139773553383168 logging_writer.py:48] [31500] global_step=31500, grad_norm=0.182457, loss=1.74839
I0913 11:37:41.458469 139802006037696 submission.py:307] 31500) loss = 1.748, grad_norm = 0.182
I0913 11:38:58.595113 139773544990464 logging_writer.py:48] [32000] global_step=32000, grad_norm=0.152771, loss=1.69751
I0913 11:38:58.598673 139802006037696 submission.py:307] 32000) loss = 1.698, grad_norm = 0.153
I0913 11:40:15.675140 139773553383168 logging_writer.py:48] [32500] global_step=32500, grad_norm=0.183788, loss=1.77311
I0913 11:40:15.678424 139802006037696 submission.py:307] 32500) loss = 1.773, grad_norm = 0.184
I0913 11:41:32.752123 139773544990464 logging_writer.py:48] [33000] global_step=33000, grad_norm=0.164142, loss=1.77293
I0913 11:41:32.755241 139802006037696 submission.py:307] 33000) loss = 1.773, grad_norm = 0.164
I0913 11:42:28.643548 139802006037696 spec.py:333] Evaluating on the training split.
I0913 11:42:30.838177 139802006037696 workload.py:152] Translating evaluation dataset.
I0913 11:44:06.003201 139802006037696 spec.py:346] Evaluating on the validation split.
I0913 11:44:08.177913 139802006037696 workload.py:152] Translating evaluation dataset.
I0913 11:45:22.460049 139802006037696 spec.py:363] Evaluating on the test split.
I0913 11:45:24.644288 139802006037696 workload.py:152] Translating evaluation dataset.
I0913 11:46:41.786948 139802006037696 submission_runner.py:516] Time since start: 7353.10s, 	Step: 33360, 	{'train/accuracy': 0.6554331141606909, 'train/loss': 1.6377410206992142, 'train/bleu': 32.579644058317534, 'validation/accuracy': 0.6679768384768943, 'validation/loss': 1.5531466209346443, 'validation/bleu': 29.096854810739405, 'validation/num_examples': 3000, 'test/accuracy': 0.6807390622276451, 'test/loss': 1.468950725553425, 'test/bleu': 28.493779819136062, 'test/num_examples': 3003, 'score': 5213.796993970871, 'total_duration': 7353.1040625572205, 'accumulated_submission_time': 5213.796993970871, 'accumulated_eval_time': 2119.0626318454742, 'accumulated_logging_time': 0.28296875953674316}
I0913 11:46:41.813963 139773553383168 logging_writer.py:48] [33360] accumulated_eval_time=2119.06, accumulated_logging_time=0.282969, accumulated_submission_time=5213.8, global_step=33360, preemption_count=0, score=5213.8, test/accuracy=0.680739, test/bleu=28.4938, test/loss=1.46895, test/num_examples=3003, total_duration=7353.1, train/accuracy=0.655433, train/bleu=32.5796, train/loss=1.63774, validation/accuracy=0.667977, validation/bleu=29.0969, validation/loss=1.55315, validation/num_examples=3000
I0913 11:47:04.105608 139773544990464 logging_writer.py:48] [33500] global_step=33500, grad_norm=0.153303, loss=1.7106
I0913 11:47:04.108906 139802006037696 submission.py:307] 33500) loss = 1.711, grad_norm = 0.153
I0913 11:48:21.090594 139773553383168 logging_writer.py:48] [34000] global_step=34000, grad_norm=0.163155, loss=1.76048
I0913 11:48:21.093952 139802006037696 submission.py:307] 34000) loss = 1.760, grad_norm = 0.163
I0913 11:49:38.178753 139773544990464 logging_writer.py:48] [34500] global_step=34500, grad_norm=0.186466, loss=1.83457
I0913 11:49:38.181876 139802006037696 submission.py:307] 34500) loss = 1.835, grad_norm = 0.186
I0913 11:50:55.299475 139773553383168 logging_writer.py:48] [35000] global_step=35000, grad_norm=0.17412, loss=1.70063
I0913 11:50:55.302663 139802006037696 submission.py:307] 35000) loss = 1.701, grad_norm = 0.174
I0913 11:52:12.408060 139773544990464 logging_writer.py:48] [35500] global_step=35500, grad_norm=0.18763, loss=1.69651
I0913 11:52:12.411411 139802006037696 submission.py:307] 35500) loss = 1.697, grad_norm = 0.188
I0913 11:53:29.515783 139773553383168 logging_writer.py:48] [36000] global_step=36000, grad_norm=0.195526, loss=1.69882
I0913 11:53:29.518977 139802006037696 submission.py:307] 36000) loss = 1.699, grad_norm = 0.196
I0913 11:54:46.645999 139773544990464 logging_writer.py:48] [36500] global_step=36500, grad_norm=0.182566, loss=1.78823
I0913 11:54:46.649212 139802006037696 submission.py:307] 36500) loss = 1.788, grad_norm = 0.183
I0913 11:56:03.771008 139773553383168 logging_writer.py:48] [37000] global_step=37000, grad_norm=0.238375, loss=1.70364
I0913 11:56:03.774312 139802006037696 submission.py:307] 37000) loss = 1.704, grad_norm = 0.238
I0913 11:57:20.884901 139773544990464 logging_writer.py:48] [37500] global_step=37500, grad_norm=0.20865, loss=1.79938
I0913 11:57:20.888087 139802006037696 submission.py:307] 37500) loss = 1.799, grad_norm = 0.209
I0913 11:57:26.392853 139802006037696 spec.py:333] Evaluating on the training split.
I0913 11:57:28.591342 139802006037696 workload.py:152] Translating evaluation dataset.
I0913 11:58:45.242381 139802006037696 spec.py:346] Evaluating on the validation split.
I0913 11:58:47.418229 139802006037696 workload.py:152] Translating evaluation dataset.
I0913 11:59:47.223197 139802006037696 spec.py:363] Evaluating on the test split.
I0913 11:59:49.402974 139802006037696 workload.py:152] Translating evaluation dataset.
I0913 12:00:48.374267 139802006037696 submission_runner.py:516] Time since start: 8199.69s, 	Step: 37533, 	{'train/accuracy': 0.6648527895520678, 'train/loss': 1.578003637300951, 'train/bleu': 33.55789683123363, 'validation/accuracy': 0.6717337664753071, 'validation/loss': 1.5327072819927838, 'validation/bleu': 29.151142586857883, 'validation/num_examples': 3000, 'test/accuracy': 0.6851664633083493, 'test/loss': 1.4453388276393004, 'test/bleu': 28.743940528054015, 'test/num_examples': 3003, 'score': 5855.9824957847595, 'total_duration': 8199.691377401352, 'accumulated_submission_time': 5855.9824957847595, 'accumulated_eval_time': 2321.044037103653, 'accumulated_logging_time': 0.3195197582244873}
I0913 12:00:48.402305 139773553383168 logging_writer.py:48] [37533] accumulated_eval_time=2321.04, accumulated_logging_time=0.31952, accumulated_submission_time=5855.98, global_step=37533, preemption_count=0, score=5855.98, test/accuracy=0.685166, test/bleu=28.7439, test/loss=1.44534, test/num_examples=3003, total_duration=8199.69, train/accuracy=0.664853, train/bleu=33.5579, train/loss=1.578, validation/accuracy=0.671734, validation/bleu=29.1511, validation/loss=1.53271, validation/num_examples=3000
I0913 12:02:00.931043 139773544990464 logging_writer.py:48] [38000] global_step=38000, grad_norm=0.231498, loss=1.64566
I0913 12:02:00.937463 139802006037696 submission.py:307] 38000) loss = 1.646, grad_norm = 0.231
I0913 12:03:17.946426 139773553383168 logging_writer.py:48] [38500] global_step=38500, grad_norm=0.183864, loss=1.69031
I0913 12:03:17.949676 139802006037696 submission.py:307] 38500) loss = 1.690, grad_norm = 0.184
I0913 12:04:35.065276 139773544990464 logging_writer.py:48] [39000] global_step=39000, grad_norm=0.204933, loss=1.76605
I0913 12:04:35.068700 139802006037696 submission.py:307] 39000) loss = 1.766, grad_norm = 0.205
I0913 12:05:52.190950 139773553383168 logging_writer.py:48] [39500] global_step=39500, grad_norm=0.184146, loss=1.72953
I0913 12:05:52.194152 139802006037696 submission.py:307] 39500) loss = 1.730, grad_norm = 0.184
I0913 12:07:09.344909 139773544990464 logging_writer.py:48] [40000] global_step=40000, grad_norm=0.208821, loss=1.67559
I0913 12:07:09.348014 139802006037696 submission.py:307] 40000) loss = 1.676, grad_norm = 0.209
I0913 12:08:26.517569 139773553383168 logging_writer.py:48] [40500] global_step=40500, grad_norm=0.229631, loss=1.71278
I0913 12:08:26.520751 139802006037696 submission.py:307] 40500) loss = 1.713, grad_norm = 0.230
I0913 12:09:43.635562 139773544990464 logging_writer.py:48] [41000] global_step=41000, grad_norm=0.246328, loss=1.73237
I0913 12:09:43.638957 139802006037696 submission.py:307] 41000) loss = 1.732, grad_norm = 0.246
I0913 12:11:00.797864 139773553383168 logging_writer.py:48] [41500] global_step=41500, grad_norm=0.25929, loss=1.6646
I0913 12:11:00.801008 139802006037696 submission.py:307] 41500) loss = 1.665, grad_norm = 0.259
I0913 12:11:32.995007 139802006037696 spec.py:333] Evaluating on the training split.
I0913 12:11:35.192687 139802006037696 workload.py:152] Translating evaluation dataset.
I0913 12:13:01.060266 139802006037696 spec.py:346] Evaluating on the validation split.
I0913 12:13:03.241083 139802006037696 workload.py:152] Translating evaluation dataset.
I0913 12:14:14.428789 139802006037696 spec.py:363] Evaluating on the test split.
I0913 12:14:16.612259 139802006037696 workload.py:152] Translating evaluation dataset.
I0913 12:15:28.732513 139802006037696 submission_runner.py:516] Time since start: 9080.05s, 	Step: 41706, 	{'train/accuracy': 0.6605701557997221, 'train/loss': 1.5903092314492704, 'train/bleu': 32.826952634063396, 'validation/accuracy': 0.673891210276376, 'validation/loss': 1.5142536399114703, 'validation/bleu': 29.618207209392207, 'validation/num_examples': 3000, 'test/accuracy': 0.686456336064145, 'test/loss': 1.4227539800127824, 'test/bleu': 28.718436773021423, 'test/num_examples': 3003, 'score': 6498.172658920288, 'total_duration': 9080.049595355988, 'accumulated_submission_time': 6498.172658920288, 'accumulated_eval_time': 2556.7816529273987, 'accumulated_logging_time': 0.3569211959838867}
I0913 12:15:28.759973 139773544990464 logging_writer.py:48] [41706] accumulated_eval_time=2556.78, accumulated_logging_time=0.356921, accumulated_submission_time=6498.17, global_step=41706, preemption_count=0, score=6498.17, test/accuracy=0.686456, test/bleu=28.7184, test/loss=1.42275, test/num_examples=3003, total_duration=9080.05, train/accuracy=0.66057, train/bleu=32.827, train/loss=1.59031, validation/accuracy=0.673891, validation/bleu=29.6182, validation/loss=1.51425, validation/num_examples=3000
I0913 12:16:14.738763 139773553383168 logging_writer.py:48] [42000] global_step=42000, grad_norm=0.199043, loss=1.61645
I0913 12:16:14.741991 139802006037696 submission.py:307] 42000) loss = 1.616, grad_norm = 0.199
I0913 12:17:31.701560 139773544990464 logging_writer.py:48] [42500] global_step=42500, grad_norm=0.218142, loss=1.71347
I0913 12:17:31.704827 139802006037696 submission.py:307] 42500) loss = 1.713, grad_norm = 0.218
I0913 12:18:48.806424 139773553383168 logging_writer.py:48] [43000] global_step=43000, grad_norm=0.206222, loss=1.62188
I0913 12:18:48.809688 139802006037696 submission.py:307] 43000) loss = 1.622, grad_norm = 0.206
I0913 12:20:05.873318 139773544990464 logging_writer.py:48] [43500] global_step=43500, grad_norm=0.207112, loss=1.67911
I0913 12:20:05.876397 139802006037696 submission.py:307] 43500) loss = 1.679, grad_norm = 0.207
I0913 12:21:22.966707 139773553383168 logging_writer.py:48] [44000] global_step=44000, grad_norm=0.226646, loss=1.73414
I0913 12:21:22.969921 139802006037696 submission.py:307] 44000) loss = 1.734, grad_norm = 0.227
I0913 12:22:40.042870 139773544990464 logging_writer.py:48] [44500] global_step=44500, grad_norm=0.246891, loss=1.76099
I0913 12:22:40.046038 139802006037696 submission.py:307] 44500) loss = 1.761, grad_norm = 0.247
I0913 12:23:57.135301 139773553383168 logging_writer.py:48] [45000] global_step=45000, grad_norm=0.239375, loss=1.60755
I0913 12:23:57.138653 139802006037696 submission.py:307] 45000) loss = 1.608, grad_norm = 0.239
I0913 12:25:14.246610 139773544990464 logging_writer.py:48] [45500] global_step=45500, grad_norm=0.244926, loss=1.68635
I0913 12:25:14.249860 139802006037696 submission.py:307] 45500) loss = 1.686, grad_norm = 0.245
I0913 12:26:13.393885 139802006037696 spec.py:333] Evaluating on the training split.
I0913 12:26:15.588795 139802006037696 workload.py:152] Translating evaluation dataset.
I0913 12:27:38.795141 139802006037696 spec.py:346] Evaluating on the validation split.
I0913 12:27:40.972972 139802006037696 workload.py:152] Translating evaluation dataset.
I0913 12:28:47.565044 139802006037696 spec.py:363] Evaluating on the test split.
I0913 12:28:49.742521 139802006037696 workload.py:152] Translating evaluation dataset.
I0913 12:30:06.812841 139802006037696 submission_runner.py:516] Time since start: 9958.13s, 	Step: 45881, 	{'train/accuracy': 0.6687904705841615, 'train/loss': 1.54301550578852, 'train/bleu': 33.26489292961415, 'validation/accuracy': 0.6759122639520899, 'validation/loss': 1.4998456892970948, 'validation/bleu': 29.255674651771734, 'validation/num_examples': 3000, 'test/accuracy': 0.6897333100923828, 'test/loss': 1.4008395793387949, 'test/bleu': 29.01833424750774, 'test/num_examples': 3003, 'score': 7140.401864767075, 'total_duration': 9958.129945755005, 'accumulated_submission_time': 7140.401864767075, 'accumulated_eval_time': 2790.200603723526, 'accumulated_logging_time': 0.3936951160430908}
I0913 12:30:06.841387 139773553383168 logging_writer.py:48] [45881] accumulated_eval_time=2790.2, accumulated_logging_time=0.393695, accumulated_submission_time=7140.4, global_step=45881, preemption_count=0, score=7140.4, test/accuracy=0.689733, test/bleu=29.0183, test/loss=1.40084, test/num_examples=3003, total_duration=9958.13, train/accuracy=0.66879, train/bleu=33.2649, train/loss=1.54302, validation/accuracy=0.675912, validation/bleu=29.2557, validation/loss=1.49985, validation/num_examples=3000
I0913 12:30:25.955293 139773544990464 logging_writer.py:48] [46000] global_step=46000, grad_norm=0.23122, loss=1.64799
I0913 12:30:25.958334 139802006037696 submission.py:307] 46000) loss = 1.648, grad_norm = 0.231
I0913 12:31:42.858620 139773553383168 logging_writer.py:48] [46500] global_step=46500, grad_norm=0.232899, loss=1.69746
I0913 12:31:42.861910 139802006037696 submission.py:307] 46500) loss = 1.697, grad_norm = 0.233
I0913 12:32:59.941899 139773544990464 logging_writer.py:48] [47000] global_step=47000, grad_norm=0.241357, loss=1.61268
I0913 12:32:59.944977 139802006037696 submission.py:307] 47000) loss = 1.613, grad_norm = 0.241
I0913 12:34:17.061096 139773553383168 logging_writer.py:48] [47500] global_step=47500, grad_norm=0.254648, loss=1.64053
I0913 12:34:17.064172 139802006037696 submission.py:307] 47500) loss = 1.641, grad_norm = 0.255
I0913 12:35:34.185307 139773544990464 logging_writer.py:48] [48000] global_step=48000, grad_norm=0.2219, loss=1.70004
I0913 12:35:34.188471 139802006037696 submission.py:307] 48000) loss = 1.700, grad_norm = 0.222
I0913 12:36:51.331729 139773553383168 logging_writer.py:48] [48500] global_step=48500, grad_norm=0.217267, loss=1.65047
I0913 12:36:51.334984 139802006037696 submission.py:307] 48500) loss = 1.650, grad_norm = 0.217
I0913 12:38:08.505762 139773544990464 logging_writer.py:48] [49000] global_step=49000, grad_norm=0.234926, loss=1.72375
I0913 12:38:08.508776 139802006037696 submission.py:307] 49000) loss = 1.724, grad_norm = 0.235
I0913 12:39:25.627668 139773553383168 logging_writer.py:48] [49500] global_step=49500, grad_norm=0.252741, loss=1.69911
I0913 12:39:25.631020 139802006037696 submission.py:307] 49500) loss = 1.699, grad_norm = 0.253
I0913 12:40:42.753154 139773544990464 logging_writer.py:48] [50000] global_step=50000, grad_norm=0.241565, loss=1.68965
I0913 12:40:42.756366 139802006037696 submission.py:307] 50000) loss = 1.690, grad_norm = 0.242
I0913 12:40:51.500576 139802006037696 spec.py:333] Evaluating on the training split.
I0913 12:40:53.700704 139802006037696 workload.py:152] Translating evaluation dataset.
I0913 12:42:25.440168 139802006037696 spec.py:346] Evaluating on the validation split.
I0913 12:42:27.613372 139802006037696 workload.py:152] Translating evaluation dataset.
I0913 12:43:24.862338 139802006037696 spec.py:363] Evaluating on the test split.
I0913 12:43:27.042448 139802006037696 workload.py:152] Translating evaluation dataset.
I0913 12:44:32.502264 139802006037696 submission_runner.py:516] Time since start: 10823.82s, 	Step: 50054, 	{'train/accuracy': 0.6735101619014813, 'train/loss': 1.5062322382018603, 'train/bleu': 33.436885790865766, 'validation/accuracy': 0.6768669948295744, 'validation/loss': 1.4853608255012336, 'validation/bleu': 29.795995027663388, 'validation/num_examples': 3000, 'test/accuracy': 0.6921503689500901, 'test/loss': 1.391680829120911, 'test/bleu': 29.1076151397941, 'test/num_examples': 3003, 'score': 7782.6305565834045, 'total_duration': 10823.819381952286, 'accumulated_submission_time': 7782.6305565834045, 'accumulated_eval_time': 3011.202365875244, 'accumulated_logging_time': 0.46454644203186035}
I0913 12:44:32.531146 139773553383168 logging_writer.py:48] [50054] accumulated_eval_time=3011.2, accumulated_logging_time=0.464546, accumulated_submission_time=7782.63, global_step=50054, preemption_count=0, score=7782.63, test/accuracy=0.69215, test/bleu=29.1076, test/loss=1.39168, test/num_examples=3003, total_duration=10823.8, train/accuracy=0.67351, train/bleu=33.4369, train/loss=1.50623, validation/accuracy=0.676867, validation/bleu=29.796, validation/loss=1.48536, validation/num_examples=3000
I0913 12:45:41.818753 139773544990464 logging_writer.py:48] [50500] global_step=50500, grad_norm=0.229865, loss=1.59529
I0913 12:45:41.821968 139802006037696 submission.py:307] 50500) loss = 1.595, grad_norm = 0.230
I0913 12:46:58.836527 139773553383168 logging_writer.py:48] [51000] global_step=51000, grad_norm=0.246494, loss=1.5569
I0913 12:46:58.839672 139802006037696 submission.py:307] 51000) loss = 1.557, grad_norm = 0.246
I0913 12:48:15.975049 139773544990464 logging_writer.py:48] [51500] global_step=51500, grad_norm=0.229042, loss=1.61589
I0913 12:48:15.978237 139802006037696 submission.py:307] 51500) loss = 1.616, grad_norm = 0.229
I0913 12:49:33.129830 139773553383168 logging_writer.py:48] [52000] global_step=52000, grad_norm=0.267914, loss=1.58511
I0913 12:49:33.133196 139802006037696 submission.py:307] 52000) loss = 1.585, grad_norm = 0.268
I0913 12:50:50.235316 139773544990464 logging_writer.py:48] [52500] global_step=52500, grad_norm=0.280962, loss=1.71088
I0913 12:50:50.238456 139802006037696 submission.py:307] 52500) loss = 1.711, grad_norm = 0.281
I0913 12:52:07.360044 139773553383168 logging_writer.py:48] [53000] global_step=53000, grad_norm=0.26892, loss=1.67061
I0913 12:52:07.363291 139802006037696 submission.py:307] 53000) loss = 1.671, grad_norm = 0.269
I0913 12:53:24.523355 139773544990464 logging_writer.py:48] [53500] global_step=53500, grad_norm=0.282228, loss=1.68564
I0913 12:53:24.526506 139802006037696 submission.py:307] 53500) loss = 1.686, grad_norm = 0.282
I0913 12:54:41.659328 139773553383168 logging_writer.py:48] [54000] global_step=54000, grad_norm=0.257824, loss=1.6326
I0913 12:54:41.662755 139802006037696 submission.py:307] 54000) loss = 1.633, grad_norm = 0.258
I0913 12:55:17.230287 139802006037696 spec.py:333] Evaluating on the training split.
I0913 12:55:19.427311 139802006037696 workload.py:152] Translating evaluation dataset.
I0913 12:56:40.072100 139802006037696 spec.py:346] Evaluating on the validation split.
I0913 12:56:42.249994 139802006037696 workload.py:152] Translating evaluation dataset.
I0913 12:57:44.993486 139802006037696 spec.py:363] Evaluating on the test split.
I0913 12:57:47.181949 139802006037696 workload.py:152] Translating evaluation dataset.
I0913 12:58:49.424720 139802006037696 submission_runner.py:516] Time since start: 11680.74s, 	Step: 54228, 	{'train/accuracy': 0.6695961450206517, 'train/loss': 1.5323578763194126, 'train/bleu': 33.85869854742274, 'validation/accuracy': 0.6803139452703624, 'validation/loss': 1.4672586204758775, 'validation/bleu': 29.93200702476283, 'validation/num_examples': 3000, 'test/accuracy': 0.695775957236651, 'test/loss': 1.3669638966358724, 'test/bleu': 29.462941877924937, 'test/num_examples': 3003, 'score': 8424.923278331757, 'total_duration': 11680.741777420044, 'accumulated_submission_time': 8424.923278331757, 'accumulated_eval_time': 3223.3967576026917, 'accumulated_logging_time': 0.5028431415557861}
I0913 12:58:49.456344 139773544990464 logging_writer.py:48] [54228] accumulated_eval_time=3223.4, accumulated_logging_time=0.502843, accumulated_submission_time=8424.92, global_step=54228, preemption_count=0, score=8424.92, test/accuracy=0.695776, test/bleu=29.4629, test/loss=1.36696, test/num_examples=3003, total_duration=11680.7, train/accuracy=0.669596, train/bleu=33.8587, train/loss=1.53236, validation/accuracy=0.680314, validation/bleu=29.932, validation/loss=1.46726, validation/num_examples=3000
I0913 12:59:31.992679 139773553383168 logging_writer.py:48] [54500] global_step=54500, grad_norm=0.289258, loss=1.61393
I0913 12:59:31.995714 139802006037696 submission.py:307] 54500) loss = 1.614, grad_norm = 0.289
I0913 13:00:48.892746 139773544990464 logging_writer.py:48] [55000] global_step=55000, grad_norm=0.271938, loss=1.61001
I0913 13:00:48.896205 139802006037696 submission.py:307] 55000) loss = 1.610, grad_norm = 0.272
I0913 13:02:05.921702 139773553383168 logging_writer.py:48] [55500] global_step=55500, grad_norm=0.284979, loss=1.54577
I0913 13:02:05.925019 139802006037696 submission.py:307] 55500) loss = 1.546, grad_norm = 0.285
I0913 13:03:23.015601 139773544990464 logging_writer.py:48] [56000] global_step=56000, grad_norm=0.269365, loss=1.60534
I0913 13:03:23.018676 139802006037696 submission.py:307] 56000) loss = 1.605, grad_norm = 0.269
I0913 13:04:40.100562 139773553383168 logging_writer.py:48] [56500] global_step=56500, grad_norm=0.282703, loss=1.60494
I0913 13:04:40.103813 139802006037696 submission.py:307] 56500) loss = 1.605, grad_norm = 0.283
I0913 13:05:57.167060 139773544990464 logging_writer.py:48] [57000] global_step=57000, grad_norm=0.296616, loss=1.51779
I0913 13:05:57.170479 139802006037696 submission.py:307] 57000) loss = 1.518, grad_norm = 0.297
I0913 13:07:14.240674 139773553383168 logging_writer.py:48] [57500] global_step=57500, grad_norm=0.3009, loss=1.65193
I0913 13:07:14.243881 139802006037696 submission.py:307] 57500) loss = 1.652, grad_norm = 0.301
I0913 13:08:31.341167 139773544990464 logging_writer.py:48] [58000] global_step=58000, grad_norm=0.347013, loss=1.61188
I0913 13:08:31.344500 139802006037696 submission.py:307] 58000) loss = 1.612, grad_norm = 0.347
I0913 13:09:34.015447 139802006037696 spec.py:333] Evaluating on the training split.
I0913 13:09:36.214050 139802006037696 workload.py:152] Translating evaluation dataset.
I0913 13:11:03.954389 139802006037696 spec.py:346] Evaluating on the validation split.
I0913 13:11:06.138240 139802006037696 workload.py:152] Translating evaluation dataset.
I0913 13:12:14.422135 139802006037696 spec.py:363] Evaluating on the test split.
I0913 13:12:16.595487 139802006037696 workload.py:152] Translating evaluation dataset.
I0913 13:13:18.000437 139802006037696 submission_runner.py:516] Time since start: 12549.32s, 	Step: 58404, 	{'train/accuracy': 0.675087410563364, 'train/loss': 1.495353600331118, 'train/bleu': 33.75690313913292, 'validation/accuracy': 0.6813926671708969, 'validation/loss': 1.4579864167834249, 'validation/bleu': 29.651606972963968, 'validation/num_examples': 3000, 'test/accuracy': 0.6966591133577363, 'test/loss': 1.3583626568764162, 'test/bleu': 29.3762478734997, 'test/num_examples': 3003, 'score': 9067.07328248024, 'total_duration': 12549.31753706932, 'accumulated_submission_time': 9067.07328248024, 'accumulated_eval_time': 3447.381803750992, 'accumulated_logging_time': 0.5438311100006104}
I0913 13:13:18.030721 139773553383168 logging_writer.py:48] [58404] accumulated_eval_time=3447.38, accumulated_logging_time=0.543831, accumulated_submission_time=9067.07, global_step=58404, preemption_count=0, score=9067.07, test/accuracy=0.696659, test/bleu=29.3762, test/loss=1.35836, test/num_examples=3003, total_duration=12549.3, train/accuracy=0.675087, train/bleu=33.7569, train/loss=1.49535, validation/accuracy=0.681393, validation/bleu=29.6516, validation/loss=1.45799, validation/num_examples=3000
I0913 13:13:33.563869 139773544990464 logging_writer.py:48] [58500] global_step=58500, grad_norm=0.292493, loss=1.6101
I0913 13:13:33.566994 139802006037696 submission.py:307] 58500) loss = 1.610, grad_norm = 0.292
I0913 13:14:50.478273 139773553383168 logging_writer.py:48] [59000] global_step=59000, grad_norm=0.290375, loss=1.61852
I0913 13:14:50.481456 139802006037696 submission.py:307] 59000) loss = 1.619, grad_norm = 0.290
I0913 13:16:07.519208 139773544990464 logging_writer.py:48] [59500] global_step=59500, grad_norm=0.336627, loss=1.53261
I0913 13:16:07.522742 139802006037696 submission.py:307] 59500) loss = 1.533, grad_norm = 0.337
I0913 13:17:24.600672 139773553383168 logging_writer.py:48] [60000] global_step=60000, grad_norm=0.288505, loss=1.56202
I0913 13:17:24.603927 139802006037696 submission.py:307] 60000) loss = 1.562, grad_norm = 0.289
I0913 13:18:41.730637 139773544990464 logging_writer.py:48] [60500] global_step=60500, grad_norm=0.284534, loss=1.62529
I0913 13:18:41.734025 139802006037696 submission.py:307] 60500) loss = 1.625, grad_norm = 0.285
I0913 13:19:58.850672 139773553383168 logging_writer.py:48] [61000] global_step=61000, grad_norm=0.288286, loss=1.61491
I0913 13:19:58.853868 139802006037696 submission.py:307] 61000) loss = 1.615, grad_norm = 0.288
I0913 13:21:15.957087 139773544990464 logging_writer.py:48] [61500] global_step=61500, grad_norm=0.312885, loss=1.49368
I0913 13:21:15.960423 139802006037696 submission.py:307] 61500) loss = 1.494, grad_norm = 0.313
I0913 13:22:33.048507 139773553383168 logging_writer.py:48] [62000] global_step=62000, grad_norm=0.27702, loss=1.63234
I0913 13:22:33.051714 139802006037696 submission.py:307] 62000) loss = 1.632, grad_norm = 0.277
I0913 13:23:50.141917 139773544990464 logging_writer.py:48] [62500] global_step=62500, grad_norm=0.285192, loss=1.58598
I0913 13:23:50.145145 139802006037696 submission.py:307] 62500) loss = 1.586, grad_norm = 0.285
I0913 13:24:02.588609 139802006037696 spec.py:333] Evaluating on the training split.
I0913 13:24:04.788494 139802006037696 workload.py:152] Translating evaluation dataset.
I0913 13:25:34.817617 139802006037696 spec.py:346] Evaluating on the validation split.
I0913 13:25:36.992686 139802006037696 workload.py:152] Translating evaluation dataset.
I0913 13:26:46.564428 139802006037696 spec.py:363] Evaluating on the test split.
I0913 13:26:48.746566 139802006037696 workload.py:152] Translating evaluation dataset.
I0913 13:27:55.455781 139802006037696 submission_runner.py:516] Time since start: 13426.77s, 	Step: 62578, 	{'train/accuracy': 0.6781173649443489, 'train/loss': 1.473514575179848, 'train/bleu': 34.9030195664067, 'validation/accuracy': 0.6826573756060061, 'validation/loss': 1.4489792439027414, 'validation/bleu': 30.034928923864545, 'validation/num_examples': 3000, 'test/accuracy': 0.6990645517401661, 'test/loss': 1.3470577501307304, 'test/bleu': 29.629351525062226, 'test/num_examples': 3003, 'score': 9709.232525110245, 'total_duration': 13426.772904157639, 'accumulated_submission_time': 9709.232525110245, 'accumulated_eval_time': 3680.249090194702, 'accumulated_logging_time': 0.583716869354248}
I0913 13:27:55.484449 139773553383168 logging_writer.py:48] [62578] accumulated_eval_time=3680.25, accumulated_logging_time=0.583717, accumulated_submission_time=9709.23, global_step=62578, preemption_count=0, score=9709.23, test/accuracy=0.699065, test/bleu=29.6294, test/loss=1.34706, test/num_examples=3003, total_duration=13426.8, train/accuracy=0.678117, train/bleu=34.903, train/loss=1.47351, validation/accuracy=0.682657, validation/bleu=30.0349, validation/loss=1.44898, validation/num_examples=3000
I0913 13:29:01.138167 139773544990464 logging_writer.py:48] [63000] global_step=63000, grad_norm=0.292294, loss=1.52276
I0913 13:29:01.141385 139802006037696 submission.py:307] 63000) loss = 1.523, grad_norm = 0.292
I0913 13:30:18.194683 139773553383168 logging_writer.py:48] [63500] global_step=63500, grad_norm=0.314011, loss=1.60481
I0913 13:30:18.197901 139802006037696 submission.py:307] 63500) loss = 1.605, grad_norm = 0.314
I0913 13:31:35.269720 139773544990464 logging_writer.py:48] [64000] global_step=64000, grad_norm=0.311552, loss=1.62566
I0913 13:31:35.273095 139802006037696 submission.py:307] 64000) loss = 1.626, grad_norm = 0.312
I0913 13:32:52.440750 139773553383168 logging_writer.py:48] [64500] global_step=64500, grad_norm=0.331633, loss=1.62922
I0913 13:32:52.443999 139802006037696 submission.py:307] 64500) loss = 1.629, grad_norm = 0.332
I0913 13:34:09.603687 139773544990464 logging_writer.py:48] [65000] global_step=65000, grad_norm=0.293556, loss=1.56377
I0913 13:34:09.606807 139802006037696 submission.py:307] 65000) loss = 1.564, grad_norm = 0.294
I0913 13:35:26.765014 139773553383168 logging_writer.py:48] [65500] global_step=65500, grad_norm=0.344976, loss=1.58532
I0913 13:35:26.768172 139802006037696 submission.py:307] 65500) loss = 1.585, grad_norm = 0.345
I0913 13:36:43.946203 139773544990464 logging_writer.py:48] [66000] global_step=66000, grad_norm=0.310799, loss=1.583
I0913 13:36:43.949342 139802006037696 submission.py:307] 66000) loss = 1.583, grad_norm = 0.311
I0913 13:38:01.132568 139773553383168 logging_writer.py:48] [66500] global_step=66500, grad_norm=0.326137, loss=1.58156
I0913 13:38:01.135710 139802006037696 submission.py:307] 66500) loss = 1.582, grad_norm = 0.326
I0913 13:38:40.146520 139802006037696 spec.py:333] Evaluating on the training split.
I0913 13:38:42.347363 139802006037696 workload.py:152] Translating evaluation dataset.
I0913 13:40:10.443429 139802006037696 spec.py:346] Evaluating on the validation split.
I0913 13:40:12.620650 139802006037696 workload.py:152] Translating evaluation dataset.
I0913 13:41:16.735337 139802006037696 spec.py:363] Evaluating on the test split.
I0913 13:41:18.917789 139802006037696 workload.py:152] Translating evaluation dataset.
I0913 13:42:15.823317 139802006037696 submission_runner.py:516] Time since start: 14287.14s, 	Step: 66750, 	{'train/accuracy': 0.6760110346722221, 'train/loss': 1.4922873908265701, 'train/bleu': 33.795533798759124, 'validation/accuracy': 0.6852983843969697, 'validation/loss': 1.4414615131864452, 'validation/bleu': 30.305291905739445, 'validation/num_examples': 3000, 'test/accuracy': 0.6992969612457149, 'test/loss': 1.3391317689268492, 'test/bleu': 29.915111229994693, 'test/num_examples': 3003, 'score': 10351.489212274551, 'total_duration': 14287.140409946442, 'accumulated_submission_time': 10351.489212274551, 'accumulated_eval_time': 3895.9259502887726, 'accumulated_logging_time': 0.6218104362487793}
I0913 13:42:15.851828 139773544990464 logging_writer.py:48] [66750] accumulated_eval_time=3895.93, accumulated_logging_time=0.62181, accumulated_submission_time=10351.5, global_step=66750, preemption_count=0, score=10351.5, test/accuracy=0.699297, test/bleu=29.9151, test/loss=1.33913, test/num_examples=3003, total_duration=14287.1, train/accuracy=0.676011, train/bleu=33.7955, train/loss=1.49229, validation/accuracy=0.685298, validation/bleu=30.3053, validation/loss=1.44146, validation/num_examples=3000
I0913 13:42:55.087190 139773553383168 logging_writer.py:48] [67000] global_step=67000, grad_norm=0.3325, loss=1.59758
I0913 13:42:55.090481 139802006037696 submission.py:307] 67000) loss = 1.598, grad_norm = 0.332
I0913 13:44:12.071974 139773544990464 logging_writer.py:48] [67500] global_step=67500, grad_norm=0.297389, loss=1.48556
I0913 13:44:12.075281 139802006037696 submission.py:307] 67500) loss = 1.486, grad_norm = 0.297
I0913 13:45:29.132994 139773553383168 logging_writer.py:48] [68000] global_step=68000, grad_norm=0.330578, loss=1.43571
I0913 13:45:29.136106 139802006037696 submission.py:307] 68000) loss = 1.436, grad_norm = 0.331
I0913 13:46:46.196866 139773544990464 logging_writer.py:48] [68500] global_step=68500, grad_norm=0.44665, loss=1.56043
I0913 13:46:46.200060 139802006037696 submission.py:307] 68500) loss = 1.560, grad_norm = 0.447
I0913 13:48:03.334660 139773553383168 logging_writer.py:48] [69000] global_step=69000, grad_norm=0.322769, loss=1.56805
I0913 13:48:03.338030 139802006037696 submission.py:307] 69000) loss = 1.568, grad_norm = 0.323
I0913 13:49:20.476838 139773544990464 logging_writer.py:48] [69500] global_step=69500, grad_norm=0.345504, loss=1.58364
I0913 13:49:20.479992 139802006037696 submission.py:307] 69500) loss = 1.584, grad_norm = 0.346
I0913 13:50:37.576394 139773553383168 logging_writer.py:48] [70000] global_step=70000, grad_norm=0.333584, loss=1.55696
I0913 13:50:37.579471 139802006037696 submission.py:307] 70000) loss = 1.557, grad_norm = 0.334
I0913 13:51:54.685660 139773544990464 logging_writer.py:48] [70500] global_step=70500, grad_norm=0.38266, loss=1.538
I0913 13:51:54.688925 139802006037696 submission.py:307] 70500) loss = 1.538, grad_norm = 0.383
I0913 13:53:00.486730 139802006037696 spec.py:333] Evaluating on the training split.
I0913 13:53:02.682839 139802006037696 workload.py:152] Translating evaluation dataset.
I0913 13:54:24.955086 139802006037696 spec.py:346] Evaluating on the validation split.
I0913 13:54:27.138405 139802006037696 workload.py:152] Translating evaluation dataset.
I0913 13:55:26.856516 139802006037696 spec.py:363] Evaluating on the test split.
I0913 13:55:29.041060 139802006037696 workload.py:152] Translating evaluation dataset.
I0913 13:56:22.585319 139802006037696 submission_runner.py:516] Time since start: 15133.90s, 	Step: 70924, 	{'train/accuracy': 0.687737344478783, 'train/loss': 1.4093970416756947, 'train/bleu': 34.64019747009979, 'validation/accuracy': 0.6861043260467942, 'validation/loss': 1.4298347393398718, 'validation/bleu': 30.260549972098406, 'validation/num_examples': 3000, 'test/accuracy': 0.7018418453314741, 'test/loss': 1.3263530590901167, 'test/bleu': 29.9305108094369, 'test/num_examples': 3003, 'score': 10993.722551584244, 'total_duration': 15133.902434110641, 'accumulated_submission_time': 10993.722551584244, 'accumulated_eval_time': 4098.024610996246, 'accumulated_logging_time': 0.6599886417388916}
I0913 13:56:22.618974 139773553383168 logging_writer.py:48] [70924] accumulated_eval_time=4098.02, accumulated_logging_time=0.659989, accumulated_submission_time=10993.7, global_step=70924, preemption_count=0, score=10993.7, test/accuracy=0.701842, test/bleu=29.9305, test/loss=1.32635, test/num_examples=3003, total_duration=15133.9, train/accuracy=0.687737, train/bleu=34.6402, train/loss=1.4094, validation/accuracy=0.686104, validation/bleu=30.2605, validation/loss=1.42983, validation/num_examples=3000
I0913 13:56:35.077678 139773544990464 logging_writer.py:48] [71000] global_step=71000, grad_norm=0.343851, loss=1.57988
I0913 13:56:35.080602 139802006037696 submission.py:307] 71000) loss = 1.580, grad_norm = 0.344
I0913 13:57:51.980661 139773553383168 logging_writer.py:48] [71500] global_step=71500, grad_norm=0.354129, loss=1.5333
I0913 13:57:51.983858 139802006037696 submission.py:307] 71500) loss = 1.533, grad_norm = 0.354
I0913 13:59:08.859425 139773544990464 logging_writer.py:48] [72000] global_step=72000, grad_norm=0.337746, loss=1.53511
I0913 13:59:08.862909 139802006037696 submission.py:307] 72000) loss = 1.535, grad_norm = 0.338
I0913 14:00:25.762518 139773553383168 logging_writer.py:48] [72500] global_step=72500, grad_norm=0.346263, loss=1.53306
I0913 14:00:25.765657 139802006037696 submission.py:307] 72500) loss = 1.533, grad_norm = 0.346
I0913 14:01:42.633395 139773544990464 logging_writer.py:48] [73000] global_step=73000, grad_norm=0.357138, loss=1.53805
I0913 14:01:42.636748 139802006037696 submission.py:307] 73000) loss = 1.538, grad_norm = 0.357
I0913 14:02:59.534685 139773553383168 logging_writer.py:48] [73500] global_step=73500, grad_norm=0.5, loss=1.47308
I0913 14:02:59.537773 139802006037696 submission.py:307] 73500) loss = 1.473, grad_norm = 0.500
I0913 14:04:16.408287 139773544990464 logging_writer.py:48] [74000] global_step=74000, grad_norm=0.36883, loss=1.56727
I0913 14:04:16.411537 139802006037696 submission.py:307] 74000) loss = 1.567, grad_norm = 0.369
I0913 14:05:33.323068 139773553383168 logging_writer.py:48] [74500] global_step=74500, grad_norm=0.355393, loss=1.56266
I0913 14:05:33.326278 139802006037696 submission.py:307] 74500) loss = 1.563, grad_norm = 0.355
I0913 14:06:50.194212 139773544990464 logging_writer.py:48] [75000] global_step=75000, grad_norm=0.355894, loss=1.52064
I0913 14:06:50.197449 139802006037696 submission.py:307] 75000) loss = 1.521, grad_norm = 0.356
I0913 14:07:07.219674 139802006037696 spec.py:333] Evaluating on the training split.
I0913 14:07:09.418828 139802006037696 workload.py:152] Translating evaluation dataset.
I0913 14:08:37.871522 139802006037696 spec.py:346] Evaluating on the validation split.
I0913 14:08:40.052949 139802006037696 workload.py:152] Translating evaluation dataset.
I0913 14:09:43.966187 139802006037696 spec.py:363] Evaluating on the test split.
I0913 14:09:46.145386 139802006037696 workload.py:152] Translating evaluation dataset.
I0913 14:10:42.099635 139802006037696 submission_runner.py:516] Time since start: 15993.42s, 	Step: 75108, 	{'train/accuracy': 0.6873241369844211, 'train/loss': 1.4139003986228353, 'train/bleu': 35.10220106458447, 'validation/accuracy': 0.686401904502114, 'validation/loss': 1.4203690902778638, 'validation/bleu': 30.209283267194913, 'validation/num_examples': 3000, 'test/accuracy': 0.7033989890186508, 'test/loss': 1.3169482816222184, 'test/bleu': 30.17727112013422, 'test/num_examples': 3003, 'score': 11635.910709619522, 'total_duration': 15993.416740655899, 'accumulated_submission_time': 11635.910709619522, 'accumulated_eval_time': 4312.904577493668, 'accumulated_logging_time': 0.703080415725708}
I0913 14:10:42.128058 139773553383168 logging_writer.py:48] [75108] accumulated_eval_time=4312.9, accumulated_logging_time=0.70308, accumulated_submission_time=11635.9, global_step=75108, preemption_count=0, score=11635.9, test/accuracy=0.703399, test/bleu=30.1773, test/loss=1.31695, test/num_examples=3003, total_duration=15993.4, train/accuracy=0.687324, train/bleu=35.1022, train/loss=1.4139, validation/accuracy=0.686402, validation/bleu=30.2093, validation/loss=1.42037, validation/num_examples=3000
I0913 14:11:43.005077 139773544990464 logging_writer.py:48] [75500] global_step=75500, grad_norm=0.387151, loss=1.49833
I0913 14:11:43.008214 139802006037696 submission.py:307] 75500) loss = 1.498, grad_norm = 0.387
I0913 14:12:59.826717 139773553383168 logging_writer.py:48] [76000] global_step=76000, grad_norm=0.372772, loss=1.52633
I0913 14:12:59.829888 139802006037696 submission.py:307] 76000) loss = 1.526, grad_norm = 0.373
I0913 14:14:16.669126 139773544990464 logging_writer.py:48] [76500] global_step=76500, grad_norm=0.33775, loss=1.51438
I0913 14:14:16.672362 139802006037696 submission.py:307] 76500) loss = 1.514, grad_norm = 0.338
I0913 14:15:33.630623 139773553383168 logging_writer.py:48] [77000] global_step=77000, grad_norm=0.363813, loss=1.51241
I0913 14:15:33.634147 139802006037696 submission.py:307] 77000) loss = 1.512, grad_norm = 0.364
I0913 14:16:50.612757 139773544990464 logging_writer.py:48] [77500] global_step=77500, grad_norm=0.322505, loss=1.55136
I0913 14:16:50.615931 139802006037696 submission.py:307] 77500) loss = 1.551, grad_norm = 0.323
I0913 14:18:07.593104 139773553383168 logging_writer.py:48] [78000] global_step=78000, grad_norm=0.364025, loss=1.53961
I0913 14:18:07.596385 139802006037696 submission.py:307] 78000) loss = 1.540, grad_norm = 0.364
I0913 14:19:24.563912 139773544990464 logging_writer.py:48] [78500] global_step=78500, grad_norm=0.355218, loss=1.45955
I0913 14:19:24.566964 139802006037696 submission.py:307] 78500) loss = 1.460, grad_norm = 0.355
I0913 14:20:41.539930 139773553383168 logging_writer.py:48] [79000] global_step=79000, grad_norm=0.35137, loss=1.52802
I0913 14:20:41.543396 139802006037696 submission.py:307] 79000) loss = 1.528, grad_norm = 0.351
I0913 14:21:26.743466 139802006037696 spec.py:333] Evaluating on the training split.
I0913 14:21:28.940707 139802006037696 workload.py:152] Translating evaluation dataset.
I0913 14:22:57.771140 139802006037696 spec.py:346] Evaluating on the validation split.
I0913 14:22:59.952905 139802006037696 workload.py:152] Translating evaluation dataset.
I0913 14:24:12.430327 139802006037696 spec.py:363] Evaluating on the test split.
I0913 14:24:14.612231 139802006037696 workload.py:152] Translating evaluation dataset.
I0913 14:25:25.491047 139802006037696 submission_runner.py:516] Time since start: 16876.81s, 	Step: 79291, 	{'train/accuracy': 0.6846116111662502, 'train/loss': 1.4252815662183282, 'train/bleu': 34.67072321627014, 'validation/accuracy': 0.6875674201187834, 'validation/loss': 1.4130921733766475, 'validation/bleu': 30.36090824007107, 'validation/num_examples': 3000, 'test/accuracy': 0.70403811515891, 'test/loss': 1.3051324371041775, 'test/bleu': 30.196260633743304, 'test/num_examples': 3003, 'score': 12278.122849941254, 'total_duration': 16876.808160305023, 'accumulated_submission_time': 12278.122849941254, 'accumulated_eval_time': 4551.652169466019, 'accumulated_logging_time': 0.7410016059875488}
I0913 14:25:25.522485 139773544990464 logging_writer.py:48] [79291] accumulated_eval_time=4551.65, accumulated_logging_time=0.741002, accumulated_submission_time=12278.1, global_step=79291, preemption_count=0, score=12278.1, test/accuracy=0.704038, test/bleu=30.1963, test/loss=1.30513, test/num_examples=3003, total_duration=16876.8, train/accuracy=0.684612, train/bleu=34.6707, train/loss=1.42528, validation/accuracy=0.687567, validation/bleu=30.3609, validation/loss=1.41309, validation/num_examples=3000
I0913 14:25:58.330940 139773553383168 logging_writer.py:48] [79500] global_step=79500, grad_norm=0.355047, loss=1.55027
I0913 14:25:58.334308 139802006037696 submission.py:307] 79500) loss = 1.550, grad_norm = 0.355
I0913 14:27:15.079345 139773544990464 logging_writer.py:48] [80000] global_step=80000, grad_norm=0.360164, loss=1.49691
I0913 14:27:15.082547 139802006037696 submission.py:307] 80000) loss = 1.497, grad_norm = 0.360
I0913 14:28:31.975064 139773553383168 logging_writer.py:48] [80500] global_step=80500, grad_norm=0.368662, loss=1.55064
I0913 14:28:31.978139 139802006037696 submission.py:307] 80500) loss = 1.551, grad_norm = 0.369
I0913 14:29:48.866931 139773544990464 logging_writer.py:48] [81000] global_step=81000, grad_norm=0.341465, loss=1.52035
I0913 14:29:48.872586 139802006037696 submission.py:307] 81000) loss = 1.520, grad_norm = 0.341
I0913 14:31:05.760653 139773553383168 logging_writer.py:48] [81500] global_step=81500, grad_norm=0.347929, loss=1.51061
I0913 14:31:05.763829 139802006037696 submission.py:307] 81500) loss = 1.511, grad_norm = 0.348
I0913 14:32:22.685649 139773544990464 logging_writer.py:48] [82000] global_step=82000, grad_norm=0.354001, loss=1.49102
I0913 14:32:22.688959 139802006037696 submission.py:307] 82000) loss = 1.491, grad_norm = 0.354
I0913 14:33:39.563863 139773553383168 logging_writer.py:48] [82500] global_step=82500, grad_norm=0.360721, loss=1.53615
I0913 14:33:39.567087 139802006037696 submission.py:307] 82500) loss = 1.536, grad_norm = 0.361
I0913 14:34:56.480602 139773544990464 logging_writer.py:48] [83000] global_step=83000, grad_norm=0.337975, loss=1.44803
I0913 14:34:56.483846 139802006037696 submission.py:307] 83000) loss = 1.448, grad_norm = 0.338
I0913 14:36:10.097507 139802006037696 spec.py:333] Evaluating on the training split.
I0913 14:36:12.296958 139802006037696 workload.py:152] Translating evaluation dataset.
I0913 14:37:43.763121 139802006037696 spec.py:346] Evaluating on the validation split.
I0913 14:37:45.946552 139802006037696 workload.py:152] Translating evaluation dataset.
I0913 14:38:53.652409 139802006037696 spec.py:363] Evaluating on the test split.
I0913 14:38:55.836514 139802006037696 workload.py:152] Translating evaluation dataset.
I0913 14:39:53.595051 139802006037696 submission_runner.py:516] Time since start: 17744.91s, 	Step: 83476, 	{'train/accuracy': 0.6931581866075142, 'train/loss': 1.3781471677295625, 'train/bleu': 35.55717010011654, 'validation/accuracy': 0.6898364558405972, 'validation/loss': 1.4083055386789995, 'validation/bleu': 30.42063895411213, 'validation/num_examples': 3000, 'test/accuracy': 0.7054093312416477, 'test/loss': 1.298196102783104, 'test/bleu': 30.197715887844026, 'test/num_examples': 3003, 'score': 12920.284372329712, 'total_duration': 17744.912157297134, 'accumulated_submission_time': 12920.284372329712, 'accumulated_eval_time': 4775.149796485901, 'accumulated_logging_time': 0.7820522785186768}
I0913 14:39:53.625923 139773553383168 logging_writer.py:48] [83476] accumulated_eval_time=4775.15, accumulated_logging_time=0.782052, accumulated_submission_time=12920.3, global_step=83476, preemption_count=0, score=12920.3, test/accuracy=0.705409, test/bleu=30.1977, test/loss=1.2982, test/num_examples=3003, total_duration=17744.9, train/accuracy=0.693158, train/bleu=35.5572, train/loss=1.37815, validation/accuracy=0.689836, validation/bleu=30.4206, validation/loss=1.40831, validation/num_examples=3000
I0913 14:39:58.099655 139773544990464 logging_writer.py:48] [83500] global_step=83500, grad_norm=0.349038, loss=1.51609
I0913 14:39:58.102813 139802006037696 submission.py:307] 83500) loss = 1.516, grad_norm = 0.349
I0913 14:41:14.844504 139773553383168 logging_writer.py:48] [84000] global_step=84000, grad_norm=0.346339, loss=1.50469
I0913 14:41:14.847853 139802006037696 submission.py:307] 84000) loss = 1.505, grad_norm = 0.346
I0913 14:42:31.690457 139773544990464 logging_writer.py:48] [84500] global_step=84500, grad_norm=0.39411, loss=1.56254
I0913 14:42:31.693523 139802006037696 submission.py:307] 84500) loss = 1.563, grad_norm = 0.394
I0913 14:43:48.570651 139773553383168 logging_writer.py:48] [85000] global_step=85000, grad_norm=0.335539, loss=1.42014
I0913 14:43:48.573884 139802006037696 submission.py:307] 85000) loss = 1.420, grad_norm = 0.336
I0913 14:45:05.436126 139773544990464 logging_writer.py:48] [85500] global_step=85500, grad_norm=0.36538, loss=1.49098
I0913 14:45:05.439295 139802006037696 submission.py:307] 85500) loss = 1.491, grad_norm = 0.365
I0913 14:46:22.318910 139773553383168 logging_writer.py:48] [86000] global_step=86000, grad_norm=0.357221, loss=1.51785
I0913 14:46:22.322267 139802006037696 submission.py:307] 86000) loss = 1.518, grad_norm = 0.357
I0913 14:47:39.230518 139773544990464 logging_writer.py:48] [86500] global_step=86500, grad_norm=0.365495, loss=1.45143
I0913 14:47:39.233549 139802006037696 submission.py:307] 86500) loss = 1.451, grad_norm = 0.365
I0913 14:48:56.162868 139773553383168 logging_writer.py:48] [87000] global_step=87000, grad_norm=0.331494, loss=1.40901
I0913 14:48:56.166200 139802006037696 submission.py:307] 87000) loss = 1.409, grad_norm = 0.331
I0913 14:50:13.070354 139773544990464 logging_writer.py:48] [87500] global_step=87500, grad_norm=0.359636, loss=1.39439
I0913 14:50:13.073452 139802006037696 submission.py:307] 87500) loss = 1.394, grad_norm = 0.360
I0913 14:50:38.247296 139802006037696 spec.py:333] Evaluating on the training split.
I0913 14:50:40.441010 139802006037696 workload.py:152] Translating evaluation dataset.
I0913 14:52:19.818534 139802006037696 spec.py:346] Evaluating on the validation split.
I0913 14:52:22.003825 139802006037696 workload.py:152] Translating evaluation dataset.
I0913 14:53:28.462800 139802006037696 spec.py:363] Evaluating on the test split.
I0913 14:53:30.646882 139802006037696 workload.py:152] Translating evaluation dataset.
I0913 14:54:29.830505 139802006037696 submission_runner.py:516] Time since start: 18621.15s, 	Step: 87661, 	{'train/accuracy': 0.6964027301420904, 'train/loss': 1.3526700890771528, 'train/bleu': 35.634105035055384, 'validation/accuracy': 0.6899728459659521, 'validation/loss': 1.4038192916082877, 'validation/bleu': 30.732287328799785, 'validation/num_examples': 3000, 'test/accuracy': 0.7070361977804892, 'test/loss': 1.2947403731625124, 'test/bleu': 30.371250564178208, 'test/num_examples': 3003, 'score': 13562.501360416412, 'total_duration': 18621.147614240646, 'accumulated_submission_time': 13562.501360416412, 'accumulated_eval_time': 5006.733048439026, 'accumulated_logging_time': 0.8224046230316162}
I0913 14:54:29.860316 139773553383168 logging_writer.py:48] [87661] accumulated_eval_time=5006.73, accumulated_logging_time=0.822405, accumulated_submission_time=13562.5, global_step=87661, preemption_count=0, score=13562.5, test/accuracy=0.707036, test/bleu=30.3713, test/loss=1.29474, test/num_examples=3003, total_duration=18621.1, train/accuracy=0.696403, train/bleu=35.6341, train/loss=1.35267, validation/accuracy=0.689973, validation/bleu=30.7323, validation/loss=1.40382, validation/num_examples=3000
I0913 14:55:22.614893 139773544990464 logging_writer.py:48] [88000] global_step=88000, grad_norm=0.33186, loss=1.50903
I0913 14:55:22.617905 139802006037696 submission.py:307] 88000) loss = 1.509, grad_norm = 0.332
I0913 14:56:39.392411 139773553383168 logging_writer.py:48] [88500] global_step=88500, grad_norm=0.364734, loss=1.47807
I0913 14:56:39.395836 139802006037696 submission.py:307] 88500) loss = 1.478, grad_norm = 0.365
I0913 14:57:56.255072 139773544990464 logging_writer.py:48] [89000] global_step=89000, grad_norm=0.339362, loss=1.38229
I0913 14:57:56.258171 139802006037696 submission.py:307] 89000) loss = 1.382, grad_norm = 0.339
I0913 14:59:13.098115 139773553383168 logging_writer.py:48] [89500] global_step=89500, grad_norm=0.32006, loss=1.49119
I0913 14:59:13.101271 139802006037696 submission.py:307] 89500) loss = 1.491, grad_norm = 0.320
I0913 15:00:29.963102 139773544990464 logging_writer.py:48] [90000] global_step=90000, grad_norm=0.343884, loss=1.53582
I0913 15:00:29.966269 139802006037696 submission.py:307] 90000) loss = 1.536, grad_norm = 0.344
I0913 15:01:46.832892 139773553383168 logging_writer.py:48] [90500] global_step=90500, grad_norm=0.350839, loss=1.51913
I0913 15:01:46.836144 139802006037696 submission.py:307] 90500) loss = 1.519, grad_norm = 0.351
I0913 15:03:03.780398 139773544990464 logging_writer.py:48] [91000] global_step=91000, grad_norm=0.368232, loss=1.49687
I0913 15:03:03.783423 139802006037696 submission.py:307] 91000) loss = 1.497, grad_norm = 0.368
I0913 15:04:20.713047 139773553383168 logging_writer.py:48] [91500] global_step=91500, grad_norm=0.348267, loss=1.52341
I0913 15:04:20.716388 139802006037696 submission.py:307] 91500) loss = 1.523, grad_norm = 0.348
I0913 15:05:14.483206 139802006037696 spec.py:333] Evaluating on the training split.
I0913 15:05:16.680207 139802006037696 workload.py:152] Translating evaluation dataset.
I0913 15:06:51.648522 139802006037696 spec.py:346] Evaluating on the validation split.
I0913 15:06:53.830966 139802006037696 workload.py:152] Translating evaluation dataset.
I0913 15:07:56.328042 139802006037696 spec.py:363] Evaluating on the test split.
I0913 15:07:58.504523 139802006037696 workload.py:152] Translating evaluation dataset.
I0913 15:08:56.121170 139802006037696 submission_runner.py:516] Time since start: 19487.44s, 	Step: 91847, 	{'train/accuracy': 0.6967524734334921, 'train/loss': 1.3594542629511726, 'train/bleu': 35.62226473493535, 'validation/accuracy': 0.6922542807900708, 'validation/loss': 1.3970977188751534, 'validation/bleu': 30.529455857116726, 'validation/num_examples': 3000, 'test/accuracy': 0.7080820405554588, 'test/loss': 1.2840292908604962, 'test/bleu': 30.630104490928616, 'test/num_examples': 3003, 'score': 14204.70498752594, 'total_duration': 19487.438278913498, 'accumulated_submission_time': 14204.70498752594, 'accumulated_eval_time': 5228.371054410934, 'accumulated_logging_time': 0.8618402481079102}
I0913 15:08:56.151101 139773544990464 logging_writer.py:48] [91847] accumulated_eval_time=5228.37, accumulated_logging_time=0.86184, accumulated_submission_time=14204.7, global_step=91847, preemption_count=0, score=14204.7, test/accuracy=0.708082, test/bleu=30.6301, test/loss=1.28403, test/num_examples=3003, total_duration=19487.4, train/accuracy=0.696752, train/bleu=35.6223, train/loss=1.35945, validation/accuracy=0.692254, validation/bleu=30.5295, validation/loss=1.3971, validation/num_examples=3000
I0913 15:09:20.400914 139773553383168 logging_writer.py:48] [92000] global_step=92000, grad_norm=0.369485, loss=1.51206
I0913 15:09:20.403950 139802006037696 submission.py:307] 92000) loss = 1.512, grad_norm = 0.369
I0913 15:10:37.193659 139773544990464 logging_writer.py:48] [92500] global_step=92500, grad_norm=0.327804, loss=1.42388
I0913 15:10:37.196866 139802006037696 submission.py:307] 92500) loss = 1.424, grad_norm = 0.328
I0913 15:11:54.055802 139773553383168 logging_writer.py:48] [93000] global_step=93000, grad_norm=0.370987, loss=1.47366
I0913 15:11:54.059142 139802006037696 submission.py:307] 93000) loss = 1.474, grad_norm = 0.371
I0913 15:13:10.922302 139773544990464 logging_writer.py:48] [93500] global_step=93500, grad_norm=0.347172, loss=1.45474
I0913 15:13:10.925388 139802006037696 submission.py:307] 93500) loss = 1.455, grad_norm = 0.347
I0913 15:14:27.825270 139773553383168 logging_writer.py:48] [94000] global_step=94000, grad_norm=0.383163, loss=1.53647
I0913 15:14:27.828434 139802006037696 submission.py:307] 94000) loss = 1.536, grad_norm = 0.383
I0913 15:15:44.689320 139773544990464 logging_writer.py:48] [94500] global_step=94500, grad_norm=0.356017, loss=1.47775
I0913 15:15:44.692483 139802006037696 submission.py:307] 94500) loss = 1.478, grad_norm = 0.356
I0913 15:17:01.589755 139773553383168 logging_writer.py:48] [95000] global_step=95000, grad_norm=0.335522, loss=1.48088
I0913 15:17:01.593093 139802006037696 submission.py:307] 95000) loss = 1.481, grad_norm = 0.336
I0913 15:18:18.524914 139773544990464 logging_writer.py:48] [95500] global_step=95500, grad_norm=0.32689, loss=1.46042
I0913 15:18:18.528337 139802006037696 submission.py:307] 95500) loss = 1.460, grad_norm = 0.327
I0913 15:19:35.438533 139773553383168 logging_writer.py:48] [96000] global_step=96000, grad_norm=0.343582, loss=1.42479
I0913 15:19:35.441680 139802006037696 submission.py:307] 96000) loss = 1.425, grad_norm = 0.344
I0913 15:19:40.783651 139802006037696 spec.py:333] Evaluating on the training split.
I0913 15:19:42.978609 139802006037696 workload.py:152] Translating evaluation dataset.
I0913 15:21:08.864370 139802006037696 spec.py:346] Evaluating on the validation split.
I0913 15:21:11.048120 139802006037696 workload.py:152] Translating evaluation dataset.
I0913 15:22:11.258853 139802006037696 spec.py:363] Evaluating on the test split.
I0913 15:22:13.437199 139802006037696 workload.py:152] Translating evaluation dataset.
I0913 15:23:07.391369 139802006037696 submission_runner.py:516] Time since start: 20338.71s, 	Step: 96032, 	{'train/accuracy': 0.699206924732668, 'train/loss': 1.3320539563117972, 'train/bleu': 36.02363252187802, 'validation/accuracy': 0.6921674870739358, 'validation/loss': 1.3897272274987291, 'validation/bleu': 30.503563924140668, 'validation/num_examples': 3000, 'test/accuracy': 0.7093486723606995, 'test/loss': 1.2777466990587416, 'test/bleu': 30.37390140044731, 'test/num_examples': 3003, 'score': 14846.929310798645, 'total_duration': 20338.708476305008, 'accumulated_submission_time': 14846.929310798645, 'accumulated_eval_time': 5434.9788410663605, 'accumulated_logging_time': 0.9011752605438232}
I0913 15:23:07.421554 139773544990464 logging_writer.py:48] [96032] accumulated_eval_time=5434.98, accumulated_logging_time=0.901175, accumulated_submission_time=14846.9, global_step=96032, preemption_count=0, score=14846.9, test/accuracy=0.709349, test/bleu=30.3739, test/loss=1.27775, test/num_examples=3003, total_duration=20338.7, train/accuracy=0.699207, train/bleu=36.0236, train/loss=1.33205, validation/accuracy=0.692167, validation/bleu=30.5036, validation/loss=1.38973, validation/num_examples=3000
I0913 15:24:19.959322 139773553383168 logging_writer.py:48] [96500] global_step=96500, grad_norm=0.339783, loss=1.46473
I0913 15:24:19.962687 139802006037696 submission.py:307] 96500) loss = 1.465, grad_norm = 0.340
I0913 15:25:36.772670 139773544990464 logging_writer.py:48] [97000] global_step=97000, grad_norm=0.347553, loss=1.51136
I0913 15:25:36.775804 139802006037696 submission.py:307] 97000) loss = 1.511, grad_norm = 0.348
I0913 15:26:53.634217 139773553383168 logging_writer.py:48] [97500] global_step=97500, grad_norm=0.328583, loss=1.46113
I0913 15:26:53.637359 139802006037696 submission.py:307] 97500) loss = 1.461, grad_norm = 0.329
I0913 15:28:10.555289 139773544990464 logging_writer.py:48] [98000] global_step=98000, grad_norm=0.336552, loss=1.46213
I0913 15:28:10.558846 139802006037696 submission.py:307] 98000) loss = 1.462, grad_norm = 0.337
I0913 15:29:27.437585 139773553383168 logging_writer.py:48] [98500] global_step=98500, grad_norm=0.344952, loss=1.37032
I0913 15:29:27.440912 139802006037696 submission.py:307] 98500) loss = 1.370, grad_norm = 0.345
I0913 15:30:44.321089 139773544990464 logging_writer.py:48] [99000] global_step=99000, grad_norm=0.317176, loss=1.38889
I0913 15:30:44.324153 139802006037696 submission.py:307] 99000) loss = 1.389, grad_norm = 0.317
I0913 15:32:01.190916 139773553383168 logging_writer.py:48] [99500] global_step=99500, grad_norm=0.351444, loss=1.38449
I0913 15:32:01.194252 139802006037696 submission.py:307] 99500) loss = 1.384, grad_norm = 0.351
I0913 15:33:18.084681 139773544990464 logging_writer.py:48] [100000] global_step=100000, grad_norm=0.372665, loss=1.41194
I0913 15:33:18.088006 139802006037696 submission.py:307] 100000) loss = 1.412, grad_norm = 0.373
I0913 15:33:52.025094 139802006037696 spec.py:333] Evaluating on the training split.
I0913 15:33:54.222754 139802006037696 workload.py:152] Translating evaluation dataset.
I0913 15:35:24.006523 139802006037696 spec.py:346] Evaluating on the validation split.
I0913 15:35:26.187762 139802006037696 workload.py:152] Translating evaluation dataset.
I0913 15:36:30.273487 139802006037696 spec.py:363] Evaluating on the test split.
I0913 15:36:32.452405 139802006037696 workload.py:152] Translating evaluation dataset.
I0913 15:37:27.159161 139802006037696 submission_runner.py:516] Time since start: 21198.48s, 	Step: 100218, 	{'train/accuracy': 0.7010576275827448, 'train/loss': 1.32520942908647, 'train/bleu': 36.29287865890685, 'validation/accuracy': 0.6933825990998251, 'validation/loss': 1.387492773648188, 'validation/bleu': 30.703973921269075, 'validation/num_examples': 3000, 'test/accuracy': 0.7110568822264831, 'test/loss': 1.2748164328046017, 'test/bleu': 30.83824125061178, 'test/num_examples': 3003, 'score': 15489.126465082169, 'total_duration': 21198.476254463196, 'accumulated_submission_time': 15489.126465082169, 'accumulated_eval_time': 5650.112952947617, 'accumulated_logging_time': 0.9410097599029541}
I0913 15:37:27.190585 139773553383168 logging_writer.py:48] [100218] accumulated_eval_time=5650.11, accumulated_logging_time=0.94101, accumulated_submission_time=15489.1, global_step=100218, preemption_count=0, score=15489.1, test/accuracy=0.711057, test/bleu=30.8382, test/loss=1.27482, test/num_examples=3003, total_duration=21198.5, train/accuracy=0.701058, train/bleu=36.2929, train/loss=1.32521, validation/accuracy=0.693383, validation/bleu=30.704, validation/loss=1.38749, validation/num_examples=3000
I0913 15:38:11.235254 139773544990464 logging_writer.py:48] [100500] global_step=100500, grad_norm=0.372328, loss=1.4839
I0913 15:38:11.238334 139802006037696 submission.py:307] 100500) loss = 1.484, grad_norm = 0.372
I0913 15:39:28.020998 139773553383168 logging_writer.py:48] [101000] global_step=101000, grad_norm=0.366359, loss=1.41132
I0913 15:39:28.024280 139802006037696 submission.py:307] 101000) loss = 1.411, grad_norm = 0.366
I0913 15:40:44.856672 139773544990464 logging_writer.py:48] [101500] global_step=101500, grad_norm=0.343346, loss=1.44566
I0913 15:40:44.859944 139802006037696 submission.py:307] 101500) loss = 1.446, grad_norm = 0.343
I0913 15:42:01.714610 139773553383168 logging_writer.py:48] [102000] global_step=102000, grad_norm=0.339426, loss=1.4298
I0913 15:42:01.717710 139802006037696 submission.py:307] 102000) loss = 1.430, grad_norm = 0.339
I0913 15:43:18.570784 139773544990464 logging_writer.py:48] [102500] global_step=102500, grad_norm=0.336475, loss=1.34102
I0913 15:43:18.573950 139802006037696 submission.py:307] 102500) loss = 1.341, grad_norm = 0.336
I0913 15:44:35.456885 139773553383168 logging_writer.py:48] [103000] global_step=103000, grad_norm=0.349869, loss=1.40059
I0913 15:44:35.460261 139802006037696 submission.py:307] 103000) loss = 1.401, grad_norm = 0.350
I0913 15:45:52.319458 139773544990464 logging_writer.py:48] [103500] global_step=103500, grad_norm=0.333105, loss=1.37184
I0913 15:45:52.322708 139802006037696 submission.py:307] 103500) loss = 1.372, grad_norm = 0.333
I0913 15:47:09.220553 139773553383168 logging_writer.py:48] [104000] global_step=104000, grad_norm=0.365076, loss=1.49164
I0913 15:47:09.223578 139802006037696 submission.py:307] 104000) loss = 1.492, grad_norm = 0.365
I0913 15:48:11.769829 139802006037696 spec.py:333] Evaluating on the training split.
I0913 15:48:13.966827 139802006037696 workload.py:152] Translating evaluation dataset.
I0913 15:49:48.502207 139802006037696 spec.py:346] Evaluating on the validation split.
I0913 15:49:50.678698 139802006037696 workload.py:152] Translating evaluation dataset.
I0913 15:50:55.902341 139802006037696 spec.py:363] Evaluating on the test split.
I0913 15:50:58.082163 139802006037696 workload.py:152] Translating evaluation dataset.
I0913 15:52:00.145800 139802006037696 submission_runner.py:516] Time since start: 22071.46s, 	Step: 104404, 	{'train/accuracy': 0.7013492118124871, 'train/loss': 1.3243644019182672, 'train/bleu': 36.5867640368117, 'validation/accuracy': 0.693580984736705, 'validation/loss': 1.3883863808260282, 'validation/bleu': 30.800434632280638, 'validation/num_examples': 3000, 'test/accuracy': 0.7112544303061995, 'test/loss': 1.2717339201673348, 'test/bleu': 30.82440532248409, 'test/num_examples': 3003, 'score': 16131.295519828796, 'total_duration': 22071.462913513184, 'accumulated_submission_time': 16131.295519828796, 'accumulated_eval_time': 5878.489018201828, 'accumulated_logging_time': 0.9821929931640625}
I0913 15:52:00.176135 139773544990464 logging_writer.py:48] [104404] accumulated_eval_time=5878.49, accumulated_logging_time=0.982193, accumulated_submission_time=16131.3, global_step=104404, preemption_count=0, score=16131.3, test/accuracy=0.711254, test/bleu=30.8244, test/loss=1.27173, test/num_examples=3003, total_duration=22071.5, train/accuracy=0.701349, train/bleu=36.5868, train/loss=1.32436, validation/accuracy=0.693581, validation/bleu=30.8004, validation/loss=1.38839, validation/num_examples=3000
I0913 15:52:15.664737 139773553383168 logging_writer.py:48] [104500] global_step=104500, grad_norm=0.341801, loss=1.42704
I0913 15:52:15.667646 139802006037696 submission.py:307] 104500) loss = 1.427, grad_norm = 0.342
I0913 15:53:32.379872 139773544990464 logging_writer.py:48] [105000] global_step=105000, grad_norm=0.360831, loss=1.43925
I0913 15:53:32.382963 139802006037696 submission.py:307] 105000) loss = 1.439, grad_norm = 0.361
I0913 15:54:49.234624 139773553383168 logging_writer.py:48] [105500] global_step=105500, grad_norm=0.333867, loss=1.43653
I0913 15:54:49.238035 139802006037696 submission.py:307] 105500) loss = 1.437, grad_norm = 0.334
I0913 15:56:06.100602 139773544990464 logging_writer.py:48] [106000] global_step=106000, grad_norm=0.342085, loss=1.47139
I0913 15:56:06.103931 139802006037696 submission.py:307] 106000) loss = 1.471, grad_norm = 0.342
I0913 15:57:23.003909 139773553383168 logging_writer.py:48] [106500] global_step=106500, grad_norm=0.326775, loss=1.38367
I0913 15:57:23.006949 139802006037696 submission.py:307] 106500) loss = 1.384, grad_norm = 0.327
I0913 15:58:40.035144 139773544990464 logging_writer.py:48] [107000] global_step=107000, grad_norm=0.331032, loss=1.45626
I0913 15:58:40.038286 139802006037696 submission.py:307] 107000) loss = 1.456, grad_norm = 0.331
I0913 15:59:57.017838 139773553383168 logging_writer.py:48] [107500] global_step=107500, grad_norm=0.348706, loss=1.43694
I0913 15:59:57.021153 139802006037696 submission.py:307] 107500) loss = 1.437, grad_norm = 0.349
I0913 16:01:13.999851 139773544990464 logging_writer.py:48] [108000] global_step=108000, grad_norm=0.338576, loss=1.43661
I0913 16:01:14.003006 139802006037696 submission.py:307] 108000) loss = 1.437, grad_norm = 0.339
I0913 16:02:30.984609 139773553383168 logging_writer.py:48] [108500] global_step=108500, grad_norm=0.352023, loss=1.36021
I0913 16:02:30.987707 139802006037696 submission.py:307] 108500) loss = 1.360, grad_norm = 0.352
I0913 16:02:44.794786 139802006037696 spec.py:333] Evaluating on the training split.
I0913 16:02:46.992308 139802006037696 workload.py:152] Translating evaluation dataset.
I0913 16:04:16.959806 139802006037696 spec.py:346] Evaluating on the validation split.
I0913 16:04:19.136011 139802006037696 workload.py:152] Translating evaluation dataset.
I0913 16:05:24.247833 139802006037696 spec.py:363] Evaluating on the test split.
I0913 16:05:26.429370 139802006037696 workload.py:152] Translating evaluation dataset.
I0913 16:06:27.694663 139802006037696 submission_runner.py:516] Time since start: 22939.01s, 	Step: 108587, 	{'train/accuracy': 0.7014952301481698, 'train/loss': 1.3235886016891816, 'train/bleu': 36.552775460332526, 'validation/accuracy': 0.6941885407496498, 'validation/loss': 1.3850052037482485, 'validation/bleu': 30.741540601810694, 'validation/num_examples': 3000, 'test/accuracy': 0.710789611295102, 'test/loss': 1.2702854460809947, 'test/bleu': 30.62603422876235, 'test/num_examples': 3003, 'score': 16773.50749373436, 'total_duration': 22939.01176381111, 'accumulated_submission_time': 16773.50749373436, 'accumulated_eval_time': 6101.3889355659485, 'accumulated_logging_time': 1.0220787525177002}
I0913 16:06:27.727411 139773544990464 logging_writer.py:48] [108587] accumulated_eval_time=6101.39, accumulated_logging_time=1.02208, accumulated_submission_time=16773.5, global_step=108587, preemption_count=0, score=16773.5, test/accuracy=0.71079, test/bleu=30.626, test/loss=1.27029, test/num_examples=3003, total_duration=22939, train/accuracy=0.701495, train/bleu=36.5528, train/loss=1.32359, validation/accuracy=0.694189, validation/bleu=30.7415, validation/loss=1.38501, validation/num_examples=3000
I0913 16:07:31.862254 139773553383168 logging_writer.py:48] [109000] global_step=109000, grad_norm=0.367022, loss=1.46826
I0913 16:07:31.865379 139802006037696 submission.py:307] 109000) loss = 1.468, grad_norm = 0.367
I0913 16:08:48.731692 139773544990464 logging_writer.py:48] [109500] global_step=109500, grad_norm=0.34298, loss=1.3466
I0913 16:08:48.735255 139802006037696 submission.py:307] 109500) loss = 1.347, grad_norm = 0.343
I0913 16:10:05.609179 139773553383168 logging_writer.py:48] [110000] global_step=110000, grad_norm=0.329696, loss=1.39084
I0913 16:10:05.612318 139802006037696 submission.py:307] 110000) loss = 1.391, grad_norm = 0.330
I0913 16:11:22.490898 139773544990464 logging_writer.py:48] [110500] global_step=110500, grad_norm=0.339035, loss=1.4822
I0913 16:11:22.494170 139802006037696 submission.py:307] 110500) loss = 1.482, grad_norm = 0.339
I0913 16:12:39.358368 139773553383168 logging_writer.py:48] [111000] global_step=111000, grad_norm=0.353224, loss=1.40453
I0913 16:12:39.361539 139802006037696 submission.py:307] 111000) loss = 1.405, grad_norm = 0.353
I0913 16:13:56.241118 139773544990464 logging_writer.py:48] [111500] global_step=111500, grad_norm=0.349326, loss=1.36533
I0913 16:13:56.244259 139802006037696 submission.py:307] 111500) loss = 1.365, grad_norm = 0.349
I0913 16:15:13.151975 139773553383168 logging_writer.py:48] [112000] global_step=112000, grad_norm=0.325753, loss=1.39353
I0913 16:15:13.155086 139802006037696 submission.py:307] 112000) loss = 1.394, grad_norm = 0.326
I0913 16:16:30.037614 139773544990464 logging_writer.py:48] [112500] global_step=112500, grad_norm=0.319961, loss=1.30624
I0913 16:16:30.040915 139802006037696 submission.py:307] 112500) loss = 1.306, grad_norm = 0.320
I0913 16:17:12.410130 139802006037696 spec.py:333] Evaluating on the training split.
I0913 16:17:14.608983 139802006037696 workload.py:152] Translating evaluation dataset.
I0913 16:18:42.955309 139802006037696 spec.py:346] Evaluating on the validation split.
I0913 16:18:45.132526 139802006037696 workload.py:152] Translating evaluation dataset.
I0913 16:19:47.801752 139802006037696 spec.py:363] Evaluating on the test split.
I0913 16:19:49.976826 139802006037696 workload.py:152] Translating evaluation dataset.
I0913 16:20:45.811009 139802006037696 submission_runner.py:516] Time since start: 23797.13s, 	Step: 112773, 	{'train/accuracy': 0.700723999496746, 'train/loss': 1.3307948732429, 'train/bleu': 36.62687539942267, 'validation/accuracy': 0.6941637425450398, 'validation/loss': 1.3828152123036292, 'validation/bleu': 30.74221672807699, 'validation/num_examples': 3000, 'test/accuracy': 0.711905176921736, 'test/loss': 1.2670732017314508, 'test/bleu': 30.748248276620576, 'test/num_examples': 3003, 'score': 17415.770446300507, 'total_duration': 23797.128108739853, 'accumulated_submission_time': 17415.770446300507, 'accumulated_eval_time': 6314.789815425873, 'accumulated_logging_time': 1.0644431114196777}
I0913 16:20:45.842215 139773553383168 logging_writer.py:48] [112773] accumulated_eval_time=6314.79, accumulated_logging_time=1.06444, accumulated_submission_time=17415.8, global_step=112773, preemption_count=0, score=17415.8, test/accuracy=0.711905, test/bleu=30.7482, test/loss=1.26707, test/num_examples=3003, total_duration=23797.1, train/accuracy=0.700724, train/bleu=36.6269, train/loss=1.33079, validation/accuracy=0.694164, validation/bleu=30.7422, validation/loss=1.38282, validation/num_examples=3000
I0913 16:21:21.431308 139773544990464 logging_writer.py:48] [113000] global_step=113000, grad_norm=0.349983, loss=1.39181
I0913 16:21:21.434374 139802006037696 submission.py:307] 113000) loss = 1.392, grad_norm = 0.350
I0913 16:22:38.217868 139773553383168 logging_writer.py:48] [113500] global_step=113500, grad_norm=0.348479, loss=1.32679
I0913 16:22:38.221105 139802006037696 submission.py:307] 113500) loss = 1.327, grad_norm = 0.348
I0913 16:23:55.081324 139773544990464 logging_writer.py:48] [114000] global_step=114000, grad_norm=0.333718, loss=1.40515
I0913 16:23:55.084522 139802006037696 submission.py:307] 114000) loss = 1.405, grad_norm = 0.334
I0913 16:25:11.980685 139773553383168 logging_writer.py:48] [114500] global_step=114500, grad_norm=0.325113, loss=1.44569
I0913 16:25:11.983838 139802006037696 submission.py:307] 114500) loss = 1.446, grad_norm = 0.325
I0913 16:26:28.874560 139773544990464 logging_writer.py:48] [115000] global_step=115000, grad_norm=0.362622, loss=1.37365
I0913 16:26:28.877765 139802006037696 submission.py:307] 115000) loss = 1.374, grad_norm = 0.363
I0913 16:27:45.769628 139773553383168 logging_writer.py:48] [115500] global_step=115500, grad_norm=0.343299, loss=1.49749
I0913 16:27:45.772862 139802006037696 submission.py:307] 115500) loss = 1.497, grad_norm = 0.343
I0913 16:29:02.708819 139773544990464 logging_writer.py:48] [116000] global_step=116000, grad_norm=0.357114, loss=1.42985
I0913 16:29:02.712190 139802006037696 submission.py:307] 116000) loss = 1.430, grad_norm = 0.357
I0913 16:30:19.653458 139773553383168 logging_writer.py:48] [116500] global_step=116500, grad_norm=0.335378, loss=1.43215
I0913 16:30:19.656606 139802006037696 submission.py:307] 116500) loss = 1.432, grad_norm = 0.335
I0913 16:31:30.503608 139802006037696 spec.py:333] Evaluating on the training split.
I0913 16:31:32.703496 139802006037696 workload.py:152] Translating evaluation dataset.
I0913 16:32:54.588553 139802006037696 spec.py:346] Evaluating on the validation split.
I0913 16:32:56.769515 139802006037696 workload.py:152] Translating evaluation dataset.
I0913 16:33:57.377212 139802006037696 spec.py:363] Evaluating on the test split.
I0913 16:33:59.551968 139802006037696 workload.py:152] Translating evaluation dataset.
I0913 16:34:55.118017 139802006037696 submission_runner.py:516] Time since start: 24646.44s, 	Step: 116958, 	{'train/accuracy': 0.7042175616501498, 'train/loss': 1.3043353163171238, 'train/bleu': 36.602375940877536, 'validation/accuracy': 0.6942009398519547, 'validation/loss': 1.383598196240592, 'validation/bleu': 30.718576609299046, 'validation/num_examples': 3000, 'test/accuracy': 0.7116030445645227, 'test/loss': 1.2678339797222706, 'test/bleu': 30.769477198529625, 'test/num_examples': 3003, 'score': 18058.02095270157, 'total_duration': 24646.43512058258, 'accumulated_submission_time': 18058.02095270157, 'accumulated_eval_time': 6519.404279708862, 'accumulated_logging_time': 1.1050832271575928}
I0913 16:34:55.148674 139773544990464 logging_writer.py:48] [116958] accumulated_eval_time=6519.4, accumulated_logging_time=1.10508, accumulated_submission_time=18058, global_step=116958, preemption_count=0, score=18058, test/accuracy=0.711603, test/bleu=30.7695, test/loss=1.26783, test/num_examples=3003, total_duration=24646.4, train/accuracy=0.704218, train/bleu=36.6024, train/loss=1.30434, validation/accuracy=0.694201, validation/bleu=30.7186, validation/loss=1.3836, validation/num_examples=3000
I0913 16:35:02.380581 139773553383168 logging_writer.py:48] [117000] global_step=117000, grad_norm=0.332718, loss=1.40006
I0913 16:35:02.383580 139802006037696 submission.py:307] 117000) loss = 1.400, grad_norm = 0.333
I0913 16:36:19.114943 139773544990464 logging_writer.py:48] [117500] global_step=117500, grad_norm=0.340633, loss=1.47888
I0913 16:36:19.118183 139802006037696 submission.py:307] 117500) loss = 1.479, grad_norm = 0.341
I0913 16:37:36.012862 139773553383168 logging_writer.py:48] [118000] global_step=118000, grad_norm=0.352405, loss=1.41867
I0913 16:37:36.016000 139802006037696 submission.py:307] 118000) loss = 1.419, grad_norm = 0.352
I0913 16:38:52.949151 139773544990464 logging_writer.py:48] [118500] global_step=118500, grad_norm=0.339328, loss=1.35808
I0913 16:38:52.952560 139802006037696 submission.py:307] 118500) loss = 1.358, grad_norm = 0.339
I0913 16:40:09.855385 139773553383168 logging_writer.py:48] [119000] global_step=119000, grad_norm=0.336774, loss=1.41793
I0913 16:40:09.858554 139802006037696 submission.py:307] 119000) loss = 1.418, grad_norm = 0.337
I0913 16:41:26.810835 139773544990464 logging_writer.py:48] [119500] global_step=119500, grad_norm=0.32491, loss=1.39803
I0913 16:41:26.813992 139802006037696 submission.py:307] 119500) loss = 1.398, grad_norm = 0.325
I0913 16:42:43.769178 139773553383168 logging_writer.py:48] [120000] global_step=120000, grad_norm=0.33126, loss=1.32541
I0913 16:42:43.772282 139802006037696 submission.py:307] 120000) loss = 1.325, grad_norm = 0.331
I0913 16:44:00.733532 139773544990464 logging_writer.py:48] [120500] global_step=120500, grad_norm=0.344154, loss=1.36306
I0913 16:44:00.736908 139802006037696 submission.py:307] 120500) loss = 1.363, grad_norm = 0.344
I0913 16:45:17.682498 139773553383168 logging_writer.py:48] [121000] global_step=121000, grad_norm=0.327863, loss=1.44237
I0913 16:45:17.685590 139802006037696 submission.py:307] 121000) loss = 1.442, grad_norm = 0.328
I0913 16:45:39.783801 139802006037696 spec.py:333] Evaluating on the training split.
I0913 16:45:41.983230 139802006037696 workload.py:152] Translating evaluation dataset.
I0913 16:47:10.321232 139802006037696 spec.py:346] Evaluating on the validation split.
I0913 16:47:12.502031 139802006037696 workload.py:152] Translating evaluation dataset.
I0913 16:48:12.946843 139802006037696 spec.py:363] Evaluating on the test split.
I0913 16:48:15.129683 139802006037696 workload.py:152] Translating evaluation dataset.
I0913 16:49:09.939256 139802006037696 submission_runner.py:516] Time since start: 25501.26s, 	Step: 121141, 	{'train/accuracy': 0.7014666438395252, 'train/loss': 1.3255141456942305, 'train/bleu': 36.53351868484419, 'validation/accuracy': 0.6942257380565647, 'validation/loss': 1.3836071080953738, 'validation/bleu': 30.655805237988723, 'validation/num_examples': 3000, 'test/accuracy': 0.7117192493172971, 'test/loss': 1.267700162686654, 'test/bleu': 30.775598462168684, 'test/num_examples': 3003, 'score': 18700.251742362976, 'total_duration': 25501.25637102127, 'accumulated_submission_time': 18700.251742362976, 'accumulated_eval_time': 6729.55979180336, 'accumulated_logging_time': 1.1453070640563965}
I0913 16:49:09.972160 139773544990464 logging_writer.py:48] [121141] accumulated_eval_time=6729.56, accumulated_logging_time=1.14531, accumulated_submission_time=18700.3, global_step=121141, preemption_count=0, score=18700.3, test/accuracy=0.711719, test/bleu=30.7756, test/loss=1.2677, test/num_examples=3003, total_duration=25501.3, train/accuracy=0.701467, train/bleu=36.5335, train/loss=1.32551, validation/accuracy=0.694226, validation/bleu=30.6558, validation/loss=1.38361, validation/num_examples=3000
I0913 16:50:05.873381 139773553383168 logging_writer.py:48] [121500] global_step=121500, grad_norm=0.337266, loss=1.45949
I0913 16:50:05.876648 139802006037696 submission.py:307] 121500) loss = 1.459, grad_norm = 0.337
I0913 16:51:22.777983 139773544990464 logging_writer.py:48] [122000] global_step=122000, grad_norm=0.346373, loss=1.44663
I0913 16:51:22.781160 139802006037696 submission.py:307] 122000) loss = 1.447, grad_norm = 0.346
I0913 16:52:39.749538 139773553383168 logging_writer.py:48] [122500] global_step=122500, grad_norm=0.347512, loss=1.35876
I0913 16:52:39.752717 139802006037696 submission.py:307] 122500) loss = 1.359, grad_norm = 0.348
I0913 16:53:56.734202 139773544990464 logging_writer.py:48] [123000] global_step=123000, grad_norm=0.330483, loss=1.43373
I0913 16:53:56.737348 139802006037696 submission.py:307] 123000) loss = 1.434, grad_norm = 0.330
I0913 16:55:13.736859 139773553383168 logging_writer.py:48] [123500] global_step=123500, grad_norm=0.338289, loss=1.35124
I0913 16:55:13.740167 139802006037696 submission.py:307] 123500) loss = 1.351, grad_norm = 0.338
I0913 16:56:30.762255 139773544990464 logging_writer.py:48] [124000] global_step=124000, grad_norm=0.346241, loss=1.46529
I0913 16:56:30.765569 139802006037696 submission.py:307] 124000) loss = 1.465, grad_norm = 0.346
I0913 16:57:47.792515 139773553383168 logging_writer.py:48] [124500] global_step=124500, grad_norm=0.344262, loss=1.34559
I0913 16:57:47.795723 139802006037696 submission.py:307] 124500) loss = 1.346, grad_norm = 0.344
I0913 16:59:04.833488 139773544990464 logging_writer.py:48] [125000] global_step=125000, grad_norm=0.32764, loss=1.36624
I0913 16:59:04.836754 139802006037696 submission.py:307] 125000) loss = 1.366, grad_norm = 0.328
I0913 16:59:54.537892 139802006037696 spec.py:333] Evaluating on the training split.
I0913 16:59:56.736907 139802006037696 workload.py:152] Translating evaluation dataset.
I0913 17:01:24.753466 139802006037696 spec.py:346] Evaluating on the validation split.
I0913 17:01:26.926775 139802006037696 workload.py:152] Translating evaluation dataset.
I0913 17:02:27.959862 139802006037696 spec.py:363] Evaluating on the test split.
I0913 17:02:30.138441 139802006037696 workload.py:152] Translating evaluation dataset.
I0913 17:03:25.501516 139802006037696 submission_runner.py:516] Time since start: 26356.82s, 	Step: 125320, 	{'train/accuracy': 0.7062242562929062, 'train/loss': 1.2931648669908467, 'train/bleu': 36.344055673993815, 'validation/accuracy': 0.6943249308750047, 'validation/loss': 1.3830785963596235, 'validation/bleu': 30.692571533837658, 'validation/num_examples': 3000, 'test/accuracy': 0.7117657312184068, 'test/loss': 1.2675796002556505, 'test/bleu': 30.767489851609625, 'test/num_examples': 3003, 'score': 19342.42072749138, 'total_duration': 26356.818597316742, 'accumulated_submission_time': 19342.42072749138, 'accumulated_eval_time': 6940.523397922516, 'accumulated_logging_time': 1.1880042552947998}
I0913 17:03:25.535073 139773553383168 logging_writer.py:48] [125320] accumulated_eval_time=6940.52, accumulated_logging_time=1.188, accumulated_submission_time=19342.4, global_step=125320, preemption_count=0, score=19342.4, test/accuracy=0.711766, test/bleu=30.7675, test/loss=1.26758, test/num_examples=3003, total_duration=26356.8, train/accuracy=0.706224, train/bleu=36.3441, train/loss=1.29316, validation/accuracy=0.694325, validation/bleu=30.6926, validation/loss=1.38308, validation/num_examples=3000
I0913 17:03:53.913864 139773544990464 logging_writer.py:48] [125500] global_step=125500, grad_norm=0.332191, loss=1.40439
I0913 17:03:53.916788 139802006037696 submission.py:307] 125500) loss = 1.404, grad_norm = 0.332
I0913 17:05:10.651710 139773553383168 logging_writer.py:48] [126000] global_step=126000, grad_norm=0.346685, loss=1.41104
I0913 17:05:10.655156 139802006037696 submission.py:307] 126000) loss = 1.411, grad_norm = 0.347
I0913 17:06:27.498572 139773544990464 logging_writer.py:48] [126500] global_step=126500, grad_norm=0.371941, loss=1.51337
I0913 17:06:27.501588 139802006037696 submission.py:307] 126500) loss = 1.513, grad_norm = 0.372
I0913 17:07:44.399853 139773553383168 logging_writer.py:48] [127000] global_step=127000, grad_norm=0.326611, loss=1.33121
I0913 17:07:44.403106 139802006037696 submission.py:307] 127000) loss = 1.331, grad_norm = 0.327
I0913 17:09:01.335353 139773544990464 logging_writer.py:48] [127500] global_step=127500, grad_norm=0.357425, loss=1.3984
I0913 17:09:01.338504 139802006037696 submission.py:307] 127500) loss = 1.398, grad_norm = 0.357
I0913 17:10:18.243422 139773553383168 logging_writer.py:48] [128000] global_step=128000, grad_norm=0.331801, loss=1.38905
I0913 17:10:18.246575 139802006037696 submission.py:307] 128000) loss = 1.389, grad_norm = 0.332
I0913 17:11:35.134118 139773544990464 logging_writer.py:48] [128500] global_step=128500, grad_norm=0.330005, loss=1.37361
I0913 17:11:35.137113 139802006037696 submission.py:307] 128500) loss = 1.374, grad_norm = 0.330
I0913 17:12:52.047034 139773553383168 logging_writer.py:48] [129000] global_step=129000, grad_norm=0.329128, loss=1.36457
I0913 17:12:52.050259 139802006037696 submission.py:307] 129000) loss = 1.365, grad_norm = 0.329
I0913 17:14:08.959254 139773544990464 logging_writer.py:48] [129500] global_step=129500, grad_norm=0.315518, loss=1.37255
I0913 17:14:08.962465 139802006037696 submission.py:307] 129500) loss = 1.373, grad_norm = 0.316
I0913 17:14:10.146197 139802006037696 spec.py:333] Evaluating on the training split.
I0913 17:14:12.346095 139802006037696 workload.py:152] Translating evaluation dataset.
I0913 17:15:50.099857 139802006037696 spec.py:346] Evaluating on the validation split.
I0913 17:15:52.276321 139802006037696 workload.py:152] Translating evaluation dataset.
I0913 17:16:53.732211 139802006037696 spec.py:363] Evaluating on the test split.
I0913 17:16:55.911284 139802006037696 workload.py:152] Translating evaluation dataset.
I0913 17:17:59.873625 139802006037696 submission_runner.py:516] Time since start: 27231.19s, 	Step: 129505, 	{'train/accuracy': 0.7083323734709392, 'train/loss': 1.285520877726969, 'train/bleu': 36.57114632263505, 'validation/accuracy': 0.6938289667828049, 'validation/loss': 1.3840151160555976, 'validation/bleu': 30.726965371385642, 'validation/num_examples': 3000, 'test/accuracy': 0.7121840683283946, 'test/loss': 1.2676883606414502, 'test/bleu': 30.779927367324674, 'test/num_examples': 3003, 'score': 19984.64667034149, 'total_duration': 27231.190740823746, 'accumulated_submission_time': 19984.64667034149, 'accumulated_eval_time': 7170.2508709430695, 'accumulated_logging_time': 1.231386423110962}
I0913 17:17:59.904602 139773553383168 logging_writer.py:48] [129505] accumulated_eval_time=7170.25, accumulated_logging_time=1.23139, accumulated_submission_time=19984.6, global_step=129505, preemption_count=0, score=19984.6, test/accuracy=0.712184, test/bleu=30.7799, test/loss=1.26769, test/num_examples=3003, total_duration=27231.2, train/accuracy=0.708332, train/bleu=36.5711, train/loss=1.28552, validation/accuracy=0.693829, validation/bleu=30.727, validation/loss=1.38402, validation/num_examples=3000
I0913 17:19:16.566782 139773544990464 logging_writer.py:48] [130000] global_step=130000, grad_norm=0.370799, loss=1.47464
I0913 17:19:16.569995 139802006037696 submission.py:307] 130000) loss = 1.475, grad_norm = 0.371
I0913 17:20:33.390090 139773553383168 logging_writer.py:48] [130500] global_step=130500, grad_norm=0.350498, loss=1.40813
I0913 17:20:33.393115 139802006037696 submission.py:307] 130500) loss = 1.408, grad_norm = 0.350
I0913 17:21:50.290521 139773544990464 logging_writer.py:48] [131000] global_step=131000, grad_norm=0.364495, loss=1.42906
I0913 17:21:50.293826 139802006037696 submission.py:307] 131000) loss = 1.429, grad_norm = 0.364
I0913 17:23:07.235476 139773553383168 logging_writer.py:48] [131500] global_step=131500, grad_norm=0.343793, loss=1.40298
I0913 17:23:07.238604 139802006037696 submission.py:307] 131500) loss = 1.403, grad_norm = 0.344
I0913 17:24:24.196378 139773544990464 logging_writer.py:48] [132000] global_step=132000, grad_norm=0.327567, loss=1.45601
I0913 17:24:24.199464 139802006037696 submission.py:307] 132000) loss = 1.456, grad_norm = 0.328
I0913 17:25:41.171118 139773553383168 logging_writer.py:48] [132500] global_step=132500, grad_norm=0.342495, loss=1.38387
I0913 17:25:41.174187 139802006037696 submission.py:307] 132500) loss = 1.384, grad_norm = 0.342
I0913 17:26:58.165347 139773544990464 logging_writer.py:48] [133000] global_step=133000, grad_norm=0.353278, loss=1.42715
I0913 17:26:58.168623 139802006037696 submission.py:307] 133000) loss = 1.427, grad_norm = 0.353
I0913 17:28:15.170622 139773553383168 logging_writer.py:48] [133500] global_step=133500, grad_norm=0.329334, loss=1.41253
I0913 17:28:15.173738 139802006037696 submission.py:307] 133500) loss = 1.413, grad_norm = 0.329
I0913 17:28:44.529715 139802006037696 spec.py:333] Evaluating on the training split.
I0913 17:28:46.724269 139802006037696 workload.py:152] Translating evaluation dataset.
I0913 17:30:17.562226 139802006037696 spec.py:346] Evaluating on the validation split.
I0913 17:30:19.744868 139802006037696 workload.py:152] Translating evaluation dataset.
I0913 17:31:25.935719 139802006037696 spec.py:363] Evaluating on the test split.
I0913 17:31:28.112091 139802006037696 workload.py:152] Translating evaluation dataset.
I0913 17:32:27.622565 139802006037696 submission_runner.py:516] Time since start: 28098.94s, 	Step: 133688, 	{'train/accuracy': 0.706277744003854, 'train/loss': 1.294006327353437, 'train/bleu': 36.788203593365424, 'validation/accuracy': 0.6942381371588697, 'validation/loss': 1.3840120162800214, 'validation/bleu': 30.880696709612252, 'validation/num_examples': 3000, 'test/accuracy': 0.7111266050781477, 'test/loss': 1.2693124128464355, 'test/bleu': 30.65709660704041, 'test/num_examples': 3003, 'score': 20626.889546871185, 'total_duration': 28098.93967318535, 'accumulated_submission_time': 20626.889546871185, 'accumulated_eval_time': 7393.343722343445, 'accumulated_logging_time': 1.2717046737670898}
I0913 17:32:27.654809 139773544990464 logging_writer.py:48] [133688] accumulated_eval_time=7393.34, accumulated_logging_time=1.2717, accumulated_submission_time=20626.9, global_step=133688, preemption_count=0, score=20626.9, test/accuracy=0.711127, test/bleu=30.6571, test/loss=1.26931, test/num_examples=3003, total_duration=28098.9, train/accuracy=0.706278, train/bleu=36.7882, train/loss=1.29401, validation/accuracy=0.694238, validation/bleu=30.8807, validation/loss=1.38401, validation/num_examples=3000
I0913 17:32:28.233704 139773553383168 logging_writer.py:48] [133688] global_step=133688, preemption_count=0, score=20626.9
I0913 17:32:28.251448 139802006037696 submission_runner.py:857] Final wmt score: 20626.889546871185
