accumulated_eval_time,accumulated_logging_time,accumulated_submission_time,global_step,preemption_count,score,test/loss,test/num_examples,test/ssim,total_duration,train/loss,train/ssim,validation/loss,validation/num_examples,validation/ssim
142.4829707145691,0.0,91.76169061660768,1,0,91.76169061660768,0.7868012164898073,3581,0.327418757963034,234.93771958351127,0.784059865134103,0.3121251719338553,0.7901218394986284,3554,0.3040988559325759
149.4247121810913,0.019214391708374,170.67030215263367,424,0,170.67030215263367,0.3044670848532184,3581,0.7244604089945197,322.6173415184021,0.2919685500008719,0.7238592420305524,0.302319528282393,3554,0.7073651744733047
156.2836947441101,0.0406248569488525,249.9126217365265,587,0,249.9126217365265,0.2981595846568696,3581,0.7301306619353881,410.3662464618683,0.2854512589318411,0.7301819665091378,0.2963386325267304,3554,0.7130355019212508
163.19739842414856,0.0591974258422851,328.7313346862793,1082,0,328.7313346862793,0.2924591294549358,3581,0.7357839388875315,497.9676022529602,0.2797015053885324,0.736081736428397,0.2909418126472812,3554,0.7185138279491418
169.8310673236847,0.0777010917663574,407.4662847518921,2405,0,407.4662847518921,0.2891594813010507,3581,0.7389474041599763,585.3311984539032,0.2757596118109567,0.7398712975638253,0.28778311450896,3554,0.7216533774664111
176.11529231071472,0.0966222286224365,486.18711280822754,3726,0,486.18711280822754,0.2880474517745567,3581,0.7406279588671112,672.3671383857727,0.2746688638414655,0.7416647502354213,0.2867047294311867,3554,0.7233495159503377
182.31436276435852,0.11550426483154297,564.9135346412659,5045,0,564.9135346412659,0.28754291039077773,3581,0.741384924340268,759.3133797645569,0.27399286202022005,0.7426291874476841,0.28624880333998665,3554,0.7240638024497046
