torchrun --redirects 1:0,2:0,3:0 --standalone --nnodes=1 --nproc_per_node=4 submission_runner.py --framework=pytorch --workload=librispeech_conformer --submission_path=submissions_algorithms/submissions/self_tuning/ademamix_golden/submission.py --data_dir=/data/librispeech --experiment_dir=/experiment_runs --experiment_name=submissions_a100/ademamix_golden/study_2 --overwrite=True --save_checkpoints=False --rng_seed=-582177137 --librispeech_tokenizer_vocab_path=/data/librispeech/spm_model.vocab --torch_compile=true --tuning_ruleset=self 2>&1 | tee -a /logs/librispeech_conformer_pytorch_09-16-2026-18-33-54.log
W0916 18:33:56.632000 9 site-packages/torch/distributed/run.py:803] 
W0916 18:33:56.632000 9 site-packages/torch/distributed/run.py:803] *****************************************
W0916 18:33:56.632000 9 site-packages/torch/distributed/run.py:803] Setting OMP_NUM_THREADS environment variable for each process to be 1 in default, to avoid your system being overloaded, please further tune the variable for optimal performance in your application as needed. 
W0916 18:33:56.632000 9 site-packages/torch/distributed/run.py:803] *****************************************
2026-09-16 18:33:58.148801: E external/local_xla/xla/stream_executor/cuda/cuda_fft.cc:467] Unable to register cuFFT factory: Attempting to register factory for plugin cuFFT when one has already been registered
2026-09-16 18:33:58.148801: E external/local_xla/xla/stream_executor/cuda/cuda_fft.cc:467] Unable to register cuFFT factory: Attempting to register factory for plugin cuFFT when one has already been registered
2026-09-16 18:33:58.148804: E external/local_xla/xla/stream_executor/cuda/cuda_fft.cc:467] Unable to register cuFFT factory: Attempting to register factory for plugin cuFFT when one has already been registered
2026-09-16 18:33:58.148805: E external/local_xla/xla/stream_executor/cuda/cuda_fft.cc:467] Unable to register cuFFT factory: Attempting to register factory for plugin cuFFT when one has already been registered
WARNING: All log messages before absl::InitializeLog() is called are written to STDERR
WARNING: All log messages before absl::InitializeLog() is called are written to STDERR
WARNING: All log messages before absl::InitializeLog() is called are written to STDERR
WARNING: All log messages before absl::InitializeLog() is called are written to STDERR
E0000 00:00:1789583638.173707      39 cuda_dnn.cc:8579] Unable to register cuDNN factory: Attempting to register factory for plugin cuDNN when one has already been registered
E0000 00:00:1789583638.173707      40 cuda_dnn.cc:8579] Unable to register cuDNN factory: Attempting to register factory for plugin cuDNN when one has already been registered
E0000 00:00:1789583638.173708      38 cuda_dnn.cc:8579] Unable to register cuDNN factory: Attempting to register factory for plugin cuDNN when one has already been registered
E0000 00:00:1789583638.173707      41 cuda_dnn.cc:8579] Unable to register cuDNN factory: Attempting to register factory for plugin cuDNN when one has already been registered
E0000 00:00:1789583638.181807      38 cuda_blas.cc:1407] Unable to register cuBLAS factory: Attempting to register factory for plugin cuBLAS when one has already been registered
E0000 00:00:1789583638.181807      41 cuda_blas.cc:1407] Unable to register cuBLAS factory: Attempting to register factory for plugin cuBLAS when one has already been registered
E0000 00:00:1789583638.181810      39 cuda_blas.cc:1407] Unable to register cuBLAS factory: Attempting to register factory for plugin cuBLAS when one has already been registered
E0000 00:00:1789583638.181812      40 cuda_blas.cc:1407] Unable to register cuBLAS factory: Attempting to register factory for plugin cuBLAS when one has already been registered
W0000 00:00:1789583638.208335      38 computation_placer.cc:177] computation placer already registered. Please check linkage and avoid linking the same target more than once.
W0000 00:00:1789583638.208335      39 computation_placer.cc:177] computation placer already registered. Please check linkage and avoid linking the same target more than once.
W0000 00:00:1789583638.208335      40 computation_placer.cc:177] computation placer already registered. Please check linkage and avoid linking the same target more than once.
W0000 00:00:1789583638.208334      41 computation_placer.cc:177] computation placer already registered. Please check linkage and avoid linking the same target more than once.
W0000 00:00:1789583638.208365      40 computation_placer.cc:177] computation placer already registered. Please check linkage and avoid linking the same target more than once.
W0000 00:00:1789583638.208366      39 computation_placer.cc:177] computation placer already registered. Please check linkage and avoid linking the same target more than once.
W0000 00:00:1789583638.208366      41 computation_placer.cc:177] computation placer already registered. Please check linkage and avoid linking the same target more than once.
W0000 00:00:1789583638.208368      40 computation_placer.cc:177] computation placer already registered. Please check linkage and avoid linking the same target more than once.
W0000 00:00:1789583638.208368      39 computation_placer.cc:177] computation placer already registered. Please check linkage and avoid linking the same target more than once.
W0000 00:00:1789583638.208369      41 computation_placer.cc:177] computation placer already registered. Please check linkage and avoid linking the same target more than once.
W0000 00:00:1789583638.208370      40 computation_placer.cc:177] computation placer already registered. Please check linkage and avoid linking the same target more than once.
W0000 00:00:1789583638.208371      39 computation_placer.cc:177] computation placer already registered. Please check linkage and avoid linking the same target more than once.
W0000 00:00:1789583638.208371      41 computation_placer.cc:177] computation placer already registered. Please check linkage and avoid linking the same target more than once.
W0000 00:00:1789583638.208370      38 computation_placer.cc:177] computation placer already registered. Please check linkage and avoid linking the same target more than once.
W0000 00:00:1789583638.208373      38 computation_placer.cc:177] computation placer already registered. Please check linkage and avoid linking the same target more than once.
W0000 00:00:1789583638.208376      38 computation_placer.cc:177] computation placer already registered. Please check linkage and avoid linking the same target more than once.
W0000 00:00:1789583643.943995      41 gpu_device.cc:2341] Cannot dlopen some GPU libraries. Please make sure the missing libraries mentioned above are installed properly if you would like to use GPU. Follow the guide at https://www.tensorflow.org/install/gpu for how to download and setup the required libraries for your platform.
Skipping registering GPU devices...
W0000 00:00:1789583644.036007      38 gpu_device.cc:2341] Cannot dlopen some GPU libraries. Please make sure the missing libraries mentioned above are installed properly if you would like to use GPU. Follow the guide at https://www.tensorflow.org/install/gpu for how to download and setup the required libraries for your platform.
Skipping registering GPU devices...
W0000 00:00:1789583644.130960      39 gpu_device.cc:2341] Cannot dlopen some GPU libraries. Please make sure the missing libraries mentioned above are installed properly if you would like to use GPU. Follow the guide at https://www.tensorflow.org/install/gpu for how to download and setup the required libraries for your platform.
Skipping registering GPU devices...
/usr/local/lib/python3.11/site-packages/torch/__init__.py:1617: UserWarning: Please use the new API settings to control TF32 behavior, such as torch.backends.cudnn.conv.fp32_precision = 'tf32' or torch.backends.cuda.matmul.fp32_precision = 'ieee'. Old settings, e.g, torch.backends.cuda.matmul.allow_tf32 = True, torch.backends.cudnn.allow_tf32 = True, allowTF32CuDNN() and allowTF32CuBLAS() will be deprecated after Pytorch 2.9. Please see https://pytorch.org/docs/main/notes/cuda.html#tensorfloat-32-tf32-on-ampere-and-later-devices (Triggered internally at /pytorch/aten/src/ATen/Context.cpp:80.)
  _C._set_float32_matmul_precision(precision)
W0000 00:00:1789583644.455571      40 gpu_device.cc:2341] Cannot dlopen some GPU libraries. Please make sure the missing libraries mentioned above are installed properly if you would like to use GPU. Follow the guide at https://www.tensorflow.org/install/gpu for how to download and setup the required libraries for your platform.
Skipping registering GPU devices...
/usr/local/lib/python3.11/site-packages/torch/__init__.py:1617: UserWarning: Please use the new API settings to control TF32 behavior, such as torch.backends.cudnn.conv.fp32_precision = 'tf32' or torch.backends.cuda.matmul.fp32_precision = 'ieee'. Old settings, e.g, torch.backends.cuda.matmul.allow_tf32 = True, torch.backends.cudnn.allow_tf32 = True, allowTF32CuDNN() and allowTF32CuBLAS() will be deprecated after Pytorch 2.9. Please see https://pytorch.org/docs/main/notes/cuda.html#tensorfloat-32-tf32-on-ampere-and-later-devices (Triggered internally at /pytorch/aten/src/ATen/Context.cpp:80.)
  _C._set_float32_matmul_precision(precision)
/usr/local/lib/python3.11/site-packages/torch/__init__.py:1617: UserWarning: Please use the new API settings to control TF32 behavior, such as torch.backends.cudnn.conv.fp32_precision = 'tf32' or torch.backends.cuda.matmul.fp32_precision = 'ieee'. Old settings, e.g, torch.backends.cuda.matmul.allow_tf32 = True, torch.backends.cudnn.allow_tf32 = True, allowTF32CuDNN() and allowTF32CuBLAS() will be deprecated after Pytorch 2.9. Please see https://pytorch.org/docs/main/notes/cuda.html#tensorfloat-32-tf32-on-ampere-and-later-devices (Triggered internally at /pytorch/aten/src/ATen/Context.cpp:80.)
  _C._set_float32_matmul_precision(precision)
/usr/local/lib/python3.11/site-packages/torch/__init__.py:1617: UserWarning: Please use the new API settings to control TF32 behavior, such as torch.backends.cudnn.conv.fp32_precision = 'tf32' or torch.backends.cuda.matmul.fp32_precision = 'ieee'. Old settings, e.g, torch.backends.cuda.matmul.allow_tf32 = True, torch.backends.cudnn.allow_tf32 = True, allowTF32CuDNN() and allowTF32CuBLAS() will be deprecated after Pytorch 2.9. Please see https://pytorch.org/docs/main/notes/cuda.html#tensorfloat-32-tf32-on-ampere-and-later-devices (Triggered internally at /pytorch/aten/src/ATen/Context.cpp:80.)
  _C._set_float32_matmul_precision(precision)
/usr/local/lib/python3.11/site-packages/pydantic/_internal/_generate_schema.py:2249: UnsupportedFieldAttributeWarning: The 'repr' attribute with value False was provided to the `Field()` function, which has no effect in the context it was used. 'repr' is field-specific metadata, and can only be attached to a model field using `Annotated` metadata or by assignment. This may have happened because an `Annotated` type alias using the `type` statement was used, or if the `Field()` function was attached to a single member of a union type.
  warnings.warn(
/usr/local/lib/python3.11/site-packages/pydantic/_internal/_generate_schema.py:2249: UnsupportedFieldAttributeWarning: The 'frozen' attribute with value True was provided to the `Field()` function, which has no effect in the context it was used. 'frozen' is field-specific metadata, and can only be attached to a model field using `Annotated` metadata or by assignment. This may have happened because an `Annotated` type alias using the `type` statement was used, or if the `Field()` function was attached to a single member of a union type.
  warnings.warn(
/usr/local/lib/python3.11/site-packages/pydantic/_internal/_generate_schema.py:2249: UnsupportedFieldAttributeWarning: The 'repr' attribute with value False was provided to the `Field()` function, which has no effect in the context it was used. 'repr' is field-specific metadata, and can only be attached to a model field using `Annotated` metadata or by assignment. This may have happened because an `Annotated` type alias using the `type` statement was used, or if the `Field()` function was attached to a single member of a union type.
  warnings.warn(
/usr/local/lib/python3.11/site-packages/pydantic/_internal/_generate_schema.py:2249: UnsupportedFieldAttributeWarning: The 'frozen' attribute with value True was provided to the `Field()` function, which has no effect in the context it was used. 'frozen' is field-specific metadata, and can only be attached to a model field using `Annotated` metadata or by assignment. This may have happened because an `Annotated` type alias using the `type` statement was used, or if the `Field()` function was attached to a single member of a union type.
  warnings.warn(
/usr/local/lib/python3.11/site-packages/pydantic/_internal/_generate_schema.py:2249: UnsupportedFieldAttributeWarning: The 'repr' attribute with value False was provided to the `Field()` function, which has no effect in the context it was used. 'repr' is field-specific metadata, and can only be attached to a model field using `Annotated` metadata or by assignment. This may have happened because an `Annotated` type alias using the `type` statement was used, or if the `Field()` function was attached to a single member of a union type.
  warnings.warn(
/usr/local/lib/python3.11/site-packages/pydantic/_internal/_generate_schema.py:2249: UnsupportedFieldAttributeWarning: The 'frozen' attribute with value True was provided to the `Field()` function, which has no effect in the context it was used. 'frozen' is field-specific metadata, and can only be attached to a model field using `Annotated` metadata or by assignment. This may have happened because an `Annotated` type alias using the `type` statement was used, or if the `Field()` function was attached to a single member of a union type.
  warnings.warn(
/usr/local/lib/python3.11/site-packages/pydantic/_internal/_generate_schema.py:2249: UnsupportedFieldAttributeWarning: The 'repr' attribute with value False was provided to the `Field()` function, which has no effect in the context it was used. 'repr' is field-specific metadata, and can only be attached to a model field using `Annotated` metadata or by assignment. This may have happened because an `Annotated` type alias using the `type` statement was used, or if the `Field()` function was attached to a single member of a union type.
  warnings.warn(
/usr/local/lib/python3.11/site-packages/pydantic/_internal/_generate_schema.py:2249: UnsupportedFieldAttributeWarning: The 'frozen' attribute with value True was provided to the `Field()` function, which has no effect in the context it was used. 'frozen' is field-specific metadata, and can only be attached to a model field using `Annotated` metadata or by assignment. This may have happened because an `Annotated` type alias using the `type` statement was used, or if the `Field()` function was attached to a single member of a union type.
  warnings.warn(
/usr/local/lib/python3.11/site-packages/torch/distributed/distributed_c10d.py:4876: UserWarning: barrier(): using the device under current context. You can specify `device_id` in `init_process_group` to mute this warning.
  warnings.warn(  # warn only once
[rank0]:[W916 18:34:06.511371783 ProcessGroupNCCL.cpp:5068] Guessing device ID based on global rank. This can cause a hang if rank to GPU mapping is heterogeneous. You can specify device_id in init_process_group()
I0916 18:34:06.954484 139718034855104 logger_utils.py:84] Creating experiment directory at /experiment_runs/submissions_a100/ademamix_golden/study_2/librispeech_conformer_pytorch.
I0916 18:34:06.954484 139910084355264 logger_utils.py:84] Creating experiment directory at /experiment_runs/submissions_a100/ademamix_golden/study_2/librispeech_conformer_pytorch.
I0916 18:34:06.954483 139813834572992 logger_utils.py:84] Creating experiment directory at /experiment_runs/submissions_a100/ademamix_golden/study_2/librispeech_conformer_pytorch.
I0916 18:34:06.954509 139755322442944 logger_utils.py:84] Creating experiment directory at /experiment_runs/submissions_a100/ademamix_golden/study_2/librispeech_conformer_pytorch.
I0916 18:34:06.978447 139813834572992 submission_runner.py:741] Creating directory at /experiment_runs/submissions_a100/ademamix_golden/study_2/librispeech_conformer_pytorch/trial_1.
I0916 18:34:07.257793 139813834572992 submission_runner.py:242] Initializing dataset.
I0916 18:34:07.257975 139813834572992 input_pipeline.py:19] Loading split = train-clean-100
I0916 18:34:07.294783 139813834572992 input_pipeline.py:19] Loading split = train-clean-360
I0916 18:34:07.465233 139813834572992 input_pipeline.py:19] Loading split = train-other-500
I0916 18:34:07.965387 139813834572992 submission_runner.py:251] Initializing model.
W0916 18:34:09.367436 139755322442944 submission_runner.py:273] These workloads cannot be fully compiled under current PyTorch version. Proceeding without `torch.compile`.
W0916 18:34:09.367655 139910084355264 submission_runner.py:273] These workloads cannot be fully compiled under current PyTorch version. Proceeding without `torch.compile`.
W0916 18:34:09.367858 139718034855104 submission_runner.py:273] These workloads cannot be fully compiled under current PyTorch version. Proceeding without `torch.compile`.
W0916 18:34:09.367856 139813834572992 submission_runner.py:273] These workloads cannot be fully compiled under current PyTorch version. Proceeding without `torch.compile`.
I0916 18:34:09.368030 139813834572992 submission_runner.py:294] Initializing optimizer.
I0916 18:34:09.368728 139813834572992 submission_runner.py:299] Initializing metrics bundle.
I0916 18:34:09.368889 139813834572992 submission_runner.py:321] Initializing checkpoint and logger.
I0916 18:34:09.369473 139813834572992 submission_runner.py:344] Saving meta data to /experiment_runs/submissions_a100/ademamix_golden/study_2/librispeech_conformer_pytorch/trial_1/meta_data_0.json.
I0916 18:34:09.369557 139755322442944 logger_utils.py:283] Unable to record workload.train_mean information. Continuing without it.
I0916 18:34:09.369576 139910084355264 logger_utils.py:283] Unable to record workload.train_mean information. Continuing without it.
I0916 18:34:09.369585 139718034855104 logger_utils.py:283] Unable to record workload.train_mean information. Continuing without it.
I0916 18:34:09.369681 139755322442944 logger_utils.py:283] Unable to record workload.train_stddev information. Continuing without it.
I0916 18:34:09.369682 139813834572992 logger_utils.py:283] Unable to record workload.train_mean information. Continuing without it.
I0916 18:34:09.369698 139910084355264 logger_utils.py:283] Unable to record workload.train_stddev information. Continuing without it.
I0916 18:34:09.369699 139718034855104 logger_utils.py:283] Unable to record workload.train_stddev information. Continuing without it.
I0916 18:34:09.369736 139813834572992 logger_utils.py:283] Unable to record workload.train_stddev information. Continuing without it.
I0916 18:34:09.639550 139813834572992 submission_runner.py:348] Saving flags to /experiment_runs/submissions_a100/ademamix_golden/study_2/librispeech_conformer_pytorch/trial_1/flags_0.json.
I0916 18:34:09.658327 139813834572992 submission_runner.py:359] Starting training loop.
/usr/local/lib/python3.11/multiprocessing/popen_fork.py:66: RuntimeWarning: os.fork() was called. os.fork() is incompatible with multithreaded code, and JAX is multithreaded, so this will likely lead to a deadlock.
  self.pid = os.fork()
/usr/local/lib/python3.11/multiprocessing/popen_fork.py:66: RuntimeWarning: os.fork() was called. os.fork() is incompatible with multithreaded code, and JAX is multithreaded, so this will likely lead to a deadlock.
  self.pid = os.fork()
/usr/local/lib/python3.11/multiprocessing/popen_fork.py:66: RuntimeWarning: os.fork() was called. os.fork() is incompatible with multithreaded code, and JAX is multithreaded, so this will likely lead to a deadlock.
  self.pid = os.fork()
/usr/local/lib/python3.11/multiprocessing/popen_fork.py:66: RuntimeWarning: os.fork() was called. os.fork() is incompatible with multithreaded code, and JAX is multithreaded, so this will likely lead to a deadlock.
  self.pid = os.fork()
/algorithmic-efficiency/algoperf/workloads/librispeech_conformer/librispeech_pytorch/preprocessor.py:516: UserWarning: Specified kernel cache directory could not be created! This disables kernel caching. Specified directory is /root/.cache/torch/kernels. This warning will appear only once per process. (Triggered internally at /pytorch/aten/src/ATen/native/cuda/jit_utils.cpp:1487.)
  spectrum = torch.abs(spectrum)
/algorithmic-efficiency/algoperf/workloads/librispeech_conformer/librispeech_pytorch/preprocessor.py:516: UserWarning: Specified kernel cache directory could not be created! This disables kernel caching. Specified directory is /root/.cache/torch/kernels. This warning will appear only once per process. (Triggered internally at /pytorch/aten/src/ATen/native/cuda/jit_utils.cpp:1487.)
  spectrum = torch.abs(spectrum)
/algorithmic-efficiency/algoperf/workloads/librispeech_conformer/librispeech_pytorch/preprocessor.py:516: UserWarning: Specified kernel cache directory could not be created! This disables kernel caching. Specified directory is /root/.cache/torch/kernels. This warning will appear only once per process. (Triggered internally at /pytorch/aten/src/ATen/native/cuda/jit_utils.cpp:1487.)
  spectrum = torch.abs(spectrum)
I0916 18:34:23.658409 139796569351936 logging_writer.py:48] [0] global_step=0, grad_norm=0.5, loss=33.3706
I0916 18:34:23.708832 139813834572992 submission.py:307] 0) loss = 33.371, grad_norm = 0.500
I0916 18:34:24.623784 139813834572992 spec.py:333] Evaluating on the training split.
I0916 18:34:24.624964 139813834572992 input_pipeline.py:19] Loading split = train-clean-100
I0916 18:34:24.704132 139813834572992 input_pipeline.py:19] Loading split = train-clean-360
I0916 18:34:24.804580 139813834572992 input_pipeline.py:19] Loading split = train-other-500
/usr/local/lib/python3.11/site-packages/torch/distributed/distributed_c10d.py:4876: UserWarning: barrier(): using the device under current context. You can specify `device_id` in `init_process_group` to mute this warning.
  warnings.warn(  # warn only once
/usr/local/lib/python3.11/multiprocessing/popen_fork.py:66: RuntimeWarning: os.fork() was called. os.fork() is incompatible with multithreaded code, and JAX is multithreaded, so this will likely lead to a deadlock.
  self.pid = os.fork()
I0916 18:34:57.421189 139813834572992 spec.py:346] Evaluating on the validation split.
I0916 18:34:57.422510 139813834572992 input_pipeline.py:19] Loading split = dev-clean
I0916 18:34:57.426314 139813834572992 input_pipeline.py:19] Loading split = dev-other
I0916 18:35:17.478151 139813834572992 spec.py:363] Evaluating on the test split.
I0916 18:35:17.479333 139813834572992 input_pipeline.py:19] Loading split = test-clean
I0916 18:35:27.841156 139813834572992 submission_runner.py:516] Time since start: 78.18s, 	Step: 1, 	{'train/ctc_loss': 32.10654239086722, 'train/wer': 1.7203084470202628, 'validation/ctc_loss': 30.97378880349608, 'validation/wer': 1.8542557813933278, 'validation/num_examples': 5348, 'test/ctc_loss': 31.06509452222724, 'test/wer': 1.8702496293136717, 'test/num_examples': 2472, 'score': 14.052122116088867, 'total_duration': 78.18270134925842, 'accumulated_submission_time': 14.052122116088867, 'accumulated_eval_time': 63.21826100349426, 'accumulated_logging_time': 0}
I0916 18:35:27.867756 139795539912448 logging_writer.py:48] [1] accumulated_eval_time=63.2183, accumulated_logging_time=0, accumulated_submission_time=14.0521, global_step=1, preemption_count=0, score=14.0521, test/ctc_loss=31.0651, test/num_examples=2472, test/wer=1.87025, total_duration=78.1827, train/ctc_loss=32.1065, train/wer=1.72031, validation/ctc_loss=30.9738, validation/num_examples=5348, validation/wer=1.85426
I0916 18:35:30.218269 139795531519744 logging_writer.py:48] [1] global_step=1, grad_norm=0.5, loss=32.6383
I0916 18:35:30.221257 139813834572992 submission.py:307] 1) loss = 32.638, grad_norm = 0.500
I0916 18:35:30.888065 139795539912448 logging_writer.py:48] [2] global_step=2, grad_norm=0.5, loss=33.1394
I0916 18:35:30.891171 139813834572992 submission.py:307] 2) loss = 33.139, grad_norm = 0.500
I0916 18:35:31.336345 139795531519744 logging_writer.py:48] [3] global_step=3, grad_norm=0.5, loss=33.2361
I0916 18:35:31.339812 139813834572992 submission.py:307] 3) loss = 33.236, grad_norm = 0.500
I0916 18:35:31.784933 139795539912448 logging_writer.py:48] [4] global_step=4, grad_norm=0.5, loss=32.7417
I0916 18:35:31.788036 139813834572992 submission.py:307] 4) loss = 32.742, grad_norm = 0.500
I0916 18:35:32.232688 139795531519744 logging_writer.py:48] [5] global_step=5, grad_norm=0.5, loss=33.0579
I0916 18:35:32.235754 139813834572992 submission.py:307] 5) loss = 33.058, grad_norm = 0.500
I0916 18:35:32.681736 139795539912448 logging_writer.py:48] [6] global_step=6, grad_norm=0.5, loss=33.0201
I0916 18:35:32.684875 139813834572992 submission.py:307] 6) loss = 33.020, grad_norm = 0.500
I0916 18:35:33.130729 139795531519744 logging_writer.py:48] [7] global_step=7, grad_norm=0.5, loss=31.9478
I0916 18:35:33.133773 139813834572992 submission.py:307] 7) loss = 31.948, grad_norm = 0.500
I0916 18:35:33.578534 139795539912448 logging_writer.py:48] [8] global_step=8, grad_norm=0.5, loss=32.4804
I0916 18:35:33.581507 139813834572992 submission.py:307] 8) loss = 32.480, grad_norm = 0.500
I0916 18:35:34.026540 139795531519744 logging_writer.py:48] [9] global_step=9, grad_norm=0.5, loss=32.0381
I0916 18:35:34.029615 139813834572992 submission.py:307] 9) loss = 32.038, grad_norm = 0.500
I0916 18:35:35.640310 139795539912448 logging_writer.py:48] [10] global_step=10, grad_norm=0.5, loss=31.9755
I0916 18:35:35.643492 139813834572992 submission.py:307] 10) loss = 31.975, grad_norm = 0.500
I0916 18:35:36.622175 139795531519744 logging_writer.py:48] [11] global_step=11, grad_norm=0.5, loss=32.026
I0916 18:35:36.625104 139813834572992 submission.py:307] 11) loss = 32.026, grad_norm = 0.500
I0916 18:35:37.564547 139795539912448 logging_writer.py:48] [12] global_step=12, grad_norm=0.5, loss=32.1755
I0916 18:35:37.568455 139813834572992 submission.py:307] 12) loss = 32.176, grad_norm = 0.500
I0916 18:35:39.003542 139795531519744 logging_writer.py:48] [13] global_step=13, grad_norm=0.5, loss=31.5741
I0916 18:35:39.006456 139813834572992 submission.py:307] 13) loss = 31.574, grad_norm = 0.500
I0916 18:35:41.014039 139795539912448 logging_writer.py:48] [14] global_step=14, grad_norm=0.5, loss=31.3315
I0916 18:35:41.016951 139813834572992 submission.py:307] 14) loss = 31.331, grad_norm = 0.500
I0916 18:35:41.905930 139795531519744 logging_writer.py:48] [15] global_step=15, grad_norm=0.5, loss=30.4017
I0916 18:35:41.908793 139813834572992 submission.py:307] 15) loss = 30.402, grad_norm = 0.500
I0916 18:35:42.924305 139795539912448 logging_writer.py:48] [16] global_step=16, grad_norm=0.5, loss=31.0127
I0916 18:35:42.927228 139813834572992 submission.py:307] 16) loss = 31.013, grad_norm = 0.500
I0916 18:35:44.307738 139795531519744 logging_writer.py:48] [17] global_step=17, grad_norm=0.5, loss=30.0301
I0916 18:35:44.310795 139813834572992 submission.py:307] 17) loss = 30.030, grad_norm = 0.500
I0916 18:35:46.223735 139795539912448 logging_writer.py:48] [18] global_step=18, grad_norm=0.5, loss=29.6761
I0916 18:35:46.226672 139813834572992 submission.py:307] 18) loss = 29.676, grad_norm = 0.500
I0916 18:35:47.561869 139795531519744 logging_writer.py:48] [19] global_step=19, grad_norm=0.5, loss=29.099
I0916 18:35:47.564872 139813834572992 submission.py:307] 19) loss = 29.099, grad_norm = 0.500
I0916 18:35:48.336605 139795539912448 logging_writer.py:48] [20] global_step=20, grad_norm=0.5, loss=28.1335
I0916 18:35:48.339571 139813834572992 submission.py:307] 20) loss = 28.133, grad_norm = 0.500
I0916 18:35:49.774887 139795531519744 logging_writer.py:48] [21] global_step=21, grad_norm=0.5, loss=27.8411
I0916 18:35:49.778032 139813834572992 submission.py:307] 21) loss = 27.841, grad_norm = 0.500
I0916 18:35:51.638880 139795539912448 logging_writer.py:48] [22] global_step=22, grad_norm=0.5, loss=28.0482
I0916 18:35:51.641796 139813834572992 submission.py:307] 22) loss = 28.048, grad_norm = 0.500
I0916 18:35:52.758047 139795531519744 logging_writer.py:48] [23] global_step=23, grad_norm=0.5, loss=26.3505
I0916 18:35:52.760940 139813834572992 submission.py:307] 23) loss = 26.350, grad_norm = 0.500
I0916 18:35:53.815766 139795539912448 logging_writer.py:48] [24] global_step=24, grad_norm=0.5, loss=25.9661
I0916 18:35:53.818656 139813834572992 submission.py:307] 24) loss = 25.966, grad_norm = 0.500
I0916 18:35:55.670562 139795531519744 logging_writer.py:48] [25] global_step=25, grad_norm=0.5, loss=25.3123
I0916 18:35:55.673705 139813834572992 submission.py:307] 25) loss = 25.312, grad_norm = 0.500
I0916 18:35:57.207908 139795539912448 logging_writer.py:48] [26] global_step=26, grad_norm=0.5, loss=24.3226
I0916 18:35:57.210854 139813834572992 submission.py:307] 26) loss = 24.323, grad_norm = 0.500
I0916 18:35:58.000041 139795531519744 logging_writer.py:48] [27] global_step=27, grad_norm=0.5, loss=23.3153
I0916 18:35:58.003130 139813834572992 submission.py:307] 27) loss = 23.315, grad_norm = 0.500
I0916 18:35:59.404110 139795539912448 logging_writer.py:48] [28] global_step=28, grad_norm=0.5, loss=21.9084
I0916 18:35:59.407066 139813834572992 submission.py:307] 28) loss = 21.908, grad_norm = 0.500
I0916 18:36:00.438750 139795531519744 logging_writer.py:48] [29] global_step=29, grad_norm=0.5, loss=22.1079
I0916 18:36:00.441866 139813834572992 submission.py:307] 29) loss = 22.108, grad_norm = 0.500
I0916 18:36:02.620793 139795539912448 logging_writer.py:48] [30] global_step=30, grad_norm=0.5, loss=21.1877
I0916 18:36:02.623721 139813834572992 submission.py:307] 30) loss = 21.188, grad_norm = 0.500
I0916 18:36:03.675746 139795531519744 logging_writer.py:48] [31] global_step=31, grad_norm=0.5, loss=20.7397
I0916 18:36:03.678659 139813834572992 submission.py:307] 31) loss = 20.740, grad_norm = 0.500
I0916 18:36:04.880854 139795539912448 logging_writer.py:48] [32] global_step=32, grad_norm=0.5, loss=20.1848
I0916 18:36:04.883851 139813834572992 submission.py:307] 32) loss = 20.185, grad_norm = 0.500
I0916 18:36:06.168416 139795531519744 logging_writer.py:48] [33] global_step=33, grad_norm=0.5, loss=19.5695
I0916 18:36:06.171377 139813834572992 submission.py:307] 33) loss = 19.570, grad_norm = 0.500
I0916 18:36:08.203041 139795539912448 logging_writer.py:48] [34] global_step=34, grad_norm=0.5, loss=19.7156
I0916 18:36:08.205960 139813834572992 submission.py:307] 34) loss = 19.716, grad_norm = 0.500
I0916 18:36:08.967458 139795531519744 logging_writer.py:48] [35] global_step=35, grad_norm=0.5, loss=19.3151
I0916 18:36:08.970383 139813834572992 submission.py:307] 35) loss = 19.315, grad_norm = 0.500
I0916 18:36:10.100602 139795539912448 logging_writer.py:48] [36] global_step=36, grad_norm=0.5, loss=18.2117
I0916 18:36:10.103509 139813834572992 submission.py:307] 36) loss = 18.212, grad_norm = 0.500
I0916 18:36:11.627454 139795531519744 logging_writer.py:48] [37] global_step=37, grad_norm=0.5, loss=17.6531
I0916 18:36:11.630367 139813834572992 submission.py:307] 37) loss = 17.653, grad_norm = 0.500
I0916 18:36:13.410929 139795539912448 logging_writer.py:48] [38] global_step=38, grad_norm=0.5, loss=17.0001
I0916 18:36:13.413812 139813834572992 submission.py:307] 38) loss = 17.000, grad_norm = 0.500
I0916 18:36:14.621042 139795531519744 logging_writer.py:48] [39] global_step=39, grad_norm=0.5, loss=17.0253
I0916 18:36:14.624109 139813834572992 submission.py:307] 39) loss = 17.025, grad_norm = 0.500
I0916 18:36:15.449419 139795539912448 logging_writer.py:48] [40] global_step=40, grad_norm=0.5, loss=16.5716
I0916 18:36:15.452437 139813834572992 submission.py:307] 40) loss = 16.572, grad_norm = 0.500
I0916 18:36:16.616197 139795531519744 logging_writer.py:48] [41] global_step=41, grad_norm=0.5, loss=15.9312
I0916 18:36:16.619085 139813834572992 submission.py:307] 41) loss = 15.931, grad_norm = 0.500
I0916 18:36:18.963992 139795539912448 logging_writer.py:48] [42] global_step=42, grad_norm=0.5, loss=15.4232
I0916 18:36:18.966978 139813834572992 submission.py:307] 42) loss = 15.423, grad_norm = 0.500
I0916 18:36:19.829961 139795531519744 logging_writer.py:48] [43] global_step=43, grad_norm=0.5, loss=15.0516
I0916 18:36:19.832901 139813834572992 submission.py:307] 43) loss = 15.052, grad_norm = 0.500
I0916 18:36:21.364803 139795539912448 logging_writer.py:48] [44] global_step=44, grad_norm=0.5, loss=15.1935
I0916 18:36:21.367692 139813834572992 submission.py:307] 44) loss = 15.193, grad_norm = 0.500
I0916 18:36:22.058045 139795531519744 logging_writer.py:48] [45] global_step=45, grad_norm=0.5, loss=14.7661
I0916 18:36:22.060945 139813834572992 submission.py:307] 45) loss = 14.766, grad_norm = 0.500
I0916 18:36:24.382755 139795539912448 logging_writer.py:48] [46] global_step=46, grad_norm=0.5, loss=13.5831
I0916 18:36:24.385857 139813834572992 submission.py:307] 46) loss = 13.583, grad_norm = 0.500
I0916 18:36:25.117429 139795531519744 logging_writer.py:48] [47] global_step=47, grad_norm=0.5, loss=13.5047
I0916 18:36:25.120383 139813834572992 submission.py:307] 47) loss = 13.505, grad_norm = 0.500
I0916 18:36:26.994199 139795539912448 logging_writer.py:48] [48] global_step=48, grad_norm=0.5, loss=14.2677
I0916 18:36:26.997263 139813834572992 submission.py:307] 48) loss = 14.268, grad_norm = 0.500
I0916 18:36:27.469827 139795531519744 logging_writer.py:48] [49] global_step=49, grad_norm=0.5, loss=14.8659
I0916 18:36:27.472756 139813834572992 submission.py:307] 49) loss = 14.866, grad_norm = 0.500
I0916 18:36:29.713412 139795539912448 logging_writer.py:48] [50] global_step=50, grad_norm=0.5, loss=13.9269
I0916 18:36:29.716507 139813834572992 submission.py:307] 50) loss = 13.927, grad_norm = 0.500
I0916 18:36:30.440063 139795531519744 logging_writer.py:48] [51] global_step=51, grad_norm=0.5, loss=12.4105
I0916 18:36:30.442914 139813834572992 submission.py:307] 51) loss = 12.410, grad_norm = 0.500
I0916 18:36:32.194255 139795539912448 logging_writer.py:48] [52] global_step=52, grad_norm=0.5, loss=12.6304
I0916 18:36:32.197184 139813834572992 submission.py:307] 52) loss = 12.630, grad_norm = 0.500
I0916 18:36:33.091384 139795531519744 logging_writer.py:48] [53] global_step=53, grad_norm=0.5, loss=12.6022
I0916 18:36:33.094443 139813834572992 submission.py:307] 53) loss = 12.602, grad_norm = 0.500
I0916 18:36:34.672444 139795539912448 logging_writer.py:48] [54] global_step=54, grad_norm=0.5, loss=13.2105
I0916 18:36:34.675431 139813834572992 submission.py:307] 54) loss = 13.210, grad_norm = 0.500
I0916 18:36:35.868531 139795531519744 logging_writer.py:48] [55] global_step=55, grad_norm=0.5, loss=12.4894
I0916 18:36:35.871553 139813834572992 submission.py:307] 55) loss = 12.489, grad_norm = 0.500
I0916 18:36:37.932793 139795539912448 logging_writer.py:48] [56] global_step=56, grad_norm=0.5, loss=12.5996
I0916 18:36:37.935797 139813834572992 submission.py:307] 56) loss = 12.600, grad_norm = 0.500
I0916 18:36:38.483635 139795531519744 logging_writer.py:48] [57] global_step=57, grad_norm=0.5, loss=11.9669
I0916 18:36:38.487030 139813834572992 submission.py:307] 57) loss = 11.967, grad_norm = 0.500
I0916 18:36:39.999971 139795539912448 logging_writer.py:48] [58] global_step=58, grad_norm=0.5, loss=12.1164
I0916 18:36:40.003030 139813834572992 submission.py:307] 58) loss = 12.116, grad_norm = 0.500
I0916 18:36:41.423616 139795531519744 logging_writer.py:48] [59] global_step=59, grad_norm=0.5, loss=11.6123
I0916 18:36:41.426626 139813834572992 submission.py:307] 59) loss = 11.612, grad_norm = 0.500
I0916 18:36:43.313383 139795539912448 logging_writer.py:48] [60] global_step=60, grad_norm=0.5, loss=11.6197
I0916 18:36:43.316386 139813834572992 submission.py:307] 60) loss = 11.620, grad_norm = 0.500
I0916 18:36:44.142190 139795531519744 logging_writer.py:48] [61] global_step=61, grad_norm=0.5, loss=11.1781
I0916 18:36:44.145123 139813834572992 submission.py:307] 61) loss = 11.178, grad_norm = 0.500
I0916 18:36:45.629083 139795539912448 logging_writer.py:48] [62] global_step=62, grad_norm=0.5, loss=11.4171
I0916 18:36:45.632069 139813834572992 submission.py:307] 62) loss = 11.417, grad_norm = 0.500
I0916 18:36:47.059247 139795531519744 logging_writer.py:48] [63] global_step=63, grad_norm=0.5, loss=11.3564
I0916 18:36:47.062162 139813834572992 submission.py:307] 63) loss = 11.356, grad_norm = 0.500
I0916 18:36:49.328899 139795539912448 logging_writer.py:48] [64] global_step=64, grad_norm=0.5, loss=10.41
I0916 18:36:49.331797 139813834572992 submission.py:307] 64) loss = 10.410, grad_norm = 0.500
I0916 18:36:50.156647 139795531519744 logging_writer.py:48] [65] global_step=65, grad_norm=0.5, loss=11.1622
I0916 18:36:50.159675 139813834572992 submission.py:307] 65) loss = 11.162, grad_norm = 0.500
I0916 18:36:50.605543 139795539912448 logging_writer.py:48] [66] global_step=66, grad_norm=0.5, loss=11.2813
I0916 18:36:50.608436 139813834572992 submission.py:307] 66) loss = 11.281, grad_norm = 0.500
I0916 18:36:52.796123 139795531519744 logging_writer.py:48] [67] global_step=67, grad_norm=0.5, loss=11.06
I0916 18:36:52.799149 139813834572992 submission.py:307] 67) loss = 11.060, grad_norm = 0.500
I0916 18:36:54.510628 139795539912448 logging_writer.py:48] [68] global_step=68, grad_norm=0.5, loss=10.6369
I0916 18:36:54.513622 139813834572992 submission.py:307] 68) loss = 10.637, grad_norm = 0.500
I0916 18:36:55.014965 139795531519744 logging_writer.py:48] [69] global_step=69, grad_norm=0.5, loss=11.1488
I0916 18:36:55.017982 139813834572992 submission.py:307] 69) loss = 11.149, grad_norm = 0.500
I0916 18:36:55.536055 139795539912448 logging_writer.py:48] [70] global_step=70, grad_norm=0.5, loss=10.6698
I0916 18:36:55.539094 139813834572992 submission.py:307] 70) loss = 10.670, grad_norm = 0.500
I0916 18:36:57.937498 139795531519744 logging_writer.py:48] [71] global_step=71, grad_norm=0.5, loss=11.1246
I0916 18:36:57.940423 139813834572992 submission.py:307] 71) loss = 11.125, grad_norm = 0.500
I0916 18:36:59.608913 139795539912448 logging_writer.py:48] [72] global_step=72, grad_norm=0.5, loss=10.4306
I0916 18:36:59.611874 139813834572992 submission.py:307] 72) loss = 10.431, grad_norm = 0.500
I0916 18:37:00.057614 139795531519744 logging_writer.py:48] [73] global_step=73, grad_norm=0.5, loss=10.6261
I0916 18:37:00.060461 139813834572992 submission.py:307] 73) loss = 10.626, grad_norm = 0.500
I0916 18:37:00.946335 139795539912448 logging_writer.py:48] [74] global_step=74, grad_norm=0.5, loss=10.9696
I0916 18:37:00.949366 139813834572992 submission.py:307] 74) loss = 10.970, grad_norm = 0.500
I0916 18:37:03.228069 139795531519744 logging_writer.py:48] [75] global_step=75, grad_norm=0.5, loss=10.6285
I0916 18:37:03.230976 139813834572992 submission.py:307] 75) loss = 10.628, grad_norm = 0.500
I0916 18:37:05.237534 139795539912448 logging_writer.py:48] [76] global_step=76, grad_norm=0.5, loss=9.97252
I0916 18:37:05.240635 139813834572992 submission.py:307] 76) loss = 9.973, grad_norm = 0.500
I0916 18:37:05.687885 139795531519744 logging_writer.py:48] [77] global_step=77, grad_norm=0.5, loss=10.0869
I0916 18:37:05.691067 139813834572992 submission.py:307] 77) loss = 10.087, grad_norm = 0.500
I0916 18:37:06.137177 139795539912448 logging_writer.py:48] [78] global_step=78, grad_norm=0.5, loss=9.98147
I0916 18:37:06.140147 139813834572992 submission.py:307] 78) loss = 9.981, grad_norm = 0.500
I0916 18:37:08.634868 139795531519744 logging_writer.py:48] [79] global_step=79, grad_norm=0.5, loss=9.25859
I0916 18:37:08.637925 139813834572992 submission.py:307] 79) loss = 9.259, grad_norm = 0.500
I0916 18:37:10.869304 139795539912448 logging_writer.py:48] [80] global_step=80, grad_norm=0.5, loss=9.08051
I0916 18:37:10.872311 139813834572992 submission.py:307] 80) loss = 9.081, grad_norm = 0.500
I0916 18:37:11.319795 139795531519744 logging_writer.py:48] [81] global_step=81, grad_norm=0.5, loss=8.53504
I0916 18:37:11.322840 139813834572992 submission.py:307] 81) loss = 8.535, grad_norm = 0.500
I0916 18:37:11.768667 139795539912448 logging_writer.py:48] [82] global_step=82, grad_norm=0.5, loss=7.44135
I0916 18:37:11.771697 139813834572992 submission.py:307] 82) loss = 7.441, grad_norm = 0.500
I0916 18:37:14.358553 139795531519744 logging_writer.py:48] [83] global_step=83, grad_norm=0.5, loss=7.22112
I0916 18:37:14.361464 139813834572992 submission.py:307] 83) loss = 7.221, grad_norm = 0.500
I0916 18:37:15.840099 139795539912448 logging_writer.py:48] [84] global_step=84, grad_norm=0.5, loss=7.40768
I0916 18:37:15.843127 139813834572992 submission.py:307] 84) loss = 7.408, grad_norm = 0.500
I0916 18:37:16.290844 139795531519744 logging_writer.py:48] [85] global_step=85, grad_norm=0.5, loss=7.36434
I0916 18:37:16.294229 139813834572992 submission.py:307] 85) loss = 7.364, grad_norm = 0.500
I0916 18:37:16.743333 139795539912448 logging_writer.py:48] [86] global_step=86, grad_norm=0.5, loss=7.18682
I0916 18:37:16.746286 139813834572992 submission.py:307] 86) loss = 7.187, grad_norm = 0.500
I0916 18:37:19.488262 139795531519744 logging_writer.py:48] [87] global_step=87, grad_norm=0.5, loss=6.88257
I0916 18:37:19.491283 139813834572992 submission.py:307] 87) loss = 6.883, grad_norm = 0.500
I0916 18:37:21.099202 139795539912448 logging_writer.py:48] [88] global_step=88, grad_norm=0.5, loss=6.59268
I0916 18:37:21.102640 139813834572992 submission.py:307] 88) loss = 6.593, grad_norm = 0.500
I0916 18:37:21.548796 139795531519744 logging_writer.py:48] [89] global_step=89, grad_norm=0.5, loss=6.5932
I0916 18:37:21.552094 139813834572992 submission.py:307] 89) loss = 6.593, grad_norm = 0.500
I0916 18:37:21.997763 139795539912448 logging_writer.py:48] [90] global_step=90, grad_norm=0.5, loss=6.73077
I0916 18:37:22.000766 139813834572992 submission.py:307] 90) loss = 6.731, grad_norm = 0.500
I0916 18:37:24.776907 139795531519744 logging_writer.py:48] [91] global_step=91, grad_norm=0.5, loss=6.77348
I0916 18:37:24.779844 139813834572992 submission.py:307] 91) loss = 6.773, grad_norm = 0.500
I0916 18:37:26.165335 139795539912448 logging_writer.py:48] [92] global_step=92, grad_norm=0.5, loss=6.60172
I0916 18:37:26.168277 139813834572992 submission.py:307] 92) loss = 6.602, grad_norm = 0.500
I0916 18:37:26.614543 139795531519744 logging_writer.py:48] [93] global_step=93, grad_norm=0.5, loss=6.44242
I0916 18:37:26.617568 139813834572992 submission.py:307] 93) loss = 6.442, grad_norm = 0.500
I0916 18:37:27.065034 139795539912448 logging_writer.py:48] [94] global_step=94, grad_norm=0.5, loss=6.47037
I0916 18:37:27.068045 139813834572992 submission.py:307] 94) loss = 6.470, grad_norm = 0.500
I0916 18:37:29.645380 139795531519744 logging_writer.py:48] [95] global_step=95, grad_norm=0.5, loss=6.47552
I0916 18:37:29.648515 139813834572992 submission.py:307] 95) loss = 6.476, grad_norm = 0.500
I0916 18:37:31.585922 139795539912448 logging_writer.py:48] [96] global_step=96, grad_norm=0.5, loss=6.43656
I0916 18:37:31.589045 139813834572992 submission.py:307] 96) loss = 6.437, grad_norm = 0.500
I0916 18:37:32.036751 139795531519744 logging_writer.py:48] [97] global_step=97, grad_norm=0.5, loss=6.359
I0916 18:37:32.039989 139813834572992 submission.py:307] 97) loss = 6.359, grad_norm = 0.500
I0916 18:37:32.560898 139795539912448 logging_writer.py:48] [98] global_step=98, grad_norm=0.5, loss=6.37443
I0916 18:37:32.564054 139813834572992 submission.py:307] 98) loss = 6.374, grad_norm = 0.500
I0916 18:37:35.512280 139795531519744 logging_writer.py:48] [99] global_step=99, grad_norm=0.5, loss=6.4224
I0916 18:37:35.515243 139813834572992 submission.py:307] 99) loss = 6.422, grad_norm = 0.500
I0916 18:37:36.990484 139795539912448 logging_writer.py:48] [100] global_step=100, grad_norm=0.5, loss=6.38508
I0916 18:37:36.993442 139813834572992 submission.py:307] 100) loss = 6.385, grad_norm = 0.500
I0916 18:46:44.196820 139795531519744 logging_writer.py:48] [500] global_step=500, grad_norm=0.5, loss=5.76955
I0916 18:46:44.285425 139813834572992 submission.py:307] 500) loss = 5.770, grad_norm = 0.500
I0916 18:58:20.452933 139795539912448 logging_writer.py:48] [1000] global_step=1000, grad_norm=0.5, loss=3.5657
I0916 18:58:20.456754 139813834572992 submission.py:307] 1000) loss = 3.566, grad_norm = 0.500
/usr/local/lib/python3.11/multiprocessing/popen_fork.py:66: RuntimeWarning: os.fork() was called. os.fork() is incompatible with multithreaded code, and JAX is multithreaded, so this will likely lead to a deadlock.
  self.pid = os.fork()
I0916 19:04:36.960429 139813834572992 spec.py:333] Evaluating on the training split.
/usr/local/lib/python3.11/site-packages/torch/distributed/distributed_c10d.py:4876: UserWarning: barrier(): using the device under current context. You can specify `device_id` in `init_process_group` to mute this warning.
  warnings.warn(  # warn only once
I0916 19:04:55.466211 139813834572992 spec.py:346] Evaluating on the validation split.
I0916 19:05:15.241543 139813834572992 spec.py:363] Evaluating on the test split.
I0916 19:05:25.489505 139813834572992 submission_runner.py:516] Time since start: 1875.83s, 	Step: 1409, 	{'train/ctc_loss': 4.387652035647058, 'train/wer': 0.7925199969611131, 'validation/ctc_loss': 4.561761838833634, 'validation/wer': 0.7672765895814223, 'validation/num_examples': 5348, 'test/ctc_loss': 4.362626217820504, 'test/wer': 0.756240732841793, 'test/num_examples': 2472, 'score': 1760.6268198490143, 'total_duration': 1875.831004858017, 'accumulated_submission_time': 1760.6268198490143, 'accumulated_eval_time': 111.74717354774475, 'accumulated_logging_time': 0.036690473556518555}
I0916 19:05:25.519756 139795539912448 logging_writer.py:48] [1409] accumulated_eval_time=111.747, accumulated_logging_time=0.0366905, accumulated_submission_time=1760.63, global_step=1409, preemption_count=0, score=1760.63, test/ctc_loss=4.36263, test/num_examples=2472, test/wer=0.756241, total_duration=1875.83, train/ctc_loss=4.38765, train/wer=0.79252, validation/ctc_loss=4.56176, validation/num_examples=5348, validation/wer=0.767277
I0916 19:07:09.629621 139795531519744 logging_writer.py:48] [1500] global_step=1500, grad_norm=0.499999, loss=2.76864
I0916 19:07:09.633294 139813834572992 submission.py:307] 1500) loss = 2.769, grad_norm = 0.500
I0916 19:18:24.455431 139795539912448 logging_writer.py:48] [2000] global_step=2000, grad_norm=0.499999, loss=2.29685
I0916 19:18:24.459571 139813834572992 submission.py:307] 2000) loss = 2.297, grad_norm = 0.500
/usr/local/lib/python3.11/multiprocessing/popen_fork.py:66: RuntimeWarning: os.fork() was called. os.fork() is incompatible with multithreaded code, and JAX is multithreaded, so this will likely lead to a deadlock.
  self.pid = os.fork()
I0916 19:24:24.507773 139795539912448 logging_writer.py:48] [2500] global_step=2500, grad_norm=0.499999, loss=2.23736
I0916 19:24:24.514941 139813834572992 submission.py:307] 2500) loss = 2.237, grad_norm = 0.500
I0916 19:33:59.370858 139795531519744 logging_writer.py:48] [3000] global_step=3000, grad_norm=0.499999, loss=1.96977
I0916 19:33:59.375034 139813834572992 submission.py:307] 3000) loss = 1.970, grad_norm = 0.500
I0916 19:34:33.760014 139813834572992 spec.py:333] Evaluating on the training split.
/usr/local/lib/python3.11/site-packages/torch/distributed/distributed_c10d.py:4876: UserWarning: barrier(): using the device under current context. You can specify `device_id` in `init_process_group` to mute this warning.
  warnings.warn(  # warn only once
/usr/local/lib/python3.11/multiprocessing/popen_fork.py:66: RuntimeWarning: os.fork() was called. os.fork() is incompatible with multithreaded code, and JAX is multithreaded, so this will likely lead to a deadlock.
  self.pid = os.fork()
I0916 19:34:53.419596 139813834572992 spec.py:346] Evaluating on the validation split.
I0916 19:35:13.485912 139813834572992 spec.py:363] Evaluating on the test split.
I0916 19:35:23.755020 139813834572992 submission_runner.py:516] Time since start: 3674.10s, 	Step: 3026, 	{'train/ctc_loss': 1.3805324669399563, 'train/wer': 0.41440649453543016, 'validation/ctc_loss': 1.5873540748380048, 'validation/wer': 0.42313522908318446, 'validation/num_examples': 5348, 'test/ctc_loss': 1.2777354587392735, 'test/wer': 0.37539861475026914, 'test/num_examples': 2472, 'score': 3506.2168979644775, 'total_duration': 3674.096529006958, 'accumulated_submission_time': 3506.2168979644775, 'accumulated_eval_time': 161.74285888671875, 'accumulated_logging_time': 0.07685184478759766}
I0916 19:35:23.786921 139795539912448 logging_writer.py:48] [3026] accumulated_eval_time=161.743, accumulated_logging_time=0.0768518, accumulated_submission_time=3506.22, global_step=3026, preemption_count=0, score=3506.22, test/ctc_loss=1.27774, test/num_examples=2472, test/wer=0.375399, total_duration=3674.1, train/ctc_loss=1.38053, train/wer=0.414406, validation/ctc_loss=1.58735, validation/num_examples=5348, validation/wer=0.423135
/usr/local/lib/python3.11/multiprocessing/popen_fork.py:66: RuntimeWarning: os.fork() was called. os.fork() is incompatible with multithreaded code, and JAX is multithreaded, so this will likely lead to a deadlock.
  self.pid = os.fork()
I0916 19:40:17.170530 139795539912448 logging_writer.py:48] [3500] global_step=3500, grad_norm=0.499999, loss=1.87246
I0916 19:40:17.177764 139813834572992 submission.py:307] 3500) loss = 1.872, grad_norm = 0.500
I0916 19:48:08.101334 139795531519744 logging_writer.py:48] [4000] global_step=4000, grad_norm=0.499999, loss=1.83772
I0916 19:48:08.105583 139813834572992 submission.py:307] 4000) loss = 1.838, grad_norm = 0.500
/usr/local/lib/python3.11/multiprocessing/popen_fork.py:66: RuntimeWarning: os.fork() was called. os.fork() is incompatible with multithreaded code, and JAX is multithreaded, so this will likely lead to a deadlock.
  self.pid = os.fork()
I0916 19:53:28.670294 139795539912448 logging_writer.py:48] [4500] global_step=4500, grad_norm=0.499999, loss=1.74528
I0916 19:53:28.677682 139813834572992 submission.py:307] 4500) loss = 1.745, grad_norm = 0.500
I0916 20:00:24.532485 139795531519744 logging_writer.py:48] [5000] global_step=5000, grad_norm=0.499999, loss=1.76297
I0916 20:00:24.536530 139813834572992 submission.py:307] 5000) loss = 1.763, grad_norm = 0.500
/usr/local/lib/python3.11/multiprocessing/popen_fork.py:66: RuntimeWarning: os.fork() was called. os.fork() is incompatible with multithreaded code, and JAX is multithreaded, so this will likely lead to a deadlock.
  self.pid = os.fork()
I0916 20:04:31.890009 139813834572992 spec.py:333] Evaluating on the training split.
/usr/local/lib/python3.11/site-packages/torch/distributed/distributed_c10d.py:4876: UserWarning: barrier(): using the device under current context. You can specify `device_id` in `init_process_group` to mute this warning.
  warnings.warn(  # warn only once
I0916 20:04:48.323177 139813834572992 spec.py:346] Evaluating on the validation split.
I0916 20:05:08.282835 139813834572992 spec.py:363] Evaluating on the test split.
I0916 20:05:18.622757 139813834572992 submission_runner.py:516] Time since start: 5468.96s, 	Step: 5304, 	{'train/ctc_loss': 0.5142548732515267, 'train/wer': 0.17535462724796233, 'validation/ctc_loss': 0.724086608948036, 'validation/wer': 0.2171003717472119, 'validation/num_examples': 5348, 'test/ctc_loss': 0.4732933878798632, 'test/wer': 0.15832876322791622, 'test/num_examples': 2472, 'score': 5251.343508243561, 'total_duration': 5468.964254617691, 'accumulated_submission_time': 5251.343508243561, 'accumulated_eval_time': 208.47549104690552, 'accumulated_logging_time': 0.11817240715026855}
I0916 20:05:18.655356 139795539912448 logging_writer.py:48] [5304] accumulated_eval_time=208.475, accumulated_logging_time=0.118172, accumulated_submission_time=5251.34, global_step=5304, preemption_count=0, score=5251.34, test/ctc_loss=0.473293, test/num_examples=2472, test/wer=0.158329, total_duration=5468.96, train/ctc_loss=0.514255, train/wer=0.175355, validation/ctc_loss=0.724087, validation/num_examples=5348, validation/wer=0.2171
I0916 20:06:52.785379 139795531519744 logging_writer.py:48] [5500] global_step=5500, grad_norm=0.499999, loss=1.71536
I0916 20:06:52.789771 139813834572992 submission.py:307] 5500) loss = 1.715, grad_norm = 0.500
I0916 20:13:43.006325 139795539912448 logging_writer.py:48] [6000] global_step=6000, grad_norm=0.499999, loss=1.58801
I0916 20:13:43.010550 139813834572992 submission.py:307] 6000) loss = 1.588, grad_norm = 0.500
/usr/local/lib/python3.11/multiprocessing/popen_fork.py:66: RuntimeWarning: os.fork() was called. os.fork() is incompatible with multithreaded code, and JAX is multithreaded, so this will likely lead to a deadlock.
  self.pid = os.fork()
I0916 20:19:28.807082 139795539912448 logging_writer.py:48] [6500] global_step=6500, grad_norm=0.499999, loss=1.52421
I0916 20:19:28.823300 139813834572992 submission.py:307] 6500) loss = 1.524, grad_norm = 0.500
I0916 20:25:41.484709 139795531519744 logging_writer.py:48] [7000] global_step=7000, grad_norm=0.499999, loss=1.598
I0916 20:25:41.488939 139813834572992 submission.py:307] 7000) loss = 1.598, grad_norm = 0.500
/usr/local/lib/python3.11/multiprocessing/popen_fork.py:66: RuntimeWarning: os.fork() was called. os.fork() is incompatible with multithreaded code, and JAX is multithreaded, so this will likely lead to a deadlock.
  self.pid = os.fork()
I0916 20:31:47.289643 139795539912448 logging_writer.py:48] [7500] global_step=7500, grad_norm=0.499999, loss=1.52675
I0916 20:31:47.297033 139813834572992 submission.py:307] 7500) loss = 1.527, grad_norm = 0.500
I0916 20:34:27.074877 139813834572992 spec.py:333] Evaluating on the training split.
/usr/local/lib/python3.11/site-packages/torch/distributed/distributed_c10d.py:4876: UserWarning: barrier(): using the device under current context. You can specify `device_id` in `init_process_group` to mute this warning.
  warnings.warn(  # warn only once
/usr/local/lib/python3.11/multiprocessing/popen_fork.py:66: RuntimeWarning: os.fork() was called. os.fork() is incompatible with multithreaded code, and JAX is multithreaded, so this will likely lead to a deadlock.
  self.pid = os.fork()
I0916 20:34:41.888352 139813834572992 spec.py:346] Evaluating on the validation split.
I0916 20:35:01.891685 139813834572992 spec.py:363] Evaluating on the test split.
I0916 20:35:12.255431 139813834572992 submission_runner.py:516] Time since start: 7262.60s, 	Step: 7782, 	{'train/ctc_loss': 0.4007701530663972, 'train/wer': 0.14094465969893313, 'validation/ctc_loss': 0.6215434749849307, 'validation/wer': 0.1870612658716748, 'validation/num_examples': 5348, 'test/ctc_loss': 0.3864171428398606, 'test/wer': 0.1295472548900128, 'test/num_examples': 2472, 'score': 6996.924051761627, 'total_duration': 7262.596936225891, 'accumulated_submission_time': 6996.924051761627, 'accumulated_eval_time': 253.65583658218384, 'accumulated_logging_time': 0.16046833992004395}
I0916 20:35:12.308894 139795539912448 logging_writer.py:48] [7782] accumulated_eval_time=253.656, accumulated_logging_time=0.160468, accumulated_submission_time=6996.92, global_step=7782, preemption_count=0, score=6996.92, test/ctc_loss=0.386417, test/num_examples=2472, test/wer=0.129547, total_duration=7262.6, train/ctc_loss=0.40077, train/wer=0.140945, validation/ctc_loss=0.621543, validation/num_examples=5348, validation/wer=0.187061
I0916 20:38:28.640335 139795531519744 logging_writer.py:48] [8000] global_step=8000, grad_norm=0.499999, loss=1.54628
I0916 20:38:28.644354 139813834572992 submission.py:307] 8000) loss = 1.546, grad_norm = 0.500
/usr/local/lib/python3.11/multiprocessing/popen_fork.py:66: RuntimeWarning: os.fork() was called. os.fork() is incompatible with multithreaded code, and JAX is multithreaded, so this will likely lead to a deadlock.
  self.pid = os.fork()
I0916 20:44:49.752389 139795539912448 logging_writer.py:48] [8500] global_step=8500, grad_norm=0.499999, loss=1.48423
I0916 20:44:49.759767 139813834572992 submission.py:307] 8500) loss = 1.484, grad_norm = 0.500
I0916 20:50:22.161697 139795531519744 logging_writer.py:48] [9000] global_step=9000, grad_norm=0.499999, loss=1.53066
I0916 20:50:22.165992 139813834572992 submission.py:307] 9000) loss = 1.531, grad_norm = 0.500
/usr/local/lib/python3.11/multiprocessing/popen_fork.py:66: RuntimeWarning: os.fork() was called. os.fork() is incompatible with multithreaded code, and JAX is multithreaded, so this will likely lead to a deadlock.
  self.pid = os.fork()
I0916 20:57:02.463531 139795539912448 logging_writer.py:48] [9500] global_step=9500, grad_norm=0.499999, loss=1.51082
I0916 20:57:02.470980 139813834572992 submission.py:307] 9500) loss = 1.511, grad_norm = 0.500
I0916 21:02:17.325306 139795531519744 logging_writer.py:48] [10000] global_step=10000, grad_norm=0.499999, loss=1.50837
I0916 21:02:17.329489 139813834572992 submission.py:307] 10000) loss = 1.508, grad_norm = 0.500
I0916 21:04:23.315392 139813834572992 spec.py:333] Evaluating on the training split.
/usr/local/lib/python3.11/site-packages/torch/distributed/distributed_c10d.py:4876: UserWarning: barrier(): using the device under current context. You can specify `device_id` in `init_process_group` to mute this warning.
  warnings.warn(  # warn only once
/usr/local/lib/python3.11/multiprocessing/popen_fork.py:66: RuntimeWarning: os.fork() was called. os.fork() is incompatible with multithreaded code, and JAX is multithreaded, so this will likely lead to a deadlock.
  self.pid = os.fork()
I0916 21:04:39.415779 139813834572992 spec.py:346] Evaluating on the validation split.
I0916 21:04:59.072346 139813834572992 spec.py:363] Evaluating on the test split.
I0916 21:05:09.534810 139813834572992 submission_runner.py:516] Time since start: 9059.88s, 	Step: 10121, 	{'train/ctc_loss': 0.3454691138252321, 'train/wer': 0.12270048513658711, 'validation/ctc_loss': 0.5673220839298272, 'validation/wer': 0.1700477960701009, 'validation/num_examples': 5348, 'test/ctc_loss': 0.3434555253564746, 'test/wer': 0.1161213007535596, 'test/num_examples': 2472, 'score': 8744.24173116684, 'total_duration': 9059.876303434372, 'accumulated_submission_time': 8744.24173116684, 'accumulated_eval_time': 299.8750274181366, 'accumulated_logging_time': 0.22359585762023926}
I0916 21:05:09.841861 139795539912448 logging_writer.py:48] [10121] accumulated_eval_time=299.875, accumulated_logging_time=0.223596, accumulated_submission_time=8744.24, global_step=10121, preemption_count=0, score=8744.24, test/ctc_loss=0.343456, test/num_examples=2472, test/wer=0.116121, total_duration=9059.88, train/ctc_loss=0.345469, train/wer=0.1227, validation/ctc_loss=0.567322, validation/num_examples=5348, validation/wer=0.170048
/usr/local/lib/python3.11/multiprocessing/popen_fork.py:66: RuntimeWarning: os.fork() was called. os.fork() is incompatible with multithreaded code, and JAX is multithreaded, so this will likely lead to a deadlock.
  self.pid = os.fork()
I0916 21:09:55.028584 139795539912448 logging_writer.py:48] [10500] global_step=10500, grad_norm=0.499999, loss=1.51652
I0916 21:09:55.036281 139813834572992 submission.py:307] 10500) loss = 1.517, grad_norm = 0.500
I0916 21:15:04.831578 139795531519744 logging_writer.py:48] [11000] global_step=11000, grad_norm=0.499999, loss=1.45466
I0916 21:15:04.835781 139813834572992 submission.py:307] 11000) loss = 1.455, grad_norm = 0.500
/usr/local/lib/python3.11/multiprocessing/popen_fork.py:66: RuntimeWarning: os.fork() was called. os.fork() is incompatible with multithreaded code, and JAX is multithreaded, so this will likely lead to a deadlock.
  self.pid = os.fork()
I0916 21:22:11.514145 139795539912448 logging_writer.py:48] [11500] global_step=11500, grad_norm=0.499999, loss=1.38937
I0916 21:22:11.521509 139813834572992 submission.py:307] 11500) loss = 1.389, grad_norm = 0.500
I0916 21:26:55.640038 139795531519744 logging_writer.py:48] [12000] global_step=12000, grad_norm=0.499999, loss=1.43209
I0916 21:26:55.644263 139813834572992 submission.py:307] 12000) loss = 1.432, grad_norm = 0.500
/usr/local/lib/python3.11/multiprocessing/popen_fork.py:66: RuntimeWarning: os.fork() was called. os.fork() is incompatible with multithreaded code, and JAX is multithreaded, so this will likely lead to a deadlock.
  self.pid = os.fork()
I0916 21:34:17.939959 139813834572992 spec.py:333] Evaluating on the training split.
/usr/local/lib/python3.11/site-packages/torch/distributed/distributed_c10d.py:4876: UserWarning: barrier(): using the device under current context. You can specify `device_id` in `init_process_group` to mute this warning.
  warnings.warn(  # warn only once
I0916 21:34:35.743090 139813834572992 spec.py:346] Evaluating on the validation split.
I0916 21:34:55.571876 139813834572992 spec.py:363] Evaluating on the test split.
I0916 21:35:05.877568 139813834572992 submission_runner.py:516] Time since start: 10856.22s, 	Step: 12489, 	{'train/ctc_loss': 0.3102659863434054, 'train/wer': 0.11110387566611316, 'validation/ctc_loss': 0.5330505187142104, 'validation/wer': 0.15943610293052674, 'validation/num_examples': 5348, 'test/ctc_loss': 0.3173984007032712, 'test/wer': 0.10767168362683566, 'test/num_examples': 2472, 'score': 10489.384288549423, 'total_duration': 10856.218958854675, 'accumulated_submission_time': 10489.384288549423, 'accumulated_eval_time': 347.81264901161194, 'accumulated_logging_time': 0.540952205657959}
I0916 21:35:05.989670 139795539912448 logging_writer.py:48] [12489] accumulated_eval_time=347.813, accumulated_logging_time=0.540952, accumulated_submission_time=10489.4, global_step=12489, preemption_count=0, score=10489.4, test/ctc_loss=0.317398, test/num_examples=2472, test/wer=0.107672, total_duration=10856.2, train/ctc_loss=0.310266, train/wer=0.111104, validation/ctc_loss=0.533051, validation/num_examples=5348, validation/wer=0.159436
I0916 21:35:13.787492 139795531519744 logging_writer.py:48] [12500] global_step=12500, grad_norm=0.499999, loss=1.36452
I0916 21:35:13.790977 139813834572992 submission.py:307] 12500) loss = 1.365, grad_norm = 0.500
I0916 21:40:02.186139 139795539912448 logging_writer.py:48] [13000] global_step=13000, grad_norm=0.499999, loss=1.45055
I0916 21:40:02.190377 139813834572992 submission.py:307] 13000) loss = 1.451, grad_norm = 0.500
/usr/local/lib/python3.11/multiprocessing/popen_fork.py:66: RuntimeWarning: os.fork() was called. os.fork() is incompatible with multithreaded code, and JAX is multithreaded, so this will likely lead to a deadlock.
  self.pid = os.fork()
I0916 21:47:39.138627 139795539912448 logging_writer.py:48] [13500] global_step=13500, grad_norm=0.499999, loss=1.31791
I0916 21:47:39.181739 139813834572992 submission.py:307] 13500) loss = 1.318, grad_norm = 0.500
I0916 21:52:04.877923 139795531519744 logging_writer.py:48] [14000] global_step=14000, grad_norm=0.499999, loss=1.41986
I0916 21:52:04.910431 139813834572992 submission.py:307] 14000) loss = 1.420, grad_norm = 0.500
/usr/local/lib/python3.11/multiprocessing/popen_fork.py:66: RuntimeWarning: os.fork() was called. os.fork() is incompatible with multithreaded code, and JAX is multithreaded, so this will likely lead to a deadlock.
  self.pid = os.fork()
I0916 21:59:56.661956 139795539912448 logging_writer.py:48] [14500] global_step=14500, grad_norm=0.499999, loss=1.34361
I0916 21:59:56.700772 139813834572992 submission.py:307] 14500) loss = 1.344, grad_norm = 0.500
I0916 22:04:12.775587 139795531519744 logging_writer.py:48] [15000] global_step=15000, grad_norm=0.499999, loss=1.41012
I0916 22:04:12.779926 139813834572992 submission.py:307] 15000) loss = 1.410, grad_norm = 0.500
I0916 22:04:14.983795 139813834572992 spec.py:333] Evaluating on the training split.
/usr/local/lib/python3.11/site-packages/torch/distributed/distributed_c10d.py:4876: UserWarning: barrier(): using the device under current context. You can specify `device_id` in `init_process_group` to mute this warning.
  warnings.warn(  # warn only once
/usr/local/lib/python3.11/multiprocessing/popen_fork.py:66: RuntimeWarning: os.fork() was called. os.fork() is incompatible with multithreaded code, and JAX is multithreaded, so this will likely lead to a deadlock.
  self.pid = os.fork()
I0916 22:04:30.784650 139813834572992 spec.py:346] Evaluating on the validation split.
I0916 22:04:50.415762 139813834572992 spec.py:363] Evaluating on the test split.
I0916 22:05:00.584242 139813834572992 submission_runner.py:516] Time since start: 12650.93s, 	Step: 15002, 	{'train/ctc_loss': 0.27723881361502667, 'train/wer': 0.10048405127036325, 'validation/ctc_loss': 0.502230916512834, 'validation/wer': 0.14948100226910635, 'validation/num_examples': 5348, 'test/ctc_loss': 0.29786130355184204, 'test/wer': 0.09918144334084862, 'test/num_examples': 2472, 'score': 12234.653105258942, 'total_duration': 12650.925751447678, 'accumulated_submission_time': 12234.653105258942, 'accumulated_eval_time': 393.4130597114563, 'accumulated_logging_time': 0.6633203029632568}
I0916 22:05:00.935068 139795539912448 logging_writer.py:48] [15002] accumulated_eval_time=393.413, accumulated_logging_time=0.66332, accumulated_submission_time=12234.7, global_step=15002, preemption_count=0, score=12234.7, test/ctc_loss=0.297861, test/num_examples=2472, test/wer=0.0991814, total_duration=12650.9, train/ctc_loss=0.277239, train/wer=0.100484, validation/ctc_loss=0.502231, validation/num_examples=5348, validation/wer=0.149481
/usr/local/lib/python3.11/multiprocessing/popen_fork.py:66: RuntimeWarning: os.fork() was called. os.fork() is incompatible with multithreaded code, and JAX is multithreaded, so this will likely lead to a deadlock.
  self.pid = os.fork()
I0916 22:12:56.631918 139795539912448 logging_writer.py:48] [15500] global_step=15500, grad_norm=0.493755, loss=1.30995
I0916 22:12:56.639521 139813834572992 submission.py:307] 15500) loss = 1.310, grad_norm = 0.494
I0916 22:17:03.361969 139795531519744 logging_writer.py:48] [16000] global_step=16000, grad_norm=0.463725, loss=1.34561
I0916 22:17:03.366389 139813834572992 submission.py:307] 16000) loss = 1.346, grad_norm = 0.464
/usr/local/lib/python3.11/multiprocessing/popen_fork.py:66: RuntimeWarning: os.fork() was called. os.fork() is incompatible with multithreaded code, and JAX is multithreaded, so this will likely lead to a deadlock.
  self.pid = os.fork()
I0916 22:25:06.414862 139795539912448 logging_writer.py:48] [16500] global_step=16500, grad_norm=0.499999, loss=1.35523
I0916 22:25:06.422513 139813834572992 submission.py:307] 16500) loss = 1.355, grad_norm = 0.500
I0916 22:29:05.633742 139795531519744 logging_writer.py:48] [17000] global_step=17000, grad_norm=0.499999, loss=1.35285
I0916 22:29:05.638044 139813834572992 submission.py:307] 17000) loss = 1.353, grad_norm = 0.500
I0916 22:34:08.781001 139813834572992 spec.py:333] Evaluating on the training split.
/usr/local/lib/python3.11/site-packages/torch/distributed/distributed_c10d.py:4876: UserWarning: barrier(): using the device under current context. You can specify `device_id` in `init_process_group` to mute this warning.
  warnings.warn(  # warn only once
/usr/local/lib/python3.11/multiprocessing/popen_fork.py:66: RuntimeWarning: os.fork() was called. os.fork() is incompatible with multithreaded code, and JAX is multithreaded, so this will likely lead to a deadlock.
  self.pid = os.fork()
I0916 22:34:24.180215 139813834572992 spec.py:346] Evaluating on the validation split.
I0916 22:34:44.989048 139813834572992 spec.py:363] Evaluating on the test split.
I0916 22:34:56.346176 139813834572992 submission_runner.py:516] Time since start: 14446.69s, 	Step: 17340, 	{'train/ctc_loss': 0.25481339725955643, 'train/wer': 0.092962806194988, 'validation/ctc_loss': 0.475153822819344, 'validation/wer': 0.14224882923767682, 'validation/num_examples': 5348, 'test/ctc_loss': 0.27807923091812375, 'test/wer': 0.09402230211443544, 'test/num_examples': 2472, 'score': 13979.592563390732, 'total_duration': 14446.687247037888, 'accumulated_submission_time': 13979.592563390732, 'accumulated_eval_time': 440.97758173942566, 'accumulated_logging_time': 1.0245919227600098}
I0916 22:34:56.508944 139795539912448 logging_writer.py:48] [17340] accumulated_eval_time=440.978, accumulated_logging_time=1.02459, accumulated_submission_time=13979.6, global_step=17340, preemption_count=0, score=13979.6, test/ctc_loss=0.278079, test/num_examples=2472, test/wer=0.0940223, total_duration=14446.7, train/ctc_loss=0.254813, train/wer=0.0929628, validation/ctc_loss=0.475154, validation/num_examples=5348, validation/wer=0.142249
I0916 22:37:55.081931 139795531519744 logging_writer.py:48] [17500] global_step=17500, grad_norm=0.446921, loss=1.32308
I0916 22:37:55.086084 139813834572992 submission.py:307] 17500) loss = 1.323, grad_norm = 0.447
/usr/local/lib/python3.11/multiprocessing/popen_fork.py:66: RuntimeWarning: os.fork() was called. os.fork() is incompatible with multithreaded code, and JAX is multithreaded, so this will likely lead to a deadlock.
  self.pid = os.fork()
I0916 22:42:05.071826 139795539912448 logging_writer.py:48] [18000] global_step=18000, grad_norm=0.499999, loss=1.39373
I0916 22:42:05.079419 139813834572992 submission.py:307] 18000) loss = 1.394, grad_norm = 0.500
I0916 22:49:51.698618 139795531519744 logging_writer.py:48] [18500] global_step=18500, grad_norm=0.499999, loss=1.27736
I0916 22:49:51.704083 139813834572992 submission.py:307] 18500) loss = 1.277, grad_norm = 0.500
/usr/local/lib/python3.11/multiprocessing/popen_fork.py:66: RuntimeWarning: os.fork() was called. os.fork() is incompatible with multithreaded code, and JAX is multithreaded, so this will likely lead to a deadlock.
  self.pid = os.fork()
I0916 22:54:07.314026 139795539912448 logging_writer.py:48] [19000] global_step=19000, grad_norm=0.470878, loss=1.25872
I0916 22:54:07.321434 139813834572992 submission.py:307] 19000) loss = 1.259, grad_norm = 0.471
I0916 23:01:43.318054 139795531519744 logging_writer.py:48] [19500] global_step=19500, grad_norm=0.499999, loss=1.39189
I0916 23:01:43.322229 139813834572992 submission.py:307] 19500) loss = 1.392, grad_norm = 0.500
/usr/local/lib/python3.11/multiprocessing/popen_fork.py:66: RuntimeWarning: os.fork() was called. os.fork() is incompatible with multithreaded code, and JAX is multithreaded, so this will likely lead to a deadlock.
  self.pid = os.fork()
I0916 23:04:04.454011 139813834572992 spec.py:333] Evaluating on the training split.
/usr/local/lib/python3.11/site-packages/torch/distributed/distributed_c10d.py:4876: UserWarning: barrier(): using the device under current context. You can specify `device_id` in `init_process_group` to mute this warning.
  warnings.warn(  # warn only once
I0916 23:04:18.329405 139813834572992 spec.py:346] Evaluating on the validation split.
I0916 23:04:37.995057 139813834572992 spec.py:363] Evaluating on the test split.
I0916 23:04:48.387059 139813834572992 submission_runner.py:516] Time since start: 16238.73s, 	Step: 19706, 	{'train/ctc_loss': 0.23629783483327194, 'train/wer': 0.08583770173325085, 'validation/ctc_loss': 0.46606361921087003, 'validation/wer': 0.1356925602278762, 'validation/num_examples': 5348, 'test/ctc_loss': 0.2691817314826763, 'test/wer': 0.08819287876018118, 'test/num_examples': 2472, 'score': 15724.528203010559, 'total_duration': 16238.72852897644, 'accumulated_submission_time': 15724.528203010559, 'accumulated_eval_time': 484.9104630947113, 'accumulated_logging_time': 1.1978044509887695}
I0916 23:04:48.633661 139795539912448 logging_writer.py:48] [19706] accumulated_eval_time=484.91, accumulated_logging_time=1.1978, accumulated_submission_time=15724.5, global_step=19706, preemption_count=0, score=15724.5, test/ctc_loss=0.269182, test/num_examples=2472, test/wer=0.0881929, total_duration=16238.7, train/ctc_loss=0.236298, train/wer=0.0858377, validation/ctc_loss=0.466064, validation/num_examples=5348, validation/wer=0.135693
I0916 23:07:14.729961 139795531519744 logging_writer.py:48] [20000] global_step=20000, grad_norm=0.439291, loss=1.35552
I0916 23:07:14.734160 139813834572992 submission.py:307] 20000) loss = 1.356, grad_norm = 0.439
I0916 23:14:40.489406 139795539912448 logging_writer.py:48] [20500] global_step=20500, grad_norm=0.499999, loss=1.29525
I0916 23:14:40.493479 139813834572992 submission.py:307] 20500) loss = 1.295, grad_norm = 0.500
/usr/local/lib/python3.11/multiprocessing/popen_fork.py:66: RuntimeWarning: os.fork() was called. os.fork() is incompatible with multithreaded code, and JAX is multithreaded, so this will likely lead to a deadlock.
  self.pid = os.fork()
I0916 23:19:30.410614 139795539912448 logging_writer.py:48] [21000] global_step=21000, grad_norm=0.499999, loss=1.3193
I0916 23:19:30.417825 139813834572992 submission.py:307] 21000) loss = 1.319, grad_norm = 0.500
I0916 23:26:30.836284 139795531519744 logging_writer.py:48] [21500] global_step=21500, grad_norm=0.485028, loss=1.35517
I0916 23:26:30.840574 139813834572992 submission.py:307] 21500) loss = 1.355, grad_norm = 0.485
/usr/local/lib/python3.11/multiprocessing/popen_fork.py:66: RuntimeWarning: os.fork() was called. os.fork() is incompatible with multithreaded code, and JAX is multithreaded, so this will likely lead to a deadlock.
  self.pid = os.fork()
I0916 23:31:43.606088 139795539912448 logging_writer.py:48] [22000] global_step=22000, grad_norm=0.477887, loss=1.21538
I0916 23:31:43.613900 139813834572992 submission.py:307] 22000) loss = 1.215, grad_norm = 0.478
I0916 23:33:57.373574 139813834572992 spec.py:333] Evaluating on the training split.
/usr/local/lib/python3.11/site-packages/torch/distributed/distributed_c10d.py:4876: UserWarning: barrier(): using the device under current context. You can specify `device_id` in `init_process_group` to mute this warning.
  warnings.warn(  # warn only once
/usr/local/lib/python3.11/multiprocessing/popen_fork.py:66: RuntimeWarning: os.fork() was called. os.fork() is incompatible with multithreaded code, and JAX is multithreaded, so this will likely lead to a deadlock.
  self.pid = os.fork()
I0916 23:34:18.738834 139813834572992 spec.py:346] Evaluating on the validation split.
I0916 23:34:38.881450 139813834572992 spec.py:363] Evaluating on the test split.
I0916 23:34:49.167146 139813834572992 submission_runner.py:516] Time since start: 18039.51s, 	Step: 22219, 	{'train/ctc_loss': 0.22142080195318706, 'train/wer': 0.08291819967657561, 'validation/ctc_loss': 0.4489882953774864, 'validation/wer': 0.13268961521749625, 'validation/num_examples': 5348, 'test/ctc_loss': 0.2557915026775921, 'test/wer': 0.08429305547092397, 'test/num_examples': 2472, 'score': 17469.457185268402, 'total_duration': 18039.508671998978, 'accumulated_submission_time': 17469.457185268402, 'accumulated_eval_time': 536.7038400173187, 'accumulated_logging_time': 1.4543979167938232}
I0916 23:34:49.438987 139795539912448 logging_writer.py:48] [22219] accumulated_eval_time=536.704, accumulated_logging_time=1.4544, accumulated_submission_time=17469.5, global_step=22219, preemption_count=0, score=17469.5, test/ctc_loss=0.255792, test/num_examples=2472, test/wer=0.0842931, total_duration=18039.5, train/ctc_loss=0.221421, train/wer=0.0829182, validation/ctc_loss=0.448988, validation/num_examples=5348, validation/wer=0.13269
I0916 23:39:16.626271 139795531519744 logging_writer.py:48] [22500] global_step=22500, grad_norm=0.499999, loss=1.2746
I0916 23:39:16.630574 139813834572992 submission.py:307] 22500) loss = 1.275, grad_norm = 0.500
/usr/local/lib/python3.11/multiprocessing/popen_fork.py:66: RuntimeWarning: os.fork() was called. os.fork() is incompatible with multithreaded code, and JAX is multithreaded, so this will likely lead to a deadlock.
  self.pid = os.fork()
I0916 23:44:47.966470 139795539912448 logging_writer.py:48] [23000] global_step=23000, grad_norm=0.467911, loss=1.28403
I0916 23:44:47.973826 139813834572992 submission.py:307] 23000) loss = 1.284, grad_norm = 0.468
I0916 23:51:07.968050 139795531519744 logging_writer.py:48] [23500] global_step=23500, grad_norm=0.499999, loss=1.16627
I0916 23:51:07.972340 139813834572992 submission.py:307] 23500) loss = 1.166, grad_norm = 0.500
/usr/local/lib/python3.11/multiprocessing/popen_fork.py:66: RuntimeWarning: os.fork() was called. os.fork() is incompatible with multithreaded code, and JAX is multithreaded, so this will likely lead to a deadlock.
  self.pid = os.fork()
I0916 23:56:56.086783 139795539912448 logging_writer.py:48] [24000] global_step=24000, grad_norm=0.499999, loss=1.26764
I0916 23:56:56.094259 139813834572992 submission.py:307] 24000) loss = 1.268, grad_norm = 0.500
I0917 00:02:55.398390 139795531519744 logging_writer.py:48] [24500] global_step=24500, grad_norm=0.499999, loss=1.26962
I0917 00:02:55.402513 139813834572992 submission.py:307] 24500) loss = 1.270, grad_norm = 0.500
I0917 00:03:57.368783 139813834572992 spec.py:333] Evaluating on the training split.
/usr/local/lib/python3.11/site-packages/torch/distributed/distributed_c10d.py:4876: UserWarning: barrier(): using the device under current context. You can specify `device_id` in `init_process_group` to mute this warning.
  warnings.warn(  # warn only once
/usr/local/lib/python3.11/multiprocessing/popen_fork.py:66: RuntimeWarning: os.fork() was called. os.fork() is incompatible with multithreaded code, and JAX is multithreaded, so this will likely lead to a deadlock.
  self.pid = os.fork()
I0917 00:04:13.734472 139813834572992 spec.py:346] Evaluating on the validation split.
I0917 00:04:33.333059 139813834572992 spec.py:363] Evaluating on the test split.
I0917 00:04:43.672952 139813834572992 submission_runner.py:516] Time since start: 19834.01s, 	Step: 24558, 	{'train/ctc_loss': 0.206900756080581, 'train/wer': 0.07622179533096735, 'validation/ctc_loss': 0.4338568253811282, 'validation/wer': 0.12752377733790374, 'validation/num_examples': 5348, 'test/ctc_loss': 0.24766864999354798, 'test/wer': 0.08151036906140191, 'test/num_examples': 2472, 'score': 19214.567471265793, 'total_duration': 19834.014476537704, 'accumulated_submission_time': 19214.567471265793, 'accumulated_eval_time': 583.007815361023, 'accumulated_logging_time': 1.7365632057189941}
I0917 00:04:43.745744 139795539912448 logging_writer.py:48] [24558] accumulated_eval_time=583.008, accumulated_logging_time=1.73656, accumulated_submission_time=19214.6, global_step=24558, preemption_count=0, score=19214.6, test/ctc_loss=0.247669, test/num_examples=2472, test/wer=0.0815104, total_duration=19834, train/ctc_loss=0.206901, train/wer=0.0762218, validation/ctc_loss=0.433857, validation/num_examples=5348, validation/wer=0.127524
/usr/local/lib/python3.11/multiprocessing/popen_fork.py:66: RuntimeWarning: os.fork() was called. os.fork() is incompatible with multithreaded code, and JAX is multithreaded, so this will likely lead to a deadlock.
  self.pid = os.fork()
I0917 00:09:46.667254 139795539912448 logging_writer.py:48] [25000] global_step=25000, grad_norm=0.499999, loss=1.294
I0917 00:09:46.674876 139813834572992 submission.py:307] 25000) loss = 1.294, grad_norm = 0.500
I0917 00:15:40.404408 139795531519744 logging_writer.py:48] [25500] global_step=25500, grad_norm=0.499999, loss=1.23502
I0917 00:15:40.408493 139813834572992 submission.py:307] 25500) loss = 1.235, grad_norm = 0.500
/usr/local/lib/python3.11/multiprocessing/popen_fork.py:66: RuntimeWarning: os.fork() was called. os.fork() is incompatible with multithreaded code, and JAX is multithreaded, so this will likely lead to a deadlock.
  self.pid = os.fork()
I0917 00:22:04.210022 139795539912448 logging_writer.py:48] [26000] global_step=26000, grad_norm=0.499999, loss=1.20904
I0917 00:22:04.217320 139813834572992 submission.py:307] 26000) loss = 1.209, grad_norm = 0.500
I0917 00:27:29.511564 139795531519744 logging_writer.py:48] [26500] global_step=26500, grad_norm=0.499999, loss=1.27691
I0917 00:27:29.515803 139813834572992 submission.py:307] 26500) loss = 1.277, grad_norm = 0.500
/usr/local/lib/python3.11/multiprocessing/popen_fork.py:66: RuntimeWarning: os.fork() was called. os.fork() is incompatible with multithreaded code, and JAX is multithreaded, so this will likely lead to a deadlock.
  self.pid = os.fork()
I0917 00:33:52.208766 139813834572992 spec.py:333] Evaluating on the training split.
/usr/local/lib/python3.11/site-packages/torch/distributed/distributed_c10d.py:4876: UserWarning: barrier(): using the device under current context. You can specify `device_id` in `init_process_group` to mute this warning.
  warnings.warn(  # warn only once
I0917 00:34:06.259385 139813834572992 spec.py:346] Evaluating on the validation split.
I0917 00:34:25.898285 139813834572992 spec.py:363] Evaluating on the test split.
I0917 00:34:36.342787 139813834572992 submission_runner.py:516] Time since start: 21626.68s, 	Step: 26938, 	{'train/ctc_loss': 0.19763641386815184, 'train/wer': 0.07440931635897936, 'validation/ctc_loss': 0.4246268185214487, 'validation/wer': 0.12472360353401246, 'validation/num_examples': 5348, 'test/ctc_loss': 0.24187261073295052, 'test/wer': 0.0804947900798245, 'test/num_examples': 2472, 'score': 20960.067337989807, 'total_duration': 21626.68429684639, 'accumulated_submission_time': 20960.067337989807, 'accumulated_eval_time': 627.1416909694672, 'accumulated_logging_time': 1.8191895484924316}
I0917 00:34:36.731073 139795539912448 logging_writer.py:48] [26938] accumulated_eval_time=627.142, accumulated_logging_time=1.81919, accumulated_submission_time=20960.1, global_step=26938, preemption_count=0, score=20960.1, test/ctc_loss=0.241873, test/num_examples=2472, test/wer=0.0804948, total_duration=21626.7, train/ctc_loss=0.197636, train/wer=0.0744093, validation/ctc_loss=0.424627, validation/num_examples=5348, validation/wer=0.124724
I0917 00:35:06.266345 139795531519744 logging_writer.py:48] [27000] global_step=27000, grad_norm=0.5, loss=1.17745
I0917 00:35:06.270322 139813834572992 submission.py:307] 27000) loss = 1.177, grad_norm = 0.500
I0917 00:40:31.377521 139795539912448 logging_writer.py:48] [27500] global_step=27500, grad_norm=0.499999, loss=1.21374
I0917 00:40:31.381764 139813834572992 submission.py:307] 27500) loss = 1.214, grad_norm = 0.500
/usr/local/lib/python3.11/multiprocessing/popen_fork.py:66: RuntimeWarning: os.fork() was called. os.fork() is incompatible with multithreaded code, and JAX is multithreaded, so this will likely lead to a deadlock.
  self.pid = os.fork()
I0917 00:47:27.863088 139795539912448 logging_writer.py:48] [28000] global_step=28000, grad_norm=0.499999, loss=1.20161
I0917 00:47:27.870745 139813834572992 submission.py:307] 28000) loss = 1.202, grad_norm = 0.500
I0917 00:52:21.708529 139795531519744 logging_writer.py:48] [28500] global_step=28500, grad_norm=0.499999, loss=1.11147
I0917 00:52:21.712613 139813834572992 submission.py:307] 28500) loss = 1.111, grad_norm = 0.500
/usr/local/lib/python3.11/multiprocessing/popen_fork.py:66: RuntimeWarning: os.fork() was called. os.fork() is incompatible with multithreaded code, and JAX is multithreaded, so this will likely lead to a deadlock.
  self.pid = os.fork()
I0917 00:59:41.186328 139795539912448 logging_writer.py:48] [29000] global_step=29000, grad_norm=0.499999, loss=1.13505
I0917 00:59:41.193825 139813834572992 submission.py:307] 29000) loss = 1.135, grad_norm = 0.500
I0917 01:03:45.987461 139813834572992 spec.py:333] Evaluating on the training split.
/usr/local/lib/python3.11/site-packages/torch/distributed/distributed_c10d.py:4876: UserWarning: barrier(): using the device under current context. You can specify `device_id` in `init_process_group` to mute this warning.
  warnings.warn(  # warn only once
/usr/local/lib/python3.11/multiprocessing/popen_fork.py:66: RuntimeWarning: os.fork() was called. os.fork() is incompatible with multithreaded code, and JAX is multithreaded, so this will likely lead to a deadlock.
  self.pid = os.fork()
I0917 01:04:04.195026 139813834572992 spec.py:346] Evaluating on the validation split.
I0917 01:04:24.069927 139813834572992 spec.py:363] Evaluating on the test split.
I0917 01:04:34.259344 139813834572992 submission_runner.py:516] Time since start: 23424.60s, 	Step: 29454, 	{'train/ctc_loss': 0.18498094590758396, 'train/wer': 0.06965020241157381, 'validation/ctc_loss': 0.4099803186454566, 'validation/wer': 0.11964466760005793, 'validation/num_examples': 5348, 'test/ctc_loss': 0.23302987793567326, 'test/wer': 0.07480754778299108, 'test/num_examples': 2472, 'score': 22705.55812382698, 'total_duration': 23424.600848913193, 'accumulated_submission_time': 22705.55812382698, 'accumulated_eval_time': 675.4134092330933, 'accumulated_logging_time': 2.2177481651306152}
I0917 01:04:34.633581 139795539912448 logging_writer.py:48] [29454] accumulated_eval_time=675.413, accumulated_logging_time=2.21775, accumulated_submission_time=22705.6, global_step=29454, preemption_count=0, score=22705.6, test/ctc_loss=0.23303, test/num_examples=2472, test/wer=0.0748075, total_duration=23424.6, train/ctc_loss=0.184981, train/wer=0.0696502, validation/ctc_loss=0.40998, validation/num_examples=5348, validation/wer=0.119645
I0917 01:05:12.808038 139795531519744 logging_writer.py:48] [29500] global_step=29500, grad_norm=0.499999, loss=1.20683
I0917 01:05:12.811731 139813834572992 submission.py:307] 29500) loss = 1.207, grad_norm = 0.500
/usr/local/lib/python3.11/multiprocessing/popen_fork.py:66: RuntimeWarning: os.fork() was called. os.fork() is incompatible with multithreaded code, and JAX is multithreaded, so this will likely lead to a deadlock.
  self.pid = os.fork()
I0917 01:12:39.561921 139795539912448 logging_writer.py:48] [30000] global_step=30000, grad_norm=0.425477, loss=1.27877
I0917 01:12:39.569286 139813834572992 submission.py:307] 30000) loss = 1.279, grad_norm = 0.425
I0917 01:17:12.065992 139795531519744 logging_writer.py:48] [30500] global_step=30500, grad_norm=0.424522, loss=1.22136
I0917 01:17:12.070396 139813834572992 submission.py:307] 30500) loss = 1.221, grad_norm = 0.425
/usr/local/lib/python3.11/multiprocessing/popen_fork.py:66: RuntimeWarning: os.fork() was called. os.fork() is incompatible with multithreaded code, and JAX is multithreaded, so this will likely lead to a deadlock.
  self.pid = os.fork()
I0917 01:24:50.064125 139795539912448 logging_writer.py:48] [31000] global_step=31000, grad_norm=0.499999, loss=1.15816
I0917 01:24:50.071739 139813834572992 submission.py:307] 31000) loss = 1.158, grad_norm = 0.500
I0917 01:29:11.252565 139795531519744 logging_writer.py:48] [31500] global_step=31500, grad_norm=0.477724, loss=1.1858
I0917 01:29:11.256771 139813834572992 submission.py:307] 31500) loss = 1.186, grad_norm = 0.478
I0917 01:33:44.738660 139813834572992 spec.py:333] Evaluating on the training split.
/usr/local/lib/python3.11/site-packages/torch/distributed/distributed_c10d.py:4876: UserWarning: barrier(): using the device under current context. You can specify `device_id` in `init_process_group` to mute this warning.
  warnings.warn(  # warn only once
/usr/local/lib/python3.11/multiprocessing/popen_fork.py:66: RuntimeWarning: os.fork() was called. os.fork() is incompatible with multithreaded code, and JAX is multithreaded, so this will likely lead to a deadlock.
  self.pid = os.fork()
I0917 01:33:59.880570 139813834572992 spec.py:346] Evaluating on the validation split.
I0917 01:34:19.678800 139813834572992 spec.py:363] Evaluating on the test split.
I0917 01:34:30.068380 139813834572992 submission_runner.py:516] Time since start: 25220.41s, 	Step: 31784, 	{'train/ctc_loss': 0.17568948841842372, 'train/wer': 0.06572135577768372, 'validation/ctc_loss': 0.40605113600688164, 'validation/wer': 0.11707623231786801, 'validation/num_examples': 5348, 'test/ctc_loss': 0.22631442451932382, 'test/wer': 0.07328417931062499, 'test/num_examples': 2472, 'score': 24452.785871744156, 'total_duration': 25220.40988755226, 'accumulated_submission_time': 24452.785871744156, 'accumulated_eval_time': 720.7431962490082, 'accumulated_logging_time': 2.6020264625549316}
I0917 01:34:30.147614 139795539912448 logging_writer.py:48] [31784] accumulated_eval_time=720.743, accumulated_logging_time=2.60203, accumulated_submission_time=24452.8, global_step=31784, preemption_count=0, score=24452.8, test/ctc_loss=0.226314, test/num_examples=2472, test/wer=0.0732842, total_duration=25220.4, train/ctc_loss=0.175689, train/wer=0.0657214, validation/ctc_loss=0.406051, validation/num_examples=5348, validation/wer=0.117076
/usr/local/lib/python3.11/multiprocessing/popen_fork.py:66: RuntimeWarning: os.fork() was called. os.fork() is incompatible with multithreaded code, and JAX is multithreaded, so this will likely lead to a deadlock.
  self.pid = os.fork()
I0917 01:37:44.493504 139795539912448 logging_writer.py:48] [32000] global_step=32000, grad_norm=0.499999, loss=1.19732
I0917 01:37:44.501828 139813834572992 submission.py:307] 32000) loss = 1.197, grad_norm = 0.500
I0917 01:42:07.764791 139795531519744 logging_writer.py:48] [32500] global_step=32500, grad_norm=0.409768, loss=1.18171
I0917 01:42:07.768927 139813834572992 submission.py:307] 32500) loss = 1.182, grad_norm = 0.410
/usr/local/lib/python3.11/multiprocessing/popen_fork.py:66: RuntimeWarning: os.fork() was called. os.fork() is incompatible with multithreaded code, and JAX is multithreaded, so this will likely lead to a deadlock.
  self.pid = os.fork()
I0917 01:50:02.675217 139795539912448 logging_writer.py:48] [33000] global_step=33000, grad_norm=0.499999, loss=1.147
I0917 01:50:02.682471 139813834572992 submission.py:307] 33000) loss = 1.147, grad_norm = 0.500
I0917 01:54:05.597284 139795531519744 logging_writer.py:48] [33500] global_step=33500, grad_norm=0.5, loss=1.21147
I0917 01:54:05.601526 139813834572992 submission.py:307] 33500) loss = 1.211, grad_norm = 0.500
/usr/local/lib/python3.11/multiprocessing/popen_fork.py:66: RuntimeWarning: os.fork() was called. os.fork() is incompatible with multithreaded code, and JAX is multithreaded, so this will likely lead to a deadlock.
  self.pid = os.fork()
I0917 02:02:17.757389 139795539912448 logging_writer.py:48] [34000] global_step=34000, grad_norm=0.499999, loss=1.15534
I0917 02:02:17.764554 139813834572992 submission.py:307] 34000) loss = 1.155, grad_norm = 0.500
I0917 02:03:39.065387 139813834572992 spec.py:333] Evaluating on the training split.
/usr/local/lib/python3.11/site-packages/torch/distributed/distributed_c10d.py:4876: UserWarning: barrier(): using the device under current context. You can specify `device_id` in `init_process_group` to mute this warning.
  warnings.warn(  # warn only once
/usr/local/lib/python3.11/multiprocessing/popen_fork.py:66: RuntimeWarning: os.fork() was called. os.fork() is incompatible with multithreaded code, and JAX is multithreaded, so this will likely lead to a deadlock.
  self.pid = os.fork()
I0917 02:03:53.903871 139813834572992 spec.py:346] Evaluating on the validation split.
I0917 02:04:14.436197 139813834572992 spec.py:363] Evaluating on the test split.
I0917 02:04:25.426002 139813834572992 submission_runner.py:516] Time since start: 27015.77s, 	Step: 34184, 	{'train/ctc_loss': 0.16585316436071523, 'train/wer': 0.062329740934891846, 'validation/ctc_loss': 0.39722547939270647, 'validation/wer': 0.11447882972046541, 'validation/num_examples': 5348, 'test/ctc_loss': 0.22110098332956965, 'test/wer': 0.0696484065565779, 'test/num_examples': 2472, 'score': 26198.306342363358, 'total_duration': 27015.766971111298, 'accumulated_submission_time': 26198.306342363358, 'accumulated_eval_time': 767.1031429767609, 'accumulated_logging_time': 2.691215991973877}
I0917 02:04:25.790897 139795539912448 logging_writer.py:48] [34184] accumulated_eval_time=767.103, accumulated_logging_time=2.69122, accumulated_submission_time=26198.3, global_step=34184, preemption_count=0, score=26198.3, test/ctc_loss=0.221101, test/num_examples=2472, test/wer=0.0696484, total_duration=27015.8, train/ctc_loss=0.165853, train/wer=0.0623297, validation/ctc_loss=0.397225, validation/num_examples=5348, validation/wer=0.114479
I0917 02:07:16.416006 139795531519744 logging_writer.py:48] [34500] global_step=34500, grad_norm=0.499999, loss=1.14768
I0917 02:07:16.420374 139813834572992 submission.py:307] 34500) loss = 1.148, grad_norm = 0.500
I0917 02:15:19.976825 139795539912448 logging_writer.py:48] [35000] global_step=35000, grad_norm=0.499999, loss=1.12759
I0917 02:15:19.980823 139813834572992 submission.py:307] 35000) loss = 1.128, grad_norm = 0.500
/usr/local/lib/python3.11/multiprocessing/popen_fork.py:66: RuntimeWarning: os.fork() was called. os.fork() is incompatible with multithreaded code, and JAX is multithreaded, so this will likely lead to a deadlock.
  self.pid = os.fork()
I0917 02:19:25.219449 139795539912448 logging_writer.py:48] [35500] global_step=35500, grad_norm=0.482271, loss=1.09501
I0917 02:19:25.227139 139813834572992 submission.py:307] 35500) loss = 1.095, grad_norm = 0.482
I0917 02:27:08.842106 139795531519744 logging_writer.py:48] [36000] global_step=36000, grad_norm=0.499999, loss=1.12982
I0917 02:27:08.846216 139813834572992 submission.py:307] 36000) loss = 1.130, grad_norm = 0.500
/usr/local/lib/python3.11/multiprocessing/popen_fork.py:66: RuntimeWarning: os.fork() was called. os.fork() is incompatible with multithreaded code, and JAX is multithreaded, so this will likely lead to a deadlock.
  self.pid = os.fork()
I0917 02:31:34.741322 139795539912448 logging_writer.py:48] [36500] global_step=36500, grad_norm=0.491209, loss=1.12353
I0917 02:31:34.749387 139813834572992 submission.py:307] 36500) loss = 1.124, grad_norm = 0.491
I0917 02:33:34.368653 139813834572992 spec.py:333] Evaluating on the training split.
/usr/local/lib/python3.11/site-packages/torch/distributed/distributed_c10d.py:4876: UserWarning: barrier(): using the device under current context. You can specify `device_id` in `init_process_group` to mute this warning.
  warnings.warn(  # warn only once
/usr/local/lib/python3.11/multiprocessing/popen_fork.py:66: RuntimeWarning: os.fork() was called. os.fork() is incompatible with multithreaded code, and JAX is multithreaded, so this will likely lead to a deadlock.
  self.pid = os.fork()
I0917 02:33:52.373078 139813834572992 spec.py:346] Evaluating on the validation split.
I0917 02:34:12.391427 139813834572992 spec.py:363] Evaluating on the test split.
I0917 02:34:22.692681 139813834572992 submission_runner.py:516] Time since start: 28813.03s, 	Step: 36676, 	{'train/ctc_loss': 0.1571575696981423, 'train/wer': 0.05989320483183017, 'validation/ctc_loss': 0.39315141643748747, 'validation/wer': 0.11189108289480036, 'validation/num_examples': 5348, 'test/ctc_loss': 0.21713411953997033, 'test/wer': 0.06934373286210468, 'test/num_examples': 2472, 'score': 27943.172302246094, 'total_duration': 28813.034168481827, 'accumulated_submission_time': 27943.172302246094, 'accumulated_eval_time': 815.4270529747009, 'accumulated_logging_time': 3.0661959648132324}
I0917 02:34:22.961632 139795539912448 logging_writer.py:48] [36676] accumulated_eval_time=815.427, accumulated_logging_time=3.0662, accumulated_submission_time=27943.2, global_step=36676, preemption_count=0, score=27943.2, test/ctc_loss=0.217134, test/num_examples=2472, test/wer=0.0693437, total_duration=28813, train/ctc_loss=0.157158, train/wer=0.0598932, validation/ctc_loss=0.393151, validation/num_examples=5348, validation/wer=0.111891
I0917 02:39:50.193003 139795531519744 logging_writer.py:48] [37000] global_step=37000, grad_norm=0.499999, loss=1.09019
I0917 02:39:50.197268 139813834572992 submission.py:307] 37000) loss = 1.090, grad_norm = 0.500
/usr/local/lib/python3.11/multiprocessing/popen_fork.py:66: RuntimeWarning: os.fork() was called. os.fork() is incompatible with multithreaded code, and JAX is multithreaded, so this will likely lead to a deadlock.
  self.pid = os.fork()
I0917 02:44:32.410296 139795539912448 logging_writer.py:48] [37500] global_step=37500, grad_norm=0.387921, loss=1.17781
I0917 02:44:32.417870 139813834572992 submission.py:307] 37500) loss = 1.178, grad_norm = 0.388
I0917 02:51:39.404063 139795531519744 logging_writer.py:48] [38000] global_step=38000, grad_norm=0.499999, loss=1.11994
I0917 02:51:39.408293 139813834572992 submission.py:307] 38000) loss = 1.120, grad_norm = 0.500
/usr/local/lib/python3.11/multiprocessing/popen_fork.py:66: RuntimeWarning: os.fork() was called. os.fork() is incompatible with multithreaded code, and JAX is multithreaded, so this will likely lead to a deadlock.
  self.pid = os.fork()
I0917 02:56:38.438758 139795539912448 logging_writer.py:48] [38500] global_step=38500, grad_norm=0.499999, loss=1.11586
I0917 02:56:38.446361 139813834572992 submission.py:307] 38500) loss = 1.116, grad_norm = 0.500
I0917 03:03:28.166002 139795531519744 logging_writer.py:48] [39000] global_step=39000, grad_norm=0.499999, loss=1.09385
I0917 03:03:28.170222 139813834572992 submission.py:307] 39000) loss = 1.094, grad_norm = 0.500
I0917 03:03:31.234598 139813834572992 spec.py:333] Evaluating on the training split.
/usr/local/lib/python3.11/site-packages/torch/distributed/distributed_c10d.py:4876: UserWarning: barrier(): using the device under current context. You can specify `device_id` in `init_process_group` to mute this warning.
  warnings.warn(  # warn only once
/usr/local/lib/python3.11/multiprocessing/popen_fork.py:66: RuntimeWarning: os.fork() was called. os.fork() is incompatible with multithreaded code, and JAX is multithreaded, so this will likely lead to a deadlock.
  self.pid = os.fork()
I0917 03:03:47.220710 139813834572992 spec.py:346] Evaluating on the validation split.
I0917 03:04:07.015558 139813834572992 spec.py:363] Evaluating on the test split.
I0917 03:04:17.280387 139813834572992 submission_runner.py:516] Time since start: 30607.62s, 	Step: 39002, 	{'train/ctc_loss': 0.1511255163255616, 'train/wer': 0.05782024983991578, 'validation/ctc_loss': 0.3916050698447232, 'validation/wer': 0.11021097861246561, 'validation/num_examples': 5348, 'test/ctc_loss': 0.21718513089554164, 'test/wer': 0.0677391180712124, 'test/num_examples': 2472, 'score': 29688.638763189316, 'total_duration': 30607.621863126755, 'accumulated_submission_time': 29688.638763189316, 'accumulated_eval_time': 861.4726457595825, 'accumulated_logging_time': 3.345543146133423}
I0917 03:04:17.375125 139795539912448 logging_writer.py:48] [39002] accumulated_eval_time=861.473, accumulated_logging_time=3.34554, accumulated_submission_time=29688.6, global_step=39002, preemption_count=0, score=29688.6, test/ctc_loss=0.217185, test/num_examples=2472, test/wer=0.0677391, total_duration=30607.6, train/ctc_loss=0.151126, train/wer=0.0578202, validation/ctc_loss=0.391605, validation/num_examples=5348, validation/wer=0.110211
/usr/local/lib/python3.11/multiprocessing/popen_fork.py:66: RuntimeWarning: os.fork() was called. os.fork() is incompatible with multithreaded code, and JAX is multithreaded, so this will likely lead to a deadlock.
  self.pid = os.fork()
I0917 03:09:32.670015 139795539912448 logging_writer.py:48] [39500] global_step=39500, grad_norm=0.488162, loss=1.06131
I0917 03:09:32.677599 139813834572992 submission.py:307] 39500) loss = 1.061, grad_norm = 0.488
I0917 03:16:14.391149 139795531519744 logging_writer.py:48] [40000] global_step=40000, grad_norm=0.432772, loss=1.17756
I0917 03:16:14.395425 139813834572992 submission.py:307] 40000) loss = 1.178, grad_norm = 0.433
/usr/local/lib/python3.11/multiprocessing/popen_fork.py:66: RuntimeWarning: os.fork() was called. os.fork() is incompatible with multithreaded code, and JAX is multithreaded, so this will likely lead to a deadlock.
  self.pid = os.fork()
I0917 03:21:47.938915 139795539912448 logging_writer.py:48] [40500] global_step=40500, grad_norm=0.499999, loss=1.10319
I0917 03:21:47.954334 139813834572992 submission.py:307] 40500) loss = 1.103, grad_norm = 0.500
I0917 03:28:05.412942 139795531519744 logging_writer.py:48] [41000] global_step=41000, grad_norm=0.499999, loss=1.12543
I0917 03:28:05.417151 139813834572992 submission.py:307] 41000) loss = 1.125, grad_norm = 0.500
/usr/local/lib/python3.11/multiprocessing/popen_fork.py:66: RuntimeWarning: os.fork() was called. os.fork() is incompatible with multithreaded code, and JAX is multithreaded, so this will likely lead to a deadlock.
  self.pid = os.fork()
I0917 03:33:26.142287 139813834572992 spec.py:333] Evaluating on the training split.
/usr/local/lib/python3.11/site-packages/torch/distributed/distributed_c10d.py:4876: UserWarning: barrier(): using the device under current context. You can specify `device_id` in `init_process_group` to mute this warning.
  warnings.warn(  # warn only once
I0917 03:33:45.339894 139813834572992 spec.py:346] Evaluating on the validation split.
I0917 03:34:05.106785 139813834572992 spec.py:363] Evaluating on the test split.
I0917 03:34:15.398977 139813834572992 submission_runner.py:516] Time since start: 32405.74s, 	Step: 41409, 	{'train/ctc_loss': 0.14402947216721132, 'train/wer': 0.05490074778324054, 'validation/ctc_loss': 0.38445943135297367, 'validation/wer': 0.10806739728672814, 'validation/num_examples': 5348, 'test/ctc_loss': 0.21215761399929028, 'test/wer': 0.06702821278410823, 'test/num_examples': 2472, 'score': 31433.99880838394, 'total_duration': 32405.74048280716, 'accumulated_submission_time': 31433.99880838394, 'accumulated_eval_time': 910.729204416275, 'accumulated_logging_time': 3.4501547813415527}
I0917 03:34:15.666981 139795539912448 logging_writer.py:48] [41409] accumulated_eval_time=910.729, accumulated_logging_time=3.45015, accumulated_submission_time=31434, global_step=41409, preemption_count=0, score=31434, test/ctc_loss=0.212158, test/num_examples=2472, test/wer=0.0670282, total_duration=32405.7, train/ctc_loss=0.144029, train/wer=0.0549007, validation/ctc_loss=0.384459, validation/num_examples=5348, validation/wer=0.108067
I0917 03:34:58.802329 139795531519744 logging_writer.py:48] [41500] global_step=41500, grad_norm=0.499999, loss=1.18196
I0917 03:34:58.805707 139813834572992 submission.py:307] 41500) loss = 1.182, grad_norm = 0.500
I0917 03:41:09.648576 139795539912448 logging_writer.py:48] [42000] global_step=42000, grad_norm=0.483064, loss=1.14985
I0917 03:41:09.652728 139813834572992 submission.py:307] 42000) loss = 1.150, grad_norm = 0.483
/usr/local/lib/python3.11/multiprocessing/popen_fork.py:66: RuntimeWarning: os.fork() was called. os.fork() is incompatible with multithreaded code, and JAX is multithreaded, so this will likely lead to a deadlock.
  self.pid = os.fork()
I0917 03:47:21.970458 139795539912448 logging_writer.py:48] [42500] global_step=42500, grad_norm=0.499999, loss=1.12684
I0917 03:47:21.977930 139813834572992 submission.py:307] 42500) loss = 1.127, grad_norm = 0.500
I0917 03:52:58.368083 139795531519744 logging_writer.py:48] [43000] global_step=43000, grad_norm=0.479601, loss=1.08723
I0917 03:52:58.372195 139813834572992 submission.py:307] 43000) loss = 1.087, grad_norm = 0.480
/usr/local/lib/python3.11/multiprocessing/popen_fork.py:66: RuntimeWarning: os.fork() was called. os.fork() is incompatible with multithreaded code, and JAX is multithreaded, so this will likely lead to a deadlock.
  self.pid = os.fork()
I0917 03:59:34.823781 139795539912448 logging_writer.py:48] [43500] global_step=43500, grad_norm=0.499999, loss=1.12921
I0917 03:59:34.831490 139813834572992 submission.py:307] 43500) loss = 1.129, grad_norm = 0.500
I0917 04:03:24.507616 139813834572992 spec.py:333] Evaluating on the training split.
/usr/local/lib/python3.11/site-packages/torch/distributed/distributed_c10d.py:4876: UserWarning: barrier(): using the device under current context. You can specify `device_id` in `init_process_group` to mute this warning.
  warnings.warn(  # warn only once
/usr/local/lib/python3.11/multiprocessing/popen_fork.py:66: RuntimeWarning: os.fork() was called. os.fork() is incompatible with multithreaded code, and JAX is multithreaded, so this will likely lead to a deadlock.
  self.pid = os.fork()
I0917 04:03:40.752677 139813834572992 spec.py:346] Evaluating on the validation split.
I0917 04:04:01.262507 139813834572992 spec.py:363] Evaluating on the test split.
I0917 04:04:12.644415 139813834572992 submission_runner.py:516] Time since start: 34202.99s, 	Step: 43899, 	{'train/ctc_loss': 0.13634578953349263, 'train/wer': 0.05233940025396412, 'validation/ctc_loss': 0.37550437088733174, 'validation/wer': 0.10649350649350649, 'validation/num_examples': 5348, 'test/ctc_loss': 0.2063891848869282, 'test/wer': 0.06580951800621535, 'test/num_examples': 2472, 'score': 33179.23314833641, 'total_duration': 34202.98544931412, 'accumulated_submission_time': 33179.23314833641, 'accumulated_eval_time': 958.8653280735016, 'accumulated_logging_time': 3.728386402130127}
I0917 04:04:12.924438 139795539912448 logging_writer.py:48] [43899] accumulated_eval_time=958.865, accumulated_logging_time=3.72839, accumulated_submission_time=33179.2, global_step=43899, preemption_count=0, score=33179.2, test/ctc_loss=0.206389, test/num_examples=2472, test/wer=0.0658095, total_duration=34203, train/ctc_loss=0.136346, train/wer=0.0523394, validation/ctc_loss=0.375504, validation/num_examples=5348, validation/wer=0.106494
I0917 04:05:44.521263 139795531519744 logging_writer.py:48] [44000] global_step=44000, grad_norm=0.495394, loss=1.07335
I0917 04:05:44.525034 139813834572992 submission.py:307] 44000) loss = 1.073, grad_norm = 0.495
/usr/local/lib/python3.11/multiprocessing/popen_fork.py:66: RuntimeWarning: os.fork() was called. os.fork() is incompatible with multithreaded code, and JAX is multithreaded, so this will likely lead to a deadlock.
  self.pid = os.fork()
I0917 04:12:31.480389 139795539912448 logging_writer.py:48] [44500] global_step=44500, grad_norm=0.499999, loss=1.10271
I0917 04:12:31.487901 139813834572992 submission.py:307] 44500) loss = 1.103, grad_norm = 0.500
I0917 04:17:36.249341 139795531519744 logging_writer.py:48] [45000] global_step=45000, grad_norm=0.499999, loss=1.08507
I0917 04:17:36.253463 139813834572992 submission.py:307] 45000) loss = 1.085, grad_norm = 0.500
/usr/local/lib/python3.11/multiprocessing/popen_fork.py:66: RuntimeWarning: os.fork() was called. os.fork() is incompatible with multithreaded code, and JAX is multithreaded, so this will likely lead to a deadlock.
  self.pid = os.fork()
I0917 04:24:40.769270 139795539912448 logging_writer.py:48] [45500] global_step=45500, grad_norm=0.458513, loss=1.05132
I0917 04:24:40.778653 139813834572992 submission.py:307] 45500) loss = 1.051, grad_norm = 0.459
I0917 04:29:31.865772 139795531519744 logging_writer.py:48] [46000] global_step=46000, grad_norm=0.499999, loss=0.992897
I0917 04:29:31.870154 139813834572992 submission.py:307] 46000) loss = 0.993, grad_norm = 0.500
I0917 04:33:21.331021 139813834572992 spec.py:333] Evaluating on the training split.
/usr/local/lib/python3.11/site-packages/torch/distributed/distributed_c10d.py:4876: UserWarning: barrier(): using the device under current context. You can specify `device_id` in `init_process_group` to mute this warning.
  warnings.warn(  # warn only once
/usr/local/lib/python3.11/multiprocessing/popen_fork.py:66: RuntimeWarning: os.fork() was called. os.fork() is incompatible with multithreaded code, and JAX is multithreaded, so this will likely lead to a deadlock.
  self.pid = os.fork()
I0917 04:33:36.177320 139813834572992 spec.py:346] Evaluating on the validation split.
I0917 04:33:55.940811 139813834572992 spec.py:363] Evaluating on the test split.
I0917 04:34:06.227439 139813834572992 submission_runner.py:516] Time since start: 35996.57s, 	Step: 46223, 	{'train/ctc_loss': 0.12780559946569967, 'train/wer': 0.049626108379730624, 'validation/ctc_loss': 0.3676198108957454, 'validation/wer': 0.10313329792883696, 'validation/num_examples': 5348, 'test/ctc_loss': 0.19977806027808245, 'test/wer': 0.06221436841143136, 'test/num_examples': 2472, 'score': 34924.75255584717, 'total_duration': 35996.56893110275, 'accumulated_submission_time': 34924.75255584717, 'accumulated_eval_time': 1003.7615249156952, 'accumulated_logging_time': 4.018621206283569}
I0917 04:34:06.357069 139795539912448 logging_writer.py:48] [46223] accumulated_eval_time=1003.76, accumulated_logging_time=4.01862, accumulated_submission_time=34924.8, global_step=46223, preemption_count=0, score=34924.8, test/ctc_loss=0.199778, test/num_examples=2472, test/wer=0.0622144, total_duration=35996.6, train/ctc_loss=0.127806, train/wer=0.0496261, validation/ctc_loss=0.36762, validation/num_examples=5348, validation/wer=0.103133
/usr/local/lib/python3.11/multiprocessing/popen_fork.py:66: RuntimeWarning: os.fork() was called. os.fork() is incompatible with multithreaded code, and JAX is multithreaded, so this will likely lead to a deadlock.
  self.pid = os.fork()
I0917 04:37:33.805377 139795539912448 logging_writer.py:48] [46500] global_step=46500, grad_norm=0.5, loss=1.01799
I0917 04:37:33.812527 139813834572992 submission.py:307] 46500) loss = 1.018, grad_norm = 0.500
I0917 04:42:24.604105 139795531519744 logging_writer.py:48] [47000] global_step=47000, grad_norm=0.454556, loss=1.07044
I0917 04:42:24.609099 139813834572992 submission.py:307] 47000) loss = 1.070, grad_norm = 0.455
/usr/local/lib/python3.11/multiprocessing/popen_fork.py:66: RuntimeWarning: os.fork() was called. os.fork() is incompatible with multithreaded code, and JAX is multithreaded, so this will likely lead to a deadlock.
  self.pid = os.fork()
I0917 04:49:53.070108 139795539912448 logging_writer.py:48] [47500] global_step=47500, grad_norm=0.499999, loss=1.10447
I0917 04:49:53.077626 139813834572992 submission.py:307] 47500) loss = 1.104, grad_norm = 0.500
I0917 04:54:19.866366 139795531519744 logging_writer.py:48] [48000] global_step=48000, grad_norm=0.499999, loss=1.0236
I0917 04:54:19.870822 139813834572992 submission.py:307] 48000) loss = 1.024, grad_norm = 0.500
/usr/local/lib/python3.11/multiprocessing/popen_fork.py:66: RuntimeWarning: os.fork() was called. os.fork() is incompatible with multithreaded code, and JAX is multithreaded, so this will likely lead to a deadlock.
  self.pid = os.fork()
I0917 05:02:03.816740 139795539912448 logging_writer.py:48] [48500] global_step=48500, grad_norm=0.499999, loss=1.07512
I0917 05:02:03.824025 139813834572992 submission.py:307] 48500) loss = 1.075, grad_norm = 0.500
I0917 05:03:15.069219 139813834572992 spec.py:333] Evaluating on the training split.
/usr/local/lib/python3.11/site-packages/torch/distributed/distributed_c10d.py:4876: UserWarning: barrier(): using the device under current context. You can specify `device_id` in `init_process_group` to mute this warning.
  warnings.warn(  # warn only once
/usr/local/lib/python3.11/multiprocessing/popen_fork.py:66: RuntimeWarning: os.fork() was called. os.fork() is incompatible with multithreaded code, and JAX is multithreaded, so this will likely lead to a deadlock.
  self.pid = os.fork()
I0917 05:03:34.079845 139813834572992 spec.py:346] Evaluating on the validation split.
I0917 05:03:53.750978 139813834572992 spec.py:363] Evaluating on the test split.
I0917 05:04:04.008307 139813834572992 submission_runner.py:516] Time since start: 37794.35s, 	Step: 48661, 	{'train/ctc_loss': 0.1207196938334105, 'train/wer': 0.04643527713563204, 'validation/ctc_loss': 0.36337352014579566, 'validation/wer': 0.10234152464635736, 'validation/num_examples': 5348, 'test/ctc_loss': 0.19679589963465385, 'test/wer': 0.062417484207746836, 'test/num_examples': 2472, 'score': 36669.94425535202, 'total_duration': 37794.34977936745, 'accumulated_submission_time': 36669.94425535202, 'accumulated_eval_time': 1052.7004284858704, 'accumulated_logging_time': 4.158437013626099}
I0917 05:04:04.310977 139795539912448 logging_writer.py:48] [48661] accumulated_eval_time=1052.7, accumulated_logging_time=4.15844, accumulated_submission_time=36669.9, global_step=48661, preemption_count=0, score=36669.9, test/ctc_loss=0.196796, test/num_examples=2472, test/wer=0.0624175, total_duration=37794.3, train/ctc_loss=0.12072, train/wer=0.0464353, validation/ctc_loss=0.363374, validation/num_examples=5348, validation/wer=0.102342
I0917 05:07:25.220736 139795531519744 logging_writer.py:48] [49000] global_step=49000, grad_norm=0.499999, loss=1.00537
I0917 05:07:25.225065 139813834572992 submission.py:307] 49000) loss = 1.005, grad_norm = 0.500
/usr/local/lib/python3.11/multiprocessing/popen_fork.py:66: RuntimeWarning: os.fork() was called. os.fork() is incompatible with multithreaded code, and JAX is multithreaded, so this will likely lead to a deadlock.
  self.pid = os.fork()
I0917 05:15:18.321038 139795539912448 logging_writer.py:48] [49500] global_step=49500, grad_norm=0.499999, loss=1.11963
I0917 05:15:18.328354 139813834572992 submission.py:307] 49500) loss = 1.120, grad_norm = 0.500
I0917 05:19:27.477007 139795531519744 logging_writer.py:48] [50000] global_step=50000, grad_norm=0.454486, loss=1.03998
I0917 05:19:27.481186 139813834572992 submission.py:307] 50000) loss = 1.040, grad_norm = 0.454
/usr/local/lib/python3.11/multiprocessing/popen_fork.py:66: RuntimeWarning: os.fork() was called. os.fork() is incompatible with multithreaded code, and JAX is multithreaded, so this will likely lead to a deadlock.
  self.pid = os.fork()
I0917 05:27:27.499348 139795539912448 logging_writer.py:48] [50500] global_step=50500, grad_norm=0.499999, loss=1.02156
I0917 05:27:27.507556 139813834572992 submission.py:307] 50500) loss = 1.022, grad_norm = 0.500
I0917 05:31:29.286783 139795531519744 logging_writer.py:48] [51000] global_step=51000, grad_norm=0.499999, loss=1.03266
I0917 05:31:29.290891 139813834572992 submission.py:307] 51000) loss = 1.033, grad_norm = 0.500
I0917 05:33:13.033691 139813834572992 spec.py:333] Evaluating on the training split.
/usr/local/lib/python3.11/site-packages/torch/distributed/distributed_c10d.py:4876: UserWarning: barrier(): using the device under current context. You can specify `device_id` in `init_process_group` to mute this warning.
  warnings.warn(  # warn only once
/usr/local/lib/python3.11/multiprocessing/popen_fork.py:66: RuntimeWarning: os.fork() was called. os.fork() is incompatible with multithreaded code, and JAX is multithreaded, so this will likely lead to a deadlock.
  self.pid = os.fork()
I0917 05:33:29.048170 139813834572992 spec.py:346] Evaluating on the validation split.
I0917 05:33:48.679474 139813834572992 spec.py:363] Evaluating on the test split.
I0917 05:33:58.612432 139813834572992 submission_runner.py:516] Time since start: 39588.95s, 	Step: 51140, 	{'train/ctc_loss': 0.11244541565422218, 'train/wer': 0.04343437632272979, 'validation/ctc_loss': 0.3598224439845163, 'validation/wer': 0.09998551634239367, 'validation/num_examples': 5348, 'test/ctc_loss': 0.19321575434302213, 'test/wer': 0.05998009465196108, 'test/num_examples': 2472, 'score': 38414.99412441254, 'total_duration': 39588.95394158363, 'accumulated_submission_time': 38414.99412441254, 'accumulated_eval_time': 1098.2790446281433, 'accumulated_logging_time': 4.471155881881714}
I0917 05:33:58.928144 139795539912448 logging_writer.py:48] [51140] accumulated_eval_time=1098.28, accumulated_logging_time=4.47116, accumulated_submission_time=38415, global_step=51140, preemption_count=0, score=38415, test/ctc_loss=0.193216, test/num_examples=2472, test/wer=0.0599801, total_duration=39589, train/ctc_loss=0.112445, train/wer=0.0434344, validation/ctc_loss=0.359822, validation/num_examples=5348, validation/wer=0.0999855
/usr/local/lib/python3.11/multiprocessing/popen_fork.py:66: RuntimeWarning: os.fork() was called. os.fork() is incompatible with multithreaded code, and JAX is multithreaded, so this will likely lead to a deadlock.
  self.pid = os.fork()
I0917 05:40:20.593678 139795539912448 logging_writer.py:48] [51500] global_step=51500, grad_norm=0.499999, loss=1.09382
I0917 05:40:20.601338 139813834572992 submission.py:307] 51500) loss = 1.094, grad_norm = 0.500
I0917 05:44:19.385508 139795531519744 logging_writer.py:48] [52000] global_step=52000, grad_norm=0.485572, loss=1.01755
I0917 05:44:19.390439 139813834572992 submission.py:307] 52000) loss = 1.018, grad_norm = 0.486
I0917 05:52:11.195265 139795539912448 logging_writer.py:48] [52500] global_step=52500, grad_norm=0.499999, loss=0.977819
I0917 05:52:11.199488 139813834572992 submission.py:307] 52500) loss = 0.978, grad_norm = 0.500
/usr/local/lib/python3.11/multiprocessing/popen_fork.py:66: RuntimeWarning: os.fork() was called. os.fork() is incompatible with multithreaded code, and JAX is multithreaded, so this will likely lead to a deadlock.
  self.pid = os.fork()
I0917 05:56:21.779903 139795539912448 logging_writer.py:48] [53000] global_step=53000, grad_norm=0.499999, loss=1.06258
I0917 05:56:21.797671 139813834572992 submission.py:307] 53000) loss = 1.063, grad_norm = 0.500
I0917 06:03:08.063720 139813834572992 spec.py:333] Evaluating on the training split.
/usr/local/lib/python3.11/site-packages/torch/distributed/distributed_c10d.py:4876: UserWarning: barrier(): using the device under current context. You can specify `device_id` in `init_process_group` to mute this warning.
  warnings.warn(  # warn only once
/usr/local/lib/python3.11/multiprocessing/popen_fork.py:66: RuntimeWarning: os.fork() was called. os.fork() is incompatible with multithreaded code, and JAX is multithreaded, so this will likely lead to a deadlock.
  self.pid = os.fork()
I0917 06:03:22.478076 139813834572992 spec.py:346] Evaluating on the validation split.
I0917 06:03:42.964486 139813834572992 spec.py:363] Evaluating on the test split.
I0917 06:03:54.266564 139813834572992 submission_runner.py:516] Time since start: 41384.61s, 	Step: 53453, 	{'train/ctc_loss': 0.10562311169952113, 'train/wer': 0.04101411997091351, 'validation/ctc_loss': 0.3530767163718731, 'validation/wer': 0.09794814850576933, 'validation/num_examples': 5348, 'test/ctc_loss': 0.18932752465884894, 'test/wer': 0.05904576198890988, 'test/num_examples': 2472, 'score': 40161.328478097916, 'total_duration': 41384.607890844345, 'accumulated_submission_time': 40161.328478097916, 'accumulated_eval_time': 1144.4815368652344, 'accumulated_logging_time': 4.797126770019531}
I0917 06:03:54.348268 139795539912448 logging_writer.py:48] [53453] accumulated_eval_time=1144.48, accumulated_logging_time=4.79713, accumulated_submission_time=40161.3, global_step=53453, preemption_count=0, score=40161.3, test/ctc_loss=0.189328, test/num_examples=2472, test/wer=0.0590458, total_duration=41384.6, train/ctc_loss=0.105623, train/wer=0.0410141, validation/ctc_loss=0.353077, validation/num_examples=5348, validation/wer=0.0979481
I0917 06:04:44.927276 139795531519744 logging_writer.py:48] [53500] global_step=53500, grad_norm=0.499999, loss=1.03169
I0917 06:04:44.930652 139813834572992 submission.py:307] 53500) loss = 1.032, grad_norm = 0.500
/usr/local/lib/python3.11/multiprocessing/popen_fork.py:66: RuntimeWarning: os.fork() was called. os.fork() is incompatible with multithreaded code, and JAX is multithreaded, so this will likely lead to a deadlock.
  self.pid = os.fork()
I0917 06:09:21.794596 139795539912448 logging_writer.py:48] [54000] global_step=54000, grad_norm=0.499999, loss=1.06434
I0917 06:09:21.802436 139813834572992 submission.py:307] 54000) loss = 1.064, grad_norm = 0.500
I0917 06:16:46.758706 139795531519744 logging_writer.py:48] [54500] global_step=54500, grad_norm=0.499999, loss=1.0277
I0917 06:16:46.762925 139813834572992 submission.py:307] 54500) loss = 1.028, grad_norm = 0.500
/usr/local/lib/python3.11/multiprocessing/popen_fork.py:66: RuntimeWarning: os.fork() was called. os.fork() is incompatible with multithreaded code, and JAX is multithreaded, so this will likely lead to a deadlock.
  self.pid = os.fork()
I0917 06:21:33.261351 139795539912448 logging_writer.py:48] [55000] global_step=55000, grad_norm=0.499999, loss=0.991956
I0917 06:21:33.268586 139813834572992 submission.py:307] 55000) loss = 0.992, grad_norm = 0.500
I0917 06:28:38.348907 139795531519744 logging_writer.py:48] [55500] global_step=55500, grad_norm=0.387949, loss=0.981867
I0917 06:28:38.353219 139813834572992 submission.py:307] 55500) loss = 0.982, grad_norm = 0.388
/usr/local/lib/python3.11/multiprocessing/popen_fork.py:66: RuntimeWarning: os.fork() was called. os.fork() is incompatible with multithreaded code, and JAX is multithreaded, so this will likely lead to a deadlock.
  self.pid = os.fork()
I0917 06:33:03.551400 139813834572992 spec.py:333] Evaluating on the training split.
/usr/local/lib/python3.11/site-packages/torch/distributed/distributed_c10d.py:4876: UserWarning: barrier(): using the device under current context. You can specify `device_id` in `init_process_group` to mute this warning.
  warnings.warn(  # warn only once
I0917 06:33:18.874617 139813834572992 spec.py:346] Evaluating on the validation split.
I0917 06:33:38.605269 139813834572992 spec.py:363] Evaluating on the test split.
I0917 06:33:49.053582 139813834572992 submission_runner.py:516] Time since start: 43179.40s, 	Step: 55898, 	{'train/ctc_loss': 0.09911215818381823, 'train/wer': 0.037920967234287326, 'validation/ctc_loss': 0.3445919098948915, 'validation/wer': 0.09508038429971516, 'validation/num_examples': 5348, 'test/ctc_loss': 0.1878857229700303, 'test/wer': 0.05723803140170211, 'test/num_examples': 2472, 'score': 41906.71695399284, 'total_duration': 43179.3950483799, 'accumulated_submission_time': 41906.71695399284, 'accumulated_eval_time': 1189.9835596084595, 'accumulated_logging_time': 4.889002799987793}
I0917 06:33:49.320732 139795539912448 logging_writer.py:48] [55898] accumulated_eval_time=1189.98, accumulated_logging_time=4.889, accumulated_submission_time=41906.7, global_step=55898, preemption_count=0, score=41906.7, test/ctc_loss=0.187886, test/num_examples=2472, test/wer=0.057238, total_duration=43179.4, train/ctc_loss=0.0991122, train/wer=0.037921, validation/ctc_loss=0.344592, validation/num_examples=5348, validation/wer=0.0950804
I0917 06:34:42.594481 139795531519744 logging_writer.py:48] [56000] global_step=56000, grad_norm=0.499999, loss=0.974587
I0917 06:34:42.597981 139813834572992 submission.py:307] 56000) loss = 0.975, grad_norm = 0.500
I0917 06:41:35.434619 139795539912448 logging_writer.py:48] [56500] global_step=56500, grad_norm=0.499999, loss=1.03787
I0917 06:41:35.438750 139813834572992 submission.py:307] 56500) loss = 1.038, grad_norm = 0.500
/usr/local/lib/python3.11/multiprocessing/popen_fork.py:66: RuntimeWarning: os.fork() was called. os.fork() is incompatible with multithreaded code, and JAX is multithreaded, so this will likely lead to a deadlock.
  self.pid = os.fork()
I0917 06:46:56.907774 139795539912448 logging_writer.py:48] [57000] global_step=57000, grad_norm=0.499999, loss=1.01872
I0917 06:46:56.915431 139813834572992 submission.py:307] 57000) loss = 1.019, grad_norm = 0.500
I0917 06:53:23.343993 139795531519744 logging_writer.py:48] [57500] global_step=57500, grad_norm=0.499999, loss=0.981908
I0917 06:53:23.348145 139813834572992 submission.py:307] 57500) loss = 0.982, grad_norm = 0.500
/usr/local/lib/python3.11/multiprocessing/popen_fork.py:66: RuntimeWarning: os.fork() was called. os.fork() is incompatible with multithreaded code, and JAX is multithreaded, so this will likely lead to a deadlock.
  self.pid = os.fork()
I0917 06:59:06.498661 139795539912448 logging_writer.py:48] [58000] global_step=58000, grad_norm=0.499999, loss=1.03608
I0917 06:59:06.506151 139813834572992 submission.py:307] 58000) loss = 1.036, grad_norm = 0.500
I0917 07:02:57.942340 139813834572992 spec.py:333] Evaluating on the training split.
/usr/local/lib/python3.11/site-packages/torch/distributed/distributed_c10d.py:4876: UserWarning: barrier(): using the device under current context. You can specify `device_id` in `init_process_group` to mute this warning.
  warnings.warn(  # warn only once
/usr/local/lib/python3.11/multiprocessing/popen_fork.py:66: RuntimeWarning: os.fork() was called. os.fork() is incompatible with multithreaded code, and JAX is multithreaded, so this will likely lead to a deadlock.
  self.pid = os.fork()
I0917 07:03:13.878495 139813834572992 spec.py:346] Evaluating on the validation split.
I0917 07:03:33.742999 139813834572992 spec.py:363] Evaluating on the test split.
I0917 07:03:44.240793 139813834572992 submission_runner.py:516] Time since start: 44974.58s, 	Step: 58362, 	{'train/ctc_loss': 0.09305893007712039, 'train/wer': 0.036542614962176714, 'validation/ctc_loss': 0.3463119558955571, 'validation/wer': 0.09385410128904553, 'validation/num_examples': 5348, 'test/ctc_loss': 0.18418335457126267, 'test/wer': 0.05603964820344078, 'test/num_examples': 2472, 'score': 43651.70753669739, 'total_duration': 44974.58230113983, 'accumulated_submission_time': 43651.70753669739, 'accumulated_eval_time': 1236.2817873954773, 'accumulated_logging_time': 5.1664628982543945}
I0917 07:03:44.537292 139795539912448 logging_writer.py:48] [58362] accumulated_eval_time=1236.28, accumulated_logging_time=5.16646, accumulated_submission_time=43651.7, global_step=58362, preemption_count=0, score=43651.7, test/ctc_loss=0.184183, test/num_examples=2472, test/wer=0.0560396, total_duration=44974.6, train/ctc_loss=0.0930589, train/wer=0.0365426, validation/ctc_loss=0.346312, validation/num_examples=5348, validation/wer=0.0938541
I0917 07:06:02.093300 139795531519744 logging_writer.py:48] [58500] global_step=58500, grad_norm=0.499999, loss=1.03228
I0917 07:06:02.097602 139813834572992 submission.py:307] 58500) loss = 1.032, grad_norm = 0.500
/usr/local/lib/python3.11/multiprocessing/popen_fork.py:66: RuntimeWarning: os.fork() was called. os.fork() is incompatible with multithreaded code, and JAX is multithreaded, so this will likely lead to a deadlock.
  self.pid = os.fork()
I0917 07:11:58.699974 139795539912448 logging_writer.py:48] [59000] global_step=59000, grad_norm=0.499999, loss=0.990147
I0917 07:11:58.709241 139813834572992 submission.py:307] 59000) loss = 0.990, grad_norm = 0.500
I0917 07:17:48.172359 139795531519744 logging_writer.py:48] [59500] global_step=59500, grad_norm=0.499999, loss=1.01481
I0917 07:17:48.176828 139813834572992 submission.py:307] 59500) loss = 1.015, grad_norm = 0.500
/usr/local/lib/python3.11/multiprocessing/popen_fork.py:66: RuntimeWarning: os.fork() was called. os.fork() is incompatible with multithreaded code, and JAX is multithreaded, so this will likely lead to a deadlock.
  self.pid = os.fork()
I0917 07:24:10.627014 139795539912448 logging_writer.py:48] [60000] global_step=60000, grad_norm=0.499999, loss=1.02254
I0917 07:24:10.643841 139813834572992 submission.py:307] 60000) loss = 1.023, grad_norm = 0.500
I0917 07:29:40.431354 139795531519744 logging_writer.py:48] [60500] global_step=60500, grad_norm=0.499999, loss=0.961099
I0917 07:29:40.435744 139813834572992 submission.py:307] 60500) loss = 0.961, grad_norm = 0.500
I0917 07:32:54.572705 139813834572992 spec.py:333] Evaluating on the training split.
/usr/local/lib/python3.11/site-packages/torch/distributed/distributed_c10d.py:4876: UserWarning: barrier(): using the device under current context. You can specify `device_id` in `init_process_group` to mute this warning.
  warnings.warn(  # warn only once
/usr/local/lib/python3.11/multiprocessing/popen_fork.py:66: RuntimeWarning: os.fork() was called. os.fork() is incompatible with multithreaded code, and JAX is multithreaded, so this will likely lead to a deadlock.
  self.pid = os.fork()
I0917 07:33:09.062631 139813834572992 spec.py:346] Evaluating on the validation split.
I0917 07:33:28.887194 139813834572992 spec.py:363] Evaluating on the test split.
I0917 07:33:39.075117 139813834572992 submission_runner.py:516] Time since start: 46769.42s, 	Step: 60677, 	{'train/ctc_loss': 0.08922444183189648, 'train/wer': 0.034686723320201, 'validation/ctc_loss': 0.34472933403813794, 'validation/wer': 0.09249263747405011, 'validation/num_examples': 5348, 'test/ctc_loss': 0.18443950769001227, 'test/wer': 0.05569435134970447, 'test/num_examples': 2472, 'score': 45398.96501159668, 'total_duration': 46769.416610479355, 'accumulated_submission_time': 45398.96501159668, 'accumulated_eval_time': 1280.783971786499, 'accumulated_logging_time': 5.473428726196289}
I0917 07:33:39.178753 139795539912448 logging_writer.py:48] [60677] accumulated_eval_time=1280.78, accumulated_logging_time=5.47343, accumulated_submission_time=45399, global_step=60677, preemption_count=0, score=45399, test/ctc_loss=0.18444, test/num_examples=2472, test/wer=0.0556944, total_duration=46769.4, train/ctc_loss=0.0892244, train/wer=0.0346867, validation/ctc_loss=0.344729, validation/num_examples=5348, validation/wer=0.0924926
/usr/local/lib/python3.11/multiprocessing/popen_fork.py:66: RuntimeWarning: os.fork() was called. os.fork() is incompatible with multithreaded code, and JAX is multithreaded, so this will likely lead to a deadlock.
  self.pid = os.fork()
I0917 07:37:02.483912 139795539912448 logging_writer.py:48] [61000] global_step=61000, grad_norm=0.499999, loss=1.03094
I0917 07:37:02.494678 139813834572992 submission.py:307] 61000) loss = 1.031, grad_norm = 0.500
I0917 07:42:28.801893 139795531519744 logging_writer.py:48] [61500] global_step=61500, grad_norm=0.499999, loss=0.974639
I0917 07:42:28.806630 139813834572992 submission.py:307] 61500) loss = 0.975, grad_norm = 0.500
/usr/local/lib/python3.11/multiprocessing/popen_fork.py:66: RuntimeWarning: os.fork() was called. os.fork() is incompatible with multithreaded code, and JAX is multithreaded, so this will likely lead to a deadlock.
  self.pid = os.fork()
I0917 07:49:21.166724 139795539912448 logging_writer.py:48] [62000] global_step=62000, grad_norm=0.499999, loss=1.00133
I0917 07:49:21.174175 139813834572992 submission.py:307] 62000) loss = 1.001, grad_norm = 0.500
I0917 07:54:22.722332 139795531519744 logging_writer.py:48] [62500] global_step=62500, grad_norm=0.483728, loss=1.00575
I0917 07:54:22.726890 139813834572992 submission.py:307] 62500) loss = 1.006, grad_norm = 0.484
/usr/local/lib/python3.11/multiprocessing/popen_fork.py:66: RuntimeWarning: os.fork() was called. os.fork() is incompatible with multithreaded code, and JAX is multithreaded, so this will likely lead to a deadlock.
  self.pid = os.fork()
I0917 08:01:35.701970 139795539912448 logging_writer.py:48] [63000] global_step=63000, grad_norm=0.499999, loss=0.960331
I0917 08:01:35.709630 139813834572992 submission.py:307] 63000) loss = 0.960, grad_norm = 0.500
I0917 08:02:47.944789 139813834572992 spec.py:333] Evaluating on the training split.
/usr/local/lib/python3.11/site-packages/torch/distributed/distributed_c10d.py:4876: UserWarning: barrier(): using the device under current context. You can specify `device_id` in `init_process_group` to mute this warning.
  warnings.warn(  # warn only once
/usr/local/lib/python3.11/multiprocessing/popen_fork.py:66: RuntimeWarning: os.fork() was called. os.fork() is incompatible with multithreaded code, and JAX is multithreaded, so this will likely lead to a deadlock.
  self.pid = os.fork()
I0917 08:03:03.317123 139813834572992 spec.py:346] Evaluating on the validation split.
I0917 08:03:23.761398 139813834572992 spec.py:363] Evaluating on the test split.
I0917 08:03:34.096149 139813834572992 submission_runner.py:516] Time since start: 48564.44s, 	Step: 63162, 	{'train/ctc_loss': 0.08445938078740862, 'train/wer': 0.03309673428190017, 'validation/ctc_loss': 0.3397519458650417, 'validation/wer': 0.09125669869164293, 'validation/num_examples': 5348, 'test/ctc_loss': 0.18078597056664947, 'test/wer': 0.05376475128470741, 'test/num_examples': 2472, 'score': 47144.11619091034, 'total_duration': 48564.43762612343, 'accumulated_submission_time': 47144.11619091034, 'accumulated_eval_time': 1326.9350910186768, 'accumulated_logging_time': 5.58700704574585}
I0917 08:03:34.388400 139795539912448 logging_writer.py:48] [63162] accumulated_eval_time=1326.94, accumulated_logging_time=5.58701, accumulated_submission_time=47144.1, global_step=63162, preemption_count=0, score=47144.1, test/ctc_loss=0.180786, test/num_examples=2472, test/wer=0.0537648, total_duration=48564.4, train/ctc_loss=0.0844594, train/wer=0.0330967, validation/ctc_loss=0.339752, validation/num_examples=5348, validation/wer=0.0912567
I0917 08:07:22.001939 139795531519744 logging_writer.py:48] [63500] global_step=63500, grad_norm=0.477188, loss=0.998919
I0917 08:07:22.006260 139813834572992 submission.py:307] 63500) loss = 0.999, grad_norm = 0.477
/usr/local/lib/python3.11/multiprocessing/popen_fork.py:66: RuntimeWarning: os.fork() was called. os.fork() is incompatible with multithreaded code, and JAX is multithreaded, so this will likely lead to a deadlock.
  self.pid = os.fork()
I0917 08:14:47.043830 139795539912448 logging_writer.py:48] [64000] global_step=64000, grad_norm=0.499999, loss=1.00421
I0917 08:14:47.051395 139813834572992 submission.py:307] 64000) loss = 1.004, grad_norm = 0.500
I0917 08:19:19.418174 139795531519744 logging_writer.py:48] [64500] global_step=64500, grad_norm=0.499999, loss=0.951125
I0917 08:19:19.422460 139813834572992 submission.py:307] 64500) loss = 0.951, grad_norm = 0.500
/usr/local/lib/python3.11/multiprocessing/popen_fork.py:66: RuntimeWarning: os.fork() was called. os.fork() is incompatible with multithreaded code, and JAX is multithreaded, so this will likely lead to a deadlock.
  self.pid = os.fork()
I0917 08:26:55.231515 139795539912448 logging_writer.py:48] [65000] global_step=65000, grad_norm=0.499999, loss=0.964394
I0917 08:26:55.238922 139813834572992 submission.py:307] 65000) loss = 0.964, grad_norm = 0.500
I0917 08:31:20.792003 139795531519744 logging_writer.py:48] [65500] global_step=65500, grad_norm=0.499999, loss=0.913634
I0917 08:31:20.796192 139813834572992 submission.py:307] 65500) loss = 0.914, grad_norm = 0.500
I0917 08:32:43.962449 139813834572992 spec.py:333] Evaluating on the training split.
/usr/local/lib/python3.11/site-packages/torch/distributed/distributed_c10d.py:4876: UserWarning: barrier(): using the device under current context. You can specify `device_id` in `init_process_group` to mute this warning.
  warnings.warn(  # warn only once
/usr/local/lib/python3.11/multiprocessing/popen_fork.py:66: RuntimeWarning: os.fork() was called. os.fork() is incompatible with multithreaded code, and JAX is multithreaded, so this will likely lead to a deadlock.
  self.pid = os.fork()
I0917 08:33:00.647488 139813834572992 spec.py:346] Evaluating on the validation split.
I0917 08:33:21.161652 139813834572992 spec.py:363] Evaluating on the test split.
I0917 08:33:31.526833 139813834572992 submission_runner.py:516] Time since start: 50361.87s, 	Step: 65602, 	{'train/ctc_loss': 0.08036556805527863, 'train/wer': 0.031533878162341676, 'validation/ctc_loss': 0.3392857633394866, 'validation/wer': 0.08989523487664752, 'validation/num_examples': 5348, 'test/ctc_loss': 0.17962803295777147, 'test/wer': 0.05335851969207645, 'test/num_examples': 2472, 'score': 48890.078708171844, 'total_duration': 50361.868340969086, 'accumulated_submission_time': 48890.078708171844, 'accumulated_eval_time': 1374.4993312358856, 'accumulated_logging_time': 5.889404773712158}
I0917 08:33:31.825202 139795539912448 logging_writer.py:48] [65602] accumulated_eval_time=1374.5, accumulated_logging_time=5.8894, accumulated_submission_time=48890.1, global_step=65602, preemption_count=0, score=48890.1, test/ctc_loss=0.179628, test/num_examples=2472, test/wer=0.0533585, total_duration=50361.9, train/ctc_loss=0.0803656, train/wer=0.0315339, validation/ctc_loss=0.339286, validation/num_examples=5348, validation/wer=0.0898952
/usr/local/lib/python3.11/multiprocessing/popen_fork.py:66: RuntimeWarning: os.fork() was called. os.fork() is incompatible with multithreaded code, and JAX is multithreaded, so this will likely lead to a deadlock.
  self.pid = os.fork()
I0917 08:39:47.929336 139795539912448 logging_writer.py:48] [66000] global_step=66000, grad_norm=0.499999, loss=0.927556
I0917 08:39:47.948073 139813834572992 submission.py:307] 66000) loss = 0.928, grad_norm = 0.500
I0917 08:44:07.741302 139795531519744 logging_writer.py:48] [66500] global_step=66500, grad_norm=0.499999, loss=0.959845
I0917 08:44:07.745643 139813834572992 submission.py:307] 66500) loss = 0.960, grad_norm = 0.500
/usr/local/lib/python3.11/multiprocessing/popen_fork.py:66: RuntimeWarning: os.fork() was called. os.fork() is incompatible with multithreaded code, and JAX is multithreaded, so this will likely lead to a deadlock.
  self.pid = os.fork()
I0917 08:51:58.265022 139795539912448 logging_writer.py:48] [67000] global_step=67000, grad_norm=0.499999, loss=0.916622
I0917 08:51:58.272326 139813834572992 submission.py:307] 67000) loss = 0.917, grad_norm = 0.500
I0917 08:56:02.178379 139795531519744 logging_writer.py:48] [67500] global_step=67500, grad_norm=0.499999, loss=0.920132
I0917 08:56:02.182588 139813834572992 submission.py:307] 67500) loss = 0.920, grad_norm = 0.500
I0917 09:02:41.733941 139813834572992 spec.py:333] Evaluating on the training split.
/usr/local/lib/python3.11/site-packages/torch/distributed/distributed_c10d.py:4876: UserWarning: barrier(): using the device under current context. You can specify `device_id` in `init_process_group` to mute this warning.
  warnings.warn(  # warn only once
/usr/local/lib/python3.11/multiprocessing/popen_fork.py:66: RuntimeWarning: os.fork() was called. os.fork() is incompatible with multithreaded code, and JAX is multithreaded, so this will likely lead to a deadlock.
  self.pid = os.fork()
I0917 09:02:56.618726 139813834572992 spec.py:346] Evaluating on the validation split.
I0917 09:03:17.164057 139813834572992 spec.py:363] Evaluating on the test split.
I0917 09:03:28.432035 139813834572992 submission_runner.py:516] Time since start: 52158.77s, 	Step: 67911, 	{'train/ctc_loss': 0.07766145285923333, 'train/wer': 0.030264057565200404, 'validation/ctc_loss': 0.3344761390678371, 'validation/wer': 0.08920967508328104, 'validation/num_examples': 5348, 'test/ctc_loss': 0.17733108537244338, 'test/wer': 0.05238356386976215, 'test/num_examples': 2472, 'score': 50637.222826480865, 'total_duration': 52158.77340841293, 'accumulated_submission_time': 50637.222826480865, 'accumulated_eval_time': 1421.1971504688263, 'accumulated_logging_time': 6.198186874389648}
I0917 09:03:28.506223 139795539912448 logging_writer.py:48] [67911] accumulated_eval_time=1421.2, accumulated_logging_time=6.19819, accumulated_submission_time=50637.2, global_step=67911, preemption_count=0, score=50637.2, test/ctc_loss=0.177331, test/num_examples=2472, test/wer=0.0523836, total_duration=52158.8, train/ctc_loss=0.0776615, train/wer=0.0302641, validation/ctc_loss=0.334476, validation/num_examples=5348, validation/wer=0.0892097
/usr/local/lib/python3.11/multiprocessing/popen_fork.py:66: RuntimeWarning: os.fork() was called. os.fork() is incompatible with multithreaded code, and JAX is multithreaded, so this will likely lead to a deadlock.
  self.pid = os.fork()
I0917 09:04:55.495315 139795539912448 logging_writer.py:48] [68000] global_step=68000, grad_norm=0.5, loss=0.911689
I0917 09:04:55.502421 139813834572992 submission.py:307] 68000) loss = 0.912, grad_norm = 0.500
I0917 09:09:03.142754 139795531519744 logging_writer.py:48] [68500] global_step=68500, grad_norm=0.499999, loss=0.854012
I0917 09:09:03.147054 139813834572992 submission.py:307] 68500) loss = 0.854, grad_norm = 0.500
I0917 09:17:08.528484 139795539912448 logging_writer.py:48] [69000] global_step=69000, grad_norm=0.499999, loss=0.995109
I0917 09:17:08.532694 139813834572992 submission.py:307] 69000) loss = 0.995, grad_norm = 0.500
/usr/local/lib/python3.11/multiprocessing/popen_fork.py:66: RuntimeWarning: os.fork() was called. os.fork() is incompatible with multithreaded code, and JAX is multithreaded, so this will likely lead to a deadlock.
  self.pid = os.fork()
I0917 09:21:05.612301 139795539912448 logging_writer.py:48] [69500] global_step=69500, grad_norm=0.499999, loss=0.942529
I0917 09:21:05.619527 139813834572992 submission.py:307] 69500) loss = 0.943, grad_norm = 0.500
I0917 09:28:59.719401 139795531519744 logging_writer.py:48] [70000] global_step=70000, grad_norm=0.5, loss=1.05659
I0917 09:28:59.723820 139813834572992 submission.py:307] 70000) loss = 1.057, grad_norm = 0.500
/usr/local/lib/python3.11/multiprocessing/popen_fork.py:66: RuntimeWarning: os.fork() was called. os.fork() is incompatible with multithreaded code, and JAX is multithreaded, so this will likely lead to a deadlock.
  self.pid = os.fork()
I0917 09:32:37.608810 139813834572992 spec.py:333] Evaluating on the training split.
/usr/local/lib/python3.11/site-packages/torch/distributed/distributed_c10d.py:4876: UserWarning: barrier(): using the device under current context. You can specify `device_id` in `init_process_group` to mute this warning.
  warnings.warn(  # warn only once
I0917 09:32:53.161962 139813834572992 spec.py:346] Evaluating on the validation split.
I0917 09:33:13.530006 139813834572992 spec.py:363] Evaluating on the test split.
I0917 09:33:23.971598 139813834572992 submission_runner.py:516] Time since start: 53954.31s, 	Step: 70423, 	{'train/ctc_loss': 0.07588853751972788, 'train/wer': 0.029466349754175756, 'validation/ctc_loss': 0.335301566895218, 'validation/wer': 0.08888137884420412, 'validation/num_examples': 5348, 'test/ctc_loss': 0.17690643599990322, 'test/wer': 0.05226169439197286, 'test/num_examples': 2472, 'score': 52382.57315540314, 'total_duration': 53954.31312060356, 'accumulated_submission_time': 52382.57315540314, 'accumulated_eval_time': 1467.5598187446594, 'accumulated_logging_time': 6.286574602127075}
I0917 09:33:24.330493 139795539912448 logging_writer.py:48] [70423] accumulated_eval_time=1467.56, accumulated_logging_time=6.28657, accumulated_submission_time=52382.6, global_step=70423, preemption_count=0, score=52382.6, test/ctc_loss=0.176906, test/num_examples=2472, test/wer=0.0522617, total_duration=53954.3, train/ctc_loss=0.0758885, train/wer=0.0294663, validation/ctc_loss=0.335302, validation/num_examples=5348, validation/wer=0.0888814
I0917 09:34:09.925821 139795531519744 logging_writer.py:48] [70500] global_step=70500, grad_norm=0.499999, loss=0.955784
I0917 09:34:09.929242 139813834572992 submission.py:307] 70500) loss = 0.956, grad_norm = 0.500
I0917 09:41:45.727686 139795539912448 logging_writer.py:48] [71000] global_step=71000, grad_norm=0.5, loss=0.924828
I0917 09:41:45.731911 139813834572992 submission.py:307] 71000) loss = 0.925, grad_norm = 0.500
/usr/local/lib/python3.11/multiprocessing/popen_fork.py:66: RuntimeWarning: os.fork() was called. os.fork() is incompatible with multithreaded code, and JAX is multithreaded, so this will likely lead to a deadlock.
  self.pid = os.fork()
I0917 09:46:17.619224 139795539912448 logging_writer.py:48] [71500] global_step=71500, grad_norm=0.499999, loss=0.963127
I0917 09:46:17.626477 139813834572992 submission.py:307] 71500) loss = 0.963, grad_norm = 0.500
I0917 09:53:32.878676 139795531519744 logging_writer.py:48] [72000] global_step=72000, grad_norm=0.499999, loss=0.941566
I0917 09:53:32.883220 139813834572992 submission.py:307] 72000) loss = 0.942, grad_norm = 0.500
/usr/local/lib/python3.11/multiprocessing/popen_fork.py:66: RuntimeWarning: os.fork() was called. os.fork() is incompatible with multithreaded code, and JAX is multithreaded, so this will likely lead to a deadlock.
  self.pid = os.fork()
I0917 09:58:24.899774 139795539912448 logging_writer.py:48] [72500] global_step=72500, grad_norm=0.499999, loss=0.910371
I0917 09:58:24.907534 139813834572992 submission.py:307] 72500) loss = 0.910, grad_norm = 0.500
I0917 10:02:33.677268 139813834572992 spec.py:333] Evaluating on the training split.
/usr/local/lib/python3.11/site-packages/torch/distributed/distributed_c10d.py:4876: UserWarning: barrier(): using the device under current context. You can specify `device_id` in `init_process_group` to mute this warning.
  warnings.warn(  # warn only once
/usr/local/lib/python3.11/multiprocessing/popen_fork.py:66: RuntimeWarning: os.fork() was called. os.fork() is incompatible with multithreaded code, and JAX is multithreaded, so this will likely lead to a deadlock.
  self.pid = os.fork()
I0917 10:02:50.424505 139813834572992 spec.py:346] Evaluating on the validation split.
I0917 10:03:09.950858 139813834572992 spec.py:363] Evaluating on the test split.
I0917 10:03:20.133117 139813834572992 submission_runner.py:516] Time since start: 55750.47s, 	Step: 72847, 	{'train/ctc_loss': 0.07473460691878364, 'train/wer': 0.029086488891783068, 'validation/ctc_loss': 0.3327777993614376, 'validation/wer': 0.08807029401824941, 'validation/num_examples': 5348, 'test/ctc_loss': 0.17564540454222852, 'test/wer': 0.05195702069749965, 'test/num_examples': 2472, 'score': 54128.103445768356, 'total_duration': 55750.47462272644, 'accumulated_submission_time': 54128.103445768356, 'accumulated_eval_time': 1514.0154871940613, 'accumulated_logging_time': 6.655657052993774}
I0917 10:03:20.396938 139795539912448 logging_writer.py:48] [72847] accumulated_eval_time=1514.02, accumulated_logging_time=6.65566, accumulated_submission_time=54128.1, global_step=72847, preemption_count=0, score=54128.1, test/ctc_loss=0.175645, test/num_examples=2472, test/wer=0.051957, total_duration=55750.5, train/ctc_loss=0.0747346, train/wer=0.0290865, validation/ctc_loss=0.332778, validation/num_examples=5348, validation/wer=0.0880703
I0917 10:06:01.406531 139795531519744 logging_writer.py:48] [73000] global_step=73000, grad_norm=0.499999, loss=0.877207
I0917 10:06:01.410804 139813834572992 submission.py:307] 73000) loss = 0.877, grad_norm = 0.500
/usr/local/lib/python3.11/multiprocessing/popen_fork.py:66: RuntimeWarning: os.fork() was called. os.fork() is incompatible with multithreaded code, and JAX is multithreaded, so this will likely lead to a deadlock.
  self.pid = os.fork()
I0917 10:11:16.190953 139795539912448 logging_writer.py:48] [73500] global_step=73500, grad_norm=0.499999, loss=1.05306
I0917 10:11:16.198319 139813834572992 submission.py:307] 73500) loss = 1.053, grad_norm = 0.500
I0917 10:17:57.963665 139795531519744 logging_writer.py:48] [74000] global_step=74000, grad_norm=0.459383, loss=0.897503
I0917 10:17:57.967882 139813834572992 submission.py:307] 74000) loss = 0.898, grad_norm = 0.459
/usr/local/lib/python3.11/multiprocessing/popen_fork.py:66: RuntimeWarning: os.fork() was called. os.fork() is incompatible with multithreaded code, and JAX is multithreaded, so this will likely lead to a deadlock.
  self.pid = os.fork()
I0917 10:23:24.873845 139795539912448 logging_writer.py:48] [74500] global_step=74500, grad_norm=0.499999, loss=0.945396
I0917 10:23:24.882237 139813834572992 submission.py:307] 74500) loss = 0.945, grad_norm = 0.500
I0917 10:29:46.812526 139795531519744 logging_writer.py:48] [75000] global_step=75000, grad_norm=0.499999, loss=0.96704
I0917 10:29:46.816864 139813834572992 submission.py:307] 75000) loss = 0.967, grad_norm = 0.500
I0917 10:32:31.037191 139813834572992 spec.py:333] Evaluating on the training split.
/usr/local/lib/python3.11/site-packages/torch/distributed/distributed_c10d.py:4876: UserWarning: barrier(): using the device under current context. You can specify `device_id` in `init_process_group` to mute this warning.
  warnings.warn(  # warn only once
/usr/local/lib/python3.11/multiprocessing/popen_fork.py:66: RuntimeWarning: os.fork() was called. os.fork() is incompatible with multithreaded code, and JAX is multithreaded, so this will likely lead to a deadlock.
  self.pid = os.fork()
I0917 10:32:48.327848 139813834572992 spec.py:346] Evaluating on the validation split.
I0917 10:33:08.057537 139813834572992 spec.py:363] Evaluating on the test split.
I0917 10:33:18.217476 139813834572992 submission_runner.py:516] Time since start: 57548.56s, 	Step: 75145, 	{'train/ctc_loss': 0.0745783904498464, 'train/wer': 0.02895082429807139, 'validation/ctc_loss': 0.3340026475302014, 'validation/wer': 0.08831168831168831, 'validation/num_examples': 5348, 'test/ctc_loss': 0.17615674045502935, 'test/wer': 0.05222107123270977, 'test/num_examples': 2472, 'score': 55875.95197558403, 'total_duration': 57548.5589632988, 'accumulated_submission_time': 55875.95197558403, 'accumulated_eval_time': 1561.195592880249, 'accumulated_logging_time': 6.92978048324585}
I0917 10:33:18.284954 139795539912448 logging_writer.py:48] [75145] accumulated_eval_time=1561.2, accumulated_logging_time=6.92978, accumulated_submission_time=55876, global_step=75145, preemption_count=0, score=55876, test/ctc_loss=0.176157, test/num_examples=2472, test/wer=0.0522211, total_duration=57548.6, train/ctc_loss=0.0745784, train/wer=0.0289508, validation/ctc_loss=0.334003, validation/num_examples=5348, validation/wer=0.0883117
/usr/local/lib/python3.11/multiprocessing/popen_fork.py:66: RuntimeWarning: os.fork() was called. os.fork() is incompatible with multithreaded code, and JAX is multithreaded, so this will likely lead to a deadlock.
  self.pid = os.fork()
I0917 10:36:24.499698 139795539912448 logging_writer.py:48] [75500] global_step=75500, grad_norm=0.499999, loss=0.935525
I0917 10:36:24.515847 139813834572992 submission.py:307] 75500) loss = 0.936, grad_norm = 0.500
I0917 10:42:34.958204 139795531519744 logging_writer.py:48] [76000] global_step=76000, grad_norm=0.499999, loss=0.935645
I0917 10:42:34.962445 139813834572992 submission.py:307] 76000) loss = 0.936, grad_norm = 0.500
/usr/local/lib/python3.11/multiprocessing/popen_fork.py:66: RuntimeWarning: os.fork() was called. os.fork() is incompatible with multithreaded code, and JAX is multithreaded, so this will likely lead to a deadlock.
  self.pid = os.fork()
I0917 10:48:39.316502 139795539912448 logging_writer.py:48] [76500] global_step=76500, grad_norm=0.499999, loss=0.964588
I0917 10:48:39.327144 139813834572992 submission.py:307] 76500) loss = 0.965, grad_norm = 0.500
I0917 10:54:22.799276 139795531519744 logging_writer.py:48] [77000] global_step=77000, grad_norm=0.5, loss=0.956256
I0917 10:54:22.803459 139813834572992 submission.py:307] 77000) loss = 0.956, grad_norm = 0.500
/usr/local/lib/python3.11/multiprocessing/popen_fork.py:66: RuntimeWarning: os.fork() was called. os.fork() is incompatible with multithreaded code, and JAX is multithreaded, so this will likely lead to a deadlock.
  self.pid = os.fork()
I0917 11:00:53.540904 139795539912448 logging_writer.py:48] [77500] global_step=77500, grad_norm=0.5, loss=0.929888
I0917 11:00:53.548746 139813834572992 submission.py:307] 77500) loss = 0.930, grad_norm = 0.500
I0917 11:02:27.089044 139813834572992 spec.py:333] Evaluating on the training split.
/usr/local/lib/python3.11/site-packages/torch/distributed/distributed_c10d.py:4876: UserWarning: barrier(): using the device under current context. You can specify `device_id` in `init_process_group` to mute this warning.
  warnings.warn(  # warn only once
/usr/local/lib/python3.11/multiprocessing/popen_fork.py:66: RuntimeWarning: os.fork() was called. os.fork() is incompatible with multithreaded code, and JAX is multithreaded, so this will likely lead to a deadlock.
  self.pid = os.fork()
I0917 11:02:42.711052 139813834572992 spec.py:346] Evaluating on the validation split.
I0917 11:03:03.319783 139813834572992 spec.py:363] Evaluating on the test split.
I0917 11:03:14.578481 139813834572992 submission_runner.py:516] Time since start: 59344.92s, 	Step: 77691, 	{'train/ctc_loss': 0.07448023948465872, 'train/wer': 0.028874852125592855, 'validation/ctc_loss': 0.3337463660965441, 'validation/wer': 0.08841790180080143, 'validation/num_examples': 5348, 'test/ctc_loss': 0.17598736208787663, 'test/wer': 0.05199764385676274, 'test/num_examples': 2472, 'score': 57621.09947395325, 'total_duration': 59344.91904091835, 'accumulated_submission_time': 57621.09947395325, 'accumulated_eval_time': 1608.6839032173157, 'accumulated_logging_time': 7.007215261459351}
I0917 11:03:14.908420 139795539912448 logging_writer.py:48] [77691] accumulated_eval_time=1608.68, accumulated_logging_time=7.00722, accumulated_submission_time=57621.1, global_step=77691, preemption_count=0, score=57621.1, test/ctc_loss=0.175987, test/num_examples=2472, test/wer=0.0519976, total_duration=59344.9, train/ctc_loss=0.0744802, train/wer=0.0288749, validation/ctc_loss=0.333746, validation/num_examples=5348, validation/wer=0.0884179
I0917 11:07:16.649904 139795531519744 logging_writer.py:48] [78000] global_step=78000, grad_norm=0.499999, loss=0.907947
I0917 11:07:16.654049 139813834572992 submission.py:307] 78000) loss = 0.908, grad_norm = 0.500
/usr/local/lib/python3.11/multiprocessing/popen_fork.py:66: RuntimeWarning: os.fork() was called. os.fork() is incompatible with multithreaded code, and JAX is multithreaded, so this will likely lead to a deadlock.
  self.pid = os.fork()
I0917 11:14:01.488129 139795539912448 logging_writer.py:48] [78500] global_step=78500, grad_norm=0.499999, loss=0.962238
I0917 11:14:01.495517 139813834572992 submission.py:307] 78500) loss = 0.962, grad_norm = 0.500
I0917 11:19:06.635383 139795531519744 logging_writer.py:48] [79000] global_step=79000, grad_norm=0.499999, loss=0.975488
I0917 11:19:06.639368 139813834572992 submission.py:307] 79000) loss = 0.975, grad_norm = 0.500
/usr/local/lib/python3.11/multiprocessing/popen_fork.py:66: RuntimeWarning: os.fork() was called. os.fork() is incompatible with multithreaded code, and JAX is multithreaded, so this will likely lead to a deadlock.
  self.pid = os.fork()
I0917 11:26:09.322550 139795539912448 logging_writer.py:48] [79500] global_step=79500, grad_norm=0.499999, loss=0.864797
I0917 11:26:09.334379 139813834572992 submission.py:307] 79500) loss = 0.865, grad_norm = 0.500
I0917 11:31:02.580370 139795531519744 logging_writer.py:48] [80000] global_step=80000, grad_norm=0.5, loss=0.938919
I0917 11:31:02.584589 139813834572992 submission.py:307] 80000) loss = 0.939, grad_norm = 0.500
I0917 11:32:25.964309 139813834572992 spec.py:333] Evaluating on the training split.
/usr/local/lib/python3.11/site-packages/torch/distributed/distributed_c10d.py:4876: UserWarning: barrier(): using the device under current context. You can specify `device_id` in `init_process_group` to mute this warning.
  warnings.warn(  # warn only once
/usr/local/lib/python3.11/multiprocessing/popen_fork.py:66: RuntimeWarning: os.fork() was called. os.fork() is incompatible with multithreaded code, and JAX is multithreaded, so this will likely lead to a deadlock.
  self.pid = os.fork()
I0917 11:32:43.175068 139813834572992 spec.py:346] Evaluating on the validation split.
I0917 11:33:02.873081 139813834572992 spec.py:363] Evaluating on the test split.
I0917 11:33:13.023705 139813834572992 submission_runner.py:516] Time since start: 61143.37s, 	Step: 80087, 	{'train/ctc_loss': 0.07409676425772471, 'train/wer': 0.02873918753188118, 'validation/ctc_loss': 0.33345984301223125, 'validation/wer': 0.08790614589871096, 'validation/num_examples': 5348, 'test/ctc_loss': 0.17555488710965222, 'test/wer': 0.05124611541039547, 'test/num_examples': 2472, 'score': 59368.39318227768, 'total_duration': 61143.365178346634, 'accumulated_submission_time': 59368.39318227768, 'accumulated_eval_time': 1655.7432885169983, 'accumulated_logging_time': 7.346552133560181}
I0917 11:33:13.438456 139795539912448 logging_writer.py:48] [80087] accumulated_eval_time=1655.74, accumulated_logging_time=7.34655, accumulated_submission_time=59368.4, global_step=80087, preemption_count=0, score=59368.4, test/ctc_loss=0.175555, test/num_examples=2472, test/wer=0.0512461, total_duration=61143.4, train/ctc_loss=0.0740968, train/wer=0.0287392, validation/ctc_loss=0.33346, validation/num_examples=5348, validation/wer=0.0879061
/usr/local/lib/python3.11/multiprocessing/popen_fork.py:66: RuntimeWarning: os.fork() was called. os.fork() is incompatible with multithreaded code, and JAX is multithreaded, so this will likely lead to a deadlock.
  self.pid = os.fork()
I0917 11:38:59.448411 139795539912448 logging_writer.py:48] [80500] global_step=80500, grad_norm=0.499999, loss=0.940966
I0917 11:38:59.456340 139813834572992 submission.py:307] 80500) loss = 0.941, grad_norm = 0.500
I0917 11:43:52.614778 139795531519744 logging_writer.py:48] [81000] global_step=81000, grad_norm=0.5, loss=0.920775
I0917 11:43:52.619022 139813834572992 submission.py:307] 81000) loss = 0.921, grad_norm = 0.500
/usr/local/lib/python3.11/multiprocessing/popen_fork.py:66: RuntimeWarning: os.fork() was called. os.fork() is incompatible with multithreaded code, and JAX is multithreaded, so this will likely lead to a deadlock.
  self.pid = os.fork()
I0917 11:51:15.834310 139795539912448 logging_writer.py:48] [81500] global_step=81500, grad_norm=0.499999, loss=0.939752
I0917 11:51:15.842174 139813834572992 submission.py:307] 81500) loss = 0.940, grad_norm = 0.500
I0917 11:55:48.508168 139795531519744 logging_writer.py:48] [82000] global_step=82000, grad_norm=0.499999, loss=0.998036
I0917 11:55:48.512228 139813834572992 submission.py:307] 82000) loss = 0.998, grad_norm = 0.500
I0917 12:02:21.384043 139813834572992 spec.py:333] Evaluating on the training split.
/usr/local/lib/python3.11/site-packages/torch/distributed/distributed_c10d.py:4876: UserWarning: barrier(): using the device under current context. You can specify `device_id` in `init_process_group` to mute this warning.
  warnings.warn(  # warn only once
/usr/local/lib/python3.11/multiprocessing/popen_fork.py:66: RuntimeWarning: os.fork() was called. os.fork() is incompatible with multithreaded code, and JAX is multithreaded, so this will likely lead to a deadlock.
  self.pid = os.fork()
I0917 12:02:36.041865 139813834572992 spec.py:346] Evaluating on the validation split.
I0917 12:02:55.630945 139813834572992 spec.py:363] Evaluating on the test split.
I0917 12:03:06.110717 139813834572992 submission_runner.py:516] Time since start: 62936.45s, 	Step: 82379, 	{'train/ctc_loss': 0.07365463607338266, 'train/wer': 0.028733760948132712, 'validation/ctc_loss': 0.33402197471650846, 'validation/wer': 0.08779993240959784, 'validation/num_examples': 5348, 'test/ctc_loss': 0.17557619644815795, 'test/wer': 0.051713281741921066, 'test/num_examples': 2472, 'score': 61113.596465587616, 'total_duration': 62936.452160835266, 'accumulated_submission_time': 61113.596465587616, 'accumulated_eval_time': 1700.4697089195251, 'accumulated_logging_time': 7.771591901779175}
I0917 12:03:06.173308 139795539912448 logging_writer.py:48] [82379] accumulated_eval_time=1700.47, accumulated_logging_time=7.77159, accumulated_submission_time=61113.6, global_step=82379, preemption_count=0, score=61113.6, test/ctc_loss=0.175576, test/num_examples=2472, test/wer=0.0517133, total_duration=62936.5, train/ctc_loss=0.0736546, train/wer=0.0287338, validation/ctc_loss=0.334022, validation/num_examples=5348, validation/wer=0.0877999
/usr/local/lib/python3.11/multiprocessing/popen_fork.py:66: RuntimeWarning: os.fork() was called. os.fork() is incompatible with multithreaded code, and JAX is multithreaded, so this will likely lead to a deadlock.
  self.pid = os.fork()
I0917 12:04:11.445035 139795539912448 logging_writer.py:48] [82500] global_step=82500, grad_norm=0.499999, loss=0.985181
I0917 12:04:11.452640 139813834572992 submission.py:307] 82500) loss = 0.985, grad_norm = 0.500
I0917 12:08:43.532816 139795531519744 logging_writer.py:48] [83000] global_step=83000, grad_norm=0.499999, loss=0.912049
I0917 12:08:43.537141 139813834572992 submission.py:307] 83000) loss = 0.912, grad_norm = 0.500
/usr/local/lib/python3.11/multiprocessing/popen_fork.py:66: RuntimeWarning: os.fork() was called. os.fork() is incompatible with multithreaded code, and JAX is multithreaded, so this will likely lead to a deadlock.
  self.pid = os.fork()
I0917 12:16:31.725169 139795539912448 logging_writer.py:48] [83500] global_step=83500, grad_norm=0.499999, loss=0.976539
I0917 12:16:31.732710 139813834572992 submission.py:307] 83500) loss = 0.977, grad_norm = 0.500
I0917 12:20:43.788143 139795531519744 logging_writer.py:48] [84000] global_step=84000, grad_norm=0.5, loss=0.946983
I0917 12:20:43.792587 139813834572992 submission.py:307] 84000) loss = 0.947, grad_norm = 0.500
/usr/local/lib/python3.11/multiprocessing/popen_fork.py:66: RuntimeWarning: os.fork() was called. os.fork() is incompatible with multithreaded code, and JAX is multithreaded, so this will likely lead to a deadlock.
  self.pid = os.fork()
I0917 12:28:49.702776 139795539912448 logging_writer.py:48] [84500] global_step=84500, grad_norm=0.499999, loss=0.951509
I0917 12:28:49.710278 139813834572992 submission.py:307] 84500) loss = 0.952, grad_norm = 0.500
I0917 12:32:15.563408 139813834572992 spec.py:333] Evaluating on the training split.
/usr/local/lib/python3.11/site-packages/torch/distributed/distributed_c10d.py:4876: UserWarning: barrier(): using the device under current context. You can specify `device_id` in `init_process_group` to mute this warning.
  warnings.warn(  # warn only once
/usr/local/lib/python3.11/multiprocessing/popen_fork.py:66: RuntimeWarning: os.fork() was called. os.fork() is incompatible with multithreaded code, and JAX is multithreaded, so this will likely lead to a deadlock.
  self.pid = os.fork()
I0917 12:32:32.533607 139813834572992 spec.py:346] Evaluating on the validation split.
I0917 12:32:52.279610 139813834572992 spec.py:363] Evaluating on the test split.
I0917 12:33:02.691322 139813834572992 submission_runner.py:516] Time since start: 64733.03s, 	Step: 84938, 	{'train/ctc_loss': 0.07344040690551908, 'train/wer': 0.028733760948132712, 'validation/ctc_loss': 0.3364899435842375, 'validation/wer': 0.08833099985516342, 'validation/num_examples': 5348, 'test/ctc_loss': 0.17640339195270663, 'test/wer': 0.051936709117868095, 'test/num_examples': 2472, 'score': 62859.03667855263, 'total_duration': 64733.032787799835, 'accumulated_submission_time': 62859.03667855263, 'accumulated_eval_time': 1747.5974349975586, 'accumulated_logging_time': 7.8443779945373535}
I0917 12:33:02.998925 139795539912448 logging_writer.py:48] [84938] accumulated_eval_time=1747.6, accumulated_logging_time=7.84438, accumulated_submission_time=62859, global_step=84938, preemption_count=0, score=62859, test/ctc_loss=0.176403, test/num_examples=2472, test/wer=0.0519367, total_duration=64733, train/ctc_loss=0.0734404, train/wer=0.0287338, validation/ctc_loss=0.33649, validation/num_examples=5348, validation/wer=0.088331
I0917 12:33:46.570773 139795531519744 logging_writer.py:48] [85000] global_step=85000, grad_norm=0.499999, loss=0.960752
I0917 12:33:46.574166 139813834572992 submission.py:307] 85000) loss = 0.961, grad_norm = 0.500
/usr/local/lib/python3.11/multiprocessing/popen_fork.py:66: RuntimeWarning: os.fork() was called. os.fork() is incompatible with multithreaded code, and JAX is multithreaded, so this will likely lead to a deadlock.
  self.pid = os.fork()
I0917 12:41:54.642585 139795539912448 logging_writer.py:48] [85500] global_step=85500, grad_norm=0.499999, loss=1.00152
I0917 12:41:54.653079 139813834572992 submission.py:307] 85500) loss = 1.002, grad_norm = 0.500
I0917 12:45:51.834700 139795531519744 logging_writer.py:48] [86000] global_step=86000, grad_norm=0.499999, loss=0.895189
I0917 12:45:51.839200 139813834572992 submission.py:307] 86000) loss = 0.895, grad_norm = 0.500
I0917 12:53:48.452891 139795539912448 logging_writer.py:48] [86500] global_step=86500, grad_norm=0.499999, loss=0.968037
I0917 12:53:48.456965 139813834572992 submission.py:307] 86500) loss = 0.968, grad_norm = 0.500
/usr/local/lib/python3.11/multiprocessing/popen_fork.py:66: RuntimeWarning: os.fork() was called. os.fork() is incompatible with multithreaded code, and JAX is multithreaded, so this will likely lead to a deadlock.
  self.pid = os.fork()
I0917 12:57:54.216166 139795539912448 logging_writer.py:48] [87000] global_step=87000, grad_norm=0.499999, loss=0.889351
I0917 12:57:54.223641 139813834572992 submission.py:307] 87000) loss = 0.889, grad_norm = 0.500
I0917 13:02:13.916339 139813834572992 spec.py:333] Evaluating on the training split.
/usr/local/lib/python3.11/site-packages/torch/distributed/distributed_c10d.py:4876: UserWarning: barrier(): using the device under current context. You can specify `device_id` in `init_process_group` to mute this warning.
  warnings.warn(  # warn only once
/usr/local/lib/python3.11/multiprocessing/popen_fork.py:66: RuntimeWarning: os.fork() was called. os.fork() is incompatible with multithreaded code, and JAX is multithreaded, so this will likely lead to a deadlock.
  self.pid = os.fork()
I0917 13:02:29.789277 139813834572992 spec.py:346] Evaluating on the validation split.
I0917 13:02:49.636147 139813834572992 spec.py:363] Evaluating on the test split.
I0917 13:02:59.996631 139813834572992 submission_runner.py:516] Time since start: 66530.34s, 	Step: 87318, 	{'train/ctc_loss': 0.07378568444344562, 'train/wer': 0.028858572374347455, 'validation/ctc_loss': 0.33931053549452483, 'validation/wer': 0.08834065562690098, 'validation/num_examples': 5348, 'test/ctc_loss': 0.17971988616201046, 'test/wer': 0.051571100684500236, 'test/num_examples': 2472, 'score': 64606.470702409744, 'total_duration': 66530.33806610107, 'accumulated_submission_time': 64606.470702409744, 'accumulated_eval_time': 1793.6775379180908, 'accumulated_logging_time': 8.162017583847046}
I0917 13:03:00.360605 139795539912448 logging_writer.py:48] [87318] accumulated_eval_time=1793.68, accumulated_logging_time=8.16202, accumulated_submission_time=64606.5, global_step=87318, preemption_count=0, score=64606.5, test/ctc_loss=0.17972, test/num_examples=2472, test/wer=0.0515711, total_duration=66530.3, train/ctc_loss=0.0737857, train/wer=0.0288586, validation/ctc_loss=0.339311, validation/num_examples=5348, validation/wer=0.0883407
I0917 13:06:19.428351 139795531519744 logging_writer.py:48] [87500] global_step=87500, grad_norm=0.5, loss=0.953216
I0917 13:06:19.432604 139813834572992 submission.py:307] 87500) loss = 0.953, grad_norm = 0.500
/usr/local/lib/python3.11/multiprocessing/popen_fork.py:66: RuntimeWarning: os.fork() was called. os.fork() is incompatible with multithreaded code, and JAX is multithreaded, so this will likely lead to a deadlock.
  self.pid = os.fork()
I0917 13:10:46.145600 139795539912448 logging_writer.py:48] [88000] global_step=88000, grad_norm=0.499999, loss=0.9181
I0917 13:10:46.153646 139813834572992 submission.py:307] 88000) loss = 0.918, grad_norm = 0.500
I0917 13:18:11.571276 139795531519744 logging_writer.py:48] [88500] global_step=88500, grad_norm=0.499999, loss=0.908698
I0917 13:18:11.575626 139813834572992 submission.py:307] 88500) loss = 0.909, grad_norm = 0.500
/usr/local/lib/python3.11/multiprocessing/popen_fork.py:66: RuntimeWarning: os.fork() was called. os.fork() is incompatible with multithreaded code, and JAX is multithreaded, so this will likely lead to a deadlock.
  self.pid = os.fork()
I0917 13:22:52.323980 139795539912448 logging_writer.py:48] [89000] global_step=89000, grad_norm=0.499999, loss=0.964996
I0917 13:22:52.331476 139813834572992 submission.py:307] 89000) loss = 0.965, grad_norm = 0.500
I0917 13:30:02.635675 139795531519744 logging_writer.py:48] [89500] global_step=89500, grad_norm=0.5, loss=0.963921
I0917 13:30:02.639846 139813834572992 submission.py:307] 89500) loss = 0.964, grad_norm = 0.500
/usr/local/lib/python3.11/multiprocessing/popen_fork.py:66: RuntimeWarning: os.fork() was called. os.fork() is incompatible with multithreaded code, and JAX is multithreaded, so this will likely lead to a deadlock.
  self.pid = os.fork()
I0917 13:32:09.217663 139795539912448 logging_writer.py:48] [89611] global_step=89611, preemption_count=0, score=66353.5
I0917 13:32:10.136237 139813834572992 submission_runner.py:857] Final librispeech_conformer score: 66353.51962351799
[W917 13:32:22.032322157 AllocatorConfig.cpp:28] Warning: PYTORCH_CUDA_ALLOC_CONF is deprecated, use PYTORCH_ALLOC_CONF instead (function operator())
[W917 13:32:22.032322121 AllocatorConfig.cpp:28] Warning: PYTORCH_CUDA_ALLOC_CONF is deprecated, use PYTORCH_ALLOC_CONF instead (function operator())
[W917 13:32:22.032322198 AllocatorConfig.cpp:28] Warning: PYTORCH_CUDA_ALLOC_CONF is deprecated, use PYTORCH_ALLOC_CONF instead (function operator())
[W917 13:32:22.032322180 AllocatorConfig.cpp:28] Warning: PYTORCH_CUDA_ALLOC_CONF is deprecated, use PYTORCH_ALLOC_CONF instead (function operator())
