torchrun --redirects 1:0,2:0,3:0 --standalone --nnodes=1 --nproc_per_node=4 submission_runner.py --framework=pytorch --workload=librispeech_deepspeech --submission_path=submissions_algorithms/submissions/self_tuning/ademamix_golden/submission.py --data_dir=/data/librispeech --experiment_dir=/experiment_runs --experiment_name=submissions_a100/ademamix_golden/study_0 --overwrite=True --save_checkpoints=False --rng_seed=1619867207 --librispeech_tokenizer_vocab_path=/data/librispeech/spm_model.vocab --torch_compile=true --tuning_ruleset=self 2>&1 | tee -a /logs/librispeech_deepspeech_pytorch_09-16-2026-01-52-47.log
W0916 01:52:49.353000 9 site-packages/torch/distributed/run.py:803] 
W0916 01:52:49.353000 9 site-packages/torch/distributed/run.py:803] *****************************************
W0916 01:52:49.353000 9 site-packages/torch/distributed/run.py:803] Setting OMP_NUM_THREADS environment variable for each process to be 1 in default, to avoid your system being overloaded, please further tune the variable for optimal performance in your application as needed. 
W0916 01:52:49.353000 9 site-packages/torch/distributed/run.py:803] *****************************************
2026-09-16 01:52:51.169740: E external/local_xla/xla/stream_executor/cuda/cuda_fft.cc:467] Unable to register cuFFT factory: Attempting to register factory for plugin cuFFT when one has already been registered
2026-09-16 01:52:51.169740: E external/local_xla/xla/stream_executor/cuda/cuda_fft.cc:467] Unable to register cuFFT factory: Attempting to register factory for plugin cuFFT when one has already been registered
2026-09-16 01:52:51.169740: E external/local_xla/xla/stream_executor/cuda/cuda_fft.cc:467] Unable to register cuFFT factory: Attempting to register factory for plugin cuFFT when one has already been registered
2026-09-16 01:52:51.169759: E external/local_xla/xla/stream_executor/cuda/cuda_fft.cc:467] Unable to register cuFFT factory: Attempting to register factory for plugin cuFFT when one has already been registered
WARNING: All log messages before absl::InitializeLog() is called are written to STDERR
WARNING: All log messages before absl::InitializeLog() is called are written to STDERR
WARNING: All log messages before absl::InitializeLog() is called are written to STDERR
E0000 00:00:1789523571.190567      41 cuda_dnn.cc:8579] Unable to register cuDNN factory: Attempting to register factory for plugin cuDNN when one has already been registered
E0000 00:00:1789523571.190567      39 cuda_dnn.cc:8579] Unable to register cuDNN factory: Attempting to register factory for plugin cuDNN when one has already been registered
E0000 00:00:1789523571.190566      38 cuda_dnn.cc:8579] Unable to register cuDNN factory: Attempting to register factory for plugin cuDNN when one has already been registered
WARNING: All log messages before absl::InitializeLog() is called are written to STDERR
E0000 00:00:1789523571.190582      40 cuda_dnn.cc:8579] Unable to register cuDNN factory: Attempting to register factory for plugin cuDNN when one has already been registered
E0000 00:00:1789523571.197399      41 cuda_blas.cc:1407] Unable to register cuBLAS factory: Attempting to register factory for plugin cuBLAS when one has already been registered
E0000 00:00:1789523571.197400      38 cuda_blas.cc:1407] Unable to register cuBLAS factory: Attempting to register factory for plugin cuBLAS when one has already been registered
E0000 00:00:1789523571.197401      40 cuda_blas.cc:1407] Unable to register cuBLAS factory: Attempting to register factory for plugin cuBLAS when one has already been registered
E0000 00:00:1789523571.197450      39 cuda_blas.cc:1407] Unable to register cuBLAS factory: Attempting to register factory for plugin cuBLAS when one has already been registered
W0000 00:00:1789523571.214710      41 computation_placer.cc:177] computation placer already registered. Please check linkage and avoid linking the same target more than once.
W0000 00:00:1789523571.214724      39 computation_placer.cc:177] computation placer already registered. Please check linkage and avoid linking the same target more than once.
W0000 00:00:1789523571.214725      40 computation_placer.cc:177] computation placer already registered. Please check linkage and avoid linking the same target more than once.
W0000 00:00:1789523571.214746      39 computation_placer.cc:177] computation placer already registered. Please check linkage and avoid linking the same target more than once.
W0000 00:00:1789523571.214746      40 computation_placer.cc:177] computation placer already registered. Please check linkage and avoid linking the same target more than once.
W0000 00:00:1789523571.214748      39 computation_placer.cc:177] computation placer already registered. Please check linkage and avoid linking the same target more than once.
W0000 00:00:1789523571.214742      41 computation_placer.cc:177] computation placer already registered. Please check linkage and avoid linking the same target more than once.
W0000 00:00:1789523571.214749      40 computation_placer.cc:177] computation placer already registered. Please check linkage and avoid linking the same target more than once.
W0000 00:00:1789523571.214750      39 computation_placer.cc:177] computation placer already registered. Please check linkage and avoid linking the same target more than once.
W0000 00:00:1789523571.214751      41 computation_placer.cc:177] computation placer already registered. Please check linkage and avoid linking the same target more than once.
W0000 00:00:1789523571.214751      40 computation_placer.cc:177] computation placer already registered. Please check linkage and avoid linking the same target more than once.
W0000 00:00:1789523571.214753      41 computation_placer.cc:177] computation placer already registered. Please check linkage and avoid linking the same target more than once.
W0000 00:00:1789523571.214759      38 computation_placer.cc:177] computation placer already registered. Please check linkage and avoid linking the same target more than once.
W0000 00:00:1789523571.214779      38 computation_placer.cc:177] computation placer already registered. Please check linkage and avoid linking the same target more than once.
W0000 00:00:1789523571.214781      38 computation_placer.cc:177] computation placer already registered. Please check linkage and avoid linking the same target more than once.
W0000 00:00:1789523571.214783      38 computation_placer.cc:177] computation placer already registered. Please check linkage and avoid linking the same target more than once.
W0000 00:00:1789523576.994294      39 gpu_device.cc:2341] Cannot dlopen some GPU libraries. Please make sure the missing libraries mentioned above are installed properly if you would like to use GPU. Follow the guide at https://www.tensorflow.org/install/gpu for how to download and setup the required libraries for your platform.
Skipping registering GPU devices...
W0000 00:00:1789523577.014395      41 gpu_device.cc:2341] Cannot dlopen some GPU libraries. Please make sure the missing libraries mentioned above are installed properly if you would like to use GPU. Follow the guide at https://www.tensorflow.org/install/gpu for how to download and setup the required libraries for your platform.
Skipping registering GPU devices...
W0000 00:00:1789523577.090276      38 gpu_device.cc:2341] Cannot dlopen some GPU libraries. Please make sure the missing libraries mentioned above are installed properly if you would like to use GPU. Follow the guide at https://www.tensorflow.org/install/gpu for how to download and setup the required libraries for your platform.
Skipping registering GPU devices...
W0000 00:00:1789523577.146401      40 gpu_device.cc:2341] Cannot dlopen some GPU libraries. Please make sure the missing libraries mentioned above are installed properly if you would like to use GPU. Follow the guide at https://www.tensorflow.org/install/gpu for how to download and setup the required libraries for your platform.
Skipping registering GPU devices...
/usr/local/lib/python3.11/site-packages/torch/__init__.py:1617: UserWarning: Please use the new API settings to control TF32 behavior, such as torch.backends.cudnn.conv.fp32_precision = 'tf32' or torch.backends.cuda.matmul.fp32_precision = 'ieee'. Old settings, e.g, torch.backends.cuda.matmul.allow_tf32 = True, torch.backends.cudnn.allow_tf32 = True, allowTF32CuDNN() and allowTF32CuBLAS() will be deprecated after Pytorch 2.9. Please see https://pytorch.org/docs/main/notes/cuda.html#tensorfloat-32-tf32-on-ampere-and-later-devices (Triggered internally at /pytorch/aten/src/ATen/Context.cpp:80.)
  _C._set_float32_matmul_precision(precision)
/usr/local/lib/python3.11/site-packages/torch/__init__.py:1617: UserWarning: Please use the new API settings to control TF32 behavior, such as torch.backends.cudnn.conv.fp32_precision = 'tf32' or torch.backends.cuda.matmul.fp32_precision = 'ieee'. Old settings, e.g, torch.backends.cuda.matmul.allow_tf32 = True, torch.backends.cudnn.allow_tf32 = True, allowTF32CuDNN() and allowTF32CuBLAS() will be deprecated after Pytorch 2.9. Please see https://pytorch.org/docs/main/notes/cuda.html#tensorfloat-32-tf32-on-ampere-and-later-devices (Triggered internally at /pytorch/aten/src/ATen/Context.cpp:80.)
  _C._set_float32_matmul_precision(precision)
/usr/local/lib/python3.11/site-packages/torch/__init__.py:1617: UserWarning: Please use the new API settings to control TF32 behavior, such as torch.backends.cudnn.conv.fp32_precision = 'tf32' or torch.backends.cuda.matmul.fp32_precision = 'ieee'. Old settings, e.g, torch.backends.cuda.matmul.allow_tf32 = True, torch.backends.cudnn.allow_tf32 = True, allowTF32CuDNN() and allowTF32CuBLAS() will be deprecated after Pytorch 2.9. Please see https://pytorch.org/docs/main/notes/cuda.html#tensorfloat-32-tf32-on-ampere-and-later-devices (Triggered internally at /pytorch/aten/src/ATen/Context.cpp:80.)
  _C._set_float32_matmul_precision(precision)
/usr/local/lib/python3.11/site-packages/torch/__init__.py:1617: UserWarning: Please use the new API settings to control TF32 behavior, such as torch.backends.cudnn.conv.fp32_precision = 'tf32' or torch.backends.cuda.matmul.fp32_precision = 'ieee'. Old settings, e.g, torch.backends.cuda.matmul.allow_tf32 = True, torch.backends.cudnn.allow_tf32 = True, allowTF32CuDNN() and allowTF32CuBLAS() will be deprecated after Pytorch 2.9. Please see https://pytorch.org/docs/main/notes/cuda.html#tensorfloat-32-tf32-on-ampere-and-later-devices (Triggered internally at /pytorch/aten/src/ATen/Context.cpp:80.)
  _C._set_float32_matmul_precision(precision)
/usr/local/lib/python3.11/site-packages/pydantic/_internal/_generate_schema.py:2249: UnsupportedFieldAttributeWarning: The 'repr' attribute with value False was provided to the `Field()` function, which has no effect in the context it was used. 'repr' is field-specific metadata, and can only be attached to a model field using `Annotated` metadata or by assignment. This may have happened because an `Annotated` type alias using the `type` statement was used, or if the `Field()` function was attached to a single member of a union type.
  warnings.warn(
/usr/local/lib/python3.11/site-packages/pydantic/_internal/_generate_schema.py:2249: UnsupportedFieldAttributeWarning: The 'frozen' attribute with value True was provided to the `Field()` function, which has no effect in the context it was used. 'frozen' is field-specific metadata, and can only be attached to a model field using `Annotated` metadata or by assignment. This may have happened because an `Annotated` type alias using the `type` statement was used, or if the `Field()` function was attached to a single member of a union type.
  warnings.warn(
/usr/local/lib/python3.11/site-packages/pydantic/_internal/_generate_schema.py:2249: UnsupportedFieldAttributeWarning: The 'repr' attribute with value False was provided to the `Field()` function, which has no effect in the context it was used. 'repr' is field-specific metadata, and can only be attached to a model field using `Annotated` metadata or by assignment. This may have happened because an `Annotated` type alias using the `type` statement was used, or if the `Field()` function was attached to a single member of a union type.
  warnings.warn(
/usr/local/lib/python3.11/site-packages/pydantic/_internal/_generate_schema.py:2249: UnsupportedFieldAttributeWarning: The 'frozen' attribute with value True was provided to the `Field()` function, which has no effect in the context it was used. 'frozen' is field-specific metadata, and can only be attached to a model field using `Annotated` metadata or by assignment. This may have happened because an `Annotated` type alias using the `type` statement was used, or if the `Field()` function was attached to a single member of a union type.
  warnings.warn(
/usr/local/lib/python3.11/site-packages/pydantic/_internal/_generate_schema.py:2249: UnsupportedFieldAttributeWarning: The 'repr' attribute with value False was provided to the `Field()` function, which has no effect in the context it was used. 'repr' is field-specific metadata, and can only be attached to a model field using `Annotated` metadata or by assignment. This may have happened because an `Annotated` type alias using the `type` statement was used, or if the `Field()` function was attached to a single member of a union type.
  warnings.warn(
/usr/local/lib/python3.11/site-packages/pydantic/_internal/_generate_schema.py:2249: UnsupportedFieldAttributeWarning: The 'frozen' attribute with value True was provided to the `Field()` function, which has no effect in the context it was used. 'frozen' is field-specific metadata, and can only be attached to a model field using `Annotated` metadata or by assignment. This may have happened because an `Annotated` type alias using the `type` statement was used, or if the `Field()` function was attached to a single member of a union type.
  warnings.warn(
/usr/local/lib/python3.11/site-packages/pydantic/_internal/_generate_schema.py:2249: UnsupportedFieldAttributeWarning: The 'repr' attribute with value False was provided to the `Field()` function, which has no effect in the context it was used. 'repr' is field-specific metadata, and can only be attached to a model field using `Annotated` metadata or by assignment. This may have happened because an `Annotated` type alias using the `type` statement was used, or if the `Field()` function was attached to a single member of a union type.
  warnings.warn(
/usr/local/lib/python3.11/site-packages/pydantic/_internal/_generate_schema.py:2249: UnsupportedFieldAttributeWarning: The 'frozen' attribute with value True was provided to the `Field()` function, which has no effect in the context it was used. 'frozen' is field-specific metadata, and can only be attached to a model field using `Annotated` metadata or by assignment. This may have happened because an `Annotated` type alias using the `type` statement was used, or if the `Field()` function was attached to a single member of a union type.
  warnings.warn(
/usr/local/lib/python3.11/site-packages/torch/distributed/distributed_c10d.py:4876: UserWarning: barrier(): using the device under current context. You can specify `device_id` in `init_process_group` to mute this warning.
  warnings.warn(  # warn only once
[rank0]:[W916 01:52:59.501946518 ProcessGroupNCCL.cpp:5068] Guessing device ID based on global rank. This can cause a hang if rank to GPU mapping is heterogeneous. You can specify device_id in init_process_group()
I0916 01:53:00.157240 139747222361280 logger_utils.py:84] Creating experiment directory at /experiment_runs/submissions_a100/ademamix_golden/study_0/librispeech_deepspeech_pytorch.
I0916 01:53:00.157239 139672845759680 logger_utils.py:84] Creating experiment directory at /experiment_runs/submissions_a100/ademamix_golden/study_0/librispeech_deepspeech_pytorch.
I0916 01:53:00.157238 140207082284224 logger_utils.py:84] Creating experiment directory at /experiment_runs/submissions_a100/ademamix_golden/study_0/librispeech_deepspeech_pytorch.
I0916 01:53:00.157282 139679763571904 logger_utils.py:84] Creating experiment directory at /experiment_runs/submissions_a100/ademamix_golden/study_0/librispeech_deepspeech_pytorch.
I0916 01:53:00.186713 139747222361280 submission_runner.py:741] Creating directory at /experiment_runs/submissions_a100/ademamix_golden/study_0/librispeech_deepspeech_pytorch/trial_1.
I0916 01:53:00.431620 139747222361280 submission_runner.py:242] Initializing dataset.
I0916 01:53:00.431803 139747222361280 input_pipeline.py:19] Loading split = train-clean-100
I0916 01:53:00.502717 139747222361280 input_pipeline.py:19] Loading split = train-clean-360
I0916 01:53:00.694869 139747222361280 input_pipeline.py:19] Loading split = train-other-500
I0916 01:53:01.199710 139747222361280 submission_runner.py:251] Initializing model.
W0916 01:53:04.853189 140207082284224 submission_runner.py:273] These workloads cannot be fully compiled under current PyTorch version. Proceeding without `torch.compile`.
W0916 01:53:04.853304 139747222361280 submission_runner.py:273] These workloads cannot be fully compiled under current PyTorch version. Proceeding without `torch.compile`.
W0916 01:53:04.854041 139679763571904 submission_runner.py:273] These workloads cannot be fully compiled under current PyTorch version. Proceeding without `torch.compile`.
W0916 01:53:04.854135 139672845759680 submission_runner.py:273] These workloads cannot be fully compiled under current PyTorch version. Proceeding without `torch.compile`.
I0916 01:53:06.547987 139747222361280 submission_runner.py:294] Initializing optimizer.
I0916 01:53:06.548539 139747222361280 submission_runner.py:299] Initializing metrics bundle.
I0916 01:53:06.548681 139747222361280 submission_runner.py:321] Initializing checkpoint and logger.
I0916 01:53:06.550068 139747222361280 submission_runner.py:344] Saving meta data to /experiment_runs/submissions_a100/ademamix_golden/study_0/librispeech_deepspeech_pytorch/trial_1/meta_data_0.json.
I0916 01:53:06.550177 140207082284224 logger_utils.py:283] Unable to record workload.train_mean information. Continuing without it.
I0916 01:53:06.550201 139679763571904 logger_utils.py:283] Unable to record workload.train_mean information. Continuing without it.
I0916 01:53:06.550312 139747222361280 logger_utils.py:283] Unable to record workload.train_mean information. Continuing without it.
I0916 01:53:06.550323 140207082284224 logger_utils.py:283] Unable to record workload.train_stddev information. Continuing without it.
I0916 01:53:06.550337 139679763571904 logger_utils.py:283] Unable to record workload.train_stddev information. Continuing without it.
I0916 01:53:06.550379 139747222361280 logger_utils.py:283] Unable to record workload.train_stddev information. Continuing without it.
I0916 01:53:06.550423 139672845759680 logger_utils.py:283] Unable to record workload.train_mean information. Continuing without it.
I0916 01:53:06.550568 139672845759680 logger_utils.py:283] Unable to record workload.train_stddev information. Continuing without it.
I0916 01:53:06.829031 139747222361280 submission_runner.py:348] Saving flags to /experiment_runs/submissions_a100/ademamix_golden/study_0/librispeech_deepspeech_pytorch/trial_1/flags_0.json.
I0916 01:53:06.841214 139747222361280 submission_runner.py:359] Starting training loop.
/usr/local/lib/python3.11/multiprocessing/popen_fork.py:66: RuntimeWarning: os.fork() was called. os.fork() is incompatible with multithreaded code, and JAX is multithreaded, so this will likely lead to a deadlock.
  self.pid = os.fork()
/usr/local/lib/python3.11/multiprocessing/popen_fork.py:66: RuntimeWarning: os.fork() was called. os.fork() is incompatible with multithreaded code, and JAX is multithreaded, so this will likely lead to a deadlock.
  self.pid = os.fork()
/usr/local/lib/python3.11/multiprocessing/popen_fork.py:66: RuntimeWarning: os.fork() was called. os.fork() is incompatible with multithreaded code, and JAX is multithreaded, so this will likely lead to a deadlock.
  self.pid = os.fork()
/usr/local/lib/python3.11/multiprocessing/popen_fork.py:66: RuntimeWarning: os.fork() was called. os.fork() is incompatible with multithreaded code, and JAX is multithreaded, so this will likely lead to a deadlock.
  self.pid = os.fork()
I0916 01:53:41.412780 139728833734400 logging_writer.py:48] [0] global_step=0, grad_norm=0.5, loss=33.7517
I0916 01:53:41.452341 139747222361280 submission.py:307] 0) loss = 33.752, grad_norm = 0.500
I0916 01:53:42.018182 139747222361280 spec.py:333] Evaluating on the training split.
I0916 01:53:42.019132 139747222361280 input_pipeline.py:19] Loading split = train-clean-100
I0916 01:53:42.043181 139747222361280 input_pipeline.py:19] Loading split = train-clean-360
I0916 01:53:42.131925 139747222361280 input_pipeline.py:19] Loading split = train-other-500
/usr/local/lib/python3.11/multiprocessing/popen_fork.py:66: RuntimeWarning: os.fork() was called. os.fork() is incompatible with multithreaded code, and JAX is multithreaded, so this will likely lead to a deadlock.
  self.pid = os.fork()
/usr/local/lib/python3.11/multiprocessing/popen_fork.py:66: RuntimeWarning: os.fork() was called. os.fork() is incompatible with multithreaded code, and JAX is multithreaded, so this will likely lead to a deadlock.
  self.pid = os.fork()
/usr/local/lib/python3.11/multiprocessing/popen_fork.py:66: RuntimeWarning: os.fork() was called. os.fork() is incompatible with multithreaded code, and JAX is multithreaded, so this will likely lead to a deadlock.
  self.pid = os.fork()
/usr/local/lib/python3.11/multiprocessing/popen_fork.py:66: RuntimeWarning: os.fork() was called. os.fork() is incompatible with multithreaded code, and JAX is multithreaded, so this will likely lead to a deadlock.
  self.pid = os.fork()
I0916 01:54:16.461062 139747222361280 spec.py:346] Evaluating on the validation split.
I0916 01:54:16.462126 139747222361280 input_pipeline.py:19] Loading split = dev-clean
I0916 01:54:16.478610 139747222361280 input_pipeline.py:19] Loading split = dev-other
/usr/local/lib/python3.11/multiprocessing/popen_fork.py:66: RuntimeWarning: os.fork() was called. os.fork() is incompatible with multithreaded code, and JAX is multithreaded, so this will likely lead to a deadlock.
  self.pid = os.fork()
/usr/local/lib/python3.11/multiprocessing/popen_fork.py:66: RuntimeWarning: os.fork() was called. os.fork() is incompatible with multithreaded code, and JAX is multithreaded, so this will likely lead to a deadlock.
  self.pid = os.fork()
/usr/local/lib/python3.11/multiprocessing/popen_fork.py:66: RuntimeWarning: os.fork() was called. os.fork() is incompatible with multithreaded code, and JAX is multithreaded, so this will likely lead to a deadlock.
  self.pid = os.fork()
/usr/local/lib/python3.11/multiprocessing/popen_fork.py:66: RuntimeWarning: os.fork() was called. os.fork() is incompatible with multithreaded code, and JAX is multithreaded, so this will likely lead to a deadlock.
  self.pid = os.fork()
I0916 01:54:42.465854 139747222361280 spec.py:363] Evaluating on the test split.
I0916 01:54:42.466909 139747222361280 input_pipeline.py:19] Loading split = test-clean
/usr/local/lib/python3.11/multiprocessing/popen_fork.py:66: RuntimeWarning: os.fork() was called. os.fork() is incompatible with multithreaded code, and JAX is multithreaded, so this will likely lead to a deadlock.
  self.pid = os.fork()
/usr/local/lib/python3.11/multiprocessing/popen_fork.py:66: RuntimeWarning: os.fork() was called. os.fork() is incompatible with multithreaded code, and JAX is multithreaded, so this will likely lead to a deadlock.
  self.pid = os.fork()
/usr/local/lib/python3.11/multiprocessing/popen_fork.py:66: RuntimeWarning: os.fork() was called. os.fork() is incompatible with multithreaded code, and JAX is multithreaded, so this will likely lead to a deadlock.
  self.pid = os.fork()
/usr/local/lib/python3.11/multiprocessing/popen_fork.py:66: RuntimeWarning: os.fork() was called. os.fork() is incompatible with multithreaded code, and JAX is multithreaded, so this will likely lead to a deadlock.
  self.pid = os.fork()
I0916 01:54:54.480597 139747222361280 submission_runner.py:516] Time since start: 107.64s, 	Step: 1, 	{'train/ctc_loss': 31.939386414583453, 'train/wer': 2.4035197577988447, 'validation/ctc_loss': 30.99260347598955, 'validation/wer': 2.2569111186211557, 'validation/num_examples': 5348, 'test/ctc_loss': 31.056942383379575, 'test/wer': 2.3705238356386977, 'test/num_examples': 2472, 'score': 34.61258101463318, 'total_duration': 107.63924741744995, 'accumulated_submission_time': 34.61258101463318, 'accumulated_eval_time': 72.46234583854675, 'accumulated_logging_time': 0}
I0916 01:54:54.507227 139728305223424 logging_writer.py:48] [1] accumulated_eval_time=72.4623, accumulated_logging_time=0, accumulated_submission_time=34.6126, global_step=1, preemption_count=0, score=34.6126, test/ctc_loss=31.0569, test/num_examples=2472, test/wer=2.37052, total_duration=107.639, train/ctc_loss=31.9394, train/wer=2.40352, validation/ctc_loss=30.9926, validation/num_examples=5348, validation/wer=2.25691
I0916 01:54:55.974863 139728296830720 logging_writer.py:48] [1] global_step=1, grad_norm=0.5, loss=33.1824
I0916 01:54:55.977781 139747222361280 submission.py:307] 1) loss = 33.182, grad_norm = 0.500
I0916 01:54:56.732311 139728305223424 logging_writer.py:48] [2] global_step=2, grad_norm=0.5, loss=33.6702
I0916 01:54:56.735448 139747222361280 submission.py:307] 2) loss = 33.670, grad_norm = 0.500
I0916 01:54:57.279974 139728296830720 logging_writer.py:48] [3] global_step=3, grad_norm=0.5, loss=33.6519
I0916 01:54:57.282924 139747222361280 submission.py:307] 3) loss = 33.652, grad_norm = 0.500
I0916 01:54:57.825584 139728305223424 logging_writer.py:48] [4] global_step=4, grad_norm=0.5, loss=33.2787
I0916 01:54:57.828515 139747222361280 submission.py:307] 4) loss = 33.279, grad_norm = 0.500
I0916 01:54:58.365957 139728296830720 logging_writer.py:48] [5] global_step=5, grad_norm=0.5, loss=33.4655
I0916 01:54:58.368865 139747222361280 submission.py:307] 5) loss = 33.465, grad_norm = 0.500
I0916 01:54:58.917675 139728305223424 logging_writer.py:48] [6] global_step=6, grad_norm=0.5, loss=33.5473
I0916 01:54:58.920637 139747222361280 submission.py:307] 6) loss = 33.547, grad_norm = 0.500
I0916 01:54:59.457921 139728296830720 logging_writer.py:48] [7] global_step=7, grad_norm=0.5, loss=32.4647
I0916 01:54:59.460813 139747222361280 submission.py:307] 7) loss = 32.465, grad_norm = 0.500
I0916 01:55:00.001189 139728305223424 logging_writer.py:48] [8] global_step=8, grad_norm=0.5, loss=32.8299
I0916 01:55:00.004028 139747222361280 submission.py:307] 8) loss = 32.830, grad_norm = 0.500
I0916 01:55:00.957908 139728296830720 logging_writer.py:48] [9] global_step=9, grad_norm=0.5, loss=32.4651
I0916 01:55:00.960939 139747222361280 submission.py:307] 9) loss = 32.465, grad_norm = 0.500
I0916 01:55:01.822880 139728305223424 logging_writer.py:48] [10] global_step=10, grad_norm=0.5, loss=32.148
I0916 01:55:01.825892 139747222361280 submission.py:307] 10) loss = 32.148, grad_norm = 0.500
I0916 01:55:02.875445 139728296830720 logging_writer.py:48] [11] global_step=11, grad_norm=0.5, loss=32.2062
I0916 01:55:02.878369 139747222361280 submission.py:307] 11) loss = 32.206, grad_norm = 0.500
I0916 01:55:03.724021 139728305223424 logging_writer.py:48] [12] global_step=12, grad_norm=0.5, loss=32.203
I0916 01:55:03.727158 139747222361280 submission.py:307] 12) loss = 32.203, grad_norm = 0.500
I0916 01:55:06.486467 139728296830720 logging_writer.py:48] [13] global_step=13, grad_norm=0.5, loss=31.426
I0916 01:55:06.489507 139747222361280 submission.py:307] 13) loss = 31.426, grad_norm = 0.500
I0916 01:55:07.445056 139728305223424 logging_writer.py:48] [14] global_step=14, grad_norm=0.5, loss=31.1689
I0916 01:55:07.448021 139747222361280 submission.py:307] 14) loss = 31.169, grad_norm = 0.500
I0916 01:55:08.179293 139728296830720 logging_writer.py:48] [15] global_step=15, grad_norm=0.5, loss=29.9022
I0916 01:55:08.182301 139747222361280 submission.py:307] 15) loss = 29.902, grad_norm = 0.500
I0916 01:55:09.302706 139728305223424 logging_writer.py:48] [16] global_step=16, grad_norm=0.5, loss=30.2691
I0916 01:55:09.305614 139747222361280 submission.py:307] 16) loss = 30.269, grad_norm = 0.500
I0916 01:55:12.021591 139728296830720 logging_writer.py:48] [17] global_step=17, grad_norm=0.5, loss=29.5108
I0916 01:55:12.024508 139747222361280 submission.py:307] 17) loss = 29.511, grad_norm = 0.500
I0916 01:55:13.304939 139728305223424 logging_writer.py:48] [18] global_step=18, grad_norm=0.5, loss=29.1966
I0916 01:55:13.307972 139747222361280 submission.py:307] 18) loss = 29.197, grad_norm = 0.500
I0916 01:55:13.855706 139728296830720 logging_writer.py:48] [19] global_step=19, grad_norm=0.5, loss=28.1756
I0916 01:55:13.858661 139747222361280 submission.py:307] 19) loss = 28.176, grad_norm = 0.500
I0916 01:55:15.287512 139728305223424 logging_writer.py:48] [20] global_step=20, grad_norm=0.5, loss=27.4894
I0916 01:55:15.290372 139747222361280 submission.py:307] 20) loss = 27.489, grad_norm = 0.500
I0916 01:55:17.424204 139728296830720 logging_writer.py:48] [21] global_step=21, grad_norm=0.5, loss=27.0666
I0916 01:55:17.427170 139747222361280 submission.py:307] 21) loss = 27.067, grad_norm = 0.500
I0916 01:55:18.726447 139728305223424 logging_writer.py:48] [22] global_step=22, grad_norm=0.5, loss=27.1526
I0916 01:55:18.729314 139747222361280 submission.py:307] 22) loss = 27.153, grad_norm = 0.500
I0916 01:55:19.270893 139728296830720 logging_writer.py:48] [23] global_step=23, grad_norm=0.5, loss=26.044
I0916 01:55:19.273806 139747222361280 submission.py:307] 23) loss = 26.044, grad_norm = 0.500
I0916 01:55:20.963901 139728305223424 logging_writer.py:48] [24] global_step=24, grad_norm=0.5, loss=25.9057
I0916 01:55:20.966793 139747222361280 submission.py:307] 24) loss = 25.906, grad_norm = 0.500
I0916 01:55:23.304931 139728296830720 logging_writer.py:48] [25] global_step=25, grad_norm=0.5, loss=25.456
I0916 01:55:23.307972 139747222361280 submission.py:307] 25) loss = 25.456, grad_norm = 0.500
I0916 01:55:24.307175 139728305223424 logging_writer.py:48] [26] global_step=26, grad_norm=0.5, loss=24.5125
I0916 01:55:24.310198 139747222361280 submission.py:307] 26) loss = 24.513, grad_norm = 0.500
I0916 01:55:24.962636 139728296830720 logging_writer.py:48] [27] global_step=27, grad_norm=0.5, loss=24.0844
I0916 01:55:24.965720 139747222361280 submission.py:307] 27) loss = 24.084, grad_norm = 0.500
I0916 01:55:26.382540 139728305223424 logging_writer.py:48] [28] global_step=28, grad_norm=0.5, loss=23.1254
I0916 01:55:26.385423 139747222361280 submission.py:307] 28) loss = 23.125, grad_norm = 0.500
I0916 01:55:29.065450 139728296830720 logging_writer.py:48] [29] global_step=29, grad_norm=0.5, loss=22.477
I0916 01:55:29.068350 139747222361280 submission.py:307] 29) loss = 22.477, grad_norm = 0.500
I0916 01:55:29.842408 139728305223424 logging_writer.py:48] [30] global_step=30, grad_norm=0.5, loss=21.7468
I0916 01:55:29.845389 139747222361280 submission.py:307] 30) loss = 21.747, grad_norm = 0.500
I0916 01:55:30.397795 139728296830720 logging_writer.py:48] [31] global_step=31, grad_norm=0.5, loss=21.0763
I0916 01:55:30.400650 139747222361280 submission.py:307] 31) loss = 21.076, grad_norm = 0.500
I0916 01:55:31.877656 139728305223424 logging_writer.py:48] [32] global_step=32, grad_norm=0.5, loss=20.6661
I0916 01:55:31.880570 139747222361280 submission.py:307] 32) loss = 20.666, grad_norm = 0.500
I0916 01:55:34.507032 139728296830720 logging_writer.py:48] [33] global_step=33, grad_norm=0.5, loss=20.1122
I0916 01:55:34.510060 139747222361280 submission.py:307] 33) loss = 20.112, grad_norm = 0.500
I0916 01:55:35.830526 139728305223424 logging_writer.py:48] [34] global_step=34, grad_norm=0.5, loss=19.392
I0916 01:55:35.833416 139747222361280 submission.py:307] 34) loss = 19.392, grad_norm = 0.500
I0916 01:55:36.373312 139728296830720 logging_writer.py:48] [35] global_step=35, grad_norm=0.5, loss=18.8706
I0916 01:55:36.376203 139747222361280 submission.py:307] 35) loss = 18.871, grad_norm = 0.500
I0916 01:55:37.293299 139728305223424 logging_writer.py:48] [36] global_step=36, grad_norm=0.5, loss=18.1257
I0916 01:55:37.296178 139747222361280 submission.py:307] 36) loss = 18.126, grad_norm = 0.500
I0916 01:55:39.773358 139728296830720 logging_writer.py:48] [37] global_step=37, grad_norm=0.5, loss=16.817
I0916 01:55:39.776326 139747222361280 submission.py:307] 37) loss = 16.817, grad_norm = 0.500
I0916 01:55:41.437012 139728305223424 logging_writer.py:48] [38] global_step=38, grad_norm=0.5, loss=16.8527
I0916 01:55:41.439962 139747222361280 submission.py:307] 38) loss = 16.853, grad_norm = 0.500
I0916 01:55:41.982667 139728296830720 logging_writer.py:48] [39] global_step=39, grad_norm=0.5, loss=15.881
I0916 01:55:41.985535 139747222361280 submission.py:307] 39) loss = 15.881, grad_norm = 0.500
I0916 01:55:42.830468 139728305223424 logging_writer.py:48] [40] global_step=40, grad_norm=0.5, loss=15.6715
I0916 01:55:42.833394 139747222361280 submission.py:307] 40) loss = 15.671, grad_norm = 0.500
I0916 01:55:45.544269 139728296830720 logging_writer.py:48] [41] global_step=41, grad_norm=0.5, loss=14.8486
I0916 01:55:45.547250 139747222361280 submission.py:307] 41) loss = 14.849, grad_norm = 0.500
I0916 01:55:46.996743 139728305223424 logging_writer.py:48] [42] global_step=42, grad_norm=0.5, loss=14.4225
I0916 01:55:46.999646 139747222361280 submission.py:307] 42) loss = 14.423, grad_norm = 0.500
I0916 01:55:47.547980 139728296830720 logging_writer.py:48] [43] global_step=43, grad_norm=0.5, loss=13.9482
I0916 01:55:47.551043 139747222361280 submission.py:307] 43) loss = 13.948, grad_norm = 0.500
I0916 01:55:48.268670 139728305223424 logging_writer.py:48] [44] global_step=44, grad_norm=0.5, loss=13.0447
I0916 01:55:48.271641 139747222361280 submission.py:307] 44) loss = 13.045, grad_norm = 0.500
I0916 01:55:50.915625 139728296830720 logging_writer.py:48] [45] global_step=45, grad_norm=0.5, loss=12.3351
I0916 01:55:50.918554 139747222361280 submission.py:307] 45) loss = 12.335, grad_norm = 0.500
I0916 01:55:52.491232 139728305223424 logging_writer.py:48] [46] global_step=46, grad_norm=0.5, loss=11.812
I0916 01:55:52.494110 139747222361280 submission.py:307] 46) loss = 11.812, grad_norm = 0.500
I0916 01:55:53.033860 139728296830720 logging_writer.py:48] [47] global_step=47, grad_norm=0.5, loss=11.5711
I0916 01:55:53.036716 139747222361280 submission.py:307] 47) loss = 11.571, grad_norm = 0.500
I0916 01:55:53.862574 139728305223424 logging_writer.py:48] [48] global_step=48, grad_norm=0.5, loss=11.289
I0916 01:55:53.865504 139747222361280 submission.py:307] 48) loss = 11.289, grad_norm = 0.500
I0916 01:55:56.386042 139728296830720 logging_writer.py:48] [49] global_step=49, grad_norm=0.5, loss=10.9182
I0916 01:55:56.388913 139747222361280 submission.py:307] 49) loss = 10.918, grad_norm = 0.500
I0916 01:55:57.964371 139728305223424 logging_writer.py:48] [50] global_step=50, grad_norm=0.5, loss=10.2705
I0916 01:55:57.967211 139747222361280 submission.py:307] 50) loss = 10.271, grad_norm = 0.500
I0916 01:55:58.510047 139728296830720 logging_writer.py:48] [51] global_step=51, grad_norm=0.5, loss=9.94725
I0916 01:55:58.512898 139747222361280 submission.py:307] 51) loss = 9.947, grad_norm = 0.500
I0916 01:55:59.541134 139728305223424 logging_writer.py:48] [52] global_step=52, grad_norm=0.5, loss=9.42687
I0916 01:55:59.544058 139747222361280 submission.py:307] 52) loss = 9.427, grad_norm = 0.500
I0916 01:56:01.827167 139728296830720 logging_writer.py:48] [53] global_step=53, grad_norm=0.5, loss=9.32866
I0916 01:56:01.830065 139747222361280 submission.py:307] 53) loss = 9.329, grad_norm = 0.500
I0916 01:56:03.625448 139728305223424 logging_writer.py:48] [54] global_step=54, grad_norm=0.5, loss=9.13858
I0916 01:56:03.628286 139747222361280 submission.py:307] 54) loss = 9.139, grad_norm = 0.500
I0916 01:56:04.171632 139728296830720 logging_writer.py:48] [55] global_step=55, grad_norm=0.5, loss=8.82834
I0916 01:56:04.174470 139747222361280 submission.py:307] 55) loss = 8.828, grad_norm = 0.500
I0916 01:56:04.814228 139728305223424 logging_writer.py:48] [56] global_step=56, grad_norm=0.5, loss=8.55069
I0916 01:56:04.817084 139747222361280 submission.py:307] 56) loss = 8.551, grad_norm = 0.500
I0916 01:56:07.603179 139728296830720 logging_writer.py:48] [57] global_step=57, grad_norm=0.5, loss=8.49077
I0916 01:56:07.606339 139747222361280 submission.py:307] 57) loss = 8.491, grad_norm = 0.500
I0916 01:56:08.892994 139728305223424 logging_writer.py:48] [58] global_step=58, grad_norm=0.5, loss=8.23692
I0916 01:56:08.895774 139747222361280 submission.py:307] 58) loss = 8.237, grad_norm = 0.500
I0916 01:56:09.436053 139728296830720 logging_writer.py:48] [59] global_step=59, grad_norm=0.5, loss=8.03033
I0916 01:56:09.438893 139747222361280 submission.py:307] 59) loss = 8.030, grad_norm = 0.500
I0916 01:56:10.076267 139728305223424 logging_writer.py:48] [60] global_step=60, grad_norm=0.5, loss=7.99374
I0916 01:56:10.079168 139747222361280 submission.py:307] 60) loss = 7.994, grad_norm = 0.500
I0916 01:56:13.571287 139728296830720 logging_writer.py:48] [61] global_step=61, grad_norm=0.5, loss=7.86429
I0916 01:56:13.574255 139747222361280 submission.py:307] 61) loss = 7.864, grad_norm = 0.500
I0916 01:56:15.117930 139728305223424 logging_writer.py:48] [62] global_step=62, grad_norm=0.5, loss=7.63058
I0916 01:56:15.120875 139747222361280 submission.py:307] 62) loss = 7.631, grad_norm = 0.500
I0916 01:56:15.659559 139728296830720 logging_writer.py:48] [63] global_step=63, grad_norm=0.5, loss=7.5257
I0916 01:56:15.662413 139747222361280 submission.py:307] 63) loss = 7.526, grad_norm = 0.500
I0916 01:56:16.200713 139728305223424 logging_writer.py:48] [64] global_step=64, grad_norm=0.5, loss=7.28377
I0916 01:56:16.203636 139747222361280 submission.py:307] 64) loss = 7.284, grad_norm = 0.500
I0916 01:56:18.796024 139728296830720 logging_writer.py:48] [65] global_step=65, grad_norm=0.5, loss=7.29797
I0916 01:56:18.798933 139747222361280 submission.py:307] 65) loss = 7.298, grad_norm = 0.500
I0916 01:56:20.408655 139728305223424 logging_writer.py:48] [66] global_step=66, grad_norm=0.5, loss=7.258
I0916 01:56:20.411571 139747222361280 submission.py:307] 66) loss = 7.258, grad_norm = 0.500
I0916 01:56:20.948212 139728296830720 logging_writer.py:48] [67] global_step=67, grad_norm=0.5, loss=7.07914
I0916 01:56:20.951128 139747222361280 submission.py:307] 67) loss = 7.079, grad_norm = 0.500
I0916 01:56:21.495548 139728305223424 logging_writer.py:48] [68] global_step=68, grad_norm=0.5, loss=6.98946
I0916 01:56:21.498838 139747222361280 submission.py:307] 68) loss = 6.989, grad_norm = 0.500
I0916 01:56:24.211111 139728296830720 logging_writer.py:48] [69] global_step=69, grad_norm=0.5, loss=7.09332
I0916 01:56:24.214092 139747222361280 submission.py:307] 69) loss = 7.093, grad_norm = 0.500
I0916 01:56:26.198573 139728305223424 logging_writer.py:48] [70] global_step=70, grad_norm=0.5, loss=6.88386
I0916 01:56:26.201434 139747222361280 submission.py:307] 70) loss = 6.884, grad_norm = 0.500
I0916 01:56:26.739516 139728296830720 logging_writer.py:48] [71] global_step=71, grad_norm=0.5, loss=6.85712
I0916 01:56:26.742534 139747222361280 submission.py:307] 71) loss = 6.857, grad_norm = 0.500
I0916 01:56:27.285111 139728305223424 logging_writer.py:48] [72] global_step=72, grad_norm=0.5, loss=6.75971
I0916 01:56:27.288139 139747222361280 submission.py:307] 72) loss = 6.760, grad_norm = 0.500
I0916 01:56:29.458695 139728296830720 logging_writer.py:48] [73] global_step=73, grad_norm=0.5, loss=6.78967
I0916 01:56:29.461587 139747222361280 submission.py:307] 73) loss = 6.790, grad_norm = 0.500
I0916 01:56:31.518369 139728305223424 logging_writer.py:48] [74] global_step=74, grad_norm=0.5, loss=6.71971
I0916 01:56:31.521227 139747222361280 submission.py:307] 74) loss = 6.720, grad_norm = 0.500
I0916 01:56:32.069059 139728296830720 logging_writer.py:48] [75] global_step=75, grad_norm=0.5, loss=6.75324
I0916 01:56:32.072015 139747222361280 submission.py:307] 75) loss = 6.753, grad_norm = 0.500
I0916 01:56:32.620131 139728305223424 logging_writer.py:48] [76] global_step=76, grad_norm=0.5, loss=6.58454
I0916 01:56:32.622988 139747222361280 submission.py:307] 76) loss = 6.585, grad_norm = 0.500
I0916 01:56:34.747853 139728296830720 logging_writer.py:48] [77] global_step=77, grad_norm=0.5, loss=6.6146
I0916 01:56:34.750812 139747222361280 submission.py:307] 77) loss = 6.615, grad_norm = 0.500
I0916 01:56:37.073220 139728305223424 logging_writer.py:48] [78] global_step=78, grad_norm=0.5, loss=6.5789
I0916 01:56:37.076246 139747222361280 submission.py:307] 78) loss = 6.579, grad_norm = 0.500
I0916 01:56:37.618371 139728296830720 logging_writer.py:48] [79] global_step=79, grad_norm=0.5, loss=6.6254
I0916 01:56:37.621294 139747222361280 submission.py:307] 79) loss = 6.625, grad_norm = 0.500
I0916 01:56:38.437585 139728305223424 logging_writer.py:48] [80] global_step=80, grad_norm=0.5, loss=6.58268
I0916 01:56:38.440451 139747222361280 submission.py:307] 80) loss = 6.583, grad_norm = 0.500
I0916 01:56:40.213353 139728296830720 logging_writer.py:48] [81] global_step=81, grad_norm=0.5, loss=6.4976
I0916 01:56:40.216201 139747222361280 submission.py:307] 81) loss = 6.498, grad_norm = 0.500
I0916 01:56:42.378320 139728305223424 logging_writer.py:48] [82] global_step=82, grad_norm=0.5, loss=6.49011
I0916 01:56:42.381137 139747222361280 submission.py:307] 82) loss = 6.490, grad_norm = 0.500
I0916 01:56:42.917947 139728296830720 logging_writer.py:48] [83] global_step=83, grad_norm=0.5, loss=6.45713
I0916 01:56:42.920969 139747222361280 submission.py:307] 83) loss = 6.457, grad_norm = 0.500
I0916 01:56:43.565214 139728305223424 logging_writer.py:48] [84] global_step=84, grad_norm=0.5, loss=6.4828
I0916 01:56:43.568156 139747222361280 submission.py:307] 84) loss = 6.483, grad_norm = 0.500
I0916 01:56:45.369918 139728296830720 logging_writer.py:48] [85] global_step=85, grad_norm=0.5, loss=6.43188
I0916 01:56:45.372837 139747222361280 submission.py:307] 85) loss = 6.432, grad_norm = 0.500
I0916 01:56:47.728029 139728305223424 logging_writer.py:48] [86] global_step=86, grad_norm=0.5, loss=6.38273
I0916 01:56:47.730895 139747222361280 submission.py:307] 86) loss = 6.383, grad_norm = 0.500
I0916 01:56:48.273860 139728296830720 logging_writer.py:48] [87] global_step=87, grad_norm=0.5, loss=6.36443
I0916 01:56:48.276684 139747222361280 submission.py:307] 87) loss = 6.364, grad_norm = 0.500
I0916 01:56:48.821384 139728305223424 logging_writer.py:48] [88] global_step=88, grad_norm=0.5, loss=6.35718
I0916 01:56:48.824244 139747222361280 submission.py:307] 88) loss = 6.357, grad_norm = 0.500
I0916 01:56:51.148704 139728296830720 logging_writer.py:48] [89] global_step=89, grad_norm=0.5, loss=6.32476
I0916 01:56:51.151607 139747222361280 submission.py:307] 89) loss = 6.325, grad_norm = 0.500
I0916 01:56:53.375267 139728305223424 logging_writer.py:48] [90] global_step=90, grad_norm=0.5, loss=6.33385
I0916 01:56:53.378195 139747222361280 submission.py:307] 90) loss = 6.334, grad_norm = 0.500
I0916 01:56:53.921254 139728296830720 logging_writer.py:48] [91] global_step=91, grad_norm=0.5, loss=6.29919
I0916 01:56:53.924261 139747222361280 submission.py:307] 91) loss = 6.299, grad_norm = 0.500
I0916 01:56:54.474349 139728305223424 logging_writer.py:48] [92] global_step=92, grad_norm=0.5, loss=6.27118
I0916 01:56:54.477192 139747222361280 submission.py:307] 92) loss = 6.271, grad_norm = 0.500
I0916 01:56:56.634227 139728296830720 logging_writer.py:48] [93] global_step=93, grad_norm=0.5, loss=6.24966
I0916 01:56:56.637672 139747222361280 submission.py:307] 93) loss = 6.250, grad_norm = 0.500
I0916 01:56:58.765123 139728305223424 logging_writer.py:48] [94] global_step=94, grad_norm=0.5, loss=6.21637
I0916 01:56:58.768035 139747222361280 submission.py:307] 94) loss = 6.216, grad_norm = 0.500
I0916 01:56:59.313556 139728296830720 logging_writer.py:48] [95] global_step=95, grad_norm=0.5, loss=6.23415
I0916 01:56:59.316478 139747222361280 submission.py:307] 95) loss = 6.234, grad_norm = 0.500
I0916 01:56:59.862382 139728305223424 logging_writer.py:48] [96] global_step=96, grad_norm=0.5, loss=6.20402
I0916 01:56:59.865324 139747222361280 submission.py:307] 96) loss = 6.204, grad_norm = 0.500
I0916 01:57:02.377735 139728296830720 logging_writer.py:48] [97] global_step=97, grad_norm=0.5, loss=6.18195
I0916 01:57:02.380600 139747222361280 submission.py:307] 97) loss = 6.182, grad_norm = 0.500
I0916 01:57:04.399101 139728305223424 logging_writer.py:48] [98] global_step=98, grad_norm=0.5, loss=6.16083
I0916 01:57:04.402105 139747222361280 submission.py:307] 98) loss = 6.161, grad_norm = 0.500
I0916 01:57:04.943382 139728296830720 logging_writer.py:48] [99] global_step=99, grad_norm=0.499999, loss=6.15441
I0916 01:57:04.946330 139747222361280 submission.py:307] 99) loss = 6.154, grad_norm = 0.500
I0916 01:57:05.484143 139728305223424 logging_writer.py:48] [100] global_step=100, grad_norm=0.5, loss=6.14669
I0916 01:57:05.487092 139747222361280 submission.py:307] 100) loss = 6.147, grad_norm = 0.500
I0916 02:06:10.173970 139728296830720 logging_writer.py:48] [500] global_step=500, grad_norm=0.5, loss=4.33263
I0916 02:06:10.177178 139747222361280 submission.py:307] 500) loss = 4.333, grad_norm = 0.500
I0916 02:17:41.916250 139728305223424 logging_writer.py:48] [1000] global_step=1000, grad_norm=0.5, loss=3.00448
I0916 02:17:41.919600 139747222361280 submission.py:307] 1000) loss = 3.004, grad_norm = 0.500
/usr/local/lib/python3.11/multiprocessing/popen_fork.py:66: RuntimeWarning: os.fork() was called. os.fork() is incompatible with multithreaded code, and JAX is multithreaded, so this will likely lead to a deadlock.
  self.pid = os.fork()
I0916 02:19:02.599521 139747222361280 spec.py:333] Evaluating on the training split.
I0916 02:19:14.748000 139747222361280 spec.py:346] Evaluating on the validation split.
I0916 02:19:34.476382 139747222361280 spec.py:363] Evaluating on the test split.
I0916 02:19:44.564314 139747222361280 submission_runner.py:516] Time since start: 1597.72s, 	Step: 1106, 	{'train/ctc_loss': 6.4069727393639635, 'train/wer': 0.9413664109251888, 'validation/ctc_loss': 6.318610137884268, 'validation/wer': 0.8966832424081495, 'validation/num_examples': 5348, 'test/ctc_loss': 6.257749290276792, 'test/wer': 0.8995389271423638, 'test/num_examples': 2472, 'score': 1480.9474048614502, 'total_duration': 1597.7229297161102, 'accumulated_submission_time': 1480.9474048614502, 'accumulated_eval_time': 114.42702007293701, 'accumulated_logging_time': 0.036197662353515625}
I0916 02:19:44.593803 139728305223424 logging_writer.py:48] [1106] accumulated_eval_time=114.427, accumulated_logging_time=0.0361977, accumulated_submission_time=1480.95, global_step=1106, preemption_count=0, score=1480.95, test/ctc_loss=6.25775, test/num_examples=2472, test/wer=0.899539, total_duration=1597.72, train/ctc_loss=6.40697, train/wer=0.941366, validation/ctc_loss=6.31861, validation/num_examples=5348, validation/wer=0.896683
I0916 02:23:37.186610 139728296830720 logging_writer.py:48] [1500] global_step=1500, grad_norm=0.5, loss=2.62093
I0916 02:23:37.190194 139747222361280 submission.py:307] 1500) loss = 2.621, grad_norm = 0.500
I0916 02:33:25.589934 139728305223424 logging_writer.py:48] [2000] global_step=2000, grad_norm=0.5, loss=2.34825
I0916 02:33:25.593464 139747222361280 submission.py:307] 2000) loss = 2.348, grad_norm = 0.500
/usr/local/lib/python3.11/multiprocessing/popen_fork.py:66: RuntimeWarning: os.fork() was called. os.fork() is incompatible with multithreaded code, and JAX is multithreaded, so this will likely lead to a deadlock.
  self.pid = os.fork()
I0916 02:38:43.699261 139728305223424 logging_writer.py:48] [2500] global_step=2500, grad_norm=0.5, loss=2.13855
I0916 02:38:43.707357 139747222361280 submission.py:307] 2500) loss = 2.139, grad_norm = 0.500
I0916 02:43:52.527316 139747222361280 spec.py:333] Evaluating on the training split.
/usr/local/lib/python3.11/multiprocessing/popen_fork.py:66: RuntimeWarning: os.fork() was called. os.fork() is incompatible with multithreaded code, and JAX is multithreaded, so this will likely lead to a deadlock.
  self.pid = os.fork()
I0916 02:44:06.806449 139747222361280 spec.py:346] Evaluating on the validation split.
I0916 02:44:27.173495 139747222361280 spec.py:363] Evaluating on the test split.
I0916 02:44:37.737863 139747222361280 submission_runner.py:516] Time since start: 3090.90s, 	Step: 2883, 	{'train/ctc_loss': 4.940423060307439, 'train/wer': 0.9072633120790203, 'validation/ctc_loss': 4.846255274261603, 'validation/wer': 0.8700429681842321, 'validation/num_examples': 5348, 'test/ctc_loss': 4.628748628943803, 'test/wer': 0.864663944914996, 'test/num_examples': 2472, 'score': 2926.629233121872, 'total_duration': 3090.8964488506317, 'accumulated_submission_time': 2926.629233121872, 'accumulated_eval_time': 159.63744711875916, 'accumulated_logging_time': 0.07536149024963379}
I0916 02:44:37.786477 139728305223424 logging_writer.py:48] [2883] accumulated_eval_time=159.637, accumulated_logging_time=0.0753615, accumulated_submission_time=2926.63, global_step=2883, preemption_count=0, score=2926.63, test/ctc_loss=4.62875, test/num_examples=2472, test/wer=0.864664, total_duration=3090.9, train/ctc_loss=4.94042, train/wer=0.907263, validation/ctc_loss=4.84626, validation/num_examples=5348, validation/wer=0.870043
I0916 02:46:53.166048 139728296830720 logging_writer.py:48] [3000] global_step=3000, grad_norm=0.5, loss=2.06169
I0916 02:46:53.169534 139747222361280 submission.py:307] 3000) loss = 2.062, grad_norm = 0.500
/usr/local/lib/python3.11/multiprocessing/popen_fork.py:66: RuntimeWarning: os.fork() was called. os.fork() is incompatible with multithreaded code, and JAX is multithreaded, so this will likely lead to a deadlock.
  self.pid = os.fork()
I0916 02:52:26.759490 139728305223424 logging_writer.py:48] [3500] global_step=3500, grad_norm=0.5, loss=1.97339
I0916 02:52:26.767140 139747222361280 submission.py:307] 3500) loss = 1.973, grad_norm = 0.500
I0916 02:59:45.848503 139728296830720 logging_writer.py:48] [4000] global_step=4000, grad_norm=0.5, loss=1.83681
I0916 02:59:45.852404 139747222361280 submission.py:307] 4000) loss = 1.837, grad_norm = 0.500
/usr/local/lib/python3.11/multiprocessing/popen_fork.py:66: RuntimeWarning: os.fork() was called. os.fork() is incompatible with multithreaded code, and JAX is multithreaded, so this will likely lead to a deadlock.
  self.pid = os.fork()
I0916 03:05:30.539545 139728305223424 logging_writer.py:48] [4500] global_step=4500, grad_norm=0.5, loss=1.82781
I0916 03:05:30.546262 139747222361280 submission.py:307] 4500) loss = 1.828, grad_norm = 0.500
I0916 03:08:45.454116 139747222361280 spec.py:333] Evaluating on the training split.
/usr/local/lib/python3.11/multiprocessing/popen_fork.py:66: RuntimeWarning: os.fork() was called. os.fork() is incompatible with multithreaded code, and JAX is multithreaded, so this will likely lead to a deadlock.
  self.pid = os.fork()
I0916 03:09:01.690114 139747222361280 spec.py:346] Evaluating on the validation split.
I0916 03:09:22.001626 139747222361280 spec.py:363] Evaluating on the test split.
I0916 03:09:32.289819 139747222361280 submission_runner.py:516] Time since start: 4585.45s, 	Step: 4783, 	{'train/ctc_loss': 0.6839214356055066, 'train/wer': 0.21452335705612335, 'validation/ctc_loss': 0.9085786806811332, 'validation/wer': 0.2542075025346401, 'validation/num_examples': 5348, 'test/ctc_loss': 0.5881865362281438, 'test/wer': 0.18481506306745477, 'test/num_examples': 2472, 'score': 4372.030340671539, 'total_duration': 4585.448388338089, 'accumulated_submission_time': 4372.030340671539, 'accumulated_eval_time': 206.47299194335938, 'accumulated_logging_time': 0.13427519798278809}
I0916 03:09:32.318791 139728305223424 logging_writer.py:48] [4783] accumulated_eval_time=206.473, accumulated_logging_time=0.134275, accumulated_submission_time=4372.03, global_step=4783, preemption_count=0, score=4372.03, test/ctc_loss=0.588187, test/num_examples=2472, test/wer=0.184815, total_duration=4585.45, train/ctc_loss=0.683921, train/wer=0.214523, validation/ctc_loss=0.908579, validation/num_examples=5348, validation/wer=0.254208
I0916 03:13:20.993924 139728296830720 logging_writer.py:48] [5000] global_step=5000, grad_norm=0.5, loss=1.76968
I0916 03:13:20.997719 139747222361280 submission.py:307] 5000) loss = 1.770, grad_norm = 0.500
/usr/local/lib/python3.11/multiprocessing/popen_fork.py:66: RuntimeWarning: os.fork() was called. os.fork() is incompatible with multithreaded code, and JAX is multithreaded, so this will likely lead to a deadlock.
  self.pid = os.fork()
I0916 03:19:26.151206 139728305223424 logging_writer.py:48] [5500] global_step=5500, grad_norm=0.5, loss=1.84732
I0916 03:19:26.157840 139747222361280 submission.py:307] 5500) loss = 1.847, grad_norm = 0.500
I0916 03:25:56.024598 139728296830720 logging_writer.py:48] [6000] global_step=6000, grad_norm=0.5, loss=1.70393
I0916 03:25:56.028296 139747222361280 submission.py:307] 6000) loss = 1.704, grad_norm = 0.500
/usr/local/lib/python3.11/multiprocessing/popen_fork.py:66: RuntimeWarning: os.fork() was called. os.fork() is incompatible with multithreaded code, and JAX is multithreaded, so this will likely lead to a deadlock.
  self.pid = os.fork()
I0916 03:32:15.170238 139728305223424 logging_writer.py:48] [6500] global_step=6500, grad_norm=0.5, loss=1.66859
I0916 03:32:15.176995 139747222361280 submission.py:307] 6500) loss = 1.669, grad_norm = 0.500
I0916 03:33:40.378028 139747222361280 spec.py:333] Evaluating on the training split.
/usr/local/lib/python3.11/multiprocessing/popen_fork.py:66: RuntimeWarning: os.fork() was called. os.fork() is incompatible with multithreaded code, and JAX is multithreaded, so this will likely lead to a deadlock.
  self.pid = os.fork()
I0916 03:33:55.373587 139747222361280 spec.py:346] Evaluating on the validation split.
I0916 03:34:15.264776 139747222361280 spec.py:363] Evaluating on the test split.
I0916 03:34:25.876192 139747222361280 submission_runner.py:516] Time since start: 6079.03s, 	Step: 6654, 	{'train/ctc_loss': 0.49851582776883907, 'train/wer': 0.16415553583194029, 'validation/ctc_loss': 0.736931927883891, 'validation/wer': 0.213334620769565, 'validation/num_examples': 5348, 'test/ctc_loss': 0.45389672317568874, 'test/wer': 0.14638555440456605, 'test/num_examples': 2472, 'score': 5817.834228515625, 'total_duration': 6079.034798622131, 'accumulated_submission_time': 5817.834228515625, 'accumulated_eval_time': 251.97098755836487, 'accumulated_logging_time': 0.17284870147705078}
I0916 03:34:25.905514 139728305223424 logging_writer.py:48] [6654] accumulated_eval_time=251.971, accumulated_logging_time=0.172849, accumulated_submission_time=5817.83, global_step=6654, preemption_count=0, score=5817.83, test/ctc_loss=0.453897, test/num_examples=2472, test/wer=0.146386, total_duration=6079.03, train/ctc_loss=0.498516, train/wer=0.164156, validation/ctc_loss=0.736932, validation/num_examples=5348, validation/wer=0.213335
I0916 03:39:36.377768 139728296830720 logging_writer.py:48] [7000] global_step=7000, grad_norm=0.5, loss=1.57162
I0916 03:39:36.387493 139747222361280 submission.py:307] 7000) loss = 1.572, grad_norm = 0.500
/usr/local/lib/python3.11/multiprocessing/popen_fork.py:66: RuntimeWarning: os.fork() was called. os.fork() is incompatible with multithreaded code, and JAX is multithreaded, so this will likely lead to a deadlock.
  self.pid = os.fork()
I0916 03:46:11.515737 139728305223424 logging_writer.py:48] [7500] global_step=7500, grad_norm=0.5, loss=1.58684
I0916 03:46:11.522930 139747222361280 submission.py:307] 7500) loss = 1.587, grad_norm = 0.500
I0916 03:52:08.723259 139728296830720 logging_writer.py:48] [8000] global_step=8000, grad_norm=0.5, loss=1.54141
I0916 03:52:08.726923 139747222361280 submission.py:307] 8000) loss = 1.541, grad_norm = 0.500
/usr/local/lib/python3.11/multiprocessing/popen_fork.py:66: RuntimeWarning: os.fork() was called. os.fork() is incompatible with multithreaded code, and JAX is multithreaded, so this will likely lead to a deadlock.
  self.pid = os.fork()
I0916 03:58:33.973401 139747222361280 spec.py:333] Evaluating on the training split.
I0916 03:58:48.937003 139747222361280 spec.py:346] Evaluating on the validation split.
I0916 03:59:08.720657 139747222361280 spec.py:363] Evaluating on the test split.
I0916 03:59:19.131127 139747222361280 submission_runner.py:516] Time since start: 7572.29s, 	Step: 8446, 	{'train/ctc_loss': 0.4237485521826537, 'train/wer': 0.14015867224978082, 'validation/ctc_loss': 0.672041145126959, 'validation/wer': 0.1918794959687153, 'validation/num_examples': 5348, 'test/ctc_loss': 0.39125553463126655, 'test/wer': 0.12761765482501575, 'test/num_examples': 2472, 'score': 7263.678015470505, 'total_duration': 7572.289734840393, 'accumulated_submission_time': 7263.678015470505, 'accumulated_eval_time': 297.12858510017395, 'accumulated_logging_time': 0.21180510520935059}
I0916 03:59:19.160553 139728305223424 logging_writer.py:48] [8446] accumulated_eval_time=297.129, accumulated_logging_time=0.211805, accumulated_submission_time=7263.68, global_step=8446, preemption_count=0, score=7263.68, test/ctc_loss=0.391256, test/num_examples=2472, test/wer=0.127618, total_duration=7572.29, train/ctc_loss=0.423749, train/wer=0.140159, validation/ctc_loss=0.672041, validation/num_examples=5348, validation/wer=0.191879
I0916 03:59:50.498808 139728296830720 logging_writer.py:48] [8500] global_step=8500, grad_norm=0.5, loss=1.50058
I0916 03:59:50.502083 139747222361280 submission.py:307] 8500) loss = 1.501, grad_norm = 0.500
I0916 04:05:52.768221 139728305223424 logging_writer.py:48] [9000] global_step=9000, grad_norm=0.5, loss=1.57726
I0916 04:05:52.771939 139747222361280 submission.py:307] 9000) loss = 1.577, grad_norm = 0.500
/usr/local/lib/python3.11/multiprocessing/popen_fork.py:66: RuntimeWarning: os.fork() was called. os.fork() is incompatible with multithreaded code, and JAX is multithreaded, so this will likely lead to a deadlock.
  self.pid = os.fork()
I0916 04:13:01.083056 139728305223424 logging_writer.py:48] [9500] global_step=9500, grad_norm=0.5, loss=1.59674
I0916 04:13:01.089926 139747222361280 submission.py:307] 9500) loss = 1.597, grad_norm = 0.500
I0916 04:18:36.632043 139728296830720 logging_writer.py:48] [10000] global_step=10000, grad_norm=0.5, loss=1.53381
I0916 04:18:36.635812 139747222361280 submission.py:307] 10000) loss = 1.534, grad_norm = 0.500
I0916 04:23:29.361426 139747222361280 spec.py:333] Evaluating on the training split.
/usr/local/lib/python3.11/multiprocessing/popen_fork.py:66: RuntimeWarning: os.fork() was called. os.fork() is incompatible with multithreaded code, and JAX is multithreaded, so this will likely lead to a deadlock.
  self.pid = os.fork()
I0916 04:23:43.888795 139747222361280 spec.py:346] Evaluating on the validation split.
I0916 04:24:03.792199 139747222361280 spec.py:363] Evaluating on the test split.
I0916 04:24:14.255734 139747222361280 submission_runner.py:516] Time since start: 9067.41s, 	Step: 10260, 	{'train/ctc_loss': 0.37034147229205006, 'train/wer': 0.12410086632652506, 'validation/ctc_loss': 0.6151254756253768, 'validation/wer': 0.17640129387341283, 'validation/num_examples': 5348, 'test/ctc_loss': 0.350934586505581, 'test/wer': 0.11480104807750899, 'test/num_examples': 2472, 'score': 8711.645572900772, 'total_duration': 9067.41434621811, 'accumulated_submission_time': 8711.645572900772, 'accumulated_eval_time': 342.0227270126343, 'accumulated_logging_time': 0.25107884407043457}
I0916 04:24:14.286397 139728305223424 logging_writer.py:48] [10260] accumulated_eval_time=342.023, accumulated_logging_time=0.251079, accumulated_submission_time=8711.65, global_step=10260, preemption_count=0, score=8711.65, test/ctc_loss=0.350935, test/num_examples=2472, test/wer=0.114801, total_duration=9067.41, train/ctc_loss=0.370341, train/wer=0.124101, validation/ctc_loss=0.615125, validation/num_examples=5348, validation/wer=0.176401
/usr/local/lib/python3.11/multiprocessing/popen_fork.py:66: RuntimeWarning: os.fork() was called. os.fork() is incompatible with multithreaded code, and JAX is multithreaded, so this will likely lead to a deadlock.
  self.pid = os.fork()
I0916 04:26:45.991120 139728305223424 logging_writer.py:48] [10500] global_step=10500, grad_norm=0.5, loss=1.52093
I0916 04:26:45.997451 139747222361280 submission.py:307] 10500) loss = 1.521, grad_norm = 0.500
I0916 04:32:19.108836 139728296830720 logging_writer.py:48] [11000] global_step=11000, grad_norm=0.5, loss=1.51713
I0916 04:32:19.112377 139747222361280 submission.py:307] 11000) loss = 1.517, grad_norm = 0.500
/usr/local/lib/python3.11/multiprocessing/popen_fork.py:66: RuntimeWarning: os.fork() was called. os.fork() is incompatible with multithreaded code, and JAX is multithreaded, so this will likely lead to a deadlock.
  self.pid = os.fork()
I0916 04:39:50.397551 139728305223424 logging_writer.py:48] [11500] global_step=11500, grad_norm=0.5, loss=1.42194
I0916 04:39:50.405754 139747222361280 submission.py:307] 11500) loss = 1.422, grad_norm = 0.500
I0916 04:45:01.945482 139728296830720 logging_writer.py:48] [12000] global_step=12000, grad_norm=0.5, loss=1.52682
I0916 04:45:01.949185 139747222361280 submission.py:307] 12000) loss = 1.527, grad_norm = 0.500
I0916 04:48:24.554560 139747222361280 spec.py:333] Evaluating on the training split.
/usr/local/lib/python3.11/multiprocessing/popen_fork.py:66: RuntimeWarning: os.fork() was called. os.fork() is incompatible with multithreaded code, and JAX is multithreaded, so this will likely lead to a deadlock.
  self.pid = os.fork()
I0916 04:48:40.969009 139747222361280 spec.py:346] Evaluating on the validation split.
I0916 04:49:00.988155 139747222361280 spec.py:363] Evaluating on the test split.
I0916 04:49:11.473895 139747222361280 submission_runner.py:516] Time since start: 10564.63s, 	Step: 12195, 	{'train/ctc_loss': 0.33530889002370934, 'train/wer': 0.11325408796127395, 'validation/ctc_loss': 0.5805158808644766, 'validation/wer': 0.16749867233138607, 'validation/num_examples': 5348, 'test/ctc_loss': 0.32830868120523904, 'test/wer': 0.10614831515446957, 'test/num_examples': 2472, 'score': 10159.301994562149, 'total_duration': 10564.632512331009, 'accumulated_submission_time': 10159.301994562149, 'accumulated_eval_time': 388.9419791698456, 'accumulated_logging_time': 0.29144835472106934}
I0916 04:49:11.574420 139728305223424 logging_writer.py:48] [12195] accumulated_eval_time=388.942, accumulated_logging_time=0.291448, accumulated_submission_time=10159.3, global_step=12195, preemption_count=0, score=10159.3, test/ctc_loss=0.328309, test/num_examples=2472, test/wer=0.106148, total_duration=10564.6, train/ctc_loss=0.335309, train/wer=0.113254, validation/ctc_loss=0.580516, validation/num_examples=5348, validation/wer=0.167499
/usr/local/lib/python3.11/multiprocessing/popen_fork.py:66: RuntimeWarning: os.fork() was called. os.fork() is incompatible with multithreaded code, and JAX is multithreaded, so this will likely lead to a deadlock.
  self.pid = os.fork()
I0916 04:53:37.322738 139728305223424 logging_writer.py:48] [12500] global_step=12500, grad_norm=0.5, loss=1.37265
I0916 04:53:37.330567 139747222361280 submission.py:307] 12500) loss = 1.373, grad_norm = 0.500
I0916 04:58:46.752695 139728296830720 logging_writer.py:48] [13000] global_step=13000, grad_norm=0.5, loss=1.47685
I0916 04:58:46.756501 139747222361280 submission.py:307] 13000) loss = 1.477, grad_norm = 0.500
/usr/local/lib/python3.11/multiprocessing/popen_fork.py:66: RuntimeWarning: os.fork() was called. os.fork() is incompatible with multithreaded code, and JAX is multithreaded, so this will likely lead to a deadlock.
  self.pid = os.fork()
I0916 05:06:31.764661 139728305223424 logging_writer.py:48] [13500] global_step=13500, grad_norm=0.5, loss=1.32174
I0916 05:06:31.771484 139747222361280 submission.py:307] 13500) loss = 1.322, grad_norm = 0.500
I0916 05:11:27.336974 139728296830720 logging_writer.py:48] [14000] global_step=14000, grad_norm=0.5, loss=1.39735
I0916 05:11:27.340589 139747222361280 submission.py:307] 14000) loss = 1.397, grad_norm = 0.500
I0916 05:13:20.167655 139747222361280 spec.py:333] Evaluating on the training split.
/usr/local/lib/python3.11/multiprocessing/popen_fork.py:66: RuntimeWarning: os.fork() was called. os.fork() is incompatible with multithreaded code, and JAX is multithreaded, so this will likely lead to a deadlock.
  self.pid = os.fork()
I0916 05:13:35.495556 139747222361280 spec.py:346] Evaluating on the validation split.
I0916 05:13:55.281507 139747222361280 spec.py:363] Evaluating on the test split.
I0916 05:14:05.781849 139747222361280 submission_runner.py:516] Time since start: 12058.94s, 	Step: 14124, 	{'train/ctc_loss': 0.314595242569997, 'train/wer': 0.10746587239788945, 'validation/ctc_loss': 0.5686893106728451, 'validation/wer': 0.1635784290059383, 'validation/num_examples': 5348, 'test/ctc_loss': 0.3159095949738693, 'test/wer': 0.10312188978936893, 'test/num_examples': 2472, 'score': 11605.590642929077, 'total_duration': 12058.94044137001, 'accumulated_submission_time': 11605.590642929077, 'accumulated_eval_time': 434.5560202598572, 'accumulated_logging_time': 0.4015920162200928}
I0916 05:14:05.831688 139728305223424 logging_writer.py:48] [14124] accumulated_eval_time=434.556, accumulated_logging_time=0.401592, accumulated_submission_time=11605.6, global_step=14124, preemption_count=0, score=11605.6, test/ctc_loss=0.31591, test/num_examples=2472, test/wer=0.103122, total_duration=12058.9, train/ctc_loss=0.314595, train/wer=0.107466, validation/ctc_loss=0.568689, validation/num_examples=5348, validation/wer=0.163578
/usr/local/lib/python3.11/multiprocessing/popen_fork.py:66: RuntimeWarning: os.fork() was called. os.fork() is incompatible with multithreaded code, and JAX is multithreaded, so this will likely lead to a deadlock.
  self.pid = os.fork()
I0916 05:20:22.631560 139728305223424 logging_writer.py:48] [14500] global_step=14500, grad_norm=0.5, loss=1.3542
I0916 05:20:22.638480 139747222361280 submission.py:307] 14500) loss = 1.354, grad_norm = 0.500
I0916 05:25:12.371292 139728296830720 logging_writer.py:48] [15000] global_step=15000, grad_norm=0.5, loss=1.35574
I0916 05:25:12.375046 139747222361280 submission.py:307] 15000) loss = 1.356, grad_norm = 0.500
/usr/local/lib/python3.11/multiprocessing/popen_fork.py:66: RuntimeWarning: os.fork() was called. os.fork() is incompatible with multithreaded code, and JAX is multithreaded, so this will likely lead to a deadlock.
  self.pid = os.fork()
I0916 05:33:14.751139 139728305223424 logging_writer.py:48] [15500] global_step=15500, grad_norm=0.5, loss=1.34106
I0916 05:33:14.758987 139747222361280 submission.py:307] 15500) loss = 1.341, grad_norm = 0.500
I0916 05:37:55.633718 139728296830720 logging_writer.py:48] [16000] global_step=16000, grad_norm=0.5, loss=1.34183
I0916 05:37:55.637394 139747222361280 submission.py:307] 16000) loss = 1.342, grad_norm = 0.500
I0916 05:38:14.567710 139747222361280 spec.py:333] Evaluating on the training split.
/usr/local/lib/python3.11/multiprocessing/popen_fork.py:66: RuntimeWarning: os.fork() was called. os.fork() is incompatible with multithreaded code, and JAX is multithreaded, so this will likely lead to a deadlock.
  self.pid = os.fork()
I0916 05:38:31.115735 139747222361280 spec.py:346] Evaluating on the validation split.
I0916 05:38:51.178658 139747222361280 spec.py:363] Evaluating on the test split.
I0916 05:39:01.954314 139747222361280 submission_runner.py:516] Time since start: 13555.11s, 	Step: 16026, 	{'train/ctc_loss': 0.29643379839239126, 'train/wer': 0.10242909027547115, 'validation/ctc_loss': 0.5432022950101718, 'validation/wer': 0.15642350214840922, 'validation/num_examples': 5348, 'test/ctc_loss': 0.3044302253371185, 'test/wer': 0.09883614648711231, 'test/num_examples': 2472, 'score': 13051.919270992279, 'total_duration': 13555.112949848175, 'accumulated_submission_time': 13051.919270992279, 'accumulated_eval_time': 481.94246006011963, 'accumulated_logging_time': 0.46103620529174805}
I0916 05:39:02.024942 139728305223424 logging_writer.py:48] [16026] accumulated_eval_time=481.942, accumulated_logging_time=0.461036, accumulated_submission_time=13051.9, global_step=16026, preemption_count=0, score=13051.9, test/ctc_loss=0.30443, test/num_examples=2472, test/wer=0.0988361, total_duration=13555.1, train/ctc_loss=0.296434, train/wer=0.102429, validation/ctc_loss=0.543202, validation/num_examples=5348, validation/wer=0.156424
/usr/local/lib/python3.11/multiprocessing/popen_fork.py:66: RuntimeWarning: os.fork() was called. os.fork() is incompatible with multithreaded code, and JAX is multithreaded, so this will likely lead to a deadlock.
  self.pid = os.fork()
I0916 05:47:08.433421 139728305223424 logging_writer.py:48] [16500] global_step=16500, grad_norm=0.5, loss=1.38647
I0916 05:47:08.440299 139747222361280 submission.py:307] 16500) loss = 1.386, grad_norm = 0.500
I0916 05:51:44.803659 139728296830720 logging_writer.py:48] [17000] global_step=17000, grad_norm=0.5, loss=1.26277
I0916 05:51:44.807721 139747222361280 submission.py:307] 17000) loss = 1.263, grad_norm = 0.500
I0916 05:59:51.566376 139728305223424 logging_writer.py:48] [17500] global_step=17500, grad_norm=0.5, loss=1.36007
I0916 05:59:51.570201 139747222361280 submission.py:307] 17500) loss = 1.360, grad_norm = 0.500
/usr/local/lib/python3.11/multiprocessing/popen_fork.py:66: RuntimeWarning: os.fork() was called. os.fork() is incompatible with multithreaded code, and JAX is multithreaded, so this will likely lead to a deadlock.
  self.pid = os.fork()
I0916 06:03:10.107907 139747222361280 spec.py:333] Evaluating on the training split.
I0916 06:03:25.213383 139747222361280 spec.py:346] Evaluating on the validation split.
I0916 06:03:45.052921 139747222361280 spec.py:363] Evaluating on the test split.
I0916 06:03:55.345851 139747222361280 submission_runner.py:516] Time since start: 15048.50s, 	Step: 17854, 	{'train/ctc_loss': 0.2800245639965031, 'train/wer': 0.09677700395863849, 'validation/ctc_loss': 0.536387646847373, 'validation/wer': 0.1541350842466084, 'validation/num_examples': 5348, 'test/ctc_loss': 0.29369407401283953, 'test/wer': 0.09426604107001402, 'test/num_examples': 2472, 'score': 14497.74052286148, 'total_duration': 15048.5044631958, 'accumulated_submission_time': 14497.74052286148, 'accumulated_eval_time': 527.1802635192871, 'accumulated_logging_time': 0.5412375926971436}
I0916 06:03:55.393096 139728305223424 logging_writer.py:48] [17854] accumulated_eval_time=527.18, accumulated_logging_time=0.541238, accumulated_submission_time=14497.7, global_step=17854, preemption_count=0, score=14497.7, test/ctc_loss=0.293694, test/num_examples=2472, test/wer=0.094266, total_duration=15048.5, train/ctc_loss=0.280025, train/wer=0.096777, validation/ctc_loss=0.536388, validation/num_examples=5348, validation/wer=0.154135
I0916 06:05:24.538627 139728296830720 logging_writer.py:48] [18000] global_step=18000, grad_norm=0.5, loss=1.40304
I0916 06:05:24.542045 139747222361280 submission.py:307] 18000) loss = 1.403, grad_norm = 0.500
I0916 06:13:33.248611 139728305223424 logging_writer.py:48] [18500] global_step=18500, grad_norm=0.5, loss=1.37788
I0916 06:13:33.252296 139747222361280 submission.py:307] 18500) loss = 1.378, grad_norm = 0.500
/usr/local/lib/python3.11/multiprocessing/popen_fork.py:66: RuntimeWarning: os.fork() was called. os.fork() is incompatible with multithreaded code, and JAX is multithreaded, so this will likely lead to a deadlock.
  self.pid = os.fork()
I0916 06:18:31.422312 139728305223424 logging_writer.py:48] [19000] global_step=19000, grad_norm=0.5, loss=1.3574
I0916 06:18:31.429135 139747222361280 submission.py:307] 19000) loss = 1.357, grad_norm = 0.500
I0916 06:26:14.341577 139728296830720 logging_writer.py:48] [19500] global_step=19500, grad_norm=0.5, loss=1.30002
I0916 06:26:14.345396 139747222361280 submission.py:307] 19500) loss = 1.300, grad_norm = 0.500
/usr/local/lib/python3.11/multiprocessing/popen_fork.py:66: RuntimeWarning: os.fork() was called. os.fork() is incompatible with multithreaded code, and JAX is multithreaded, so this will likely lead to a deadlock.
  self.pid = os.fork()
I0916 06:28:03.098495 139747222361280 spec.py:333] Evaluating on the training split.
I0916 06:28:18.068040 139747222361280 spec.py:346] Evaluating on the validation split.
I0916 06:28:38.039120 139747222361280 spec.py:363] Evaluating on the test split.
I0916 06:28:48.483178 139747222361280 submission_runner.py:516] Time since start: 16541.64s, 	Step: 19618, 	{'train/ctc_loss': 0.2723956721104032, 'train/wer': 0.09438657438918807, 'validation/ctc_loss': 0.5301783712891802, 'validation/wer': 0.15199150292087096, 'validation/num_examples': 5348, 'test/ctc_loss': 0.2908651364604168, 'test/wer': 0.09404261369406698, 'test/num_examples': 2472, 'score': 15943.188425302505, 'total_duration': 16541.64181613922, 'accumulated_submission_time': 15943.188425302505, 'accumulated_eval_time': 572.5648229122162, 'accumulated_logging_time': 0.5980556011199951}
I0916 06:28:48.537400 139728305223424 logging_writer.py:48] [19618] accumulated_eval_time=572.565, accumulated_logging_time=0.598056, accumulated_submission_time=15943.2, global_step=19618, preemption_count=0, score=15943.2, test/ctc_loss=0.290865, test/num_examples=2472, test/wer=0.0940426, total_duration=16541.6, train/ctc_loss=0.272396, train/wer=0.0943866, validation/ctc_loss=0.530178, validation/num_examples=5348, validation/wer=0.151992
I0916 06:32:19.988386 139728296830720 logging_writer.py:48] [20000] global_step=20000, grad_norm=0.5, loss=1.33857
I0916 06:32:19.991970 139747222361280 submission.py:307] 20000) loss = 1.339, grad_norm = 0.500
I0916 06:39:56.125921 139728305223424 logging_writer.py:48] [20500] global_step=20500, grad_norm=0.5, loss=1.39489
I0916 06:39:56.129668 139747222361280 submission.py:307] 20500) loss = 1.395, grad_norm = 0.500
/usr/local/lib/python3.11/multiprocessing/popen_fork.py:66: RuntimeWarning: os.fork() was called. os.fork() is incompatible with multithreaded code, and JAX is multithreaded, so this will likely lead to a deadlock.
  self.pid = os.fork()
I0916 06:45:26.638658 139728305223424 logging_writer.py:48] [21000] global_step=21000, grad_norm=0.5, loss=1.37939
I0916 06:45:26.645466 139747222361280 submission.py:307] 21000) loss = 1.379, grad_norm = 0.500
I0916 06:52:36.999090 139728296830720 logging_writer.py:48] [21500] global_step=21500, grad_norm=0.5, loss=1.35554
I0916 06:52:37.002794 139747222361280 submission.py:307] 21500) loss = 1.356, grad_norm = 0.500
I0916 06:52:57.571751 139747222361280 spec.py:333] Evaluating on the training split.
/usr/local/lib/python3.11/multiprocessing/popen_fork.py:66: RuntimeWarning: os.fork() was called. os.fork() is incompatible with multithreaded code, and JAX is multithreaded, so this will likely lead to a deadlock.
  self.pid = os.fork()
I0916 06:53:13.742531 139747222361280 spec.py:346] Evaluating on the validation split.
I0916 06:53:33.518107 139747222361280 spec.py:363] Evaluating on the test split.
I0916 06:53:43.867662 139747222361280 submission_runner.py:516] Time since start: 18037.03s, 	Step: 21517, 	{'train/ctc_loss': 0.26134596626606843, 'train/wer': 0.09163676360884078, 'validation/ctc_loss': 0.5153653583829365, 'validation/wer': 0.14703809201950466, 'validation/num_examples': 5348, 'test/ctc_loss': 0.2821661881411704, 'test/wer': 0.09071151463449312, 'test/num_examples': 2472, 'score': 17389.614331007004, 'total_duration': 18037.026264190674, 'accumulated_submission_time': 17389.614331007004, 'accumulated_eval_time': 618.8605799674988, 'accumulated_logging_time': 0.6618938446044922}
I0916 06:53:43.958893 139728305223424 logging_writer.py:48] [21517] accumulated_eval_time=618.861, accumulated_logging_time=0.661894, accumulated_submission_time=17389.6, global_step=21517, preemption_count=0, score=17389.6, test/ctc_loss=0.282166, test/num_examples=2472, test/wer=0.0907115, total_duration=18037, train/ctc_loss=0.261346, train/wer=0.0916368, validation/ctc_loss=0.515365, validation/num_examples=5348, validation/wer=0.147038
/usr/local/lib/python3.11/multiprocessing/popen_fork.py:66: RuntimeWarning: os.fork() was called. os.fork() is incompatible with multithreaded code, and JAX is multithreaded, so this will likely lead to a deadlock.
  self.pid = os.fork()
I0916 06:59:13.906531 139728305223424 logging_writer.py:48] [22000] global_step=22000, grad_norm=0.5, loss=1.36003
I0916 06:59:13.913423 139747222361280 submission.py:307] 22000) loss = 1.360, grad_norm = 0.500
I0916 07:06:04.241425 139728296830720 logging_writer.py:48] [22500] global_step=22500, grad_norm=0.5, loss=1.37342
I0916 07:06:04.245222 139747222361280 submission.py:307] 22500) loss = 1.373, grad_norm = 0.500
/usr/local/lib/python3.11/multiprocessing/popen_fork.py:66: RuntimeWarning: os.fork() was called. os.fork() is incompatible with multithreaded code, and JAX is multithreaded, so this will likely lead to a deadlock.
  self.pid = os.fork()
I0916 07:12:09.848217 139728305223424 logging_writer.py:48] [23000] global_step=23000, grad_norm=0.5, loss=1.34482
I0916 07:12:09.855168 139747222361280 submission.py:307] 23000) loss = 1.345, grad_norm = 0.500
I0916 07:17:52.778117 139747222361280 spec.py:333] Evaluating on the training split.
/usr/local/lib/python3.11/multiprocessing/popen_fork.py:66: RuntimeWarning: os.fork() was called. os.fork() is incompatible with multithreaded code, and JAX is multithreaded, so this will likely lead to a deadlock.
  self.pid = os.fork()
I0916 07:18:08.397763 139747222361280 spec.py:346] Evaluating on the validation split.
I0916 07:18:28.159935 139747222361280 spec.py:363] Evaluating on the test split.
I0916 07:18:39.072903 139747222361280 submission_runner.py:516] Time since start: 19532.23s, 	Step: 23454, 	{'train/ctc_loss': 0.25362188198396474, 'train/wer': 0.08893595935725215, 'validation/ctc_loss': 0.515249051888688, 'validation/wer': 0.14715396128035532, 'validation/num_examples': 5348, 'test/ctc_loss': 0.27790842856797215, 'test/wer': 0.0894725082769687, 'test/num_examples': 2472, 'score': 18836.100885391235, 'total_duration': 19532.2314286232, 'accumulated_submission_time': 18836.100885391235, 'accumulated_eval_time': 665.1551597118378, 'accumulated_logging_time': 0.762861967086792}
I0916 07:18:39.133888 139728305223424 logging_writer.py:48] [23454] accumulated_eval_time=665.155, accumulated_logging_time=0.762862, accumulated_submission_time=18836.1, global_step=23454, preemption_count=0, score=18836.1, test/ctc_loss=0.277908, test/num_examples=2472, test/wer=0.0894725, total_duration=19532.2, train/ctc_loss=0.253622, train/wer=0.088936, validation/ctc_loss=0.515249, validation/num_examples=5348, validation/wer=0.147154
I0916 07:19:27.852725 139728296830720 logging_writer.py:48] [23500] global_step=23500, grad_norm=0.5, loss=1.32345
I0916 07:19:27.856069 139747222361280 submission.py:307] 23500) loss = 1.323, grad_norm = 0.500
/usr/local/lib/python3.11/multiprocessing/popen_fork.py:66: RuntimeWarning: os.fork() was called. os.fork() is incompatible with multithreaded code, and JAX is multithreaded, so this will likely lead to a deadlock.
  self.pid = os.fork()
I0916 07:25:54.603878 139728305223424 logging_writer.py:48] [24000] global_step=24000, grad_norm=0.5, loss=1.32126
I0916 07:25:54.610666 139747222361280 submission.py:307] 24000) loss = 1.321, grad_norm = 0.500
I0916 07:32:03.985498 139728296830720 logging_writer.py:48] [24500] global_step=24500, grad_norm=0.5, loss=1.30621
I0916 07:32:03.989377 139747222361280 submission.py:307] 24500) loss = 1.306, grad_norm = 0.500
/usr/local/lib/python3.11/multiprocessing/popen_fork.py:66: RuntimeWarning: os.fork() was called. os.fork() is incompatible with multithreaded code, and JAX is multithreaded, so this will likely lead to a deadlock.
  self.pid = os.fork()
I0916 07:38:44.047802 139728305223424 logging_writer.py:48] [25000] global_step=25000, grad_norm=0.5, loss=1.3488
I0916 07:38:44.054497 139747222361280 submission.py:307] 25000) loss = 1.349, grad_norm = 0.500
I0916 07:42:47.327499 139747222361280 spec.py:333] Evaluating on the training split.
/usr/local/lib/python3.11/multiprocessing/popen_fork.py:66: RuntimeWarning: os.fork() was called. os.fork() is incompatible with multithreaded code, and JAX is multithreaded, so this will likely lead to a deadlock.
  self.pid = os.fork()
I0916 07:43:02.992179 139747222361280 spec.py:346] Evaluating on the validation split.
I0916 07:43:22.668743 139747222361280 spec.py:363] Evaluating on the test split.
I0916 07:43:33.162050 139747222361280 submission_runner.py:516] Time since start: 21026.32s, 	Step: 25378, 	{'train/ctc_loss': 0.2348187262523939, 'train/wer': 0.08270123986517759, 'validation/ctc_loss': 0.48758527507785815, 'validation/wer': 0.14037560952059094, 'validation/num_examples': 5348, 'test/ctc_loss': 0.2664396442915672, 'test/wer': 0.08662888712855199, 'test/num_examples': 2472, 'score': 20281.97596359253, 'total_duration': 21026.32065486908, 'accumulated_submission_time': 20281.97596359253, 'accumulated_eval_time': 710.9896395206451, 'accumulated_logging_time': 0.8335576057434082}
I0916 07:43:33.222768 139728305223424 logging_writer.py:48] [25378] accumulated_eval_time=710.99, accumulated_logging_time=0.833558, accumulated_submission_time=20282, global_step=25378, preemption_count=0, score=20282, test/ctc_loss=0.26644, test/num_examples=2472, test/wer=0.0866289, total_duration=21026.3, train/ctc_loss=0.234819, train/wer=0.0827012, validation/ctc_loss=0.487585, validation/num_examples=5348, validation/wer=0.140376
I0916 07:45:35.422027 139728296830720 logging_writer.py:48] [25500] global_step=25500, grad_norm=0.5, loss=1.33112
I0916 07:45:35.425372 139747222361280 submission.py:307] 25500) loss = 1.331, grad_norm = 0.500
/usr/local/lib/python3.11/multiprocessing/popen_fork.py:66: RuntimeWarning: os.fork() was called. os.fork() is incompatible with multithreaded code, and JAX is multithreaded, so this will likely lead to a deadlock.
  self.pid = os.fork()
I0916 07:52:33.510206 139728305223424 logging_writer.py:48] [26000] global_step=26000, grad_norm=0.5, loss=1.3619
I0916 07:52:33.516874 139747222361280 submission.py:307] 26000) loss = 1.362, grad_norm = 0.500
I0916 07:58:13.460187 139728296830720 logging_writer.py:48] [26500] global_step=26500, grad_norm=0.5, loss=1.30388
I0916 07:58:13.464157 139747222361280 submission.py:307] 26500) loss = 1.304, grad_norm = 0.500
/usr/local/lib/python3.11/multiprocessing/popen_fork.py:66: RuntimeWarning: os.fork() was called. os.fork() is incompatible with multithreaded code, and JAX is multithreaded, so this will likely lead to a deadlock.
  self.pid = os.fork()
I0916 08:05:23.265545 139728305223424 logging_writer.py:48] [27000] global_step=27000, grad_norm=0.5, loss=1.33809
I0916 08:05:23.281907 139747222361280 submission.py:307] 27000) loss = 1.338, grad_norm = 0.500
I0916 08:07:41.052700 139747222361280 spec.py:333] Evaluating on the training split.
/usr/local/lib/python3.11/multiprocessing/popen_fork.py:66: RuntimeWarning: os.fork() was called. os.fork() is incompatible with multithreaded code, and JAX is multithreaded, so this will likely lead to a deadlock.
  self.pid = os.fork()
I0916 08:07:56.920876 139747222361280 spec.py:346] Evaluating on the validation split.
I0916 08:08:16.619498 139747222361280 spec.py:363] Evaluating on the test split.
I0916 08:08:27.068020 139747222361280 submission_runner.py:516] Time since start: 22520.23s, 	Step: 27251, 	{'train/ctc_loss': 0.22198911925932982, 'train/wer': 0.07852479458096695, 'validation/ctc_loss': 0.47852469994788527, 'validation/wer': 0.13673538357553228, 'validation/num_examples': 5348, 'test/ctc_loss': 0.2573770888444416, 'test/wer': 0.08218065118924299, 'test/num_examples': 2472, 'score': 21727.520691156387, 'total_duration': 22520.22661948204, 'accumulated_submission_time': 21727.520691156387, 'accumulated_eval_time': 757.0047874450684, 'accumulated_logging_time': 0.9037110805511475}
I0916 08:08:27.139347 139728305223424 logging_writer.py:48] [27251] accumulated_eval_time=757.005, accumulated_logging_time=0.903711, accumulated_submission_time=21727.5, global_step=27251, preemption_count=0, score=21727.5, test/ctc_loss=0.257377, test/num_examples=2472, test/wer=0.0821807, total_duration=22520.2, train/ctc_loss=0.221989, train/wer=0.0785248, validation/ctc_loss=0.478525, validation/num_examples=5348, validation/wer=0.136735
I0916 08:11:53.878881 139728296830720 logging_writer.py:48] [27500] global_step=27500, grad_norm=0.5, loss=1.25496
I0916 08:11:53.883306 139747222361280 submission.py:307] 27500) loss = 1.255, grad_norm = 0.500
/usr/local/lib/python3.11/multiprocessing/popen_fork.py:66: RuntimeWarning: os.fork() was called. os.fork() is incompatible with multithreaded code, and JAX is multithreaded, so this will likely lead to a deadlock.
  self.pid = os.fork()
I0916 08:19:21.563321 139728305223424 logging_writer.py:48] [28000] global_step=28000, grad_norm=0.5, loss=1.2665
I0916 08:19:21.571991 139747222361280 submission.py:307] 28000) loss = 1.266, grad_norm = 0.500
I0916 08:24:37.766339 139728296830720 logging_writer.py:48] [28500] global_step=28500, grad_norm=0.5, loss=1.16969
I0916 08:24:37.770041 139747222361280 submission.py:307] 28500) loss = 1.170, grad_norm = 0.500
/usr/local/lib/python3.11/multiprocessing/popen_fork.py:66: RuntimeWarning: os.fork() was called. os.fork() is incompatible with multithreaded code, and JAX is multithreaded, so this will likely lead to a deadlock.
  self.pid = os.fork()
I0916 08:32:13.454039 139728305223424 logging_writer.py:48] [29000] global_step=29000, grad_norm=0.5, loss=1.19446
I0916 08:32:13.460934 139747222361280 submission.py:307] 29000) loss = 1.194, grad_norm = 0.500
I0916 08:32:35.276751 139747222361280 spec.py:333] Evaluating on the training split.
/usr/local/lib/python3.11/multiprocessing/popen_fork.py:66: RuntimeWarning: os.fork() was called. os.fork() is incompatible with multithreaded code, and JAX is multithreaded, so this will likely lead to a deadlock.
  self.pid = os.fork()
I0916 08:32:50.325342 139747222361280 spec.py:346] Evaluating on the validation split.
I0916 08:33:10.088095 139747222361280 spec.py:363] Evaluating on the test split.
I0916 08:33:20.458909 139747222361280 submission_runner.py:516] Time since start: 24013.62s, 	Step: 29040, 	{'train/ctc_loss': 0.2104059692594999, 'train/wer': 0.07366225789413501, 'validation/ctc_loss': 0.46134533306334136, 'validation/wer': 0.1321102689132429, 'validation/num_examples': 5348, 'test/ctc_loss': 0.24832143908477966, 'test/wer': 0.07874799423151138, 'test/num_examples': 2472, 'score': 23173.42985391617, 'total_duration': 24013.617489099503, 'accumulated_submission_time': 23173.42985391617, 'accumulated_eval_time': 802.1866991519928, 'accumulated_logging_time': 0.9844353199005127}
I0916 08:33:20.536142 139728305223424 logging_writer.py:48] [29040] accumulated_eval_time=802.187, accumulated_logging_time=0.984435, accumulated_submission_time=23173.4, global_step=29040, preemption_count=0, score=23173.4, test/ctc_loss=0.248321, test/num_examples=2472, test/wer=0.078748, total_duration=24013.6, train/ctc_loss=0.210406, train/wer=0.0736623, validation/ctc_loss=0.461345, validation/num_examples=5348, validation/wer=0.13211
I0916 08:38:22.540190 139728296830720 logging_writer.py:48] [29500] global_step=29500, grad_norm=0.5, loss=1.23675
I0916 08:38:22.543791 139747222361280 submission.py:307] 29500) loss = 1.237, grad_norm = 0.500
/usr/local/lib/python3.11/multiprocessing/popen_fork.py:66: RuntimeWarning: os.fork() was called. os.fork() is incompatible with multithreaded code, and JAX is multithreaded, so this will likely lead to a deadlock.
  self.pid = os.fork()
I0916 08:46:11.802383 139728305223424 logging_writer.py:48] [30000] global_step=30000, grad_norm=0.5, loss=1.20722
I0916 08:46:11.809307 139747222361280 submission.py:307] 30000) loss = 1.207, grad_norm = 0.500
I0916 08:51:11.746825 139728296830720 logging_writer.py:48] [30500] global_step=30500, grad_norm=0.5, loss=1.16991
I0916 08:51:11.750503 139747222361280 submission.py:307] 30500) loss = 1.170, grad_norm = 0.500
I0916 08:57:29.635574 139747222361280 spec.py:333] Evaluating on the training split.
/usr/local/lib/python3.11/multiprocessing/popen_fork.py:66: RuntimeWarning: os.fork() was called. os.fork() is incompatible with multithreaded code, and JAX is multithreaded, so this will likely lead to a deadlock.
  self.pid = os.fork()
I0916 08:57:44.899731 139747222361280 spec.py:346] Evaluating on the validation split.
I0916 08:58:04.746413 139747222361280 spec.py:363] Evaluating on the test split.
I0916 08:58:15.150569 139747222361280 submission_runner.py:516] Time since start: 25508.31s, 	Step: 30860, 	{'train/ctc_loss': 0.19807895260513578, 'train/wer': 0.06955115464826925, 'validation/ctc_loss': 0.45487695547958107, 'validation/wer': 0.12915560276155072, 'validation/num_examples': 5348, 'test/ctc_loss': 0.24187876032324665, 'test/wer': 0.07720431417951375, 'test/num_examples': 2472, 'score': 24620.16385602951, 'total_duration': 25508.309183359146, 'accumulated_submission_time': 24620.16385602951, 'accumulated_eval_time': 847.7015099525452, 'accumulated_logging_time': 1.0710821151733398}
I0916 08:58:15.215353 139728305223424 logging_writer.py:48] [30860] accumulated_eval_time=847.702, accumulated_logging_time=1.07108, accumulated_submission_time=24620.2, global_step=30860, preemption_count=0, score=24620.2, test/ctc_loss=0.241879, test/num_examples=2472, test/wer=0.0772043, total_duration=25508.3, train/ctc_loss=0.198079, train/wer=0.0695512, validation/ctc_loss=0.454877, validation/num_examples=5348, validation/wer=0.129156
/usr/local/lib/python3.11/multiprocessing/popen_fork.py:66: RuntimeWarning: os.fork() was called. os.fork() is incompatible with multithreaded code, and JAX is multithreaded, so this will likely lead to a deadlock.
  self.pid = os.fork()
I0916 08:59:53.857991 139728305223424 logging_writer.py:48] [31000] global_step=31000, grad_norm=0.5, loss=1.21202
I0916 08:59:53.864588 139747222361280 submission.py:307] 31000) loss = 1.212, grad_norm = 0.500
I0916 09:04:51.641894 139728296830720 logging_writer.py:48] [31500] global_step=31500, grad_norm=0.5, loss=1.13334
I0916 09:04:51.645934 139747222361280 submission.py:307] 31500) loss = 1.133, grad_norm = 0.500
/usr/local/lib/python3.11/multiprocessing/popen_fork.py:66: RuntimeWarning: os.fork() was called. os.fork() is incompatible with multithreaded code, and JAX is multithreaded, so this will likely lead to a deadlock.
  self.pid = os.fork()
I0916 09:12:53.819701 139728305223424 logging_writer.py:48] [32000] global_step=32000, grad_norm=0.5, loss=1.20063
I0916 09:12:53.826851 139747222361280 submission.py:307] 32000) loss = 1.201, grad_norm = 0.500
I0916 09:17:37.749315 139728296830720 logging_writer.py:48] [32500] global_step=32500, grad_norm=0.5, loss=1.19438
I0916 09:17:37.753099 139747222361280 submission.py:307] 32500) loss = 1.194, grad_norm = 0.500
I0916 09:22:23.361470 139747222361280 spec.py:333] Evaluating on the training split.
/usr/local/lib/python3.11/multiprocessing/popen_fork.py:66: RuntimeWarning: os.fork() was called. os.fork() is incompatible with multithreaded code, and JAX is multithreaded, so this will likely lead to a deadlock.
  self.pid = os.fork()
I0916 09:22:38.408326 139747222361280 spec.py:346] Evaluating on the validation split.
I0916 09:22:58.148218 139747222361280 spec.py:363] Evaluating on the test split.
I0916 09:23:08.381866 139747222361280 submission_runner.py:516] Time since start: 27001.54s, 	Step: 32795, 	{'train/ctc_loss': 0.18675809991087738, 'train/wer': 0.06598456838861089, 'validation/ctc_loss': 0.4414691859899287, 'validation/wer': 0.12530294983826581, 'validation/num_examples': 5348, 'test/ctc_loss': 0.23542368156816568, 'test/wer': 0.07436069303109703, 'test/num_examples': 2472, 'score': 26066.00140094757, 'total_duration': 27001.540489673615, 'accumulated_submission_time': 26066.00140094757, 'accumulated_eval_time': 892.7218158245087, 'accumulated_logging_time': 1.1452579498291016}
I0916 09:23:08.444802 139728305223424 logging_writer.py:48] [32795] accumulated_eval_time=892.722, accumulated_logging_time=1.14526, accumulated_submission_time=26066, global_step=32795, preemption_count=0, score=26066, test/ctc_loss=0.235424, test/num_examples=2472, test/wer=0.0743607, total_duration=27001.5, train/ctc_loss=0.186758, train/wer=0.0659846, validation/ctc_loss=0.441469, validation/num_examples=5348, validation/wer=0.125303
/usr/local/lib/python3.11/multiprocessing/popen_fork.py:66: RuntimeWarning: os.fork() was called. os.fork() is incompatible with multithreaded code, and JAX is multithreaded, so this will likely lead to a deadlock.
  self.pid = os.fork()
I0916 09:26:39.739872 139728305223424 logging_writer.py:48] [33000] global_step=33000, grad_norm=0.5, loss=1.21333
I0916 09:26:39.746815 139747222361280 submission.py:307] 33000) loss = 1.213, grad_norm = 0.500
I0916 09:31:24.259418 139728296830720 logging_writer.py:48] [33500] global_step=33500, grad_norm=0.5, loss=1.18638
I0916 09:31:24.263057 139747222361280 submission.py:307] 33500) loss = 1.186, grad_norm = 0.500
/usr/local/lib/python3.11/multiprocessing/popen_fork.py:66: RuntimeWarning: os.fork() was called. os.fork() is incompatible with multithreaded code, and JAX is multithreaded, so this will likely lead to a deadlock.
  self.pid = os.fork()
I0916 09:39:35.537189 139728305223424 logging_writer.py:48] [34000] global_step=34000, grad_norm=0.5, loss=1.13345
I0916 09:39:35.544040 139747222361280 submission.py:307] 34000) loss = 1.133, grad_norm = 0.500
I0916 09:44:11.212494 139728296830720 logging_writer.py:48] [34500] global_step=34500, grad_norm=0.5, loss=1.12809
I0916 09:44:11.216381 139747222361280 submission.py:307] 34500) loss = 1.128, grad_norm = 0.500
I0916 09:47:16.602720 139747222361280 spec.py:333] Evaluating on the training split.
/usr/local/lib/python3.11/multiprocessing/popen_fork.py:66: RuntimeWarning: os.fork() was called. os.fork() is incompatible with multithreaded code, and JAX is multithreaded, so this will likely lead to a deadlock.
  self.pid = os.fork()
I0916 09:47:33.573676 139747222361280 spec.py:346] Evaluating on the validation split.
I0916 09:47:53.424854 139747222361280 spec.py:363] Evaluating on the test split.
I0916 09:48:03.882163 139747222361280 submission_runner.py:516] Time since start: 28497.04s, 	Step: 34725, 	{'train/ctc_loss': 0.18024144692867128, 'train/wer': 0.06346889991233276, 'validation/ctc_loss': 0.4364551055951125, 'validation/wer': 0.12396079756674552, 'validation/num_examples': 5348, 'test/ctc_loss': 0.23215192310794244, 'test/wer': 0.07387321511993988, 'test/num_examples': 2472, 'score': 27511.845928907394, 'total_duration': 28497.040745019913, 'accumulated_submission_time': 27511.845928907394, 'accumulated_eval_time': 940.0010640621185, 'accumulated_logging_time': 1.217942714691162}
I0916 09:48:03.958711 139728305223424 logging_writer.py:48] [34725] accumulated_eval_time=940.001, accumulated_logging_time=1.21794, accumulated_submission_time=27511.8, global_step=34725, preemption_count=0, score=27511.8, test/ctc_loss=0.232152, test/num_examples=2472, test/wer=0.0738732, total_duration=28497, train/ctc_loss=0.180241, train/wer=0.0634689, validation/ctc_loss=0.436455, validation/num_examples=5348, validation/wer=0.123961
I0916 09:53:13.897914 139728296830720 logging_writer.py:48] [35000] global_step=35000, grad_norm=0.5, loss=1.13115
I0916 09:53:13.901836 139747222361280 submission.py:307] 35000) loss = 1.131, grad_norm = 0.500
/usr/local/lib/python3.11/multiprocessing/popen_fork.py:66: RuntimeWarning: os.fork() was called. os.fork() is incompatible with multithreaded code, and JAX is multithreaded, so this will likely lead to a deadlock.
  self.pid = os.fork()
I0916 09:58:01.134472 139728305223424 logging_writer.py:48] [35500] global_step=35500, grad_norm=0.5, loss=1.15683
I0916 09:58:01.141215 139747222361280 submission.py:307] 35500) loss = 1.157, grad_norm = 0.500
I0916 10:05:45.644367 139728296830720 logging_writer.py:48] [36000] global_step=36000, grad_norm=0.5, loss=1.18251
I0916 10:05:45.648117 139747222361280 submission.py:307] 36000) loss = 1.183, grad_norm = 0.500
/usr/local/lib/python3.11/multiprocessing/popen_fork.py:66: RuntimeWarning: os.fork() was called. os.fork() is incompatible with multithreaded code, and JAX is multithreaded, so this will likely lead to a deadlock.
  self.pid = os.fork()
I0916 10:10:47.500179 139728305223424 logging_writer.py:48] [36500] global_step=36500, grad_norm=0.5, loss=1.18808
I0916 10:10:47.507057 139747222361280 submission.py:307] 36500) loss = 1.188, grad_norm = 0.500
I0916 10:12:13.050129 139747222361280 spec.py:333] Evaluating on the training split.
/usr/local/lib/python3.11/multiprocessing/popen_fork.py:66: RuntimeWarning: os.fork() was called. os.fork() is incompatible with multithreaded code, and JAX is multithreaded, so this will likely lead to a deadlock.
  self.pid = os.fork()
I0916 10:12:29.720802 139747222361280 spec.py:346] Evaluating on the validation split.
I0916 10:12:49.595324 139747222361280 spec.py:363] Evaluating on the test split.
I0916 10:12:59.994013 139747222361280 submission_runner.py:516] Time since start: 29993.15s, 	Step: 36627, 	{'train/ctc_loss': 0.17607545084309317, 'train/wer': 0.06197692337012453, 'validation/ctc_loss': 0.43294560250590214, 'validation/wer': 0.1222710375126732, 'validation/num_examples': 5348, 'test/ctc_loss': 0.2286605688270211, 'test/wer': 0.07200454979383747, 'test/num_examples': 2472, 'score': 28958.37071299553, 'total_duration': 29993.15261864662, 'accumulated_submission_time': 28958.37071299553, 'accumulated_eval_time': 986.9447524547577, 'accumulated_logging_time': 1.3041667938232422}
I0916 10:13:00.071002 139728305223424 logging_writer.py:48] [36627] accumulated_eval_time=986.945, accumulated_logging_time=1.30417, accumulated_submission_time=28958.4, global_step=36627, preemption_count=0, score=28958.4, test/ctc_loss=0.228661, test/num_examples=2472, test/wer=0.0720045, total_duration=29993.2, train/ctc_loss=0.176075, train/wer=0.0619769, validation/ctc_loss=0.432946, validation/num_examples=5348, validation/wer=0.122271
I0916 10:19:22.216829 139728296830720 logging_writer.py:48] [37000] global_step=37000, grad_norm=0.5, loss=1.16057
I0916 10:19:22.220659 139747222361280 submission.py:307] 37000) loss = 1.161, grad_norm = 0.500
/usr/local/lib/python3.11/multiprocessing/popen_fork.py:66: RuntimeWarning: os.fork() was called. os.fork() is incompatible with multithreaded code, and JAX is multithreaded, so this will likely lead to a deadlock.
  self.pid = os.fork()
I0916 10:24:42.576183 139728305223424 logging_writer.py:48] [37500] global_step=37500, grad_norm=0.5, loss=1.17377
I0916 10:24:42.582907 139747222361280 submission.py:307] 37500) loss = 1.174, grad_norm = 0.500
I0916 10:31:53.548462 139728296830720 logging_writer.py:48] [38000] global_step=38000, grad_norm=0.5, loss=1.16758
I0916 10:31:53.552411 139747222361280 submission.py:307] 38000) loss = 1.168, grad_norm = 0.500
/usr/local/lib/python3.11/multiprocessing/popen_fork.py:66: RuntimeWarning: os.fork() was called. os.fork() is incompatible with multithreaded code, and JAX is multithreaded, so this will likely lead to a deadlock.
  self.pid = os.fork()
I0916 10:37:07.837560 139747222361280 spec.py:333] Evaluating on the training split.
I0916 10:37:23.194665 139747222361280 spec.py:346] Evaluating on the validation split.
I0916 10:37:42.855677 139747222361280 spec.py:363] Evaluating on the test split.
I0916 10:37:53.246031 139747222361280 submission_runner.py:516] Time since start: 31486.40s, 	Step: 38456, 	{'train/ctc_loss': 0.17537847614354185, 'train/wer': 0.061573980800331066, 'validation/ctc_loss': 0.43282993371069417, 'validation/wer': 0.12212620093660986, 'validation/num_examples': 5348, 'test/ctc_loss': 0.2286049956852055, 'test/wer': 0.07192330347531127, 'test/num_examples': 2472, 'score': 30403.793350219727, 'total_duration': 31486.40464568138, 'accumulated_submission_time': 30403.793350219727, 'accumulated_eval_time': 1032.3531494140625, 'accumulated_logging_time': 1.3909907341003418}
I0916 10:37:53.309913 139728305223424 logging_writer.py:48] [38456] accumulated_eval_time=1032.35, accumulated_logging_time=1.39099, accumulated_submission_time=30403.8, global_step=38456, preemption_count=0, score=30403.8, test/ctc_loss=0.228605, test/num_examples=2472, test/wer=0.0719233, total_duration=31486.4, train/ctc_loss=0.175378, train/wer=0.061574, validation/ctc_loss=0.43283, validation/num_examples=5348, validation/wer=0.122126
I0916 10:38:19.271146 139728296830720 logging_writer.py:48] [38500] global_step=38500, grad_norm=0.5, loss=1.13809
I0916 10:38:19.274466 139747222361280 submission.py:307] 38500) loss = 1.138, grad_norm = 0.500
I0916 10:45:34.405993 139728305223424 logging_writer.py:48] [39000] global_step=39000, grad_norm=0.5, loss=1.13599
I0916 10:45:34.409756 139747222361280 submission.py:307] 39000) loss = 1.136, grad_norm = 0.500
/usr/local/lib/python3.11/multiprocessing/popen_fork.py:66: RuntimeWarning: os.fork() was called. os.fork() is incompatible with multithreaded code, and JAX is multithreaded, so this will likely lead to a deadlock.
  self.pid = os.fork()
I0916 10:51:30.584730 139728305223424 logging_writer.py:48] [39500] global_step=39500, grad_norm=0.5, loss=1.17525
I0916 10:51:30.591670 139747222361280 submission.py:307] 39500) loss = 1.175, grad_norm = 0.500
I0916 10:58:12.401592 139728296830720 logging_writer.py:48] [40000] global_step=40000, grad_norm=0.5, loss=1.12581
I0916 10:58:12.405477 139747222361280 submission.py:307] 40000) loss = 1.126, grad_norm = 0.500
/usr/local/lib/python3.11/multiprocessing/popen_fork.py:66: RuntimeWarning: os.fork() was called. os.fork() is incompatible with multithreaded code, and JAX is multithreaded, so this will likely lead to a deadlock.
  self.pid = os.fork()
I0916 11:02:01.239329 139747222361280 spec.py:333] Evaluating on the training split.
I0916 11:02:16.058745 139747222361280 spec.py:346] Evaluating on the validation split.
I0916 11:02:36.054099 139747222361280 spec.py:363] Evaluating on the test split.
I0916 11:02:46.553229 139747222361280 submission_runner.py:516] Time since start: 32979.71s, 	Step: 40228, 	{'train/ctc_loss': 0.17460568237481164, 'train/wer': 0.06108391551274442, 'validation/ctc_loss': 0.43228254266500904, 'validation/wer': 0.1220972336213972, 'validation/num_examples': 5348, 'test/ctc_loss': 0.22850715671172334, 'test/wer': 0.0721467308512583, 'test/num_examples': 2472, 'score': 31849.34828710556, 'total_duration': 32979.711805820465, 'accumulated_submission_time': 31849.34828710556, 'accumulated_eval_time': 1077.666915655136, 'accumulated_logging_time': 1.4649040699005127}
I0916 11:02:46.624422 139728305223424 logging_writer.py:48] [40228] accumulated_eval_time=1077.67, accumulated_logging_time=1.4649, accumulated_submission_time=31849.3, global_step=40228, preemption_count=0, score=31849.3, test/ctc_loss=0.228507, test/num_examples=2472, test/wer=0.0721467, total_duration=32979.7, train/ctc_loss=0.174606, train/wer=0.0610839, validation/ctc_loss=0.432283, validation/num_examples=5348, validation/wer=0.122097
I0916 11:05:15.895039 139728296830720 logging_writer.py:48] [40500] global_step=40500, grad_norm=0.5, loss=1.17239
I0916 11:05:15.898660 139747222361280 submission.py:307] 40500) loss = 1.172, grad_norm = 0.500
I0916 11:11:53.519451 139728305223424 logging_writer.py:48] [41000] global_step=41000, grad_norm=0.5, loss=1.14194
I0916 11:11:53.523059 139747222361280 submission.py:307] 41000) loss = 1.142, grad_norm = 0.500
/usr/local/lib/python3.11/multiprocessing/popen_fork.py:66: RuntimeWarning: os.fork() was called. os.fork() is incompatible with multithreaded code, and JAX is multithreaded, so this will likely lead to a deadlock.
  self.pid = os.fork()
I0916 11:18:22.887327 139728305223424 logging_writer.py:48] [41500] global_step=41500, grad_norm=0.5, loss=1.17558
I0916 11:18:22.894133 139747222361280 submission.py:307] 41500) loss = 1.176, grad_norm = 0.500
I0916 11:24:35.561875 139728296830720 logging_writer.py:48] [42000] global_step=42000, grad_norm=0.5, loss=1.1629
I0916 11:24:35.566346 139747222361280 submission.py:307] 42000) loss = 1.163, grad_norm = 0.500
I0916 11:26:55.087318 139747222361280 spec.py:333] Evaluating on the training split.
/usr/local/lib/python3.11/multiprocessing/popen_fork.py:66: RuntimeWarning: os.fork() was called. os.fork() is incompatible with multithreaded code, and JAX is multithreaded, so this will likely lead to a deadlock.
  self.pid = os.fork()
I0916 11:27:10.722555 139747222361280 spec.py:346] Evaluating on the validation split.
I0916 11:27:30.775441 139747222361280 spec.py:363] Evaluating on the test split.
I0916 11:27:41.179485 139747222361280 submission_runner.py:516] Time since start: 34474.34s, 	Step: 42123, 	{'train/ctc_loss': 0.17330378949713754, 'train/wer': 0.061220044759296266, 'validation/ctc_loss': 0.43063256997814947, 'validation/wer': 0.12183652778448317, 'validation/num_examples': 5348, 'test/ctc_loss': 0.2278372798245048, 'test/wer': 0.07249202770499462, 'test/num_examples': 2472, 'score': 33295.38259077072, 'total_duration': 34474.33810329437, 'accumulated_submission_time': 33295.38259077072, 'accumulated_eval_time': 1123.7589085102081, 'accumulated_logging_time': 1.5458810329437256}
I0916 11:27:41.255575 139728305223424 logging_writer.py:48] [42123] accumulated_eval_time=1123.76, accumulated_logging_time=1.54588, accumulated_submission_time=33295.4, global_step=42123, preemption_count=0, score=33295.4, test/ctc_loss=0.227837, test/num_examples=2472, test/wer=0.072492, total_duration=34474.3, train/ctc_loss=0.173304, train/wer=0.06122, validation/ctc_loss=0.430633, validation/num_examples=5348, validation/wer=0.121837
/usr/local/lib/python3.11/multiprocessing/popen_fork.py:66: RuntimeWarning: os.fork() was called. os.fork() is incompatible with multithreaded code, and JAX is multithreaded, so this will likely lead to a deadlock.
  self.pid = os.fork()
I0916 11:32:10.690260 139728305223424 logging_writer.py:48] [42500] global_step=42500, grad_norm=0.5, loss=1.18155
I0916 11:32:10.697005 139747222361280 submission.py:307] 42500) loss = 1.182, grad_norm = 0.500
I0916 11:38:09.460072 139728296830720 logging_writer.py:48] [43000] global_step=43000, grad_norm=0.5, loss=1.13801
I0916 11:38:09.464001 139747222361280 submission.py:307] 43000) loss = 1.138, grad_norm = 0.500
/usr/local/lib/python3.11/multiprocessing/popen_fork.py:66: RuntimeWarning: os.fork() was called. os.fork() is incompatible with multithreaded code, and JAX is multithreaded, so this will likely lead to a deadlock.
  self.pid = os.fork()
I0916 11:45:08.137848 139728305223424 logging_writer.py:48] [43500] global_step=43500, grad_norm=0.5, loss=1.12632
I0916 11:45:08.146405 139747222361280 submission.py:307] 43500) loss = 1.126, grad_norm = 0.500
I0916 11:50:49.539778 139728296830720 logging_writer.py:48] [44000] global_step=44000, grad_norm=0.5, loss=1.14843
I0916 11:50:49.543650 139747222361280 submission.py:307] 44000) loss = 1.148, grad_norm = 0.500
I0916 11:51:50.828456 139747222361280 spec.py:333] Evaluating on the training split.
/usr/local/lib/python3.11/multiprocessing/popen_fork.py:66: RuntimeWarning: os.fork() was called. os.fork() is incompatible with multithreaded code, and JAX is multithreaded, so this will likely lead to a deadlock.
  self.pid = os.fork()
I0916 11:52:06.681089 139747222361280 spec.py:346] Evaluating on the validation split.
I0916 11:52:26.424684 139747222361280 spec.py:363] Evaluating on the test split.
I0916 11:52:36.829103 139747222361280 submission_runner.py:516] Time since start: 35969.99s, 	Step: 44057, 	{'train/ctc_loss': 0.17360828823343322, 'train/wer': 0.06198236853998661, 'validation/ctc_loss': 0.433137451809574, 'validation/wer': 0.12309177811036547, 'validation/num_examples': 5348, 'test/ctc_loss': 0.22993408848957997, 'test/wer': 0.07356854142546666, 'test/num_examples': 2472, 'score': 34742.66511321068, 'total_duration': 35969.98772978783, 'accumulated_submission_time': 34742.66511321068, 'accumulated_eval_time': 1169.7595500946045, 'accumulated_logging_time': 1.6316978931427002}
I0916 11:52:36.906266 139728305223424 logging_writer.py:48] [44057] accumulated_eval_time=1169.76, accumulated_logging_time=1.6317, accumulated_submission_time=34742.7, global_step=44057, preemption_count=0, score=34742.7, test/ctc_loss=0.229934, test/num_examples=2472, test/wer=0.0735685, total_duration=35970, train/ctc_loss=0.173608, train/wer=0.0619824, validation/ctc_loss=0.433137, validation/num_examples=5348, validation/wer=0.123092
/usr/local/lib/python3.11/multiprocessing/popen_fork.py:66: RuntimeWarning: os.fork() was called. os.fork() is incompatible with multithreaded code, and JAX is multithreaded, so this will likely lead to a deadlock.
  self.pid = os.fork()
I0916 11:58:54.909794 139728305223424 logging_writer.py:48] [44500] global_step=44500, grad_norm=0.5, loss=1.19366
I0916 11:58:54.916725 139747222361280 submission.py:307] 44500) loss = 1.194, grad_norm = 0.500
I0916 12:04:20.318637 139728296830720 logging_writer.py:48] [45000] global_step=45000, grad_norm=0.5, loss=1.20186
I0916 12:04:20.322353 139747222361280 submission.py:307] 45000) loss = 1.202, grad_norm = 0.500
/usr/local/lib/python3.11/multiprocessing/popen_fork.py:66: RuntimeWarning: os.fork() was called. os.fork() is incompatible with multithreaded code, and JAX is multithreaded, so this will likely lead to a deadlock.
  self.pid = os.fork()
I0916 12:11:47.575151 139728305223424 logging_writer.py:48] [45500] global_step=45500, grad_norm=0.5, loss=1.23033
I0916 12:11:47.582175 139747222361280 submission.py:307] 45500) loss = 1.230, grad_norm = 0.500
I0916 12:16:45.365118 139747222361280 spec.py:333] Evaluating on the training split.
/usr/local/lib/python3.11/multiprocessing/popen_fork.py:66: RuntimeWarning: os.fork() was called. os.fork() is incompatible with multithreaded code, and JAX is multithreaded, so this will likely lead to a deadlock.
  self.pid = os.fork()
I0916 12:17:01.481280 139747222361280 spec.py:346] Evaluating on the validation split.
I0916 12:17:21.526285 139747222361280 spec.py:363] Evaluating on the test split.
I0916 12:17:31.976453 139747222361280 submission_runner.py:516] Time since start: 37465.14s, 	Step: 45979, 	{'train/ctc_loss': 0.17677941482241807, 'train/wer': 0.062281852882400665, 'validation/ctc_loss': 0.4403990288922795, 'validation/wer': 0.12456911118621156, 'validation/num_examples': 5348, 'test/ctc_loss': 0.23365819468191495, 'test/wer': 0.07413726565515, 'test/num_examples': 2472, 'score': 36188.63485765457, 'total_duration': 37465.13506793976, 'accumulated_submission_time': 36188.63485765457, 'accumulated_eval_time': 1216.3707485198975, 'accumulated_logging_time': 1.7183234691619873}
I0916 12:17:32.027780 139728305223424 logging_writer.py:48] [45979] accumulated_eval_time=1216.37, accumulated_logging_time=1.71832, accumulated_submission_time=36188.6, global_step=45979, preemption_count=0, score=36188.6, test/ctc_loss=0.233658, test/num_examples=2472, test/wer=0.0741373, total_duration=37465.1, train/ctc_loss=0.176779, train/wer=0.0622819, validation/ctc_loss=0.440399, validation/num_examples=5348, validation/wer=0.124569
I0916 12:17:49.926397 139728296830720 logging_writer.py:48] [46000] global_step=46000, grad_norm=0.5, loss=1.11965
I0916 12:17:49.929760 139747222361280 submission.py:307] 46000) loss = 1.120, grad_norm = 0.500
/usr/local/lib/python3.11/multiprocessing/popen_fork.py:66: RuntimeWarning: os.fork() was called. os.fork() is incompatible with multithreaded code, and JAX is multithreaded, so this will likely lead to a deadlock.
  self.pid = os.fork()
I0916 12:25:38.039506 139728305223424 logging_writer.py:48] [46500] global_step=46500, grad_norm=0.5, loss=1.21185
I0916 12:25:38.046495 139747222361280 submission.py:307] 46500) loss = 1.212, grad_norm = 0.500
I0916 12:30:41.700817 139728296830720 logging_writer.py:48] [47000] global_step=47000, grad_norm=0.5, loss=1.17694
I0916 12:30:41.704596 139747222361280 submission.py:307] 47000) loss = 1.177, grad_norm = 0.500
/usr/local/lib/python3.11/multiprocessing/popen_fork.py:66: RuntimeWarning: os.fork() was called. os.fork() is incompatible with multithreaded code, and JAX is multithreaded, so this will likely lead to a deadlock.
  self.pid = os.fork()
I0916 12:38:25.367258 139728305223424 logging_writer.py:48] [47500] global_step=47500, grad_norm=0.5, loss=1.17632
I0916 12:38:25.374189 139747222361280 submission.py:307] 47500) loss = 1.176, grad_norm = 0.500
I0916 12:41:39.900951 139747222361280 spec.py:333] Evaluating on the training split.
/usr/local/lib/python3.11/multiprocessing/popen_fork.py:66: RuntimeWarning: os.fork() was called. os.fork() is incompatible with multithreaded code, and JAX is multithreaded, so this will likely lead to a deadlock.
  self.pid = os.fork()
I0916 12:41:55.346627 139747222361280 spec.py:346] Evaluating on the validation split.
I0916 12:42:15.289911 139747222361280 spec.py:363] Evaluating on the test split.
I0916 12:42:25.511710 139747222361280 submission_runner.py:516] Time since start: 38958.67s, 	Step: 47856, 	{'train/ctc_loss': 0.18668259974419768, 'train/wer': 0.06670333081040464, 'validation/ctc_loss': 0.46038853923359957, 'validation/wer': 0.13012117993530634, 'validation/num_examples': 5348, 'test/ctc_loss': 0.24082118201174268, 'test/wer': 0.07661527837019885, 'test/num_examples': 2472, 'score': 37634.08888673782, 'total_duration': 38958.67030453682, 'accumulated_submission_time': 37634.08888673782, 'accumulated_eval_time': 1261.9813685417175, 'accumulated_logging_time': 1.7793095111846924}
I0916 12:42:25.574270 139728305223424 logging_writer.py:48] [47856] accumulated_eval_time=1261.98, accumulated_logging_time=1.77931, accumulated_submission_time=37634.1, global_step=47856, preemption_count=0, score=37634.1, test/ctc_loss=0.240821, test/num_examples=2472, test/wer=0.0766153, total_duration=38958.7, train/ctc_loss=0.186683, train/wer=0.0667033, validation/ctc_loss=0.460389, validation/num_examples=5348, validation/wer=0.130121
I0916 12:44:15.186135 139728296830720 logging_writer.py:48] [48000] global_step=48000, grad_norm=0.5, loss=1.20617
I0916 12:44:15.189801 139747222361280 submission.py:307] 48000) loss = 1.206, grad_norm = 0.500
/usr/local/lib/python3.11/multiprocessing/popen_fork.py:66: RuntimeWarning: os.fork() was called. os.fork() is incompatible with multithreaded code, and JAX is multithreaded, so this will likely lead to a deadlock.
  self.pid = os.fork()
I0916 12:52:20.500128 139728305223424 logging_writer.py:48] [48500] global_step=48500, grad_norm=0.5, loss=1.25818
I0916 12:52:20.506998 139747222361280 submission.py:307] 48500) loss = 1.258, grad_norm = 0.500
I0916 12:57:08.024215 139728296830720 logging_writer.py:48] [49000] global_step=49000, grad_norm=0.5, loss=1.27499
I0916 12:57:08.028216 139747222361280 submission.py:307] 49000) loss = 1.275, grad_norm = 0.500
/usr/local/lib/python3.11/multiprocessing/popen_fork.py:66: RuntimeWarning: os.fork() was called. os.fork() is incompatible with multithreaded code, and JAX is multithreaded, so this will likely lead to a deadlock.
  self.pid = os.fork()
I0916 13:05:11.820488 139728305223424 logging_writer.py:48] [49500] global_step=49500, grad_norm=0.5, loss=1.18124
I0916 13:05:11.827137 139747222361280 submission.py:307] 49500) loss = 1.181, grad_norm = 0.500
I0916 13:06:33.711464 139747222361280 spec.py:333] Evaluating on the training split.
/usr/local/lib/python3.11/multiprocessing/popen_fork.py:66: RuntimeWarning: os.fork() was called. os.fork() is incompatible with multithreaded code, and JAX is multithreaded, so this will likely lead to a deadlock.
  self.pid = os.fork()
I0916 13:06:48.986793 139747222361280 spec.py:346] Evaluating on the validation split.
I0916 13:07:08.780198 139747222361280 spec.py:363] Evaluating on the test split.
I0916 13:07:19.091760 139747222361280 submission_runner.py:516] Time since start: 40452.25s, 	Step: 49651, 	{'train/ctc_loss': 0.19449783699064893, 'train/wer': 0.07053673039330462, 'validation/ctc_loss': 0.47208595084262606, 'validation/wer': 0.1332979288369623, 'validation/num_examples': 5348, 'test/ctc_loss': 0.2506045752951803, 'test/wer': 0.08112444904840249, 'test/num_examples': 2472, 'score': 39079.884689092636, 'total_duration': 40452.2503619194, 'accumulated_submission_time': 39079.884689092636, 'accumulated_eval_time': 1307.3615272045135, 'accumulated_logging_time': 1.8513941764831543}
I0916 13:07:19.186918 139728305223424 logging_writer.py:48] [49651] accumulated_eval_time=1307.36, accumulated_logging_time=1.85139, accumulated_submission_time=39079.9, global_step=49651, preemption_count=0, score=39079.9, test/ctc_loss=0.250605, test/num_examples=2472, test/wer=0.0811244, total_duration=40452.3, train/ctc_loss=0.194498, train/wer=0.0705367, validation/ctc_loss=0.472086, validation/num_examples=5348, validation/wer=0.133298
I0916 13:10:52.270994 139728296830720 logging_writer.py:48] [50000] global_step=50000, grad_norm=0.5, loss=1.27703
I0916 13:10:52.274768 139747222361280 submission.py:307] 50000) loss = 1.277, grad_norm = 0.500
/usr/local/lib/python3.11/multiprocessing/popen_fork.py:66: RuntimeWarning: os.fork() was called. os.fork() is incompatible with multithreaded code, and JAX is multithreaded, so this will likely lead to a deadlock.
  self.pid = os.fork()
I0916 13:19:08.389070 139728305223424 logging_writer.py:48] [50500] global_step=50500, grad_norm=0.5, loss=1.10135
I0916 13:19:08.395993 139747222361280 submission.py:307] 50500) loss = 1.101, grad_norm = 0.500
I0916 13:23:47.014605 139728296830720 logging_writer.py:48] [51000] global_step=51000, grad_norm=0.5, loss=1.17124
I0916 13:23:47.018383 139747222361280 submission.py:307] 51000) loss = 1.171, grad_norm = 0.500
I0916 13:31:27.273215 139747222361280 spec.py:333] Evaluating on the training split.
/usr/local/lib/python3.11/multiprocessing/popen_fork.py:66: RuntimeWarning: os.fork() was called. os.fork() is incompatible with multithreaded code, and JAX is multithreaded, so this will likely lead to a deadlock.
  self.pid = os.fork()
I0916 13:31:42.823611 139747222361280 spec.py:346] Evaluating on the validation split.
I0916 13:32:02.775666 139747222361280 spec.py:363] Evaluating on the test split.
I0916 13:32:13.359467 139747222361280 submission_runner.py:516] Time since start: 41946.52s, 	Step: 51465, 	{'train/ctc_loss': 0.2047566513494253, 'train/wer': 0.07402163910503189, 'validation/ctc_loss': 0.4808824695160237, 'validation/wer': 0.13502631197798484, 'validation/num_examples': 5348, 'test/ctc_loss': 0.25553584102200144, 'test/wer': 0.08315560701155729, 'test/num_examples': 2472, 'score': 40525.517881155014, 'total_duration': 41946.51808142662, 'accumulated_submission_time': 40525.517881155014, 'accumulated_eval_time': 1353.447606086731, 'accumulated_logging_time': 1.9562325477600098}
I0916 13:32:13.422158 139728305223424 logging_writer.py:48] [51465] accumulated_eval_time=1353.45, accumulated_logging_time=1.95623, accumulated_submission_time=40525.5, global_step=51465, preemption_count=0, score=40525.5, test/ctc_loss=0.255536, test/num_examples=2472, test/wer=0.0831556, total_duration=41946.5, train/ctc_loss=0.204757, train/wer=0.0740216, validation/ctc_loss=0.480882, validation/num_examples=5348, validation/wer=0.135026
/usr/local/lib/python3.11/multiprocessing/popen_fork.py:66: RuntimeWarning: os.fork() was called. os.fork() is incompatible with multithreaded code, and JAX is multithreaded, so this will likely lead to a deadlock.
  self.pid = os.fork()
I0916 13:32:52.103161 139728305223424 logging_writer.py:48] [51500] global_step=51500, grad_norm=0.5, loss=1.22931
I0916 13:32:52.111591 139747222361280 submission.py:307] 51500) loss = 1.229, grad_norm = 0.500
I0916 13:37:30.448491 139728296830720 logging_writer.py:48] [52000] global_step=52000, grad_norm=0.5, loss=1.20782
I0916 13:37:30.452321 139747222361280 submission.py:307] 52000) loss = 1.208, grad_norm = 0.500
I0916 13:45:31.673116 139728305223424 logging_writer.py:48] [52500] global_step=52500, grad_norm=0.5, loss=1.19398
I0916 13:45:31.676795 139747222361280 submission.py:307] 52500) loss = 1.194, grad_norm = 0.500
/usr/local/lib/python3.11/multiprocessing/popen_fork.py:66: RuntimeWarning: os.fork() was called. os.fork() is incompatible with multithreaded code, and JAX is multithreaded, so this will likely lead to a deadlock.
  self.pid = os.fork()
I0916 13:50:22.142757 139728305223424 logging_writer.py:48] [53000] global_step=53000, grad_norm=0.5, loss=1.29896
I0916 13:50:22.149604 139747222361280 submission.py:307] 53000) loss = 1.299, grad_norm = 0.500
I0916 13:56:21.113576 139747222361280 spec.py:333] Evaluating on the training split.
/usr/local/lib/python3.11/multiprocessing/popen_fork.py:66: RuntimeWarning: os.fork() was called. os.fork() is incompatible with multithreaded code, and JAX is multithreaded, so this will likely lead to a deadlock.
  self.pid = os.fork()
I0916 13:56:36.566087 139747222361280 spec.py:346] Evaluating on the validation split.
I0916 13:56:56.302510 139747222361280 spec.py:363] Evaluating on the test split.
I0916 13:57:06.826886 139747222361280 submission_runner.py:516] Time since start: 43439.99s, 	Step: 53400, 	{'train/ctc_loss': 0.22536685480496774, 'train/wer': 0.08064841082717575, 'validation/ctc_loss': 0.49898532271888185, 'validation/wer': 0.1406942499879303, 'validation/num_examples': 5348, 'test/ctc_loss': 0.26879735688592815, 'test/wer': 0.0860398513192371, 'test/num_examples': 2472, 'score': 41970.87526202202, 'total_duration': 43439.98548531532, 'accumulated_submission_time': 41970.87526202202, 'accumulated_eval_time': 1399.1608033180237, 'accumulated_logging_time': 2.0289409160614014}
I0916 13:57:06.890704 139728305223424 logging_writer.py:48] [53400] accumulated_eval_time=1399.16, accumulated_logging_time=2.02894, accumulated_submission_time=41970.9, global_step=53400, preemption_count=0, score=41970.9, test/ctc_loss=0.268797, test/num_examples=2472, test/wer=0.0860399, total_duration=43440, train/ctc_loss=0.225367, train/wer=0.0806484, validation/ctc_loss=0.498985, validation/num_examples=5348, validation/wer=0.140694
I0916 13:58:59.048907 139728296830720 logging_writer.py:48] [53500] global_step=53500, grad_norm=0.5, loss=1.28189
I0916 13:58:59.052657 139747222361280 submission.py:307] 53500) loss = 1.282, grad_norm = 0.500
/usr/local/lib/python3.11/multiprocessing/popen_fork.py:66: RuntimeWarning: os.fork() was called. os.fork() is incompatible with multithreaded code, and JAX is multithreaded, so this will likely lead to a deadlock.
  self.pid = os.fork()
I0916 14:04:12.114842 139728305223424 logging_writer.py:48] [54000] global_step=54000, grad_norm=0.5, loss=1.27681
I0916 14:04:12.121627 139747222361280 submission.py:307] 54000) loss = 1.277, grad_norm = 0.500
I0916 14:11:38.890034 139728296830720 logging_writer.py:48] [54500] global_step=54500, grad_norm=0.5, loss=1.34542
I0916 14:11:38.893827 139747222361280 submission.py:307] 54500) loss = 1.345, grad_norm = 0.500
/usr/local/lib/python3.11/multiprocessing/popen_fork.py:66: RuntimeWarning: os.fork() was called. os.fork() is incompatible with multithreaded code, and JAX is multithreaded, so this will likely lead to a deadlock.
  self.pid = os.fork()
I0916 14:17:03.773688 139728305223424 logging_writer.py:48] [55000] global_step=55000, grad_norm=0.5, loss=1.32205
I0916 14:17:03.780321 139747222361280 submission.py:307] 55000) loss = 1.322, grad_norm = 0.500
I0916 14:21:14.767714 139747222361280 spec.py:333] Evaluating on the training split.
/usr/local/lib/python3.11/multiprocessing/popen_fork.py:66: RuntimeWarning: os.fork() was called. os.fork() is incompatible with multithreaded code, and JAX is multithreaded, so this will likely lead to a deadlock.
  self.pid = os.fork()
I0916 14:21:30.587957 139747222361280 spec.py:346] Evaluating on the validation split.
I0916 14:21:50.450595 139747222361280 spec.py:363] Evaluating on the test split.
I0916 14:22:00.984965 139747222361280 submission_runner.py:516] Time since start: 44934.14s, 	Step: 55331, 	{'train/ctc_loss': 0.240866233795501, 'train/wer': 0.08560351540166296, 'validation/ctc_loss': 0.5176834925030138, 'validation/wer': 0.14591802249794814, 'validation/num_examples': 5348, 'test/ctc_loss': 0.2769799916526873, 'test/wer': 0.08776633558791867, 'test/num_examples': 2472, 'score': 43416.445709466934, 'total_duration': 44934.14357638359, 'accumulated_submission_time': 43416.445709466934, 'accumulated_eval_time': 1445.3778800964355, 'accumulated_logging_time': 2.102470874786377}
I0916 14:22:01.048467 139728305223424 logging_writer.py:48] [55331] accumulated_eval_time=1445.38, accumulated_logging_time=2.10247, accumulated_submission_time=43416.4, global_step=55331, preemption_count=0, score=43416.4, test/ctc_loss=0.27698, test/num_examples=2472, test/wer=0.0877663, total_duration=44934.1, train/ctc_loss=0.240866, train/wer=0.0856035, validation/ctc_loss=0.517683, validation/num_examples=5348, validation/wer=0.145918
I0916 14:25:05.827000 139728296830720 logging_writer.py:48] [55500] global_step=55500, grad_norm=0.5, loss=1.28281
I0916 14:25:05.830643 139747222361280 submission.py:307] 55500) loss = 1.283, grad_norm = 0.500
/usr/local/lib/python3.11/multiprocessing/popen_fork.py:66: RuntimeWarning: os.fork() was called. os.fork() is incompatible with multithreaded code, and JAX is multithreaded, so this will likely lead to a deadlock.
  self.pid = os.fork()
I0916 14:30:54.085170 139728305223424 logging_writer.py:48] [56000] global_step=56000, grad_norm=0.5, loss=1.33741
I0916 14:30:54.091874 139747222361280 submission.py:307] 56000) loss = 1.337, grad_norm = 0.500
I0916 14:37:42.755836 139728296830720 logging_writer.py:48] [56500] global_step=56500, grad_norm=0.5, loss=1.3312
I0916 14:37:42.759680 139747222361280 submission.py:307] 56500) loss = 1.331, grad_norm = 0.500
/usr/local/lib/python3.11/multiprocessing/popen_fork.py:66: RuntimeWarning: os.fork() was called. os.fork() is incompatible with multithreaded code, and JAX is multithreaded, so this will likely lead to a deadlock.
  self.pid = os.fork()
I0916 14:43:44.791947 139728305223424 logging_writer.py:48] [57000] global_step=57000, grad_norm=0.5, loss=1.26408
I0916 14:43:44.799228 139747222361280 submission.py:307] 57000) loss = 1.264, grad_norm = 0.500
I0916 14:46:09.687177 139747222361280 spec.py:333] Evaluating on the training split.
/usr/local/lib/python3.11/multiprocessing/popen_fork.py:66: RuntimeWarning: os.fork() was called. os.fork() is incompatible with multithreaded code, and JAX is multithreaded, so this will likely lead to a deadlock.
  self.pid = os.fork()
I0916 14:46:26.293795 139747222361280 spec.py:346] Evaluating on the validation split.
I0916 14:46:46.584416 139747222361280 spec.py:363] Evaluating on the test split.
I0916 14:46:56.906221 139747222361280 submission_runner.py:516] Time since start: 46430.06s, 	Step: 57234, 	{'train/ctc_loss': 0.25012288376301545, 'train/wer': 0.08944780532428709, 'validation/ctc_loss': 0.5302517557326201, 'validation/wer': 0.1483512769758123, 'validation/num_examples': 5348, 'test/ctc_loss': 0.2789501036357184, 'test/wer': 0.08985842828996811, 'test/num_examples': 2472, 'score': 44862.44470882416, 'total_duration': 46430.064829826355, 'accumulated_submission_time': 44862.44470882416, 'accumulated_eval_time': 1492.5967779159546, 'accumulated_logging_time': 2.17545223236084}
I0916 14:46:56.976220 139728305223424 logging_writer.py:48] [57234] accumulated_eval_time=1492.6, accumulated_logging_time=2.17545, accumulated_submission_time=44862.4, global_step=57234, preemption_count=0, score=44862.4, test/ctc_loss=0.27895, test/num_examples=2472, test/wer=0.0898584, total_duration=46430.1, train/ctc_loss=0.250123, train/wer=0.0894478, validation/ctc_loss=0.530252, validation/num_examples=5348, validation/wer=0.148351
I0916 14:51:21.363988 139728296830720 logging_writer.py:48] [57500] global_step=57500, grad_norm=0.5, loss=1.31888
I0916 14:51:21.367769 139747222361280 submission.py:307] 57500) loss = 1.319, grad_norm = 0.500
/usr/local/lib/python3.11/multiprocessing/popen_fork.py:66: RuntimeWarning: os.fork() was called. os.fork() is incompatible with multithreaded code, and JAX is multithreaded, so this will likely lead to a deadlock.
  self.pid = os.fork()
I0916 14:57:38.447228 139728305223424 logging_writer.py:48] [58000] global_step=58000, grad_norm=0.5, loss=1.32746
I0916 14:57:38.454189 139747222361280 submission.py:307] 58000) loss = 1.327, grad_norm = 0.500
I0916 15:03:52.827900 139728296830720 logging_writer.py:48] [58500] global_step=58500, grad_norm=0.5, loss=1.3228
I0916 15:03:52.831862 139747222361280 submission.py:307] 58500) loss = 1.323, grad_norm = 0.500
/usr/local/lib/python3.11/multiprocessing/popen_fork.py:66: RuntimeWarning: os.fork() was called. os.fork() is incompatible with multithreaded code, and JAX is multithreaded, so this will likely lead to a deadlock.
  self.pid = os.fork()
I0916 15:10:26.609603 139728305223424 logging_writer.py:48] [59000] global_step=59000, grad_norm=0.5, loss=1.24786
I0916 15:10:26.616652 139747222361280 submission.py:307] 59000) loss = 1.248, grad_norm = 0.500
I0916 15:11:04.731364 139747222361280 spec.py:333] Evaluating on the training split.
/usr/local/lib/python3.11/multiprocessing/popen_fork.py:66: RuntimeWarning: os.fork() was called. os.fork() is incompatible with multithreaded code, and JAX is multithreaded, so this will likely lead to a deadlock.
  self.pid = os.fork()
I0916 15:11:19.917937 139747222361280 spec.py:346] Evaluating on the validation split.
I0916 15:11:39.791934 139747222361280 spec.py:363] Evaluating on the test split.
I0916 15:11:50.172481 139747222361280 submission_runner.py:516] Time since start: 47923.33s, 	Step: 59070, 	{'train/ctc_loss': 0.2561507256520068, 'train/wer': 0.09059673616518467, 'validation/ctc_loss': 0.5335001455915963, 'validation/wer': 0.1492685752908801, 'validation/num_examples': 5348, 'test/ctc_loss': 0.2836022434915156, 'test/wer': 0.09195052099201755, 'test/num_examples': 2472, 'score': 46307.860738277435, 'total_duration': 47923.331095695496, 'accumulated_submission_time': 46307.860738277435, 'accumulated_eval_time': 1538.037742137909, 'accumulated_logging_time': 2.2553555965423584}
I0916 15:11:50.246123 139728305223424 logging_writer.py:48] [59070] accumulated_eval_time=1538.04, accumulated_logging_time=2.25536, accumulated_submission_time=46307.9, global_step=59070, preemption_count=0, score=46307.9, test/ctc_loss=0.283602, test/num_examples=2472, test/wer=0.0919505, total_duration=47923.3, train/ctc_loss=0.256151, train/wer=0.0905967, validation/ctc_loss=0.5335, validation/num_examples=5348, validation/wer=0.149269
I0916 15:17:37.328573 139728296830720 logging_writer.py:48] [59500] global_step=59500, grad_norm=0.5, loss=1.29232
I0916 15:17:37.332276 139747222361280 submission.py:307] 59500) loss = 1.292, grad_norm = 0.500
/usr/local/lib/python3.11/multiprocessing/popen_fork.py:66: RuntimeWarning: os.fork() was called. os.fork() is incompatible with multithreaded code, and JAX is multithreaded, so this will likely lead to a deadlock.
  self.pid = os.fork()
I0916 15:24:27.989346 139728305223424 logging_writer.py:48] [60000] global_step=60000, grad_norm=0.5, loss=1.32777
I0916 15:24:27.996188 139747222361280 submission.py:307] 60000) loss = 1.328, grad_norm = 0.500
I0916 15:30:14.748804 139728296830720 logging_writer.py:48] [60500] global_step=60500, grad_norm=0.5, loss=1.36136
I0916 15:30:14.752539 139747222361280 submission.py:307] 60500) loss = 1.361, grad_norm = 0.500
/usr/local/lib/python3.11/multiprocessing/popen_fork.py:66: RuntimeWarning: os.fork() was called. os.fork() is incompatible with multithreaded code, and JAX is multithreaded, so this will likely lead to a deadlock.
  self.pid = os.fork()
I0916 15:35:57.973187 139747222361280 spec.py:333] Evaluating on the training split.
I0916 15:36:12.983512 139747222361280 spec.py:346] Evaluating on the validation split.
I0916 15:36:32.758852 139747222361280 spec.py:363] Evaluating on the test split.
I0916 15:36:43.306221 139747222361280 submission_runner.py:516] Time since start: 49416.46s, 	Step: 60843, 	{'train/ctc_loss': 0.27320185762831783, 'train/wer': 0.09704926245174218, 'validation/ctc_loss': 0.5415587974212628, 'validation/wer': 0.1533239994206537, 'validation/num_examples': 5348, 'test/ctc_loss': 0.29504484160268407, 'test/wer': 0.09566754006459083, 'test/num_examples': 2472, 'score': 47753.28298354149, 'total_duration': 49416.464834451675, 'accumulated_submission_time': 47753.28298354149, 'accumulated_eval_time': 1583.370682001114, 'accumulated_logging_time': 2.3385322093963623}
I0916 15:36:43.364152 139728305223424 logging_writer.py:48] [60843] accumulated_eval_time=1583.37, accumulated_logging_time=2.33853, accumulated_submission_time=47753.3, global_step=60843, preemption_count=0, score=47753.3, test/ctc_loss=0.295045, test/num_examples=2472, test/wer=0.0956675, total_duration=49416.5, train/ctc_loss=0.273202, train/wer=0.0970493, validation/ctc_loss=0.541559, validation/num_examples=5348, validation/wer=0.153324
I0916 15:38:10.366442 139728296830720 logging_writer.py:48] [61000] global_step=61000, grad_norm=0.5, loss=1.39616
I0916 15:38:10.369762 139747222361280 submission.py:307] 61000) loss = 1.396, grad_norm = 0.500
I0916 15:43:57.036454 139728305223424 logging_writer.py:48] [61500] global_step=61500, grad_norm=0.5, loss=1.29709
I0916 15:43:57.040160 139747222361280 submission.py:307] 61500) loss = 1.297, grad_norm = 0.500
/usr/local/lib/python3.11/multiprocessing/popen_fork.py:66: RuntimeWarning: os.fork() was called. os.fork() is incompatible with multithreaded code, and JAX is multithreaded, so this will likely lead to a deadlock.
  self.pid = os.fork()
I0916 15:51:17.661431 139728305223424 logging_writer.py:48] [62000] global_step=62000, grad_norm=0.5, loss=1.32862
I0916 15:51:17.668179 139747222361280 submission.py:307] 62000) loss = 1.329, grad_norm = 0.500
I0916 15:56:39.269644 139728296830720 logging_writer.py:48] [62500] global_step=62500, grad_norm=0.5, loss=1.41654
I0916 15:56:39.273507 139747222361280 submission.py:307] 62500) loss = 1.417, grad_norm = 0.500
I0916 16:00:51.376029 139747222361280 spec.py:333] Evaluating on the training split.
/usr/local/lib/python3.11/multiprocessing/popen_fork.py:66: RuntimeWarning: os.fork() was called. os.fork() is incompatible with multithreaded code, and JAX is multithreaded, so this will likely lead to a deadlock.
  self.pid = os.fork()
I0916 16:01:07.590506 139747222361280 spec.py:346] Evaluating on the validation split.
I0916 16:01:27.436642 139747222361280 spec.py:363] Evaluating on the test split.
I0916 16:01:38.128938 139747222361280 submission_runner.py:516] Time since start: 50911.29s, 	Step: 62733, 	{'train/ctc_loss': 0.2780718176932209, 'train/wer': 0.09734330162429417, 'validation/ctc_loss': 0.5457853195009544, 'validation/wer': 0.15320813015980303, 'validation/num_examples': 5348, 'test/ctc_loss': 0.2982510716417188, 'test/wer': 0.09483476529969735, 'test/num_examples': 2472, 'score': 49198.828130960464, 'total_duration': 50911.28756451607, 'accumulated_submission_time': 49198.828130960464, 'accumulated_eval_time': 1630.123468875885, 'accumulated_logging_time': 2.4058196544647217}
I0916 16:01:38.230771 139728305223424 logging_writer.py:48] [62733] accumulated_eval_time=1630.12, accumulated_logging_time=2.40582, accumulated_submission_time=49198.8, global_step=62733, preemption_count=0, score=49198.8, test/ctc_loss=0.298251, test/num_examples=2472, test/wer=0.0948348, total_duration=50911.3, train/ctc_loss=0.278072, train/wer=0.0973433, validation/ctc_loss=0.545785, validation/num_examples=5348, validation/wer=0.153208
/usr/local/lib/python3.11/multiprocessing/popen_fork.py:66: RuntimeWarning: os.fork() was called. os.fork() is incompatible with multithreaded code, and JAX is multithreaded, so this will likely lead to a deadlock.
  self.pid = os.fork()
I0916 16:05:02.968394 139728305223424 logging_writer.py:48] [63000] global_step=63000, grad_norm=0.5, loss=1.34993
I0916 16:05:02.977020 139747222361280 submission.py:307] 63000) loss = 1.350, grad_norm = 0.500
I0916 16:10:21.842355 139728296830720 logging_writer.py:48] [63500] global_step=63500, grad_norm=0.5, loss=1.3608
I0916 16:10:21.846183 139747222361280 submission.py:307] 63500) loss = 1.361, grad_norm = 0.500
/usr/local/lib/python3.11/multiprocessing/popen_fork.py:66: RuntimeWarning: os.fork() was called. os.fork() is incompatible with multithreaded code, and JAX is multithreaded, so this will likely lead to a deadlock.
  self.pid = os.fork()
I0916 16:18:01.138284 139728305223424 logging_writer.py:48] [64000] global_step=64000, grad_norm=0.5, loss=1.41671
I0916 16:18:01.145352 139747222361280 submission.py:307] 64000) loss = 1.417, grad_norm = 0.500
I0916 16:23:03.079296 139728296830720 logging_writer.py:48] [64500] global_step=64500, grad_norm=0.5, loss=1.39188
I0916 16:23:03.083130 139747222361280 submission.py:307] 64500) loss = 1.392, grad_norm = 0.500
I0916 16:25:46.186867 139747222361280 spec.py:333] Evaluating on the training split.
/usr/local/lib/python3.11/multiprocessing/popen_fork.py:66: RuntimeWarning: os.fork() was called. os.fork() is incompatible with multithreaded code, and JAX is multithreaded, so this will likely lead to a deadlock.
  self.pid = os.fork()
I0916 16:26:02.017792 139747222361280 spec.py:346] Evaluating on the validation split.
I0916 16:26:22.074797 139747222361280 spec.py:363] Evaluating on the test split.
I0916 16:26:32.704473 139747222361280 submission_runner.py:516] Time since start: 52405.86s, 	Step: 64663, 	{'train/ctc_loss': 0.27760106445402194, 'train/wer': 0.09670621675043153, 'validation/ctc_loss': 0.546718027928471, 'validation/wer': 0.154666151692174, 'validation/num_examples': 5348, 'test/ctc_loss': 0.2912591638976708, 'test/wer': 0.0934942010440152, 'test/num_examples': 2472, 'score': 50644.459433078766, 'total_duration': 52405.86308503151, 'accumulated_submission_time': 50644.459433078766, 'accumulated_eval_time': 1676.6409544944763, 'accumulated_logging_time': 2.5173280239105225}
I0916 16:26:32.760967 139728305223424 logging_writer.py:48] [64663] accumulated_eval_time=1676.64, accumulated_logging_time=2.51733, accumulated_submission_time=50644.5, global_step=64663, preemption_count=0, score=50644.5, test/ctc_loss=0.291259, test/num_examples=2472, test/wer=0.0934942, total_duration=52405.9, train/ctc_loss=0.277601, train/wer=0.0967062, validation/ctc_loss=0.546718, validation/num_examples=5348, validation/wer=0.154666
/usr/local/lib/python3.11/multiprocessing/popen_fork.py:66: RuntimeWarning: os.fork() was called. os.fork() is incompatible with multithreaded code, and JAX is multithreaded, so this will likely lead to a deadlock.
  self.pid = os.fork()
I0916 16:31:49.853232 139728305223424 logging_writer.py:48] [65000] global_step=65000, grad_norm=0.5, loss=1.34272
I0916 16:31:49.859954 139747222361280 submission.py:307] 65000) loss = 1.343, grad_norm = 0.500
I0916 16:36:50.064268 139728296830720 logging_writer.py:48] [65500] global_step=65500, grad_norm=0.5, loss=1.3381
I0916 16:36:50.068132 139747222361280 submission.py:307] 65500) loss = 1.338, grad_norm = 0.500
/usr/local/lib/python3.11/multiprocessing/popen_fork.py:66: RuntimeWarning: os.fork() was called. os.fork() is incompatible with multithreaded code, and JAX is multithreaded, so this will likely lead to a deadlock.
  self.pid = os.fork()
I0916 16:44:45.073127 139728305223424 logging_writer.py:48] [66000] global_step=66000, grad_norm=0.5, loss=1.29967
I0916 16:44:45.079941 139747222361280 submission.py:307] 66000) loss = 1.300, grad_norm = 0.500
I0916 16:49:32.351626 139728296830720 logging_writer.py:48] [66500] global_step=66500, grad_norm=0.5, loss=1.3684
I0916 16:49:32.355696 139747222361280 submission.py:307] 66500) loss = 1.368, grad_norm = 0.500
I0916 16:50:40.549390 139747222361280 spec.py:333] Evaluating on the training split.
/usr/local/lib/python3.11/multiprocessing/popen_fork.py:66: RuntimeWarning: os.fork() was called. os.fork() is incompatible with multithreaded code, and JAX is multithreaded, so this will likely lead to a deadlock.
  self.pid = os.fork()
I0916 16:50:56.634449 139747222361280 spec.py:346] Evaluating on the validation split.
I0916 16:51:16.580979 139747222361280 spec.py:363] Evaluating on the test split.
I0916 16:51:27.098116 139747222361280 submission_runner.py:516] Time since start: 53900.26s, 	Step: 66583, 	{'train/ctc_loss': 0.2903884168659453, 'train/wer': 0.10067574557988336, 'validation/ctc_loss': 0.5558291774977396, 'validation/wer': 0.15788152368078018, 'validation/num_examples': 5348, 'test/ctc_loss': 0.2992008052938899, 'test/wer': 0.09680498852395751, 'test/num_examples': 2472, 'score': 52089.85448694229, 'total_duration': 53900.25670194626, 'accumulated_submission_time': 52089.85448694229, 'accumulated_eval_time': 1723.1894779205322, 'accumulated_logging_time': 2.5836801528930664}
I0916 16:51:27.151910 139728305223424 logging_writer.py:48] [66583] accumulated_eval_time=1723.19, accumulated_logging_time=2.58368, accumulated_submission_time=52089.9, global_step=66583, preemption_count=0, score=52089.9, test/ctc_loss=0.299201, test/num_examples=2472, test/wer=0.096805, total_duration=53900.3, train/ctc_loss=0.290388, train/wer=0.100676, validation/ctc_loss=0.555829, validation/num_examples=5348, validation/wer=0.157882
/usr/local/lib/python3.11/multiprocessing/popen_fork.py:66: RuntimeWarning: os.fork() was called. os.fork() is incompatible with multithreaded code, and JAX is multithreaded, so this will likely lead to a deadlock.
  self.pid = os.fork()
I0916 16:58:34.997726 139728305223424 logging_writer.py:48] [67000] global_step=67000, grad_norm=0.5, loss=1.3701
I0916 16:58:35.004370 139747222361280 submission.py:307] 67000) loss = 1.370, grad_norm = 0.500
I0916 17:03:15.372658 139728296830720 logging_writer.py:48] [67500] global_step=67500, grad_norm=0.5, loss=1.41771
I0916 17:03:15.376707 139747222361280 submission.py:307] 67500) loss = 1.418, grad_norm = 0.500
/usr/local/lib/python3.11/multiprocessing/popen_fork.py:66: RuntimeWarning: os.fork() was called. os.fork() is incompatible with multithreaded code, and JAX is multithreaded, so this will likely lead to a deadlock.
  self.pid = os.fork()
I0916 17:11:21.603839 139728305223424 logging_writer.py:48] [68000] global_step=68000, grad_norm=0.5, loss=1.37684
I0916 17:11:21.610816 139747222361280 submission.py:307] 68000) loss = 1.377, grad_norm = 0.500
I0916 17:15:35.366531 139747222361280 spec.py:333] Evaluating on the training split.
/usr/local/lib/python3.11/multiprocessing/popen_fork.py:66: RuntimeWarning: os.fork() was called. os.fork() is incompatible with multithreaded code, and JAX is multithreaded, so this will likely lead to a deadlock.
  self.pid = os.fork()
I0916 17:15:50.849531 139747222361280 spec.py:346] Evaluating on the validation split.
I0916 17:16:10.510484 139747222361280 spec.py:363] Evaluating on the test split.
I0916 17:16:20.958361 139747222361280 submission_runner.py:516] Time since start: 55394.12s, 	Step: 68464, 	{'train/ctc_loss': 0.2889195519547448, 'train/wer': 0.1000223251964345, 'validation/ctc_loss': 0.5444093611864577, 'validation/wer': 0.15438613431178486, 'validation/num_examples': 5348, 'test/ctc_loss': 0.2996781042325311, 'test/wer': 0.09749558223143014, 'test/num_examples': 2472, 'score': 53535.67465877533, 'total_duration': 55394.11697602272, 'accumulated_submission_time': 53535.67465877533, 'accumulated_eval_time': 1768.7811193466187, 'accumulated_logging_time': 2.64736270904541}
I0916 17:16:21.021446 139728305223424 logging_writer.py:48] [68464] accumulated_eval_time=1768.78, accumulated_logging_time=2.64736, accumulated_submission_time=53535.7, global_step=68464, preemption_count=0, score=53535.7, test/ctc_loss=0.299678, test/num_examples=2472, test/wer=0.0974956, total_duration=55394.1, train/ctc_loss=0.28892, train/wer=0.100022, validation/ctc_loss=0.544409, validation/num_examples=5348, validation/wer=0.154386
I0916 17:16:46.292183 139728296830720 logging_writer.py:48] [68500] global_step=68500, grad_norm=0.5, loss=1.38254
I0916 17:16:46.295595 139747222361280 submission.py:307] 68500) loss = 1.383, grad_norm = 0.500
I0916 17:25:11.220497 139728305223424 logging_writer.py:48] [69000] global_step=69000, grad_norm=0.5, loss=1.41393
I0916 17:25:11.224076 139747222361280 submission.py:307] 69000) loss = 1.414, grad_norm = 0.500
/usr/local/lib/python3.11/multiprocessing/popen_fork.py:66: RuntimeWarning: os.fork() was called. os.fork() is incompatible with multithreaded code, and JAX is multithreaded, so this will likely lead to a deadlock.
  self.pid = os.fork()
I0916 17:29:51.242532 139728305223424 logging_writer.py:48] [69500] global_step=69500, grad_norm=0.5, loss=1.36929
I0916 17:29:51.249254 139747222361280 submission.py:307] 69500) loss = 1.369, grad_norm = 0.500
I0916 17:37:46.474694 139728296830720 logging_writer.py:48] [70000] global_step=70000, grad_norm=0.5, loss=1.46521
I0916 17:37:46.478430 139747222361280 submission.py:307] 70000) loss = 1.465, grad_norm = 0.500
/usr/local/lib/python3.11/multiprocessing/popen_fork.py:66: RuntimeWarning: os.fork() was called. os.fork() is incompatible with multithreaded code, and JAX is multithreaded, so this will likely lead to a deadlock.
  self.pid = os.fork()
I0916 17:40:28.990111 139747222361280 spec.py:333] Evaluating on the training split.
I0916 17:40:44.128985 139747222361280 spec.py:346] Evaluating on the validation split.
I0916 17:41:04.318440 139747222361280 spec.py:363] Evaluating on the test split.
I0916 17:41:14.901090 139747222361280 submission_runner.py:516] Time since start: 56888.06s, 	Step: 70255, 	{'train/ctc_loss': 0.2840348426492549, 'train/wer': 0.09836699355836405, 'validation/ctc_loss': 0.5450164997268686, 'validation/wer': 0.1535171148554048, 'validation/num_examples': 5348, 'test/ctc_loss': 0.29990137972611136, 'test/wer': 0.09648000324985274, 'test/num_examples': 2472, 'score': 54981.33536720276, 'total_duration': 56888.05970978737, 'accumulated_submission_time': 54981.33536720276, 'accumulated_eval_time': 1814.6919968128204, 'accumulated_logging_time': 2.7203445434570312}
I0916 17:41:14.968538 139728305223424 logging_writer.py:48] [70255] accumulated_eval_time=1814.69, accumulated_logging_time=2.72034, accumulated_submission_time=54981.3, global_step=70255, preemption_count=0, score=54981.3, test/ctc_loss=0.299901, test/num_examples=2472, test/wer=0.09648, total_duration=56888.1, train/ctc_loss=0.284035, train/wer=0.098367, validation/ctc_loss=0.545016, validation/num_examples=5348, validation/wer=0.153517
I0916 17:43:32.861318 139728296830720 logging_writer.py:48] [70500] global_step=70500, grad_norm=0.5, loss=1.39522
I0916 17:43:32.864827 139747222361280 submission.py:307] 70500) loss = 1.395, grad_norm = 0.500
I0916 17:51:22.955078 139728305223424 logging_writer.py:48] [71000] global_step=71000, grad_norm=0.5, loss=1.40142
I0916 17:51:22.958683 139747222361280 submission.py:307] 71000) loss = 1.401, grad_norm = 0.500
/usr/local/lib/python3.11/multiprocessing/popen_fork.py:66: RuntimeWarning: os.fork() was called. os.fork() is incompatible with multithreaded code, and JAX is multithreaded, so this will likely lead to a deadlock.
  self.pid = os.fork()
I0916 17:56:36.823678 139728305223424 logging_writer.py:48] [71500] global_step=71500, grad_norm=0.5, loss=1.37381
I0916 17:56:36.830467 139747222361280 submission.py:307] 71500) loss = 1.374, grad_norm = 0.500
I0916 18:04:02.302602 139728296830720 logging_writer.py:48] [72000] global_step=72000, grad_norm=0.5, loss=1.3888
I0916 18:04:02.306432 139747222361280 submission.py:307] 72000) loss = 1.389, grad_norm = 0.500
I0916 18:05:22.048189 139728305223424 logging_writer.py:48] [72069] global_step=72069, preemption_count=0, score=56426.9
I0916 18:05:25.127097 139747222361280 submission_runner.py:857] Final librispeech_deepspeech score: 56426.86305117607
