global_step,grad_norm,loss,train/accuracy,train/loss,validation/accuracy,validation/loss,validation/num_examples,test/accuracy,test/loss,test/num_examples,score,total_duration,accumulated_submission_time,accumulated_eval_time,accumulated_logging_time,preemption_count
0,0.28869125,6.907754,,,,,,,,,,,,,,
1,,,0.0008789062267169356,6.907756328582764,0.0009999999310821295,6.9077558517456055,50000.0,0.0010000000474974513,6.907756805419922,10000.0,40.462881326675415,100.75045013427734,40.462881326675415,60.287357807159424,0.0,0.0
