accumulated_eval_time,accumulated_logging_time,accumulated_submission_time,global_step,preemption_count,score,test/loss,test/num_examples,test/ssim,total_duration,train/loss,train/ssim,validation/loss,validation/num_examples,validation/ssim
296.68140029907227,0.0,145.96252608299255,1,0,145.96252608299255,0.9580787162280088,3581,0.268569277305571,443.25169229507446,0.9488812855311802,0.2642372165407453,0.9608388545476928,3554,0.2462564359975116
302.8516414165497,0.3137989044189453,255.07068753242493,674,0,255.07068753242493,0.3024674633700432,3581,0.7256194804174811,560.2429978847504,0.298889228275844,0.7131448473249163,0.3002558393161754,3554,0.7085010397615363
308.98792719841003,0.3557281494140625,364.4821379184723,995,0,364.4821379184723,0.2990059979099763,3581,0.7289548190536861,676.9659667015076,0.2958437715257917,0.7163397925240653,0.2970312458783237,3554,0.7118029146296426
315.6631667613983,0.3941061496734619,473.83408403396606,1323,0,473.83408403396606,0.2970646674724239,3581,0.731409792459334,794.153481721878,0.2941703796386719,0.7185858317783901,0.2950963592958638,3554,0.7143059399400323
321.7869131565094,0.4372060298919678,583.5025293827057,1659,0,583.5025293827057,0.295426109588802,3581,0.7331104592816252,911.1177294254304,0.2927265848432268,0.7202341897147042,0.2935890622801773,3554,0.7159330403462648
327.7571322917938,0.4751982688903808,692.7387928962708,2455,0,692.7387928962708,0.2931829610705808,3581,0.7353182241125035,1027.636147022247,0.290468556540353,0.7225860868181501,0.29147052067213,3554,0.7181325041986142
333.72073245048523,0.5102922916412354,801.3474924564362,5431,0,801.3474924564362,0.2895561331179314,3581,0.739144775595155,1144.1042754650116,0.2870751789637974,0.7263511930193219,0.2880382977916608,3554,0.7219299419448157
339.71209144592285,0.5459556579589844,909.9690308570862,8408,0,909.9690308570862,0.2882291766659103,3581,0.7408031047106255,1260.6181948184967,0.2857547487531389,0.7280093601771763,0.2867835221427441,3554,0.7235709186611916
345.6968948841095,0.5814363956451416,1018.5896019935608,11387,0,1018.5896019935608,0.28759653133508445,3581,0.7416187702893745,1377.1212289333344,0.28492333207811626,0.7290067672729492,0.2861471696723762,3554,0.7243824080261677
