python submission_runner.py --framework=jax --workload=imagenet_resnet --submission_path=submissions_algorithms/submissions/self_tuning/schedule_free_adamw_jax_v2_bn_fix/submission.py --data_dir=/data/imagenet/jax --experiment_dir=/experiment_runs --experiment_name=submissions_a100/schedule_free_adamw_jax_v2_bn_fix/study_0 --overwrite=True --save_checkpoints=False --rng_seed=-999461833 --imagenet_v2_data_dir=/data/imagenet/jax --tuning_ruleset=self 2>&1 | tee -a /logs/imagenet_resnet_jax_08-31-2026-08-45-50.log
2026-08-31 08:45:50.942166: E external/local_xla/xla/stream_executor/cuda/cuda_fft.cc:467] Unable to register cuFFT factory: Attempting to register factory for plugin cuFFT when one has already been registered
WARNING: All log messages before absl::InitializeLog() is called are written to STDERR
E0000 00:00:1788165950.965208      13 cuda_dnn.cc:8579] Unable to register cuDNN factory: Attempting to register factory for plugin cuDNN when one has already been registered
E0000 00:00:1788165950.972781      13 cuda_blas.cc:1407] Unable to register cuBLAS factory: Attempting to register factory for plugin cuBLAS when one has already been registered
W0000 00:00:1788165950.991219      13 computation_placer.cc:177] computation placer already registered. Please check linkage and avoid linking the same target more than once.
W0000 00:00:1788165950.991245      13 computation_placer.cc:177] computation placer already registered. Please check linkage and avoid linking the same target more than once.
W0000 00:00:1788165950.991248      13 computation_placer.cc:177] computation placer already registered. Please check linkage and avoid linking the same target more than once.
W0000 00:00:1788165950.991250      13 computation_placer.cc:177] computation placer already registered. Please check linkage and avoid linking the same target more than once.
/usr/local/lib/python3.11/site-packages/torch/__init__.py:1617: UserWarning: Please use the new API settings to control TF32 behavior, such as torch.backends.cudnn.conv.fp32_precision = 'tf32' or torch.backends.cuda.matmul.fp32_precision = 'ieee'. Old settings, e.g, torch.backends.cuda.matmul.allow_tf32 = True, torch.backends.cudnn.allow_tf32 = True, allowTF32CuDNN() and allowTF32CuBLAS() will be deprecated after Pytorch 2.9. Please see https://pytorch.org/docs/main/notes/cuda.html#tensorfloat-32-tf32-on-ampere-and-later-devices (Triggered internally at /pytorch/aten/src/ATen/Context.cpp:80.)
  _C._set_float32_matmul_precision(precision)
/usr/local/lib/python3.11/site-packages/pydantic/_internal/_generate_schema.py:2249: UnsupportedFieldAttributeWarning: The 'repr' attribute with value False was provided to the `Field()` function, which has no effect in the context it was used. 'repr' is field-specific metadata, and can only be attached to a model field using `Annotated` metadata or by assignment. This may have happened because an `Annotated` type alias using the `type` statement was used, or if the `Field()` function was attached to a single member of a union type.
  warnings.warn(
/usr/local/lib/python3.11/site-packages/pydantic/_internal/_generate_schema.py:2249: UnsupportedFieldAttributeWarning: The 'frozen' attribute with value True was provided to the `Field()` function, which has no effect in the context it was used. 'frozen' is field-specific metadata, and can only be attached to a model field using `Annotated` metadata or by assignment. This may have happened because an `Annotated` type alias using the `type` statement was used, or if the `Field()` function was attached to a single member of a union type.
  warnings.warn(
INFO:2026-08-31 08:46:01,638:jax._src.xla_bridge:830: Unable to initialize backend 'tpu': INTERNAL: Failed to open libtpu.so: libtpu.so: cannot open shared object file: No such file or directory
I0831 08:46:01.638224 139757377230016 xla_bridge.py:830] Unable to initialize backend 'tpu': INTERNAL: Failed to open libtpu.so: libtpu.so: cannot open shared object file: No such file or directory
I0831 08:46:02.395941 139757377230016 logger_utils.py:59] Removing existing experiment directory /experiment_runs/submissions_a100/schedule_free_adamw_jax_v2_bn_fix/study_0/imagenet_resnet_jax because --overwrite was set.
I0831 08:46:02.401387 139757377230016 logger_utils.py:84] Creating experiment directory at /experiment_runs/submissions_a100/schedule_free_adamw_jax_v2_bn_fix/study_0/imagenet_resnet_jax.
I0831 08:46:02.996536 139757377230016 submission_runner.py:741] Creating directory at /experiment_runs/submissions_a100/schedule_free_adamw_jax_v2_bn_fix/study_0/imagenet_resnet_jax/trial_1.
I0831 08:46:03.261393 139757377230016 submission_runner.py:242] Initializing dataset.
I0831 08:46:03.571712 139757377230016 dataset_info.py:707] Load dataset info from /data/imagenet/jax/imagenet2012/5.1.0
I0831 08:46:03.636668 139757377230016 dataset_info.py:793] For 'imagenet2012/5.1.0': fields info.[splits, supervised_keys] differ on disk and in the code. Keeping the one from code.
I0831 08:46:03.914165 139757377230016 reader.py:262] Creating a tf.data.Dataset reading 1024 files located in folders: /data/imagenet/jax/imagenet2012/5.1.0.
I0831 08:46:03.993771 139757377230016 logging_logger.py:49] Constructing tf.data.Dataset imagenet2012 for split train, from /data/imagenet/jax/imagenet2012/5.1.0
I0831 08:46:04.868155 139757377230016 submission_runner.py:251] Initializing model.
I0831 08:46:27.853143 139757377230016 submission_runner.py:294] Initializing optimizer.
I0831 08:46:29.413419 139757377230016 submission_runner.py:299] Initializing metrics bundle.
I0831 08:46:29.413624 139757377230016 submission_runner.py:321] Initializing checkpoint and logger.
I0831 08:46:29.420755 139757377230016 checkpoints.py:1098] Found no checkpoint files in /experiment_runs/submissions_a100/schedule_free_adamw_jax_v2_bn_fix/study_0/imagenet_resnet_jax/trial_1 with prefix checkpoint_
I0831 08:46:29.420875 139757377230016 submission_runner.py:344] Saving meta data to /experiment_runs/submissions_a100/schedule_free_adamw_jax_v2_bn_fix/study_0/imagenet_resnet_jax/trial_1/meta_data_0.json.
I0831 08:46:29.647591 139757377230016 submission_runner.py:348] Saving flags to /experiment_runs/submissions_a100/schedule_free_adamw_jax_v2_bn_fix/study_0/imagenet_resnet_jax/trial_1/flags_0.json.
I0831 08:46:29.662222 139757377230016 submission_runner.py:359] Starting training loop.
/usr/local/lib/python3.11/site-packages/jax/_src/interpreters/mlir.py:1268: UserWarning: Some donated buffers were not usable: float32[64], float32[64], float32[64], float32[64], float32[64], float32[64], float32[256], float32[256], float32[256], float32[256], float32[1,1,64,64], float32[3,3,64,64], float32[1,1,64,256], float32[1,1,64,256], float32[64], float32[64], float32[64], float32[64], float32[256], float32[256], float32[1,1,256,64], float32[3,3,64,64], float32[1,1,64,256], float32[256], float32[256], float32[256], float32[256], float32[1024], float32[1024], float32[1,1,1024,256], float32[3,3,256,256], float32[1,1,256,1024], float32[256], float32[256], float32[256], float32[256], float32[1024], float32[1024], float32[1,1,1024,256], float32[3,3,256,256], float32[1,1,256,1024], float32[256], float32[256], float32[256], float32[256], float32[1024], float32[1024], float32[1,1,1024,256], float32[3,3,256,256], float32[1,1,256,1024], float32[512], float32[512], float32[512], float32[512], float32[2048], float32[2048], float32[2048], float32[2048], float32[1,1,1024,512], float32[3,3,512,512], float32[1,1,512,2048], float32[1,1,1024,2048], float32[512], float32[512], float32[512], float32[512], float32[2048], float32[2048], float32[1,1,2048,512], float32[3,3,512,512], float32[1,1,512,2048], float32[512], float32[512], float32[512], float32[512], float32[2048], float32[2048], float32[1,1,2048,512], float32[3,3,512,512], float32[1,1,512,2048], float32[64], float32[64], float32[64], float32[64], float32[256], float32[256], float32[1,1,256,64], float32[3,3,64,64], float32[1,1,64,256], float32[128], float32[128], float32[128], float32[128], float32[512], float32[512], float32[512], float32[512], float32[1,1,256,128], float32[3,3,128,128], float32[1,1,128,512], float32[1,1,256,512], float32[128], float32[128], float32[128], float32[128], float32[512], float32[512], float32[1,1,512,128], float32[3,3,128,128], float32[1,1,128,512], float32[128], float32[128], float32[128], float32[128], float32[512], float32[512], float32[1,1,512,128], float32[3,3,128,128], float32[1,1,128,512], float32[128], float32[128], float32[128], float32[128], float32[512], float32[512], float32[1,1,512,128], float32[3,3,128,128], float32[1,1,128,512], float32[256], float32[256], float32[256], float32[256], float32[1024], float32[1024], float32[1024], float32[1024], float32[1,1,512,256], float32[3,3,256,256], float32[1,1,256,1024], float32[1,1,512,1024], float32[256], float32[256], float32[256], float32[256], float32[1024], float32[1024], float32[1,1,1024,256], float32[3,3,256,256], float32[1,1,256,1024], float32[256], float32[256], float32[256], float32[256], float32[1024], float32[1024], float32[1,1,1024,256], float32[3,3,256,256], float32[1,1,256,1024], float32[7,7,3,64], float32[1000], float32[2048,1000].
See an explanation at https://docs.jax.dev/en/latest/faq.html#buffer-donation.
  warnings.warn("Some donated buffers were not usable:"
I0831 08:47:22.276690 139598934832896 logging_writer.py:48] [0] global_step=0, grad_norm=0.6744329333305359, loss=6.914268493652344
I0831 08:47:23.463624 139757377230016 spec.py:333] Evaluating on the training split.
I0831 08:47:23.730556 139757377230016 dataset_info.py:707] Load dataset info from /data/imagenet/jax/imagenet2012/5.1.0
I0831 08:47:23.735954 139757377230016 dataset_info.py:793] For 'imagenet2012/5.1.0': fields info.[splits, supervised_keys] differ on disk and in the code. Keeping the one from code.
I0831 08:47:23.754035 139757377230016 reader.py:262] Creating a tf.data.Dataset reading 1024 files located in folders: /data/imagenet/jax/imagenet2012/5.1.0.
I0831 08:47:23.793460 139757377230016 logging_logger.py:49] Constructing tf.data.Dataset imagenet2012 for split train, from /data/imagenet/jax/imagenet2012/5.1.0
I0831 08:47:49.825342 139757377230016 spec.py:346] Evaluating on the validation split.
I0831 08:47:49.829616 139757377230016 dataset_info.py:707] Load dataset info from /data/imagenet/jax/imagenet2012/5.1.0
I0831 08:47:49.851871 139757377230016 dataset_info.py:793] For 'imagenet2012/5.1.0': fields info.[splits, supervised_keys] differ on disk and in the code. Keeping the one from code.
I0831 08:47:49.854423 139757377230016 reader.py:262] Creating a tf.data.Dataset reading 64 files located in folders: /data/imagenet/jax/imagenet2012/5.1.0.
I0831 08:47:49.890127 139757377230016 logging_logger.py:49] Constructing tf.data.Dataset imagenet2012 for split validation, from /data/imagenet/jax/imagenet2012/5.1.0
I0831 08:48:22.311747 139757377230016 spec.py:363] Evaluating on the test split.
I0831 08:48:22.417903 139757377230016 dataset_info.py:707] Load dataset info from /data/imagenet/jax/imagenet_v2/matched-frequency/3.0.0
I0831 08:48:22.510527 139757377230016 reader.py:262] Creating a tf.data.Dataset reading 16 files located in folders: /data/imagenet/jax/imagenet_v2/matched-frequency/3.0.0.
I0831 08:48:22.555934 139757377230016 logging_logger.py:49] Constructing tf.data.Dataset imagenet_v2 for split test, from /data/imagenet/jax/imagenet_v2/matched-frequency/3.0.0
I0831 08:48:28.164529 139757377230016 submission_runner.py:516] Time since start: 118.50s, 	Step: 1, 	{'train/accuracy': Array(0.00107621, dtype=float32), 'train/loss': Array(6.9101987, dtype=float32), 'validation/accuracy': Array(0.0011, dtype=float32), 'validation/loss': Array(6.910505, dtype=float32), 'validation/num_examples': 50000, 'test/accuracy': Array(0.0013, dtype=float32), 'test/loss': Array(6.910612, dtype=float32), 'test/num_examples': 10000, 'score': 53.801310300827026, 'total_duration': 118.50065970420837, 'accumulated_submission_time': 53.801310300827026, 'accumulated_eval_time': 64.69926476478577, 'accumulated_logging_time': 0}
I0831 08:48:28.195801 139540710803200 logging_writer.py:48] [1] accumulated_eval_time=64.6993, accumulated_logging_time=0, accumulated_submission_time=53.8013, global_step=1, preemption_count=0, score=53.8013, test/accuracy=0.0013000001199543476, test/loss=6.910612106323242, test/num_examples=10000, total_duration=118.501, train/accuracy=0.0010762116871774197, train/loss=6.91019868850708, validation/accuracy=0.0010999999940395355, validation/loss=6.9105048179626465, validation/num_examples=50000
/usr/local/lib/python3.11/site-packages/jax/_src/interpreters/mlir.py:1268: UserWarning: Some donated buffers were not usable: float32[64], float32[64], float32[64], float32[64], float32[64], float32[64], float32[256], float32[256], float32[256], float32[256], float32[1,1,64,64], float32[3,3,64,64], float32[1,1,64,256], float32[1,1,64,256], float32[64], float32[64], float32[64], float32[64], float32[256], float32[256], float32[1,1,256,64], float32[3,3,64,64], float32[1,1,64,256], float32[256], float32[256], float32[256], float32[256], float32[1024], float32[1024], float32[1,1,1024,256], float32[3,3,256,256], float32[1,1,256,1024], float32[256], float32[256], float32[256], float32[256], float32[1024], float32[1024], float32[1,1,1024,256], float32[3,3,256,256], float32[1,1,256,1024], float32[256], float32[256], float32[256], float32[256], float32[1024], float32[1024], float32[1,1,1024,256], float32[3,3,256,256], float32[1,1,256,1024], float32[512], float32[512], float32[512], float32[512], float32[2048], float32[2048], float32[2048], float32[2048], float32[1,1,1024,512], float32[3,3,512,512], float32[1,1,512,2048], float32[1,1,1024,2048], float32[512], float32[512], float32[512], float32[512], float32[2048], float32[2048], float32[1,1,2048,512], float32[3,3,512,512], float32[1,1,512,2048], float32[512], float32[512], float32[512], float32[512], float32[2048], float32[2048], float32[1,1,2048,512], float32[3,3,512,512], float32[1,1,512,2048], float32[64], float32[64], float32[64], float32[64], float32[256], float32[256], float32[1,1,256,64], float32[3,3,64,64], float32[1,1,64,256], float32[128], float32[128], float32[128], float32[128], float32[512], float32[512], float32[512], float32[512], float32[1,1,256,128], float32[3,3,128,128], float32[1,1,128,512], float32[1,1,256,512], float32[128], float32[128], float32[128], float32[128], float32[512], float32[512], float32[1,1,512,128], float32[3,3,128,128], float32[1,1,128,512], float32[128], float32[128], float32[128], float32[128], float32[512], float32[512], float32[1,1,512,128], float32[3,3,128,128], float32[1,1,128,512], float32[128], float32[128], float32[128], float32[128], float32[512], float32[512], float32[1,1,512,128], float32[3,3,128,128], float32[1,1,128,512], float32[256], float32[256], float32[256], float32[256], float32[1024], float32[1024], float32[1024], float32[1024], float32[1,1,512,256], float32[3,3,256,256], float32[1,1,256,1024], float32[1,1,512,1024], float32[256], float32[256], float32[256], float32[256], float32[1024], float32[1024], float32[1,1,1024,256], float32[3,3,256,256], float32[1,1,256,1024], float32[256], float32[256], float32[256], float32[256], float32[1024], float32[1024], float32[1,1,1024,256], float32[3,3,256,256], float32[1,1,256,1024], float32[7,7,3,64], float32[1000], float32[2048,1000].
See an explanation at https://docs.jax.dev/en/latest/faq.html#buffer-donation.
  warnings.warn("Some donated buffers were not usable:"
I0831 08:49:10.299362 139540459153152 logging_writer.py:48] [100] global_step=100, grad_norm=0.6860280632972717, loss=6.796332359313965
I0831 08:49:59.633524 139540467545856 logging_writer.py:48] [200] global_step=200, grad_norm=0.8489809632301331, loss=6.484612464904785
I0831 08:50:48.453057 139540459153152 logging_writer.py:48] [300] global_step=300, grad_norm=1.0689995288848877, loss=6.201939582824707
I0831 08:51:37.227531 139540467545856 logging_writer.py:48] [400] global_step=400, grad_norm=2.035437822341919, loss=5.8884477615356445
I0831 08:52:27.273710 139540459153152 logging_writer.py:48] [500] global_step=500, grad_norm=1.8697954416275024, loss=5.808591842651367
I0831 08:53:15.209136 139540467545856 logging_writer.py:48] [600] global_step=600, grad_norm=3.970616579055786, loss=5.630148887634277
I0831 08:54:04.635902 139540459153152 logging_writer.py:48] [700] global_step=700, grad_norm=4.3386640548706055, loss=5.43958854675293
I0831 08:54:53.071150 139540467545856 logging_writer.py:48] [800] global_step=800, grad_norm=3.2051055431365967, loss=5.24249792098999
I0831 08:55:39.954963 139540459153152 logging_writer.py:48] [900] global_step=900, grad_norm=4.9889445304870605, loss=5.143521308898926
I0831 08:56:27.081810 139540467545856 logging_writer.py:48] [1000] global_step=1000, grad_norm=4.439692974090576, loss=4.97685432434082
I0831 08:57:16.693206 139540459153152 logging_writer.py:48] [1100] global_step=1100, grad_norm=5.249515056610107, loss=4.953073501586914
I0831 08:58:05.986883 139540467545856 logging_writer.py:48] [1200] global_step=1200, grad_norm=5.5972113609313965, loss=4.812962532043457
I0831 08:58:41.234569 139540459153152 logging_writer.py:48] [1300] global_step=1300, grad_norm=4.05490255355835, loss=4.6063947677612305
I0831 08:59:08.306896 139540467545856 logging_writer.py:48] [1400] global_step=1400, grad_norm=4.379157543182373, loss=4.607489585876465
I0831 08:59:35.480682 139540459153152 logging_writer.py:48] [1500] global_step=1500, grad_norm=3.1159729957580566, loss=4.377635955810547
I0831 09:00:02.579827 139540467545856 logging_writer.py:48] [1600] global_step=1600, grad_norm=4.363247871398926, loss=4.354098796844482
I0831 09:00:29.663279 139540459153152 logging_writer.py:48] [1700] global_step=1700, grad_norm=5.260931491851807, loss=4.3621296882629395
I0831 09:00:56.839418 139540467545856 logging_writer.py:48] [1800] global_step=1800, grad_norm=5.4478230476379395, loss=4.281497001647949
I0831 09:01:23.936638 139540459153152 logging_writer.py:48] [1900] global_step=1900, grad_norm=4.826054573059082, loss=4.091533660888672
I0831 09:01:51.256285 139540467545856 logging_writer.py:48] [2000] global_step=2000, grad_norm=4.0353264808654785, loss=4.148013591766357
I0831 09:02:18.421770 139540459153152 logging_writer.py:48] [2100] global_step=2100, grad_norm=5.712440013885498, loss=4.054986000061035
I0831 09:02:45.563501 139540467545856 logging_writer.py:48] [2200] global_step=2200, grad_norm=4.179815769195557, loss=3.828669786453247
I0831 09:03:12.686919 139540459153152 logging_writer.py:48] [2300] global_step=2300, grad_norm=3.295295238494873, loss=3.900071144104004
I0831 09:03:39.874315 139540467545856 logging_writer.py:48] [2400] global_step=2400, grad_norm=5.145644664764404, loss=3.8688621520996094
I0831 09:04:06.944254 139540459153152 logging_writer.py:48] [2500] global_step=2500, grad_norm=3.3030648231506348, loss=3.7171175479888916
I0831 09:04:34.034398 139540467545856 logging_writer.py:48] [2600] global_step=2600, grad_norm=4.079652309417725, loss=3.558654308319092
I0831 09:05:01.180208 139540459153152 logging_writer.py:48] [2700] global_step=2700, grad_norm=4.294636249542236, loss=3.553633689880371
I0831 09:05:28.297868 139540467545856 logging_writer.py:48] [2800] global_step=2800, grad_norm=3.4494917392730713, loss=3.404123306274414
I0831 09:05:55.396698 139540459153152 logging_writer.py:48] [2900] global_step=2900, grad_norm=3.6309683322906494, loss=3.449347496032715
I0831 09:06:22.797955 139540467545856 logging_writer.py:48] [3000] global_step=3000, grad_norm=4.545529365539551, loss=3.322761297225952
I0831 09:06:49.915161 139540459153152 logging_writer.py:48] [3100] global_step=3100, grad_norm=3.627488851547241, loss=3.417109251022339
I0831 09:07:17.033184 139540467545856 logging_writer.py:48] [3200] global_step=3200, grad_norm=2.8654136657714844, loss=3.220179319381714
I0831 09:07:44.195625 139540459153152 logging_writer.py:48] [3300] global_step=3300, grad_norm=3.651508331298828, loss=3.187009811401367
I0831 09:08:11.306868 139540467545856 logging_writer.py:48] [3400] global_step=3400, grad_norm=3.55690598487854, loss=3.1201210021972656
I0831 09:08:38.411463 139540459153152 logging_writer.py:48] [3500] global_step=3500, grad_norm=3.3634865283966064, loss=3.0035715103149414
I0831 09:09:05.595075 139540467545856 logging_writer.py:48] [3600] global_step=3600, grad_norm=3.388749361038208, loss=3.0160908699035645
I0831 09:09:32.691494 139540459153152 logging_writer.py:48] [3700] global_step=3700, grad_norm=2.7773454189300537, loss=3.1409807205200195
I0831 09:09:59.780807 139540467545856 logging_writer.py:48] [3800] global_step=3800, grad_norm=3.021484851837158, loss=2.8881890773773193
I0831 09:10:26.945915 139540459153152 logging_writer.py:48] [3900] global_step=3900, grad_norm=3.2017390727996826, loss=2.949516773223877
I0831 09:10:54.061642 139540467545856 logging_writer.py:48] [4000] global_step=4000, grad_norm=2.9251468181610107, loss=2.765871286392212
I0831 09:11:21.382022 139540459153152 logging_writer.py:48] [4100] global_step=4100, grad_norm=3.714607000350952, loss=2.847548484802246
I0831 09:11:48.572063 139540467545856 logging_writer.py:48] [4200] global_step=4200, grad_norm=2.4411838054656982, loss=2.8455421924591064
I0831 09:12:15.676466 139540459153152 logging_writer.py:48] [4300] global_step=4300, grad_norm=3.9159207344055176, loss=2.766733169555664
I0831 09:12:42.794403 139540467545856 logging_writer.py:48] [4400] global_step=4400, grad_norm=2.2171683311462402, loss=2.6653366088867188
I0831 09:13:10.003541 139540459153152 logging_writer.py:48] [4500] global_step=4500, grad_norm=3.2516491413116455, loss=2.638270378112793
I0831 09:13:37.118839 139540467545856 logging_writer.py:48] [4600] global_step=4600, grad_norm=2.954125165939331, loss=2.5777575969696045
I0831 09:14:04.209929 139540459153152 logging_writer.py:48] [4700] global_step=4700, grad_norm=2.444253444671631, loss=2.624563694000244
I0831 09:14:31.387999 139540467545856 logging_writer.py:48] [4800] global_step=4800, grad_norm=2.2688074111938477, loss=2.644932746887207
I0831 09:14:58.508377 139540459153152 logging_writer.py:48] [4900] global_step=4900, grad_norm=2.913524866104126, loss=2.5804240703582764
I0831 09:15:25.619944 139540467545856 logging_writer.py:48] [5000] global_step=5000, grad_norm=3.028923749923706, loss=2.500077247619629
I0831 09:15:53.013469 139540459153152 logging_writer.py:48] [5100] global_step=5100, grad_norm=2.381420135498047, loss=2.496798038482666
I0831 09:16:20.112979 139540467545856 logging_writer.py:48] [5200] global_step=5200, grad_norm=2.5973732471466064, loss=2.3642289638519287
I0831 09:16:47.220714 139540459153152 logging_writer.py:48] [5300] global_step=5300, grad_norm=2.116661787033081, loss=2.403353214263916
I0831 09:17:14.395443 139540467545856 logging_writer.py:48] [5400] global_step=5400, grad_norm=2.644618034362793, loss=2.4623560905456543
I0831 09:17:41.510859 139540459153152 logging_writer.py:48] [5500] global_step=5500, grad_norm=2.4153525829315186, loss=2.2745778560638428
I0831 09:18:08.608169 139540467545856 logging_writer.py:48] [5600] global_step=5600, grad_norm=2.4079883098602295, loss=2.4579966068267822
I0831 09:18:35.785987 139540459153152 logging_writer.py:48] [5700] global_step=5700, grad_norm=2.4223523139953613, loss=2.3152859210968018
I0831 09:19:02.893011 139540467545856 logging_writer.py:48] [5800] global_step=5800, grad_norm=2.574902296066284, loss=2.3781397342681885
I0831 09:19:30.018755 139540459153152 logging_writer.py:48] [5900] global_step=5900, grad_norm=2.499323606491089, loss=2.262944459915161
I0831 09:19:57.198277 139540467545856 logging_writer.py:48] [6000] global_step=6000, grad_norm=2.5902411937713623, loss=2.2581727504730225
I0831 09:20:24.288435 139540459153152 logging_writer.py:48] [6100] global_step=6100, grad_norm=2.0480172634124756, loss=2.238314390182495
I0831 09:20:51.688616 139540467545856 logging_writer.py:48] [6200] global_step=6200, grad_norm=2.4927284717559814, loss=2.2575788497924805
I0831 09:21:18.927880 139540459153152 logging_writer.py:48] [6300] global_step=6300, grad_norm=2.9313101768493652, loss=2.211747646331787
I0831 09:21:44.277741 139757377230016 spec.py:333] Evaluating on the training split.
I0831 09:21:54.956246 139757377230016 spec.py:346] Evaluating on the validation split.
I0831 09:22:05.031423 139757377230016 spec.py:363] Evaluating on the test split.
I0831 09:22:06.031125 139757377230016 submission_runner.py:516] Time since start: 2136.37s, 	Step: 6395, 	{'train/accuracy': Array(0.6256776, dtype=float32), 'train/loss': Array(1.5689651, dtype=float32), 'validation/accuracy': Array(0.56868, dtype=float32), 'validation/loss': Array(1.8507421, dtype=float32), 'validation/num_examples': 50000, 'test/accuracy': Array(0.43960002, dtype=float32), 'test/loss': Array(2.5965824, dtype=float32), 'test/num_examples': 10000, 'score': 2049.826003551483, 'total_duration': 2136.365298271179, 'accumulated_submission_time': 2049.826003551483, 'accumulated_eval_time': 86.44905090332031, 'accumulated_logging_time': 0.03977036476135254}
I0831 09:22:06.087952 139540719195904 logging_writer.py:48] [6395] accumulated_eval_time=86.4491, accumulated_logging_time=0.0397704, accumulated_submission_time=2049.83, global_step=6395, preemption_count=0, score=2049.83, test/accuracy=0.43960002064704895, test/loss=2.5965824127197266, test/num_examples=10000, total_duration=2136.37, train/accuracy=0.6256775856018066, train/loss=1.5689650774002075, validation/accuracy=0.5686799883842468, validation/loss=1.8507421016693115, validation/num_examples=50000
I0831 09:22:07.849803 139540727588608 logging_writer.py:48] [6400] global_step=6400, grad_norm=2.3953588008880615, loss=2.3829550743103027
I0831 09:22:35.075583 139540719195904 logging_writer.py:48] [6500] global_step=6500, grad_norm=2.4519715309143066, loss=2.1553525924682617
I0831 09:23:02.258405 139540727588608 logging_writer.py:48] [6600] global_step=6600, grad_norm=2.8765344619750977, loss=2.18791127204895
I0831 09:23:29.391064 139540719195904 logging_writer.py:48] [6700] global_step=6700, grad_norm=2.5946249961853027, loss=2.205749988555908
I0831 09:23:56.512482 139540727588608 logging_writer.py:48] [6800] global_step=6800, grad_norm=1.8977155685424805, loss=2.088545799255371
I0831 09:24:23.705001 139540719195904 logging_writer.py:48] [6900] global_step=6900, grad_norm=2.2655646800994873, loss=2.188692569732666
I0831 09:24:50.862033 139540727588608 logging_writer.py:48] [7000] global_step=7000, grad_norm=2.6860148906707764, loss=2.096611499786377
I0831 09:25:18.003448 139540719195904 logging_writer.py:48] [7100] global_step=7100, grad_norm=2.7385330200195312, loss=2.0667901039123535
I0831 09:25:45.202214 139540727588608 logging_writer.py:48] [7200] global_step=7200, grad_norm=2.54921817779541, loss=2.0317254066467285
I0831 09:26:12.540767 139540719195904 logging_writer.py:48] [7300] global_step=7300, grad_norm=2.3847198486328125, loss=2.1349599361419678
I0831 09:26:39.639805 139540727588608 logging_writer.py:48] [7400] global_step=7400, grad_norm=3.0261738300323486, loss=2.1404995918273926
I0831 09:27:06.837857 139540719195904 logging_writer.py:48] [7500] global_step=7500, grad_norm=2.2785348892211914, loss=2.051191568374634
I0831 09:27:33.953276 139540727588608 logging_writer.py:48] [7600] global_step=7600, grad_norm=2.905258893966675, loss=2.0209150314331055
I0831 09:28:01.042492 139540719195904 logging_writer.py:48] [7700] global_step=7700, grad_norm=2.252206802368164, loss=2.1314549446105957
I0831 09:28:28.207807 139540727588608 logging_writer.py:48] [7800] global_step=7800, grad_norm=2.3922119140625, loss=2.136021375656128
I0831 09:28:55.287560 139540719195904 logging_writer.py:48] [7900] global_step=7900, grad_norm=2.025501251220703, loss=1.976367473602295
I0831 09:29:22.414036 139540727588608 logging_writer.py:48] [8000] global_step=8000, grad_norm=2.2612087726593018, loss=1.9049280881881714
I0831 09:29:49.580972 139540719195904 logging_writer.py:48] [8100] global_step=8100, grad_norm=3.101289749145508, loss=2.07089900970459
I0831 09:30:16.702055 139540727588608 logging_writer.py:48] [8200] global_step=8200, grad_norm=2.6022586822509766, loss=1.9978675842285156
I0831 09:30:44.050298 139540719195904 logging_writer.py:48] [8300] global_step=8300, grad_norm=2.656414031982422, loss=1.9280245304107666
I0831 09:31:11.205246 139540727588608 logging_writer.py:48] [8400] global_step=8400, grad_norm=2.0691564083099365, loss=2.0323984622955322
I0831 09:31:38.309885 139540719195904 logging_writer.py:48] [8500] global_step=8500, grad_norm=2.704132080078125, loss=1.9894758462905884
I0831 09:32:05.398619 139540727588608 logging_writer.py:48] [8600] global_step=8600, grad_norm=2.2918899059295654, loss=1.8938233852386475
I0831 09:32:32.558248 139540719195904 logging_writer.py:48] [8700] global_step=8700, grad_norm=2.8639109134674072, loss=1.8969879150390625
I0831 09:32:59.689872 139540727588608 logging_writer.py:48] [8800] global_step=8800, grad_norm=2.5532844066619873, loss=2.0150439739227295
I0831 09:33:26.809526 139540719195904 logging_writer.py:48] [8900] global_step=8900, grad_norm=3.2368154525756836, loss=1.959276556968689
I0831 09:33:53.986835 139540727588608 logging_writer.py:48] [9000] global_step=9000, grad_norm=2.3949527740478516, loss=1.8857829570770264
I0831 09:34:21.090270 139540719195904 logging_writer.py:48] [9100] global_step=9100, grad_norm=2.3167433738708496, loss=1.8994563817977905
I0831 09:34:48.174309 139540727588608 logging_writer.py:48] [9200] global_step=9200, grad_norm=2.2682154178619385, loss=1.915427327156067
I0831 09:35:15.372652 139540719195904 logging_writer.py:48] [9300] global_step=9300, grad_norm=1.789599895477295, loss=1.7792565822601318
I0831 09:35:42.707122 139540727588608 logging_writer.py:48] [9400] global_step=9400, grad_norm=2.2247719764709473, loss=1.8861719369888306
I0831 09:36:09.808723 139540719195904 logging_writer.py:48] [9500] global_step=9500, grad_norm=2.167947769165039, loss=1.9237910509109497
I0831 09:36:37.043987 139540727588608 logging_writer.py:48] [9600] global_step=9600, grad_norm=2.227323293685913, loss=1.800553798675537
I0831 09:37:04.181745 139540719195904 logging_writer.py:48] [9700] global_step=9700, grad_norm=1.8557896614074707, loss=1.7982640266418457
I0831 09:37:31.339177 139540727588608 logging_writer.py:48] [9800] global_step=9800, grad_norm=2.230602502822876, loss=1.812801480293274
I0831 09:37:58.865085 139540719195904 logging_writer.py:48] [9900] global_step=9900, grad_norm=1.8674036264419556, loss=1.8508939743041992
I0831 09:38:26.429589 139540727588608 logging_writer.py:48] [10000] global_step=10000, grad_norm=2.016143321990967, loss=1.8326280117034912
I0831 09:38:53.786630 139540719195904 logging_writer.py:48] [10100] global_step=10100, grad_norm=2.6098203659057617, loss=1.8939179182052612
I0831 09:39:21.197757 139540727588608 logging_writer.py:48] [10200] global_step=10200, grad_norm=2.486398220062256, loss=1.829833745956421
I0831 09:39:48.288702 139540719195904 logging_writer.py:48] [10300] global_step=10300, grad_norm=2.1197168827056885, loss=1.787002682685852
I0831 09:40:15.606040 139540727588608 logging_writer.py:48] [10400] global_step=10400, grad_norm=2.551349401473999, loss=1.8501476049423218
I0831 09:40:42.761992 139540719195904 logging_writer.py:48] [10500] global_step=10500, grad_norm=2.1618452072143555, loss=1.7364336252212524
I0831 09:41:09.869085 139540727588608 logging_writer.py:48] [10600] global_step=10600, grad_norm=2.595633029937744, loss=1.7848546504974365
I0831 09:41:36.970292 139540719195904 logging_writer.py:48] [10700] global_step=10700, grad_norm=2.30145525932312, loss=1.739357829093933
I0831 09:42:04.128305 139540727588608 logging_writer.py:48] [10800] global_step=10800, grad_norm=2.1686511039733887, loss=1.7244539260864258
I0831 09:42:31.240156 139540719195904 logging_writer.py:48] [10900] global_step=10900, grad_norm=2.149010419845581, loss=1.7005544900894165
I0831 09:42:58.351098 139540727588608 logging_writer.py:48] [11000] global_step=11000, grad_norm=2.283306837081909, loss=1.7669949531555176
I0831 09:43:25.528100 139540719195904 logging_writer.py:48] [11100] global_step=11100, grad_norm=2.230611801147461, loss=1.705134630203247
I0831 09:43:52.602515 139540727588608 logging_writer.py:48] [11200] global_step=11200, grad_norm=2.1108078956604004, loss=1.836393117904663
I0831 09:44:19.738616 139540719195904 logging_writer.py:48] [11300] global_step=11300, grad_norm=2.2637734413146973, loss=1.7684381008148193
I0831 09:44:46.915490 139540727588608 logging_writer.py:48] [11400] global_step=11400, grad_norm=2.2170448303222656, loss=1.7492544651031494
I0831 09:45:14.233112 139540719195904 logging_writer.py:48] [11500] global_step=11500, grad_norm=2.292778730392456, loss=1.7742791175842285
I0831 09:45:41.351654 139540727588608 logging_writer.py:48] [11600] global_step=11600, grad_norm=1.9491803646087646, loss=1.691994547843933
I0831 09:46:08.526179 139540719195904 logging_writer.py:48] [11700] global_step=11700, grad_norm=2.3708863258361816, loss=1.637040376663208
I0831 09:46:35.639300 139540727588608 logging_writer.py:48] [11800] global_step=11800, grad_norm=2.954817533493042, loss=1.7830240726470947
I0831 09:47:02.767083 139540719195904 logging_writer.py:48] [11900] global_step=11900, grad_norm=2.252830982208252, loss=1.7220581769943237
I0831 09:47:29.932803 139540727588608 logging_writer.py:48] [12000] global_step=12000, grad_norm=2.3853113651275635, loss=1.7560423612594604
I0831 09:47:57.025314 139540719195904 logging_writer.py:48] [12100] global_step=12100, grad_norm=2.207202196121216, loss=1.7237346172332764
I0831 09:48:24.142941 139540727588608 logging_writer.py:48] [12200] global_step=12200, grad_norm=2.3745133876800537, loss=1.6723917722702026
I0831 09:48:51.354018 139540719195904 logging_writer.py:48] [12300] global_step=12300, grad_norm=2.9911558628082275, loss=1.6431628465652466
I0831 09:49:18.466163 139540727588608 logging_writer.py:48] [12400] global_step=12400, grad_norm=2.4188966751098633, loss=1.7261488437652588
I0831 09:49:45.775169 139540719195904 logging_writer.py:48] [12500] global_step=12500, grad_norm=2.525672435760498, loss=1.680429458618164
I0831 09:50:12.946755 139540727588608 logging_writer.py:48] [12600] global_step=12600, grad_norm=2.2774715423583984, loss=1.749212384223938
I0831 09:50:40.058662 139540719195904 logging_writer.py:48] [12700] global_step=12700, grad_norm=2.005841016769409, loss=1.6487700939178467
I0831 09:51:07.136183 139540727588608 logging_writer.py:48] [12800] global_step=12800, grad_norm=2.4042255878448486, loss=1.798248291015625
I0831 09:51:34.289035 139540719195904 logging_writer.py:48] [12900] global_step=12900, grad_norm=2.135181188583374, loss=1.6885521411895752
I0831 09:52:01.390072 139540727588608 logging_writer.py:48] [13000] global_step=13000, grad_norm=2.6341793537139893, loss=1.670894742012024
I0831 09:52:28.562095 139540719195904 logging_writer.py:48] [13100] global_step=13100, grad_norm=2.189192295074463, loss=1.5263959169387817
I0831 09:52:55.703136 139540727588608 logging_writer.py:48] [13200] global_step=13200, grad_norm=2.112290382385254, loss=1.6569252014160156
I0831 09:53:22.840547 139540719195904 logging_writer.py:48] [13300] global_step=13300, grad_norm=2.6336147785186768, loss=1.635023593902588
I0831 09:53:49.956808 139540727588608 logging_writer.py:48] [13400] global_step=13400, grad_norm=2.468625068664551, loss=1.568206548690796
I0831 09:54:17.143648 139540719195904 logging_writer.py:48] [13500] global_step=13500, grad_norm=2.2449703216552734, loss=1.5940901041030884
I0831 09:54:44.496119 139540727588608 logging_writer.py:48] [13600] global_step=13600, grad_norm=2.6835951805114746, loss=1.667227029800415
I0831 09:55:11.605710 139540719195904 logging_writer.py:48] [13700] global_step=13700, grad_norm=2.4242160320281982, loss=1.6533634662628174
I0831 09:55:22.103456 139757377230016 spec.py:333] Evaluating on the training split.
I0831 09:55:33.517985 139757377230016 spec.py:346] Evaluating on the validation split.
I0831 09:55:43.287672 139757377230016 spec.py:363] Evaluating on the test split.
I0831 09:55:44.160509 139757377230016 submission_runner.py:516] Time since start: 4154.49s, 	Step: 13740, 	{'train/accuracy': Array(0.75713485, dtype=float32), 'train/loss': Array(0.9526457, dtype=float32), 'validation/accuracy': Array(0.66587996, dtype=float32), 'validation/loss': Array(1.383565, dtype=float32), 'validation/num_examples': 50000, 'test/accuracy': Array(0.5343, dtype=float32), 'test/loss': Array(2.1114912, dtype=float32), 'test/num_examples': 10000, 'score': 4045.7496836185455, 'total_duration': 4154.4920818805695, 'accumulated_submission_time': 4045.7496836185455, 'accumulated_eval_time': 108.49990367889404, 'accumulated_logging_time': 0.1349964141845703}
I0831 09:55:44.198232 139540727588608 logging_writer.py:48] [13740] accumulated_eval_time=108.5, accumulated_logging_time=0.134996, accumulated_submission_time=4045.75, global_step=13740, preemption_count=0, score=4045.75, test/accuracy=0.5343000292778015, test/loss=2.1114912033081055, test/num_examples=10000, total_duration=4154.49, train/accuracy=0.7571348547935486, train/loss=0.9526457190513611, validation/accuracy=0.6658799648284912, validation/loss=1.3835649490356445, validation/num_examples=50000
I0831 09:56:00.866657 139540727588608 logging_writer.py:48] [13800] global_step=13800, grad_norm=2.9247355461120605, loss=1.6157665252685547
I0831 09:56:27.978312 139540719195904 logging_writer.py:48] [13900] global_step=13900, grad_norm=2.487575054168701, loss=1.7263990640640259
I0831 09:56:55.058404 139540727588608 logging_writer.py:48] [14000] global_step=14000, grad_norm=2.314270496368408, loss=1.5998975038528442
I0831 09:57:22.223715 139540719195904 logging_writer.py:48] [14100] global_step=14100, grad_norm=2.5474886894226074, loss=1.5780583620071411
I0831 09:57:49.315496 139540727588608 logging_writer.py:48] [14200] global_step=14200, grad_norm=2.240269660949707, loss=1.6310772895812988
I0831 09:58:16.403185 139540719195904 logging_writer.py:48] [14300] global_step=14300, grad_norm=2.3761141300201416, loss=1.6258517503738403
I0831 09:58:43.572210 139540727588608 logging_writer.py:48] [14400] global_step=14400, grad_norm=2.4127097129821777, loss=1.5797104835510254
I0831 09:59:10.675673 139540719195904 logging_writer.py:48] [14500] global_step=14500, grad_norm=2.6421759128570557, loss=1.604823112487793
I0831 09:59:37.766547 139540727588608 logging_writer.py:48] [14600] global_step=14600, grad_norm=2.765028953552246, loss=1.6098766326904297
I0831 10:00:05.133627 139540719195904 logging_writer.py:48] [14700] global_step=14700, grad_norm=2.5833792686462402, loss=1.6327356100082397
I0831 10:00:32.238925 139540727588608 logging_writer.py:48] [14800] global_step=14800, grad_norm=2.3662049770355225, loss=1.5503499507904053
I0831 10:00:59.347378 139540719195904 logging_writer.py:48] [14900] global_step=14900, grad_norm=2.9328174591064453, loss=1.5539522171020508
I0831 10:01:26.505471 139540727588608 logging_writer.py:48] [15000] global_step=15000, grad_norm=2.5427913665771484, loss=1.5619895458221436
I0831 10:01:53.632505 139540719195904 logging_writer.py:48] [15100] global_step=15100, grad_norm=2.7473244667053223, loss=1.6411395072937012
I0831 10:02:20.736697 139540727588608 logging_writer.py:48] [15200] global_step=15200, grad_norm=2.8432211875915527, loss=1.5915170907974243
I0831 10:02:47.899092 139540719195904 logging_writer.py:48] [15300] global_step=15300, grad_norm=2.464256525039673, loss=1.650564432144165
I0831 10:03:15.010691 139540727588608 logging_writer.py:48] [15400] global_step=15400, grad_norm=2.587932586669922, loss=1.6801741123199463
I0831 10:03:42.126036 139540719195904 logging_writer.py:48] [15500] global_step=15500, grad_norm=2.929628610610962, loss=1.7180150747299194
I0831 10:04:09.276400 139540727588608 logging_writer.py:48] [15600] global_step=15600, grad_norm=2.6715075969696045, loss=1.587929368019104
I0831 10:04:36.591128 139540719195904 logging_writer.py:48] [15700] global_step=15700, grad_norm=2.594147205352783, loss=1.510210633277893
I0831 10:05:03.711326 139540727588608 logging_writer.py:48] [15800] global_step=15800, grad_norm=2.56847882270813, loss=1.664489984512329
I0831 10:05:30.880602 139540719195904 logging_writer.py:48] [15900] global_step=15900, grad_norm=2.9320390224456787, loss=1.5827500820159912
I0831 10:05:57.989542 139540727588608 logging_writer.py:48] [16000] global_step=16000, grad_norm=2.91140079498291, loss=1.6061723232269287
I0831 10:06:25.110658 139540719195904 logging_writer.py:48] [16100] global_step=16100, grad_norm=3.0662012100219727, loss=1.5521304607391357
I0831 10:06:52.277197 139540727588608 logging_writer.py:48] [16200] global_step=16200, grad_norm=2.7371127605438232, loss=1.5358161926269531
I0831 10:07:19.396139 139540719195904 logging_writer.py:48] [16300] global_step=16300, grad_norm=2.9295170307159424, loss=1.5253418684005737
I0831 10:07:46.501785 139540727588608 logging_writer.py:48] [16400] global_step=16400, grad_norm=2.804436683654785, loss=1.4761290550231934
I0831 10:08:13.676750 139540719195904 logging_writer.py:48] [16500] global_step=16500, grad_norm=3.475895643234253, loss=1.6188033819198608
I0831 10:08:40.780055 139540727588608 logging_writer.py:48] [16600] global_step=16600, grad_norm=2.843618631362915, loss=1.440528154373169
I0831 10:09:07.872628 139540719195904 logging_writer.py:48] [16700] global_step=16700, grad_norm=2.9456183910369873, loss=1.6323065757751465
I0831 10:09:35.224353 139540727588608 logging_writer.py:48] [16800] global_step=16800, grad_norm=3.1221704483032227, loss=1.5898852348327637
I0831 10:10:02.321914 139540719195904 logging_writer.py:48] [16900] global_step=16900, grad_norm=3.4443001747131348, loss=1.6145122051239014
I0831 10:10:29.415445 139540727588608 logging_writer.py:48] [17000] global_step=17000, grad_norm=3.114633083343506, loss=1.609286904335022
I0831 10:10:56.582131 139540719195904 logging_writer.py:48] [17100] global_step=17100, grad_norm=2.8715944290161133, loss=1.415501594543457
I0831 10:11:23.675252 139540727588608 logging_writer.py:48] [17200] global_step=17200, grad_norm=3.337390661239624, loss=1.5409317016601562
I0831 10:11:50.795716 139540719195904 logging_writer.py:48] [17300] global_step=17300, grad_norm=2.9945621490478516, loss=1.453870177268982
I0831 10:12:17.974304 139540727588608 logging_writer.py:48] [17400] global_step=17400, grad_norm=3.0368294715881348, loss=1.4843043088912964
I0831 10:12:45.067491 139540719195904 logging_writer.py:48] [17500] global_step=17500, grad_norm=3.077991247177124, loss=1.4751956462860107
I0831 10:13:12.227694 139540727588608 logging_writer.py:48] [17600] global_step=17600, grad_norm=3.211374282836914, loss=1.5701603889465332
I0831 10:13:39.401212 139540719195904 logging_writer.py:48] [17700] global_step=17700, grad_norm=3.43701434135437, loss=1.6494673490524292
I0831 10:14:06.650123 139540727588608 logging_writer.py:48] [17800] global_step=17800, grad_norm=3.425670623779297, loss=1.5263237953186035
I0831 10:14:33.740127 139540719195904 logging_writer.py:48] [17900] global_step=17900, grad_norm=3.518460512161255, loss=1.5226722955703735
I0831 10:15:00.892085 139540727588608 logging_writer.py:48] [18000] global_step=18000, grad_norm=3.443199872970581, loss=1.5015571117401123
I0831 10:15:28.006851 139540719195904 logging_writer.py:48] [18100] global_step=18100, grad_norm=3.6929986476898193, loss=1.4996833801269531
I0831 10:15:55.123241 139540727588608 logging_writer.py:48] [18200] global_step=18200, grad_norm=3.5989232063293457, loss=1.419275164604187
I0831 10:16:22.295714 139540719195904 logging_writer.py:48] [18300] global_step=18300, grad_norm=3.999492883682251, loss=1.5664268732070923
I0831 10:16:49.395874 139540727588608 logging_writer.py:48] [18400] global_step=18400, grad_norm=4.027578353881836, loss=1.5067591667175293
I0831 10:17:16.497887 139540719195904 logging_writer.py:48] [18500] global_step=18500, grad_norm=3.6771106719970703, loss=1.4374092817306519
I0831 10:17:43.733538 139540727588608 logging_writer.py:48] [18600] global_step=18600, grad_norm=4.272151947021484, loss=1.6163733005523682
I0831 10:18:10.834214 139540719195904 logging_writer.py:48] [18700] global_step=18700, grad_norm=4.046473979949951, loss=1.5734844207763672
I0831 10:18:37.959108 139540727588608 logging_writer.py:48] [18800] global_step=18800, grad_norm=4.362948417663574, loss=1.5825697183609009
I0831 10:19:05.368608 139540719195904 logging_writer.py:48] [18900] global_step=18900, grad_norm=4.670261383056641, loss=1.452459692955017
I0831 10:19:32.503671 139540727588608 logging_writer.py:48] [19000] global_step=19000, grad_norm=4.418466567993164, loss=1.5249208211898804
I0831 10:19:59.633135 139540719195904 logging_writer.py:48] [19100] global_step=19100, grad_norm=4.4973931312561035, loss=1.42304527759552
I0831 10:20:26.787700 139540727588608 logging_writer.py:48] [19200] global_step=19200, grad_norm=4.5855631828308105, loss=1.4709618091583252
I0831 10:20:53.882232 139540719195904 logging_writer.py:48] [19300] global_step=19300, grad_norm=5.289451599121094, loss=1.6386706829071045
I0831 10:21:21.004482 139540727588608 logging_writer.py:48] [19400] global_step=19400, grad_norm=4.795241832733154, loss=1.467435598373413
I0831 10:21:48.175781 139540719195904 logging_writer.py:48] [19500] global_step=19500, grad_norm=5.48272180557251, loss=1.4683492183685303
I0831 10:22:15.296750 139540727588608 logging_writer.py:48] [19600] global_step=19600, grad_norm=5.387566089630127, loss=1.4379559755325317
I0831 10:22:42.413926 139540719195904 logging_writer.py:48] [19700] global_step=19700, grad_norm=5.492058277130127, loss=1.4219332933425903
I0831 10:23:09.587232 139540727588608 logging_writer.py:48] [19800] global_step=19800, grad_norm=5.954037189483643, loss=1.548330307006836
I0831 10:23:36.874991 139540719195904 logging_writer.py:48] [19900] global_step=19900, grad_norm=6.324367046356201, loss=1.49332857131958
I0831 10:24:04.030058 139540727588608 logging_writer.py:48] [20000] global_step=20000, grad_norm=6.676005840301514, loss=1.525114893913269
I0831 10:24:31.201773 139540719195904 logging_writer.py:48] [20100] global_step=20100, grad_norm=7.180425643920898, loss=1.6376086473464966
I0831 10:24:58.312022 139540727588608 logging_writer.py:48] [20200] global_step=20200, grad_norm=6.891312599182129, loss=1.5392935276031494
I0831 10:25:25.428666 139540719195904 logging_writer.py:48] [20300] global_step=20300, grad_norm=6.966064453125, loss=1.477125644683838
I0831 10:25:52.586144 139540727588608 logging_writer.py:48] [20400] global_step=20400, grad_norm=7.211143493652344, loss=1.5515682697296143
I0831 10:26:19.673496 139540719195904 logging_writer.py:48] [20500] global_step=20500, grad_norm=7.457107067108154, loss=1.4731723070144653
I0831 10:26:46.818024 139540727588608 logging_writer.py:48] [20600] global_step=20600, grad_norm=7.430365562438965, loss=1.4786523580551147
I0831 10:27:14.032456 139540719195904 logging_writer.py:48] [20700] global_step=20700, grad_norm=7.629820823669434, loss=1.4592504501342773
I0831 10:27:41.139577 139540727588608 logging_writer.py:48] [20800] global_step=20800, grad_norm=8.020670890808105, loss=1.4321132898330688
I0831 10:28:08.270686 139540719195904 logging_writer.py:48] [20900] global_step=20900, grad_norm=8.064123153686523, loss=1.4215633869171143
I0831 10:28:35.673534 139540727588608 logging_writer.py:48] [21000] global_step=21000, grad_norm=8.3737211227417, loss=1.435939073562622
I0831 10:29:00.189251 139757377230016 spec.py:333] Evaluating on the training split.
I0831 10:29:11.464420 139757377230016 spec.py:346] Evaluating on the validation split.
I0831 10:29:22.143092 139757377230016 spec.py:363] Evaluating on the test split.
I0831 10:29:23.018645 139757377230016 submission_runner.py:516] Time since start: 6173.35s, 	Step: 21092, 	{'train/accuracy': Array(0.80626196, dtype=float32), 'train/loss': Array(0.7468492, dtype=float32), 'validation/accuracy': Array(0.69604, dtype=float32), 'validation/loss': Array(1.2423426, dtype=float32), 'validation/num_examples': 50000, 'test/accuracy': Array(0.5665, dtype=float32), 'test/loss': Array(1.966288, dtype=float32), 'test/num_examples': 10000, 'score': 6041.659068584442, 'total_duration': 6173.354122161865, 'accumulated_submission_time': 6041.659068584442, 'accumulated_eval_time': 131.3270001411438, 'accumulated_logging_time': 0.20162391662597656}
I0831 10:29:23.054018 139540719195904 logging_writer.py:48] [21092] accumulated_eval_time=131.327, accumulated_logging_time=0.201624, accumulated_submission_time=6041.66, global_step=21092, preemption_count=0, score=6041.66, test/accuracy=0.5665000081062317, test/loss=1.9662879705429077, test/num_examples=10000, total_duration=6173.35, train/accuracy=0.8062619566917419, train/loss=0.7468491792678833, validation/accuracy=0.6960399746894836, validation/loss=1.2423425912857056, validation/num_examples=50000
I0831 10:29:25.682582 139540727588608 logging_writer.py:48] [21100] global_step=21100, grad_norm=9.557382583618164, loss=1.4255931377410889
I0831 10:29:52.888407 139540719195904 logging_writer.py:48] [21200] global_step=21200, grad_norm=9.634325981140137, loss=1.5469609498977661
I0831 10:30:20.019183 139540727588608 logging_writer.py:48] [21300] global_step=21300, grad_norm=9.685497283935547, loss=1.6118385791778564
I0831 10:30:47.111061 139540719195904 logging_writer.py:48] [21400] global_step=21400, grad_norm=9.886861801147461, loss=1.5240147113800049
I0831 10:31:14.244115 139540727588608 logging_writer.py:48] [21500] global_step=21500, grad_norm=9.797523498535156, loss=1.4754592180252075
I0831 10:31:41.443229 139540719195904 logging_writer.py:48] [21600] global_step=21600, grad_norm=10.45247745513916, loss=1.5948452949523926
I0831 10:32:08.602532 139540727588608 logging_writer.py:48] [21700] global_step=21700, grad_norm=11.104936599731445, loss=1.4480738639831543
I0831 10:32:35.705932 139540719195904 logging_writer.py:48] [21800] global_step=21800, grad_norm=11.44325065612793, loss=1.567525029182434
I0831 10:33:02.876957 139540727588608 logging_writer.py:48] [21900] global_step=21900, grad_norm=11.143261909484863, loss=1.4766201972961426
I0831 10:33:29.989309 139540719195904 logging_writer.py:48] [22000] global_step=22000, grad_norm=11.234718322753906, loss=1.4688124656677246
I0831 10:33:57.296616 139540727588608 logging_writer.py:48] [22100] global_step=22100, grad_norm=11.976441383361816, loss=1.5527771711349487
I0831 10:34:24.469956 139540719195904 logging_writer.py:48] [22200] global_step=22200, grad_norm=11.653144836425781, loss=1.5262765884399414
I0831 10:34:51.597905 139540727588608 logging_writer.py:48] [22300] global_step=22300, grad_norm=12.515901565551758, loss=1.4616196155548096
I0831 10:35:18.740513 139540719195904 logging_writer.py:48] [22400] global_step=22400, grad_norm=12.398321151733398, loss=1.5515942573547363
I0831 10:35:45.931721 139540727588608 logging_writer.py:48] [22500] global_step=22500, grad_norm=11.966618537902832, loss=1.543088674545288
I0831 10:36:13.057742 139540719195904 logging_writer.py:48] [22600] global_step=22600, grad_norm=12.671228408813477, loss=1.516204595565796
I0831 10:36:40.145552 139540727588608 logging_writer.py:48] [22700] global_step=22700, grad_norm=12.06314754486084, loss=1.4373699426651
I0831 10:37:07.319505 139540719195904 logging_writer.py:48] [22800] global_step=22800, grad_norm=12.62319278717041, loss=1.5195612907409668
I0831 10:37:34.423801 139540727588608 logging_writer.py:48] [22900] global_step=22900, grad_norm=12.841315269470215, loss=1.5209558010101318
I0831 10:38:01.535426 139540719195904 logging_writer.py:48] [23000] global_step=23000, grad_norm=12.794351577758789, loss=1.5264403820037842
I0831 10:38:28.711149 139540727588608 logging_writer.py:48] [23100] global_step=23100, grad_norm=14.13135051727295, loss=1.5459315776824951
I0831 10:38:56.041190 139540719195904 logging_writer.py:48] [23200] global_step=23200, grad_norm=13.100569725036621, loss=1.546830177307129
I0831 10:39:23.128574 139540727588608 logging_writer.py:48] [23300] global_step=23300, grad_norm=13.003190040588379, loss=1.4513229131698608
I0831 10:39:50.279952 139540719195904 logging_writer.py:48] [23400] global_step=23400, grad_norm=12.78990650177002, loss=1.4974379539489746
I0831 10:40:17.371847 139540727588608 logging_writer.py:48] [23500] global_step=23500, grad_norm=13.094698905944824, loss=1.4613187313079834
I0831 10:40:44.495095 139540719195904 logging_writer.py:48] [23600] global_step=23600, grad_norm=12.847939491271973, loss=1.6071805953979492
I0831 10:41:11.667814 139540727588608 logging_writer.py:48] [23700] global_step=23700, grad_norm=13.217056274414062, loss=1.4518870115280151
I0831 10:41:38.805086 139540719195904 logging_writer.py:48] [23800] global_step=23800, grad_norm=13.09594440460205, loss=1.5262119770050049
I0831 10:42:05.895063 139540727588608 logging_writer.py:48] [23900] global_step=23900, grad_norm=12.245737075805664, loss=1.4961656332015991
I0831 10:42:33.075735 139540719195904 logging_writer.py:48] [24000] global_step=24000, grad_norm=13.137687683105469, loss=1.4849153757095337
I0831 10:43:00.164798 139540727588608 logging_writer.py:48] [24100] global_step=24100, grad_norm=12.375476837158203, loss=1.4814996719360352
I0831 10:43:27.272675 139540719195904 logging_writer.py:48] [24200] global_step=24200, grad_norm=12.37205982208252, loss=1.4268970489501953
I0831 10:43:54.646221 139540727588608 logging_writer.py:48] [24300] global_step=24300, grad_norm=12.036982536315918, loss=1.3881593942642212
I0831 10:44:21.808842 139540719195904 logging_writer.py:48] [24400] global_step=24400, grad_norm=11.926409721374512, loss=1.4728968143463135
I0831 10:44:48.927291 139540727588608 logging_writer.py:48] [24500] global_step=24500, grad_norm=11.771098136901855, loss=1.4304404258728027
I0831 10:45:16.127245 139540719195904 logging_writer.py:48] [24600] global_step=24600, grad_norm=11.649035453796387, loss=1.5236186981201172
I0831 10:45:43.227485 139540727588608 logging_writer.py:48] [24700] global_step=24700, grad_norm=11.907681465148926, loss=1.486174464225769
I0831 10:46:10.313423 139540719195904 logging_writer.py:48] [24800] global_step=24800, grad_norm=10.682490348815918, loss=1.3228707313537598
I0831 10:46:37.524952 139540727588608 logging_writer.py:48] [24900] global_step=24900, grad_norm=11.951889038085938, loss=1.578093409538269
I0831 10:47:04.671285 139540719195904 logging_writer.py:48] [25000] global_step=25000, grad_norm=11.263921737670898, loss=1.515159249305725
I0831 10:47:31.784247 139540727588608 logging_writer.py:48] [25100] global_step=25100, grad_norm=10.91555118560791, loss=1.4973716735839844
I0831 10:47:59.002391 139540719195904 logging_writer.py:48] [25200] global_step=25200, grad_norm=11.098624229431152, loss=1.4847348928451538
I0831 10:48:26.120682 139540727588608 logging_writer.py:48] [25300] global_step=25300, grad_norm=10.891446113586426, loss=1.4778203964233398
I0831 10:48:53.457036 139540719195904 logging_writer.py:48] [25400] global_step=25400, grad_norm=10.664565086364746, loss=1.4708545207977295
I0831 10:49:20.623734 139540727588608 logging_writer.py:48] [25500] global_step=25500, grad_norm=10.126751899719238, loss=1.411015272140503
I0831 10:49:47.725658 139540719195904 logging_writer.py:48] [25600] global_step=25600, grad_norm=10.253349304199219, loss=1.3837159872055054
I0831 10:50:14.813283 139540727588608 logging_writer.py:48] [25700] global_step=25700, grad_norm=9.889931678771973, loss=1.3123438358306885
I0831 10:50:41.979097 139540719195904 logging_writer.py:48] [25800] global_step=25800, grad_norm=9.558504104614258, loss=1.494045615196228
I0831 10:51:09.105386 139540727588608 logging_writer.py:48] [25900] global_step=25900, grad_norm=9.501413345336914, loss=1.4486650228500366
I0831 10:51:36.266505 139540719195904 logging_writer.py:48] [26000] global_step=26000, grad_norm=9.698800086975098, loss=1.446463704109192
I0831 10:52:03.436760 139540727588608 logging_writer.py:48] [26100] global_step=26100, grad_norm=9.408885955810547, loss=1.4476759433746338
I0831 10:52:30.550791 139540719195904 logging_writer.py:48] [26200] global_step=26200, grad_norm=9.650245666503906, loss=1.3825984001159668
I0831 10:52:57.635385 139540727588608 logging_writer.py:48] [26300] global_step=26300, grad_norm=9.363245010375977, loss=1.4882676601409912
I0831 10:53:25.006984 139540719195904 logging_writer.py:48] [26400] global_step=26400, grad_norm=9.1680908203125, loss=1.5331602096557617
I0831 10:53:52.119494 139540727588608 logging_writer.py:48] [26500] global_step=26500, grad_norm=9.169416427612305, loss=1.4329626560211182
I0831 10:54:19.210794 139540719195904 logging_writer.py:48] [26600] global_step=26600, grad_norm=9.049760818481445, loss=1.4842700958251953
I0831 10:54:46.384382 139540727588608 logging_writer.py:48] [26700] global_step=26700, grad_norm=8.756246566772461, loss=1.4040155410766602
I0831 10:55:13.496634 139540719195904 logging_writer.py:48] [26800] global_step=26800, grad_norm=9.146037101745605, loss=1.5803797245025635
I0831 10:55:40.642151 139540727588608 logging_writer.py:48] [26900] global_step=26900, grad_norm=8.69566822052002, loss=1.4477241039276123
I0831 10:56:07.823172 139540719195904 logging_writer.py:48] [27000] global_step=27000, grad_norm=8.426907539367676, loss=1.4665682315826416
I0831 10:56:34.938295 139540727588608 logging_writer.py:48] [27100] global_step=27100, grad_norm=8.21655559539795, loss=1.4632482528686523
I0831 10:57:02.058788 139540719195904 logging_writer.py:48] [27200] global_step=27200, grad_norm=8.094533920288086, loss=1.3652199506759644
I0831 10:57:29.236750 139540727588608 logging_writer.py:48] [27300] global_step=27300, grad_norm=8.046775817871094, loss=1.3511769771575928
I0831 10:57:56.364717 139540719195904 logging_writer.py:48] [27400] global_step=27400, grad_norm=7.874637126922607, loss=1.3922624588012695
I0831 10:58:23.691699 139540727588608 logging_writer.py:48] [27500] global_step=27500, grad_norm=7.043196678161621, loss=1.3832042217254639
I0831 10:58:50.852096 139540719195904 logging_writer.py:48] [27600] global_step=27600, grad_norm=7.395362854003906, loss=1.451237440109253
I0831 10:59:17.940412 139540727588608 logging_writer.py:48] [27700] global_step=27700, grad_norm=7.603185653686523, loss=1.4768431186676025
I0831 10:59:45.060351 139540719195904 logging_writer.py:48] [27800] global_step=27800, grad_norm=7.7160820960998535, loss=1.4309496879577637
I0831 11:00:12.193082 139540727588608 logging_writer.py:48] [27900] global_step=27900, grad_norm=7.284078121185303, loss=1.3665826320648193
I0831 11:00:39.278562 139540719195904 logging_writer.py:48] [28000] global_step=28000, grad_norm=7.05027961730957, loss=1.332709789276123
I0831 11:01:06.407034 139540727588608 logging_writer.py:48] [28100] global_step=28100, grad_norm=6.550110816955566, loss=1.2366924285888672
I0831 11:01:33.594225 139540719195904 logging_writer.py:48] [28200] global_step=28200, grad_norm=6.895545959472656, loss=1.3160228729248047
I0831 11:02:00.697011 139540727588608 logging_writer.py:48] [28300] global_step=28300, grad_norm=7.538845062255859, loss=1.4293622970581055
I0831 11:02:27.807030 139540719195904 logging_writer.py:48] [28400] global_step=28400, grad_norm=6.912667274475098, loss=1.3876631259918213
I0831 11:02:39.064034 139757377230016 spec.py:333] Evaluating on the training split.
I0831 11:02:50.022603 139757377230016 spec.py:346] Evaluating on the validation split.
I0831 11:02:59.738879 139757377230016 spec.py:363] Evaluating on the test split.
I0831 11:03:00.607123 139757377230016 submission_runner.py:516] Time since start: 8190.94s, 	Step: 28443, 	{'train/accuracy': Array(0.82924104, dtype=float32), 'train/loss': Array(0.63326895, dtype=float32), 'validation/accuracy': Array(0.71349996, dtype=float32), 'validation/loss': Array(1.1654677, dtype=float32), 'validation/num_examples': 50000, 'test/accuracy': Array(0.58580005, dtype=float32), 'test/loss': Array(1.8870754, dtype=float32), 'test/num_examples': 10000, 'score': 8037.608729124069, 'total_duration': 8190.942818403244, 'accumulated_submission_time': 8037.608729124069, 'accumulated_eval_time': 152.86800980567932, 'accumulated_logging_time': 0.2448570728302002}
I0831 11:03:00.648617 139540727588608 logging_writer.py:48] [28443] accumulated_eval_time=152.868, accumulated_logging_time=0.244857, accumulated_submission_time=8037.61, global_step=28443, preemption_count=0, score=8037.61, test/accuracy=0.585800051689148, test/loss=1.887075424194336, test/num_examples=10000, total_duration=8190.94, train/accuracy=0.8292410373687744, train/loss=0.6332689523696899, validation/accuracy=0.7134999632835388, validation/loss=1.1654677391052246, validation/num_examples=50000
I0831 11:03:16.643344 139540719195904 logging_writer.py:48] [28500] global_step=28500, grad_norm=6.856855392456055, loss=1.334416151046753
I0831 11:03:43.922574 139540727588608 logging_writer.py:48] [28600] global_step=28600, grad_norm=7.024263381958008, loss=1.4856795072555542
I0831 11:04:10.983700 139540719195904 logging_writer.py:48] [28700] global_step=28700, grad_norm=6.6532206535339355, loss=1.4719828367233276
I0831 11:04:38.165450 139540727588608 logging_writer.py:48] [28800] global_step=28800, grad_norm=6.259854316711426, loss=1.366386890411377
I0831 11:05:05.261640 139540719195904 logging_writer.py:48] [28900] global_step=28900, grad_norm=6.5984015464782715, loss=1.3714625835418701
I0831 11:05:32.394308 139540727588608 logging_writer.py:48] [29000] global_step=29000, grad_norm=6.480096340179443, loss=1.375211238861084
I0831 11:05:59.558579 139540719195904 logging_writer.py:48] [29100] global_step=29100, grad_norm=6.551892280578613, loss=1.385138988494873
I0831 11:06:26.686451 139540727588608 logging_writer.py:48] [29200] global_step=29200, grad_norm=6.235160827636719, loss=1.389631986618042
I0831 11:06:53.816206 139540719195904 logging_writer.py:48] [29300] global_step=29300, grad_norm=6.632320404052734, loss=1.4930956363677979
I0831 11:07:20.961253 139540727588608 logging_writer.py:48] [29400] global_step=29400, grad_norm=5.8751540184021, loss=1.32743239402771
I0831 11:07:48.064663 139540719195904 logging_writer.py:48] [29500] global_step=29500, grad_norm=6.234432697296143, loss=1.3566339015960693
I0831 11:08:15.318711 139540727588608 logging_writer.py:48] [29600] global_step=29600, grad_norm=6.388964653015137, loss=1.4252231121063232
I0831 11:08:42.459514 139540719195904 logging_writer.py:48] [29700] global_step=29700, grad_norm=5.952165126800537, loss=1.3801355361938477
I0831 11:09:09.547132 139540727588608 logging_writer.py:48] [29800] global_step=29800, grad_norm=6.346652030944824, loss=1.450993299484253
I0831 11:09:36.635507 139540719195904 logging_writer.py:48] [29900] global_step=29900, grad_norm=5.932229995727539, loss=1.3031558990478516
I0831 11:10:03.815738 139540727588608 logging_writer.py:48] [30000] global_step=30000, grad_norm=5.505983352661133, loss=1.1938716173171997
I0831 11:10:30.924921 139540719195904 logging_writer.py:48] [30100] global_step=30100, grad_norm=5.755011558532715, loss=1.3663808107376099
I0831 11:10:58.031605 139540727588608 logging_writer.py:48] [30200] global_step=30200, grad_norm=5.739498615264893, loss=1.3611278533935547
I0831 11:11:25.180492 139540719195904 logging_writer.py:48] [30300] global_step=30300, grad_norm=5.950647354125977, loss=1.3464634418487549
I0831 11:11:52.273781 139540727588608 logging_writer.py:48] [30400] global_step=30400, grad_norm=5.556553363800049, loss=1.3372281789779663
I0831 11:12:19.374334 139540719195904 logging_writer.py:48] [30500] global_step=30500, grad_norm=5.97622013092041, loss=1.312080979347229
I0831 11:12:46.539577 139540727588608 logging_writer.py:48] [30600] global_step=30600, grad_norm=5.419106960296631, loss=1.291137933731079
I0831 11:13:13.843331 139540719195904 logging_writer.py:48] [30700] global_step=30700, grad_norm=5.577155113220215, loss=1.2933436632156372
I0831 11:13:40.949983 139540727588608 logging_writer.py:48] [30800] global_step=30800, grad_norm=5.6605730056762695, loss=1.408380389213562
I0831 11:14:08.107430 139540719195904 logging_writer.py:48] [30900] global_step=30900, grad_norm=5.130184650421143, loss=1.2073397636413574
I0831 11:14:35.189364 139540727588608 logging_writer.py:48] [31000] global_step=31000, grad_norm=5.48284387588501, loss=1.416611671447754
I0831 11:15:02.294664 139540719195904 logging_writer.py:48] [31100] global_step=31100, grad_norm=5.173871040344238, loss=1.2612526416778564
I0831 11:15:29.477540 139540727588608 logging_writer.py:48] [31200] global_step=31200, grad_norm=5.459846496582031, loss=1.3581262826919556
I0831 11:15:56.606070 139540719195904 logging_writer.py:48] [31300] global_step=31300, grad_norm=5.2973504066467285, loss=1.3610316514968872
I0831 11:16:23.706544 139540727588608 logging_writer.py:48] [31400] global_step=31400, grad_norm=5.414575099945068, loss=1.3468780517578125
I0831 11:16:50.884352 139540719195904 logging_writer.py:48] [31500] global_step=31500, grad_norm=5.036263942718506, loss=1.2264533042907715
I0831 11:17:17.982735 139540727588608 logging_writer.py:48] [31600] global_step=31600, grad_norm=5.269961357116699, loss=1.3461639881134033
I0831 11:17:45.122669 139540719195904 logging_writer.py:48] [31700] global_step=31700, grad_norm=5.440232276916504, loss=1.2917888164520264
I0831 11:18:12.498792 139540727588608 logging_writer.py:48] [31800] global_step=31800, grad_norm=5.33486795425415, loss=1.3250828981399536
I0831 11:18:39.628047 139540719195904 logging_writer.py:48] [31900] global_step=31900, grad_norm=5.132400989532471, loss=1.444732904434204
I0831 11:19:06.713125 139540727588608 logging_writer.py:48] [32000] global_step=32000, grad_norm=5.207421779632568, loss=1.3273389339447021
I0831 11:19:33.871004 139540719195904 logging_writer.py:48] [32100] global_step=32100, grad_norm=4.952977180480957, loss=1.2982454299926758
I0831 11:20:00.968861 139540727588608 logging_writer.py:48] [32200] global_step=32200, grad_norm=4.778348445892334, loss=1.2664382457733154
I0831 11:20:28.079846 139540719195904 logging_writer.py:48] [32300] global_step=32300, grad_norm=4.9364190101623535, loss=1.2475731372833252
I0831 11:20:55.248096 139540727588608 logging_writer.py:48] [32400] global_step=32400, grad_norm=5.110878944396973, loss=1.384222388267517
I0831 11:21:22.353686 139540719195904 logging_writer.py:48] [32500] global_step=32500, grad_norm=4.868292331695557, loss=1.2670761346817017
I0831 11:21:49.469213 139540727588608 logging_writer.py:48] [32600] global_step=32600, grad_norm=5.067262649536133, loss=1.3139801025390625
I0831 11:22:16.675864 139540719195904 logging_writer.py:48] [32700] global_step=32700, grad_norm=5.01043176651001, loss=1.3385252952575684
I0831 11:22:44.024305 139540727588608 logging_writer.py:48] [32800] global_step=32800, grad_norm=4.581556797027588, loss=1.243595004081726
I0831 11:23:11.117251 139540719195904 logging_writer.py:48] [32900] global_step=32900, grad_norm=5.027096271514893, loss=1.3686928749084473
I0831 11:23:38.279569 139540727588608 logging_writer.py:48] [33000] global_step=33000, grad_norm=5.23756742477417, loss=1.3736300468444824
I0831 11:24:05.356337 139540719195904 logging_writer.py:48] [33100] global_step=33100, grad_norm=4.798322677612305, loss=1.4210114479064941
I0831 11:24:32.429423 139540727588608 logging_writer.py:48] [33200] global_step=33200, grad_norm=4.609452247619629, loss=1.3469798564910889
I0831 11:24:59.637112 139540719195904 logging_writer.py:48] [33300] global_step=33300, grad_norm=4.531521320343018, loss=1.3296074867248535
I0831 11:25:26.760348 139540727588608 logging_writer.py:48] [33400] global_step=33400, grad_norm=4.706089496612549, loss=1.3575105667114258
I0831 11:25:53.855592 139540719195904 logging_writer.py:48] [33500] global_step=33500, grad_norm=4.7591447830200195, loss=1.4054676294326782
I0831 11:26:21.020307 139540727588608 logging_writer.py:48] [33600] global_step=33600, grad_norm=4.575411796569824, loss=1.2726943492889404
I0831 11:26:48.141492 139540719195904 logging_writer.py:48] [33700] global_step=33700, grad_norm=4.580747604370117, loss=1.2526943683624268
I0831 11:27:15.248939 139540727588608 logging_writer.py:48] [33800] global_step=33800, grad_norm=4.494745254516602, loss=1.31716787815094
I0831 11:27:42.623288 139540719195904 logging_writer.py:48] [33900] global_step=33900, grad_norm=4.5195183753967285, loss=1.2414218187332153
I0831 11:28:09.714022 139540727588608 logging_writer.py:48] [34000] global_step=34000, grad_norm=4.661245822906494, loss=1.2922687530517578
I0831 11:28:36.802186 139540719195904 logging_writer.py:48] [34100] global_step=34100, grad_norm=4.629753112792969, loss=1.3563445806503296
I0831 11:29:03.961892 139540727588608 logging_writer.py:48] [34200] global_step=34200, grad_norm=4.885883808135986, loss=1.3018529415130615
I0831 11:29:31.050252 139540719195904 logging_writer.py:48] [34300] global_step=34300, grad_norm=4.390519142150879, loss=1.2564465999603271
I0831 11:29:58.313432 139540727588608 logging_writer.py:48] [34400] global_step=34400, grad_norm=4.209048271179199, loss=1.2834184169769287
I0831 11:30:25.501081 139540719195904 logging_writer.py:48] [34500] global_step=34500, grad_norm=4.776627540588379, loss=1.2690743207931519
I0831 11:30:52.639477 139540727588608 logging_writer.py:48] [34600] global_step=34600, grad_norm=4.430150985717773, loss=1.234391689300537
I0831 11:31:19.734762 139540719195904 logging_writer.py:48] [34700] global_step=34700, grad_norm=4.621642112731934, loss=1.2821805477142334
I0831 11:31:46.906653 139540727588608 logging_writer.py:48] [34800] global_step=34800, grad_norm=4.689769268035889, loss=1.3922069072723389
I0831 11:32:14.270456 139540719195904 logging_writer.py:48] [34900] global_step=34900, grad_norm=4.467526912689209, loss=1.3079547882080078
I0831 11:32:41.389118 139540727588608 logging_writer.py:48] [35000] global_step=35000, grad_norm=4.358373641967773, loss=1.3244608640670776
I0831 11:33:08.547978 139540719195904 logging_writer.py:48] [35100] global_step=35100, grad_norm=4.333826541900635, loss=1.2724456787109375
I0831 11:33:35.650083 139540727588608 logging_writer.py:48] [35200] global_step=35200, grad_norm=4.3171610832214355, loss=1.2240955829620361
I0831 11:34:02.759742 139540719195904 logging_writer.py:48] [35300] global_step=35300, grad_norm=4.5857625007629395, loss=1.2443599700927734
I0831 11:34:29.923554 139540727588608 logging_writer.py:48] [35400] global_step=35400, grad_norm=4.247714042663574, loss=1.3141417503356934
I0831 11:34:57.002305 139540719195904 logging_writer.py:48] [35500] global_step=35500, grad_norm=4.356078624725342, loss=1.2321714162826538
I0831 11:35:24.110615 139540727588608 logging_writer.py:48] [35600] global_step=35600, grad_norm=4.124521732330322, loss=1.188905119895935
I0831 11:35:51.284962 139540719195904 logging_writer.py:48] [35700] global_step=35700, grad_norm=4.432794094085693, loss=1.2831470966339111
I0831 11:36:16.824327 139757377230016 spec.py:333] Evaluating on the training split.
I0831 11:36:27.667526 139757377230016 spec.py:346] Evaluating on the validation split.
I0831 11:36:38.080013 139757377230016 spec.py:363] Evaluating on the test split.
I0831 11:36:38.954117 139757377230016 submission_runner.py:516] Time since start: 10209.29s, 	Step: 35796, 	{'train/accuracy': Array(0.8547313, dtype=float32), 'train/loss': Array(0.5380873, dtype=float32), 'validation/accuracy': Array(0.72433996, dtype=float32), 'validation/loss': Array(1.1205891, dtype=float32), 'validation/num_examples': 50000, 'test/accuracy': Array(0.6003, dtype=float32), 'test/loss': Array(1.8511142, dtype=float32), 'test/num_examples': 10000, 'score': 10033.702872037888, 'total_duration': 10209.286883592606, 'accumulated_submission_time': 10033.702872037888, 'accumulated_eval_time': 174.9927954673767, 'accumulated_logging_time': 0.31510424613952637}
I0831 11:36:39.027848 139540727588608 logging_writer.py:48] [35796] accumulated_eval_time=174.993, accumulated_logging_time=0.315104, accumulated_submission_time=10033.7, global_step=35796, preemption_count=0, score=10033.7, test/accuracy=0.6003000140190125, test/loss=1.8511141538619995, test/num_examples=10000, total_duration=10209.3, train/accuracy=0.8547313213348389, train/loss=0.5380873084068298, validation/accuracy=0.7243399620056152, validation/loss=1.1205891370773315, validation/num_examples=50000
I0831 11:36:40.532334 139540719195904 logging_writer.py:48] [35800] global_step=35800, grad_norm=4.7202630043029785, loss=1.3348482847213745
I0831 11:37:07.685735 139540727588608 logging_writer.py:48] [35900] global_step=35900, grad_norm=4.244609832763672, loss=1.2421958446502686
I0831 11:37:35.050549 139540719195904 logging_writer.py:48] [36000] global_step=36000, grad_norm=4.5500898361206055, loss=1.3328924179077148
I0831 11:38:02.158855 139540727588608 logging_writer.py:48] [36100] global_step=36100, grad_norm=4.172214984893799, loss=1.2736306190490723
I0831 11:38:29.302474 139540719195904 logging_writer.py:48] [36200] global_step=36200, grad_norm=4.507602691650391, loss=1.4264013767242432
I0831 11:38:56.479331 139540727588608 logging_writer.py:48] [36300] global_step=36300, grad_norm=4.254380226135254, loss=1.2949914932250977
I0831 11:39:23.598407 139540719195904 logging_writer.py:48] [36400] global_step=36400, grad_norm=4.281058311462402, loss=1.3259429931640625
I0831 11:39:50.683337 139540727588608 logging_writer.py:48] [36500] global_step=36500, grad_norm=4.119572639465332, loss=1.1970545053482056
I0831 11:40:17.838210 139540719195904 logging_writer.py:48] [36600] global_step=36600, grad_norm=4.170992374420166, loss=1.268265962600708
I0831 11:40:44.934122 139540727588608 logging_writer.py:48] [36700] global_step=36700, grad_norm=4.217509746551514, loss=1.2188754081726074
I0831 11:41:12.069585 139540719195904 logging_writer.py:48] [36800] global_step=36800, grad_norm=4.251855850219727, loss=1.283942461013794
I0831 11:41:39.251447 139540727588608 logging_writer.py:48] [36900] global_step=36900, grad_norm=4.392795085906982, loss=1.274078369140625
I0831 11:42:06.581817 139540719195904 logging_writer.py:48] [37000] global_step=37000, grad_norm=4.3447465896606445, loss=1.3322309255599976
I0831 11:42:33.690864 139540727588608 logging_writer.py:48] [37100] global_step=37100, grad_norm=4.149899959564209, loss=1.227020502090454
I0831 11:43:00.866869 139540719195904 logging_writer.py:48] [37200] global_step=37200, grad_norm=4.309436321258545, loss=1.271711826324463
I0831 11:43:27.976668 139540727588608 logging_writer.py:48] [37300] global_step=37300, grad_norm=4.196052551269531, loss=1.426633596420288
I0831 11:43:55.098424 139540719195904 logging_writer.py:48] [37400] global_step=37400, grad_norm=4.161314487457275, loss=1.2849328517913818
I0831 11:44:22.333451 139540727588608 logging_writer.py:48] [37500] global_step=37500, grad_norm=3.8893167972564697, loss=1.2044968605041504
I0831 11:44:49.422745 139540719195904 logging_writer.py:48] [37600] global_step=37600, grad_norm=4.477601051330566, loss=1.2356882095336914
I0831 11:45:16.550478 139540727588608 logging_writer.py:48] [37700] global_step=37700, grad_norm=4.040524959564209, loss=1.260939359664917
I0831 11:45:43.699750 139540719195904 logging_writer.py:48] [37800] global_step=37800, grad_norm=4.063314914703369, loss=1.3086317777633667
I0831 11:46:10.815043 139540727588608 logging_writer.py:48] [37900] global_step=37900, grad_norm=4.1932854652404785, loss=1.2433574199676514
I0831 11:46:37.924953 139540719195904 logging_writer.py:48] [38000] global_step=38000, grad_norm=4.101161003112793, loss=1.3293920755386353
I0831 11:47:05.285003 139540727588608 logging_writer.py:48] [38100] global_step=38100, grad_norm=3.9735195636749268, loss=1.2837492227554321
I0831 11:47:32.399626 139540719195904 logging_writer.py:48] [38200] global_step=38200, grad_norm=3.9089362621307373, loss=1.184288501739502
I0831 11:47:59.498619 139540727588608 logging_writer.py:48] [38300] global_step=38300, grad_norm=4.22376823425293, loss=1.2818279266357422
I0831 11:48:26.675985 139540719195904 logging_writer.py:48] [38400] global_step=38400, grad_norm=4.141959190368652, loss=1.2876839637756348
I0831 11:48:53.777054 139540727588608 logging_writer.py:48] [38500] global_step=38500, grad_norm=4.308426380157471, loss=1.3033928871154785
I0831 11:49:20.885647 139540719195904 logging_writer.py:48] [38600] global_step=38600, grad_norm=4.090238571166992, loss=1.2827363014221191
I0831 11:49:48.062012 139540727588608 logging_writer.py:48] [38700] global_step=38700, grad_norm=4.012562274932861, loss=1.2983996868133545
I0831 11:50:15.175712 139540719195904 logging_writer.py:48] [38800] global_step=38800, grad_norm=4.216050624847412, loss=1.3068649768829346
I0831 11:50:42.306340 139540727588608 logging_writer.py:48] [38900] global_step=38900, grad_norm=3.934626579284668, loss=1.1754285097122192
I0831 11:51:09.504460 139540719195904 logging_writer.py:48] [39000] global_step=39000, grad_norm=3.8839404582977295, loss=1.2506990432739258
I0831 11:51:36.830153 139540727588608 logging_writer.py:48] [39100] global_step=39100, grad_norm=4.1025614738464355, loss=1.3252112865447998
I0831 11:52:04.010630 139540719195904 logging_writer.py:48] [39200] global_step=39200, grad_norm=3.685434341430664, loss=1.1950883865356445
I0831 11:52:31.164944 139540727588608 logging_writer.py:48] [39300] global_step=39300, grad_norm=3.9448537826538086, loss=1.2676030397415161
I0831 11:52:58.283696 139540719195904 logging_writer.py:48] [39400] global_step=39400, grad_norm=4.269414901733398, loss=1.2683179378509521
I0831 11:53:25.392218 139540727588608 logging_writer.py:48] [39500] global_step=39500, grad_norm=3.9312424659729004, loss=1.193228006362915
I0831 11:53:52.568399 139540719195904 logging_writer.py:48] [39600] global_step=39600, grad_norm=4.028475761413574, loss=1.2327141761779785
I0831 11:54:19.651744 139540727588608 logging_writer.py:48] [39700] global_step=39700, grad_norm=3.725679874420166, loss=1.2113289833068848
I0831 11:54:46.779476 139540719195904 logging_writer.py:48] [39800] global_step=39800, grad_norm=3.8251304626464844, loss=1.2429364919662476
I0831 11:55:14.000859 139540727588608 logging_writer.py:48] [39900] global_step=39900, grad_norm=3.7393782138824463, loss=1.2069926261901855
I0831 11:55:41.106040 139540719195904 logging_writer.py:48] [40000] global_step=40000, grad_norm=4.148505210876465, loss=1.274507999420166
I0831 11:56:08.243225 139540727588608 logging_writer.py:48] [40100] global_step=40100, grad_norm=4.037038803100586, loss=1.235325813293457
I0831 11:56:35.636312 139540719195904 logging_writer.py:48] [40200] global_step=40200, grad_norm=3.896759510040283, loss=1.2146053314208984
I0831 11:57:02.727898 139540727588608 logging_writer.py:48] [40300] global_step=40300, grad_norm=4.270120620727539, loss=1.3373217582702637
I0831 11:57:29.840425 139540719195904 logging_writer.py:48] [40400] global_step=40400, grad_norm=3.673239231109619, loss=1.1482446193695068
I0831 11:57:57.015678 139540727588608 logging_writer.py:48] [40500] global_step=40500, grad_norm=3.8309826850891113, loss=1.219042181968689
I0831 11:58:24.101074 139540719195904 logging_writer.py:48] [40600] global_step=40600, grad_norm=4.034950256347656, loss=1.2846187353134155
I0831 11:58:51.209084 139540727588608 logging_writer.py:48] [40700] global_step=40700, grad_norm=3.9151432514190674, loss=1.2480207681655884
I0831 11:59:18.396447 139540719195904 logging_writer.py:48] [40800] global_step=40800, grad_norm=3.947235345840454, loss=1.2184481620788574
I0831 11:59:45.537173 139540727588608 logging_writer.py:48] [40900] global_step=40900, grad_norm=3.8022079467773438, loss=1.154207706451416
I0831 12:00:12.634277 139540719195904 logging_writer.py:48] [41000] global_step=41000, grad_norm=3.997093915939331, loss=1.250453233718872
I0831 12:00:39.793740 139540727588608 logging_writer.py:48] [41100] global_step=41100, grad_norm=4.1447319984436035, loss=1.2411139011383057
I0831 12:01:07.112896 139540719195904 logging_writer.py:48] [41200] global_step=41200, grad_norm=3.891000509262085, loss=1.324763536453247
I0831 12:01:34.202043 139540727588608 logging_writer.py:48] [41300] global_step=41300, grad_norm=3.8678011894226074, loss=1.32218599319458
I0831 12:02:01.341271 139540719195904 logging_writer.py:48] [41400] global_step=41400, grad_norm=3.790781021118164, loss=1.239753246307373
I0831 12:02:28.480658 139540727588608 logging_writer.py:48] [41500] global_step=41500, grad_norm=3.8935763835906982, loss=1.3166730403900146
I0831 12:02:55.579226 139540719195904 logging_writer.py:48] [41600] global_step=41600, grad_norm=3.819061279296875, loss=1.211667537689209
I0831 12:03:22.732768 139540727588608 logging_writer.py:48] [41700] global_step=41700, grad_norm=4.105715274810791, loss=1.2219505310058594
I0831 12:03:49.830610 139540719195904 logging_writer.py:48] [41800] global_step=41800, grad_norm=3.958251714706421, loss=1.2603569030761719
I0831 12:04:16.931814 139540727588608 logging_writer.py:48] [41900] global_step=41900, grad_norm=3.997368335723877, loss=1.3004412651062012
I0831 12:04:44.093357 139540719195904 logging_writer.py:48] [42000] global_step=42000, grad_norm=3.8785512447357178, loss=1.3307416439056396
I0831 12:05:11.173076 139540727588608 logging_writer.py:48] [42100] global_step=42100, grad_norm=3.905547857284546, loss=1.239331603050232
I0831 12:05:38.271915 139540719195904 logging_writer.py:48] [42200] global_step=42200, grad_norm=4.06660795211792, loss=1.2006256580352783
I0831 12:06:05.643071 139540727588608 logging_writer.py:48] [42300] global_step=42300, grad_norm=3.8144569396972656, loss=1.227912187576294
I0831 12:06:32.732711 139540719195904 logging_writer.py:48] [42400] global_step=42400, grad_norm=4.192952632904053, loss=1.171286702156067
I0831 12:06:59.837933 139540727588608 logging_writer.py:48] [42500] global_step=42500, grad_norm=3.8545830249786377, loss=1.1758785247802734
I0831 12:07:26.980470 139540719195904 logging_writer.py:48] [42600] global_step=42600, grad_norm=3.980395555496216, loss=1.202991008758545
I0831 12:07:54.108528 139540727588608 logging_writer.py:48] [42700] global_step=42700, grad_norm=3.9088146686553955, loss=1.239029049873352
I0831 12:08:21.208687 139540719195904 logging_writer.py:48] [42800] global_step=42800, grad_norm=4.031144142150879, loss=1.2118124961853027
I0831 12:08:48.401324 139540727588608 logging_writer.py:48] [42900] global_step=42900, grad_norm=3.92457914352417, loss=1.161218285560608
I0831 12:09:15.512140 139540719195904 logging_writer.py:48] [43000] global_step=43000, grad_norm=3.662536382675171, loss=1.1592092514038086
I0831 12:09:42.625682 139540727588608 logging_writer.py:48] [43100] global_step=43100, grad_norm=4.054052829742432, loss=1.1741749048233032
I0831 12:09:55.015928 139757377230016 spec.py:333] Evaluating on the training split.
I0831 12:10:05.534105 139757377230016 spec.py:346] Evaluating on the validation split.
I0831 12:10:15.495197 139757377230016 spec.py:363] Evaluating on the test split.
I0831 12:10:16.380347 139757377230016 submission_runner.py:516] Time since start: 12226.72s, 	Step: 43147, 	{'train/accuracy': Array(0.871313, dtype=float32), 'train/loss': Array(0.46765828, dtype=float32), 'validation/accuracy': Array(0.72818, dtype=float32), 'validation/loss': Array(1.1009811, dtype=float32), 'validation/num_examples': 50000, 'test/accuracy': Array(0.6056, dtype=float32), 'test/loss': Array(1.8409466, dtype=float32), 'test/num_examples': 10000, 'score': 12029.607981204987, 'total_duration': 12226.716282129288, 'accumulated_submission_time': 12029.607981204987, 'accumulated_eval_time': 196.35537314414978, 'accumulated_logging_time': 0.4192686080932617}
I0831 12:10:16.430464 139540719195904 logging_writer.py:48] [43147] accumulated_eval_time=196.355, accumulated_logging_time=0.419269, accumulated_submission_time=12029.6, global_step=43147, preemption_count=0, score=12029.6, test/accuracy=0.6055999994277954, test/loss=1.8409465551376343, test/num_examples=10000, total_duration=12226.7, train/accuracy=0.8713129758834839, train/loss=0.46765828132629395, validation/accuracy=0.7281799912452698, validation/loss=1.1009811162948608, validation/num_examples=50000
I0831 12:10:31.227133 139540727588608 logging_writer.py:48] [43200] global_step=43200, grad_norm=3.878725051879883, loss=1.196995496749878
I0831 12:10:58.289913 139540719195904 logging_writer.py:48] [43300] global_step=43300, grad_norm=3.9285032749176025, loss=1.186333417892456
I0831 12:11:25.560173 139540727588608 logging_writer.py:48] [43400] global_step=43400, grad_norm=3.9330484867095947, loss=1.210917353630066
I0831 12:11:52.690369 139540719195904 logging_writer.py:48] [43500] global_step=43500, grad_norm=4.333321571350098, loss=1.2290897369384766
I0831 12:12:19.781125 139540727588608 logging_writer.py:48] [43600] global_step=43600, grad_norm=4.000523090362549, loss=1.3087717294692993
I0831 12:12:46.893382 139540719195904 logging_writer.py:48] [43700] global_step=43700, grad_norm=3.876587390899658, loss=1.2098255157470703
I0831 12:13:14.054736 139540727588608 logging_writer.py:48] [43800] global_step=43800, grad_norm=3.9283854961395264, loss=1.3042746782302856
I0831 12:13:41.162425 139540719195904 logging_writer.py:48] [43900] global_step=43900, grad_norm=3.8389394283294678, loss=1.2098431587219238
I0831 12:14:08.254004 139540727588608 logging_writer.py:48] [44000] global_step=44000, grad_norm=3.8067798614501953, loss=1.1577210426330566
I0831 12:14:35.416293 139540719195904 logging_writer.py:48] [44100] global_step=44100, grad_norm=3.965766191482544, loss=1.206108570098877
I0831 12:15:02.498712 139540727588608 logging_writer.py:48] [44200] global_step=44200, grad_norm=4.240312099456787, loss=1.208968162536621
I0831 12:15:29.598157 139540719195904 logging_writer.py:48] [44300] global_step=44300, grad_norm=3.58960223197937, loss=1.1802445650100708
I0831 12:15:56.739521 139540727588608 logging_writer.py:48] [44400] global_step=44400, grad_norm=3.479884147644043, loss=1.0906481742858887
I0831 12:16:24.022304 139540719195904 logging_writer.py:48] [44500] global_step=44500, grad_norm=3.727334976196289, loss=1.1844298839569092
I0831 12:16:51.123938 139540727588608 logging_writer.py:48] [44600] global_step=44600, grad_norm=3.646181344985962, loss=1.1912580728530884
I0831 12:17:18.282775 139540719195904 logging_writer.py:48] [44700] global_step=44700, grad_norm=4.152027606964111, loss=1.2284400463104248
I0831 12:17:45.386218 139540727588608 logging_writer.py:48] [44800] global_step=44800, grad_norm=3.6859235763549805, loss=1.2416346073150635
I0831 12:18:12.475402 139540719195904 logging_writer.py:48] [44900] global_step=44900, grad_norm=4.000932216644287, loss=1.2352441549301147
I0831 12:18:39.655351 139540727588608 logging_writer.py:48] [45000] global_step=45000, grad_norm=4.428884506225586, loss=1.321946382522583
I0831 12:19:06.746152 139540719195904 logging_writer.py:48] [45100] global_step=45100, grad_norm=3.59700345993042, loss=1.1054151058197021
I0831 12:19:33.895883 139540727588608 logging_writer.py:48] [45200] global_step=45200, grad_norm=3.581268548965454, loss=1.144853115081787
I0831 12:20:01.068797 139540719195904 logging_writer.py:48] [45300] global_step=45300, grad_norm=4.20071268081665, loss=1.2616429328918457
I0831 12:20:28.150524 139540727588608 logging_writer.py:48] [45400] global_step=45400, grad_norm=3.523730993270874, loss=1.1928092241287231
I0831 12:20:55.478504 139540719195904 logging_writer.py:48] [45500] global_step=45500, grad_norm=3.867340564727783, loss=1.2411229610443115
I0831 12:21:22.652992 139540727588608 logging_writer.py:48] [45600] global_step=45600, grad_norm=3.750519037246704, loss=1.2503901720046997
I0831 12:21:49.737785 139540719195904 logging_writer.py:48] [45700] global_step=45700, grad_norm=3.8615806102752686, loss=1.176875114440918
I0831 12:22:16.820963 139540727588608 logging_writer.py:48] [45800] global_step=45800, grad_norm=3.8128325939178467, loss=1.171188473701477
I0831 12:22:43.981503 139540719195904 logging_writer.py:48] [45900] global_step=45900, grad_norm=3.7311201095581055, loss=1.2256351709365845
I0831 12:23:11.052111 139540727588608 logging_writer.py:48] [46000] global_step=46000, grad_norm=3.6924757957458496, loss=1.1618521213531494
I0831 12:23:38.172645 139540719195904 logging_writer.py:48] [46100] global_step=46100, grad_norm=3.80656099319458, loss=1.1767730712890625
I0831 12:24:05.330730 139540727588608 logging_writer.py:48] [46200] global_step=46200, grad_norm=3.9275805950164795, loss=1.22255539894104
I0831 12:24:32.421322 139540719195904 logging_writer.py:48] [46300] global_step=46300, grad_norm=3.907480001449585, loss=1.1760849952697754
I0831 12:24:59.494417 139540727588608 logging_writer.py:48] [46400] global_step=46400, grad_norm=3.705510139465332, loss=1.1467382907867432
I0831 12:25:26.691468 139540719195904 logging_writer.py:48] [46500] global_step=46500, grad_norm=3.757244348526001, loss=1.1796646118164062
I0831 12:25:53.992217 139540727588608 logging_writer.py:48] [46600] global_step=46600, grad_norm=3.9603328704833984, loss=1.3142532110214233
I0831 12:26:21.089591 139540719195904 logging_writer.py:48] [46700] global_step=46700, grad_norm=3.718492031097412, loss=1.335824966430664
I0831 12:26:48.246034 139540727588608 logging_writer.py:48] [46800] global_step=46800, grad_norm=4.099957466125488, loss=1.2506394386291504
I0831 12:27:15.351977 139540719195904 logging_writer.py:48] [46900] global_step=46900, grad_norm=3.6402297019958496, loss=1.1925692558288574
I0831 12:27:42.466343 139540727588608 logging_writer.py:48] [47000] global_step=47000, grad_norm=3.858234167098999, loss=1.1832149028778076
I0831 12:28:09.600526 139540719195904 logging_writer.py:48] [47100] global_step=47100, grad_norm=3.6134397983551025, loss=1.1921443939208984
I0831 12:28:36.676377 139540727588608 logging_writer.py:48] [47200] global_step=47200, grad_norm=3.486380100250244, loss=1.1003851890563965
I0831 12:29:03.788163 139540719195904 logging_writer.py:48] [47300] global_step=47300, grad_norm=3.9076380729675293, loss=1.1034411191940308
I0831 12:29:30.944924 139540727588608 logging_writer.py:48] [47400] global_step=47400, grad_norm=3.609618902206421, loss=1.1048024892807007
I0831 12:29:58.011694 139540719195904 logging_writer.py:48] [47500] global_step=47500, grad_norm=4.064023971557617, loss=1.2876694202423096
I0831 12:30:25.169609 139540727588608 logging_writer.py:48] [47600] global_step=47600, grad_norm=3.8037753105163574, loss=1.2342020273208618
I0831 12:30:52.542477 139540719195904 logging_writer.py:48] [47700] global_step=47700, grad_norm=3.840196371078491, loss=1.287545919418335
I0831 12:31:19.626679 139540727588608 logging_writer.py:48] [47800] global_step=47800, grad_norm=3.74434757232666, loss=1.2515287399291992
I0831 12:31:46.683367 139540719195904 logging_writer.py:48] [47900] global_step=47900, grad_norm=3.771639347076416, loss=1.1102864742279053
I0831 12:32:13.859468 139540727588608 logging_writer.py:48] [48000] global_step=48000, grad_norm=3.796393871307373, loss=1.2691946029663086
I0831 12:32:40.951302 139540719195904 logging_writer.py:48] [48100] global_step=48100, grad_norm=3.634566307067871, loss=1.2292393445968628
I0831 12:33:08.045721 139540727588608 logging_writer.py:48] [48200] global_step=48200, grad_norm=3.944098711013794, loss=1.237140417098999
I0831 12:33:35.236737 139540719195904 logging_writer.py:48] [48300] global_step=48300, grad_norm=3.700312376022339, loss=1.111405372619629
I0831 12:34:02.332248 139540727588608 logging_writer.py:48] [48400] global_step=48400, grad_norm=3.8034729957580566, loss=1.2181332111358643
I0831 12:34:29.432133 139540719195904 logging_writer.py:48] [48500] global_step=48500, grad_norm=3.853167772293091, loss=1.154242992401123
I0831 12:34:56.587351 139540727588608 logging_writer.py:48] [48600] global_step=48600, grad_norm=3.830934762954712, loss=1.2079558372497559
I0831 12:35:23.970284 139540719195904 logging_writer.py:48] [48700] global_step=48700, grad_norm=3.870253801345825, loss=1.1418249607086182
I0831 12:35:51.055382 139540727588608 logging_writer.py:48] [48800] global_step=48800, grad_norm=3.627871513366699, loss=1.229339838027954
I0831 12:36:18.192724 139540719195904 logging_writer.py:48] [48900] global_step=48900, grad_norm=3.80617356300354, loss=1.1667430400848389
I0831 12:36:45.295702 139540727588608 logging_writer.py:48] [49000] global_step=49000, grad_norm=4.032338619232178, loss=1.2822518348693848
I0831 12:37:12.382266 139540719195904 logging_writer.py:48] [49100] global_step=49100, grad_norm=4.05773401260376, loss=1.3354737758636475
I0831 12:37:39.560772 139540727588608 logging_writer.py:48] [49200] global_step=49200, grad_norm=3.873044490814209, loss=1.2915927171707153
I0831 12:38:06.652205 139540719195904 logging_writer.py:48] [49300] global_step=49300, grad_norm=3.5548551082611084, loss=1.0813219547271729
I0831 12:38:33.773818 139540727588608 logging_writer.py:48] [49400] global_step=49400, grad_norm=3.8711817264556885, loss=1.2754942178726196
I0831 12:39:00.926746 139540719195904 logging_writer.py:48] [49500] global_step=49500, grad_norm=3.7301387786865234, loss=1.2191672325134277
I0831 12:39:28.020856 139540727588608 logging_writer.py:48] [49600] global_step=49600, grad_norm=3.7637341022491455, loss=1.1661289930343628
I0831 12:39:55.104529 139540719195904 logging_writer.py:48] [49700] global_step=49700, grad_norm=3.755552291870117, loss=1.163621187210083
I0831 12:40:22.506520 139540727588608 logging_writer.py:48] [49800] global_step=49800, grad_norm=4.094992637634277, loss=1.2108473777770996
I0831 12:40:49.595893 139540719195904 logging_writer.py:48] [49900] global_step=49900, grad_norm=3.79190993309021, loss=1.192185640335083
I0831 12:41:16.717260 139540727588608 logging_writer.py:48] [50000] global_step=50000, grad_norm=3.902987003326416, loss=1.2289087772369385
I0831 12:41:43.882025 139540719195904 logging_writer.py:48] [50100] global_step=50100, grad_norm=3.8318843841552734, loss=1.2076377868652344
I0831 12:42:10.980606 139540727588608 logging_writer.py:48] [50200] global_step=50200, grad_norm=3.9105801582336426, loss=1.2144370079040527
I0831 12:42:38.063223 139540719195904 logging_writer.py:48] [50300] global_step=50300, grad_norm=4.017617225646973, loss=1.242980718612671
I0831 12:43:05.241966 139540727588608 logging_writer.py:48] [50400] global_step=50400, grad_norm=4.053542613983154, loss=1.1752004623413086
I0831 12:43:32.344485 139540719195904 logging_writer.py:48] [50500] global_step=50500, grad_norm=3.8965697288513184, loss=1.1887019872665405
I0831 12:43:32.522243 139757377230016 spec.py:333] Evaluating on the training split.
I0831 12:43:42.076637 139757377230016 spec.py:346] Evaluating on the validation split.
I0831 12:43:52.373755 139757377230016 spec.py:363] Evaluating on the test split.
I0831 12:43:53.266558 139757377230016 submission_runner.py:516] Time since start: 14243.60s, 	Step: 50502, 	{'train/accuracy': Array(0.8854432, dtype=float32), 'train/loss': Array(0.41532198, dtype=float32), 'validation/accuracy': Array(0.7328, dtype=float32), 'validation/loss': Array(1.0901387, dtype=float32), 'validation/num_examples': 50000, 'test/accuracy': Array(0.61230004, dtype=float32), 'test/loss': Array(1.8371395, dtype=float32), 'test/num_examples': 10000, 'score': 14025.61386179924, 'total_duration': 14243.602019548416, 'accumulated_submission_time': 14025.61386179924, 'accumulated_eval_time': 217.09737825393677, 'accumulated_logging_time': 0.5025744438171387}
I0831 12:43:53.320607 139540727588608 logging_writer.py:48] [50502] accumulated_eval_time=217.097, accumulated_logging_time=0.502574, accumulated_submission_time=14025.6, global_step=50502, preemption_count=0, score=14025.6, test/accuracy=0.6123000383377075, test/loss=1.8371394872665405, test/num_examples=10000, total_duration=14243.6, train/accuracy=0.8854432106018066, train/loss=0.4153219759464264, validation/accuracy=0.7328000068664551, validation/loss=1.0901386737823486, validation/num_examples=50000
I0831 12:44:20.255620 139540719195904 logging_writer.py:48] [50600] global_step=50600, grad_norm=3.8640666007995605, loss=1.1660219430923462
I0831 12:44:47.406877 139540727588608 logging_writer.py:48] [50700] global_step=50700, grad_norm=4.028095722198486, loss=1.264628529548645
I0831 12:45:14.758065 139540719195904 logging_writer.py:48] [50800] global_step=50800, grad_norm=3.800403594970703, loss=1.2110083103179932
I0831 12:45:41.862168 139540727588608 logging_writer.py:48] [50900] global_step=50900, grad_norm=4.171287536621094, loss=1.2216659784317017
I0831 12:46:09.009771 139540719195904 logging_writer.py:48] [51000] global_step=51000, grad_norm=3.679856300354004, loss=1.2483497858047485
I0831 12:46:36.110512 139540727588608 logging_writer.py:48] [51100] global_step=51100, grad_norm=4.079906463623047, loss=1.2520487308502197
I0831 12:47:03.228552 139540719195904 logging_writer.py:48] [51200] global_step=51200, grad_norm=3.7118425369262695, loss=1.1630172729492188
I0831 12:47:30.383319 139540727588608 logging_writer.py:48] [51300] global_step=51300, grad_norm=3.9609529972076416, loss=1.1060419082641602
I0831 12:47:57.492629 139540719195904 logging_writer.py:48] [51400] global_step=51400, grad_norm=3.825989246368408, loss=1.2153922319412231
I0831 12:48:24.573240 139540727588608 logging_writer.py:48] [51500] global_step=51500, grad_norm=3.918325901031494, loss=1.1542541980743408
I0831 12:48:51.774119 139540719195904 logging_writer.py:48] [51600] global_step=51600, grad_norm=3.7876622676849365, loss=1.2338354587554932
I0831 12:49:18.890168 139540727588608 logging_writer.py:48] [51700] global_step=51700, grad_norm=3.6581404209136963, loss=1.1320767402648926
I0831 12:49:45.987556 139540719195904 logging_writer.py:48] [51800] global_step=51800, grad_norm=3.8201615810394287, loss=1.064109444618225
I0831 12:50:13.366817 139540727588608 logging_writer.py:48] [51900] global_step=51900, grad_norm=4.051779270172119, loss=1.162381649017334
I0831 12:50:40.485703 139540719195904 logging_writer.py:48] [52000] global_step=52000, grad_norm=4.00862979888916, loss=1.2615082263946533
I0831 12:51:07.595764 139540727588608 logging_writer.py:48] [52100] global_step=52100, grad_norm=4.110744476318359, loss=1.1734048128128052
I0831 12:51:34.763385 139540719195904 logging_writer.py:48] [52200] global_step=52200, grad_norm=4.136712074279785, loss=1.2130181789398193
I0831 12:52:01.873131 139540727588608 logging_writer.py:48] [52300] global_step=52300, grad_norm=4.260636329650879, loss=1.2912178039550781
I0831 12:52:29.033252 139540719195904 logging_writer.py:48] [52400] global_step=52400, grad_norm=3.800905227661133, loss=1.0987062454223633
I0831 12:52:56.192470 139540727588608 logging_writer.py:48] [52500] global_step=52500, grad_norm=3.7023284435272217, loss=1.2087016105651855
I0831 12:53:23.295372 139540719195904 logging_writer.py:48] [52600] global_step=52600, grad_norm=4.256481647491455, loss=1.2762980461120605
I0831 12:53:50.393065 139540727588608 logging_writer.py:48] [52700] global_step=52700, grad_norm=3.839111089706421, loss=1.2562456130981445
I0831 12:54:17.572826 139540719195904 logging_writer.py:48] [52800] global_step=52800, grad_norm=3.785646438598633, loss=1.1561301946640015
I0831 12:54:44.922188 139540727588608 logging_writer.py:48] [52900] global_step=52900, grad_norm=3.926473379135132, loss=1.17299222946167
I0831 12:55:12.018752 139540719195904 logging_writer.py:48] [53000] global_step=53000, grad_norm=4.021918773651123, loss=1.2395172119140625
I0831 12:55:39.194250 139540727588608 logging_writer.py:48] [53100] global_step=53100, grad_norm=3.881983995437622, loss=1.0995144844055176
I0831 12:56:06.292862 139540719195904 logging_writer.py:48] [53200] global_step=53200, grad_norm=4.120935916900635, loss=1.2103831768035889
I0831 12:56:33.402919 139540727588608 logging_writer.py:48] [53300] global_step=53300, grad_norm=4.020929336547852, loss=1.311069369316101
I0831 12:57:00.560995 139540719195904 logging_writer.py:48] [53400] global_step=53400, grad_norm=4.068737983703613, loss=1.1980650424957275
I0831 12:57:27.669223 139540727588608 logging_writer.py:48] [53500] global_step=53500, grad_norm=3.921393871307373, loss=1.1122959852218628
I0831 12:57:54.730311 139540719195904 logging_writer.py:48] [53600] global_step=53600, grad_norm=3.740293025970459, loss=1.145302653312683
I0831 12:58:21.898789 139540727588608 logging_writer.py:48] [53700] global_step=53700, grad_norm=3.9754703044891357, loss=1.1674790382385254
I0831 12:58:48.994636 139540719195904 logging_writer.py:48] [53800] global_step=53800, grad_norm=3.9218270778656006, loss=1.1551556587219238
I0831 12:59:16.102398 139540727588608 logging_writer.py:48] [53900] global_step=53900, grad_norm=3.86102294921875, loss=1.2060766220092773
I0831 12:59:43.485126 139540719195904 logging_writer.py:48] [54000] global_step=54000, grad_norm=3.702805519104004, loss=1.1905566453933716
I0831 13:00:10.592657 139540727588608 logging_writer.py:48] [54100] global_step=54100, grad_norm=3.8269619941711426, loss=1.1583553552627563
I0831 13:00:37.709592 139540719195904 logging_writer.py:48] [54200] global_step=54200, grad_norm=3.970186471939087, loss=1.1822278499603271
I0831 13:01:04.897457 139540727588608 logging_writer.py:48] [54300] global_step=54300, grad_norm=3.6424434185028076, loss=1.0892633199691772
I0831 13:01:32.020994 139540719195904 logging_writer.py:48] [54400] global_step=54400, grad_norm=4.111021041870117, loss=1.2418785095214844
I0831 13:01:59.140436 139540727588608 logging_writer.py:48] [54500] global_step=54500, grad_norm=3.932718515396118, loss=1.1298924684524536
I0831 13:02:26.308677 139540719195904 logging_writer.py:48] [54600] global_step=54600, grad_norm=3.884824752807617, loss=1.151043176651001
I0831 13:02:53.403856 139540727588608 logging_writer.py:48] [54700] global_step=54700, grad_norm=3.979407548904419, loss=1.134543538093567
I0831 13:03:20.488641 139540719195904 logging_writer.py:48] [54800] global_step=54800, grad_norm=4.484163284301758, loss=1.201373815536499
I0831 13:03:47.676948 139540727588608 logging_writer.py:48] [54900] global_step=54900, grad_norm=3.740485668182373, loss=1.0867016315460205
I0831 13:04:15.013966 139540719195904 logging_writer.py:48] [55000] global_step=55000, grad_norm=3.91239070892334, loss=1.223646879196167
I0831 13:04:42.145814 139540727588608 logging_writer.py:48] [55100] global_step=55100, grad_norm=4.371642589569092, loss=1.2296147346496582
I0831 13:05:09.316781 139540719195904 logging_writer.py:48] [55200] global_step=55200, grad_norm=3.7047321796417236, loss=1.147697925567627
I0831 13:05:36.429258 139540727588608 logging_writer.py:48] [55300] global_step=55300, grad_norm=3.816472053527832, loss=1.2530736923217773
I0831 13:06:03.515468 139540719195904 logging_writer.py:48] [55400] global_step=55400, grad_norm=3.7710280418395996, loss=1.1119556427001953
I0831 13:06:30.703094 139540727588608 logging_writer.py:48] [55500] global_step=55500, grad_norm=3.895153522491455, loss=1.1224584579467773
I0831 13:06:57.823288 139540719195904 logging_writer.py:48] [55600] global_step=55600, grad_norm=4.360355854034424, loss=1.230055570602417
I0831 13:07:24.924249 139540727588608 logging_writer.py:48] [55700] global_step=55700, grad_norm=3.8989036083221436, loss=1.2129848003387451
I0831 13:07:52.078378 139540719195904 logging_writer.py:48] [55800] global_step=55800, grad_norm=3.8862464427948, loss=1.1935923099517822
I0831 13:08:19.193713 139540727588608 logging_writer.py:48] [55900] global_step=55900, grad_norm=3.786190986633301, loss=1.1556484699249268
I0831 13:08:46.280599 139540719195904 logging_writer.py:48] [56000] global_step=56000, grad_norm=4.165676116943359, loss=1.213923692703247
I0831 13:09:13.641499 139540727588608 logging_writer.py:48] [56100] global_step=56100, grad_norm=4.0112223625183105, loss=1.1515460014343262
I0831 13:09:40.749574 139540719195904 logging_writer.py:48] [56200] global_step=56200, grad_norm=4.13128137588501, loss=1.2806158065795898
I0831 13:10:07.843030 139540727588608 logging_writer.py:48] [56300] global_step=56300, grad_norm=3.8533663749694824, loss=1.0993503332138062
I0831 13:10:34.990199 139540719195904 logging_writer.py:48] [56400] global_step=56400, grad_norm=4.043814182281494, loss=1.1235060691833496
I0831 13:11:02.109277 139540727588608 logging_writer.py:48] [56500] global_step=56500, grad_norm=4.0894880294799805, loss=1.2926568984985352
I0831 13:11:29.206444 139540719195904 logging_writer.py:48] [56600] global_step=56600, grad_norm=3.721463680267334, loss=1.2155168056488037
I0831 13:11:56.382789 139540727588608 logging_writer.py:48] [56700] global_step=56700, grad_norm=3.8828091621398926, loss=1.141677737236023
I0831 13:12:23.504581 139540719195904 logging_writer.py:48] [56800] global_step=56800, grad_norm=4.081435203552246, loss=1.201361894607544
I0831 13:12:50.596766 139540727588608 logging_writer.py:48] [56900] global_step=56900, grad_norm=3.9855315685272217, loss=1.2298650741577148
I0831 13:13:17.787920 139540719195904 logging_writer.py:48] [57000] global_step=57000, grad_norm=3.9699361324310303, loss=1.1900684833526611
I0831 13:13:45.104512 139540727588608 logging_writer.py:48] [57100] global_step=57100, grad_norm=4.228451728820801, loss=1.2142601013183594
I0831 13:14:12.220935 139540719195904 logging_writer.py:48] [57200] global_step=57200, grad_norm=4.07476282119751, loss=1.2213060855865479
I0831 13:14:39.387118 139540727588608 logging_writer.py:48] [57300] global_step=57300, grad_norm=4.171145915985107, loss=1.1951603889465332
I0831 13:15:06.498758 139540719195904 logging_writer.py:48] [57400] global_step=57400, grad_norm=3.9170422554016113, loss=1.1416330337524414
I0831 13:15:33.612405 139540727588608 logging_writer.py:48] [57500] global_step=57500, grad_norm=3.879352569580078, loss=1.143683671951294
I0831 13:16:00.746222 139540719195904 logging_writer.py:48] [57600] global_step=57600, grad_norm=4.299371242523193, loss=1.2836177349090576
I0831 13:16:27.861755 139540727588608 logging_writer.py:48] [57700] global_step=57700, grad_norm=3.9988062381744385, loss=1.1603652238845825
I0831 13:16:54.958745 139540719195904 logging_writer.py:48] [57800] global_step=57800, grad_norm=3.765183925628662, loss=1.1006163358688354
I0831 13:17:09.468734 139757377230016 spec.py:333] Evaluating on the training split.
I0831 13:17:18.918017 139757377230016 spec.py:346] Evaluating on the validation split.
I0831 13:17:28.801949 139757377230016 spec.py:363] Evaluating on the test split.
I0831 13:17:29.699454 139757377230016 submission_runner.py:516] Time since start: 16260.03s, 	Step: 57855, 	{'train/accuracy': Array(0.89253825, dtype=float32), 'train/loss': Array(0.3850234, dtype=float32), 'validation/accuracy': Array(0.73662, dtype=float32), 'validation/loss': Array(1.0837384, dtype=float32), 'validation/num_examples': 50000, 'test/accuracy': Array(0.609, dtype=float32), 'test/loss': Array(1.840022, dtype=float32), 'test/num_examples': 10000, 'score': 16021.685701847076, 'total_duration': 16260.028512001038, 'accumulated_submission_time': 16021.685701847076, 'accumulated_eval_time': 237.31938290596008, 'accumulated_logging_time': 0.5800423622131348}
I0831 13:17:29.748150 139540727588608 logging_writer.py:48] [57855] accumulated_eval_time=237.319, accumulated_logging_time=0.580042, accumulated_submission_time=16021.7, global_step=57855, preemption_count=0, score=16021.7, test/accuracy=0.609000027179718, test/loss=1.8400219678878784, test/num_examples=10000, total_duration=16260, train/accuracy=0.8925382494926453, train/loss=0.3850233852863312, validation/accuracy=0.7366200089454651, validation/loss=1.0837384462356567, validation/num_examples=50000
I0831 13:17:42.646984 139540727588608 logging_writer.py:48] [57900] global_step=57900, grad_norm=4.041118621826172, loss=1.2027671337127686
I0831 13:18:09.735868 139540719195904 logging_writer.py:48] [58000] global_step=58000, grad_norm=4.164193630218506, loss=1.2515063285827637
I0831 13:18:36.814246 139540727588608 logging_writer.py:48] [58100] global_step=58100, grad_norm=3.8585994243621826, loss=1.1270262002944946
I0831 13:19:04.186744 139540719195904 logging_writer.py:48] [58200] global_step=58200, grad_norm=3.9867732524871826, loss=1.1456878185272217
I0831 13:19:31.256504 139540727588608 logging_writer.py:48] [58300] global_step=58300, grad_norm=4.2866106033325195, loss=1.2606315612792969
I0831 13:19:58.345583 139540719195904 logging_writer.py:48] [58400] global_step=58400, grad_norm=3.9092772006988525, loss=1.1484383344650269
I0831 13:20:25.508113 139540727588608 logging_writer.py:48] [58500] global_step=58500, grad_norm=4.108815670013428, loss=1.1697138547897339
I0831 13:20:52.639593 139540719195904 logging_writer.py:48] [58600] global_step=58600, grad_norm=4.694065093994141, loss=1.2007215023040771
I0831 13:21:19.742998 139540727588608 logging_writer.py:48] [58700] global_step=58700, grad_norm=3.8600072860717773, loss=1.1486828327178955
I0831 13:21:46.895214 139540719195904 logging_writer.py:48] [58800] global_step=58800, grad_norm=3.7497315406799316, loss=1.0931408405303955
I0831 13:22:13.988959 139540727588608 logging_writer.py:48] [58900] global_step=58900, grad_norm=4.020484447479248, loss=1.245805263519287
I0831 13:22:41.104136 139540719195904 logging_writer.py:48] [59000] global_step=59000, grad_norm=4.556707382202148, loss=1.228139042854309
I0831 13:23:08.277716 139540727588608 logging_writer.py:48] [59100] global_step=59100, grad_norm=4.143918514251709, loss=1.0857951641082764
I0831 13:23:35.559405 139540719195904 logging_writer.py:48] [59200] global_step=59200, grad_norm=4.044656753540039, loss=1.122304916381836
I0831 13:24:02.639070 139540727588608 logging_writer.py:48] [59300] global_step=59300, grad_norm=4.29014778137207, loss=1.1408071517944336
I0831 13:24:29.785770 139540719195904 logging_writer.py:48] [59400] global_step=59400, grad_norm=4.181191921234131, loss=1.2643784284591675
I0831 13:24:56.883589 139540727588608 logging_writer.py:48] [59500] global_step=59500, grad_norm=4.127740859985352, loss=1.2178974151611328
I0831 13:25:23.980302 139540719195904 logging_writer.py:48] [59600] global_step=59600, grad_norm=3.998202323913574, loss=1.0730668306350708
I0831 13:25:51.155747 139540727588608 logging_writer.py:48] [59700] global_step=59700, grad_norm=4.511320114135742, loss=1.213517665863037
I0831 13:26:18.266366 139540719195904 logging_writer.py:48] [59800] global_step=59800, grad_norm=4.17498254776001, loss=1.2108474969863892
I0831 13:26:45.360296 139540727588608 logging_writer.py:48] [59900] global_step=59900, grad_norm=4.146834850311279, loss=1.1923496723175049
I0831 13:27:12.503471 139540719195904 logging_writer.py:48] [60000] global_step=60000, grad_norm=3.7286126613616943, loss=1.1063026189804077
I0831 13:27:39.628671 139540727588608 logging_writer.py:48] [60100] global_step=60100, grad_norm=4.054551601409912, loss=1.1324818134307861
I0831 13:28:06.746386 139540719195904 logging_writer.py:48] [60200] global_step=60200, grad_norm=4.186339855194092, loss=1.1639115810394287
I0831 13:28:34.121102 139540727588608 logging_writer.py:48] [60300] global_step=60300, grad_norm=4.027463436126709, loss=1.142842411994934
I0831 13:29:01.242747 139540719195904 logging_writer.py:48] [60400] global_step=60400, grad_norm=4.097710609436035, loss=1.1667375564575195
I0831 13:29:28.328428 139540727588608 logging_writer.py:48] [60500] global_step=60500, grad_norm=4.1667304039001465, loss=1.2456499338150024
I0831 13:29:55.503316 139540719195904 logging_writer.py:48] [60600] global_step=60600, grad_norm=4.43645715713501, loss=1.1989213228225708
I0831 13:30:22.594155 139540727588608 logging_writer.py:48] [60700] global_step=60700, grad_norm=4.265892028808594, loss=1.2106387615203857
I0831 13:30:49.733455 139540719195904 logging_writer.py:48] [60800] global_step=60800, grad_norm=4.073123931884766, loss=1.114328384399414
I0831 13:31:16.895074 139540727588608 logging_writer.py:48] [60900] global_step=60900, grad_norm=4.290305137634277, loss=1.1338751316070557
I0831 13:31:43.997188 139540719195904 logging_writer.py:48] [61000] global_step=61000, grad_norm=4.189687728881836, loss=1.118222713470459
I0831 13:32:11.077241 139540727588608 logging_writer.py:48] [61100] global_step=61100, grad_norm=4.0874505043029785, loss=1.1407793760299683
I0831 13:32:38.245408 139540719195904 logging_writer.py:48] [61200] global_step=61200, grad_norm=3.8766753673553467, loss=1.065988540649414
I0831 13:33:05.341774 139540727588608 logging_writer.py:48] [61300] global_step=61300, grad_norm=4.286856174468994, loss=1.1069066524505615
I0831 13:33:32.670951 139540719195904 logging_writer.py:48] [61400] global_step=61400, grad_norm=4.276535987854004, loss=1.1756739616394043
I0831 13:33:59.825260 139540727588608 logging_writer.py:48] [61500] global_step=61500, grad_norm=4.273529529571533, loss=1.1471271514892578
I0831 13:34:26.931727 139540719195904 logging_writer.py:48] [61600] global_step=61600, grad_norm=4.194718837738037, loss=1.1037203073501587
I0831 13:34:54.021187 139540727588608 logging_writer.py:48] [61700] global_step=61700, grad_norm=4.0157270431518555, loss=1.048763394355774
I0831 13:35:21.178122 139540719195904 logging_writer.py:48] [61800] global_step=61800, grad_norm=4.572597503662109, loss=1.1253948211669922
I0831 13:35:48.275742 139540727588608 logging_writer.py:48] [61900] global_step=61900, grad_norm=4.2384748458862305, loss=1.107635498046875
I0831 13:36:15.393282 139540719195904 logging_writer.py:48] [62000] global_step=62000, grad_norm=4.157260894775391, loss=1.1408571004867554
I0831 13:36:42.549543 139540727588608 logging_writer.py:48] [62100] global_step=62100, grad_norm=4.371570110321045, loss=1.263484001159668
I0831 13:37:09.628035 139540719195904 logging_writer.py:48] [62200] global_step=62200, grad_norm=4.365884780883789, loss=1.1170647144317627
I0831 13:37:36.706985 139540727588608 logging_writer.py:48] [62300] global_step=62300, grad_norm=4.32310676574707, loss=1.1869494915008545
I0831 13:38:04.108423 139540719195904 logging_writer.py:48] [62400] global_step=62400, grad_norm=4.643028736114502, loss=1.219673752784729
I0831 13:38:31.203308 139540727588608 logging_writer.py:48] [62500] global_step=62500, grad_norm=4.538817405700684, loss=1.2222492694854736
I0831 13:38:58.307030 139540719195904 logging_writer.py:48] [62600] global_step=62600, grad_norm=3.968566656112671, loss=1.058457851409912
I0831 13:39:25.451693 139540727588608 logging_writer.py:48] [62700] global_step=62700, grad_norm=4.538475036621094, loss=1.1615204811096191
I0831 13:39:52.561463 139540719195904 logging_writer.py:48] [62800] global_step=62800, grad_norm=4.822351455688477, loss=1.1555804014205933
I0831 13:40:19.646280 139540727588608 logging_writer.py:48] [62900] global_step=62900, grad_norm=4.345246315002441, loss=1.0453455448150635
I0831 13:40:46.794142 139540719195904 logging_writer.py:48] [63000] global_step=63000, grad_norm=4.433428764343262, loss=1.2152522802352905
I0831 13:41:13.917238 139540727588608 logging_writer.py:48] [63100] global_step=63100, grad_norm=4.222021579742432, loss=1.1546388864517212
I0831 13:41:41.023684 139540719195904 logging_writer.py:48] [63200] global_step=63200, grad_norm=4.490721702575684, loss=1.11820387840271
I0831 13:42:08.183294 139540727588608 logging_writer.py:48] [63300] global_step=63300, grad_norm=4.523038864135742, loss=1.0728404521942139
I0831 13:42:35.264720 139540719195904 logging_writer.py:48] [63400] global_step=63400, grad_norm=4.373589992523193, loss=1.1755000352859497
I0831 13:43:02.614817 139540727588608 logging_writer.py:48] [63500] global_step=63500, grad_norm=4.24800443649292, loss=1.090347170829773
I0831 13:43:29.753198 139540719195904 logging_writer.py:48] [63600] global_step=63600, grad_norm=4.273742198944092, loss=1.13649582862854
I0831 13:43:56.862274 139540727588608 logging_writer.py:48] [63700] global_step=63700, grad_norm=4.640417098999023, loss=1.1735934019088745
I0831 13:44:23.980981 139540719195904 logging_writer.py:48] [63800] global_step=63800, grad_norm=4.234874725341797, loss=1.0893020629882812
I0831 13:44:51.127120 139540727588608 logging_writer.py:48] [63900] global_step=63900, grad_norm=4.455885887145996, loss=1.1877307891845703
I0831 13:45:18.220582 139540719195904 logging_writer.py:48] [64000] global_step=64000, grad_norm=4.438656330108643, loss=1.139983057975769
I0831 13:45:45.333924 139540727588608 logging_writer.py:48] [64100] global_step=64100, grad_norm=4.40826416015625, loss=1.1444511413574219
I0831 13:46:12.500951 139540719195904 logging_writer.py:48] [64200] global_step=64200, grad_norm=4.3170061111450195, loss=1.1207876205444336
I0831 13:46:39.596391 139540727588608 logging_writer.py:48] [64300] global_step=64300, grad_norm=4.467159748077393, loss=1.1381728649139404
I0831 13:47:06.688423 139540719195904 logging_writer.py:48] [64400] global_step=64400, grad_norm=4.606790542602539, loss=1.0970185995101929
I0831 13:47:33.869280 139540727588608 logging_writer.py:48] [64500] global_step=64500, grad_norm=4.512940883636475, loss=1.2085509300231934
I0831 13:48:01.174889 139540719195904 logging_writer.py:48] [64600] global_step=64600, grad_norm=4.579649448394775, loss=1.1796603202819824
I0831 13:48:28.248419 139540727588608 logging_writer.py:48] [64700] global_step=64700, grad_norm=4.497619152069092, loss=1.2076114416122437
I0831 13:48:55.415782 139540719195904 logging_writer.py:48] [64800] global_step=64800, grad_norm=4.4055585861206055, loss=1.1563019752502441
I0831 13:49:22.513969 139540727588608 logging_writer.py:48] [64900] global_step=64900, grad_norm=4.502171993255615, loss=1.0322864055633545
I0831 13:49:49.621854 139540719195904 logging_writer.py:48] [65000] global_step=65000, grad_norm=4.534034729003906, loss=1.241274118423462
I0831 13:50:16.795896 139540727588608 logging_writer.py:48] [65100] global_step=65100, grad_norm=4.625748634338379, loss=1.1614686250686646
I0831 13:50:43.925496 139540719195904 logging_writer.py:48] [65200] global_step=65200, grad_norm=4.7350382804870605, loss=1.1474820375442505
I0831 13:50:45.711474 139757377230016 spec.py:333] Evaluating on the training split.
I0831 13:50:54.790838 139757377230016 spec.py:346] Evaluating on the validation split.
I0831 13:51:05.298954 139757377230016 spec.py:363] Evaluating on the test split.
I0831 13:51:06.200670 139757377230016 submission_runner.py:516] Time since start: 18276.52s, 	Step: 65208, 	{'train/accuracy': Array(0.90124756, dtype=float32), 'train/loss': Array(0.35447967, dtype=float32), 'validation/accuracy': Array(0.73748, dtype=float32), 'validation/loss': Array(1.0785924, dtype=float32), 'validation/num_examples': 50000, 'test/accuracy': Array(0.6104, dtype=float32), 'test/loss': Array(1.8365499, dtype=float32), 'test/num_examples': 10000, 'score': 18017.576412677765, 'total_duration': 18276.523310661316, 'accumulated_submission_time': 18017.576412677765, 'accumulated_eval_time': 257.79344487190247, 'accumulated_logging_time': 0.6483263969421387}
I0831 13:51:06.267806 139540727588608 logging_writer.py:48] [65208] accumulated_eval_time=257.793, accumulated_logging_time=0.648326, accumulated_submission_time=18017.6, global_step=65208, preemption_count=0, score=18017.6, test/accuracy=0.6104000210762024, test/loss=1.8365498781204224, test/num_examples=10000, total_duration=18276.5, train/accuracy=0.9012475609779358, train/loss=0.35447967052459717, validation/accuracy=0.7374799847602844, validation/loss=1.0785924196243286, validation/num_examples=50000
I0831 13:51:31.637896 139540719195904 logging_writer.py:48] [65300] global_step=65300, grad_norm=4.4084672927856445, loss=1.1686173677444458
I0831 13:51:58.793514 139540727588608 logging_writer.py:48] [65400] global_step=65400, grad_norm=4.625330924987793, loss=1.1611039638519287
I0831 13:52:25.924852 139540719195904 logging_writer.py:48] [65500] global_step=65500, grad_norm=4.851144790649414, loss=1.2499616146087646
I0831 13:52:53.211605 139540727588608 logging_writer.py:48] [65600] global_step=65600, grad_norm=4.840524673461914, loss=1.1195294857025146
I0831 13:53:20.370573 139540719195904 logging_writer.py:48] [65700] global_step=65700, grad_norm=4.62559175491333, loss=1.1100071668624878
I0831 13:53:47.492867 139540727588608 logging_writer.py:48] [65800] global_step=65800, grad_norm=4.627632141113281, loss=1.1573272943496704
I0831 13:54:14.599057 139540719195904 logging_writer.py:48] [65900] global_step=65900, grad_norm=4.686713695526123, loss=1.0334947109222412
I0831 13:54:41.765657 139540727588608 logging_writer.py:48] [66000] global_step=66000, grad_norm=4.385500907897949, loss=1.037397027015686
I0831 13:55:08.841567 139540719195904 logging_writer.py:48] [66100] global_step=66100, grad_norm=4.738503456115723, loss=1.173659324645996
I0831 13:55:35.955669 139540727588608 logging_writer.py:48] [66200] global_step=66200, grad_norm=4.786446571350098, loss=1.1743108034133911
I0831 13:56:03.112194 139540719195904 logging_writer.py:48] [66300] global_step=66300, grad_norm=4.637209415435791, loss=1.1685290336608887
I0831 13:56:30.223822 139540727588608 logging_writer.py:48] [66400] global_step=66400, grad_norm=4.615949630737305, loss=1.0552440881729126
I0831 13:56:57.303147 139540719195904 logging_writer.py:48] [66500] global_step=66500, grad_norm=4.283204555511475, loss=1.1156580448150635
I0831 13:57:24.496188 139540727588608 logging_writer.py:48] [66600] global_step=66600, grad_norm=4.391711711883545, loss=1.0595004558563232
I0831 13:57:51.804424 139540719195904 logging_writer.py:48] [66700] global_step=66700, grad_norm=5.078994274139404, loss=1.220777988433838
I0831 13:58:18.929701 139540727588608 logging_writer.py:48] [66800] global_step=66800, grad_norm=4.648497581481934, loss=1.1116327047348022
I0831 13:58:46.069276 139540719195904 logging_writer.py:48] [66900] global_step=66900, grad_norm=4.754629611968994, loss=1.1105635166168213
I0831 13:59:13.172781 139540727588608 logging_writer.py:48] [67000] global_step=67000, grad_norm=5.155903339385986, loss=1.2200498580932617
I0831 13:59:40.268464 139540719195904 logging_writer.py:48] [67100] global_step=67100, grad_norm=4.485778331756592, loss=1.0552616119384766
I0831 14:00:07.442929 139540727588608 logging_writer.py:48] [67200] global_step=67200, grad_norm=4.500012397766113, loss=1.057807207107544
I0831 14:00:34.550737 139540719195904 logging_writer.py:48] [67300] global_step=67300, grad_norm=4.672736644744873, loss=1.1248643398284912
I0831 14:01:01.640295 139540727588608 logging_writer.py:48] [67400] global_step=67400, grad_norm=4.845271587371826, loss=1.164858341217041
I0831 14:01:28.799671 139540719195904 logging_writer.py:48] [67500] global_step=67500, grad_norm=4.822690010070801, loss=1.1714894771575928
I0831 14:01:55.901929 139540727588608 logging_writer.py:48] [67600] global_step=67600, grad_norm=5.0031232833862305, loss=1.1086652278900146
I0831 14:02:23.234045 139540719195904 logging_writer.py:48] [67700] global_step=67700, grad_norm=4.75212287902832, loss=1.1819580793380737
I0831 14:02:50.390040 139540727588608 logging_writer.py:48] [67800] global_step=67800, grad_norm=4.759058952331543, loss=1.1221896409988403
I0831 14:03:17.517119 139540719195904 logging_writer.py:48] [67900] global_step=67900, grad_norm=4.81304931640625, loss=1.1828184127807617
I0831 14:03:44.612629 139540727588608 logging_writer.py:48] [68000] global_step=68000, grad_norm=4.950571060180664, loss=1.1001051664352417
I0831 14:04:11.785838 139540719195904 logging_writer.py:48] [68100] global_step=68100, grad_norm=4.800511360168457, loss=1.1944143772125244
I0831 14:04:38.899561 139540727588608 logging_writer.py:48] [68200] global_step=68200, grad_norm=4.589383125305176, loss=1.0434989929199219
I0831 14:05:05.992502 139540719195904 logging_writer.py:48] [68300] global_step=68300, grad_norm=4.951854228973389, loss=1.102988839149475
I0831 14:05:33.156585 139540727588608 logging_writer.py:48] [68400] global_step=68400, grad_norm=4.9022440910339355, loss=1.056746006011963
I0831 14:06:00.259508 139540719195904 logging_writer.py:48] [68500] global_step=68500, grad_norm=4.846834659576416, loss=1.1349437236785889
I0831 14:06:27.387410 139540727588608 logging_writer.py:48] [68600] global_step=68600, grad_norm=4.818789958953857, loss=1.0974410772323608
I0831 14:06:54.572856 139540719195904 logging_writer.py:48] [68700] global_step=68700, grad_norm=4.931778430938721, loss=1.199153184890747
I0831 14:07:21.856224 139540727588608 logging_writer.py:48] [68800] global_step=68800, grad_norm=5.051036357879639, loss=1.1476305723190308
I0831 14:07:48.925763 139540719195904 logging_writer.py:48] [68900] global_step=68900, grad_norm=4.879879474639893, loss=1.1401822566986084
I0831 14:08:16.073468 139540727588608 logging_writer.py:48] [69000] global_step=69000, grad_norm=4.779599189758301, loss=1.1636688709259033
I0831 14:08:43.156609 139540719195904 logging_writer.py:48] [69100] global_step=69100, grad_norm=4.733686447143555, loss=1.1386079788208008
I0831 14:09:10.226541 139540727588608 logging_writer.py:48] [69200] global_step=69200, grad_norm=4.913372993469238, loss=1.0821601152420044
I0831 14:09:37.413309 139540719195904 logging_writer.py:48] [69300] global_step=69300, grad_norm=4.538520812988281, loss=1.005618691444397
I0831 14:10:04.530532 139540727588608 logging_writer.py:48] [69400] global_step=69400, grad_norm=4.685912609100342, loss=1.0542535781860352
I0831 14:10:31.652286 139540719195904 logging_writer.py:48] [69500] global_step=69500, grad_norm=5.225014686584473, loss=1.222835659980774
I0831 14:10:58.815046 139540727588608 logging_writer.py:48] [69600] global_step=69600, grad_norm=4.832304954528809, loss=1.0613253116607666
I0831 14:11:25.913750 139540719195904 logging_writer.py:48] [69700] global_step=69700, grad_norm=4.997440814971924, loss=1.0843690633773804
I0831 14:11:53.212703 139540727588608 logging_writer.py:48] [69800] global_step=69800, grad_norm=5.0918426513671875, loss=1.136114478111267
I0831 14:12:20.409056 139540719195904 logging_writer.py:48] [69900] global_step=69900, grad_norm=5.058177471160889, loss=1.0965068340301514
I0831 14:12:47.498684 139540727588608 logging_writer.py:48] [70000] global_step=70000, grad_norm=5.116286754608154, loss=1.1150177717208862
I0831 14:13:14.568920 139540719195904 logging_writer.py:48] [70100] global_step=70100, grad_norm=5.034357070922852, loss=1.082290530204773
I0831 14:13:41.733715 139540727588608 logging_writer.py:48] [70200] global_step=70200, grad_norm=5.078695297241211, loss=1.201764464378357
I0831 14:14:08.800408 139540719195904 logging_writer.py:48] [70300] global_step=70300, grad_norm=4.842857837677002, loss=1.0396071672439575
I0831 14:14:35.909703 139540727588608 logging_writer.py:48] [70400] global_step=70400, grad_norm=5.281187534332275, loss=1.1442655324935913
I0831 14:15:03.084229 139540719195904 logging_writer.py:48] [70500] global_step=70500, grad_norm=4.997383117675781, loss=1.1571868658065796
I0831 14:15:30.169057 139540727588608 logging_writer.py:48] [70600] global_step=70600, grad_norm=5.002779960632324, loss=1.129809021949768
I0831 14:15:57.276254 139540719195904 logging_writer.py:48] [70700] global_step=70700, grad_norm=5.060858726501465, loss=1.177739143371582
I0831 14:16:24.450411 139540727588608 logging_writer.py:48] [70800] global_step=70800, grad_norm=4.895029067993164, loss=1.0943540334701538
I0831 14:16:51.762460 139540719195904 logging_writer.py:48] [70900] global_step=70900, grad_norm=4.892037868499756, loss=1.1062815189361572
I0831 14:17:18.850089 139540727588608 logging_writer.py:48] [71000] global_step=71000, grad_norm=4.909911632537842, loss=1.0888062715530396
I0831 14:17:46.019329 139540719195904 logging_writer.py:48] [71100] global_step=71100, grad_norm=4.904439926147461, loss=1.0683060884475708
I0831 14:18:13.117469 139540727588608 logging_writer.py:48] [71200] global_step=71200, grad_norm=5.02208137512207, loss=1.1104037761688232
I0831 14:18:40.266189 139540719195904 logging_writer.py:48] [71300] global_step=71300, grad_norm=4.902232646942139, loss=1.0629605054855347
I0831 14:19:07.430469 139540727588608 logging_writer.py:48] [71400] global_step=71400, grad_norm=4.865591526031494, loss=1.059987187385559
I0831 14:19:34.527427 139540719195904 logging_writer.py:48] [71500] global_step=71500, grad_norm=4.850372314453125, loss=1.0402113199234009
I0831 14:20:01.642715 139540727588608 logging_writer.py:48] [71600] global_step=71600, grad_norm=5.13913631439209, loss=1.1360918283462524
I0831 14:20:28.849527 139540719195904 logging_writer.py:48] [71700] global_step=71700, grad_norm=5.084836006164551, loss=1.1192049980163574
I0831 14:20:55.973710 139540727588608 logging_writer.py:48] [71800] global_step=71800, grad_norm=5.142754554748535, loss=1.0479192733764648
I0831 14:21:23.276573 139540719195904 logging_writer.py:48] [71900] global_step=71900, grad_norm=5.119273662567139, loss=1.052194595336914
I0831 14:21:50.453713 139540727588608 logging_writer.py:48] [72000] global_step=72000, grad_norm=5.223738670349121, loss=1.1881577968597412
I0831 14:22:17.546402 139540719195904 logging_writer.py:48] [72100] global_step=72100, grad_norm=4.810418605804443, loss=0.9835866093635559
I0831 14:22:44.652518 139540727588608 logging_writer.py:48] [72200] global_step=72200, grad_norm=4.916736602783203, loss=1.084503412246704
I0831 14:23:11.807532 139540719195904 logging_writer.py:48] [72300] global_step=72300, grad_norm=4.785176753997803, loss=1.0774383544921875
I0831 14:23:38.929244 139540727588608 logging_writer.py:48] [72400] global_step=72400, grad_norm=5.186130523681641, loss=1.0957170724868774
I0831 14:24:06.055676 139540719195904 logging_writer.py:48] [72500] global_step=72500, grad_norm=5.191675186157227, loss=1.2011656761169434
I0831 14:24:22.203474 139757377230016 spec.py:333] Evaluating on the training split.
I0831 14:24:30.337248 139757377230016 spec.py:346] Evaluating on the validation split.
I0831 14:24:40.415546 139757377230016 spec.py:363] Evaluating on the test split.
I0831 14:24:41.299163 139757377230016 submission_runner.py:516] Time since start: 20291.63s, 	Step: 72561, 	{'train/accuracy': Array(0.90824294, dtype=float32), 'train/loss': Array(0.32824045, dtype=float32), 'validation/accuracy': Array(0.74074, dtype=float32), 'validation/loss': Array(1.0726177, dtype=float32), 'validation/num_examples': 50000, 'test/accuracy': Array(0.6108, dtype=float32), 'test/loss': Array(1.8346378, dtype=float32), 'test/num_examples': 10000, 'score': 20013.385497570038, 'total_duration': 20291.634605646133, 'accumulated_submission_time': 20013.385497570038, 'accumulated_eval_time': 276.8868010044098, 'accumulated_logging_time': 0.7893733978271484}
I0831 14:24:41.353234 139540727588608 logging_writer.py:48] [72561] accumulated_eval_time=276.887, accumulated_logging_time=0.789373, accumulated_submission_time=20013.4, global_step=72561, preemption_count=0, score=20013.4, test/accuracy=0.61080002784729, test/loss=1.8346377611160278, test/num_examples=10000, total_duration=20291.6, train/accuracy=0.90824294090271, train/loss=0.32824045419692993, validation/accuracy=0.7407400012016296, validation/loss=1.0726176500320435, validation/num_examples=50000
I0831 14:24:52.310816 139540719195904 logging_writer.py:48] [72600] global_step=72600, grad_norm=5.258336067199707, loss=1.1007555723190308
I0831 14:25:19.402232 139540727588608 logging_writer.py:48] [72700] global_step=72700, grad_norm=5.065289497375488, loss=1.0494859218597412
I0831 14:25:46.480303 139540719195904 logging_writer.py:48] [72800] global_step=72800, grad_norm=5.373915672302246, loss=1.0879582166671753
I0831 14:26:13.632205 139540727588608 logging_writer.py:48] [72900] global_step=72900, grad_norm=4.803307056427002, loss=1.0320947170257568
I0831 14:26:40.954724 139540719195904 logging_writer.py:48] [73000] global_step=73000, grad_norm=5.073699951171875, loss=1.1762635707855225
I0831 14:27:08.019201 139540727588608 logging_writer.py:48] [73100] global_step=73100, grad_norm=5.1512932777404785, loss=1.1518657207489014
I0831 14:27:35.194759 139540719195904 logging_writer.py:48] [73200] global_step=73200, grad_norm=4.900606155395508, loss=1.0374982357025146
I0831 14:28:02.294033 139540727588608 logging_writer.py:48] [73300] global_step=73300, grad_norm=5.006901741027832, loss=1.0804922580718994
I0831 14:28:29.381299 139540719195904 logging_writer.py:48] [73400] global_step=73400, grad_norm=5.176017761230469, loss=1.1005182266235352
I0831 14:28:56.542944 139540727588608 logging_writer.py:48] [73500] global_step=73500, grad_norm=4.877220630645752, loss=1.0573527812957764
I0831 14:29:23.641581 139540719195904 logging_writer.py:48] [73600] global_step=73600, grad_norm=5.238534450531006, loss=1.1672782897949219
I0831 14:29:50.731818 139540727588608 logging_writer.py:48] [73700] global_step=73700, grad_norm=5.4541425704956055, loss=1.1482524871826172
I0831 14:30:17.896106 139540719195904 logging_writer.py:48] [73800] global_step=73800, grad_norm=4.8899712562561035, loss=1.0302114486694336
I0831 14:30:44.980780 139540727588608 logging_writer.py:48] [73900] global_step=73900, grad_norm=5.284416675567627, loss=1.1735618114471436
I0831 14:31:12.276559 139540719195904 logging_writer.py:48] [74000] global_step=74000, grad_norm=4.71981143951416, loss=0.9710990786552429
I0831 14:31:39.448508 139540727588608 logging_writer.py:48] [74100] global_step=74100, grad_norm=5.173820972442627, loss=1.1262990236282349
I0831 14:32:06.559592 139540719195904 logging_writer.py:48] [74200] global_step=74200, grad_norm=5.029001712799072, loss=1.0381803512573242
I0831 14:32:33.619798 139540727588608 logging_writer.py:48] [74300] global_step=74300, grad_norm=4.889930248260498, loss=1.1397886276245117
I0831 14:33:00.797139 139540719195904 logging_writer.py:48] [74400] global_step=74400, grad_norm=5.22511625289917, loss=1.0749008655548096
I0831 14:33:27.880789 139540727588608 logging_writer.py:48] [74500] global_step=74500, grad_norm=5.099572658538818, loss=1.022437572479248
I0831 14:33:55.003522 139540719195904 logging_writer.py:48] [74600] global_step=74600, grad_norm=5.02353048324585, loss=1.0671968460083008
I0831 14:34:22.177782 139540727588608 logging_writer.py:48] [74700] global_step=74700, grad_norm=5.156341552734375, loss=1.1270580291748047
I0831 14:34:49.324909 139540719195904 logging_writer.py:48] [74800] global_step=74800, grad_norm=5.060338497161865, loss=1.1326285600662231
I0831 14:35:16.469672 139540727588608 logging_writer.py:48] [74900] global_step=74900, grad_norm=5.070630073547363, loss=1.0973758697509766
I0831 14:35:43.631304 139540719195904 logging_writer.py:48] [75000] global_step=75000, grad_norm=4.683627128601074, loss=0.9957688450813293
I0831 14:36:10.738088 139540727588608 logging_writer.py:48] [75100] global_step=75100, grad_norm=5.094455718994141, loss=1.1114228963851929
I0831 14:36:38.065063 139540719195904 logging_writer.py:48] [75200] global_step=75200, grad_norm=4.899845123291016, loss=1.0775337219238281
I0831 14:37:05.211656 139540727588608 logging_writer.py:48] [75300] global_step=75300, grad_norm=5.001206398010254, loss=1.1131665706634521
I0831 14:37:32.313997 139540719195904 logging_writer.py:48] [75400] global_step=75400, grad_norm=5.352885723114014, loss=1.0816067457199097
I0831 14:37:59.403317 139540727588608 logging_writer.py:48] [75500] global_step=75500, grad_norm=5.19547176361084, loss=1.1168345212936401
I0831 14:38:26.541747 139540719195904 logging_writer.py:48] [75600] global_step=75600, grad_norm=5.0340986251831055, loss=1.0960524082183838
I0831 14:38:53.652051 139540727588608 logging_writer.py:48] [75700] global_step=75700, grad_norm=5.151155948638916, loss=1.1211767196655273
I0831 14:39:20.784143 139540719195904 logging_writer.py:48] [75800] global_step=75800, grad_norm=5.041630744934082, loss=1.1007633209228516
I0831 14:39:47.952102 139540727588608 logging_writer.py:48] [75900] global_step=75900, grad_norm=5.421639442443848, loss=1.099066972732544
I0831 14:40:15.066986 139540719195904 logging_writer.py:48] [76000] global_step=76000, grad_norm=5.105546474456787, loss=1.1071828603744507
I0831 14:40:42.183245 139540727588608 logging_writer.py:48] [76100] global_step=76100, grad_norm=5.046034812927246, loss=1.1315319538116455
I0831 14:41:09.588495 139540719195904 logging_writer.py:48] [76200] global_step=76200, grad_norm=5.160421371459961, loss=1.1579453945159912
I0831 14:41:36.717707 139540727588608 logging_writer.py:48] [76300] global_step=76300, grad_norm=5.071197986602783, loss=1.09730863571167
I0831 14:42:03.831100 139540719195904 logging_writer.py:48] [76400] global_step=76400, grad_norm=5.100929260253906, loss=1.087558627128601
I0831 14:42:31.027359 139540727588608 logging_writer.py:48] [76500] global_step=76500, grad_norm=4.890820503234863, loss=1.0608569383621216
I0831 14:42:58.144211 139540719195904 logging_writer.py:48] [76600] global_step=76600, grad_norm=4.929311275482178, loss=1.1246623992919922
I0831 14:43:25.233380 139540727588608 logging_writer.py:48] [76700] global_step=76700, grad_norm=4.898760795593262, loss=1.038846492767334
I0831 14:43:52.428675 139540719195904 logging_writer.py:48] [76800] global_step=76800, grad_norm=5.133862495422363, loss=1.1213703155517578
I0831 14:44:19.513286 139540727588608 logging_writer.py:48] [76900] global_step=76900, grad_norm=5.241682529449463, loss=1.078906774520874
I0831 14:44:46.595087 139540719195904 logging_writer.py:48] [77000] global_step=77000, grad_norm=4.978885173797607, loss=1.0525554418563843
I0831 14:45:13.772156 139540727588608 logging_writer.py:48] [77100] global_step=77100, grad_norm=5.049511909484863, loss=1.1005327701568604
I0831 14:45:40.897891 139540719195904 logging_writer.py:48] [77200] global_step=77200, grad_norm=4.948261737823486, loss=1.0380823612213135
I0831 14:46:08.227655 139540727588608 logging_writer.py:48] [77300] global_step=77300, grad_norm=4.855027675628662, loss=1.0551496744155884
I0831 14:46:35.387624 139540719195904 logging_writer.py:48] [77400] global_step=77400, grad_norm=5.110690116882324, loss=1.0439121723175049
I0831 14:47:02.466961 139540727588608 logging_writer.py:48] [77500] global_step=77500, grad_norm=5.24586820602417, loss=1.1588771343231201
I0831 14:47:29.579693 139540719195904 logging_writer.py:48] [77600] global_step=77600, grad_norm=5.253383159637451, loss=1.1526169776916504
I0831 14:47:56.732844 139540727588608 logging_writer.py:48] [77700] global_step=77700, grad_norm=5.149881839752197, loss=1.1658427715301514
I0831 14:48:23.843462 139540719195904 logging_writer.py:48] [77800] global_step=77800, grad_norm=5.53518009185791, loss=1.1289994716644287
I0831 14:48:50.958380 139540727588608 logging_writer.py:48] [77900] global_step=77900, grad_norm=4.778284549713135, loss=1.0319041013717651
I0831 14:49:18.111934 139540719195904 logging_writer.py:48] [78000] global_step=78000, grad_norm=5.195228576660156, loss=1.0831815004348755
I0831 14:49:45.180809 139540727588608 logging_writer.py:48] [78100] global_step=78100, grad_norm=5.241842746734619, loss=1.1263651847839355
I0831 14:50:12.294131 139540719195904 logging_writer.py:48] [78200] global_step=78200, grad_norm=5.098332405090332, loss=1.1317367553710938
I0831 14:50:39.696551 139540727588608 logging_writer.py:48] [78300] global_step=78300, grad_norm=4.9898552894592285, loss=1.0627614259719849
I0831 14:51:06.763930 139540719195904 logging_writer.py:48] [78400] global_step=78400, grad_norm=5.159222602844238, loss=1.1542898416519165
I0831 14:51:33.875002 139540727588608 logging_writer.py:48] [78500] global_step=78500, grad_norm=5.451019763946533, loss=1.182709813117981
I0831 14:52:01.008587 139540719195904 logging_writer.py:48] [78600] global_step=78600, grad_norm=4.751550674438477, loss=1.0387800931930542
I0831 14:52:28.122160 139540727588608 logging_writer.py:48] [78700] global_step=78700, grad_norm=5.461548805236816, loss=1.1650280952453613
I0831 14:52:55.232805 139540719195904 logging_writer.py:48] [78800] global_step=78800, grad_norm=5.0468831062316895, loss=1.063409447669983
I0831 14:53:22.408478 139540727588608 logging_writer.py:48] [78900] global_step=78900, grad_norm=5.135944366455078, loss=1.1858068704605103
I0831 14:53:49.495729 139540719195904 logging_writer.py:48] [79000] global_step=79000, grad_norm=5.133060455322266, loss=1.1476011276245117
I0831 14:54:16.569549 139540727588608 logging_writer.py:48] [79100] global_step=79100, grad_norm=5.210805892944336, loss=1.0379137992858887
I0831 14:54:43.732961 139540719195904 logging_writer.py:48] [79200] global_step=79200, grad_norm=5.22809362411499, loss=1.0903551578521729
I0831 14:55:10.835960 139540727588608 logging_writer.py:48] [79300] global_step=79300, grad_norm=5.242574691772461, loss=1.0695445537567139
I0831 14:55:38.166122 139540719195904 logging_writer.py:48] [79400] global_step=79400, grad_norm=4.6560235023498535, loss=0.9886162281036377
I0831 14:56:05.321842 139540727588608 logging_writer.py:48] [79500] global_step=79500, grad_norm=5.13606595993042, loss=1.1352734565734863
I0831 14:56:32.425243 139540719195904 logging_writer.py:48] [79600] global_step=79600, grad_norm=5.278378009796143, loss=1.1470916271209717
I0831 14:56:59.522086 139540727588608 logging_writer.py:48] [79700] global_step=79700, grad_norm=4.837241172790527, loss=1.0685762166976929
I0831 14:57:26.683513 139540719195904 logging_writer.py:48] [79800] global_step=79800, grad_norm=5.013140678405762, loss=1.0356762409210205
I0831 14:57:53.770994 139540727588608 logging_writer.py:48] [79900] global_step=79900, grad_norm=5.156036376953125, loss=1.08138906955719
I0831 14:57:57.493708 139757377230016 spec.py:333] Evaluating on the training split.
I0831 14:58:05.472194 139757377230016 spec.py:346] Evaluating on the validation split.
I0831 14:58:15.244947 139757377230016 spec.py:363] Evaluating on the test split.
I0831 14:58:16.158501 139757377230016 submission_runner.py:516] Time since start: 22306.47s, 	Step: 79915, 	{'train/accuracy': Array(0.9136041, dtype=float32), 'train/loss': Array(0.3116816, dtype=float32), 'validation/accuracy': Array(0.74292, dtype=float32), 'validation/loss': Array(1.0638095, dtype=float32), 'validation/num_examples': 50000, 'test/accuracy': Array(0.61490005, dtype=float32), 'test/loss': Array(1.8260653, dtype=float32), 'test/num_examples': 10000, 'score': 22009.430178642273, 'total_duration': 22306.47315478325, 'accumulated_submission_time': 22009.430178642273, 'accumulated_eval_time': 295.5284707546234, 'accumulated_logging_time': 0.8865344524383545}
I0831 14:58:16.223726 139540719195904 logging_writer.py:48] [79915] accumulated_eval_time=295.528, accumulated_logging_time=0.886534, accumulated_submission_time=22009.4, global_step=79915, preemption_count=0, score=22009.4, test/accuracy=0.6149000525474548, test/loss=1.8260653018951416, test/num_examples=10000, total_duration=22306.5, train/accuracy=0.9136040806770325, train/loss=0.3116815984249115, validation/accuracy=0.7429199814796448, validation/loss=1.0638095140457153, validation/num_examples=50000
I0831 14:58:39.600140 139540727588608 logging_writer.py:48] [80000] global_step=80000, grad_norm=4.744093418121338, loss=0.9367897510528564
I0831 14:59:06.709165 139540719195904 logging_writer.py:48] [80100] global_step=80100, grad_norm=5.226950168609619, loss=1.0818908214569092
I0831 14:59:33.763787 139540727588608 logging_writer.py:48] [80200] global_step=80200, grad_norm=5.130753993988037, loss=1.0885624885559082
I0831 15:00:00.892218 139540719195904 logging_writer.py:48] [80300] global_step=80300, grad_norm=5.093482494354248, loss=1.0991146564483643
I0831 15:00:28.046098 139540727588608 logging_writer.py:48] [80400] global_step=80400, grad_norm=5.289251804351807, loss=1.1376756429672241
I0831 15:00:55.411067 139540719195904 logging_writer.py:48] [80500] global_step=80500, grad_norm=5.154627799987793, loss=1.0619131326675415
I0831 15:01:22.517303 139540727588608 logging_writer.py:48] [80600] global_step=80600, grad_norm=5.198306560516357, loss=1.1179152727127075
I0831 15:01:49.701807 139540719195904 logging_writer.py:48] [80700] global_step=80700, grad_norm=5.296383857727051, loss=1.1098949909210205
I0831 15:02:16.813965 139540727588608 logging_writer.py:48] [80800] global_step=80800, grad_norm=5.339659690856934, loss=1.142543911933899
I0831 15:02:43.923091 139540719195904 logging_writer.py:48] [80900] global_step=80900, grad_norm=5.13142728805542, loss=1.0713517665863037
I0831 15:03:11.075199 139540727588608 logging_writer.py:48] [81000] global_step=81000, grad_norm=5.270387172698975, loss=1.1071650981903076
I0831 15:03:38.217443 139540719195904 logging_writer.py:48] [81100] global_step=81100, grad_norm=4.758582592010498, loss=1.0342024564743042
I0831 15:04:05.315285 139540727588608 logging_writer.py:48] [81200] global_step=81200, grad_norm=5.376667499542236, loss=1.1756317615509033
I0831 15:04:32.493022 139540719195904 logging_writer.py:48] [81300] global_step=81300, grad_norm=4.837802886962891, loss=1.0759117603302002
I0831 15:04:59.594568 139540727588608 logging_writer.py:48] [81400] global_step=81400, grad_norm=5.163736343383789, loss=1.1063644886016846
I0831 15:05:26.905103 139540719195904 logging_writer.py:48] [81500] global_step=81500, grad_norm=5.180639743804932, loss=1.111250877380371
I0831 15:05:54.061866 139540727588608 logging_writer.py:48] [81600] global_step=81600, grad_norm=5.208388805389404, loss=1.107893466949463
I0831 15:06:21.173560 139540719195904 logging_writer.py:48] [81700] global_step=81700, grad_norm=5.025547504425049, loss=1.0409092903137207
I0831 15:06:48.253910 139540727588608 logging_writer.py:48] [81800] global_step=81800, grad_norm=5.025572299957275, loss=1.0438916683197021
I0831 15:07:15.455354 139540719195904 logging_writer.py:48] [81900] global_step=81900, grad_norm=5.105414390563965, loss=1.1133625507354736
I0831 15:07:42.555746 139540727588608 logging_writer.py:48] [82000] global_step=82000, grad_norm=4.910178184509277, loss=0.953773021697998
I0831 15:08:09.677469 139540719195904 logging_writer.py:48] [82100] global_step=82100, grad_norm=4.815548419952393, loss=1.06009840965271
I0831 15:08:36.825794 139540727588608 logging_writer.py:48] [82200] global_step=82200, grad_norm=5.293375492095947, loss=1.1484216451644897
I0831 15:09:03.927998 139540719195904 logging_writer.py:48] [82300] global_step=82300, grad_norm=5.31777286529541, loss=1.145188808441162
I0831 15:09:31.036367 139540727588608 logging_writer.py:48] [82400] global_step=82400, grad_norm=5.161777496337891, loss=1.0146054029464722
I0831 15:09:58.180765 139540719195904 logging_writer.py:48] [82500] global_step=82500, grad_norm=5.2499847412109375, loss=1.1282031536102295
I0831 15:10:25.495724 139540727588608 logging_writer.py:48] [82600] global_step=82600, grad_norm=5.494203090667725, loss=1.1245166063308716
I0831 15:10:52.606284 139540719195904 logging_writer.py:48] [82700] global_step=82700, grad_norm=4.862037181854248, loss=1.0237562656402588
I0831 15:11:19.775637 139540727588608 logging_writer.py:48] [82800] global_step=82800, grad_norm=5.1293158531188965, loss=1.0669690370559692
I0831 15:11:46.879893 139540719195904 logging_writer.py:48] [82900] global_step=82900, grad_norm=5.1616926193237305, loss=1.1265203952789307
I0831 15:12:13.964505 139540727588608 logging_writer.py:48] [83000] global_step=83000, grad_norm=4.930270195007324, loss=1.028162956237793
I0831 15:12:41.108870 139540719195904 logging_writer.py:48] [83100] global_step=83100, grad_norm=5.094121932983398, loss=1.0673696994781494
I0831 15:13:08.210945 139540727588608 logging_writer.py:48] [83200] global_step=83200, grad_norm=5.020478248596191, loss=1.107775092124939
I0831 15:13:35.311998 139540719195904 logging_writer.py:48] [83300] global_step=83300, grad_norm=5.273924350738525, loss=1.1261659860610962
I0831 15:14:02.449509 139540727588608 logging_writer.py:48] [83400] global_step=83400, grad_norm=4.917331218719482, loss=1.100678563117981
I0831 15:14:29.557577 139540719195904 logging_writer.py:48] [83500] global_step=83500, grad_norm=4.800319671630859, loss=1.0908207893371582
I0831 15:14:56.893798 139540727588608 logging_writer.py:48] [83600] global_step=83600, grad_norm=5.255965709686279, loss=1.140325903892517
I0831 15:15:24.058232 139540719195904 logging_writer.py:48] [83700] global_step=83700, grad_norm=4.909034252166748, loss=1.0991261005401611
I0831 15:15:51.163793 139540727588608 logging_writer.py:48] [83800] global_step=83800, grad_norm=5.041651248931885, loss=1.0956569910049438
I0831 15:16:18.251625 139540719195904 logging_writer.py:48] [83900] global_step=83900, grad_norm=4.911158084869385, loss=1.0243654251098633
I0831 15:16:45.431208 139540727588608 logging_writer.py:48] [84000] global_step=84000, grad_norm=5.0859456062316895, loss=1.1317462921142578
I0831 15:17:12.541075 139540719195904 logging_writer.py:48] [84100] global_step=84100, grad_norm=4.957993507385254, loss=1.010432481765747
I0831 15:17:39.631086 139540727588608 logging_writer.py:48] [84200] global_step=84200, grad_norm=5.366715431213379, loss=1.0703991651535034
I0831 15:18:06.796607 139540719195904 logging_writer.py:48] [84300] global_step=84300, grad_norm=5.201183319091797, loss=1.0934944152832031
I0831 15:18:33.910831 139540727588608 logging_writer.py:48] [84400] global_step=84400, grad_norm=5.126269817352295, loss=1.1197023391723633
I0831 15:19:00.984234 139540719195904 logging_writer.py:48] [84500] global_step=84500, grad_norm=5.112061500549316, loss=1.103268027305603
I0831 15:19:28.141565 139540727588608 logging_writer.py:48] [84600] global_step=84600, grad_norm=5.0100579261779785, loss=1.0136958360671997
I0831 15:19:55.404945 139540719195904 logging_writer.py:48] [84700] global_step=84700, grad_norm=5.16511869430542, loss=1.0557440519332886
I0831 15:20:22.498792 139540727588608 logging_writer.py:48] [84800] global_step=84800, grad_norm=5.157710552215576, loss=1.038612961769104
I0831 15:20:49.666828 139540719195904 logging_writer.py:48] [84900] global_step=84900, grad_norm=4.876095771789551, loss=1.1368645429611206
I0831 15:21:16.765154 139540727588608 logging_writer.py:48] [85000] global_step=85000, grad_norm=5.159566402435303, loss=1.0806019306182861
I0831 15:21:43.886749 139540719195904 logging_writer.py:48] [85100] global_step=85100, grad_norm=5.064005374908447, loss=1.072684645652771
I0831 15:22:11.043895 139540727588608 logging_writer.py:48] [85200] global_step=85200, grad_norm=4.852941989898682, loss=1.0412896871566772
I0831 15:22:38.139861 139540719195904 logging_writer.py:48] [85300] global_step=85300, grad_norm=4.9304585456848145, loss=0.9937907457351685
I0831 15:23:05.264745 139540727588608 logging_writer.py:48] [85400] global_step=85400, grad_norm=5.173736095428467, loss=1.1275479793548584
I0831 15:23:32.427345 139540719195904 logging_writer.py:48] [85500] global_step=85500, grad_norm=5.238888263702393, loss=1.0882760286331177
I0831 15:23:59.553194 139540727588608 logging_writer.py:48] [85600] global_step=85600, grad_norm=5.312877655029297, loss=1.155517816543579
I0831 15:24:26.869541 139540719195904 logging_writer.py:48] [85700] global_step=85700, grad_norm=4.987231731414795, loss=1.1068980693817139
I0831 15:24:54.062950 139540727588608 logging_writer.py:48] [85800] global_step=85800, grad_norm=5.158888816833496, loss=1.0830414295196533
I0831 15:25:21.163216 139540719195904 logging_writer.py:48] [85900] global_step=85900, grad_norm=5.0162763595581055, loss=1.0491430759429932
I0831 15:25:48.249259 139540727588608 logging_writer.py:48] [86000] global_step=86000, grad_norm=4.799073219299316, loss=1.0986053943634033
I0831 15:26:15.401664 139540719195904 logging_writer.py:48] [86100] global_step=86100, grad_norm=4.954151630401611, loss=1.09287428855896
I0831 15:26:42.482722 139540727588608 logging_writer.py:48] [86200] global_step=86200, grad_norm=5.214901924133301, loss=1.0880508422851562
I0831 15:27:09.584585 139540719195904 logging_writer.py:48] [86300] global_step=86300, grad_norm=5.2477617263793945, loss=1.0971214771270752
I0831 15:27:36.739965 139540727588608 logging_writer.py:48] [86400] global_step=86400, grad_norm=5.169947624206543, loss=1.1557714939117432
I0831 15:28:03.827989 139540719195904 logging_writer.py:48] [86500] global_step=86500, grad_norm=5.3332200050354, loss=1.1058385372161865
I0831 15:28:30.918766 139540727588608 logging_writer.py:48] [86600] global_step=86600, grad_norm=5.159790992736816, loss=1.0301131010055542
I0831 15:28:58.079639 139540719195904 logging_writer.py:48] [86700] global_step=86700, grad_norm=5.1269426345825195, loss=1.1231868267059326
I0831 15:29:25.459433 139540727588608 logging_writer.py:48] [86800] global_step=86800, grad_norm=5.1101765632629395, loss=1.0677825212478638
I0831 15:29:52.547476 139540719195904 logging_writer.py:48] [86900] global_step=86900, grad_norm=5.483833312988281, loss=1.1991355419158936
I0831 15:30:19.704907 139540727588608 logging_writer.py:48] [87000] global_step=87000, grad_norm=4.789300918579102, loss=0.9257583618164062
I0831 15:30:46.797233 139540719195904 logging_writer.py:48] [87100] global_step=87100, grad_norm=5.1198225021362305, loss=1.1940183639526367
I0831 15:31:13.899950 139540727588608 logging_writer.py:48] [87200] global_step=87200, grad_norm=5.058359146118164, loss=1.0590507984161377
I0831 15:31:32.193545 139757377230016 spec.py:333] Evaluating on the training split.
I0831 15:31:39.393924 139757377230016 spec.py:346] Evaluating on the validation split.
I0831 15:31:49.478786 139757377230016 spec.py:363] Evaluating on the test split.
I0831 15:31:50.365302 139757377230016 submission_runner.py:516] Time since start: 24320.70s, 	Step: 87269, 	{'train/accuracy': Array(0.9151985, dtype=float32), 'train/loss': Array(0.29835552, dtype=float32), 'validation/accuracy': Array(0.74513996, dtype=float32), 'validation/loss': Array(1.0610034, dtype=float32), 'validation/num_examples': 50000, 'test/accuracy': Array(0.6208, dtype=float32), 'test/loss': Array(1.8269247, dtype=float32), 'test/num_examples': 10000, 'score': 24005.31016421318, 'total_duration': 24320.700825214386, 'accumulated_submission_time': 24005.31016421318, 'accumulated_eval_time': 313.69797587394714, 'accumulated_logging_time': 0.9892408847808838}
I0831 15:31:50.423866 139540719195904 logging_writer.py:48] [87269] accumulated_eval_time=313.698, accumulated_logging_time=0.989241, accumulated_submission_time=24005.3, global_step=87269, preemption_count=0, score=24005.3, test/accuracy=0.6208000183105469, test/loss=1.8269246816635132, test/num_examples=10000, total_duration=24320.7, train/accuracy=0.9151985049247742, train/loss=0.2983555197715759, validation/accuracy=0.7451399564743042, validation/loss=1.0610034465789795, validation/num_examples=50000
I0831 15:31:59.233253 139540727588608 logging_writer.py:48] [87300] global_step=87300, grad_norm=4.8629279136657715, loss=1.1477861404418945
I0831 15:32:26.320140 139540719195904 logging_writer.py:48] [87400] global_step=87400, grad_norm=5.109825611114502, loss=1.054623007774353
I0831 15:32:53.415584 139540727588608 logging_writer.py:48] [87500] global_step=87500, grad_norm=5.0553154945373535, loss=1.0578076839447021
I0831 15:33:20.539156 139540719195904 logging_writer.py:48] [87600] global_step=87600, grad_norm=5.151459693908691, loss=1.055330514907837
I0831 15:33:47.645319 139540727588608 logging_writer.py:48] [87700] global_step=87700, grad_norm=5.1655778884887695, loss=0.9961017370223999
I0831 15:34:15.001339 139540719195904 logging_writer.py:48] [87800] global_step=87800, grad_norm=5.200411319732666, loss=1.1454986333847046
I0831 15:34:42.166128 139540727588608 logging_writer.py:48] [87900] global_step=87900, grad_norm=4.959214687347412, loss=1.0364348888397217
I0831 15:35:09.269785 139540719195904 logging_writer.py:48] [88000] global_step=88000, grad_norm=5.038551330566406, loss=1.030794620513916
I0831 15:35:36.359434 139540727588608 logging_writer.py:48] [88100] global_step=88100, grad_norm=5.188911437988281, loss=1.078804612159729
I0831 15:36:03.538005 139540719195904 logging_writer.py:48] [88200] global_step=88200, grad_norm=5.192467212677002, loss=1.0401575565338135
I0831 15:36:30.648172 139540727588608 logging_writer.py:48] [88300] global_step=88300, grad_norm=4.8265910148620605, loss=1.087786316871643
I0831 15:36:57.744390 139540719195904 logging_writer.py:48] [88400] global_step=88400, grad_norm=4.98877477645874, loss=1.023648738861084
I0831 15:37:24.940158 139540727588608 logging_writer.py:48] [88500] global_step=88500, grad_norm=4.843820095062256, loss=1.0654933452606201
I0831 15:37:52.023149 139540719195904 logging_writer.py:48] [88600] global_step=88600, grad_norm=5.0491180419921875, loss=1.1243466138839722
I0831 15:38:19.174173 139540727588608 logging_writer.py:48] [88700] global_step=88700, grad_norm=4.995851516723633, loss=1.0561825037002563
I0831 15:38:46.336572 139540719195904 logging_writer.py:48] [88800] global_step=88800, grad_norm=5.079293251037598, loss=1.1354633569717407
I0831 15:39:13.674318 139540727588608 logging_writer.py:48] [88900] global_step=88900, grad_norm=4.874382495880127, loss=1.0750494003295898
I0831 15:39:40.803162 139540719195904 logging_writer.py:48] [89000] global_step=89000, grad_norm=5.3274712562561035, loss=1.0396728515625
I0831 15:40:08.001009 139540727588608 logging_writer.py:48] [89100] global_step=89100, grad_norm=5.026710033416748, loss=1.107635736465454
I0831 15:40:35.076878 139540719195904 logging_writer.py:48] [89200] global_step=89200, grad_norm=5.340487957000732, loss=1.1309958696365356
I0831 15:41:02.157513 139540727588608 logging_writer.py:48] [89300] global_step=89300, grad_norm=4.976593017578125, loss=1.054032325744629
I0831 15:41:29.330208 139540719195904 logging_writer.py:48] [89400] global_step=89400, grad_norm=5.027141571044922, loss=0.9904265999794006
I0831 15:41:56.421278 139540727588608 logging_writer.py:48] [89500] global_step=89500, grad_norm=5.018741130828857, loss=1.0614213943481445
I0831 15:42:23.522044 139540719195904 logging_writer.py:48] [89600] global_step=89600, grad_norm=5.032220840454102, loss=1.0859384536743164
I0831 15:42:50.671598 139540727588608 logging_writer.py:48] [89700] global_step=89700, grad_norm=5.296989917755127, loss=1.1314268112182617
I0831 15:43:17.757259 139540719195904 logging_writer.py:48] [89800] global_step=89800, grad_norm=4.984623432159424, loss=1.0617742538452148
I0831 15:43:44.823745 139540727588608 logging_writer.py:48] [89900] global_step=89900, grad_norm=5.439864158630371, loss=1.1386750936508179
I0831 15:44:12.204118 139540719195904 logging_writer.py:48] [90000] global_step=90000, grad_norm=5.298142910003662, loss=1.0591130256652832
I0831 15:44:39.303791 139540727588608 logging_writer.py:48] [90100] global_step=90100, grad_norm=5.362574100494385, loss=1.1434476375579834
I0831 15:45:06.406528 139540719195904 logging_writer.py:48] [90200] global_step=90200, grad_norm=4.93883752822876, loss=1.004425048828125
I0831 15:45:33.577515 139540727588608 logging_writer.py:48] [90300] global_step=90300, grad_norm=4.978388786315918, loss=1.0280625820159912
I0831 15:46:00.686330 139540719195904 logging_writer.py:48] [90400] global_step=90400, grad_norm=4.818467617034912, loss=1.014555811882019
I0831 15:46:27.792379 139540727588608 logging_writer.py:48] [90500] global_step=90500, grad_norm=4.926148414611816, loss=1.0545144081115723
I0831 15:46:54.958017 139540719195904 logging_writer.py:48] [90600] global_step=90600, grad_norm=4.867527484893799, loss=1.0103247165679932
I0831 15:47:22.070003 139540727588608 logging_writer.py:48] [90700] global_step=90700, grad_norm=4.868866443634033, loss=1.0130285024642944
I0831 15:47:49.241351 139540719195904 logging_writer.py:48] [90800] global_step=90800, grad_norm=5.372440338134766, loss=1.1501595973968506
I0831 15:48:16.426282 139540727588608 logging_writer.py:48] [90900] global_step=90900, grad_norm=4.859857559204102, loss=0.9395514726638794
I0831 15:48:43.707505 139540719195904 logging_writer.py:48] [91000] global_step=91000, grad_norm=4.980844020843506, loss=1.0504813194274902
I0831 15:49:10.822660 139540727588608 logging_writer.py:48] [91100] global_step=91100, grad_norm=4.975203037261963, loss=1.0149034261703491
I0831 15:49:37.977198 139540719195904 logging_writer.py:48] [91200] global_step=91200, grad_norm=5.175693988800049, loss=1.0313645601272583
I0831 15:50:05.096682 139540727588608 logging_writer.py:48] [91300] global_step=91300, grad_norm=5.218865394592285, loss=1.1493602991104126
I0831 15:50:32.214063 139540719195904 logging_writer.py:48] [91400] global_step=91400, grad_norm=5.179586887359619, loss=1.0151209831237793
I0831 15:50:59.392093 139540727588608 logging_writer.py:48] [91500] global_step=91500, grad_norm=5.208112716674805, loss=1.016558051109314
I0831 15:51:26.486468 139540719195904 logging_writer.py:48] [91600] global_step=91600, grad_norm=5.002886772155762, loss=1.054046630859375
I0831 15:51:53.566093 139540727588608 logging_writer.py:48] [91700] global_step=91700, grad_norm=4.868175029754639, loss=1.022315502166748
I0831 15:52:20.750478 139540719195904 logging_writer.py:48] [91800] global_step=91800, grad_norm=5.098211765289307, loss=1.1375863552093506
I0831 15:52:47.853440 139540727588608 logging_writer.py:48] [91900] global_step=91900, grad_norm=5.053808689117432, loss=1.114558219909668
I0831 15:53:14.959598 139540719195904 logging_writer.py:48] [92000] global_step=92000, grad_norm=4.597872257232666, loss=0.9242792129516602
I0831 15:53:42.348778 139540727588608 logging_writer.py:48] [92100] global_step=92100, grad_norm=5.125771522521973, loss=1.0540127754211426
I0831 15:54:09.440109 139540719195904 logging_writer.py:48] [92200] global_step=92200, grad_norm=5.0782551765441895, loss=1.0456550121307373
I0831 15:54:36.559237 139540727588608 logging_writer.py:48] [92300] global_step=92300, grad_norm=4.904450416564941, loss=1.0198277235031128
I0831 15:55:03.732775 139540719195904 logging_writer.py:48] [92400] global_step=92400, grad_norm=5.063963890075684, loss=1.078228235244751
I0831 15:55:30.835637 139540727588608 logging_writer.py:48] [92500] global_step=92500, grad_norm=4.838295936584473, loss=0.9733790755271912
I0831 15:55:57.940678 139540719195904 logging_writer.py:48] [92600] global_step=92600, grad_norm=5.093165874481201, loss=1.0777785778045654
I0831 15:56:25.135798 139540727588608 logging_writer.py:48] [92700] global_step=92700, grad_norm=4.637843132019043, loss=0.9443497657775879
I0831 15:56:52.272713 139540719195904 logging_writer.py:48] [92800] global_step=92800, grad_norm=4.997882843017578, loss=1.1145237684249878
I0831 15:57:19.370851 139540727588608 logging_writer.py:48] [92900] global_step=92900, grad_norm=5.226167678833008, loss=1.1063461303710938
I0831 15:57:46.539185 139540719195904 logging_writer.py:48] [93000] global_step=93000, grad_norm=4.769576549530029, loss=1.0636565685272217
I0831 15:58:13.851995 139540727588608 logging_writer.py:48] [93100] global_step=93100, grad_norm=4.958584785461426, loss=1.0632445812225342
I0831 15:58:40.936592 139540719195904 logging_writer.py:48] [93200] global_step=93200, grad_norm=4.811371326446533, loss=1.0100610256195068
I0831 15:59:08.098115 139540727588608 logging_writer.py:48] [93300] global_step=93300, grad_norm=5.17028284072876, loss=1.170006513595581
I0831 15:59:35.234508 139540719195904 logging_writer.py:48] [93400] global_step=93400, grad_norm=4.854822635650635, loss=1.0168758630752563
I0831 16:00:02.322394 139540727588608 logging_writer.py:48] [93500] global_step=93500, grad_norm=5.0155510902404785, loss=1.0143861770629883
I0831 16:00:29.481657 139540719195904 logging_writer.py:48] [93600] global_step=93600, grad_norm=5.473679065704346, loss=1.0423561334609985
I0831 16:00:56.544569 139540727588608 logging_writer.py:48] [93700] global_step=93700, grad_norm=4.9615349769592285, loss=1.019302248954773
I0831 16:01:23.648015 139540719195904 logging_writer.py:48] [93800] global_step=93800, grad_norm=4.892245292663574, loss=1.0526599884033203
I0831 16:01:50.789263 139540727588608 logging_writer.py:48] [93900] global_step=93900, grad_norm=5.51822566986084, loss=1.1046515703201294
I0831 16:02:17.889570 139540719195904 logging_writer.py:48] [94000] global_step=94000, grad_norm=4.8373799324035645, loss=1.022350549697876
I0831 16:02:44.980992 139540727588608 logging_writer.py:48] [94100] global_step=94100, grad_norm=4.932233810424805, loss=0.958229660987854
I0831 16:03:12.348929 139540719195904 logging_writer.py:48] [94200] global_step=94200, grad_norm=5.02880334854126, loss=0.9583393335342407
I0831 16:03:39.430106 139540727588608 logging_writer.py:48] [94300] global_step=94300, grad_norm=4.7607340812683105, loss=0.9972282648086548
I0831 16:04:06.552648 139540719195904 logging_writer.py:48] [94400] global_step=94400, grad_norm=4.854794025421143, loss=0.9720350503921509
I0831 16:04:33.719804 139540727588608 logging_writer.py:48] [94500] global_step=94500, grad_norm=4.755732536315918, loss=0.9436827301979065
I0831 16:05:00.818746 139540719195904 logging_writer.py:48] [94600] global_step=94600, grad_norm=4.999763488769531, loss=1.1419841051101685
I0831 16:05:06.403109 139757377230016 spec.py:333] Evaluating on the training split.
I0831 16:05:14.202847 139757377230016 spec.py:346] Evaluating on the validation split.
I0831 16:05:24.495621 139757377230016 spec.py:363] Evaluating on the test split.
I0831 16:05:25.385649 139757377230016 submission_runner.py:516] Time since start: 26335.72s, 	Step: 94622, 	{'train/accuracy': Array(0.92352915, dtype=float32), 'train/loss': Array(0.27080315, dtype=float32), 'validation/accuracy': Array(0.74688, dtype=float32), 'validation/loss': Array(1.0591964, dtype=float32), 'validation/num_examples': 50000, 'test/accuracy': Array(0.62310004, dtype=float32), 'test/loss': Array(1.8336954, dtype=float32), 'test/num_examples': 10000, 'score': 26001.21587538719, 'total_duration': 26335.716311454773, 'accumulated_submission_time': 26001.21587538719, 'accumulated_eval_time': 332.67340207099915, 'accumulated_logging_time': 1.0685644149780273}
I0831 16:05:25.455092 139540727588608 logging_writer.py:48] [94622] accumulated_eval_time=332.673, accumulated_logging_time=1.06856, accumulated_submission_time=26001.2, global_step=94622, preemption_count=0, score=26001.2, test/accuracy=0.6231000423431396, test/loss=1.833695411682129, test/num_examples=10000, total_duration=26335.7, train/accuracy=0.9235291481018066, train/loss=0.27080315351486206, validation/accuracy=0.7468799948692322, validation/loss=1.0591963529586792, validation/num_examples=50000
I0831 16:05:46.943280 139540719195904 logging_writer.py:48] [94700] global_step=94700, grad_norm=4.969169616699219, loss=1.085073709487915
I0831 16:06:14.069524 139540727588608 logging_writer.py:48] [94800] global_step=94800, grad_norm=4.727773666381836, loss=1.0311708450317383
I0831 16:06:41.166256 139540719195904 logging_writer.py:48] [94900] global_step=94900, grad_norm=4.923572063446045, loss=1.0282840728759766
I0831 16:07:08.276054 139540727588608 logging_writer.py:48] [95000] global_step=95000, grad_norm=5.050494194030762, loss=1.049731731414795
I0831 16:07:35.408810 139540719195904 logging_writer.py:48] [95100] global_step=95100, grad_norm=4.819559097290039, loss=1.0059688091278076
I0831 16:08:02.527615 139540727588608 logging_writer.py:48] [95200] global_step=95200, grad_norm=4.904679775238037, loss=1.0477782487869263
I0831 16:08:29.805633 139540719195904 logging_writer.py:48] [95300] global_step=95300, grad_norm=5.053136348724365, loss=1.071906328201294
I0831 16:08:56.977482 139540727588608 logging_writer.py:48] [95400] global_step=95400, grad_norm=4.947798728942871, loss=1.0192687511444092
I0831 16:09:24.092738 139540719195904 logging_writer.py:48] [95500] global_step=95500, grad_norm=4.880970001220703, loss=1.0594422817230225
I0831 16:09:51.197499 139540727588608 logging_writer.py:48] [95600] global_step=95600, grad_norm=4.917267799377441, loss=1.1019580364227295
I0831 16:10:18.352635 139540719195904 logging_writer.py:48] [95700] global_step=95700, grad_norm=4.710488796234131, loss=0.9927248358726501
I0831 16:10:45.486602 139540727588608 logging_writer.py:48] [95800] global_step=95800, grad_norm=4.823322296142578, loss=1.068575382232666
I0831 16:11:12.585715 139540719195904 logging_writer.py:48] [95900] global_step=95900, grad_norm=5.090761184692383, loss=1.0772392749786377
I0831 16:11:39.798937 139540727588608 logging_writer.py:48] [96000] global_step=96000, grad_norm=4.746954917907715, loss=1.0085936784744263
I0831 16:12:06.930952 139540719195904 logging_writer.py:48] [96100] global_step=96100, grad_norm=4.627437591552734, loss=1.0695043802261353
I0831 16:12:34.027774 139540727588608 logging_writer.py:48] [96200] global_step=96200, grad_norm=4.847785472869873, loss=1.0295919179916382
I0831 16:13:01.421063 139540719195904 logging_writer.py:48] [96300] global_step=96300, grad_norm=4.771572113037109, loss=0.9809989333152771
I0831 16:13:28.519160 139540727588608 logging_writer.py:48] [96400] global_step=96400, grad_norm=4.886623859405518, loss=1.027539849281311
I0831 16:13:55.650367 139540719195904 logging_writer.py:48] [96500] global_step=96500, grad_norm=5.030670166015625, loss=1.0479248762130737
I0831 16:14:22.966934 139540727588608 logging_writer.py:48] [96600] global_step=96600, grad_norm=5.052288055419922, loss=1.0560775995254517
I0831 16:14:50.090753 139540719195904 logging_writer.py:48] [96700] global_step=96700, grad_norm=5.12360954284668, loss=1.0479873418807983
I0831 16:15:17.184178 139540727588608 logging_writer.py:48] [96800] global_step=96800, grad_norm=5.0657267570495605, loss=1.1321897506713867
I0831 16:15:44.357843 139540719195904 logging_writer.py:48] [96900] global_step=96900, grad_norm=4.683468818664551, loss=0.9537731409072876
I0831 16:16:11.509917 139540727588608 logging_writer.py:48] [97000] global_step=97000, grad_norm=4.904040813446045, loss=1.0468429327011108
I0831 16:16:38.639991 139540719195904 logging_writer.py:48] [97100] global_step=97100, grad_norm=4.719038486480713, loss=1.0360827445983887
I0831 16:17:05.843890 139540727588608 logging_writer.py:48] [97200] global_step=97200, grad_norm=5.009496212005615, loss=1.04325532913208
I0831 16:17:32.950872 139540719195904 logging_writer.py:48] [97300] global_step=97300, grad_norm=4.81718635559082, loss=0.9815117716789246
I0831 16:18:00.256120 139540727588608 logging_writer.py:48] [97400] global_step=97400, grad_norm=5.045836448669434, loss=1.1241886615753174
I0831 16:18:27.389396 139540719195904 logging_writer.py:48] [97500] global_step=97500, grad_norm=5.0923871994018555, loss=1.1006451845169067
I0831 16:18:54.479058 139540727588608 logging_writer.py:48] [97600] global_step=97600, grad_norm=5.074033260345459, loss=1.0501879453659058
I0831 16:19:21.578035 139540719195904 logging_writer.py:48] [97700] global_step=97700, grad_norm=5.3151092529296875, loss=1.067679762840271
I0831 16:19:48.708284 139540727588608 logging_writer.py:48] [97800] global_step=97800, grad_norm=4.849456787109375, loss=1.0440030097961426
I0831 16:20:15.828990 139540719195904 logging_writer.py:48] [97900] global_step=97900, grad_norm=5.065085411071777, loss=1.1033505201339722
I0831 16:20:42.920597 139540727588608 logging_writer.py:48] [98000] global_step=98000, grad_norm=4.736199855804443, loss=0.9836573600769043
I0831 16:21:10.124824 139540719195904 logging_writer.py:48] [98100] global_step=98100, grad_norm=5.020537853240967, loss=0.9930371642112732
I0831 16:21:37.244208 139540727588608 logging_writer.py:48] [98200] global_step=98200, grad_norm=5.194108009338379, loss=1.0423190593719482
I0831 16:22:04.363484 139540719195904 logging_writer.py:48] [98300] global_step=98300, grad_norm=5.040644645690918, loss=1.0631153583526611
I0831 16:22:31.534114 139540727588608 logging_writer.py:48] [98400] global_step=98400, grad_norm=4.684607982635498, loss=0.9492117166519165
I0831 16:22:58.849356 139540719195904 logging_writer.py:48] [98500] global_step=98500, grad_norm=4.94767427444458, loss=1.062397837638855
I0831 16:23:25.964593 139540727588608 logging_writer.py:48] [98600] global_step=98600, grad_norm=5.144436359405518, loss=1.0962319374084473
I0831 16:23:53.121670 139540719195904 logging_writer.py:48] [98700] global_step=98700, grad_norm=4.696563243865967, loss=0.9837020635604858
I0831 16:24:20.203274 139540727588608 logging_writer.py:48] [98800] global_step=98800, grad_norm=4.990105628967285, loss=1.107542872428894
I0831 16:24:47.309614 139540719195904 logging_writer.py:48] [98900] global_step=98900, grad_norm=4.737512111663818, loss=0.9301794171333313
I0831 16:25:14.464158 139540727588608 logging_writer.py:48] [99000] global_step=99000, grad_norm=5.161459922790527, loss=1.1184072494506836
I0831 16:25:41.545909 139540719195904 logging_writer.py:48] [99100] global_step=99100, grad_norm=5.052849769592285, loss=1.0586446523666382
I0831 16:26:08.652418 139540727588608 logging_writer.py:48] [99200] global_step=99200, grad_norm=4.991428375244141, loss=0.9945316314697266
I0831 16:26:35.829212 139540719195904 logging_writer.py:48] [99300] global_step=99300, grad_norm=4.913521766662598, loss=1.0111422538757324
I0831 16:27:02.925789 139540727588608 logging_writer.py:48] [99400] global_step=99400, grad_norm=4.920143127441406, loss=0.9721000790596008
I0831 16:27:30.269571 139540719195904 logging_writer.py:48] [99500] global_step=99500, grad_norm=5.242607116699219, loss=1.0570776462554932
I0831 16:27:57.446014 139540727588608 logging_writer.py:48] [99600] global_step=99600, grad_norm=5.134932994842529, loss=1.0076546669006348
I0831 16:28:24.552374 139540719195904 logging_writer.py:48] [99700] global_step=99700, grad_norm=4.983876705169678, loss=1.0705803632736206
I0831 16:28:51.645261 139540727588608 logging_writer.py:48] [99800] global_step=99800, grad_norm=4.49092435836792, loss=0.9185853004455566
I0831 16:29:18.805963 139540719195904 logging_writer.py:48] [99900] global_step=99900, grad_norm=4.947582244873047, loss=1.061302900314331
I0831 16:29:45.910203 139540727588608 logging_writer.py:48] [100000] global_step=100000, grad_norm=5.179671287536621, loss=1.046684980392456
I0831 16:30:12.991812 139540719195904 logging_writer.py:48] [100100] global_step=100100, grad_norm=5.167572975158691, loss=1.0297633409500122
I0831 16:30:40.164970 139540727588608 logging_writer.py:48] [100200] global_step=100200, grad_norm=4.947312831878662, loss=1.0366803407669067
I0831 16:31:07.292695 139540719195904 logging_writer.py:48] [100300] global_step=100300, grad_norm=5.108885765075684, loss=1.1061465740203857
I0831 16:31:34.385422 139540727588608 logging_writer.py:48] [100400] global_step=100400, grad_norm=5.1959452629089355, loss=1.1637647151947021
I0831 16:32:01.535565 139540719195904 logging_writer.py:48] [100500] global_step=100500, grad_norm=5.007674217224121, loss=1.0667779445648193
I0831 16:32:28.889877 139540727588608 logging_writer.py:48] [100600] global_step=100600, grad_norm=4.846701622009277, loss=1.0005419254302979
I0831 16:32:55.968062 139540719195904 logging_writer.py:48] [100700] global_step=100700, grad_norm=4.866466999053955, loss=1.0246458053588867
I0831 16:33:23.137314 139540727588608 logging_writer.py:48] [100800] global_step=100800, grad_norm=4.846804618835449, loss=0.9701067209243774
I0831 16:33:50.216752 139540719195904 logging_writer.py:48] [100900] global_step=100900, grad_norm=4.773890018463135, loss=1.035614252090454
I0831 16:34:17.302778 139540727588608 logging_writer.py:48] [101000] global_step=101000, grad_norm=5.132377624511719, loss=1.0424933433532715
I0831 16:34:44.461640 139540719195904 logging_writer.py:48] [101100] global_step=101100, grad_norm=5.115495681762695, loss=1.0250136852264404
I0831 16:35:11.593574 139540727588608 logging_writer.py:48] [101200] global_step=101200, grad_norm=4.720860958099365, loss=0.9821350574493408
I0831 16:35:38.680662 139540719195904 logging_writer.py:48] [101300] global_step=101300, grad_norm=5.073286056518555, loss=1.146422266960144
I0831 16:36:05.824313 139540727588608 logging_writer.py:48] [101400] global_step=101400, grad_norm=4.447088241577148, loss=0.9089692831039429
I0831 16:36:32.900595 139540719195904 logging_writer.py:48] [101500] global_step=101500, grad_norm=5.157322883605957, loss=0.9695748090744019
I0831 16:36:59.982389 139540727588608 logging_writer.py:48] [101600] global_step=101600, grad_norm=4.663829803466797, loss=0.9595123529434204
I0831 16:37:27.378483 139540719195904 logging_writer.py:48] [101700] global_step=101700, grad_norm=5.1077165603637695, loss=1.0426952838897705
I0831 16:37:54.503994 139540727588608 logging_writer.py:48] [101800] global_step=101800, grad_norm=4.885904312133789, loss=1.0386500358581543
I0831 16:38:21.596487 139540719195904 logging_writer.py:48] [101900] global_step=101900, grad_norm=4.8586320877075195, loss=0.9904083013534546
I0831 16:38:41.528341 139757377230016 spec.py:333] Evaluating on the training split.
I0831 16:38:48.568138 139757377230016 spec.py:346] Evaluating on the validation split.
I0831 16:38:59.131909 139757377230016 spec.py:363] Evaluating on the test split.
I0831 16:39:00.023081 139757377230016 submission_runner.py:516] Time since start: 28350.36s, 	Step: 101975, 	{'train/accuracy': Array(0.92490435, dtype=float32), 'train/loss': Array(0.26681402, dtype=float32), 'validation/accuracy': Array(0.74736, dtype=float32), 'validation/loss': Array(1.0602218, dtype=float32), 'validation/num_examples': 50000, 'test/accuracy': Array(0.62320006, dtype=float32), 'test/loss': Array(1.8342712, dtype=float32), 'test/num_examples': 10000, 'score': 27997.165731191635, 'total_duration': 28350.357009649277, 'accumulated_submission_time': 27997.165731191635, 'accumulated_eval_time': 351.16429591178894, 'accumulated_logging_time': 1.2089686393737793}
I0831 16:39:00.077483 139540727588608 logging_writer.py:48] [101975] accumulated_eval_time=351.164, accumulated_logging_time=1.20897, accumulated_submission_time=27997.2, global_step=101975, preemption_count=0, score=27997.2, test/accuracy=0.6232000589370728, test/loss=1.8342711925506592, test/num_examples=10000, total_duration=28350.4, train/accuracy=0.9249043464660645, train/loss=0.2668140232563019, validation/accuracy=0.7473599910736084, validation/loss=1.060221791267395, validation/num_examples=50000
I0831 16:39:07.268846 139540719195904 logging_writer.py:48] [102000] global_step=102000, grad_norm=4.645664215087891, loss=0.9264371991157532
I0831 16:39:34.352988 139540727588608 logging_writer.py:48] [102100] global_step=102100, grad_norm=4.621421813964844, loss=1.036573052406311
I0831 16:40:01.427694 139540719195904 logging_writer.py:48] [102200] global_step=102200, grad_norm=5.00708532333374, loss=0.9960358142852783
I0831 16:40:28.603183 139540727588608 logging_writer.py:48] [102300] global_step=102300, grad_norm=4.633608341217041, loss=0.9069032073020935
I0831 16:40:55.718580 139540719195904 logging_writer.py:48] [102400] global_step=102400, grad_norm=4.9907331466674805, loss=1.0679248571395874
I0831 16:41:22.833091 139540727588608 logging_writer.py:48] [102500] global_step=102500, grad_norm=5.270980358123779, loss=1.088824987411499
I0831 16:41:49.984489 139540719195904 logging_writer.py:48] [102600] global_step=102600, grad_norm=4.9403862953186035, loss=0.9794908761978149
I0831 16:42:17.088757 139540727588608 logging_writer.py:48] [102700] global_step=102700, grad_norm=4.885138034820557, loss=0.9967936277389526
I0831 16:42:44.418525 139540719195904 logging_writer.py:48] [102800] global_step=102800, grad_norm=5.239289283752441, loss=1.1094340085983276
I0831 16:43:11.575778 139540727588608 logging_writer.py:48] [102900] global_step=102900, grad_norm=5.300139904022217, loss=1.0616694688796997
I0831 16:43:38.675004 139540719195904 logging_writer.py:48] [103000] global_step=103000, grad_norm=4.951668739318848, loss=0.9739927053451538
I0831 16:44:05.776321 139540727588608 logging_writer.py:48] [103100] global_step=103100, grad_norm=5.1962409019470215, loss=1.0499143600463867
I0831 16:44:32.945577 139540719195904 logging_writer.py:48] [103200] global_step=103200, grad_norm=4.512073516845703, loss=0.9437228441238403
I0831 16:45:00.034543 139540727588608 logging_writer.py:48] [103300] global_step=103300, grad_norm=4.836172103881836, loss=1.1054214239120483
I0831 16:45:27.109035 139540719195904 logging_writer.py:48] [103400] global_step=103400, grad_norm=4.734205722808838, loss=0.9271208643913269
I0831 16:45:54.261632 139540727588608 logging_writer.py:48] [103500] global_step=103500, grad_norm=5.192615032196045, loss=1.0347824096679688
I0831 16:46:21.348295 139540719195904 logging_writer.py:48] [103600] global_step=103600, grad_norm=4.911137104034424, loss=1.0092694759368896
I0831 16:46:48.434552 139540727588608 logging_writer.py:48] [103700] global_step=103700, grad_norm=4.896384239196777, loss=0.9757914543151855
I0831 16:47:15.795584 139540719195904 logging_writer.py:48] [103800] global_step=103800, grad_norm=4.996157646179199, loss=0.9974159002304077
I0831 16:47:42.899654 139540727588608 logging_writer.py:48] [103900] global_step=103900, grad_norm=4.741395473480225, loss=1.0038204193115234
I0831 16:48:10.011745 139540719195904 logging_writer.py:48] [104000] global_step=104000, grad_norm=5.213545799255371, loss=1.0410833358764648
I0831 16:48:37.177361 139540727588608 logging_writer.py:48] [104100] global_step=104100, grad_norm=5.306631565093994, loss=1.1378026008605957
I0831 16:49:04.288126 139540719195904 logging_writer.py:48] [104200] global_step=104200, grad_norm=5.152668476104736, loss=1.0453546047210693
I0831 16:49:31.382550 139540727588608 logging_writer.py:48] [104300] global_step=104300, grad_norm=5.3145833015441895, loss=1.0001747608184814
I0831 16:49:58.522059 139540719195904 logging_writer.py:48] [104400] global_step=104400, grad_norm=5.121182918548584, loss=1.0586731433868408
I0831 16:50:25.617025 139540727588608 logging_writer.py:48] [104500] global_step=104500, grad_norm=4.836161136627197, loss=0.9595435857772827
I0831 16:50:52.704445 139540719195904 logging_writer.py:48] [104600] global_step=104600, grad_norm=5.1765923500061035, loss=1.1110246181488037
I0831 16:51:19.858588 139540727588608 logging_writer.py:48] [104700] global_step=104700, grad_norm=4.946266174316406, loss=0.9800402522087097
I0831 16:51:46.957661 139540719195904 logging_writer.py:48] [104800] global_step=104800, grad_norm=5.329427242279053, loss=1.0546252727508545
I0831 16:52:14.222987 139540727588608 logging_writer.py:48] [104900] global_step=104900, grad_norm=5.004871368408203, loss=0.9639538526535034
I0831 16:52:41.378633 139540719195904 logging_writer.py:48] [105000] global_step=105000, grad_norm=4.712414264678955, loss=0.9864548444747925
I0831 16:53:08.482191 139540727588608 logging_writer.py:48] [105100] global_step=105100, grad_norm=4.942111492156982, loss=1.0402873754501343
I0831 16:53:35.557294 139540719195904 logging_writer.py:48] [105200] global_step=105200, grad_norm=4.7874932289123535, loss=1.033484697341919
I0831 16:54:02.718307 139540727588608 logging_writer.py:48] [105300] global_step=105300, grad_norm=5.003039360046387, loss=1.0254104137420654
I0831 16:54:29.818155 139540719195904 logging_writer.py:48] [105400] global_step=105400, grad_norm=5.204089641571045, loss=1.1215821504592896
I0831 16:54:56.923418 139540727588608 logging_writer.py:48] [105500] global_step=105500, grad_norm=4.9027814865112305, loss=1.0522323846817017
I0831 16:55:24.060464 139540719195904 logging_writer.py:48] [105600] global_step=105600, grad_norm=4.746074199676514, loss=0.9647051095962524
I0831 16:55:51.151500 139540727588608 logging_writer.py:48] [105700] global_step=105700, grad_norm=4.659722328186035, loss=1.0360445976257324
I0831 16:56:18.238730 139540719195904 logging_writer.py:48] [105800] global_step=105800, grad_norm=5.023189544677734, loss=1.0234198570251465
I0831 16:56:45.385236 139540727588608 logging_writer.py:48] [105900] global_step=105900, grad_norm=5.107797145843506, loss=1.090755820274353
I0831 16:57:12.688092 139540719195904 logging_writer.py:48] [106000] global_step=106000, grad_norm=5.265072345733643, loss=1.082385778427124
I0831 16:57:39.758769 139540727588608 logging_writer.py:48] [106100] global_step=106100, grad_norm=4.701483249664307, loss=0.9684467315673828
I0831 16:58:06.930704 139540719195904 logging_writer.py:48] [106200] global_step=106200, grad_norm=4.87825345993042, loss=1.0006011724472046
I0831 16:58:34.012195 139540727588608 logging_writer.py:48] [106300] global_step=106300, grad_norm=4.766509056091309, loss=0.9941439628601074
I0831 16:59:01.086994 139540719195904 logging_writer.py:48] [106400] global_step=106400, grad_norm=4.907028675079346, loss=1.0326787233352661
I0831 16:59:28.246299 139540727588608 logging_writer.py:48] [106500] global_step=106500, grad_norm=4.8752360343933105, loss=1.0046732425689697
I0831 16:59:55.322720 139540719195904 logging_writer.py:48] [106600] global_step=106600, grad_norm=5.215755462646484, loss=1.0618667602539062
I0831 17:00:22.433940 139540727588608 logging_writer.py:48] [106700] global_step=106700, grad_norm=4.768545627593994, loss=1.0029346942901611
I0831 17:00:49.561756 139540719195904 logging_writer.py:48] [106800] global_step=106800, grad_norm=4.507075786590576, loss=0.8717372417449951
I0831 17:01:16.686484 139540727588608 logging_writer.py:48] [106900] global_step=106900, grad_norm=4.951524257659912, loss=1.019490122795105
I0831 17:01:43.768046 139540719195904 logging_writer.py:48] [107000] global_step=107000, grad_norm=4.987048149108887, loss=1.0884076356887817
I0831 17:02:11.133291 139540727588608 logging_writer.py:48] [107100] global_step=107100, grad_norm=4.901164531707764, loss=0.9717271327972412
I0831 17:02:38.245088 139540719195904 logging_writer.py:48] [107200] global_step=107200, grad_norm=4.888548851013184, loss=1.0147302150726318
I0831 17:03:05.353119 139540727588608 logging_writer.py:48] [107300] global_step=107300, grad_norm=4.986262321472168, loss=1.03008234500885
I0831 17:03:32.492737 139540719195904 logging_writer.py:48] [107400] global_step=107400, grad_norm=5.101861476898193, loss=1.0646132230758667
I0831 17:03:59.570688 139540727588608 logging_writer.py:48] [107500] global_step=107500, grad_norm=4.7701735496521, loss=0.9912980794906616
I0831 17:04:26.649103 139540719195904 logging_writer.py:48] [107600] global_step=107600, grad_norm=5.021111011505127, loss=1.0799189805984497
I0831 17:04:53.810723 139540727588608 logging_writer.py:48] [107700] global_step=107700, grad_norm=5.038873195648193, loss=0.9219493269920349
I0831 17:05:20.932728 139540719195904 logging_writer.py:48] [107800] global_step=107800, grad_norm=4.963326930999756, loss=1.024501919746399
I0831 17:05:48.012313 139540727588608 logging_writer.py:48] [107900] global_step=107900, grad_norm=5.329412460327148, loss=1.0346424579620361
I0831 17:06:15.157060 139540719195904 logging_writer.py:48] [108000] global_step=108000, grad_norm=5.004898548126221, loss=1.0173414945602417
I0831 17:06:42.487087 139540727588608 logging_writer.py:48] [108100] global_step=108100, grad_norm=4.996073246002197, loss=1.030786156654358
I0831 17:07:09.587914 139540719195904 logging_writer.py:48] [108200] global_step=108200, grad_norm=5.000154495239258, loss=0.9875686168670654
I0831 17:07:36.703140 139540727588608 logging_writer.py:48] [108300] global_step=108300, grad_norm=4.57889461517334, loss=0.9480152130126953
I0831 17:08:03.798787 139540719195904 logging_writer.py:48] [108400] global_step=108400, grad_norm=5.116833686828613, loss=1.1127240657806396
I0831 17:08:30.907722 139540727588608 logging_writer.py:48] [108500] global_step=108500, grad_norm=4.964255332946777, loss=1.0086930990219116
I0831 17:08:58.106080 139540719195904 logging_writer.py:48] [108600] global_step=108600, grad_norm=5.029326438903809, loss=1.071121335029602
I0831 17:09:25.199064 139540727588608 logging_writer.py:48] [108700] global_step=108700, grad_norm=4.657139778137207, loss=0.8972160220146179
I0831 17:09:52.287435 139540719195904 logging_writer.py:48] [108800] global_step=108800, grad_norm=4.812421798706055, loss=0.9355010390281677
I0831 17:10:19.461660 139540727588608 logging_writer.py:48] [108900] global_step=108900, grad_norm=4.844290733337402, loss=0.9831030368804932
I0831 17:10:46.556585 139540719195904 logging_writer.py:48] [109000] global_step=109000, grad_norm=5.0133819580078125, loss=1.0371623039245605
I0831 17:11:13.634555 139540727588608 logging_writer.py:48] [109100] global_step=109100, grad_norm=5.143393516540527, loss=1.0966556072235107
I0831 17:11:41.012585 139540719195904 logging_writer.py:48] [109200] global_step=109200, grad_norm=5.0216240882873535, loss=0.9975601434707642
I0831 17:12:08.106847 139540727588608 logging_writer.py:48] [109300] global_step=109300, grad_norm=4.777124404907227, loss=0.985363781452179
I0831 17:12:16.112768 139757377230016 spec.py:333] Evaluating on the training split.
I0831 17:12:22.956387 139757377230016 spec.py:346] Evaluating on the validation split.
I0831 17:12:33.481148 139757377230016 spec.py:363] Evaluating on the test split.
I0831 17:12:34.370992 139757377230016 submission_runner.py:516] Time since start: 30364.71s, 	Step: 109331, 	{'train/accuracy': Array(0.9286312, dtype=float32), 'train/loss': Array(0.24832252, dtype=float32), 'validation/accuracy': Array(0.7486, dtype=float32), 'validation/loss': Array(1.0602936, dtype=float32), 'validation/num_examples': 50000, 'test/accuracy': Array(0.6223, dtype=float32), 'test/loss': Array(1.8452394, dtype=float32), 'test/num_examples': 10000, 'score': 29993.137478351593, 'total_duration': 30364.70661520958, 'accumulated_submission_time': 29993.137478351593, 'accumulated_eval_time': 369.42036747932434, 'accumulated_logging_time': 1.274552583694458}
I0831 17:12:34.427276 139540719195904 logging_writer.py:48] [109331] accumulated_eval_time=369.42, accumulated_logging_time=1.27455, accumulated_submission_time=29993.1, global_step=109331, preemption_count=0, score=29993.1, test/accuracy=0.6223000288009644, test/loss=1.8452394008636475, test/num_examples=10000, total_duration=30364.7, train/accuracy=0.9286311864852905, train/loss=0.2483225166797638, validation/accuracy=0.7486000061035156, validation/loss=1.0602935552597046, validation/num_examples=50000
I0831 17:12:53.528442 139540727588608 logging_writer.py:48] [109400] global_step=109400, grad_norm=4.96727991104126, loss=1.004333257675171
I0831 17:13:20.646306 139540719195904 logging_writer.py:48] [109500] global_step=109500, grad_norm=4.957625389099121, loss=1.0130369663238525
I0831 17:13:47.707601 139540727588608 logging_writer.py:48] [109600] global_step=109600, grad_norm=5.1412787437438965, loss=0.997840166091919
I0831 17:14:14.833042 139540719195904 logging_writer.py:48] [109700] global_step=109700, grad_norm=4.83319091796875, loss=1.0193136930465698
I0831 17:14:41.978091 139540727588608 logging_writer.py:48] [109800] global_step=109800, grad_norm=4.864040851593018, loss=0.9834492802619934
I0831 17:15:09.066032 139540719195904 logging_writer.py:48] [109900] global_step=109900, grad_norm=4.790924549102783, loss=0.9928283095359802
I0831 17:15:36.169919 139540727588608 logging_writer.py:48] [110000] global_step=110000, grad_norm=4.717838764190674, loss=1.0193734169006348
I0831 17:16:03.358652 139540719195904 logging_writer.py:48] [110100] global_step=110100, grad_norm=4.740447998046875, loss=0.9752176403999329
I0831 17:16:30.442852 139540727588608 logging_writer.py:48] [110200] global_step=110200, grad_norm=4.813823223114014, loss=1.047119140625
I0831 17:16:57.761467 139540719195904 logging_writer.py:48] [110300] global_step=110300, grad_norm=5.02108907699585, loss=1.0582752227783203
I0831 17:17:24.932603 139540727588608 logging_writer.py:48] [110400] global_step=110400, grad_norm=4.8421831130981445, loss=1.0451836585998535
I0831 17:17:52.018300 139540719195904 logging_writer.py:48] [110500] global_step=110500, grad_norm=4.8494954109191895, loss=0.9751569032669067
I0831 17:18:19.129918 139540727588608 logging_writer.py:48] [110600] global_step=110600, grad_norm=4.3335795402526855, loss=0.817509651184082
I0831 17:18:46.298301 139540719195904 logging_writer.py:48] [110700] global_step=110700, grad_norm=4.839282035827637, loss=1.011615514755249
I0831 17:19:13.396821 139540727588608 logging_writer.py:48] [110800] global_step=110800, grad_norm=4.907031059265137, loss=1.0448641777038574
I0831 17:19:40.536155 139540719195904 logging_writer.py:48] [110900] global_step=110900, grad_norm=5.065103054046631, loss=1.057963490486145
I0831 17:20:07.686022 139540727588608 logging_writer.py:48] [111000] global_step=111000, grad_norm=5.044705390930176, loss=0.9934645891189575
I0831 17:20:34.801557 139540719195904 logging_writer.py:48] [111100] global_step=111100, grad_norm=4.817972660064697, loss=1.059714913368225
I0831 17:21:01.937311 139540727588608 logging_writer.py:48] [111200] global_step=111200, grad_norm=4.928931713104248, loss=0.9584872126579285
I0831 17:21:29.109231 139540719195904 logging_writer.py:48] [111300] global_step=111300, grad_norm=5.229252815246582, loss=1.0294744968414307
I0831 17:21:56.430039 139540727588608 logging_writer.py:48] [111400] global_step=111400, grad_norm=5.017659664154053, loss=1.0524282455444336
I0831 17:22:23.530830 139540719195904 logging_writer.py:48] [111500] global_step=111500, grad_norm=4.848768711090088, loss=0.956535816192627
I0831 17:22:50.741851 139540727588608 logging_writer.py:48] [111600] global_step=111600, grad_norm=4.630928993225098, loss=1.0005667209625244
I0831 17:23:17.822840 139540719195904 logging_writer.py:48] [111700] global_step=111700, grad_norm=5.052680015563965, loss=1.10763418674469
I0831 17:23:44.921309 139540727588608 logging_writer.py:48] [111800] global_step=111800, grad_norm=5.122849464416504, loss=1.0270577669143677
I0831 17:24:12.073651 139540719195904 logging_writer.py:48] [111900] global_step=111900, grad_norm=4.810207843780518, loss=0.957984447479248
I0831 17:24:39.194191 139540727588608 logging_writer.py:48] [112000] global_step=112000, grad_norm=4.718740940093994, loss=1.058193564414978
I0831 17:25:06.293487 139540719195904 logging_writer.py:48] [112100] global_step=112100, grad_norm=4.772493839263916, loss=0.9249016046524048
I0831 17:25:33.454821 139540727588608 logging_writer.py:48] [112200] global_step=112200, grad_norm=4.739798545837402, loss=1.0316896438598633
I0831 17:26:00.568971 139540719195904 logging_writer.py:48] [112300] global_step=112300, grad_norm=4.75501012802124, loss=0.9556118249893188
I0831 17:26:27.903811 139540727588608 logging_writer.py:48] [112400] global_step=112400, grad_norm=5.378325462341309, loss=1.0141996145248413
I0831 17:26:55.039561 139540719195904 logging_writer.py:48] [112500] global_step=112500, grad_norm=4.8861212730407715, loss=0.9980276226997375
I0831 17:27:22.122788 139540727588608 logging_writer.py:48] [112600] global_step=112600, grad_norm=4.767139911651611, loss=0.9572533369064331
I0831 17:27:49.237812 139540719195904 logging_writer.py:48] [112700] global_step=112700, grad_norm=5.038192272186279, loss=1.0260449647903442
I0831 17:28:16.375740 139540727588608 logging_writer.py:48] [112800] global_step=112800, grad_norm=5.116514205932617, loss=1.0376782417297363
I0831 17:28:43.503288 139540719195904 logging_writer.py:48] [112900] global_step=112900, grad_norm=4.992646217346191, loss=1.0483359098434448
I0831 17:29:10.590700 139540727588608 logging_writer.py:48] [113000] global_step=113000, grad_norm=4.848923206329346, loss=1.041832447052002
I0831 17:29:37.757535 139540719195904 logging_writer.py:48] [113100] global_step=113100, grad_norm=5.080832481384277, loss=1.032609224319458
I0831 17:30:04.846027 139540727588608 logging_writer.py:48] [113200] global_step=113200, grad_norm=5.121710300445557, loss=1.0551822185516357
I0831 17:30:31.918457 139540719195904 logging_writer.py:48] [113300] global_step=113300, grad_norm=4.8500823974609375, loss=0.9852249622344971
I0831 17:30:59.051364 139540727588608 logging_writer.py:48] [113400] global_step=113400, grad_norm=5.15411376953125, loss=1.0434041023254395
I0831 17:31:26.329117 139540719195904 logging_writer.py:48] [113500] global_step=113500, grad_norm=4.929070949554443, loss=0.9733931422233582
I0831 17:31:53.407024 139540727588608 logging_writer.py:48] [113600] global_step=113600, grad_norm=4.786120891571045, loss=1.0046652555465698
I0831 17:32:20.540459 139540719195904 logging_writer.py:48] [113700] global_step=113700, grad_norm=5.234891891479492, loss=1.0781701803207397
I0831 17:32:47.637764 139540727588608 logging_writer.py:48] [113800] global_step=113800, grad_norm=4.796046257019043, loss=1.0695703029632568
I0831 17:33:14.728340 139540719195904 logging_writer.py:48] [113900] global_step=113900, grad_norm=5.1159162521362305, loss=1.0030916929244995
I0831 17:33:41.874886 139540727588608 logging_writer.py:48] [114000] global_step=114000, grad_norm=4.933363914489746, loss=1.0189522504806519
I0831 17:34:08.965359 139540719195904 logging_writer.py:48] [114100] global_step=114100, grad_norm=4.623847007751465, loss=1.0023763179779053
I0831 17:34:36.049445 139540727588608 logging_writer.py:48] [114200] global_step=114200, grad_norm=4.900040149688721, loss=1.012617588043213
I0831 17:35:03.199331 139540719195904 logging_writer.py:48] [114300] global_step=114300, grad_norm=5.068504810333252, loss=1.1597883701324463
I0831 17:35:30.270987 139540727588608 logging_writer.py:48] [114400] global_step=114400, grad_norm=4.55355167388916, loss=0.9316093325614929
I0831 17:35:57.357628 139540719195904 logging_writer.py:48] [114500] global_step=114500, grad_norm=4.863308429718018, loss=1.040431261062622
I0831 17:36:24.717590 139540727588608 logging_writer.py:48] [114600] global_step=114600, grad_norm=5.022075176239014, loss=1.0157123804092407
I0831 17:36:51.823427 139540719195904 logging_writer.py:48] [114700] global_step=114700, grad_norm=5.101999759674072, loss=1.029576063156128
I0831 17:37:18.908256 139540727588608 logging_writer.py:48] [114800] global_step=114800, grad_norm=4.789543628692627, loss=0.9683778882026672
I0831 17:37:46.045563 139540719195904 logging_writer.py:48] [114900] global_step=114900, grad_norm=4.870083332061768, loss=0.9704713821411133
I0831 17:38:13.182768 139540727588608 logging_writer.py:48] [115000] global_step=115000, grad_norm=5.077556133270264, loss=1.0500140190124512
I0831 17:38:40.273367 139540719195904 logging_writer.py:48] [115100] global_step=115100, grad_norm=4.827365398406982, loss=0.9857801198959351
I0831 17:39:07.420332 139540727588608 logging_writer.py:48] [115200] global_step=115200, grad_norm=4.799469947814941, loss=0.9691098928451538
I0831 17:39:34.507575 139540719195904 logging_writer.py:48] [115300] global_step=115300, grad_norm=5.004415035247803, loss=1.0687587261199951
I0831 17:40:01.611094 139540727588608 logging_writer.py:48] [115400] global_step=115400, grad_norm=4.708354949951172, loss=0.9987789392471313
I0831 17:40:28.771785 139540719195904 logging_writer.py:48] [115500] global_step=115500, grad_norm=4.955265522003174, loss=0.9781686067581177
I0831 17:40:55.825788 139540727588608 logging_writer.py:48] [115600] global_step=115600, grad_norm=4.895991802215576, loss=0.9518639445304871
I0831 17:41:23.148327 139540719195904 logging_writer.py:48] [115700] global_step=115700, grad_norm=5.162551403045654, loss=0.9962859749794006
I0831 17:41:50.318349 139540727588608 logging_writer.py:48] [115800] global_step=115800, grad_norm=4.937767028808594, loss=1.0064547061920166
I0831 17:42:17.423976 139540719195904 logging_writer.py:48] [115900] global_step=115900, grad_norm=4.809168338775635, loss=1.021673321723938
I0831 17:42:44.539261 139540727588608 logging_writer.py:48] [116000] global_step=116000, grad_norm=5.339272499084473, loss=1.0284873247146606
I0831 17:43:11.692478 139540719195904 logging_writer.py:48] [116100] global_step=116100, grad_norm=5.020646572113037, loss=1.0193743705749512
I0831 17:43:38.812531 139540727588608 logging_writer.py:48] [116200] global_step=116200, grad_norm=4.895806312561035, loss=1.060762643814087
I0831 17:44:05.938578 139540719195904 logging_writer.py:48] [116300] global_step=116300, grad_norm=4.915205001831055, loss=1.0027375221252441
I0831 17:44:33.099130 139540727588608 logging_writer.py:48] [116400] global_step=116400, grad_norm=4.765228748321533, loss=1.0136722326278687
I0831 17:45:00.217566 139540719195904 logging_writer.py:48] [116500] global_step=116500, grad_norm=4.974015712738037, loss=0.9715111255645752
I0831 17:45:27.340415 139540727588608 logging_writer.py:48] [116600] global_step=116600, grad_norm=4.9411163330078125, loss=0.9743790626525879
I0831 17:45:50.478220 139757377230016 spec.py:333] Evaluating on the training split.
I0831 17:45:57.419199 139757377230016 spec.py:346] Evaluating on the validation split.
I0831 17:46:07.647902 139757377230016 spec.py:363] Evaluating on the test split.
I0831 17:46:08.538273 139757377230016 submission_runner.py:516] Time since start: 32378.87s, 	Step: 116686, 	{'train/accuracy': Array(0.93215877, dtype=float32), 'train/loss': Array(0.23511541, dtype=float32), 'validation/accuracy': Array(0.74862, dtype=float32), 'validation/loss': Array(1.062171, dtype=float32), 'validation/num_examples': 50000, 'test/accuracy': Array(0.62310004, dtype=float32), 'test/loss': Array(1.8545954, dtype=float32), 'test/num_examples': 10000, 'score': 31989.126221895218, 'total_duration': 32378.873791217804, 'accumulated_submission_time': 31989.126221895218, 'accumulated_eval_time': 387.4781656265259, 'accumulated_logging_time': 1.3403329849243164}
I0831 17:46:08.595034 139540719195904 logging_writer.py:48] [116686] accumulated_eval_time=387.478, accumulated_logging_time=1.34033, accumulated_submission_time=31989.1, global_step=116686, preemption_count=0, score=31989.1, test/accuracy=0.6231000423431396, test/loss=1.854595422744751, test/num_examples=10000, total_duration=32378.9, train/accuracy=0.9321587681770325, train/loss=0.2351154088973999, validation/accuracy=0.7486199736595154, validation/loss=1.0621709823608398, validation/num_examples=50000
I0831 17:46:12.849211 139540727588608 logging_writer.py:48] [116700] global_step=116700, grad_norm=4.850865840911865, loss=0.9246940016746521
I0831 17:46:39.939847 139540719195904 logging_writer.py:48] [116800] global_step=116800, grad_norm=4.985005855560303, loss=0.9696827530860901
I0831 17:47:07.034228 139540727588608 logging_writer.py:48] [116900] global_step=116900, grad_norm=5.280363082885742, loss=1.03873610496521
I0831 17:47:34.186861 139540719195904 logging_writer.py:48] [117000] global_step=117000, grad_norm=4.726691246032715, loss=1.0884373188018799
I0831 17:48:01.284756 139540727588608 logging_writer.py:48] [117100] global_step=117100, grad_norm=4.6572160720825195, loss=0.945054292678833
I0831 17:48:28.373140 139540719195904 logging_writer.py:48] [117200] global_step=117200, grad_norm=4.849338054656982, loss=0.947242259979248
I0831 17:48:55.542097 139540727588608 logging_writer.py:48] [117300] global_step=117300, grad_norm=4.7362236976623535, loss=0.9848617315292358
I0831 17:49:22.631756 139540719195904 logging_writer.py:48] [117400] global_step=117400, grad_norm=5.037086009979248, loss=1.0426063537597656
I0831 17:49:49.736171 139540727588608 logging_writer.py:48] [117500] global_step=117500, grad_norm=4.576347351074219, loss=0.9888850450515747
I0831 17:50:16.926761 139540719195904 logging_writer.py:48] [117600] global_step=117600, grad_norm=5.159462928771973, loss=1.0366747379302979
I0831 17:50:44.010081 139540727588608 logging_writer.py:48] [117700] global_step=117700, grad_norm=4.843582630157471, loss=1.020768404006958
I0831 17:51:11.298532 139540719195904 logging_writer.py:48] [117800] global_step=117800, grad_norm=4.790757179260254, loss=1.042706847190857
I0831 17:51:38.461899 139540727588608 logging_writer.py:48] [117900] global_step=117900, grad_norm=5.024764537811279, loss=1.0566422939300537
I0831 17:52:05.578604 139540719195904 logging_writer.py:48] [118000] global_step=118000, grad_norm=5.075265407562256, loss=1.0940912961959839
I0831 17:52:32.668577 139540727588608 logging_writer.py:48] [118100] global_step=118100, grad_norm=4.832976818084717, loss=0.8915734887123108
I0831 17:52:59.838496 139540719195904 logging_writer.py:48] [118200] global_step=118200, grad_norm=4.826441764831543, loss=0.9139772057533264
I0831 17:53:26.970192 139540727588608 logging_writer.py:48] [118300] global_step=118300, grad_norm=4.5998735427856445, loss=1.0039470195770264
I0831 17:53:54.064903 139540719195904 logging_writer.py:48] [118400] global_step=118400, grad_norm=4.6290388107299805, loss=0.9524574875831604
I0831 17:54:21.221982 139540727588608 logging_writer.py:48] [118500] global_step=118500, grad_norm=4.790989398956299, loss=0.9743832349777222
I0831 17:54:48.317688 139540719195904 logging_writer.py:48] [118600] global_step=118600, grad_norm=4.774258613586426, loss=1.0503861904144287
I0831 17:55:15.405466 139540727588608 logging_writer.py:48] [118700] global_step=118700, grad_norm=5.069082260131836, loss=1.0420067310333252
I0831 17:55:42.587847 139540719195904 logging_writer.py:48] [118800] global_step=118800, grad_norm=5.208921432495117, loss=1.0600954294204712
I0831 17:56:09.905094 139540727588608 logging_writer.py:48] [118900] global_step=118900, grad_norm=5.088920593261719, loss=1.0037319660186768
I0831 17:56:36.992608 139540719195904 logging_writer.py:48] [119000] global_step=119000, grad_norm=4.895788192749023, loss=1.05488121509552
I0831 17:57:04.169406 139540727588608 logging_writer.py:48] [119100] global_step=119100, grad_norm=5.0212507247924805, loss=1.1313481330871582
I0831 17:57:31.268151 139540719195904 logging_writer.py:48] [119200] global_step=119200, grad_norm=5.0524582862854, loss=1.0196853876113892
I0831 17:57:58.359970 139540727588608 logging_writer.py:48] [119300] global_step=119300, grad_norm=4.855984210968018, loss=1.0321329832077026
I0831 17:58:25.536695 139540719195904 logging_writer.py:48] [119400] global_step=119400, grad_norm=4.882188320159912, loss=0.9793161153793335
I0831 17:58:52.627118 139540727588608 logging_writer.py:48] [119500] global_step=119500, grad_norm=4.682689666748047, loss=0.9560534954071045
I0831 17:59:19.724191 139540719195904 logging_writer.py:48] [119600] global_step=119600, grad_norm=5.328454494476318, loss=1.133991003036499
I0831 17:59:46.865564 139540727588608 logging_writer.py:48] [119700] global_step=119700, grad_norm=4.931460857391357, loss=1.0062448978424072
I0831 18:00:13.950495 139540719195904 logging_writer.py:48] [119800] global_step=119800, grad_norm=4.81692361831665, loss=0.9797189831733704
I0831 18:00:41.275080 139540727588608 logging_writer.py:48] [119900] global_step=119900, grad_norm=5.17497444152832, loss=1.063366413116455
I0831 18:01:08.438009 139540719195904 logging_writer.py:48] [120000] global_step=120000, grad_norm=4.767455577850342, loss=0.9464429616928101
I0831 18:01:35.520903 139540727588608 logging_writer.py:48] [120100] global_step=120100, grad_norm=4.982605934143066, loss=1.0156686305999756
I0831 18:02:02.623434 139540719195904 logging_writer.py:48] [120200] global_step=120200, grad_norm=4.888095855712891, loss=1.015663504600525
I0831 18:02:29.767616 139540727588608 logging_writer.py:48] [120300] global_step=120300, grad_norm=4.875648021697998, loss=1.0243327617645264
I0831 18:02:56.840688 139540719195904 logging_writer.py:48] [120400] global_step=120400, grad_norm=5.199045181274414, loss=1.0804758071899414
I0831 18:03:23.935565 139540727588608 logging_writer.py:48] [120500] global_step=120500, grad_norm=5.099085330963135, loss=1.0528099536895752
I0831 18:03:51.080424 139540719195904 logging_writer.py:48] [120600] global_step=120600, grad_norm=5.07235860824585, loss=1.1073801517486572
I0831 18:04:18.183529 139540727588608 logging_writer.py:48] [120700] global_step=120700, grad_norm=4.947928428649902, loss=1.002941370010376
I0831 18:04:45.289692 139540719195904 logging_writer.py:48] [120800] global_step=120800, grad_norm=5.007067680358887, loss=1.0194284915924072
I0831 18:05:12.457620 139540727588608 logging_writer.py:48] [120900] global_step=120900, grad_norm=5.157216548919678, loss=1.0549672842025757
I0831 18:05:39.796056 139540719195904 logging_writer.py:48] [121000] global_step=121000, grad_norm=4.975782871246338, loss=0.989166259765625
I0831 18:06:06.883098 139540727588608 logging_writer.py:48] [121100] global_step=121100, grad_norm=4.987039089202881, loss=0.9979760050773621
I0831 18:06:34.032985 139540719195904 logging_writer.py:48] [121200] global_step=121200, grad_norm=4.70930814743042, loss=0.9539833664894104
I0831 18:07:01.105231 139540727588608 logging_writer.py:48] [121300] global_step=121300, grad_norm=5.046921253204346, loss=1.0125489234924316
I0831 18:07:28.198012 139540719195904 logging_writer.py:48] [121400] global_step=121400, grad_norm=4.899130344390869, loss=0.9760012626647949
I0831 18:07:55.348753 139540727588608 logging_writer.py:48] [121500] global_step=121500, grad_norm=5.0322065353393555, loss=0.9974268674850464
I0831 18:08:22.453607 139540719195904 logging_writer.py:48] [121600] global_step=121600, grad_norm=5.067147731781006, loss=0.9801316261291504
I0831 18:08:49.546783 139540727588608 logging_writer.py:48] [121700] global_step=121700, grad_norm=4.673852443695068, loss=0.9502684473991394
I0831 18:09:16.704337 139540719195904 logging_writer.py:48] [121800] global_step=121800, grad_norm=4.734701633453369, loss=0.9925256967544556
I0831 18:09:43.806273 139540727588608 logging_writer.py:48] [121900] global_step=121900, grad_norm=4.765255451202393, loss=0.9965633153915405
I0831 18:10:10.892127 139540719195904 logging_writer.py:48] [122000] global_step=122000, grad_norm=5.245431900024414, loss=1.074205756187439
I0831 18:10:38.303929 139540727588608 logging_writer.py:48] [122100] global_step=122100, grad_norm=5.11958646774292, loss=0.9919639825820923
I0831 18:11:05.412484 139540719195904 logging_writer.py:48] [122200] global_step=122200, grad_norm=5.021030902862549, loss=1.0741068124771118
I0831 18:11:32.493514 139540727588608 logging_writer.py:48] [122300] global_step=122300, grad_norm=4.888718128204346, loss=1.0632461309432983
I0831 18:11:59.650493 139540719195904 logging_writer.py:48] [122400] global_step=122400, grad_norm=5.155271053314209, loss=1.043282151222229
I0831 18:12:26.755922 139540727588608 logging_writer.py:48] [122500] global_step=122500, grad_norm=4.75963020324707, loss=0.9929556846618652
I0831 18:12:53.864790 139540719195904 logging_writer.py:48] [122600] global_step=122600, grad_norm=4.835896968841553, loss=0.9625310301780701
I0831 18:13:21.010526 139540727588608 logging_writer.py:48] [122700] global_step=122700, grad_norm=4.894546031951904, loss=0.957472026348114
I0831 18:13:48.105910 139540719195904 logging_writer.py:48] [122800] global_step=122800, grad_norm=4.942352294921875, loss=1.0315544605255127
I0831 18:14:15.254324 139540727588608 logging_writer.py:48] [122900] global_step=122900, grad_norm=4.83389949798584, loss=0.9488270878791809
I0831 18:14:42.419125 139540719195904 logging_writer.py:48] [123000] global_step=123000, grad_norm=5.066993236541748, loss=1.0502017736434937
I0831 18:15:09.732498 139540727588608 logging_writer.py:48] [123100] global_step=123100, grad_norm=4.823647975921631, loss=1.057628870010376
I0831 18:15:36.833563 139540719195904 logging_writer.py:48] [123200] global_step=123200, grad_norm=4.729123115539551, loss=0.9157568216323853
I0831 18:16:04.032921 139540727588608 logging_writer.py:48] [123300] global_step=123300, grad_norm=5.0395917892456055, loss=1.076278567314148
I0831 18:16:31.125625 139540719195904 logging_writer.py:48] [123400] global_step=123400, grad_norm=4.518982410430908, loss=0.8206816911697388
I0831 18:16:58.222921 139540727588608 logging_writer.py:48] [123500] global_step=123500, grad_norm=4.942296028137207, loss=1.0297702550888062
I0831 18:17:25.401809 139540719195904 logging_writer.py:48] [123600] global_step=123600, grad_norm=4.629934787750244, loss=0.9277737140655518
I0831 18:17:52.520854 139540727588608 logging_writer.py:48] [123700] global_step=123700, grad_norm=4.996158599853516, loss=1.0691512823104858
I0831 18:18:19.632146 139540719195904 logging_writer.py:48] [123800] global_step=123800, grad_norm=4.748520374298096, loss=0.9453434348106384
I0831 18:18:46.784220 139540727588608 logging_writer.py:48] [123900] global_step=123900, grad_norm=4.903236389160156, loss=0.9822508096694946
I0831 18:19:13.859519 139540719195904 logging_writer.py:48] [124000] global_step=124000, grad_norm=5.01711893081665, loss=1.0271432399749756
I0831 18:19:24.556110 139757377230016 spec.py:333] Evaluating on the training split.
I0831 18:19:31.481472 139757377230016 spec.py:346] Evaluating on the validation split.
I0831 18:19:41.544848 139757377230016 spec.py:363] Evaluating on the test split.
I0831 18:19:42.435027 139757377230016 submission_runner.py:516] Time since start: 34392.77s, 	Step: 124041, 	{'train/accuracy': Array(0.9368423, dtype=float32), 'train/loss': Array(0.22361873, dtype=float32), 'validation/accuracy': Array(0.75012, dtype=float32), 'validation/loss': Array(1.0643718, dtype=float32), 'validation/num_examples': 50000, 'test/accuracy': Array(0.62140006, dtype=float32), 'test/loss': Array(1.8547386, dtype=float32), 'test/num_examples': 10000, 'score': 33985.024151563644, 'total_duration': 34392.77033543587, 'accumulated_submission_time': 33985.024151563644, 'accumulated_eval_time': 405.35461807250977, 'accumulated_logging_time': 1.4072437286376953}
I0831 18:19:42.486810 139540727588608 logging_writer.py:48] [124041] accumulated_eval_time=405.355, accumulated_logging_time=1.40724, accumulated_submission_time=33985, global_step=124041, preemption_count=0, score=33985, test/accuracy=0.6214000582695007, test/loss=1.8547385931015015, test/num_examples=10000, total_duration=34392.8, train/accuracy=0.9368423223495483, train/loss=0.22361873090267181, validation/accuracy=0.7501199841499329, validation/loss=1.0643718242645264, validation/num_examples=50000
I0831 18:19:58.852967 139540719195904 logging_writer.py:48] [124100] global_step=124100, grad_norm=4.959739685058594, loss=0.9920551180839539
I0831 18:20:26.205404 139540727588608 logging_writer.py:48] [124200] global_step=124200, grad_norm=4.724878311157227, loss=0.9513610601425171
I0831 18:20:53.304197 139540719195904 logging_writer.py:48] [124300] global_step=124300, grad_norm=5.189523220062256, loss=1.1107758283615112
I0831 18:21:20.388117 139540727588608 logging_writer.py:48] [124400] global_step=124400, grad_norm=4.62212610244751, loss=0.9888362884521484
I0831 18:21:47.553910 139540719195904 logging_writer.py:48] [124500] global_step=124500, grad_norm=5.255875110626221, loss=0.9745398759841919
I0831 18:22:14.651595 139540727588608 logging_writer.py:48] [124600] global_step=124600, grad_norm=4.630988121032715, loss=0.9354742765426636
I0831 18:22:41.748955 139540719195904 logging_writer.py:48] [124700] global_step=124700, grad_norm=5.13581657409668, loss=0.9921715259552002
I0831 18:23:08.876364 139540727588608 logging_writer.py:48] [124800] global_step=124800, grad_norm=4.983302593231201, loss=1.0238392353057861
I0831 18:23:35.980696 139540719195904 logging_writer.py:48] [124900] global_step=124900, grad_norm=4.693772315979004, loss=0.9547627568244934
I0831 18:24:03.062595 139540727588608 logging_writer.py:48] [125000] global_step=125000, grad_norm=4.958782196044922, loss=1.0629838705062866
I0831 18:24:30.216333 139540719195904 logging_writer.py:48] [125100] global_step=125100, grad_norm=5.282406330108643, loss=1.0854395627975464
I0831 18:24:57.537094 139540727588608 logging_writer.py:48] [125200] global_step=125200, grad_norm=4.66309928894043, loss=0.9215268492698669
I0831 18:25:24.655093 139540719195904 logging_writer.py:48] [125300] global_step=125300, grad_norm=4.64963436126709, loss=0.955488920211792
I0831 18:25:51.800070 139540727588608 logging_writer.py:48] [125400] global_step=125400, grad_norm=5.214349746704102, loss=0.9384632110595703
I0831 18:26:18.899262 139540719195904 logging_writer.py:48] [125500] global_step=125500, grad_norm=4.932323932647705, loss=1.0501761436462402
I0831 18:26:46.003131 139540727588608 logging_writer.py:48] [125600] global_step=125600, grad_norm=4.680225849151611, loss=1.0079078674316406
I0831 18:27:13.174013 139540719195904 logging_writer.py:48] [125700] global_step=125700, grad_norm=4.795058727264404, loss=0.9400352835655212
I0831 18:27:40.285763 139540727588608 logging_writer.py:48] [125800] global_step=125800, grad_norm=4.933342456817627, loss=1.0056415796279907
I0831 18:28:07.367240 139540719195904 logging_writer.py:48] [125900] global_step=125900, grad_norm=4.708018779754639, loss=0.9355145692825317
I0831 18:28:34.529704 139540727588608 logging_writer.py:48] [126000] global_step=126000, grad_norm=4.999928951263428, loss=0.9737023115158081
I0831 18:29:01.598627 139540719195904 logging_writer.py:48] [126100] global_step=126100, grad_norm=4.926107883453369, loss=0.9490303993225098
I0831 18:29:28.684587 139540727588608 logging_writer.py:48] [126200] global_step=126200, grad_norm=4.814653396606445, loss=0.9340658187866211
I0831 18:29:56.054307 139540719195904 logging_writer.py:48] [126300] global_step=126300, grad_norm=4.775744915008545, loss=0.9669443368911743
I0831 18:30:23.160404 139540727588608 logging_writer.py:48] [126400] global_step=126400, grad_norm=4.821078777313232, loss=0.975071370601654
I0831 18:30:50.266683 139540719195904 logging_writer.py:48] [126500] global_step=126500, grad_norm=5.473040580749512, loss=1.1141996383666992
I0831 18:31:17.432614 139540727588608 logging_writer.py:48] [126600] global_step=126600, grad_norm=5.071509838104248, loss=0.9918809533119202
I0831 18:31:44.572504 139540719195904 logging_writer.py:48] [126700] global_step=126700, grad_norm=4.734167575836182, loss=0.9224956035614014
I0831 18:32:11.658519 139540727588608 logging_writer.py:48] [126800] global_step=126800, grad_norm=5.002106189727783, loss=1.0041762590408325
I0831 18:32:38.832156 139540719195904 logging_writer.py:48] [126900] global_step=126900, grad_norm=4.5831475257873535, loss=0.9289351105690002
I0831 18:33:05.946062 139540727588608 logging_writer.py:48] [127000] global_step=127000, grad_norm=4.907226085662842, loss=1.0300579071044922
I0831 18:33:33.056085 139540719195904 logging_writer.py:48] [127100] global_step=127100, grad_norm=5.230595588684082, loss=1.0330252647399902
I0831 18:34:00.195689 139540727588608 logging_writer.py:48] [127200] global_step=127200, grad_norm=5.226077079772949, loss=1.003427267074585
I0831 18:34:27.530808 139540719195904 logging_writer.py:48] [127300] global_step=127300, grad_norm=5.129274368286133, loss=0.9600069522857666
I0831 18:34:54.643059 139540727588608 logging_writer.py:48] [127400] global_step=127400, grad_norm=4.5660810470581055, loss=0.9041241407394409
I0831 18:35:21.826250 139540719195904 logging_writer.py:48] [127500] global_step=127500, grad_norm=4.850088596343994, loss=0.9477722644805908
I0831 18:35:48.942492 139540727588608 logging_writer.py:48] [127600] global_step=127600, grad_norm=5.099522590637207, loss=1.016257405281067
I0831 18:36:16.048957 139540719195904 logging_writer.py:48] [127700] global_step=127700, grad_norm=5.220772743225098, loss=1.0599383115768433
I0831 18:36:43.204951 139540727588608 logging_writer.py:48] [127800] global_step=127800, grad_norm=5.22505521774292, loss=1.0208985805511475
I0831 18:37:10.313564 139540719195904 logging_writer.py:48] [127900] global_step=127900, grad_norm=4.915736198425293, loss=0.993891179561615
I0831 18:37:37.414138 139540727588608 logging_writer.py:48] [128000] global_step=128000, grad_norm=5.037959575653076, loss=1.0021891593933105
I0831 18:38:04.561049 139540719195904 logging_writer.py:48] [128100] global_step=128100, grad_norm=4.761622905731201, loss=0.9119603633880615
I0831 18:38:31.651180 139540727588608 logging_writer.py:48] [128200] global_step=128200, grad_norm=5.160921096801758, loss=0.985394299030304
I0831 18:38:58.731973 139540719195904 logging_writer.py:48] [128300] global_step=128300, grad_norm=4.720265865325928, loss=0.9820288419723511
I0831 18:39:26.119498 139540727588608 logging_writer.py:48] [128400] global_step=128400, grad_norm=4.894281387329102, loss=0.9295991659164429
I0831 18:39:53.246657 139540719195904 logging_writer.py:48] [128500] global_step=128500, grad_norm=4.836514472961426, loss=0.9874048233032227
I0831 18:40:20.358597 139540727588608 logging_writer.py:48] [128600] global_step=128600, grad_norm=4.784384250640869, loss=0.9857382774353027
I0831 18:40:47.542778 139540719195904 logging_writer.py:48] [128700] global_step=128700, grad_norm=4.663294792175293, loss=0.9599646329879761
I0831 18:41:14.685284 139540727588608 logging_writer.py:48] [128800] global_step=128800, grad_norm=4.87637186050415, loss=1.0406973361968994
I0831 18:41:41.804425 139540719195904 logging_writer.py:48] [128900] global_step=128900, grad_norm=4.832684516906738, loss=0.989304780960083
I0831 18:42:08.976248 139540727588608 logging_writer.py:48] [129000] global_step=129000, grad_norm=5.087740421295166, loss=0.9998127818107605
I0831 18:42:36.070572 139540719195904 logging_writer.py:48] [129100] global_step=129100, grad_norm=4.804134845733643, loss=0.9764799475669861
I0831 18:43:03.177804 139540727588608 logging_writer.py:48] [129200] global_step=129200, grad_norm=4.770850658416748, loss=0.9617881774902344
I0831 18:43:30.369155 139540719195904 logging_writer.py:48] [129300] global_step=129300, grad_norm=5.032071113586426, loss=0.9827959537506104
I0831 18:43:57.707504 139540727588608 logging_writer.py:48] [129400] global_step=129400, grad_norm=5.333802223205566, loss=1.0095701217651367
I0831 18:44:24.780480 139540719195904 logging_writer.py:48] [129500] global_step=129500, grad_norm=4.880114555358887, loss=1.017694354057312
I0831 18:44:51.943581 139540727588608 logging_writer.py:48] [129600] global_step=129600, grad_norm=5.064136028289795, loss=1.0611350536346436
I0831 18:45:19.075496 139540719195904 logging_writer.py:48] [129700] global_step=129700, grad_norm=5.05799674987793, loss=1.0527386665344238
I0831 18:45:46.199852 139540727588608 logging_writer.py:48] [129800] global_step=129800, grad_norm=5.037579536437988, loss=1.0226256847381592
I0831 18:46:13.390495 139540719195904 logging_writer.py:48] [129900] global_step=129900, grad_norm=4.5822272300720215, loss=0.9281449317932129
I0831 18:46:40.517341 139540727588608 logging_writer.py:48] [130000] global_step=130000, grad_norm=4.903039455413818, loss=0.9968441128730774
I0831 18:47:07.597542 139540719195904 logging_writer.py:48] [130100] global_step=130100, grad_norm=4.8166608810424805, loss=1.0385651588439941
I0831 18:47:34.753129 139540727588608 logging_writer.py:48] [130200] global_step=130200, grad_norm=5.072717666625977, loss=1.0414743423461914
I0831 18:48:01.832816 139540719195904 logging_writer.py:48] [130300] global_step=130300, grad_norm=5.161195278167725, loss=1.0580780506134033
I0831 18:48:28.928406 139540727588608 logging_writer.py:48] [130400] global_step=130400, grad_norm=4.966507434844971, loss=1.0647692680358887
I0831 18:48:56.284064 139540719195904 logging_writer.py:48] [130500] global_step=130500, grad_norm=4.949012279510498, loss=0.9918736815452576
I0831 18:49:23.392076 139540727588608 logging_writer.py:48] [130600] global_step=130600, grad_norm=4.729351043701172, loss=0.9863735437393188
I0831 18:49:50.484762 139540719195904 logging_writer.py:48] [130700] global_step=130700, grad_norm=4.916469573974609, loss=0.9084323644638062
I0831 18:50:17.637459 139540727588608 logging_writer.py:48] [130800] global_step=130800, grad_norm=4.961255073547363, loss=0.9821269512176514
I0831 18:50:44.720630 139540719195904 logging_writer.py:48] [130900] global_step=130900, grad_norm=4.86811637878418, loss=0.8685524463653564
I0831 18:51:11.793047 139540727588608 logging_writer.py:48] [131000] global_step=131000, grad_norm=4.792481899261475, loss=0.9898805618286133
I0831 18:51:38.955761 139540719195904 logging_writer.py:48] [131100] global_step=131100, grad_norm=5.00923490524292, loss=0.9619134664535522
I0831 18:52:06.041609 139540727588608 logging_writer.py:48] [131200] global_step=131200, grad_norm=4.644381523132324, loss=0.9350121021270752
I0831 18:52:33.159012 139540719195904 logging_writer.py:48] [131300] global_step=131300, grad_norm=4.699960231781006, loss=0.8987125754356384
I0831 18:52:58.519907 139757377230016 spec.py:333] Evaluating on the training split.
I0831 18:53:05.527402 139757377230016 spec.py:346] Evaluating on the validation split.
I0831 18:53:15.763388 139757377230016 spec.py:363] Evaluating on the test split.
I0831 18:53:16.634721 139757377230016 submission_runner.py:516] Time since start: 36406.97s, 	Step: 131395, 	{'train/accuracy': Array(0.93939334, dtype=float32), 'train/loss': Array(0.21290366, dtype=float32), 'validation/accuracy': Array(0.75088, dtype=float32), 'validation/loss': Array(1.0653294, dtype=float32), 'validation/num_examples': 50000, 'test/accuracy': Array(0.62280005, dtype=float32), 'test/loss': Array(1.852586, dtype=float32), 'test/num_examples': 10000, 'score': 35980.980189561844, 'total_duration': 36406.970715522766, 'accumulated_submission_time': 35980.980189561844, 'accumulated_eval_time': 423.46765208244324, 'accumulated_logging_time': 1.4830548763275146}
I0831 18:53:16.693917 139540727588608 logging_writer.py:48] [131395] accumulated_eval_time=423.468, accumulated_logging_time=1.48305, accumulated_submission_time=35981, global_step=131395, preemption_count=0, score=35981, test/accuracy=0.6228000521659851, test/loss=1.852586030960083, test/num_examples=10000, total_duration=36407, train/accuracy=0.9393933415412903, train/loss=0.21290366351604462, validation/accuracy=0.7508800029754639, validation/loss=1.0653294324874878, validation/num_examples=50000
I0831 18:53:18.486128 139540719195904 logging_writer.py:48] [131400] global_step=131400, grad_norm=5.174779415130615, loss=1.0998032093048096
I0831 18:53:45.624301 139540727588608 logging_writer.py:48] [131500] global_step=131500, grad_norm=4.881472587585449, loss=0.9606100916862488
I0831 18:54:12.938481 139540719195904 logging_writer.py:48] [131600] global_step=131600, grad_norm=5.015367031097412, loss=0.9480982422828674
I0831 18:54:40.081138 139540727588608 logging_writer.py:48] [131700] global_step=131700, grad_norm=4.756710052490234, loss=0.9282273054122925
I0831 18:55:07.175794 139540719195904 logging_writer.py:48] [131800] global_step=131800, grad_norm=4.550253391265869, loss=0.9029451608657837
I0831 18:55:34.288561 139540727588608 logging_writer.py:48] [131900] global_step=131900, grad_norm=4.693728446960449, loss=0.9061131477355957
I0831 18:56:01.437904 139540719195904 logging_writer.py:48] [132000] global_step=132000, grad_norm=5.1859331130981445, loss=1.1230512857437134
I0831 18:56:28.556552 139540727588608 logging_writer.py:48] [132100] global_step=132100, grad_norm=4.817812919616699, loss=0.9043564796447754
I0831 18:56:55.640741 139540719195904 logging_writer.py:48] [132200] global_step=132200, grad_norm=4.908921241760254, loss=0.9540932178497314
I0831 18:57:22.794031 139540727588608 logging_writer.py:48] [132300] global_step=132300, grad_norm=4.8843817710876465, loss=0.9712030291557312
I0831 18:57:49.869401 139540719195904 logging_writer.py:48] [132400] global_step=132400, grad_norm=4.748700141906738, loss=0.9776036739349365
I0831 18:58:16.947039 139540727588608 logging_writer.py:48] [132500] global_step=132500, grad_norm=4.926920413970947, loss=0.9731858968734741
I0831 18:58:44.307026 139540719195904 logging_writer.py:48] [132600] global_step=132600, grad_norm=4.861461162567139, loss=1.0152194499969482
I0831 18:59:11.427424 139540727588608 logging_writer.py:48] [132700] global_step=132700, grad_norm=5.075224876403809, loss=1.0098729133605957
I0831 18:59:38.520269 139540719195904 logging_writer.py:48] [132800] global_step=132800, grad_norm=4.839643955230713, loss=0.9747335910797119
I0831 19:00:05.681965 139540727588608 logging_writer.py:48] [132900] global_step=132900, grad_norm=4.951384544372559, loss=0.9948177933692932
I0831 19:00:32.799757 139540719195904 logging_writer.py:48] [133000] global_step=133000, grad_norm=5.130736827850342, loss=1.0611969232559204
I0831 19:00:59.899385 139540727588608 logging_writer.py:48] [133100] global_step=133100, grad_norm=4.978974342346191, loss=1.0231566429138184
I0831 19:01:27.055519 139540719195904 logging_writer.py:48] [133200] global_step=133200, grad_norm=5.0649800300598145, loss=1.0556695461273193
I0831 19:01:54.156955 139540727588608 logging_writer.py:48] [133300] global_step=133300, grad_norm=4.9380292892456055, loss=0.9623417854309082
I0831 19:02:21.291224 139540719195904 logging_writer.py:48] [133400] global_step=133400, grad_norm=4.953096389770508, loss=0.9824788570404053
I0831 19:02:48.489248 139540727588608 logging_writer.py:48] [133500] global_step=133500, grad_norm=4.55886697769165, loss=0.9080998301506042
I0831 19:03:15.590631 139540719195904 logging_writer.py:48] [133600] global_step=133600, grad_norm=4.626733303070068, loss=0.9675574898719788
I0831 19:03:42.919795 139540727588608 logging_writer.py:48] [133700] global_step=133700, grad_norm=4.66933536529541, loss=0.9381409287452698
I0831 19:04:10.087916 139540719195904 logging_writer.py:48] [133800] global_step=133800, grad_norm=5.014467716217041, loss=0.9839687347412109
I0831 19:04:37.186795 139540727588608 logging_writer.py:48] [133900] global_step=133900, grad_norm=5.344640731811523, loss=0.9836798906326294
I0831 19:05:04.281347 139540719195904 logging_writer.py:48] [134000] global_step=134000, grad_norm=4.737255096435547, loss=0.9720773100852966
I0831 19:05:31.418731 139540727588608 logging_writer.py:48] [134100] global_step=134100, grad_norm=4.7850847244262695, loss=0.9970805644989014
I0831 19:05:58.518790 139540719195904 logging_writer.py:48] [134200] global_step=134200, grad_norm=4.786212921142578, loss=1.0162544250488281
I0831 19:06:25.631519 139540727588608 logging_writer.py:48] [134300] global_step=134300, grad_norm=4.86754846572876, loss=1.0083870887756348
I0831 19:06:52.808140 139540719195904 logging_writer.py:48] [134400] global_step=134400, grad_norm=4.8439764976501465, loss=0.9804175496101379
I0831 19:07:19.874026 139540727588608 logging_writer.py:48] [134500] global_step=134500, grad_norm=5.219333171844482, loss=1.0082950592041016
I0831 19:07:46.948734 139540719195904 logging_writer.py:48] [134600] global_step=134600, grad_norm=4.9980902671813965, loss=0.9767093658447266
I0831 19:08:14.134377 139540727588608 logging_writer.py:48] [134700] global_step=134700, grad_norm=4.984531879425049, loss=1.000212550163269
I0831 19:08:41.458330 139540719195904 logging_writer.py:48] [134800] global_step=134800, grad_norm=5.057774543762207, loss=0.970267653465271
I0831 19:09:08.540624 139540727588608 logging_writer.py:48] [134900] global_step=134900, grad_norm=4.818347454071045, loss=0.9613227844238281
I0831 19:09:35.721169 139540719195904 logging_writer.py:48] [135000] global_step=135000, grad_norm=4.886783599853516, loss=0.898292064666748
I0831 19:10:02.799037 139540727588608 logging_writer.py:48] [135100] global_step=135100, grad_norm=4.782504558563232, loss=1.0202122926712036
I0831 19:10:29.924744 139540719195904 logging_writer.py:48] [135200] global_step=135200, grad_norm=5.052027225494385, loss=1.0283598899841309
I0831 19:10:57.066369 139540727588608 logging_writer.py:48] [135300] global_step=135300, grad_norm=4.920061111450195, loss=0.9737001061439514
I0831 19:11:24.159535 139540719195904 logging_writer.py:48] [135400] global_step=135400, grad_norm=5.008421897888184, loss=0.9688220024108887
I0831 19:11:51.256793 139540727588608 logging_writer.py:48] [135500] global_step=135500, grad_norm=4.738471508026123, loss=0.8799198269844055
I0831 19:12:18.404840 139540719195904 logging_writer.py:48] [135600] global_step=135600, grad_norm=4.7763285636901855, loss=0.9693702459335327
I0831 19:12:45.513953 139540727588608 logging_writer.py:48] [135700] global_step=135700, grad_norm=5.001764297485352, loss=0.9568836092948914
I0831 19:13:12.626114 139540719195904 logging_writer.py:48] [135800] global_step=135800, grad_norm=4.95102596282959, loss=1.0468212366104126
I0831 19:13:39.971271 139540727588608 logging_writer.py:48] [135900] global_step=135900, grad_norm=4.995884418487549, loss=0.9872132539749146
I0831 19:14:07.048359 139540719195904 logging_writer.py:48] [136000] global_step=136000, grad_norm=5.041899681091309, loss=0.9912666082382202
I0831 19:14:34.137422 139540727588608 logging_writer.py:48] [136100] global_step=136100, grad_norm=4.697211265563965, loss=1.004833698272705
I0831 19:15:01.288827 139540719195904 logging_writer.py:48] [136200] global_step=136200, grad_norm=4.846872329711914, loss=0.9596787095069885
I0831 19:15:28.364338 139540727588608 logging_writer.py:48] [136300] global_step=136300, grad_norm=4.814752101898193, loss=0.9751400947570801
I0831 19:15:55.473401 139540719195904 logging_writer.py:48] [136400] global_step=136400, grad_norm=4.85992431640625, loss=0.9683844447135925
I0831 19:16:22.614467 139540727588608 logging_writer.py:48] [136500] global_step=136500, grad_norm=4.775761604309082, loss=0.9988193511962891
I0831 19:16:49.693044 139540719195904 logging_writer.py:48] [136600] global_step=136600, grad_norm=4.654741287231445, loss=0.9687706828117371
I0831 19:17:16.767042 139540727588608 logging_writer.py:48] [136700] global_step=136700, grad_norm=5.1533966064453125, loss=0.952431321144104
I0831 19:17:43.946865 139540719195904 logging_writer.py:48] [136800] global_step=136800, grad_norm=4.5290021896362305, loss=0.9011249542236328
I0831 19:18:11.261119 139540727588608 logging_writer.py:48] [136900] global_step=136900, grad_norm=4.809020519256592, loss=0.9874517917633057
I0831 19:18:38.366147 139540719195904 logging_writer.py:48] [137000] global_step=137000, grad_norm=4.746774196624756, loss=0.9756983518600464
I0831 19:19:05.520724 139540727588608 logging_writer.py:48] [137100] global_step=137100, grad_norm=4.814104080200195, loss=0.9646883010864258
I0831 19:19:32.608534 139540719195904 logging_writer.py:48] [137200] global_step=137200, grad_norm=4.543582916259766, loss=0.8482443690299988
I0831 19:19:59.718627 139540727588608 logging_writer.py:48] [137300] global_step=137300, grad_norm=4.92318868637085, loss=1.0219700336456299
I0831 19:20:26.892715 139540719195904 logging_writer.py:48] [137400] global_step=137400, grad_norm=4.854905128479004, loss=0.9811145663261414
I0831 19:20:54.021012 139540727588608 logging_writer.py:48] [137500] global_step=137500, grad_norm=4.905314922332764, loss=0.9971307516098022
I0831 19:21:21.113704 139540719195904 logging_writer.py:48] [137600] global_step=137600, grad_norm=5.09190559387207, loss=1.030572533607483
I0831 19:21:48.306022 139540727588608 logging_writer.py:48] [137700] global_step=137700, grad_norm=4.949118137359619, loss=0.9926077723503113
I0831 19:22:15.409836 139540719195904 logging_writer.py:48] [137800] global_step=137800, grad_norm=5.166230201721191, loss=1.0907676219940186
I0831 19:22:42.511585 139540727588608 logging_writer.py:48] [137900] global_step=137900, grad_norm=4.692147254943848, loss=0.9595528841018677
I0831 19:23:09.903119 139540719195904 logging_writer.py:48] [138000] global_step=138000, grad_norm=4.794547080993652, loss=0.945045530796051
I0831 19:23:37.001465 139540727588608 logging_writer.py:48] [138100] global_step=138100, grad_norm=4.727849006652832, loss=0.9876723289489746
I0831 19:24:04.097178 139540719195904 logging_writer.py:48] [138200] global_step=138200, grad_norm=4.701259613037109, loss=0.9147742390632629
I0831 19:24:31.258566 139540727588608 logging_writer.py:48] [138300] global_step=138300, grad_norm=5.004670143127441, loss=0.9913433790206909
I0831 19:24:58.365516 139540719195904 logging_writer.py:48] [138400] global_step=138400, grad_norm=4.869284152984619, loss=0.9866592884063721
I0831 19:25:25.499127 139540727588608 logging_writer.py:48] [138500] global_step=138500, grad_norm=4.787542819976807, loss=0.9775620698928833
I0831 19:25:52.675925 139540719195904 logging_writer.py:48] [138600] global_step=138600, grad_norm=4.576642036437988, loss=0.8719696998596191
I0831 19:26:19.802289 139540727588608 logging_writer.py:48] [138700] global_step=138700, grad_norm=4.788989543914795, loss=0.959772527217865
I0831 19:26:32.697615 139757377230016 spec.py:333] Evaluating on the training split.
I0831 19:26:39.562992 139757377230016 spec.py:346] Evaluating on the validation split.
I0831 19:26:50.504928 139757377230016 spec.py:363] Evaluating on the test split.
I0831 19:26:51.384441 139757377230016 submission_runner.py:516] Time since start: 38421.72s, 	Step: 138749, 	{'train/accuracy': Array(0.93939334, dtype=float32), 'train/loss': Array(0.21290293, dtype=float32), 'validation/accuracy': Array(0.75162, dtype=float32), 'validation/loss': Array(1.0644616, dtype=float32), 'validation/num_examples': 50000, 'test/accuracy': Array(0.6233, dtype=float32), 'test/loss': Array(1.8521956, dtype=float32), 'test/num_examples': 10000, 'score': 37976.918315172195, 'total_duration': 38421.72024726868, 'accumulated_submission_time': 37976.918315172195, 'accumulated_eval_time': 442.1525115966797, 'accumulated_logging_time': 1.554464340209961}
I0831 19:26:51.432613 139540719195904 logging_writer.py:48] [138749] accumulated_eval_time=442.153, accumulated_logging_time=1.55446, accumulated_submission_time=37976.9, global_step=138749, preemption_count=0, score=37976.9, test/accuracy=0.6233000159263611, test/loss=1.8521956205368042, test/num_examples=10000, total_duration=38421.7, train/accuracy=0.9393933415412903, train/loss=0.21290293335914612, validation/accuracy=0.7516199946403503, validation/loss=1.064461588859558, validation/num_examples=50000
I0831 19:27:05.640232 139540727588608 logging_writer.py:48] [138800] global_step=138800, grad_norm=4.871703624725342, loss=0.9902591109275818
I0831 19:27:32.801669 139540719195904 logging_writer.py:48] [138900] global_step=138900, grad_norm=4.864016532897949, loss=0.9534199237823486
I0831 19:27:59.860907 139540727588608 logging_writer.py:48] [139000] global_step=139000, grad_norm=4.943868160247803, loss=1.0138020515441895
I0831 19:28:27.203249 139540719195904 logging_writer.py:48] [139100] global_step=139100, grad_norm=4.882791996002197, loss=0.9475374221801758
I0831 19:28:54.365959 139540727588608 logging_writer.py:48] [139200] global_step=139200, grad_norm=5.117842197418213, loss=0.895937442779541
I0831 19:29:21.461155 139540719195904 logging_writer.py:48] [139300] global_step=139300, grad_norm=4.844820499420166, loss=0.9967927932739258
I0831 19:29:48.566958 139540727588608 logging_writer.py:48] [139400] global_step=139400, grad_norm=5.00095272064209, loss=0.9310852289199829
I0831 19:30:15.733570 139540719195904 logging_writer.py:48] [139500] global_step=139500, grad_norm=5.344364166259766, loss=1.000067949295044
I0831 19:30:42.862852 139540727588608 logging_writer.py:48] [139600] global_step=139600, grad_norm=4.895310401916504, loss=1.0049301385879517
I0831 19:31:09.993925 139540719195904 logging_writer.py:48] [139700] global_step=139700, grad_norm=4.81271505355835, loss=0.9203932285308838
I0831 19:31:37.190110 139540727588608 logging_writer.py:48] [139800] global_step=139800, grad_norm=4.862547397613525, loss=0.9668060541152954
I0831 19:32:04.279247 139540719195904 logging_writer.py:48] [139900] global_step=139900, grad_norm=4.919333457946777, loss=0.9554110169410706
I0831 19:32:31.379251 139540727588608 logging_writer.py:48] [140000] global_step=140000, grad_norm=5.143237113952637, loss=0.9793355464935303
I0831 19:32:58.753179 139540719195904 logging_writer.py:48] [140100] global_step=140100, grad_norm=4.6883864402771, loss=0.8688985109329224
I0831 19:33:25.850000 139540727588608 logging_writer.py:48] [140200] global_step=140200, grad_norm=4.884824275970459, loss=0.9146053791046143
I0831 19:33:52.942326 139540719195904 logging_writer.py:48] [140300] global_step=140300, grad_norm=4.7034478187561035, loss=0.9397494196891785
I0831 19:34:20.127197 139540727588608 logging_writer.py:48] [140400] global_step=140400, grad_norm=4.777933120727539, loss=0.9515289664268494
I0831 19:34:47.238719 139540719195904 logging_writer.py:48] [140500] global_step=140500, grad_norm=4.760321140289307, loss=0.8818340301513672
I0831 19:35:14.339283 139540727588608 logging_writer.py:48] [140600] global_step=140600, grad_norm=4.550999164581299, loss=0.8968168497085571
I0831 19:35:41.517937 139540719195904 logging_writer.py:48] [140700] global_step=140700, grad_norm=4.791899681091309, loss=0.8812588453292847
I0831 19:36:08.595788 139540727588608 logging_writer.py:48] [140800] global_step=140800, grad_norm=5.185793399810791, loss=1.0263419151306152
I0831 19:36:35.680443 139540719195904 logging_writer.py:48] [140900] global_step=140900, grad_norm=4.8069610595703125, loss=0.9864439964294434
I0831 19:37:02.832250 139540727588608 logging_writer.py:48] [141000] global_step=141000, grad_norm=4.9310784339904785, loss=1.022621989250183
I0831 19:37:29.946282 139540719195904 logging_writer.py:48] [141100] global_step=141100, grad_norm=4.714712619781494, loss=0.8815237283706665
I0831 19:37:57.249381 139540727588608 logging_writer.py:48] [141200] global_step=141200, grad_norm=5.120866775512695, loss=1.0595366954803467
I0831 19:38:24.359040 139540719195904 logging_writer.py:48] [141300] global_step=141300, grad_norm=4.798666477203369, loss=0.9772976636886597
I0831 19:38:51.426273 139540727588608 logging_writer.py:48] [141400] global_step=141400, grad_norm=5.009456157684326, loss=1.000659704208374
I0831 19:39:18.521596 139540719195904 logging_writer.py:48] [141500] global_step=141500, grad_norm=4.891257286071777, loss=0.9247495532035828
I0831 19:39:45.727790 139540727588608 logging_writer.py:48] [141600] global_step=141600, grad_norm=5.019777774810791, loss=1.0210984945297241
I0831 19:40:12.843512 139540719195904 logging_writer.py:48] [141700] global_step=141700, grad_norm=4.889074325561523, loss=0.9506536722183228
I0831 19:40:39.940578 139540727588608 logging_writer.py:48] [141800] global_step=141800, grad_norm=4.792128562927246, loss=0.9047776460647583
I0831 19:41:07.105039 139540719195904 logging_writer.py:48] [141900] global_step=141900, grad_norm=5.19428014755249, loss=1.0638078451156616
I0831 19:41:34.182198 139540727588608 logging_writer.py:48] [142000] global_step=142000, grad_norm=5.102656364440918, loss=1.09727144241333
I0831 19:42:01.301512 139540719195904 logging_writer.py:48] [142100] global_step=142100, grad_norm=4.784899711608887, loss=0.8872174024581909
I0831 19:42:28.466230 139540727588608 logging_writer.py:48] [142200] global_step=142200, grad_norm=4.78377103805542, loss=1.0330266952514648
I0831 19:42:55.802825 139540719195904 logging_writer.py:48] [142300] global_step=142300, grad_norm=5.148273468017578, loss=1.036495566368103
I0831 19:43:22.916399 139540727588608 logging_writer.py:48] [142400] global_step=142400, grad_norm=4.943055629730225, loss=0.9457277655601501
I0831 19:43:50.087111 139540719195904 logging_writer.py:48] [142500] global_step=142500, grad_norm=4.858746528625488, loss=1.0003998279571533
I0831 19:44:17.172626 139540727588608 logging_writer.py:48] [142600] global_step=142600, grad_norm=4.9623494148254395, loss=1.055019497871399
I0831 19:44:44.286793 139540719195904 logging_writer.py:48] [142700] global_step=142700, grad_norm=4.758121013641357, loss=0.9100338816642761
I0831 19:45:11.457955 139540727588608 logging_writer.py:48] [142800] global_step=142800, grad_norm=4.94889497756958, loss=1.0123060941696167
I0831 19:45:38.522715 139540719195904 logging_writer.py:48] [142900] global_step=142900, grad_norm=4.899933338165283, loss=0.9546157717704773
I0831 19:46:05.611622 139540727588608 logging_writer.py:48] [143000] global_step=143000, grad_norm=4.883424282073975, loss=0.9496175050735474
I0831 19:46:32.750824 139540719195904 logging_writer.py:48] [143100] global_step=143100, grad_norm=4.79231071472168, loss=0.9300960898399353
I0831 19:46:59.831888 139540727588608 logging_writer.py:48] [143200] global_step=143200, grad_norm=4.912576675415039, loss=0.9672505259513855
I0831 19:47:27.136380 139540719195904 logging_writer.py:48] [143300] global_step=143300, grad_norm=4.873079776763916, loss=0.9097369313240051
I0831 19:47:54.315596 139540727588608 logging_writer.py:48] [143400] global_step=143400, grad_norm=4.949477195739746, loss=0.9759334325790405
I0831 19:48:21.384182 139540719195904 logging_writer.py:48] [143500] global_step=143500, grad_norm=4.49763822555542, loss=0.9046100974082947
I0831 19:48:48.475877 139540727588608 logging_writer.py:48] [143600] global_step=143600, grad_norm=5.130477428436279, loss=1.0155138969421387
I0831 19:49:15.644484 139540719195904 logging_writer.py:48] [143700] global_step=143700, grad_norm=5.003990173339844, loss=0.9180908203125
I0831 19:49:42.761430 139540727588608 logging_writer.py:48] [143800] global_step=143800, grad_norm=4.996431350708008, loss=0.9707123041152954
I0831 19:50:09.837382 139540719195904 logging_writer.py:48] [143900] global_step=143900, grad_norm=4.718486785888672, loss=0.9922770261764526
I0831 19:50:37.002488 139540727588608 logging_writer.py:48] [144000] global_step=144000, grad_norm=5.0917744636535645, loss=0.9691386222839355
I0831 19:51:04.097808 139540719195904 logging_writer.py:48] [144100] global_step=144100, grad_norm=4.956173896789551, loss=1.018226981163025
I0831 19:51:31.171204 139540727588608 logging_writer.py:48] [144200] global_step=144200, grad_norm=5.032227993011475, loss=1.0013444423675537
I0831 19:51:58.322177 139540719195904 logging_writer.py:48] [144300] global_step=144300, grad_norm=4.616175174713135, loss=0.918409526348114
I0831 19:52:25.644212 139540727588608 logging_writer.py:48] [144400] global_step=144400, grad_norm=4.9026641845703125, loss=0.9930658340454102
I0831 19:52:52.753218 139540719195904 logging_writer.py:48] [144500] global_step=144500, grad_norm=4.835047245025635, loss=0.919486939907074
I0831 19:53:19.934508 139540727588608 logging_writer.py:48] [144600] global_step=144600, grad_norm=4.9404616355896, loss=1.0046404600143433
I0831 19:53:47.043345 139540719195904 logging_writer.py:48] [144700] global_step=144700, grad_norm=4.536959171295166, loss=0.8735368847846985
I0831 19:54:14.151695 139540727588608 logging_writer.py:48] [144800] global_step=144800, grad_norm=5.001751899719238, loss=1.0408048629760742
I0831 19:54:41.290979 139540719195904 logging_writer.py:48] [144900] global_step=144900, grad_norm=4.998241424560547, loss=0.9106251001358032
I0831 19:55:08.386312 139540727588608 logging_writer.py:48] [145000] global_step=145000, grad_norm=4.887907981872559, loss=0.9948021173477173
I0831 19:55:35.502564 139540719195904 logging_writer.py:48] [145100] global_step=145100, grad_norm=4.806793689727783, loss=1.0001885890960693
I0831 19:56:02.672939 139540727588608 logging_writer.py:48] [145200] global_step=145200, grad_norm=5.214353561401367, loss=1.0018324851989746
I0831 19:56:29.795421 139540719195904 logging_writer.py:48] [145300] global_step=145300, grad_norm=4.89080286026001, loss=0.9896283745765686
I0831 19:56:56.890844 139540727588608 logging_writer.py:48] [145400] global_step=145400, grad_norm=4.898375034332275, loss=1.0072888135910034
I0831 19:57:24.289321 139540719195904 logging_writer.py:48] [145500] global_step=145500, grad_norm=4.890360355377197, loss=0.956022322177887
I0831 19:57:51.367664 139540727588608 logging_writer.py:48] [145600] global_step=145600, grad_norm=4.879941463470459, loss=1.0323952436447144
I0831 19:58:18.475900 139540719195904 logging_writer.py:48] [145700] global_step=145700, grad_norm=5.052237510681152, loss=0.99542635679245
I0831 19:58:45.654925 139540727588608 logging_writer.py:48] [145800] global_step=145800, grad_norm=5.049266815185547, loss=1.0674571990966797
I0831 19:59:12.741155 139540719195904 logging_writer.py:48] [145900] global_step=145900, grad_norm=4.9487152099609375, loss=1.0172759294509888
I0831 19:59:39.841383 139540727588608 logging_writer.py:48] [146000] global_step=146000, grad_norm=5.156197547912598, loss=1.098247766494751
I0831 20:00:06.997264 139540719195904 logging_writer.py:48] [146100] global_step=146100, grad_norm=4.981577396392822, loss=0.9525746703147888
I0831 20:00:07.392436 139757377230016 spec.py:333] Evaluating on the training split.
I0831 20:00:14.464185 139757377230016 spec.py:346] Evaluating on the validation split.
I0831 20:00:25.451734 139757377230016 spec.py:363] Evaluating on the test split.
I0831 20:00:26.337083 139757377230016 submission_runner.py:516] Time since start: 40436.67s, 	Step: 146103, 	{'train/accuracy': Array(0.9429807, dtype=float32), 'train/loss': Array(0.20439605, dtype=float32), 'validation/accuracy': Array(0.7515, dtype=float32), 'validation/loss': Array(1.066416, dtype=float32), 'validation/num_examples': 50000, 'test/accuracy': Array(0.62600005, dtype=float32), 'test/loss': Array(1.8532897, dtype=float32), 'test/num_examples': 10000, 'score': 39972.81428909302, 'total_duration': 40436.67267847061, 'accumulated_submission_time': 39972.81428909302, 'accumulated_eval_time': 461.0949785709381, 'accumulated_logging_time': 1.613271951675415}
I0831 20:00:26.390035 139540727588608 logging_writer.py:48] [146103] accumulated_eval_time=461.095, accumulated_logging_time=1.61327, accumulated_submission_time=39972.8, global_step=146103, preemption_count=0, score=39972.8, test/accuracy=0.6260000467300415, test/loss=1.8532897233963013, test/num_examples=10000, total_duration=40436.7, train/accuracy=0.9429807066917419, train/loss=0.204396054148674, validation/accuracy=0.7515000104904175, validation/loss=1.0664160251617432, validation/num_examples=50000
I0831 20:00:53.070495 139540719195904 logging_writer.py:48] [146200] global_step=146200, grad_norm=4.803895473480225, loss=0.9562443494796753
I0831 20:01:20.130908 139540727588608 logging_writer.py:48] [146300] global_step=146300, grad_norm=4.913459300994873, loss=0.9702866077423096
I0831 20:01:47.255327 139540719195904 logging_writer.py:48] [146400] global_step=146400, grad_norm=5.055189609527588, loss=0.9564161896705627
I0831 20:02:14.557028 139540727588608 logging_writer.py:48] [146500] global_step=146500, grad_norm=5.276646614074707, loss=0.9162465333938599
I0831 20:02:41.632702 139540719195904 logging_writer.py:48] [146600] global_step=146600, grad_norm=5.106797218322754, loss=1.01668119430542
I0831 20:03:08.797596 139540727588608 logging_writer.py:48] [146700] global_step=146700, grad_norm=4.756960391998291, loss=0.8747119903564453
I0831 20:03:35.898046 139540719195904 logging_writer.py:48] [146800] global_step=146800, grad_norm=5.217245578765869, loss=1.0309994220733643
I0831 20:04:03.006198 139540727588608 logging_writer.py:48] [146900] global_step=146900, grad_norm=5.080924987792969, loss=0.9244135618209839
I0831 20:04:30.158472 139540719195904 logging_writer.py:48] [147000] global_step=147000, grad_norm=5.021328449249268, loss=1.0281835794448853
I0831 20:04:57.236829 139540727588608 logging_writer.py:48] [147100] global_step=147100, grad_norm=5.005340099334717, loss=0.9713712930679321
I0831 20:05:24.345026 139540719195904 logging_writer.py:48] [147200] global_step=147200, grad_norm=4.924888610839844, loss=0.9444887638092041
I0831 20:05:51.496099 139540727588608 logging_writer.py:48] [147300] global_step=147300, grad_norm=4.726351261138916, loss=0.9253100156784058
I0831 20:06:18.576854 139540719195904 logging_writer.py:48] [147400] global_step=147400, grad_norm=4.750677585601807, loss=0.9350607991218567
I0831 20:06:45.655931 139540727588608 logging_writer.py:48] [147500] global_step=147500, grad_norm=4.881363391876221, loss=0.9277376532554626
I0831 20:07:13.025550 139540719195904 logging_writer.py:48] [147600] global_step=147600, grad_norm=5.0200347900390625, loss=1.0242422819137573
I0831 20:07:40.125041 139540727588608 logging_writer.py:48] [147700] global_step=147700, grad_norm=4.979521751403809, loss=0.9865714907646179
I0831 20:08:07.254504 139540719195904 logging_writer.py:48] [147800] global_step=147800, grad_norm=4.878149509429932, loss=0.8695657253265381
I0831 20:08:34.430884 139540727588608 logging_writer.py:48] [147900] global_step=147900, grad_norm=5.0644378662109375, loss=0.9221640825271606
I0831 20:09:01.540736 139540719195904 logging_writer.py:48] [148000] global_step=148000, grad_norm=5.00282621383667, loss=0.956488847732544
I0831 20:09:28.636377 139540727588608 logging_writer.py:48] [148100] global_step=148100, grad_norm=4.818978309631348, loss=0.9855359196662903
I0831 20:09:55.776511 139540719195904 logging_writer.py:48] [148200] global_step=148200, grad_norm=5.116714000701904, loss=0.9998196363449097
I0831 20:10:22.881272 139540727588608 logging_writer.py:48] [148300] global_step=148300, grad_norm=5.023601531982422, loss=0.9741630554199219
I0831 20:10:49.956039 139540719195904 logging_writer.py:48] [148400] global_step=148400, grad_norm=5.208728790283203, loss=0.9709794521331787
I0831 20:11:17.110448 139540727588608 logging_writer.py:48] [148500] global_step=148500, grad_norm=4.755453109741211, loss=0.9202561378479004
I0831 20:11:44.433638 139540719195904 logging_writer.py:48] [148600] global_step=148600, grad_norm=4.8876118659973145, loss=0.9601861238479614
I0831 20:12:11.539349 139540727588608 logging_writer.py:48] [148700] global_step=148700, grad_norm=4.7784857749938965, loss=0.9150691628456116
I0831 20:12:38.683444 139540719195904 logging_writer.py:48] [148800] global_step=148800, grad_norm=4.942794322967529, loss=0.9174060821533203
I0831 20:13:05.791623 139540727588608 logging_writer.py:48] [148900] global_step=148900, grad_norm=4.999746322631836, loss=0.9616286754608154
I0831 20:13:32.873371 139540719195904 logging_writer.py:48] [149000] global_step=149000, grad_norm=4.60487174987793, loss=0.8965438604354858
I0831 20:14:00.037812 139540727588608 logging_writer.py:48] [149100] global_step=149100, grad_norm=5.144637107849121, loss=0.9518135786056519
I0831 20:14:27.125368 139540719195904 logging_writer.py:48] [149200] global_step=149200, grad_norm=4.869401931762695, loss=0.8913272619247437
I0831 20:14:54.236735 139540727588608 logging_writer.py:48] [149300] global_step=149300, grad_norm=5.179067134857178, loss=1.0208237171173096
I0831 20:15:21.399432 139540719195904 logging_writer.py:48] [149400] global_step=149400, grad_norm=5.070855617523193, loss=0.9608543515205383
I0831 20:15:48.483337 139540727588608 logging_writer.py:48] [149500] global_step=149500, grad_norm=5.029384613037109, loss=0.989356517791748
I0831 20:16:15.581731 139540719195904 logging_writer.py:48] [149600] global_step=149600, grad_norm=4.937863826751709, loss=0.9190988540649414
I0831 20:16:42.925513 139540727588608 logging_writer.py:48] [149700] global_step=149700, grad_norm=4.742585182189941, loss=0.908256471157074
I0831 20:17:10.048130 139540719195904 logging_writer.py:48] [149800] global_step=149800, grad_norm=5.142239093780518, loss=0.996779203414917
I0831 20:17:37.155332 139540727588608 logging_writer.py:48] [149900] global_step=149900, grad_norm=5.354884624481201, loss=0.9873426556587219
I0831 20:18:04.290891 139540719195904 logging_writer.py:48] [150000] global_step=150000, grad_norm=4.6390814781188965, loss=0.9458861351013184
I0831 20:18:31.373616 139540727588608 logging_writer.py:48] [150100] global_step=150100, grad_norm=4.672126770019531, loss=0.9393327832221985
I0831 20:18:58.460784 139540719195904 logging_writer.py:48] [150200] global_step=150200, grad_norm=4.948758125305176, loss=0.9837696552276611
I0831 20:19:25.657743 139540727588608 logging_writer.py:48] [150300] global_step=150300, grad_norm=4.881545543670654, loss=0.955140233039856
I0831 20:19:52.781147 139540719195904 logging_writer.py:48] [150400] global_step=150400, grad_norm=5.178322792053223, loss=1.1292624473571777
I0831 20:20:19.857145 139540727588608 logging_writer.py:48] [150500] global_step=150500, grad_norm=4.8780999183654785, loss=1.000759243965149
I0831 20:20:47.039058 139540719195904 logging_writer.py:48] [150600] global_step=150600, grad_norm=5.027082443237305, loss=0.9273658394813538
I0831 20:21:14.330285 139540727588608 logging_writer.py:48] [150700] global_step=150700, grad_norm=4.808567047119141, loss=0.970081090927124
I0831 20:21:41.433551 139540719195904 logging_writer.py:48] [150800] global_step=150800, grad_norm=4.821190357208252, loss=0.9482805728912354
I0831 20:22:08.599484 139540727588608 logging_writer.py:48] [150900] global_step=150900, grad_norm=5.027789115905762, loss=1.0106550455093384
I0831 20:22:35.719373 139540719195904 logging_writer.py:48] [151000] global_step=151000, grad_norm=5.02651834487915, loss=0.9429337382316589
I0831 20:23:02.809004 139540727588608 logging_writer.py:48] [151100] global_step=151100, grad_norm=5.158106803894043, loss=0.8859448432922363
I0831 20:23:29.949820 139540719195904 logging_writer.py:48] [151200] global_step=151200, grad_norm=4.905797004699707, loss=0.9547634720802307
I0831 20:23:57.019485 139540727588608 logging_writer.py:48] [151300] global_step=151300, grad_norm=4.807074069976807, loss=0.920608401298523
I0831 20:24:24.102129 139540719195904 logging_writer.py:48] [151400] global_step=151400, grad_norm=4.82431173324585, loss=0.9498525857925415
I0831 20:24:51.242847 139540727588608 logging_writer.py:48] [151500] global_step=151500, grad_norm=4.917196750640869, loss=0.9390757083892822
I0831 20:25:18.318909 139540719195904 logging_writer.py:48] [151600] global_step=151600, grad_norm=5.097172260284424, loss=0.9732065200805664
I0831 20:25:45.448368 139540727588608 logging_writer.py:48] [151700] global_step=151700, grad_norm=4.972909450531006, loss=0.9788637161254883
I0831 20:26:12.829339 139540719195904 logging_writer.py:48] [151800] global_step=151800, grad_norm=4.862555503845215, loss=0.9667122960090637
I0831 20:26:39.916192 139540727588608 logging_writer.py:48] [151900] global_step=151900, grad_norm=5.491297245025635, loss=1.0652008056640625
I0831 20:27:07.021927 139540719195904 logging_writer.py:48] [152000] global_step=152000, grad_norm=4.955933094024658, loss=0.9750006794929504
I0831 20:27:34.191848 139540727588608 logging_writer.py:48] [152100] global_step=152100, grad_norm=4.498730182647705, loss=0.9273554682731628
I0831 20:28:01.316348 139540719195904 logging_writer.py:48] [152200] global_step=152200, grad_norm=4.753042697906494, loss=0.9542335867881775
I0831 20:28:28.401802 139540727588608 logging_writer.py:48] [152300] global_step=152300, grad_norm=5.609224319458008, loss=0.9455620646476746
I0831 20:28:55.562267 139540719195904 logging_writer.py:48] [152400] global_step=152400, grad_norm=5.08140230178833, loss=0.9581665992736816
I0831 20:29:22.660192 139540727588608 logging_writer.py:48] [152500] global_step=152500, grad_norm=4.9004316329956055, loss=1.0175868272781372
I0831 20:29:49.789518 139540719195904 logging_writer.py:48] [152600] global_step=152600, grad_norm=5.101755142211914, loss=1.0552104711532593
I0831 20:30:16.977444 139540727588608 logging_writer.py:48] [152700] global_step=152700, grad_norm=5.044900417327881, loss=0.9416693449020386
I0831 20:30:44.302823 139540719195904 logging_writer.py:48] [152800] global_step=152800, grad_norm=5.0514421463012695, loss=0.9287148118019104
I0831 20:31:11.413744 139540727588608 logging_writer.py:48] [152900] global_step=152900, grad_norm=4.612090110778809, loss=0.874138593673706
I0831 20:31:38.552332 139540719195904 logging_writer.py:48] [153000] global_step=153000, grad_norm=4.922503471374512, loss=0.9936745762825012
I0831 20:32:05.663253 139540727588608 logging_writer.py:48] [153100] global_step=153100, grad_norm=4.998672008514404, loss=1.0102415084838867
I0831 20:32:32.726550 139540719195904 logging_writer.py:48] [153200] global_step=153200, grad_norm=4.843101501464844, loss=0.8244028687477112
I0831 20:32:59.888169 139540727588608 logging_writer.py:48] [153300] global_step=153300, grad_norm=5.432653903961182, loss=1.0285844802856445
I0831 20:33:26.990855 139540719195904 logging_writer.py:48] [153400] global_step=153400, grad_norm=4.879928112030029, loss=0.9396483898162842
I0831 20:33:42.525733 139757377230016 spec.py:333] Evaluating on the training split.
I0831 20:33:49.525431 139757377230016 spec.py:346] Evaluating on the validation split.
I0831 20:34:00.156702 139757377230016 spec.py:363] Evaluating on the test split.
I0831 20:34:01.038476 139757377230016 submission_runner.py:516] Time since start: 42451.37s, 	Step: 153459, 	{'train/accuracy': Array(0.9436384, dtype=float32), 'train/loss': Array(0.19484542, dtype=float32), 'validation/accuracy': Array(0.7524, dtype=float32), 'validation/loss': Array(1.0662144, dtype=float32), 'validation/num_examples': 50000, 'test/accuracy': Array(0.6261, dtype=float32), 'test/loss': Array(1.8529103, dtype=float32), 'test/num_examples': 10000, 'score': 41968.87982940674, 'total_duration': 42451.374479055405, 'accumulated_submission_time': 41968.87982940674, 'accumulated_eval_time': 479.6059491634369, 'accumulated_logging_time': 1.682976484298706}
I0831 20:34:01.099385 139540727588608 logging_writer.py:48] [153459] accumulated_eval_time=479.606, accumulated_logging_time=1.68298, accumulated_submission_time=41968.9, global_step=153459, preemption_count=0, score=41968.9, test/accuracy=0.6261000037193298, test/loss=1.8529102802276611, test/num_examples=10000, total_duration=42451.4, train/accuracy=0.9436383843421936, train/loss=0.19484542310237885, validation/accuracy=0.7523999810218811, validation/loss=1.0662144422531128, validation/num_examples=50000
I0831 20:34:12.586485 139540719195904 logging_writer.py:48] [153500] global_step=153500, grad_norm=5.084113597869873, loss=1.0130479335784912
I0831 20:34:39.736325 139540727588608 logging_writer.py:48] [153600] global_step=153600, grad_norm=5.080477714538574, loss=1.0084259510040283
I0831 20:35:06.812600 139540719195904 logging_writer.py:48] [153700] global_step=153700, grad_norm=5.0858964920043945, loss=0.9927721619606018
I0831 20:35:33.915843 139540727588608 logging_writer.py:48] [153800] global_step=153800, grad_norm=4.949362754821777, loss=0.9818704724311829
I0831 20:36:01.275110 139540719195904 logging_writer.py:48] [153900] global_step=153900, grad_norm=4.85859489440918, loss=0.9233124256134033
I0831 20:36:28.360273 139540727588608 logging_writer.py:48] [154000] global_step=154000, grad_norm=4.657138824462891, loss=0.8708588480949402
I0831 20:36:55.433013 139540719195904 logging_writer.py:48] [154100] global_step=154100, grad_norm=5.059042453765869, loss=1.0081186294555664
I0831 20:37:22.581084 139540727588608 logging_writer.py:48] [154200] global_step=154200, grad_norm=5.427408695220947, loss=1.0356488227844238
I0831 20:37:52.826363 139540719195904 logging_writer.py:48] [154300] global_step=154300, grad_norm=4.798146724700928, loss=0.9370341897010803
I0831 20:38:19.881365 139540727588608 logging_writer.py:48] [154400] global_step=154400, grad_norm=4.671112537384033, loss=0.8765661716461182
I0831 20:38:47.016004 139540719195904 logging_writer.py:48] [154500] global_step=154500, grad_norm=4.852830410003662, loss=0.9968103170394897
I0831 20:39:14.117785 139540727588608 logging_writer.py:48] [154600] global_step=154600, grad_norm=4.988564968109131, loss=0.9660347700119019
I0831 20:39:41.232426 139540719195904 logging_writer.py:48] [154700] global_step=154700, grad_norm=4.607135772705078, loss=0.8240559101104736
I0831 20:40:08.404094 139540727588608 logging_writer.py:48] [154800] global_step=154800, grad_norm=4.772922515869141, loss=0.886858344078064
I0831 20:40:35.726820 139540719195904 logging_writer.py:48] [154900] global_step=154900, grad_norm=4.715194225311279, loss=0.9271547794342041
I0831 20:41:02.792451 139540727588608 logging_writer.py:48] [155000] global_step=155000, grad_norm=5.412055492401123, loss=0.9547130465507507
I0831 20:41:29.982198 139540719195904 logging_writer.py:48] [155100] global_step=155100, grad_norm=5.200058937072754, loss=0.9818491339683533
I0831 20:41:57.098812 139540727588608 logging_writer.py:48] [155200] global_step=155200, grad_norm=4.868923664093018, loss=0.9547141790390015
I0831 20:42:24.204064 139540719195904 logging_writer.py:48] [155300] global_step=155300, grad_norm=5.250529766082764, loss=1.0281522274017334
I0831 20:42:51.384639 139540727588608 logging_writer.py:48] [155400] global_step=155400, grad_norm=5.072220802307129, loss=1.065803050994873
I0831 20:43:18.450259 139540719195904 logging_writer.py:48] [155500] global_step=155500, grad_norm=5.155465126037598, loss=1.0150226354599
I0831 20:43:45.533814 139540727588608 logging_writer.py:48] [155600] global_step=155600, grad_norm=5.0285539627075195, loss=1.0055058002471924
I0831 20:44:12.692747 139540719195904 logging_writer.py:48] [155700] global_step=155700, grad_norm=4.728820323944092, loss=0.9416544437408447
I0831 20:44:39.806541 139540727588608 logging_writer.py:48] [155800] global_step=155800, grad_norm=5.025786876678467, loss=0.9812809228897095
I0831 20:45:06.929914 139540719195904 logging_writer.py:48] [155900] global_step=155900, grad_norm=4.715885639190674, loss=0.8785211443901062
I0831 20:45:34.324510 139540727588608 logging_writer.py:48] [156000] global_step=156000, grad_norm=5.601651668548584, loss=1.0576088428497314
I0831 20:46:01.391088 139540719195904 logging_writer.py:48] [156100] global_step=156100, grad_norm=4.879785537719727, loss=0.9525125622749329
I0831 20:46:28.477564 139540727588608 logging_writer.py:48] [156200] global_step=156200, grad_norm=4.730650424957275, loss=0.9632541537284851
I0831 20:46:55.660117 139540719195904 logging_writer.py:48] [156300] global_step=156300, grad_norm=5.4593424797058105, loss=1.0482864379882812
I0831 20:47:22.728219 139540727588608 logging_writer.py:48] [156400] global_step=156400, grad_norm=5.184152126312256, loss=0.9838722944259644
I0831 20:47:49.826949 139540719195904 logging_writer.py:48] [156500] global_step=156500, grad_norm=5.061868667602539, loss=0.9094336628913879
I0831 20:48:16.967075 139540727588608 logging_writer.py:48] [156600] global_step=156600, grad_norm=5.1330366134643555, loss=0.9722123146057129
I0831 20:48:44.065597 139540719195904 logging_writer.py:48] [156700] global_step=156700, grad_norm=5.047150135040283, loss=0.868276834487915
I0831 20:49:11.150758 139540727588608 logging_writer.py:48] [156800] global_step=156800, grad_norm=4.841760158538818, loss=0.9090273380279541
I0831 20:49:38.299825 139540719195904 logging_writer.py:48] [156900] global_step=156900, grad_norm=5.305118560791016, loss=0.992932915687561
I0831 20:50:05.580863 139540727588608 logging_writer.py:48] [157000] global_step=157000, grad_norm=4.81522274017334, loss=0.9100302457809448
I0831 20:50:32.660198 139540719195904 logging_writer.py:48] [157100] global_step=157100, grad_norm=4.793705463409424, loss=0.9707159996032715
I0831 20:50:59.806876 139540727588608 logging_writer.py:48] [157200] global_step=157200, grad_norm=4.846596717834473, loss=0.9258076548576355
I0831 20:51:26.867761 139540719195904 logging_writer.py:48] [157300] global_step=157300, grad_norm=4.937160015106201, loss=0.9036328792572021
I0831 20:51:53.955304 139540727588608 logging_writer.py:48] [157400] global_step=157400, grad_norm=5.080944061279297, loss=1.0339336395263672
I0831 20:52:21.114437 139540719195904 logging_writer.py:48] [157500] global_step=157500, grad_norm=5.1489338874816895, loss=0.9846539497375488
I0831 20:52:48.175624 139540727588608 logging_writer.py:48] [157600] global_step=157600, grad_norm=5.130618572235107, loss=0.9960851669311523
I0831 20:53:15.255642 139540719195904 logging_writer.py:48] [157700] global_step=157700, grad_norm=5.270749568939209, loss=1.0861318111419678
I0831 20:53:42.459716 139540727588608 logging_writer.py:48] [157800] global_step=157800, grad_norm=5.177969455718994, loss=1.0285476446151733
I0831 20:54:09.550011 139540719195904 logging_writer.py:48] [157900] global_step=157900, grad_norm=4.862735271453857, loss=0.9337354898452759
I0831 20:54:36.668863 139540727588608 logging_writer.py:48] [158000] global_step=158000, grad_norm=5.149179935455322, loss=0.9658536911010742
I0831 20:55:04.021741 139540719195904 logging_writer.py:48] [158100] global_step=158100, grad_norm=5.340179443359375, loss=1.0032298564910889
I0831 20:55:31.110728 139540727588608 logging_writer.py:48] [158200] global_step=158200, grad_norm=5.184858322143555, loss=0.9616742134094238
I0831 20:55:58.208556 139540719195904 logging_writer.py:48] [158300] global_step=158300, grad_norm=4.977093696594238, loss=0.9402259588241577
I0831 20:56:25.353538 139540727588608 logging_writer.py:48] [158400] global_step=158400, grad_norm=5.110679626464844, loss=1.015777349472046
I0831 20:56:52.466166 139540719195904 logging_writer.py:48] [158500] global_step=158500, grad_norm=4.662341594696045, loss=0.8328948616981506
I0831 20:57:19.582021 139540727588608 logging_writer.py:48] [158600] global_step=158600, grad_norm=5.0572190284729, loss=1.030425786972046
I0831 20:57:46.727137 139540719195904 logging_writer.py:48] [158700] global_step=158700, grad_norm=4.930996894836426, loss=0.960013747215271
I0831 20:58:13.826636 139540727588608 logging_writer.py:48] [158800] global_step=158800, grad_norm=5.361905097961426, loss=1.0094714164733887
I0831 20:58:40.925853 139540719195904 logging_writer.py:48] [158900] global_step=158900, grad_norm=5.031557559967041, loss=0.9156042337417603
I0831 20:59:08.082754 139540727588608 logging_writer.py:48] [159000] global_step=159000, grad_norm=5.041658878326416, loss=0.973647952079773
I0831 20:59:35.157984 139540719195904 logging_writer.py:48] [159100] global_step=159100, grad_norm=4.904654026031494, loss=0.906226396560669
I0831 21:00:02.469564 139540727588608 logging_writer.py:48] [159200] global_step=159200, grad_norm=5.0043792724609375, loss=0.9613056182861328
I0831 21:00:29.762285 139540719195904 logging_writer.py:48] [159300] global_step=159300, grad_norm=4.8167805671691895, loss=0.9794607162475586
I0831 21:00:56.865185 139540727588608 logging_writer.py:48] [159400] global_step=159400, grad_norm=5.0650763511657715, loss=0.9407323598861694
I0831 21:01:23.955609 139540719195904 logging_writer.py:48] [159500] global_step=159500, grad_norm=5.127701282501221, loss=0.9812685251235962
I0831 21:01:51.076891 139540727588608 logging_writer.py:48] [159600] global_step=159600, grad_norm=5.019761562347412, loss=0.9198150634765625
I0831 21:02:18.181086 139540719195904 logging_writer.py:48] [159700] global_step=159700, grad_norm=4.790411472320557, loss=0.9666284322738647
I0831 21:02:45.283429 139540727588608 logging_writer.py:48] [159800] global_step=159800, grad_norm=5.233885765075684, loss=0.9517183303833008
I0831 21:03:12.447749 139540719195904 logging_writer.py:48] [159900] global_step=159900, grad_norm=5.068629264831543, loss=0.9952079653739929
I0831 21:03:39.544128 139540727588608 logging_writer.py:48] [160000] global_step=160000, grad_norm=4.860971450805664, loss=0.9443888664245605
I0831 21:04:06.651104 139540719195904 logging_writer.py:48] [160100] global_step=160100, grad_norm=4.965539455413818, loss=0.9381277561187744
I0831 21:04:34.006537 139540727588608 logging_writer.py:48] [160200] global_step=160200, grad_norm=5.004106044769287, loss=0.9026545286178589
I0831 21:05:01.079860 139540719195904 logging_writer.py:48] [160300] global_step=160300, grad_norm=5.2449564933776855, loss=1.0446202754974365
I0831 21:05:28.215903 139540727588608 logging_writer.py:48] [160400] global_step=160400, grad_norm=4.820967674255371, loss=0.8940549492835999
I0831 21:05:55.367661 139540719195904 logging_writer.py:48] [160500] global_step=160500, grad_norm=4.867816925048828, loss=0.9113267660140991
I0831 21:06:22.483599 139540727588608 logging_writer.py:48] [160600] global_step=160600, grad_norm=5.097231864929199, loss=0.9306005239486694
I0831 21:06:49.608131 139540719195904 logging_writer.py:48] [160700] global_step=160700, grad_norm=4.905991077423096, loss=0.9172671437263489
I0831 21:07:16.761424 139540727588608 logging_writer.py:48] [160800] global_step=160800, grad_norm=5.203260898590088, loss=0.9387592673301697
I0831 21:07:17.165450 139757377230016 spec.py:333] Evaluating on the training split.
I0831 21:07:24.243979 139757377230016 spec.py:346] Evaluating on the validation split.
I0831 21:07:35.883810 139757377230016 spec.py:363] Evaluating on the test split.
I0831 21:07:36.765338 139757377230016 submission_runner.py:516] Time since start: 44467.10s, 	Step: 160803, 	{'train/accuracy': Array(0.94782364, dtype=float32), 'train/loss': Array(0.18040912, dtype=float32), 'validation/accuracy': Array(0.75266, dtype=float32), 'validation/loss': Array(1.0689249, dtype=float32), 'validation/num_examples': 50000, 'test/accuracy': Array(0.62670004, dtype=float32), 'test/loss': Array(1.859921, dtype=float32), 'test/num_examples': 10000, 'score': 43964.87986493111, 'total_duration': 44467.10048651695, 'accumulated_submission_time': 43964.87986493111, 'accumulated_eval_time': 499.20321011543274, 'accumulated_logging_time': 1.7564749717712402}
I0831 21:07:36.828720 139540719195904 logging_writer.py:48] [160803] accumulated_eval_time=499.203, accumulated_logging_time=1.75647, accumulated_submission_time=43964.9, global_step=160803, preemption_count=0, score=43964.9, test/accuracy=0.6267000436782837, test/loss=1.8599209785461426, test/num_examples=10000, total_duration=44467.1, train/accuracy=0.9478236436843872, train/loss=0.18040911853313446, validation/accuracy=0.7526599764823914, validation/loss=1.068924903869629, validation/num_examples=50000
I0831 21:08:03.449329 139540727588608 logging_writer.py:48] [160900] global_step=160900, grad_norm=5.037517070770264, loss=1.014204978942871
I0831 21:08:43.931758 139540719195904 logging_writer.py:48] [161000] global_step=161000, grad_norm=4.8889546394348145, loss=0.931659460067749
I0831 21:09:29.322592 139540727588608 logging_writer.py:48] [161100] global_step=161100, grad_norm=5.163882255554199, loss=0.9386011362075806
I0831 21:10:13.597917 139540719195904 logging_writer.py:48] [161200] global_step=161200, grad_norm=4.96826696395874, loss=0.9062102437019348
I0831 21:10:42.245127 139540727588608 logging_writer.py:48] [161300] global_step=161300, grad_norm=4.9312639236450195, loss=0.9848003387451172
I0831 21:11:09.413370 139540719195904 logging_writer.py:48] [161400] global_step=161400, grad_norm=4.672180652618408, loss=0.9350361824035645
I0831 21:11:37.001859 139540727588608 logging_writer.py:48] [161500] global_step=161500, grad_norm=4.6825995445251465, loss=0.8460814952850342
I0831 21:12:04.087852 139540719195904 logging_writer.py:48] [161600] global_step=161600, grad_norm=4.860040187835693, loss=0.8850826025009155
I0831 21:12:31.208346 139540727588608 logging_writer.py:48] [161700] global_step=161700, grad_norm=5.053499221801758, loss=0.9557758569717407
I0831 21:12:58.308220 139540719195904 logging_writer.py:48] [161800] global_step=161800, grad_norm=4.920664310455322, loss=0.907818615436554
I0831 21:13:25.426695 139540727588608 logging_writer.py:48] [161900] global_step=161900, grad_norm=5.013975143432617, loss=0.9702956676483154
I0831 21:13:52.587983 139540719195904 logging_writer.py:48] [162000] global_step=162000, grad_norm=5.0365519523620605, loss=1.014796257019043
I0831 21:14:19.693897 139540727588608 logging_writer.py:48] [162100] global_step=162100, grad_norm=5.030987739562988, loss=0.9494566917419434
I0831 21:14:46.794259 139540719195904 logging_writer.py:48] [162200] global_step=162200, grad_norm=4.881530284881592, loss=0.9614452123641968
I0831 21:15:13.923695 139540727588608 logging_writer.py:48] [162300] global_step=162300, grad_norm=5.180329322814941, loss=0.9883328676223755
I0831 21:15:41.308850 139540719195904 logging_writer.py:48] [162400] global_step=162400, grad_norm=4.720633029937744, loss=0.9268121719360352
I0831 21:16:08.377823 139540727588608 logging_writer.py:48] [162500] global_step=162500, grad_norm=5.08119010925293, loss=0.9725327491760254
I0831 21:16:35.536183 139540719195904 logging_writer.py:48] [162600] global_step=162600, grad_norm=4.925673961639404, loss=0.916546642780304
I0831 21:17:02.643654 139540727588608 logging_writer.py:48] [162700] global_step=162700, grad_norm=5.053299427032471, loss=0.9621924161911011
I0831 21:17:29.722517 139540719195904 logging_writer.py:48] [162800] global_step=162800, grad_norm=5.242842674255371, loss=1.0133157968521118
I0831 21:17:56.902817 139540727588608 logging_writer.py:48] [162900] global_step=162900, grad_norm=5.092436790466309, loss=0.9443873167037964
I0831 21:18:24.003329 139540719195904 logging_writer.py:48] [163000] global_step=163000, grad_norm=4.980007171630859, loss=0.946797788143158
I0831 21:18:51.079943 139540727588608 logging_writer.py:48] [163100] global_step=163100, grad_norm=5.32796573638916, loss=1.0417016744613647
I0831 21:19:18.220264 139540719195904 logging_writer.py:48] [163200] global_step=163200, grad_norm=4.902069091796875, loss=0.9210683703422546
I0831 21:19:45.285390 139540727588608 logging_writer.py:48] [163300] global_step=163300, grad_norm=4.991593837738037, loss=0.9212214946746826
I0831 21:20:12.618872 139540719195904 logging_writer.py:48] [163400] global_step=163400, grad_norm=5.0289812088012695, loss=0.9454931020736694
I0831 21:20:39.791423 139540727588608 logging_writer.py:48] [163500] global_step=163500, grad_norm=5.080045700073242, loss=0.9385354518890381
I0831 21:21:06.886953 139540719195904 logging_writer.py:48] [163600] global_step=163600, grad_norm=4.892621040344238, loss=0.9650776982307434
I0831 21:21:33.983392 139540727588608 logging_writer.py:48] [163700] global_step=163700, grad_norm=4.910308837890625, loss=0.9428973197937012
I0831 21:22:01.148880 139540719195904 logging_writer.py:48] [163800] global_step=163800, grad_norm=5.152501583099365, loss=0.9682492017745972
I0831 21:22:28.242682 139540727588608 logging_writer.py:48] [163900] global_step=163900, grad_norm=5.202320575714111, loss=0.9867275953292847
I0831 21:22:55.372308 139540719195904 logging_writer.py:48] [164000] global_step=164000, grad_norm=5.076254844665527, loss=0.9135780930519104
I0831 21:23:22.526411 139540727588608 logging_writer.py:48] [164100] global_step=164100, grad_norm=4.870944023132324, loss=0.9574759006500244
I0831 21:23:49.607619 139540719195904 logging_writer.py:48] [164200] global_step=164200, grad_norm=5.016909599304199, loss=0.9958412051200867
I0831 21:24:16.716997 139540727588608 logging_writer.py:48] [164300] global_step=164300, grad_norm=4.9966511726379395, loss=0.9120484590530396
I0831 21:24:43.850626 139540719195904 logging_writer.py:48] [164400] global_step=164400, grad_norm=4.668238639831543, loss=0.8537229895591736
I0831 21:25:11.162338 139540727588608 logging_writer.py:48] [164500] global_step=164500, grad_norm=5.56754207611084, loss=1.0777037143707275
I0831 21:25:38.289786 139540719195904 logging_writer.py:48] [164600] global_step=164600, grad_norm=5.247561454772949, loss=1.041256308555603
I0831 21:26:05.433890 139540727588608 logging_writer.py:48] [164700] global_step=164700, grad_norm=4.908855438232422, loss=1.0104761123657227
I0831 21:26:32.524930 139540719195904 logging_writer.py:48] [164800] global_step=164800, grad_norm=5.144124507904053, loss=0.9566861391067505
I0831 21:26:59.615675 139540727588608 logging_writer.py:48] [164900] global_step=164900, grad_norm=5.10759973526001, loss=0.8996327519416809
I0831 21:27:26.772604 139540719195904 logging_writer.py:48] [165000] global_step=165000, grad_norm=5.097186088562012, loss=1.001872181892395
I0831 21:27:53.887424 139540727588608 logging_writer.py:48] [165100] global_step=165100, grad_norm=5.031259536743164, loss=0.9734193086624146
I0831 21:28:20.982799 139540719195904 logging_writer.py:48] [165200] global_step=165200, grad_norm=5.001436710357666, loss=0.8973974585533142
I0831 21:28:48.128183 139540727588608 logging_writer.py:48] [165300] global_step=165300, grad_norm=5.159297466278076, loss=0.9280201196670532
I0831 21:29:15.218154 139540719195904 logging_writer.py:48] [165400] global_step=165400, grad_norm=5.284389019012451, loss=1.0294299125671387
I0831 21:29:42.510778 139540727588608 logging_writer.py:48] [165500] global_step=165500, grad_norm=4.799660682678223, loss=0.8889108896255493
I0831 21:30:09.674383 139540719195904 logging_writer.py:48] [165600] global_step=165600, grad_norm=5.063992500305176, loss=0.9494656324386597
I0831 21:30:36.811352 139540727588608 logging_writer.py:48] [165700] global_step=165700, grad_norm=4.989663124084473, loss=0.9808051586151123
I0831 21:31:03.888327 139540719195904 logging_writer.py:48] [165800] global_step=165800, grad_norm=5.275172710418701, loss=0.9803785085678101
I0831 21:31:31.058774 139540727588608 logging_writer.py:48] [165900] global_step=165900, grad_norm=5.366086959838867, loss=1.0274399518966675
I0831 21:31:58.171455 139540719195904 logging_writer.py:48] [166000] global_step=166000, grad_norm=4.808278560638428, loss=0.9155480861663818
I0831 21:32:25.269322 139540727588608 logging_writer.py:48] [166100] global_step=166100, grad_norm=5.000518798828125, loss=0.9537750482559204
I0831 21:32:52.429776 139540719195904 logging_writer.py:48] [166200] global_step=166200, grad_norm=5.039129257202148, loss=0.9233691096305847
I0831 21:33:19.509341 139540727588608 logging_writer.py:48] [166300] global_step=166300, grad_norm=5.154554843902588, loss=0.9348160028457642
I0831 21:33:46.624729 139540719195904 logging_writer.py:48] [166400] global_step=166400, grad_norm=5.177662372589111, loss=0.9203295707702637
I0831 21:34:13.783189 139540727588608 logging_writer.py:48] [166500] global_step=166500, grad_norm=5.161464691162109, loss=0.9939601421356201
I0831 21:34:41.080877 139540719195904 logging_writer.py:48] [166600] global_step=166600, grad_norm=5.1986260414123535, loss=0.9785328507423401
I0831 21:35:08.144358 139540727588608 logging_writer.py:48] [166700] global_step=166700, grad_norm=5.176137924194336, loss=1.071574330329895
I0831 21:35:35.298801 139540719195904 logging_writer.py:48] [166800] global_step=166800, grad_norm=5.161008834838867, loss=0.9538118839263916
I0831 21:36:02.376659 139540727588608 logging_writer.py:48] [166900] global_step=166900, grad_norm=5.189355850219727, loss=0.9111672639846802
I0831 21:36:29.473583 139540719195904 logging_writer.py:48] [167000] global_step=167000, grad_norm=5.27495002746582, loss=0.958970308303833
I0831 21:36:56.667683 139540727588608 logging_writer.py:48] [167100] global_step=167100, grad_norm=5.406421184539795, loss=0.8850550055503845
I0831 21:37:23.729930 139540719195904 logging_writer.py:48] [167200] global_step=167200, grad_norm=5.041898250579834, loss=1.0291266441345215
I0831 21:37:50.800925 139540727588608 logging_writer.py:48] [167300] global_step=167300, grad_norm=5.264313697814941, loss=0.9286333322525024
I0831 21:38:17.959343 139540719195904 logging_writer.py:48] [167400] global_step=167400, grad_norm=5.024592399597168, loss=0.972585916519165
I0831 21:38:45.041955 139540727588608 logging_writer.py:48] [167500] global_step=167500, grad_norm=4.800239086151123, loss=0.9462224245071411
I0831 21:39:12.321219 139540719195904 logging_writer.py:48] [167600] global_step=167600, grad_norm=4.9373908042907715, loss=0.9882769584655762
I0831 21:39:39.484157 139540727588608 logging_writer.py:48] [167700] global_step=167700, grad_norm=4.894540309906006, loss=0.9004441499710083
I0831 21:40:06.565552 139540719195904 logging_writer.py:48] [167800] global_step=167800, grad_norm=5.14202880859375, loss=0.8912181854248047
I0831 21:40:33.670602 139540727588608 logging_writer.py:48] [167900] global_step=167900, grad_norm=4.999546051025391, loss=0.9719611406326294
I0831 21:40:52.792378 139757377230016 spec.py:333] Evaluating on the training split.
I0831 21:40:59.773777 139757377230016 spec.py:346] Evaluating on the validation split.
I0831 21:41:45.298582 139757377230016 spec.py:363] Evaluating on the test split.
I0831 21:41:46.194240 139757377230016 submission_runner.py:516] Time since start: 46516.53s, 	Step: 167972, 	{'train/accuracy': Array(0.9487404, dtype=float32), 'train/loss': Array(0.18130454, dtype=float32), 'validation/accuracy': Array(0.75286, dtype=float32), 'validation/loss': Array(1.0714159, dtype=float32), 'validation/num_examples': 50000, 'test/accuracy': Array(0.6251, dtype=float32), 'test/loss': Array(1.8615223, dtype=float32), 'test/num_examples': 10000, 'score': 45960.7723968029, 'total_duration': 46516.528638362885, 'accumulated_submission_time': 45960.7723968029, 'accumulated_eval_time': 552.6016957759857, 'accumulated_logging_time': 1.8376588821411133}
I0831 21:41:46.302539 139540719195904 logging_writer.py:48] [167972] accumulated_eval_time=552.602, accumulated_logging_time=1.83766, accumulated_submission_time=45960.8, global_step=167972, preemption_count=0, score=45960.8, test/accuracy=0.6251000165939331, test/loss=1.8615223169326782, test/num_examples=10000, total_duration=46516.5, train/accuracy=0.9487404227256775, train/loss=0.18130454421043396, validation/accuracy=0.7528600096702576, validation/loss=1.071415901184082, validation/num_examples=50000
I0831 21:41:54.253643 139540727588608 logging_writer.py:48] [168000] global_step=168000, grad_norm=4.9667205810546875, loss=0.9056800603866577
I0831 21:42:21.321823 139540719195904 logging_writer.py:48] [168100] global_step=168100, grad_norm=4.865715026855469, loss=0.9361110925674438
I0831 21:42:48.368130 139540727588608 logging_writer.py:48] [168200] global_step=168200, grad_norm=5.346195697784424, loss=1.05850350856781
I0831 21:43:15.512323 139540719195904 logging_writer.py:48] [168300] global_step=168300, grad_norm=5.15791130065918, loss=0.9996544122695923
I0831 21:43:42.586421 139540727588608 logging_writer.py:48] [168400] global_step=168400, grad_norm=4.634342193603516, loss=0.8739444613456726
I0831 21:44:10.676086 139540719195904 logging_writer.py:48] [168500] global_step=168500, grad_norm=5.0527119636535645, loss=0.9680424928665161
I0831 21:44:56.845057 139540727588608 logging_writer.py:48] [168600] global_step=168600, grad_norm=5.020331382751465, loss=0.8990182280540466
I0831 21:45:41.645688 139540719195904 logging_writer.py:48] [168700] global_step=168700, grad_norm=4.813370704650879, loss=0.895018458366394
I0831 21:46:28.153590 139540727588608 logging_writer.py:48] [168800] global_step=168800, grad_norm=4.833280563354492, loss=0.9462729692459106
I0831 21:47:14.936361 139540719195904 logging_writer.py:48] [168900] global_step=168900, grad_norm=5.263225555419922, loss=1.031261682510376
I0831 21:47:59.934350 139540727588608 logging_writer.py:48] [169000] global_step=169000, grad_norm=4.633800983428955, loss=0.8590571284294128
I0831 21:48:44.317436 139540719195904 logging_writer.py:48] [169100] global_step=169100, grad_norm=4.557015419006348, loss=0.8894205689430237
I0831 21:49:27.558932 139540727588608 logging_writer.py:48] [169200] global_step=169200, grad_norm=5.018107891082764, loss=0.8986049890518188
I0831 21:50:12.379090 139540719195904 logging_writer.py:48] [169300] global_step=169300, grad_norm=4.9812726974487305, loss=0.969394326210022
I0831 21:50:59.510345 139540727588608 logging_writer.py:48] [169400] global_step=169400, grad_norm=5.124046325683594, loss=0.8985844850540161
I0831 21:51:46.350718 139540719195904 logging_writer.py:48] [169500] global_step=169500, grad_norm=4.803107738494873, loss=0.9926440119743347
I0831 21:52:33.924570 139540727588608 logging_writer.py:48] [169600] global_step=169600, grad_norm=5.2980217933654785, loss=0.9705309271812439
I0831 21:53:20.843827 139540719195904 logging_writer.py:48] [169700] global_step=169700, grad_norm=5.074955463409424, loss=0.9472571611404419
I0831 21:54:06.002731 139540727588608 logging_writer.py:48] [169800] global_step=169800, grad_norm=4.864984512329102, loss=0.9267332553863525
I0831 21:54:49.419153 139540719195904 logging_writer.py:48] [169900] global_step=169900, grad_norm=4.832164764404297, loss=1.0206891298294067
I0831 21:55:35.359116 139540727588608 logging_writer.py:48] [170000] global_step=170000, grad_norm=4.950588703155518, loss=0.9472445249557495
I0831 21:56:20.729043 139540719195904 logging_writer.py:48] [170100] global_step=170100, grad_norm=4.86026668548584, loss=0.9538179636001587
I0831 21:57:06.518306 139540727588608 logging_writer.py:48] [170200] global_step=170200, grad_norm=4.9346418380737305, loss=0.9659864902496338
I0831 21:57:52.314643 139540719195904 logging_writer.py:48] [170300] global_step=170300, grad_norm=4.84830904006958, loss=0.9136912226676941
I0831 21:58:39.017995 139540727588608 logging_writer.py:48] [170400] global_step=170400, grad_norm=4.830488681793213, loss=0.9700785279273987
I0831 21:59:24.591482 139540719195904 logging_writer.py:48] [170500] global_step=170500, grad_norm=5.040051460266113, loss=0.9494431018829346
I0831 22:00:08.023066 139540727588608 logging_writer.py:48] [170600] global_step=170600, grad_norm=4.852638244628906, loss=0.9527171850204468
I0831 22:00:51.541023 139540719195904 logging_writer.py:48] [170700] global_step=170700, grad_norm=4.900259017944336, loss=0.9513531923294067
I0831 22:01:33.187415 139540727588608 logging_writer.py:48] [170800] global_step=170800, grad_norm=5.142589092254639, loss=0.9712234735488892
I0831 22:02:15.164900 139540719195904 logging_writer.py:48] [170900] global_step=170900, grad_norm=5.310712814331055, loss=0.9729113578796387
I0831 22:02:58.022552 139540727588608 logging_writer.py:48] [171000] global_step=171000, grad_norm=5.082427978515625, loss=0.9081253409385681
I0831 22:03:41.093884 139540719195904 logging_writer.py:48] [171100] global_step=171100, grad_norm=4.916240215301514, loss=0.9392939805984497
I0831 22:04:24.265120 139540727588608 logging_writer.py:48] [171200] global_step=171200, grad_norm=4.984756946563721, loss=0.8829730153083801
I0831 22:05:08.579635 139540719195904 logging_writer.py:48] [171300] global_step=171300, grad_norm=5.198332786560059, loss=0.9520210027694702
I0831 22:05:54.140745 139540727588608 logging_writer.py:48] [171400] global_step=171400, grad_norm=4.943979263305664, loss=0.9582770466804504
I0831 22:06:40.127190 139540719195904 logging_writer.py:48] [171500] global_step=171500, grad_norm=5.0407185554504395, loss=0.903640866279602
I0831 22:07:25.626827 139540727588608 logging_writer.py:48] [171600] global_step=171600, grad_norm=4.895448684692383, loss=0.8646007776260376
I0831 22:08:08.425002 139540719195904 logging_writer.py:48] [171700] global_step=171700, grad_norm=4.983148574829102, loss=0.9848845601081848
I0831 22:08:51.615622 139540727588608 logging_writer.py:48] [171800] global_step=171800, grad_norm=4.924423694610596, loss=0.915143609046936
I0831 22:09:36.255075 139540719195904 logging_writer.py:48] [171900] global_step=171900, grad_norm=5.048596382141113, loss=0.8485208749771118
I0831 22:10:19.654952 139540727588608 logging_writer.py:48] [172000] global_step=172000, grad_norm=5.562159538269043, loss=0.9896900653839111
I0831 22:11:02.590715 139540719195904 logging_writer.py:48] [172100] global_step=172100, grad_norm=5.010772705078125, loss=0.9415399432182312
I0831 22:11:46.228965 139540727588608 logging_writer.py:48] [172200] global_step=172200, grad_norm=4.956217288970947, loss=0.8833256959915161
I0831 22:12:29.287091 139540719195904 logging_writer.py:48] [172300] global_step=172300, grad_norm=5.030797958374023, loss=0.9704371690750122
I0831 22:13:11.383102 139540727588608 logging_writer.py:48] [172400] global_step=172400, grad_norm=5.118746757507324, loss=0.9697637557983398
I0831 22:13:54.187218 139540719195904 logging_writer.py:48] [172500] global_step=172500, grad_norm=5.206345558166504, loss=0.9677541255950928
I0831 22:14:36.710945 139540727588608 logging_writer.py:48] [172600] global_step=172600, grad_norm=5.237006664276123, loss=0.9463266134262085
I0831 22:15:02.426499 139757377230016 spec.py:333] Evaluating on the training split.
I0831 22:15:11.627892 139757377230016 spec.py:346] Evaluating on the validation split.
I0831 22:15:23.803988 139757377230016 spec.py:363] Evaluating on the test split.
I0831 22:15:24.843034 139757377230016 submission_runner.py:516] Time since start: 48535.03s, 	Step: 172658, 	{'train/accuracy': Array(0.94868064, dtype=float32), 'train/loss': Array(0.17847335, dtype=float32), 'validation/accuracy': Array(0.75325996, dtype=float32), 'validation/loss': Array(1.0750405, dtype=float32), 'validation/num_examples': 50000, 'test/accuracy': Array(0.625, dtype=float32), 'test/loss': Array(1.8682417, dtype=float32), 'test/num_examples': 10000, 'score': 47956.8501329422, 'total_duration': 48535.025040864944, 'accumulated_submission_time': 47956.8501329422, 'accumulated_eval_time': 574.862462759018, 'accumulated_logging_time': 1.9537787437438965}
I0831 22:15:25.239940 139540719195904 logging_writer.py:48] [172658] accumulated_eval_time=574.862, accumulated_logging_time=1.95378, accumulated_submission_time=47956.9, global_step=172658, preemption_count=0, score=47956.9, test/accuracy=0.625, test/loss=1.8682416677474976, test/num_examples=10000, total_duration=48535, train/accuracy=0.9486806392669678, train/loss=0.1784733533859253, validation/accuracy=0.7532599568367004, validation/loss=1.0750404596328735, validation/num_examples=50000
I0831 22:15:39.207039 139540727588608 logging_writer.py:48] [172700] global_step=172700, grad_norm=4.9408440589904785, loss=0.8701879382133484
I0831 22:16:23.420623 139540719195904 logging_writer.py:48] [172800] global_step=172800, grad_norm=5.219758033752441, loss=0.9864237904548645
I0831 22:17:07.385926 139540727588608 logging_writer.py:48] [172900] global_step=172900, grad_norm=5.172638416290283, loss=0.9566007256507874
I0831 22:17:50.324565 139540719195904 logging_writer.py:48] [173000] global_step=173000, grad_norm=4.9370574951171875, loss=0.9513857960700989
I0831 22:18:34.628737 139540727588608 logging_writer.py:48] [173100] global_step=173100, grad_norm=5.188773155212402, loss=1.0096964836120605
I0831 22:19:19.675599 139540719195904 logging_writer.py:48] [173200] global_step=173200, grad_norm=5.501114368438721, loss=0.9356459379196167
I0831 22:20:01.595043 139540727588608 logging_writer.py:48] [173300] global_step=173300, grad_norm=5.11478853225708, loss=1.0001646280288696
I0831 22:20:43.691665 139540719195904 logging_writer.py:48] [173400] global_step=173400, grad_norm=4.910259246826172, loss=0.9074640274047852
I0831 22:21:27.294452 139540727588608 logging_writer.py:48] [173500] global_step=173500, grad_norm=5.332563400268555, loss=1.0502313375473022
I0831 22:22:11.368495 139540719195904 logging_writer.py:48] [173600] global_step=173600, grad_norm=4.83388614654541, loss=0.918712854385376
I0831 22:22:55.879478 139540727588608 logging_writer.py:48] [173700] global_step=173700, grad_norm=5.046889781951904, loss=0.9854961633682251
I0831 22:23:39.244450 139540719195904 logging_writer.py:48] [173800] global_step=173800, grad_norm=4.963953018188477, loss=0.9539850354194641
I0831 22:24:22.017191 139540727588608 logging_writer.py:48] [173900] global_step=173900, grad_norm=5.049905300140381, loss=0.8951940536499023
I0831 22:25:05.553579 139540719195904 logging_writer.py:48] [174000] global_step=174000, grad_norm=5.104269027709961, loss=0.9532504677772522
I0831 22:25:49.479288 139540727588608 logging_writer.py:48] [174100] global_step=174100, grad_norm=5.2159504890441895, loss=0.9204903244972229
I0831 22:26:33.289925 139540719195904 logging_writer.py:48] [174200] global_step=174200, grad_norm=5.189445495605469, loss=0.956203281879425
I0831 22:27:17.985832 139540727588608 logging_writer.py:48] [174300] global_step=174300, grad_norm=5.115742206573486, loss=0.996508777141571
I0831 22:28:02.399137 139540719195904 logging_writer.py:48] [174400] global_step=174400, grad_norm=4.756511688232422, loss=0.9150068759918213
I0831 22:28:44.536584 139540727588608 logging_writer.py:48] [174500] global_step=174500, grad_norm=5.12375020980835, loss=0.9469826817512512
I0831 22:29:26.532136 139540719195904 logging_writer.py:48] [174600] global_step=174600, grad_norm=4.859577655792236, loss=0.8403810858726501
I0831 22:30:09.335955 139540727588608 logging_writer.py:48] [174700] global_step=174700, grad_norm=5.153999328613281, loss=0.9412992596626282
I0831 22:30:51.863125 139540719195904 logging_writer.py:48] [174800] global_step=174800, grad_norm=5.2303466796875, loss=0.9529769420623779
I0831 22:31:35.723417 139540727588608 logging_writer.py:48] [174900] global_step=174900, grad_norm=4.8271403312683105, loss=0.8860395550727844
I0831 22:32:19.169567 139540719195904 logging_writer.py:48] [175000] global_step=175000, grad_norm=4.649547100067139, loss=0.877926766872406
I0831 22:33:03.866589 139540727588608 logging_writer.py:48] [175100] global_step=175100, grad_norm=4.99348258972168, loss=0.9112836718559265
I0831 22:33:48.428804 139540719195904 logging_writer.py:48] [175200] global_step=175200, grad_norm=4.849855422973633, loss=0.860894501209259
I0831 22:34:32.848647 139540727588608 logging_writer.py:48] [175300] global_step=175300, grad_norm=5.3136796951293945, loss=0.9717639684677124
I0831 22:35:17.172759 139540719195904 logging_writer.py:48] [175400] global_step=175400, grad_norm=4.770131587982178, loss=0.8488084673881531
I0831 22:36:00.938620 139540727588608 logging_writer.py:48] [175500] global_step=175500, grad_norm=5.07946252822876, loss=0.9661241769790649
I0831 22:36:44.013165 139540719195904 logging_writer.py:48] [175600] global_step=175600, grad_norm=4.938067436218262, loss=0.8713827729225159
I0831 22:37:26.827827 139540727588608 logging_writer.py:48] [175700] global_step=175700, grad_norm=5.037351608276367, loss=0.89052814245224
I0831 22:38:15.321449 139540719195904 logging_writer.py:48] [175800] global_step=175800, grad_norm=5.253012180328369, loss=0.9890425801277161
I0831 22:39:02.658846 139540727588608 logging_writer.py:48] [175900] global_step=175900, grad_norm=5.051004886627197, loss=0.8687795400619507
I0831 22:39:49.262048 139540719195904 logging_writer.py:48] [176000] global_step=176000, grad_norm=4.952812194824219, loss=0.9004449844360352
I0831 22:40:37.024426 139540727588608 logging_writer.py:48] [176100] global_step=176100, grad_norm=4.972234725952148, loss=0.922723650932312
I0831 22:41:29.449959 139540719195904 logging_writer.py:48] [176200] global_step=176200, grad_norm=4.981405258178711, loss=0.9230483770370483
I0831 22:42:22.373697 139540727588608 logging_writer.py:48] [176300] global_step=176300, grad_norm=5.3722734451293945, loss=0.9524778127670288
I0831 22:43:14.325342 139540719195904 logging_writer.py:48] [176400] global_step=176400, grad_norm=5.10913610458374, loss=0.9017881155014038
I0831 22:44:05.960836 139540727588608 logging_writer.py:48] [176500] global_step=176500, grad_norm=4.788115978240967, loss=0.8571447730064392
I0831 22:44:57.280666 139540719195904 logging_writer.py:48] [176600] global_step=176600, grad_norm=5.1439433097839355, loss=0.9455742835998535
I0831 22:45:47.660436 139540727588608 logging_writer.py:48] [176700] global_step=176700, grad_norm=5.3004302978515625, loss=0.9719034433364868
I0831 22:46:35.206265 139540719195904 logging_writer.py:48] [176800] global_step=176800, grad_norm=4.894039630889893, loss=0.8853162527084351
I0831 22:47:24.656785 139540727588608 logging_writer.py:48] [176900] global_step=176900, grad_norm=5.391083240509033, loss=0.9754825830459595
I0831 22:48:11.102854 139540719195904 logging_writer.py:48] [177000] global_step=177000, grad_norm=4.900680065155029, loss=0.9589104652404785
I0831 22:48:40.942126 139757377230016 spec.py:333] Evaluating on the training split.
I0831 22:48:49.969277 139757377230016 spec.py:346] Evaluating on the validation split.
I0831 22:49:02.287639 139757377230016 spec.py:363] Evaluating on the test split.
I0831 22:49:03.344027 139757377230016 submission_runner.py:516] Time since start: 50553.52s, 	Step: 177063, 	{'train/accuracy': Array(0.9486607, dtype=float32), 'train/loss': Array(0.17960994, dtype=float32), 'validation/accuracy': Array(0.7531, dtype=float32), 'validation/loss': Array(1.074318, dtype=float32), 'validation/num_examples': 50000, 'test/accuracy': Array(0.62600005, dtype=float32), 'test/loss': Array(1.8686966, dtype=float32), 'test/num_examples': 10000, 'score': 49952.47198367119, 'total_duration': 50553.51904273033, 'accumulated_submission_time': 49952.47198367119, 'accumulated_eval_time': 597.1016075611115, 'accumulated_logging_time': 2.3890323638916016}
I0831 22:49:03.744482 139540727588608 logging_writer.py:48] [177063] accumulated_eval_time=597.102, accumulated_logging_time=2.38903, accumulated_submission_time=49952.5, global_step=177063, preemption_count=0, score=49952.5, test/accuracy=0.6260000467300415, test/loss=1.8686965703964233, test/num_examples=10000, total_duration=50553.5, train/accuracy=0.948660671710968, train/loss=0.17960993945598602, validation/accuracy=0.7530999779701233, validation/loss=1.0743180513381958, validation/num_examples=50000
I0831 22:49:15.552106 139540719195904 logging_writer.py:48] [177100] global_step=177100, grad_norm=5.0831379890441895, loss=0.8729996681213379
I0831 22:50:04.003920 139540727588608 logging_writer.py:48] [177200] global_step=177200, grad_norm=5.064516544342041, loss=0.9893490672111511
I0831 22:50:50.799000 139540719195904 logging_writer.py:48] [177300] global_step=177300, grad_norm=5.158038139343262, loss=0.9798438549041748
I0831 22:51:36.344662 139540727588608 logging_writer.py:48] [177400] global_step=177400, grad_norm=4.817814826965332, loss=0.8882734775543213
I0831 22:52:23.379956 139540719195904 logging_writer.py:48] [177500] global_step=177500, grad_norm=5.0585246086120605, loss=0.9602863788604736
I0831 22:53:08.817725 139540727588608 logging_writer.py:48] [177600] global_step=177600, grad_norm=5.078489303588867, loss=1.0060944557189941
I0831 22:53:55.515661 139540719195904 logging_writer.py:48] [177700] global_step=177700, grad_norm=5.125731945037842, loss=0.9528493285179138
I0831 22:54:41.524550 139540727588608 logging_writer.py:48] [177800] global_step=177800, grad_norm=5.323104381561279, loss=0.9729431867599487
I0831 22:55:26.592607 139540719195904 logging_writer.py:48] [177900] global_step=177900, grad_norm=5.591817855834961, loss=1.1219244003295898
I0831 22:56:09.626986 139540727588608 logging_writer.py:48] [178000] global_step=178000, grad_norm=5.024587631225586, loss=0.947258710861206
I0831 22:56:53.604487 139540719195904 logging_writer.py:48] [178100] global_step=178100, grad_norm=5.032771587371826, loss=0.926495373249054
I0831 22:57:37.575162 139540727588608 logging_writer.py:48] [178200] global_step=178200, grad_norm=4.8738508224487305, loss=0.8688822388648987
I0831 22:58:19.548547 139540719195904 logging_writer.py:48] [178300] global_step=178300, grad_norm=5.066472053527832, loss=0.9636494517326355
I0831 22:59:01.154452 139540727588608 logging_writer.py:48] [178400] global_step=178400, grad_norm=4.828902244567871, loss=0.8653801679611206
I0831 22:59:43.291198 139540719195904 logging_writer.py:48] [178500] global_step=178500, grad_norm=5.3049726486206055, loss=0.9175033569335938
I0831 23:00:26.946721 139540727588608 logging_writer.py:48] [178600] global_step=178600, grad_norm=5.098486423492432, loss=0.9334414601325989
I0831 23:01:10.268186 139540719195904 logging_writer.py:48] [178700] global_step=178700, grad_norm=5.105940818786621, loss=0.9509732723236084
I0831 23:01:52.325585 139540727588608 logging_writer.py:48] [178800] global_step=178800, grad_norm=4.982105255126953, loss=0.9802786111831665
I0831 23:02:36.266330 139540719195904 logging_writer.py:48] [178900] global_step=178900, grad_norm=5.475265979766846, loss=1.0458036661148071
I0831 23:03:19.389785 139540727588608 logging_writer.py:48] [179000] global_step=179000, grad_norm=5.247165203094482, loss=0.9071815013885498
I0831 23:04:04.285653 139540719195904 logging_writer.py:48] [179100] global_step=179100, grad_norm=5.049513339996338, loss=0.9646730422973633
I0831 23:04:45.924298 139540727588608 logging_writer.py:48] [179200] global_step=179200, grad_norm=4.897809982299805, loss=0.8885094523429871
I0831 23:05:30.429682 139540719195904 logging_writer.py:48] [179300] global_step=179300, grad_norm=4.870821475982666, loss=0.9540774822235107
I0831 23:06:15.405400 139540727588608 logging_writer.py:48] [179400] global_step=179400, grad_norm=5.36308479309082, loss=1.0525953769683838
I0831 23:06:59.745378 139540719195904 logging_writer.py:48] [179500] global_step=179500, grad_norm=4.866727828979492, loss=0.8450534343719482
I0831 23:07:43.892472 139540727588608 logging_writer.py:48] [179600] global_step=179600, grad_norm=5.078181266784668, loss=0.9708400368690491
I0831 23:08:28.085355 139540719195904 logging_writer.py:48] [179700] global_step=179700, grad_norm=5.070951461791992, loss=0.8997238874435425
I0831 23:09:10.949957 139540727588608 logging_writer.py:48] [179800] global_step=179800, grad_norm=5.224216461181641, loss=0.98350590467453
I0831 23:09:52.120793 139540719195904 logging_writer.py:48] [179900] global_step=179900, grad_norm=4.855395793914795, loss=0.9756488800048828
I0831 23:10:35.185401 139540727588608 logging_writer.py:48] [180000] global_step=180000, grad_norm=4.952844142913818, loss=0.8926187753677368
I0831 23:11:17.184155 139540719195904 logging_writer.py:48] [180100] global_step=180100, grad_norm=5.116673946380615, loss=0.8991693258285522
I0831 23:12:02.787490 139540727588608 logging_writer.py:48] [180200] global_step=180200, grad_norm=5.096442699432373, loss=0.9224395751953125
I0831 23:12:46.362941 139540719195904 logging_writer.py:48] [180300] global_step=180300, grad_norm=4.917977809906006, loss=0.920380175113678
I0831 23:13:30.046230 139540727588608 logging_writer.py:48] [180400] global_step=180400, grad_norm=5.192338943481445, loss=0.945069432258606
I0831 23:14:13.167749 139540719195904 logging_writer.py:48] [180500] global_step=180500, grad_norm=4.633719444274902, loss=0.8726009130477905
I0831 23:14:57.148041 139540727588608 logging_writer.py:48] [180600] global_step=180600, grad_norm=5.154436111450195, loss=0.9764580726623535
I0831 23:15:41.952921 139540719195904 logging_writer.py:48] [180700] global_step=180700, grad_norm=5.0797834396362305, loss=0.8806819915771484
I0831 23:16:26.124856 139540727588608 logging_writer.py:48] [180800] global_step=180800, grad_norm=5.229189872741699, loss=0.9755882620811462
I0831 23:17:09.560934 139540719195904 logging_writer.py:48] [180900] global_step=180900, grad_norm=4.8038434982299805, loss=0.8953627943992615
I0831 23:17:53.677773 139540727588608 logging_writer.py:48] [181000] global_step=181000, grad_norm=4.83842134475708, loss=0.8455545902252197
I0831 23:18:37.012009 139540719195904 logging_writer.py:48] [181100] global_step=181100, grad_norm=5.175807952880859, loss=0.9235392808914185
I0831 23:19:20.869152 139540727588608 logging_writer.py:48] [181200] global_step=181200, grad_norm=4.86659574508667, loss=0.8268725872039795
I0831 23:20:03.684798 139540719195904 logging_writer.py:48] [181300] global_step=181300, grad_norm=4.944614887237549, loss=0.9143164157867432
I0831 23:20:49.242789 139540727588608 logging_writer.py:48] [181400] global_step=181400, grad_norm=5.105677604675293, loss=0.9457405805587769
I0831 23:21:34.934571 139540719195904 logging_writer.py:48] [181500] global_step=181500, grad_norm=4.892510414123535, loss=0.9019402265548706
I0831 23:22:19.241430 139757377230016 spec.py:333] Evaluating on the training split.
I0831 23:22:28.328105 139757377230016 spec.py:346] Evaluating on the validation split.
I0831 23:22:58.092314 139757377230016 spec.py:363] Evaluating on the test split.
I0831 23:22:59.179601 139757377230016 submission_runner.py:516] Time since start: 52589.32s, 	Step: 181600, 	{'train/accuracy': Array(0.9502152, dtype=float32), 'train/loss': Array(0.17258252, dtype=float32), 'validation/accuracy': Array(0.75378, dtype=float32), 'validation/loss': Array(1.0762789, dtype=float32), 'validation/num_examples': 50000, 'test/accuracy': Array(0.62560004, dtype=float32), 'test/loss': Array(1.8692299, dtype=float32), 'test/num_examples': 10000, 'score': 51947.90822029114, 'total_duration': 52589.320518255234, 'accumulated_submission_time': 51947.90822029114, 'accumulated_eval_time': 636.8429207801819, 'accumulated_logging_time': 2.812356948852539}
I0831 23:22:59.650064 139540727588608 logging_writer.py:48] [181600] accumulated_eval_time=636.843, accumulated_logging_time=2.81236, accumulated_submission_time=51947.9, global_step=181600, preemption_count=0, score=51947.9, test/accuracy=0.6256000399589539, test/loss=1.8692299127578735, test/num_examples=10000, total_duration=52589.3, train/accuracy=0.950215220451355, train/loss=0.17258252203464508, validation/accuracy=0.7537800073623657, validation/loss=1.0762789249420166, validation/num_examples=50000
I0831 23:22:59.961926 139540719195904 logging_writer.py:48] [181600] global_step=181600, grad_norm=5.3622846603393555, loss=0.9922167658805847
I0831 23:23:41.043959 139540727588608 logging_writer.py:48] [181700] global_step=181700, grad_norm=4.872025966644287, loss=0.9277018308639526
I0831 23:24:28.741724 139540719195904 logging_writer.py:48] [181800] global_step=181800, grad_norm=5.053481101989746, loss=0.8754605054855347
I0831 23:25:17.453391 139540727588608 logging_writer.py:48] [181900] global_step=181900, grad_norm=5.119720935821533, loss=0.9404197335243225
I0831 23:26:05.551848 139540719195904 logging_writer.py:48] [182000] global_step=182000, grad_norm=4.961014270782471, loss=0.9360740780830383
I0831 23:26:54.531404 139540727588608 logging_writer.py:48] [182100] global_step=182100, grad_norm=5.327876091003418, loss=1.0008430480957031
I0831 23:27:43.267859 139540719195904 logging_writer.py:48] [182200] global_step=182200, grad_norm=4.836642742156982, loss=0.8613523840904236
I0831 23:28:29.235894 139540727588608 logging_writer.py:48] [182300] global_step=182300, grad_norm=4.949620246887207, loss=0.9395437240600586
I0831 23:29:15.248088 139540719195904 logging_writer.py:48] [182400] global_step=182400, grad_norm=5.1615824699401855, loss=0.9757777452468872
I0831 23:30:03.448201 139540727588608 logging_writer.py:48] [182500] global_step=182500, grad_norm=4.949434757232666, loss=0.9301069974899292
I0831 23:30:49.678436 139540719195904 logging_writer.py:48] [182600] global_step=182600, grad_norm=5.127139091491699, loss=0.945297122001648
I0831 23:31:36.585882 139540727588608 logging_writer.py:48] [182700] global_step=182700, grad_norm=4.730690956115723, loss=0.8639365434646606
I0831 23:32:23.365235 139540719195904 logging_writer.py:48] [182800] global_step=182800, grad_norm=5.299928188323975, loss=1.0132122039794922
I0831 23:33:08.729767 139540727588608 logging_writer.py:48] [182900] global_step=182900, grad_norm=5.237121105194092, loss=0.9050325155258179
I0831 23:33:52.941699 139540719195904 logging_writer.py:48] [183000] global_step=183000, grad_norm=5.451279163360596, loss=0.9576146602630615
I0831 23:34:36.415539 139540727588608 logging_writer.py:48] [183100] global_step=183100, grad_norm=4.809786319732666, loss=0.8077584505081177
I0831 23:35:21.548435 139540719195904 logging_writer.py:48] [183200] global_step=183200, grad_norm=4.993740558624268, loss=0.9438604712486267
I0831 23:36:06.331710 139540727588608 logging_writer.py:48] [183300] global_step=183300, grad_norm=5.27506685256958, loss=0.9869638681411743
I0831 23:36:49.812130 139540719195904 logging_writer.py:48] [183400] global_step=183400, grad_norm=5.384955406188965, loss=1.045977234840393
I0831 23:37:34.656703 139540727588608 logging_writer.py:48] [183500] global_step=183500, grad_norm=5.10580587387085, loss=0.9955980777740479
I0831 23:38:19.319051 139540719195904 logging_writer.py:48] [183600] global_step=183600, grad_norm=5.012576103210449, loss=0.9461967945098877
I0831 23:39:03.887245 139540727588608 logging_writer.py:48] [183700] global_step=183700, grad_norm=5.064459800720215, loss=0.8691977262496948
I0831 23:39:48.328100 139540719195904 logging_writer.py:48] [183800] global_step=183800, grad_norm=5.154045581817627, loss=0.9867819547653198
I0831 23:40:30.876438 139540727588608 logging_writer.py:48] [183900] global_step=183900, grad_norm=5.3183159828186035, loss=1.0325847864151
I0831 23:41:18.062930 139540719195904 logging_writer.py:48] [184000] global_step=184000, grad_norm=5.2383527755737305, loss=0.960383415222168
I0831 23:42:03.118319 139540727588608 logging_writer.py:48] [184100] global_step=184100, grad_norm=5.278375625610352, loss=0.9775615930557251
I0831 23:42:44.710427 139540719195904 logging_writer.py:48] [184200] global_step=184200, grad_norm=5.267536640167236, loss=1.0023176670074463
I0831 23:43:26.273338 139540727588608 logging_writer.py:48] [184300] global_step=184300, grad_norm=5.462645530700684, loss=0.9463536739349365
I0831 23:44:09.094367 139540719195904 logging_writer.py:48] [184400] global_step=184400, grad_norm=5.309229850769043, loss=0.9429004192352295
I0831 23:44:51.181596 139540727588608 logging_writer.py:48] [184500] global_step=184500, grad_norm=4.915128231048584, loss=0.9007394909858704
I0831 23:45:34.542451 139540719195904 logging_writer.py:48] [184600] global_step=184600, grad_norm=4.882896423339844, loss=0.865105152130127
I0831 23:46:17.528820 139540727588608 logging_writer.py:48] [184700] global_step=184700, grad_norm=4.902183532714844, loss=0.8582038879394531
I0831 23:47:01.344441 139540719195904 logging_writer.py:48] [184800] global_step=184800, grad_norm=5.1856465339660645, loss=0.9449483752250671
I0831 23:47:44.238795 139540727588608 logging_writer.py:48] [184900] global_step=184900, grad_norm=4.925085544586182, loss=0.9033776521682739
I0831 23:48:28.912796 139540719195904 logging_writer.py:48] [185000] global_step=185000, grad_norm=4.9524736404418945, loss=0.8486440181732178
I0831 23:49:11.468621 139540727588608 logging_writer.py:48] [185100] global_step=185100, grad_norm=5.449380397796631, loss=1.021689534187317
I0831 23:49:55.227444 139540719195904 logging_writer.py:48] [185200] global_step=185200, grad_norm=5.133976459503174, loss=0.9937183260917664
I0831 23:50:39.787231 139540727588608 logging_writer.py:48] [185300] global_step=185300, grad_norm=4.688454627990723, loss=0.8530359268188477
I0831 23:51:22.716017 139540719195904 logging_writer.py:48] [185400] global_step=185400, grad_norm=5.026909828186035, loss=0.8916329145431519
I0831 23:52:04.859393 139540727588608 logging_writer.py:48] [185500] global_step=185500, grad_norm=4.869600296020508, loss=0.8848799467086792
I0831 23:52:48.451534 139540719195904 logging_writer.py:48] [185600] global_step=185600, grad_norm=5.621570587158203, loss=0.9721260070800781
I0831 23:53:32.050875 139540727588608 logging_writer.py:48] [185700] global_step=185700, grad_norm=5.180081367492676, loss=0.8848180770874023
I0831 23:54:15.562083 139540719195904 logging_writer.py:48] [185800] global_step=185800, grad_norm=5.286177158355713, loss=0.961733341217041
I0831 23:55:00.546586 139540727588608 logging_writer.py:48] [185900] global_step=185900, grad_norm=5.363322734832764, loss=0.994147539138794
I0831 23:55:44.397250 139540719195904 logging_writer.py:48] [186000] global_step=186000, grad_norm=4.957035064697266, loss=0.8803666830062866
I0831 23:56:15.247966 139757377230016 spec.py:333] Evaluating on the training split.
I0831 23:56:24.128071 139757377230016 spec.py:346] Evaluating on the validation split.
I0831 23:56:56.036513 139757377230016 spec.py:363] Evaluating on the test split.
I0831 23:56:57.067949 139757377230016 submission_runner.py:516] Time since start: 54627.27s, 	Step: 186073, 	{'train/accuracy': Array(0.9526666, dtype=float32), 'train/loss': Array(0.16909547, dtype=float32), 'validation/accuracy': Array(0.7543, dtype=float32), 'validation/loss': Array(1.0771687, dtype=float32), 'validation/num_examples': 50000, 'test/accuracy': Array(0.62570006, dtype=float32), 'test/loss': Array(1.869183, dtype=float32), 'test/num_examples': 10000, 'score': 53943.446397304535, 'total_duration': 54627.26826930046, 'accumulated_submission_time': 53943.446397304535, 'accumulated_eval_time': 678.5254654884338, 'accumulated_logging_time': 3.305555582046509}
I0831 23:56:57.547911 139540727588608 logging_writer.py:48] [186073] accumulated_eval_time=678.525, accumulated_logging_time=3.30556, accumulated_submission_time=53943.4, global_step=186073, preemption_count=0, score=53943.4, test/accuracy=0.625700056552887, test/loss=1.8691829442977905, test/num_examples=10000, total_duration=54627.3, train/accuracy=0.9526665806770325, train/loss=0.1690954715013504, validation/accuracy=0.7542999982833862, validation/loss=1.0771687030792236, validation/num_examples=50000
I0831 23:57:05.184700 139540719195904 logging_writer.py:48] [186100] global_step=186100, grad_norm=4.806110858917236, loss=0.9289065599441528
I0831 23:57:48.291831 139540727588608 logging_writer.py:48] [186200] global_step=186200, grad_norm=5.501133441925049, loss=0.9749774932861328
I0831 23:58:33.189990 139540719195904 logging_writer.py:48] [186300] global_step=186300, grad_norm=4.9684977531433105, loss=0.9467901587486267
I0831 23:59:17.345969 139540727588608 logging_writer.py:48] [186400] global_step=186400, grad_norm=5.216026782989502, loss=0.8990527987480164
I0901 00:00:02.040801 139540719195904 logging_writer.py:48] [186500] global_step=186500, grad_norm=5.426215171813965, loss=1.0138753652572632
I0901 00:00:46.720521 139540727588608 logging_writer.py:48] [186600] global_step=186600, grad_norm=5.139348030090332, loss=0.9900546073913574
I0901 00:01:29.358174 139540719195904 logging_writer.py:48] [186700] global_step=186700, grad_norm=4.891494274139404, loss=0.9578847289085388
I0901 00:02:12.236941 139540727588608 logging_writer.py:48] [186800] global_step=186800, grad_norm=4.9220733642578125, loss=0.8251274228096008
I0901 00:02:56.707437 139540719195904 logging_writer.py:48] [186900] global_step=186900, grad_norm=5.279429912567139, loss=0.9530755281448364
I0901 00:03:40.131458 139540727588608 logging_writer.py:48] [187000] global_step=187000, grad_norm=4.818136692047119, loss=0.8895902633666992
I0901 00:04:23.860688 139540719195904 logging_writer.py:48] [187100] global_step=187100, grad_norm=5.097135543823242, loss=0.9391963481903076
I0901 00:05:09.072693 139540727588608 logging_writer.py:48] [187200] global_step=187200, grad_norm=5.17567253112793, loss=0.9920602440834045
I0901 00:05:50.844568 139540719195904 logging_writer.py:48] [187300] global_step=187300, grad_norm=4.809934139251709, loss=0.9135873317718506
I0901 00:06:33.995251 139540727588608 logging_writer.py:48] [187400] global_step=187400, grad_norm=5.164144992828369, loss=0.9258674383163452
I0901 00:07:18.489343 139540719195904 logging_writer.py:48] [187500] global_step=187500, grad_norm=5.077635765075684, loss=0.9095540642738342
I0901 00:08:02.640619 139540727588608 logging_writer.py:48] [187600] global_step=187600, grad_norm=5.175909996032715, loss=0.9390788674354553
I0901 00:08:48.927052 139540719195904 logging_writer.py:48] [187700] global_step=187700, grad_norm=5.173511505126953, loss=1.0058075189590454
I0901 00:09:33.440837 139540727588608 logging_writer.py:48] [187800] global_step=187800, grad_norm=5.48660135269165, loss=0.9529780745506287
I0901 00:10:18.843537 139540719195904 logging_writer.py:48] [187900] global_step=187900, grad_norm=5.313019752502441, loss=0.9315965175628662
I0901 00:11:02.663884 139540727588608 logging_writer.py:48] [188000] global_step=188000, grad_norm=5.065371990203857, loss=0.9610649943351746
I0901 00:11:45.652235 139540719195904 logging_writer.py:48] [188100] global_step=188100, grad_norm=5.40680456161499, loss=1.0355916023254395
I0901 00:12:29.517950 139540727588608 logging_writer.py:48] [188200] global_step=188200, grad_norm=4.739466190338135, loss=0.8545449376106262
I0901 00:13:12.551077 139540719195904 logging_writer.py:48] [188300] global_step=188300, grad_norm=5.367391586303711, loss=0.9507479667663574
I0901 00:13:53.890249 139540727588608 logging_writer.py:48] [188400] global_step=188400, grad_norm=5.1487932205200195, loss=0.9922887682914734
I0901 00:14:36.360261 139540719195904 logging_writer.py:48] [188500] global_step=188500, grad_norm=5.186774253845215, loss=1.005993127822876
I0901 00:15:18.441021 139540727588608 logging_writer.py:48] [188600] global_step=188600, grad_norm=5.488479137420654, loss=1.0157907009124756
I0901 00:16:01.847439 139540719195904 logging_writer.py:48] [188700] global_step=188700, grad_norm=5.251500606536865, loss=0.917496383190155
I0901 00:16:44.558152 139540727588608 logging_writer.py:48] [188800] global_step=188800, grad_norm=5.016390800476074, loss=0.8924532532691956
I0901 00:17:27.823493 139540719195904 logging_writer.py:48] [188900] global_step=188900, grad_norm=5.1955413818359375, loss=0.9385728240013123
I0901 00:18:11.886467 139540727588608 logging_writer.py:48] [189000] global_step=189000, grad_norm=5.2858099937438965, loss=1.006028175354004
I0901 00:18:55.100528 139540719195904 logging_writer.py:48] [189100] global_step=189100, grad_norm=5.346923828125, loss=0.957676887512207
I0901 00:19:38.267696 139540727588608 logging_writer.py:48] [189200] global_step=189200, grad_norm=5.20168924331665, loss=0.9643958210945129
I0901 00:20:22.104085 139540719195904 logging_writer.py:48] [189300] global_step=189300, grad_norm=5.363740921020508, loss=0.9793390035629272
I0901 00:21:06.036294 139540727588608 logging_writer.py:48] [189400] global_step=189400, grad_norm=4.697900295257568, loss=0.8371133208274841
I0901 00:21:49.615208 139540719195904 logging_writer.py:48] [189500] global_step=189500, grad_norm=5.039329528808594, loss=0.9119653701782227
I0901 00:22:33.186929 139540727588608 logging_writer.py:48] [189600] global_step=189600, grad_norm=5.306957721710205, loss=0.9534136056900024
I0901 00:23:15.922843 139540719195904 logging_writer.py:48] [189700] global_step=189700, grad_norm=5.466585636138916, loss=0.9276847243309021
I0901 00:23:59.356027 139540727588608 logging_writer.py:48] [189800] global_step=189800, grad_norm=5.132716655731201, loss=0.9183045625686646
I0901 00:24:42.017797 139540719195904 logging_writer.py:48] [189900] global_step=189900, grad_norm=5.483950614929199, loss=1.0313572883605957
I0901 00:25:25.392404 139540727588608 logging_writer.py:48] [190000] global_step=190000, grad_norm=5.038303375244141, loss=0.8895503282546997
I0901 00:26:09.663610 139540719195904 logging_writer.py:48] [190100] global_step=190100, grad_norm=5.241400718688965, loss=0.9587568044662476
I0901 00:26:55.835422 139540727588608 logging_writer.py:48] [190200] global_step=190200, grad_norm=5.140751838684082, loss=0.9453198909759521
I0901 00:27:40.768271 139540719195904 logging_writer.py:48] [190300] global_step=190300, grad_norm=5.034204959869385, loss=0.8800327777862549
I0901 00:28:24.671232 139540727588608 logging_writer.py:48] [190400] global_step=190400, grad_norm=5.27098274230957, loss=0.9857954978942871
I0901 00:29:08.447867 139540719195904 logging_writer.py:48] [190500] global_step=190500, grad_norm=5.048198699951172, loss=0.898148775100708
I0901 00:29:52.244532 139540727588608 logging_writer.py:48] [190600] global_step=190600, grad_norm=4.833571434020996, loss=0.8375513553619385
I0901 00:30:13.154329 139757377230016 spec.py:333] Evaluating on the training split.
I0901 00:30:22.384076 139757377230016 spec.py:346] Evaluating on the validation split.
I0901 00:30:31.785629 139757377230016 spec.py:363] Evaluating on the test split.
I0901 00:30:32.869454 139757377230016 submission_runner.py:516] Time since start: 56643.01s, 	Step: 190646, 	{'train/accuracy': Array(0.9512117, dtype=float32), 'train/loss': Array(0.16966121, dtype=float32), 'validation/accuracy': Array(0.75439996, dtype=float32), 'validation/loss': Array(1.0768428, dtype=float32), 'validation/num_examples': 50000, 'test/accuracy': Array(0.628, dtype=float32), 'test/loss': Array(1.866245, dtype=float32), 'test/num_examples': 10000, 'score': 55938.98239707947, 'total_duration': 56643.01434922218, 'accumulated_submission_time': 55938.98239707947, 'accumulated_eval_time': 698.0477120876312, 'accumulated_logging_time': 3.8167998790740967}
I0901 00:30:33.347449 139540719195904 logging_writer.py:48] [190646] accumulated_eval_time=698.048, accumulated_logging_time=3.8168, accumulated_submission_time=55939, global_step=190646, preemption_count=0, score=55939, test/accuracy=0.628000020980835, test/loss=1.8662450313568115, test/num_examples=10000, total_duration=56643, train/accuracy=0.95121169090271, train/loss=0.16966120898723602, validation/accuracy=0.7543999552726746, validation/loss=1.0768427848815918, validation/num_examples=50000
I0901 00:30:53.192149 139540727588608 logging_writer.py:48] [190700] global_step=190700, grad_norm=5.127620220184326, loss=0.9293397665023804
I0901 00:31:37.116081 139540719195904 logging_writer.py:48] [190800] global_step=190800, grad_norm=5.568716526031494, loss=0.9613124132156372
I0901 00:32:20.834402 139540727588608 logging_writer.py:48] [190900] global_step=190900, grad_norm=5.225732326507568, loss=0.898208737373352
I0901 00:33:04.831553 139540719195904 logging_writer.py:48] [191000] global_step=191000, grad_norm=5.011116027832031, loss=0.9347034692764282
I0901 00:33:49.766974 139540727588608 logging_writer.py:48] [191100] global_step=191100, grad_norm=5.098219871520996, loss=0.9408119916915894
I0901 00:34:34.935952 139540719195904 logging_writer.py:48] [191200] global_step=191200, grad_norm=5.050279140472412, loss=0.9092843532562256
I0901 00:35:18.456201 139540727588608 logging_writer.py:48] [191300] global_step=191300, grad_norm=5.256370544433594, loss=0.984431803226471
I0901 00:36:00.799781 139540719195904 logging_writer.py:48] [191400] global_step=191400, grad_norm=4.946031093597412, loss=0.9383278489112854
I0901 00:36:45.877397 139540727588608 logging_writer.py:48] [191500] global_step=191500, grad_norm=5.294809818267822, loss=0.9330874681472778
I0901 00:37:29.115872 139540719195904 logging_writer.py:48] [191600] global_step=191600, grad_norm=5.085925102233887, loss=0.9546743035316467
I0901 00:38:15.116929 139540727588608 logging_writer.py:48] [191700] global_step=191700, grad_norm=5.306346416473389, loss=0.9143280982971191
I0901 00:39:03.442137 139540719195904 logging_writer.py:48] [191800] global_step=191800, grad_norm=4.930082321166992, loss=0.9501845240592957
I0901 00:39:51.570995 139540727588608 logging_writer.py:48] [191900] global_step=191900, grad_norm=5.524637222290039, loss=0.9391636252403259
I0901 00:40:38.090644 139540719195904 logging_writer.py:48] [192000] global_step=192000, grad_norm=4.993208408355713, loss=0.9396570920944214
I0901 00:41:25.083390 139540727588608 logging_writer.py:48] [192100] global_step=192100, grad_norm=5.270130157470703, loss=0.9398738145828247
I0901 00:42:12.218339 139540719195904 logging_writer.py:48] [192200] global_step=192200, grad_norm=4.768538475036621, loss=0.8741495609283447
I0901 00:42:58.064351 139540727588608 logging_writer.py:48] [192300] global_step=192300, grad_norm=5.068260669708252, loss=0.8781179785728455
I0901 00:43:44.882850 139540719195904 logging_writer.py:48] [192400] global_step=192400, grad_norm=5.169559955596924, loss=0.9626019597053528
I0901 00:44:32.926654 139540727588608 logging_writer.py:48] [192500] global_step=192500, grad_norm=5.09379768371582, loss=0.9447351694107056
I0901 00:45:22.745352 139540719195904 logging_writer.py:48] [192600] global_step=192600, grad_norm=4.940635681152344, loss=0.828417956829071
I0901 00:46:12.294629 139540727588608 logging_writer.py:48] [192700] global_step=192700, grad_norm=5.164623737335205, loss=0.9356380105018616
I0901 00:47:02.840484 139540719195904 logging_writer.py:48] [192800] global_step=192800, grad_norm=5.236565589904785, loss=0.9732014536857605
I0901 00:47:53.835051 139540727588608 logging_writer.py:48] [192900] global_step=192900, grad_norm=5.301437854766846, loss=0.8929015398025513
I0901 00:48:43.059973 139540719195904 logging_writer.py:48] [193000] global_step=193000, grad_norm=5.084157466888428, loss=0.8698699474334717
I0901 00:49:31.368182 139540727588608 logging_writer.py:48] [193100] global_step=193100, grad_norm=5.157122611999512, loss=0.9262804985046387
I0901 00:50:21.990073 139540719195904 logging_writer.py:48] [193200] global_step=193200, grad_norm=4.918476104736328, loss=0.93666672706604
I0901 00:51:12.021564 139540727588608 logging_writer.py:48] [193300] global_step=193300, grad_norm=5.151683807373047, loss=0.9808118343353271
I0901 00:52:03.223154 139540719195904 logging_writer.py:48] [193400] global_step=193400, grad_norm=5.007637977600098, loss=0.8987858891487122
I0901 00:52:53.921513 139540727588608 logging_writer.py:48] [193500] global_step=193500, grad_norm=4.923615455627441, loss=0.876431405544281
I0901 00:53:43.720736 139540719195904 logging_writer.py:48] [193600] global_step=193600, grad_norm=4.978453636169434, loss=0.9031649827957153
I0901 00:54:35.751241 139540727588608 logging_writer.py:48] [193700] global_step=193700, grad_norm=4.623263835906982, loss=0.8179969787597656
I0901 00:55:27.975906 139540719195904 logging_writer.py:48] [193800] global_step=193800, grad_norm=5.20158052444458, loss=0.9650880694389343
I0901 00:56:19.006330 139540727588608 logging_writer.py:48] [193900] global_step=193900, grad_norm=5.186981678009033, loss=0.8980474472045898
I0901 00:57:12.231930 139540719195904 logging_writer.py:48] [194000] global_step=194000, grad_norm=5.279059886932373, loss=0.8967748880386353
I0901 00:58:06.581253 139540727588608 logging_writer.py:48] [194100] global_step=194100, grad_norm=5.283215045928955, loss=0.8775998950004578
I0901 00:58:59.284957 139540719195904 logging_writer.py:48] [194200] global_step=194200, grad_norm=5.1260552406311035, loss=0.9229586124420166
I0901 00:59:51.694808 139540727588608 logging_writer.py:48] [194300] global_step=194300, grad_norm=5.099612236022949, loss=0.8545802235603333
I0901 01:00:45.259344 139540719195904 logging_writer.py:48] [194400] global_step=194400, grad_norm=5.280905723571777, loss=0.9352467060089111
I0901 01:01:39.665056 139540727588608 logging_writer.py:48] [194500] global_step=194500, grad_norm=5.153232574462891, loss=0.9404498934745789
I0901 01:02:33.415260 139540719195904 logging_writer.py:48] [194600] global_step=194600, grad_norm=5.155026435852051, loss=0.8865392208099365
I0901 01:03:25.168556 139540727588608 logging_writer.py:48] [194700] global_step=194700, grad_norm=5.160574436187744, loss=0.9380514025688171
I0901 01:03:49.011809 139757377230016 spec.py:333] Evaluating on the training split.
I0901 01:03:58.145688 139757377230016 spec.py:346] Evaluating on the validation split.
I0901 01:04:30.979604 139757377230016 spec.py:363] Evaluating on the test split.
I0901 01:04:32.055564 139757377230016 submission_runner.py:516] Time since start: 58682.21s, 	Step: 194747, 	{'train/accuracy': Array(0.95336413, dtype=float32), 'train/loss': Array(0.16278976, dtype=float32), 'validation/accuracy': Array(0.75426, dtype=float32), 'validation/loss': Array(1.0784762, dtype=float32), 'validation/num_examples': 50000, 'test/accuracy': Array(0.62960005, dtype=float32), 'test/loss': Array(1.8696264, dtype=float32), 'test/num_examples': 10000, 'score': 57934.57347178459, 'total_duration': 58682.21131968498, 'accumulated_submission_time': 57934.57347178459, 'accumulated_eval_time': 740.9094491004944, 'accumulated_logging_time': 4.328880071640015}
I0901 01:04:32.653004 139540719195904 logging_writer.py:48] [194747] accumulated_eval_time=740.909, accumulated_logging_time=4.32888, accumulated_submission_time=57934.6, global_step=194747, preemption_count=0, score=57934.6, test/accuracy=0.6296000480651855, test/loss=1.8696264028549194, test/num_examples=10000, total_duration=58682.2, train/accuracy=0.9533641338348389, train/loss=0.16278976202011108, validation/accuracy=0.7542600035667419, validation/loss=1.0784761905670166, validation/num_examples=50000
I0901 01:04:54.550012 139540727588608 logging_writer.py:48] [194800] global_step=194800, grad_norm=4.959506511688232, loss=0.9924591779708862
I0901 01:05:48.115687 139540719195904 logging_writer.py:48] [194900] global_step=194900, grad_norm=5.291391372680664, loss=1.0125889778137207
I0901 01:06:43.162376 139540727588608 logging_writer.py:48] [195000] global_step=195000, grad_norm=5.354170799255371, loss=0.9368957877159119
I0901 01:07:36.485148 139540719195904 logging_writer.py:48] [195100] global_step=195100, grad_norm=5.322921276092529, loss=0.9842922687530518
I0901 01:08:31.994592 139540727588608 logging_writer.py:48] [195200] global_step=195200, grad_norm=5.432538032531738, loss=0.9020943641662598
I0901 01:09:25.850913 139540719195904 logging_writer.py:48] [195300] global_step=195300, grad_norm=5.183285236358643, loss=0.8722373843193054
I0901 01:10:19.327868 139540727588608 logging_writer.py:48] [195400] global_step=195400, grad_norm=5.262555122375488, loss=0.9559160470962524
I0901 01:11:12.986704 139540719195904 logging_writer.py:48] [195500] global_step=195500, grad_norm=5.0275654792785645, loss=0.8501360416412354
I0901 01:12:06.012057 139540727588608 logging_writer.py:48] [195600] global_step=195600, grad_norm=5.041245460510254, loss=0.9120882153511047
I0901 01:13:00.018879 139540719195904 logging_writer.py:48] [195700] global_step=195700, grad_norm=5.08549165725708, loss=0.9187383055686951
I0901 01:13:52.292545 139540727588608 logging_writer.py:48] [195800] global_step=195800, grad_norm=4.833141803741455, loss=0.878483772277832
I0901 01:14:43.669051 139540719195904 logging_writer.py:48] [195900] global_step=195900, grad_norm=4.926247596740723, loss=0.8609577417373657
I0901 01:15:36.804445 139540727588608 logging_writer.py:48] [196000] global_step=196000, grad_norm=4.961813926696777, loss=0.9240524768829346
I0901 01:16:27.139338 139540719195904 logging_writer.py:48] [196100] global_step=196100, grad_norm=5.05678653717041, loss=0.8589613437652588
I0901 01:17:19.230715 139540727588608 logging_writer.py:48] [196200] global_step=196200, grad_norm=4.812471866607666, loss=0.8642634153366089
I0901 01:18:10.854696 139540719195904 logging_writer.py:48] [196300] global_step=196300, grad_norm=5.187776565551758, loss=0.9355684518814087
I0901 01:19:02.238332 139540727588608 logging_writer.py:48] [196400] global_step=196400, grad_norm=5.144962787628174, loss=0.907798707485199
I0901 01:19:55.625406 139540719195904 logging_writer.py:48] [196500] global_step=196500, grad_norm=4.840472221374512, loss=0.8996868133544922
I0901 01:20:48.726710 139540727588608 logging_writer.py:48] [196600] global_step=196600, grad_norm=5.287326812744141, loss=0.9462029933929443
I0901 01:21:40.978081 139540719195904 logging_writer.py:48] [196700] global_step=196700, grad_norm=5.30174446105957, loss=0.9596551656723022
I0901 01:22:31.809644 139540727588608 logging_writer.py:48] [196800] global_step=196800, grad_norm=5.1461076736450195, loss=0.8835150003433228
I0901 01:23:23.241791 139540719195904 logging_writer.py:48] [196900] global_step=196900, grad_norm=5.3053364753723145, loss=0.9215296506881714
I0901 01:24:15.340554 139540727588608 logging_writer.py:48] [197000] global_step=197000, grad_norm=5.017614841461182, loss=0.9195653796195984
I0901 01:25:05.879506 139540719195904 logging_writer.py:48] [197100] global_step=197100, grad_norm=5.062988758087158, loss=0.8928728103637695
I0901 01:26:14.057518 139540727588608 logging_writer.py:48] [197200] global_step=197200, grad_norm=5.061221599578857, loss=0.8692669868469238
I0901 01:27:12.021266 139540719195904 logging_writer.py:48] [197300] global_step=197300, grad_norm=5.258443832397461, loss=0.9018350839614868
I0901 01:28:01.495664 139540727588608 logging_writer.py:48] [197400] global_step=197400, grad_norm=5.124149799346924, loss=0.912934422492981
I0901 01:28:54.797966 139540719195904 logging_writer.py:48] [197500] global_step=197500, grad_norm=5.206815242767334, loss=0.9306174516677856
I0901 01:29:46.528371 139540727588608 logging_writer.py:48] [197600] global_step=197600, grad_norm=5.147039890289307, loss=0.9926903247833252
I0901 01:30:40.201736 139540719195904 logging_writer.py:48] [197700] global_step=197700, grad_norm=4.9493279457092285, loss=0.8642858266830444
I0901 01:31:33.473342 139540727588608 logging_writer.py:48] [197800] global_step=197800, grad_norm=5.06521463394165, loss=0.9507614374160767
I0901 01:32:27.248517 139540719195904 logging_writer.py:48] [197900] global_step=197900, grad_norm=5.192773818969727, loss=0.9224342703819275
I0901 01:33:18.744683 139540727588608 logging_writer.py:48] [198000] global_step=198000, grad_norm=5.211413860321045, loss=0.8895381689071655
I0901 01:34:09.962068 139540719195904 logging_writer.py:48] [198100] global_step=198100, grad_norm=5.280054092407227, loss=0.8785617351531982
I0901 01:35:03.547225 139540727588608 logging_writer.py:48] [198200] global_step=198200, grad_norm=4.875807285308838, loss=0.8343443274497986
I0901 01:35:54.596146 139540719195904 logging_writer.py:48] [198300] global_step=198300, grad_norm=5.231433868408203, loss=0.8687576055526733
I0901 01:36:45.800036 139540727588608 logging_writer.py:48] [198400] global_step=198400, grad_norm=5.215671539306641, loss=0.9282453060150146
I0901 01:37:36.418729 139540719195904 logging_writer.py:48] [198500] global_step=198500, grad_norm=5.314788341522217, loss=0.9560633897781372
I0901 01:37:48.365244 139757377230016 spec.py:333] Evaluating on the training split.
I0901 01:37:57.573513 139757377230016 spec.py:346] Evaluating on the validation split.
I0901 01:38:24.670840 139757377230016 spec.py:363] Evaluating on the test split.
I0901 01:38:25.724967 139757377230016 submission_runner.py:516] Time since start: 60715.90s, 	Step: 198524, 	{'train/accuracy': Array(0.95336413, dtype=float32), 'train/loss': Array(0.16411076, dtype=float32), 'validation/accuracy': Array(0.75376, dtype=float32), 'validation/loss': Array(1.0798633, dtype=float32), 'validation/num_examples': 50000, 'test/accuracy': Array(0.62740004, dtype=float32), 'test/loss': Array(1.8716532, dtype=float32), 'test/num_examples': 10000, 'score': 59930.2302134037, 'total_duration': 60715.902230262756, 'accumulated_submission_time': 59930.2302134037, 'accumulated_eval_time': 778.1086664199829, 'accumulated_logging_time': 4.950573444366455}
I0901 01:38:26.174921 139540727588608 logging_writer.py:48] [198524] accumulated_eval_time=778.109, accumulated_logging_time=4.95057, accumulated_submission_time=59930.2, global_step=198524, preemption_count=0, score=59930.2, test/accuracy=0.6274000406265259, test/loss=1.8716531991958618, test/num_examples=10000, total_duration=60715.9, train/accuracy=0.9533641338348389, train/loss=0.16411076486110687, validation/accuracy=0.7537599802017212, validation/loss=1.0798633098602295, validation/num_examples=50000
I0901 01:38:59.338351 139540719195904 logging_writer.py:48] [198600] global_step=198600, grad_norm=5.133052825927734, loss=0.9287529587745667
I0901 01:39:50.431074 139540727588608 logging_writer.py:48] [198700] global_step=198700, grad_norm=5.262856483459473, loss=0.902496874332428
I0901 01:40:42.186250 139540719195904 logging_writer.py:48] [198800] global_step=198800, grad_norm=5.088845252990723, loss=0.9036923050880432
I0901 01:41:33.720593 139540727588608 logging_writer.py:48] [198900] global_step=198900, grad_norm=5.255681991577148, loss=0.8942970037460327
I0901 01:42:28.918137 139540719195904 logging_writer.py:48] [199000] global_step=199000, grad_norm=5.022680759429932, loss=0.8936321139335632
I0901 01:43:21.813764 139540727588608 logging_writer.py:48] [199100] global_step=199100, grad_norm=5.19335412979126, loss=0.953155517578125
I0901 01:44:14.575769 139540719195904 logging_writer.py:48] [199200] global_step=199200, grad_norm=5.160800933837891, loss=0.9213219881057739
I0901 01:45:07.971538 139540727588608 logging_writer.py:48] [199300] global_step=199300, grad_norm=5.307106971740723, loss=0.9299092292785645
I0901 01:46:01.329692 139540719195904 logging_writer.py:48] [199400] global_step=199400, grad_norm=5.286625385284424, loss=1.0115433931350708
I0901 01:46:51.549911 139540727588608 logging_writer.py:48] [199500] global_step=199500, grad_norm=5.439139366149902, loss=0.9880576729774475
I0901 01:47:43.748644 139540719195904 logging_writer.py:48] [199600] global_step=199600, grad_norm=4.751157760620117, loss=0.8068914413452148
I0901 01:48:36.818563 139540727588608 logging_writer.py:48] [199700] global_step=199700, grad_norm=4.882022857666016, loss=0.8971050977706909
I0901 01:49:29.364041 139540719195904 logging_writer.py:48] [199800] global_step=199800, grad_norm=5.326032638549805, loss=0.9369748830795288
I0901 01:50:20.689597 139540727588608 logging_writer.py:48] [199900] global_step=199900, grad_norm=5.408930778503418, loss=0.9897217750549316
I0901 01:51:14.305603 139540719195904 logging_writer.py:48] [200000] global_step=200000, grad_norm=4.966436862945557, loss=0.8214758634567261
I0901 01:52:07.603240 139540727588608 logging_writer.py:48] [200100] global_step=200100, grad_norm=5.4767866134643555, loss=0.9113569259643555
I0901 01:53:02.158096 139540719195904 logging_writer.py:48] [200200] global_step=200200, grad_norm=5.208791732788086, loss=0.9281485676765442
I0901 01:53:56.759009 139540727588608 logging_writer.py:48] [200300] global_step=200300, grad_norm=5.209992408752441, loss=0.8563293218612671
I0901 01:54:49.896495 139540719195904 logging_writer.py:48] [200400] global_step=200400, grad_norm=5.000430583953857, loss=0.9254909753799438
I0901 01:55:41.001586 139540727588608 logging_writer.py:48] [200500] global_step=200500, grad_norm=5.087251663208008, loss=0.9056901931762695
I0901 01:56:30.793543 139540719195904 logging_writer.py:48] [200600] global_step=200600, grad_norm=5.142383575439453, loss=0.9256012439727783
I0901 01:57:24.575695 139540727588608 logging_writer.py:48] [200700] global_step=200700, grad_norm=5.265192031860352, loss=0.9384474158287048
I0901 01:58:15.305890 139540719195904 logging_writer.py:48] [200800] global_step=200800, grad_norm=5.086089134216309, loss=0.8874866962432861
I0901 01:59:06.779576 139540727588608 logging_writer.py:48] [200900] global_step=200900, grad_norm=5.225386142730713, loss=0.908908486366272
I0901 01:59:59.529716 139540719195904 logging_writer.py:48] [201000] global_step=201000, grad_norm=5.085196018218994, loss=0.8600899577140808
I0901 02:00:49.514177 139540727588608 logging_writer.py:48] [201100] global_step=201100, grad_norm=5.9253411293029785, loss=1.0941433906555176
I0901 02:01:40.845766 139540719195904 logging_writer.py:48] [201200] global_step=201200, grad_norm=5.199377059936523, loss=0.8707232475280762
I0901 02:02:32.892002 139540727588608 logging_writer.py:48] [201300] global_step=201300, grad_norm=5.146526336669922, loss=0.9521707892417908
I0901 02:03:25.738438 139540719195904 logging_writer.py:48] [201400] global_step=201400, grad_norm=5.149429798126221, loss=0.9310717582702637
I0901 02:04:19.676191 139540727588608 logging_writer.py:48] [201500] global_step=201500, grad_norm=5.063365936279297, loss=0.84711754322052
I0901 02:05:13.356904 139540719195904 logging_writer.py:48] [201600] global_step=201600, grad_norm=5.153683185577393, loss=0.8930842876434326
I0901 02:06:06.167235 139540727588608 logging_writer.py:48] [201700] global_step=201700, grad_norm=4.991532325744629, loss=0.8199548721313477
I0901 02:06:58.438301 139540719195904 logging_writer.py:48] [201800] global_step=201800, grad_norm=5.295660018920898, loss=0.9175885319709778
I0901 02:07:50.219673 139540727588608 logging_writer.py:48] [201900] global_step=201900, grad_norm=5.51363468170166, loss=0.9488140940666199
I0901 02:08:40.001881 139540719195904 logging_writer.py:48] [202000] global_step=202000, grad_norm=5.1116557121276855, loss=0.9149681329727173
I0901 02:09:31.057461 139540727588608 logging_writer.py:48] [202100] global_step=202100, grad_norm=5.13820219039917, loss=0.9242303967475891
I0901 02:10:22.303673 139540719195904 logging_writer.py:48] [202200] global_step=202200, grad_norm=5.155074119567871, loss=0.9845565557479858
I0901 02:11:12.746314 139540727588608 logging_writer.py:48] [202300] global_step=202300, grad_norm=5.196496963500977, loss=0.908519983291626
I0901 02:11:42.108112 139757377230016 spec.py:333] Evaluating on the training split.
I0901 02:11:51.094230 139757377230016 spec.py:346] Evaluating on the validation split.
I0901 02:12:11.203205 139757377230016 spec.py:363] Evaluating on the test split.
I0901 02:12:12.292357 139757377230016 submission_runner.py:516] Time since start: 62742.43s, 	Step: 202362, 	{'train/accuracy': Array(0.952826, dtype=float32), 'train/loss': Array(0.16415659, dtype=float32), 'validation/accuracy': Array(0.75398, dtype=float32), 'validation/loss': Array(1.0797056, dtype=float32), 'validation/num_examples': 50000, 'test/accuracy': Array(0.62560004, dtype=float32), 'test/loss': Array(1.869789, dtype=float32), 'test/num_examples': 10000, 'score': 61926.093482255936, 'total_duration': 62742.43178105354, 'accumulated_submission_time': 61926.093482255936, 'accumulated_eval_time': 808.0945663452148, 'accumulated_logging_time': 5.439246416091919}
I0901 02:12:12.739629 139540719195904 logging_writer.py:48] [202362] accumulated_eval_time=808.095, accumulated_logging_time=5.43925, accumulated_submission_time=61926.1, global_step=202362, preemption_count=0, score=61926.1, test/accuracy=0.6256000399589539, test/loss=1.8697890043258667, test/num_examples=10000, total_duration=62742.4, train/accuracy=0.9528260231018066, train/loss=0.16415658593177795, validation/accuracy=0.7539799809455872, validation/loss=1.0797055959701538, validation/num_examples=50000
I0901 02:12:26.132725 139540727588608 logging_writer.py:48] [202400] global_step=202400, grad_norm=5.12214469909668, loss=0.8791223764419556
I0901 02:13:17.690087 139540719195904 logging_writer.py:48] [202500] global_step=202500, grad_norm=5.035763740539551, loss=0.8733915090560913
I0901 02:14:08.524564 139540727588608 logging_writer.py:48] [202600] global_step=202600, grad_norm=5.007563591003418, loss=0.8624310493469238
I0901 02:14:59.777591 139540719195904 logging_writer.py:48] [202700] global_step=202700, grad_norm=4.734543800354004, loss=0.8612897992134094
I0901 02:15:51.884085 139540727588608 logging_writer.py:48] [202800] global_step=202800, grad_norm=4.8520188331604, loss=0.8549655079841614
I0901 02:16:41.487578 139540719195904 logging_writer.py:48] [202900] global_step=202900, grad_norm=5.375417232513428, loss=0.9270315170288086
I0901 02:17:31.073872 139540727588608 logging_writer.py:48] [203000] global_step=203000, grad_norm=5.422729015350342, loss=0.9670564532279968
I0901 02:18:20.610375 139540719195904 logging_writer.py:48] [203100] global_step=203100, grad_norm=5.046518325805664, loss=0.9126133918762207
I0901 02:19:10.610336 139540727588608 logging_writer.py:48] [203200] global_step=203200, grad_norm=4.9898834228515625, loss=0.8408831357955933
I0901 02:19:57.997908 139540719195904 logging_writer.py:48] [203300] global_step=203300, grad_norm=4.943655014038086, loss=0.8968619108200073
I0901 02:20:45.293951 139540727588608 logging_writer.py:48] [203400] global_step=203400, grad_norm=4.793455600738525, loss=0.7936607003211975
I0901 02:21:33.041471 139540719195904 logging_writer.py:48] [203500] global_step=203500, grad_norm=5.137630939483643, loss=0.834844708442688
I0901 02:22:19.616274 139540727588608 logging_writer.py:48] [203600] global_step=203600, grad_norm=5.381656169891357, loss=0.8954939842224121
I0901 02:23:07.365447 139540719195904 logging_writer.py:48] [203700] global_step=203700, grad_norm=4.9634904861450195, loss=0.9135277271270752
I0901 02:23:54.935192 139540727588608 logging_writer.py:48] [203800] global_step=203800, grad_norm=4.922464847564697, loss=0.8915773034095764
I0901 02:24:42.733330 139540719195904 logging_writer.py:48] [203900] global_step=203900, grad_norm=4.956044673919678, loss=0.813348114490509
I0901 02:25:31.700823 139540727588608 logging_writer.py:48] [204000] global_step=204000, grad_norm=5.029631614685059, loss=0.8770581483840942
I0901 02:26:19.640208 139540719195904 logging_writer.py:48] [204100] global_step=204100, grad_norm=4.774729251861572, loss=0.8761779069900513
I0901 02:27:08.143625 139540727588608 logging_writer.py:48] [204200] global_step=204200, grad_norm=4.886242389678955, loss=0.8930196166038513
I0901 02:27:56.464912 139540719195904 logging_writer.py:48] [204300] global_step=204300, grad_norm=5.239152908325195, loss=0.9082820415496826
I0901 02:28:47.838387 139540727588608 logging_writer.py:48] [204400] global_step=204400, grad_norm=5.526372909545898, loss=0.9887380599975586
I0901 02:29:39.622215 139540719195904 logging_writer.py:48] [204500] global_step=204500, grad_norm=5.08910608291626, loss=0.9347708225250244
I0901 02:30:27.467578 139540727588608 logging_writer.py:48] [204600] global_step=204600, grad_norm=5.0705742835998535, loss=0.9702394008636475
I0901 02:31:15.044509 139540719195904 logging_writer.py:48] [204700] global_step=204700, grad_norm=5.058753490447998, loss=0.9157432317733765
I0901 02:32:02.479687 139540727588608 logging_writer.py:48] [204800] global_step=204800, grad_norm=5.588639259338379, loss=0.9256415367126465
I0901 02:32:50.411152 139540719195904 logging_writer.py:48] [204900] global_step=204900, grad_norm=5.469030857086182, loss=0.9574636816978455
I0901 02:33:39.015216 139540727588608 logging_writer.py:48] [205000] global_step=205000, grad_norm=5.065751552581787, loss=0.9036242961883545
I0901 02:34:26.734565 139540719195904 logging_writer.py:48] [205100] global_step=205100, grad_norm=5.214702129364014, loss=0.96802818775177
I0901 02:35:15.472491 139540727588608 logging_writer.py:48] [205200] global_step=205200, grad_norm=5.1035003662109375, loss=0.9582258462905884
I0901 02:36:02.307738 139540719195904 logging_writer.py:48] [205300] global_step=205300, grad_norm=5.022372722625732, loss=0.8898489475250244
I0901 02:36:48.118750 139540727588608 logging_writer.py:48] [205400] global_step=205400, grad_norm=4.985965251922607, loss=0.947791337966919
I0901 02:37:31.313429 139540719195904 logging_writer.py:48] [205500] global_step=205500, grad_norm=5.104970932006836, loss=0.8947805166244507
I0901 02:38:17.952832 139540727588608 logging_writer.py:48] [205600] global_step=205600, grad_norm=5.2114667892456055, loss=0.8741760849952698
I0901 02:39:10.297241 139540719195904 logging_writer.py:48] [205700] global_step=205700, grad_norm=5.073029041290283, loss=0.9650536775588989
I0901 02:40:01.567557 139540727588608 logging_writer.py:48] [205800] global_step=205800, grad_norm=4.941241264343262, loss=0.8655140399932861
I0901 02:40:52.775372 139540719195904 logging_writer.py:48] [205900] global_step=205900, grad_norm=4.8720526695251465, loss=0.8863571286201477
I0901 02:41:45.264009 139540727588608 logging_writer.py:48] [206000] global_step=206000, grad_norm=5.331924915313721, loss=0.9609878063201904
I0901 02:42:39.048340 139540719195904 logging_writer.py:48] [206100] global_step=206100, grad_norm=5.245893478393555, loss=0.9630399942398071
I0901 02:43:31.700101 139540727588608 logging_writer.py:48] [206200] global_step=206200, grad_norm=5.190505504608154, loss=0.8632317781448364
I0901 02:44:23.332803 139540719195904 logging_writer.py:48] [206300] global_step=206300, grad_norm=5.197038173675537, loss=0.9479948878288269
I0901 02:45:17.257870 139540727588608 logging_writer.py:48] [206400] global_step=206400, grad_norm=5.357416152954102, loss=0.8937592506408691
I0901 02:45:29.543693 139757377230016 spec.py:333] Evaluating on the training split.
I0901 02:45:38.633274 139757377230016 spec.py:346] Evaluating on the validation split.
I0901 02:46:11.627383 139757377230016 spec.py:363] Evaluating on the test split.
I0901 02:46:12.786642 139757377230016 submission_runner.py:516] Time since start: 64782.86s, 	Step: 206423, 	{'train/accuracy': Array(0.9546197, dtype=float32), 'train/loss': Array(0.15765059, dtype=float32), 'validation/accuracy': Array(0.75356, dtype=float32), 'validation/loss': Array(1.0794744, dtype=float32), 'validation/num_examples': 50000, 'test/accuracy': Array(0.62600005, dtype=float32), 'test/loss': Array(1.8705279, dtype=float32), 'test/num_examples': 10000, 'score': 63922.77934002876, 'total_duration': 64782.85824751854, 'accumulated_submission_time': 63922.77934002876, 'accumulated_eval_time': 851.0713455677032, 'accumulated_logging_time': 5.971511363983154}
I0901 02:46:13.301820 139540719195904 logging_writer.py:48] [206423] accumulated_eval_time=851.071, accumulated_logging_time=5.97151, accumulated_submission_time=63922.8, global_step=206423, preemption_count=0, score=63922.8, test/accuracy=0.6260000467300415, test/loss=1.8705278635025024, test/num_examples=10000, total_duration=64782.9, train/accuracy=0.9546197056770325, train/loss=0.15765058994293213, validation/accuracy=0.7535600066184998, validation/loss=1.0794744491577148, validation/num_examples=50000
I0901 02:46:49.111222 139540727588608 logging_writer.py:48] [206500] global_step=206500, grad_norm=5.202617168426514, loss=0.9641246795654297
I0901 02:47:41.411192 139540719195904 logging_writer.py:48] [206600] global_step=206600, grad_norm=5.029752254486084, loss=0.8831148147583008
I0901 02:48:35.248923 139540727588608 logging_writer.py:48] [206700] global_step=206700, grad_norm=5.016756057739258, loss=0.9199930429458618
I0901 02:49:27.255084 139540719195904 logging_writer.py:48] [206800] global_step=206800, grad_norm=5.523675918579102, loss=1.0044432878494263
I0901 02:50:23.465807 139540727588608 logging_writer.py:48] [206900] global_step=206900, grad_norm=5.0952887535095215, loss=0.866051435470581
I0901 02:51:20.166116 139540719195904 logging_writer.py:48] [207000] global_step=207000, grad_norm=5.325405597686768, loss=0.9375600218772888
I0901 02:52:16.543594 139540727588608 logging_writer.py:48] [207100] global_step=207100, grad_norm=5.393423080444336, loss=0.9074574112892151
I0901 02:53:14.668585 139540719195904 logging_writer.py:48] [207200] global_step=207200, grad_norm=5.411454677581787, loss=0.9517563581466675
I0901 02:54:09.398904 139540727588608 logging_writer.py:48] [207300] global_step=207300, grad_norm=5.204461574554443, loss=0.904299259185791
I0901 02:55:04.280501 139540719195904 logging_writer.py:48] [207400] global_step=207400, grad_norm=5.037196159362793, loss=0.8675855398178101
I0901 02:56:00.617881 139540727588608 logging_writer.py:48] [207500] global_step=207500, grad_norm=4.9890313148498535, loss=0.8920211791992188
I0901 02:56:55.937215 139540719195904 logging_writer.py:48] [207600] global_step=207600, grad_norm=5.3708295822143555, loss=1.002864122390747
I0901 02:57:50.592459 139540727588608 logging_writer.py:48] [207700] global_step=207700, grad_norm=5.073511600494385, loss=0.8668696880340576
I0901 02:58:42.661882 139540719195904 logging_writer.py:48] [207800] global_step=207800, grad_norm=5.0301361083984375, loss=0.8774216175079346
I0901 02:59:36.194826 139540727588608 logging_writer.py:48] [207900] global_step=207900, grad_norm=5.3437981605529785, loss=0.9863861799240112
I0901 03:00:29.255694 139540719195904 logging_writer.py:48] [208000] global_step=208000, grad_norm=5.057969093322754, loss=0.894850492477417
I0901 03:01:20.520169 139540727588608 logging_writer.py:48] [208100] global_step=208100, grad_norm=5.219923496246338, loss=0.9331371784210205
I0901 03:02:13.425932 139540719195904 logging_writer.py:48] [208200] global_step=208200, grad_norm=5.331205368041992, loss=0.8658391237258911
I0901 03:03:03.582855 139540727588608 logging_writer.py:48] [208300] global_step=208300, grad_norm=5.390745162963867, loss=0.9374880194664001
I0901 03:03:54.161593 139540719195904 logging_writer.py:48] [208400] global_step=208400, grad_norm=4.948375225067139, loss=0.8729747533798218
I0901 03:04:44.700158 139540727588608 logging_writer.py:48] [208500] global_step=208500, grad_norm=5.174788951873779, loss=0.8826329708099365
I0901 03:05:36.012768 139540719195904 logging_writer.py:48] [208600] global_step=208600, grad_norm=5.1738600730896, loss=0.9117546081542969
I0901 03:06:27.590649 139540727588608 logging_writer.py:48] [208700] global_step=208700, grad_norm=5.097403526306152, loss=0.825337290763855
I0901 03:07:20.106319 139540719195904 logging_writer.py:48] [208800] global_step=208800, grad_norm=5.044439315795898, loss=0.9232882261276245
I0901 03:08:11.350457 139540727588608 logging_writer.py:48] [208900] global_step=208900, grad_norm=5.175922393798828, loss=0.9277604222297668
I0901 03:09:04.764065 139540719195904 logging_writer.py:48] [209000] global_step=209000, grad_norm=5.394362449645996, loss=0.9403526782989502
I0901 03:09:57.073690 139540727588608 logging_writer.py:48] [209100] global_step=209100, grad_norm=5.283134937286377, loss=0.907479465007782
I0901 03:10:49.620942 139540719195904 logging_writer.py:48] [209200] global_step=209200, grad_norm=5.316646575927734, loss=0.9177913665771484
I0901 03:11:42.524641 139540727588608 logging_writer.py:48] [209300] global_step=209300, grad_norm=5.263253688812256, loss=0.9701597690582275
I0901 03:12:34.581985 139540719195904 logging_writer.py:48] [209400] global_step=209400, grad_norm=5.150289535522461, loss=0.8630836606025696
I0901 03:13:26.007793 139540727588608 logging_writer.py:48] [209500] global_step=209500, grad_norm=5.359416961669922, loss=0.9340381622314453
I0901 03:14:17.037712 139540719195904 logging_writer.py:48] [209600] global_step=209600, grad_norm=5.081257343292236, loss=0.8694079518318176
I0901 03:15:06.503660 139540727588608 logging_writer.py:48] [209700] global_step=209700, grad_norm=5.250353813171387, loss=0.9725810885429382
I0901 03:15:56.844247 139540719195904 logging_writer.py:48] [209800] global_step=209800, grad_norm=4.9578728675842285, loss=0.8607099056243896
I0901 03:16:48.316752 139540727588608 logging_writer.py:48] [209900] global_step=209900, grad_norm=5.009621620178223, loss=0.9333705306053162
I0901 03:17:41.839717 139540719195904 logging_writer.py:48] [210000] global_step=210000, grad_norm=5.106468200683594, loss=0.9120402336120605
I0901 03:18:34.520944 139540727588608 logging_writer.py:48] [210100] global_step=210100, grad_norm=5.289283275604248, loss=0.9164851903915405
I0901 03:19:27.704746 139540719195904 logging_writer.py:48] [210200] global_step=210200, grad_norm=4.926700115203857, loss=0.8902142643928528
I0901 03:19:28.824325 139757377230016 spec.py:333] Evaluating on the training split.
I0901 03:19:37.872931 139757377230016 spec.py:346] Evaluating on the validation split.
I0901 03:20:04.810120 139757377230016 spec.py:363] Evaluating on the test split.
I0901 03:20:05.867012 139757377230016 submission_runner.py:516] Time since start: 66816.04s, 	Step: 210203, 	{'train/accuracy': Array(0.9555166, dtype=float32), 'train/loss': Array(0.15610996, dtype=float32), 'validation/accuracy': Array(0.75497997, dtype=float32), 'validation/loss': Array(1.0815759, dtype=float32), 'validation/num_examples': 50000, 'test/accuracy': Array(0.62740004, dtype=float32), 'test/loss': Array(1.8746012, dtype=float32), 'test/num_examples': 10000, 'score': 65918.245708704, 'total_duration': 66816.03911733627, 'accumulated_submission_time': 65918.245708704, 'accumulated_eval_time': 887.9483625888824, 'accumulated_logging_time': 6.512280464172363}
I0901 03:20:06.284305 139540727588608 logging_writer.py:48] [210203] accumulated_eval_time=887.948, accumulated_logging_time=6.51228, accumulated_submission_time=65918.2, global_step=210203, preemption_count=0, score=65918.2, test/accuracy=0.6274000406265259, test/loss=1.8746012449264526, test/num_examples=10000, total_duration=66816, train/accuracy=0.9555165767669678, train/loss=0.15610995888710022, validation/accuracy=0.7549799680709839, validation/loss=1.081575870513916, validation/num_examples=50000
I0901 03:20:50.026540 139540719195904 logging_writer.py:48] [210300] global_step=210300, grad_norm=5.099100589752197, loss=0.9033666849136353
I0901 03:21:41.471609 139540727588608 logging_writer.py:48] [210400] global_step=210400, grad_norm=4.975542068481445, loss=0.8824818134307861
I0901 03:22:34.061374 139540719195904 logging_writer.py:48] [210500] global_step=210500, grad_norm=4.950562953948975, loss=0.8531773090362549
I0901 03:23:24.450270 139540727588608 logging_writer.py:48] [210600] global_step=210600, grad_norm=5.150694847106934, loss=0.9228275418281555
I0901 03:24:15.651481 139540719195904 logging_writer.py:48] [210700] global_step=210700, grad_norm=5.025702953338623, loss=0.8377450704574585
I0901 03:25:06.200978 139540727588608 logging_writer.py:48] [210800] global_step=210800, grad_norm=5.244544982910156, loss=0.9158619046211243
I0901 03:25:57.274631 139540719195904 logging_writer.py:48] [210900] global_step=210900, grad_norm=4.929859638214111, loss=0.8668630719184875
I0901 03:26:48.221316 139540727588608 logging_writer.py:48] [211000] global_step=211000, grad_norm=5.329727649688721, loss=0.9470930099487305
I0901 03:27:39.206716 139540719195904 logging_writer.py:48] [211100] global_step=211100, grad_norm=5.25602912902832, loss=0.9449210166931152
I0901 03:28:30.584103 139540727588608 logging_writer.py:48] [211200] global_step=211200, grad_norm=5.1287431716918945, loss=0.8842076659202576
I0901 03:29:20.120266 139540719195904 logging_writer.py:48] [211300] global_step=211300, grad_norm=4.756224632263184, loss=0.8511444330215454
I0901 03:30:10.911954 139540727588608 logging_writer.py:48] [211400] global_step=211400, grad_norm=4.828818321228027, loss=0.8599194288253784
I0901 03:31:04.398240 139540719195904 logging_writer.py:48] [211500] global_step=211500, grad_norm=5.161365985870361, loss=0.9285765290260315
I0901 03:31:54.495291 139540727588608 logging_writer.py:48] [211600] global_step=211600, grad_norm=5.312283039093018, loss=0.9032130837440491
I0901 03:32:45.092459 139540719195904 logging_writer.py:48] [211700] global_step=211700, grad_norm=5.247129440307617, loss=0.9516128301620483
I0901 03:33:34.874748 139540727588608 logging_writer.py:48] [211800] global_step=211800, grad_norm=4.607057571411133, loss=0.7894221544265747
I0901 03:34:26.392297 139540719195904 logging_writer.py:48] [211900] global_step=211900, grad_norm=4.869307518005371, loss=0.8642390370368958
I0901 03:35:17.363977 139540727588608 logging_writer.py:48] [212000] global_step=212000, grad_norm=5.008450984954834, loss=0.9228736162185669
I0901 03:36:08.463917 139540719195904 logging_writer.py:48] [212100] global_step=212100, grad_norm=5.093581199645996, loss=0.9539191722869873
I0901 03:36:59.480361 139540727588608 logging_writer.py:48] [212200] global_step=212200, grad_norm=5.203867435455322, loss=0.8432280421257019
I0901 03:37:49.047150 139540719195904 logging_writer.py:48] [212300] global_step=212300, grad_norm=4.9379987716674805, loss=0.8450958728790283
I0901 03:38:38.140240 139540727588608 logging_writer.py:48] [212400] global_step=212400, grad_norm=5.025061130523682, loss=0.8752448558807373
I0901 03:39:29.007641 139540719195904 logging_writer.py:48] [212500] global_step=212500, grad_norm=5.153323650360107, loss=0.9192014932632446
I0901 03:40:18.735784 139540727588608 logging_writer.py:48] [212600] global_step=212600, grad_norm=5.235291481018066, loss=0.8920343518257141
I0901 03:41:10.573628 139540719195904 logging_writer.py:48] [212700] global_step=212700, grad_norm=4.923084259033203, loss=0.9090394973754883
I0901 03:42:01.747575 139540727588608 logging_writer.py:48] [212800] global_step=212800, grad_norm=5.1715545654296875, loss=0.9721049666404724
I0901 03:42:54.378849 139540719195904 logging_writer.py:48] [212900] global_step=212900, grad_norm=5.61404275894165, loss=1.0218350887298584
I0901 03:43:43.873031 139540727588608 logging_writer.py:48] [213000] global_step=213000, grad_norm=5.3892364501953125, loss=0.9390974044799805
I0901 03:44:32.140819 139540719195904 logging_writer.py:48] [213100] global_step=213100, grad_norm=5.290483474731445, loss=0.9249717593193054
I0901 03:45:24.781072 139540727588608 logging_writer.py:48] [213200] global_step=213200, grad_norm=5.246114730834961, loss=0.9054976105690002
I0901 03:46:13.726725 139540719195904 logging_writer.py:48] [213300] global_step=213300, grad_norm=5.045130729675293, loss=0.9203429222106934
I0901 03:47:01.882310 139540727588608 logging_writer.py:48] [213400] global_step=213400, grad_norm=5.1387810707092285, loss=0.9174758195877075
I0901 03:47:52.096464 139540719195904 logging_writer.py:48] [213500] global_step=213500, grad_norm=5.151663303375244, loss=0.8971946239471436
I0901 03:48:42.630128 139540727588608 logging_writer.py:48] [213600] global_step=213600, grad_norm=5.194803714752197, loss=0.8475130200386047
I0901 03:49:31.474825 139540719195904 logging_writer.py:48] [213700] global_step=213700, grad_norm=5.599254608154297, loss=0.9677801132202148
I0901 03:50:21.417097 139540727588608 logging_writer.py:48] [213800] global_step=213800, grad_norm=5.40997314453125, loss=1.0112439393997192
I0901 03:51:14.807210 139540719195904 logging_writer.py:48] [213900] global_step=213900, grad_norm=5.297396183013916, loss=0.943534255027771
I0901 03:52:06.112943 139540727588608 logging_writer.py:48] [214000] global_step=214000, grad_norm=5.11482048034668, loss=0.8433535695075989
I0901 03:52:56.101496 139540719195904 logging_writer.py:48] [214100] global_step=214100, grad_norm=5.192660331726074, loss=0.94236159324646
I0901 03:53:22.202761 139757377230016 spec.py:333] Evaluating on the training split.
I0901 03:53:31.496147 139757377230016 spec.py:346] Evaluating on the validation split.
I0901 03:54:00.051017 139757377230016 spec.py:363] Evaluating on the test split.
I0901 03:54:01.180869 139757377230016 submission_runner.py:516] Time since start: 68851.28s, 	Step: 214153, 	{'train/accuracy': Array(0.95475924, dtype=float32), 'train/loss': Array(0.15814532, dtype=float32), 'validation/accuracy': Array(0.755, dtype=float32), 'validation/loss': Array(1.0817531, dtype=float32), 'validation/num_examples': 50000, 'test/accuracy': Array(0.6273, dtype=float32), 'test/loss': Array(1.8760587, dtype=float32), 'test/num_examples': 10000, 'score': 67914.09925222397, 'total_duration': 68851.28239226341, 'accumulated_submission_time': 67914.09925222397, 'accumulated_eval_time': 926.6902208328247, 'accumulated_logging_time': 6.9625163078308105}
I0901 03:54:01.683430 139540727588608 logging_writer.py:48] [214153] accumulated_eval_time=926.69, accumulated_logging_time=6.96252, accumulated_submission_time=67914.1, global_step=214153, preemption_count=0, score=67914.1, test/accuracy=0.6273000240325928, test/loss=1.8760586977005005, test/num_examples=10000, total_duration=68851.3, train/accuracy=0.9547592401504517, train/loss=0.15814532339572906, validation/accuracy=0.7549999952316284, validation/loss=1.081753134727478, validation/num_examples=50000
I0901 03:54:19.172137 139540719195904 logging_writer.py:48] [214200] global_step=214200, grad_norm=5.291746616363525, loss=0.9927453994750977
I0901 03:55:08.421885 139540727588608 logging_writer.py:48] [214300] global_step=214300, grad_norm=5.602275371551514, loss=1.0039091110229492
I0901 03:55:59.023420 139540719195904 logging_writer.py:48] [214400] global_step=214400, grad_norm=5.197666645050049, loss=0.9371480345726013
I0901 03:56:49.525973 139540727588608 logging_writer.py:48] [214500] global_step=214500, grad_norm=5.17739725112915, loss=0.8985241651535034
I0901 03:57:38.286812 139540719195904 logging_writer.py:48] [214600] global_step=214600, grad_norm=5.16904354095459, loss=0.8873833417892456
I0901 03:58:26.659506 139540727588608 logging_writer.py:48] [214700] global_step=214700, grad_norm=4.8706159591674805, loss=0.9196385145187378
I0901 03:59:16.584637 139540719195904 logging_writer.py:48] [214800] global_step=214800, grad_norm=5.286158561706543, loss=0.948022723197937
I0901 04:00:05.574454 139540727588608 logging_writer.py:48] [214900] global_step=214900, grad_norm=5.207430362701416, loss=0.9499319791793823
I0901 04:00:55.754025 139540719195904 logging_writer.py:48] [215000] global_step=215000, grad_norm=4.990926742553711, loss=0.8281792402267456
I0901 04:01:45.724997 139540727588608 logging_writer.py:48] [215100] global_step=215100, grad_norm=5.149868488311768, loss=0.9357812404632568
I0901 04:02:36.136605 139540719195904 logging_writer.py:48] [215200] global_step=215200, grad_norm=5.248409748077393, loss=0.9625259637832642
I0901 04:03:25.966657 139540727588608 logging_writer.py:48] [215300] global_step=215300, grad_norm=5.1366496086120605, loss=0.8769013285636902
I0901 04:04:15.892117 139540719195904 logging_writer.py:48] [215400] global_step=215400, grad_norm=4.964018821716309, loss=1.0062419176101685
I0901 04:05:04.340402 139540727588608 logging_writer.py:48] [215500] global_step=215500, grad_norm=5.2173566818237305, loss=0.9428892731666565
I0901 04:05:53.880709 139540719195904 logging_writer.py:48] [215600] global_step=215600, grad_norm=4.984160900115967, loss=0.9021590948104858
I0901 04:06:45.272846 139540727588608 logging_writer.py:48] [215700] global_step=215700, grad_norm=4.788780689239502, loss=0.835458517074585
I0901 04:07:33.804284 139540719195904 logging_writer.py:48] [215800] global_step=215800, grad_norm=5.345922470092773, loss=0.9986333250999451
I0901 04:08:22.976335 139540727588608 logging_writer.py:48] [215900] global_step=215900, grad_norm=5.213534832000732, loss=0.9682459831237793
I0901 04:09:11.083518 139540719195904 logging_writer.py:48] [216000] global_step=216000, grad_norm=5.151462554931641, loss=0.8738299608230591
I0901 04:09:58.583831 139540727588608 logging_writer.py:48] [216100] global_step=216100, grad_norm=5.086813449859619, loss=0.9186927080154419
I0901 04:10:45.645851 139540719195904 logging_writer.py:48] [216200] global_step=216200, grad_norm=4.848623752593994, loss=0.8761664628982544
I0901 04:11:33.411433 139540727588608 logging_writer.py:48] [216300] global_step=216300, grad_norm=5.241093158721924, loss=0.9542791247367859
I0901 04:12:21.104605 139540719195904 logging_writer.py:48] [216400] global_step=216400, grad_norm=5.07101583480835, loss=0.9185527563095093
I0901 04:13:11.579288 139540727588608 logging_writer.py:48] [216500] global_step=216500, grad_norm=4.984597682952881, loss=0.8720291256904602
I0901 04:13:59.456171 139540719195904 logging_writer.py:48] [216600] global_step=216600, grad_norm=5.314583778381348, loss=0.9751672744750977
I0901 04:14:49.419238 139540727588608 logging_writer.py:48] [216700] global_step=216700, grad_norm=5.466006755828857, loss=0.9345518946647644
I0901 04:15:38.077586 139540719195904 logging_writer.py:48] [216800] global_step=216800, grad_norm=4.942784786224365, loss=0.8965688347816467
I0901 04:16:28.309942 139540727588608 logging_writer.py:48] [216900] global_step=216900, grad_norm=5.509568691253662, loss=0.9572007656097412
I0901 04:17:18.677536 139540719195904 logging_writer.py:48] [217000] global_step=217000, grad_norm=5.091160774230957, loss=0.8252366781234741
I0901 04:18:08.240264 139540727588608 logging_writer.py:48] [217100] global_step=217100, grad_norm=5.339501857757568, loss=0.9927040338516235
I0901 04:18:57.472813 139540719195904 logging_writer.py:48] [217200] global_step=217200, grad_norm=5.141698837280273, loss=0.8244807720184326
I0901 04:19:44.286229 139540727588608 logging_writer.py:48] [217300] global_step=217300, grad_norm=5.125891208648682, loss=0.8821707963943481
I0901 04:20:31.100716 139540719195904 logging_writer.py:48] [217400] global_step=217400, grad_norm=5.215120315551758, loss=0.9937551021575928
I0901 04:21:19.136990 139540727588608 logging_writer.py:48] [217500] global_step=217500, grad_norm=5.033257007598877, loss=0.9200013875961304
I0901 04:22:05.212984 139540719195904 logging_writer.py:48] [217600] global_step=217600, grad_norm=5.248668670654297, loss=0.9175803661346436
I0901 04:22:53.942009 139540727588608 logging_writer.py:48] [217700] global_step=217700, grad_norm=5.173306941986084, loss=0.9010351896286011
I0901 04:23:42.524721 139540719195904 logging_writer.py:48] [217800] global_step=217800, grad_norm=5.019108772277832, loss=0.8735446929931641
I0901 04:24:30.690829 139540727588608 logging_writer.py:48] [217900] global_step=217900, grad_norm=5.224678039550781, loss=0.9725149869918823
I0901 04:25:17.534569 139540719195904 logging_writer.py:48] [218000] global_step=218000, grad_norm=4.983287334442139, loss=0.8336320519447327
I0901 04:26:04.204361 139540727588608 logging_writer.py:48] [218100] global_step=218100, grad_norm=5.2645697593688965, loss=0.9488639235496521
I0901 04:26:52.205862 139540719195904 logging_writer.py:48] [218200] global_step=218200, grad_norm=5.136441230773926, loss=0.9232617020606995
I0901 04:27:17.212783 139757377230016 spec.py:333] Evaluating on the training split.
I0901 04:27:26.374823 139757377230016 spec.py:346] Evaluating on the validation split.
I0901 04:27:55.670266 139757377230016 spec.py:363] Evaluating on the test split.
I0901 04:27:56.726056 139757377230016 submission_runner.py:516] Time since start: 70886.90s, 	Step: 218254, 	{'train/accuracy': Array(0.9552176, dtype=float32), 'train/loss': Array(0.1577096, dtype=float32), 'validation/accuracy': Array(0.75531995, dtype=float32), 'validation/loss': Array(1.0797553, dtype=float32), 'validation/num_examples': 50000, 'test/accuracy': Array(0.6268, dtype=float32), 'test/loss': Array(1.8753902, dtype=float32), 'test/num_examples': 10000, 'score': 69909.51558828354, 'total_duration': 70886.89947223663, 'accumulated_submission_time': 69909.51558828354, 'accumulated_eval_time': 966.0391397476196, 'accumulated_logging_time': 7.543886661529541}
I0901 04:27:57.180701 139540727588608 logging_writer.py:48] [218254] accumulated_eval_time=966.039, accumulated_logging_time=7.54389, accumulated_submission_time=69909.5, global_step=218254, preemption_count=0, score=69909.5, test/accuracy=0.626800000667572, test/loss=1.8753901720046997, test/num_examples=10000, total_duration=70886.9, train/accuracy=0.9552175998687744, train/loss=0.15770959854125977, validation/accuracy=0.7553199529647827, validation/loss=1.0797553062438965, validation/num_examples=50000
I0901 04:28:13.955512 139540719195904 logging_writer.py:48] [218300] global_step=218300, grad_norm=5.42689847946167, loss=0.9464742541313171
I0901 04:29:00.325412 139540727588608 logging_writer.py:48] [218400] global_step=218400, grad_norm=5.34384822845459, loss=0.9770093560218811
I0901 04:29:46.040627 139540719195904 logging_writer.py:48] [218500] global_step=218500, grad_norm=4.801495552062988, loss=0.8362554907798767
I0901 04:30:33.299871 139540727588608 logging_writer.py:48] [218600] global_step=218600, grad_norm=4.985342979431152, loss=0.8454725742340088
I0901 04:31:21.228797 139540719195904 logging_writer.py:48] [218700] global_step=218700, grad_norm=5.232139587402344, loss=0.9690248966217041
I0901 04:32:08.005173 139540727588608 logging_writer.py:48] [218800] global_step=218800, grad_norm=5.334331512451172, loss=0.9308943748474121
I0901 04:32:55.718551 139540719195904 logging_writer.py:48] [218900] global_step=218900, grad_norm=4.996484756469727, loss=0.8513368368148804
I0901 04:33:44.281551 139540727588608 logging_writer.py:48] [219000] global_step=219000, grad_norm=4.8881378173828125, loss=0.8675321340560913
I0901 04:34:31.863298 139540719195904 logging_writer.py:48] [219100] global_step=219100, grad_norm=4.959918022155762, loss=0.871385931968689
I0901 04:35:18.080663 139540727588608 logging_writer.py:48] [219200] global_step=219200, grad_norm=5.261718273162842, loss=0.9448763132095337
I0901 04:36:04.777388 139540719195904 logging_writer.py:48] [219300] global_step=219300, grad_norm=5.069844722747803, loss=0.9205812215805054
I0901 04:36:53.694897 139540727588608 logging_writer.py:48] [219400] global_step=219400, grad_norm=5.372315406799316, loss=0.9106943011283875
I0901 04:37:40.487114 139540719195904 logging_writer.py:48] [219500] global_step=219500, grad_norm=4.93790864944458, loss=0.834879994392395
I0901 04:38:26.593497 139540727588608 logging_writer.py:48] [219600] global_step=219600, grad_norm=4.809520244598389, loss=0.8052026033401489
I0901 04:39:12.096269 139540719195904 logging_writer.py:48] [219700] global_step=219700, grad_norm=5.252195835113525, loss=0.9424095153808594
I0901 04:39:56.615804 139540727588608 logging_writer.py:48] [219800] global_step=219800, grad_norm=5.2140045166015625, loss=0.9356333017349243
I0901 04:40:42.652881 139540719195904 logging_writer.py:48] [219900] global_step=219900, grad_norm=4.8710479736328125, loss=0.8536181449890137
I0901 04:41:29.078588 139540727588608 logging_writer.py:48] [220000] global_step=220000, grad_norm=5.391149520874023, loss=0.9055112600326538
I0901 04:42:16.538896 139540719195904 logging_writer.py:48] [220100] global_step=220100, grad_norm=5.365960597991943, loss=0.9856511354446411
I0901 04:43:04.664084 139540727588608 logging_writer.py:48] [220200] global_step=220200, grad_norm=5.106783390045166, loss=0.9476877450942993
I0901 04:43:51.158096 139540719195904 logging_writer.py:48] [220300] global_step=220300, grad_norm=5.1661787033081055, loss=0.8866358995437622
I0901 04:44:36.429673 139540727588608 logging_writer.py:48] [220400] global_step=220400, grad_norm=5.129538536071777, loss=0.816411018371582
I0901 04:45:21.383845 139540719195904 logging_writer.py:48] [220500] global_step=220500, grad_norm=5.283844947814941, loss=0.9678705930709839
I0901 04:46:04.471638 139540727588608 logging_writer.py:48] [220600] global_step=220600, grad_norm=5.321647644042969, loss=0.941784679889679
I0901 04:46:49.431219 139540719195904 logging_writer.py:48] [220700] global_step=220700, grad_norm=5.2305521965026855, loss=0.9197605848312378
I0901 04:47:34.157876 139540727588608 logging_writer.py:48] [220800] global_step=220800, grad_norm=4.89666748046875, loss=0.8537352681159973
I0901 04:48:17.805288 139540719195904 logging_writer.py:48] [220900] global_step=220900, grad_norm=5.252561092376709, loss=0.9207080602645874
I0901 04:49:01.668576 139540727588608 logging_writer.py:48] [221000] global_step=221000, grad_norm=4.995283126831055, loss=0.9387847781181335
I0901 04:49:44.299897 139540719195904 logging_writer.py:48] [221100] global_step=221100, grad_norm=5.125156879425049, loss=0.8710323572158813
I0901 04:50:26.202198 139540727588608 logging_writer.py:48] [221200] global_step=221200, grad_norm=5.203972816467285, loss=0.9590159058570862
I0901 04:51:08.172515 139540719195904 logging_writer.py:48] [221300] global_step=221300, grad_norm=5.342173099517822, loss=0.9684510231018066
I0901 04:51:51.469592 139540727588608 logging_writer.py:48] [221400] global_step=221400, grad_norm=5.202019214630127, loss=0.9197342395782471
I0901 04:52:36.700766 139540719195904 logging_writer.py:48] [221500] global_step=221500, grad_norm=5.204736232757568, loss=0.9113171100616455
I0901 04:53:18.803191 139540727588608 logging_writer.py:48] [221600] global_step=221600, grad_norm=5.098732948303223, loss=0.8688445687294006
I0901 04:54:00.978747 139540719195904 logging_writer.py:48] [221700] global_step=221700, grad_norm=5.2412614822387695, loss=0.9510133862495422
I0901 04:54:43.595762 139540727588608 logging_writer.py:48] [221800] global_step=221800, grad_norm=5.0428385734558105, loss=0.799647867679596
I0901 04:55:24.396027 139540719195904 logging_writer.py:48] [221900] global_step=221900, grad_norm=4.9967546463012695, loss=0.8620136976242065
I0901 04:56:05.639816 139540727588608 logging_writer.py:48] [222000] global_step=222000, grad_norm=5.202873229980469, loss=0.9019264578819275
I0901 04:56:46.259544 139540719195904 logging_writer.py:48] [222100] global_step=222100, grad_norm=5.173943042755127, loss=0.9671158790588379
I0901 04:57:27.778879 139540727588608 logging_writer.py:48] [222200] global_step=222200, grad_norm=5.098195552825928, loss=0.883571982383728
I0901 04:58:08.724101 139540719195904 logging_writer.py:48] [222300] global_step=222300, grad_norm=5.321022987365723, loss=0.9466314315795898
I0901 04:58:50.390620 139540727588608 logging_writer.py:48] [222400] global_step=222400, grad_norm=5.031403064727783, loss=0.8883345127105713
I0901 04:59:30.867172 139540719195904 logging_writer.py:48] [222500] global_step=222500, grad_norm=5.149908065795898, loss=0.9178547859191895
I0901 05:00:13.515396 139540727588608 logging_writer.py:48] [222600] global_step=222600, grad_norm=5.175168037414551, loss=0.9811258912086487
I0901 05:00:56.591343 139540719195904 logging_writer.py:48] [222700] global_step=222700, grad_norm=5.267349720001221, loss=0.9873952269554138
I0901 05:01:12.899752 139757377230016 spec.py:333] Evaluating on the training split.
I0901 05:01:22.184171 139757377230016 spec.py:346] Evaluating on the validation split.
I0901 05:02:12.578248 139757377230016 spec.py:363] Evaluating on the test split.
I0901 05:02:13.599207 139757377230016 submission_runner.py:516] Time since start: 72943.81s, 	Step: 222739, 	{'train/accuracy': Array(0.9566725, dtype=float32), 'train/loss': Array(0.15274695, dtype=float32), 'validation/accuracy': Array(0.75558, dtype=float32), 'validation/loss': Array(1.0793678, dtype=float32), 'validation/num_examples': 50000, 'test/accuracy': Array(0.62960005, dtype=float32), 'test/loss': Array(1.8752167, dtype=float32), 'test/num_examples': 10000, 'score': 71905.1672899723, 'total_duration': 72943.8052880764, 'accumulated_submission_time': 71905.1672899723, 'accumulated_eval_time': 1026.6069040298462, 'accumulated_logging_time': 8.02806806564331}
I0901 05:02:14.125226 139540727588608 logging_writer.py:48] [222739] accumulated_eval_time=1026.61, accumulated_logging_time=8.02807, accumulated_submission_time=71905.2, global_step=222739, preemption_count=0, score=71905.2, test/accuracy=0.6296000480651855, test/loss=1.8752167224884033, test/num_examples=10000, total_duration=72943.8, train/accuracy=0.9566724896430969, train/loss=0.15274694561958313, validation/accuracy=0.7555800080299377, validation/loss=1.079367756843567, validation/num_examples=50000
I0901 05:02:34.984693 139540719195904 logging_writer.py:48] [222800] global_step=222800, grad_norm=5.141963005065918, loss=0.9152886867523193
I0901 05:03:16.640876 139540727588608 logging_writer.py:48] [222900] global_step=222900, grad_norm=5.461738586425781, loss=0.9359047412872314
I0901 05:03:58.744085 139540719195904 logging_writer.py:48] [223000] global_step=223000, grad_norm=5.523144721984863, loss=1.034278392791748
I0901 05:04:40.755290 139540727588608 logging_writer.py:48] [223100] global_step=223100, grad_norm=5.295791149139404, loss=0.8724557757377625
I0901 05:05:22.878063 139540719195904 logging_writer.py:48] [223200] global_step=223200, grad_norm=5.23906946182251, loss=0.9803253412246704
I0901 05:06:03.806083 139540727588608 logging_writer.py:48] [223300] global_step=223300, grad_norm=5.258750915527344, loss=0.9197937250137329
I0901 05:06:45.026330 139540719195904 logging_writer.py:48] [223400] global_step=223400, grad_norm=5.413966178894043, loss=0.846173882484436
I0901 05:07:27.469680 139540727588608 logging_writer.py:48] [223500] global_step=223500, grad_norm=5.157536506652832, loss=0.8890392184257507
I0901 05:08:09.190706 139540719195904 logging_writer.py:48] [223600] global_step=223600, grad_norm=5.050731658935547, loss=0.7874510884284973
I0901 05:08:50.839274 139540727588608 logging_writer.py:48] [223700] global_step=223700, grad_norm=5.335750579833984, loss=0.927159309387207
I0901 05:09:32.522250 139540719195904 logging_writer.py:48] [223800] global_step=223800, grad_norm=5.232258319854736, loss=0.8846101760864258
I0901 05:10:14.466700 139540727588608 logging_writer.py:48] [223900] global_step=223900, grad_norm=4.881683826446533, loss=0.8007798194885254
I0901 05:10:59.278696 139540719195904 logging_writer.py:48] [224000] global_step=224000, grad_norm=5.07036018371582, loss=0.931265115737915
I0901 05:11:42.418146 139540727588608 logging_writer.py:48] [224100] global_step=224100, grad_norm=5.323392391204834, loss=0.9066078662872314
I0901 05:12:24.869518 139540719195904 logging_writer.py:48] [224200] global_step=224200, grad_norm=5.26594352722168, loss=0.869032621383667
I0901 05:13:06.657959 139540727588608 logging_writer.py:48] [224300] global_step=224300, grad_norm=4.887566566467285, loss=0.8749510049819946
I0901 05:13:48.369122 139540719195904 logging_writer.py:48] [224400] global_step=224400, grad_norm=5.492791652679443, loss=0.9542075395584106
I0901 05:14:30.849414 139540727588608 logging_writer.py:48] [224500] global_step=224500, grad_norm=5.074965953826904, loss=0.9694768190383911
I0901 05:15:12.305689 139540719195904 logging_writer.py:48] [224600] global_step=224600, grad_norm=5.061837196350098, loss=0.8681414723396301
I0901 05:15:54.460112 139540727588608 logging_writer.py:48] [224700] global_step=224700, grad_norm=4.826691627502441, loss=0.9221981763839722
I0901 05:16:32.383496 139540719195904 logging_writer.py:48] [224800] global_step=224800, grad_norm=5.093710422515869, loss=0.8912603259086609
I0901 05:17:06.371908 139540727588608 logging_writer.py:48] [224900] global_step=224900, grad_norm=5.322624683380127, loss=0.9293590784072876
I0901 05:17:41.398054 139540719195904 logging_writer.py:48] [225000] global_step=225000, grad_norm=5.097079277038574, loss=0.9115729331970215
I0901 05:18:15.227447 139540727588608 logging_writer.py:48] [225100] global_step=225100, grad_norm=5.352234840393066, loss=0.8734457492828369
I0901 05:18:50.434811 139540719195904 logging_writer.py:48] [225200] global_step=225200, grad_norm=5.176937103271484, loss=0.9769225120544434
I0901 05:19:24.149456 139540727588608 logging_writer.py:48] [225300] global_step=225300, grad_norm=5.121140956878662, loss=0.8887336254119873
I0901 05:19:57.973713 139540719195904 logging_writer.py:48] [225400] global_step=225400, grad_norm=5.026456356048584, loss=0.8365431427955627
I0901 05:20:31.703753 139540727588608 logging_writer.py:48] [225500] global_step=225500, grad_norm=5.142284393310547, loss=0.8570677042007446
I0901 05:21:06.565064 139540719195904 logging_writer.py:48] [225600] global_step=225600, grad_norm=4.6825151443481445, loss=0.8323724865913391
I0901 05:21:40.298228 139540727588608 logging_writer.py:48] [225700] global_step=225700, grad_norm=5.272064208984375, loss=0.9946851134300232
I0901 05:22:12.447326 139540719195904 logging_writer.py:48] [225800] global_step=225800, grad_norm=5.2402496337890625, loss=0.9533406496047974
I0901 05:22:44.054078 139540727588608 logging_writer.py:48] [225900] global_step=225900, grad_norm=4.856729984283447, loss=0.8267614245414734
I0901 05:23:15.439943 139540719195904 logging_writer.py:48] [226000] global_step=226000, grad_norm=5.149362564086914, loss=0.8489689826965332
I0901 05:23:47.917967 139540727588608 logging_writer.py:48] [226100] global_step=226100, grad_norm=5.282172679901123, loss=0.89263916015625
I0901 05:24:20.391207 139540719195904 logging_writer.py:48] [226200] global_step=226200, grad_norm=4.9914984703063965, loss=0.9247154593467712
I0901 05:24:53.100260 139540727588608 logging_writer.py:48] [226300] global_step=226300, grad_norm=4.962143421173096, loss=0.879338264465332
I0901 05:25:26.001520 139540719195904 logging_writer.py:48] [226400] global_step=226400, grad_norm=5.329699516296387, loss=0.9033814072608948
I0901 05:25:59.477441 139540727588608 logging_writer.py:48] [226500] global_step=226500, grad_norm=4.72149133682251, loss=0.822277843952179
I0901 05:26:32.268574 139540719195904 logging_writer.py:48] [226600] global_step=226600, grad_norm=5.4829182624816895, loss=0.9126917123794556
I0901 05:27:05.346985 139540727588608 logging_writer.py:48] [226700] global_step=226700, grad_norm=5.220470428466797, loss=0.9230283498764038
I0901 05:27:38.532274 139540719195904 logging_writer.py:48] [226800] global_step=226800, grad_norm=5.133101463317871, loss=0.8413693904876709
I0901 05:28:10.902464 139540727588608 logging_writer.py:48] [226900] global_step=226900, grad_norm=5.26683235168457, loss=0.9465717077255249
I0901 05:28:43.773143 139540719195904 logging_writer.py:48] [227000] global_step=227000, grad_norm=5.121135711669922, loss=0.901813268661499
I0901 05:29:16.428620 139540727588608 logging_writer.py:48] [227100] global_step=227100, grad_norm=4.928009033203125, loss=0.8093453645706177
I0901 05:29:49.447078 139540719195904 logging_writer.py:48] [227200] global_step=227200, grad_norm=5.209933280944824, loss=0.9842454791069031
I0901 05:30:22.494699 139540727588608 logging_writer.py:48] [227300] global_step=227300, grad_norm=5.702541828155518, loss=0.9609793424606323
I0901 05:30:55.302270 139540719195904 logging_writer.py:48] [227400] global_step=227400, grad_norm=5.278942108154297, loss=0.896742582321167
I0901 05:31:28.526643 139540727588608 logging_writer.py:48] [227500] global_step=227500, grad_norm=5.1370768547058105, loss=0.8735411167144775
I0901 05:32:01.555264 139540719195904 logging_writer.py:48] [227600] global_step=227600, grad_norm=5.042890548706055, loss=0.930799126625061
I0901 05:32:37.010277 139540727588608 logging_writer.py:48] [227700] global_step=227700, grad_norm=4.975520610809326, loss=0.8814067244529724
I0901 05:33:12.783234 139540719195904 logging_writer.py:48] [227800] global_step=227800, grad_norm=5.240810394287109, loss=0.9263319373130798
I0901 05:33:49.168888 139540727588608 logging_writer.py:48] [227900] global_step=227900, grad_norm=4.923221588134766, loss=0.854640007019043
I0901 05:34:32.558911 139540719195904 logging_writer.py:48] [228000] global_step=228000, grad_norm=5.212977409362793, loss=0.9212753772735596
I0901 05:35:15.227548 139540727588608 logging_writer.py:48] [228100] global_step=228100, grad_norm=4.910259246826172, loss=0.8728088140487671
I0901 05:35:29.492725 139757377230016 spec.py:333] Evaluating on the training split.
I0901 05:35:38.593877 139757377230016 spec.py:346] Evaluating on the validation split.
I0901 05:36:04.713608 139757377230016 spec.py:363] Evaluating on the test split.
I0901 05:36:05.755409 139757377230016 submission_runner.py:516] Time since start: 74975.95s, 	Step: 228137, 	{'train/accuracy': Array(0.9572704, dtype=float32), 'train/loss': Array(0.15046822, dtype=float32), 'validation/accuracy': Array(0.75606, dtype=float32), 'validation/loss': Array(1.0797607, dtype=float32), 'validation/num_examples': 50000, 'test/accuracy': Array(0.62750006, dtype=float32), 'test/loss': Array(1.8712056, dtype=float32), 'test/num_examples': 10000, 'score': 73900.43143868446, 'total_duration': 74975.94643807411, 'accumulated_submission_time': 73900.43143868446, 'accumulated_eval_time': 1062.7228429317474, 'accumulated_logging_time': 8.600809574127197}
I0901 05:36:06.175903 139540719195904 logging_writer.py:48] [228137] accumulated_eval_time=1062.72, accumulated_logging_time=8.60081, accumulated_submission_time=73900.4, global_step=228137, preemption_count=0, score=73900.4, test/accuracy=0.627500057220459, test/loss=1.8712055683135986, test/num_examples=10000, total_duration=74975.9, train/accuracy=0.9572703838348389, train/loss=0.15046821534633636, validation/accuracy=0.756060004234314, validation/loss=1.0797606706619263, validation/num_examples=50000
I0901 05:36:23.537736 139540727588608 logging_writer.py:48] [228200] global_step=228200, grad_norm=5.109195709228516, loss=0.847291111946106
I0901 05:36:54.547669 139540719195904 logging_writer.py:48] [228300] global_step=228300, grad_norm=5.160841464996338, loss=0.8259518146514893
I0901 05:37:28.083806 139540727588608 logging_writer.py:48] [228400] global_step=228400, grad_norm=5.538060188293457, loss=0.8842587471008301
I0901 05:38:02.150082 139540719195904 logging_writer.py:48] [228500] global_step=228500, grad_norm=5.0425004959106445, loss=0.8998209238052368
I0901 05:38:36.329100 139540727588608 logging_writer.py:48] [228600] global_step=228600, grad_norm=5.172792911529541, loss=0.8756396770477295
I0901 05:39:09.262463 139540719195904 logging_writer.py:48] [228700] global_step=228700, grad_norm=5.025864601135254, loss=0.9205307364463806
I0901 05:39:42.273328 139540727588608 logging_writer.py:48] [228800] global_step=228800, grad_norm=5.226393222808838, loss=0.8977769613265991
I0901 05:40:16.196356 139540719195904 logging_writer.py:48] [228900] global_step=228900, grad_norm=5.263499736785889, loss=0.9219485521316528
I0901 05:40:49.987523 139540727588608 logging_writer.py:48] [229000] global_step=229000, grad_norm=5.470120906829834, loss=1.0005717277526855
I0901 05:41:22.865045 139540719195904 logging_writer.py:48] [229100] global_step=229100, grad_norm=5.219578266143799, loss=0.9156084060668945
I0901 05:41:55.827646 139540727588608 logging_writer.py:48] [229200] global_step=229200, grad_norm=5.283169269561768, loss=0.8812978267669678
I0901 05:42:28.773093 139540719195904 logging_writer.py:48] [229300] global_step=229300, grad_norm=5.058711051940918, loss=0.8824647665023804
I0901 05:43:01.690493 139540727588608 logging_writer.py:48] [229400] global_step=229400, grad_norm=5.29608678817749, loss=0.9477274417877197
I0901 05:43:34.977672 139540719195904 logging_writer.py:48] [229500] global_step=229500, grad_norm=4.923664569854736, loss=0.8533449172973633
I0901 05:44:08.052167 139540727588608 logging_writer.py:48] [229600] global_step=229600, grad_norm=5.516074180603027, loss=0.9222011566162109
I0901 05:44:41.203690 139540719195904 logging_writer.py:48] [229700] global_step=229700, grad_norm=5.270562648773193, loss=0.9427632093429565
I0901 05:45:14.284592 139540727588608 logging_writer.py:48] [229800] global_step=229800, grad_norm=5.442511558532715, loss=0.887548565864563
I0901 05:45:47.096210 139540719195904 logging_writer.py:48] [229900] global_step=229900, grad_norm=5.295755863189697, loss=0.9227164387702942
I0901 05:46:20.525373 139540727588608 logging_writer.py:48] [230000] global_step=230000, grad_norm=5.127828598022461, loss=0.8649423122406006
I0901 05:46:52.973694 139540719195904 logging_writer.py:48] [230100] global_step=230100, grad_norm=5.302691459655762, loss=0.8674868941307068
I0901 05:47:26.785141 139540727588608 logging_writer.py:48] [230200] global_step=230200, grad_norm=5.28776216506958, loss=0.9079924821853638
I0901 05:47:59.202728 139540719195904 logging_writer.py:48] [230300] global_step=230300, grad_norm=5.022533893585205, loss=0.8880480527877808
I0901 05:48:32.246781 139540727588608 logging_writer.py:48] [230400] global_step=230400, grad_norm=5.0455403327941895, loss=0.8570905923843384
I0901 05:49:04.677040 139540719195904 logging_writer.py:48] [230500] global_step=230500, grad_norm=5.372920513153076, loss=0.9184428453445435
I0901 05:49:37.219638 139540727588608 logging_writer.py:48] [230600] global_step=230600, grad_norm=5.587920665740967, loss=0.9265112280845642
I0901 05:50:09.771788 139540719195904 logging_writer.py:48] [230700] global_step=230700, grad_norm=5.236055374145508, loss=1.0084688663482666
I0901 05:50:42.637523 139540727588608 logging_writer.py:48] [230800] global_step=230800, grad_norm=5.731800079345703, loss=0.9543076753616333
I0901 05:51:14.937855 139540719195904 logging_writer.py:48] [230900] global_step=230900, grad_norm=4.967644214630127, loss=0.8564640879631042
I0901 05:51:47.473142 139540727588608 logging_writer.py:48] [231000] global_step=231000, grad_norm=5.014541149139404, loss=0.8100097179412842
I0901 05:52:19.966750 139540719195904 logging_writer.py:48] [231100] global_step=231100, grad_norm=5.310692310333252, loss=0.9450331926345825
I0901 05:52:52.293031 139540727588608 logging_writer.py:48] [231200] global_step=231200, grad_norm=4.872323513031006, loss=0.8590764999389648
I0901 05:53:25.377665 139540719195904 logging_writer.py:48] [231300] global_step=231300, grad_norm=4.994529724121094, loss=0.8368402123451233
I0901 05:53:58.077226 139540727588608 logging_writer.py:48] [231400] global_step=231400, grad_norm=5.3622727394104, loss=0.9152543544769287
I0901 05:54:31.302560 139540719195904 logging_writer.py:48] [231500] global_step=231500, grad_norm=5.396509647369385, loss=0.9337939620018005
I0901 05:55:03.598842 139540727588608 logging_writer.py:48] [231600] global_step=231600, grad_norm=5.255952835083008, loss=0.8997480273246765
I0901 05:55:36.456600 139540719195904 logging_writer.py:48] [231700] global_step=231700, grad_norm=4.880581855773926, loss=0.8657580614089966
I0901 05:56:08.911623 139540727588608 logging_writer.py:48] [231800] global_step=231800, grad_norm=5.106797218322754, loss=0.8131548762321472
I0901 05:56:41.464051 139540719195904 logging_writer.py:48] [231900] global_step=231900, grad_norm=5.183785915374756, loss=0.8894537687301636
I0901 05:57:14.224547 139540727588608 logging_writer.py:48] [232000] global_step=232000, grad_norm=5.110013484954834, loss=0.8886953592300415
I0901 05:57:46.540298 139540719195904 logging_writer.py:48] [232100] global_step=232100, grad_norm=5.21185302734375, loss=1.0014300346374512
I0901 05:58:19.236147 139540727588608 logging_writer.py:48] [232200] global_step=232200, grad_norm=5.4166669845581055, loss=0.9251216650009155
I0901 05:58:51.956782 139540719195904 logging_writer.py:48] [232300] global_step=232300, grad_norm=5.301342487335205, loss=0.8434670567512512
I0901 05:59:24.676029 139540727588608 logging_writer.py:48] [232400] global_step=232400, grad_norm=5.119884967803955, loss=0.8767211437225342
I0901 05:59:57.329455 139540719195904 logging_writer.py:48] [232500] global_step=232500, grad_norm=5.257816791534424, loss=0.8869935274124146
I0901 06:00:29.763236 139540727588608 logging_writer.py:48] [232600] global_step=232600, grad_norm=5.246023178100586, loss=0.9517991542816162
I0901 06:01:02.830261 139540719195904 logging_writer.py:48] [232700] global_step=232700, grad_norm=5.04565954208374, loss=0.8970433473587036
I0901 06:01:35.693655 139540727588608 logging_writer.py:48] [232800] global_step=232800, grad_norm=5.205224514007568, loss=0.9111096858978271
I0901 06:02:08.522520 139540719195904 logging_writer.py:48] [232900] global_step=232900, grad_norm=5.366690635681152, loss=0.8691924214363098
I0901 06:02:41.539203 139540727588608 logging_writer.py:48] [233000] global_step=233000, grad_norm=5.2992329597473145, loss=0.8730559349060059
I0901 06:03:14.028834 139540719195904 logging_writer.py:48] [233100] global_step=233100, grad_norm=5.417654037475586, loss=0.9946203231811523
I0901 06:03:46.895428 139540727588608 logging_writer.py:48] [233200] global_step=233200, grad_norm=5.149653434753418, loss=0.9320715069770813
I0901 06:04:19.554609 139540719195904 logging_writer.py:48] [233300] global_step=233300, grad_norm=5.062996864318848, loss=0.8981925249099731
I0901 06:04:52.845618 139540719195904 logging_writer.py:48] [233400] global_step=233400, grad_norm=5.344503402709961, loss=0.9438152313232422
I0901 06:05:24.722344 139540727588608 logging_writer.py:48] [233500] global_step=233500, grad_norm=5.376211643218994, loss=0.9524419903755188
I0901 06:05:56.966510 139540719195904 logging_writer.py:48] [233600] global_step=233600, grad_norm=5.225225448608398, loss=0.8655856847763062
I0901 06:06:30.136746 139540727588608 logging_writer.py:48] [233700] global_step=233700, grad_norm=5.041961193084717, loss=0.9015315771102905
I0901 06:07:05.262347 139540719195904 logging_writer.py:48] [233800] global_step=233800, grad_norm=5.2122483253479, loss=0.8341056704521179
I0901 06:07:40.827224 139540727588608 logging_writer.py:48] [233900] global_step=233900, grad_norm=5.126073837280273, loss=0.8901228904724121
I0901 06:08:23.564607 139540719195904 logging_writer.py:48] [234000] global_step=234000, grad_norm=5.703407287597656, loss=1.023517370223999
I0901 06:08:57.494192 139540727588608 logging_writer.py:48] [234100] global_step=234100, grad_norm=4.944810390472412, loss=0.8790634870529175
I0901 06:09:21.753865 139540719195904 logging_writer.py:48] [234169] global_step=234169, preemption_count=0, score=75895.8
I0901 06:09:22.575893 139757377230016 submission_runner.py:857] Final imagenet_resnet score: 75895.78674530983
