accumulated_eval_time,accumulated_logging_time,accumulated_submission_time,global_step,preemption_count,score,test/accuracy,test/loss,test/mean_average_precision,test/num_examples,total_duration,train/accuracy,train/loss,train/mean_average_precision,validation/accuracy,validation/loss,validation/mean_average_precision,validation/num_examples
68.82348990440369,0.0,44.495723485946655,1,0,44.495723485946655,0.4958534044114117,0.7247908803534925,0.0270036428164919,43793,113.79608917236328,0.5039954814672387,0.7181284456373385,0.0216658985920246,0.4967250007306641,0.7236068872406548,0.0248574021452807,43793
99.41348314285278,0.345285415649414,495.2391548156738,1853,0,495.2391548156738,0.9844496348250016,0.0533737836273909,0.1724165179315278,43793,596.9033343791962,0.988247572660762,0.0406114238946932,0.1927335840641728,0.9854910388096344,0.0502429020794296,0.1739805565066905,43793
130.0815327167511,0.3969697952270508,946.351142168045,3688,0,946.351142168045,0.9855582995504696,0.0480752309033817,0.2349800315649514,43793,1080.1643600463867,0.9897269726310212,0.0351837214469456,0.2958640781340089,0.9864139082740412,0.0455863481180526,0.2330512855776311,43793
160.69630599021912,0.446817398071289,1397.4578523635864,5523,0,1397.4578523635864,0.9859663892442886,0.0469695503864428,0.2637055762608334,43793,1563.3514966964722,0.9903794102638618,0.0322924704374458,0.3725381352390676,0.9867964921624088,0.0444109808984084,0.2599708478842862,43793
189.9907252788544,0.4974844455718994,1848.4692409038544,7415,0,1848.4692409038544,0.9861476922506758,0.0467067064318978,0.2674248469822997,43793,2045.1407556533811,0.9908504324837452,0.0303239201956026,0.412196093976063,0.986988900399105,0.0440464416248023,0.2778974836724705,43793
219.11932802200317,0.545752763748169,2299.541852712631,9369,0,2299.541852712631,0.9863431036210906,0.04613564012806183,0.2824754895783503,43793,2526.8368825912476,0.9910874746111773,0.029339327399526823,0.4474197127824232,0.9870980941030528,0.04360463397884808,0.2884444074536591,43793
