accumulated_eval_time,accumulated_logging_time,accumulated_submission_time,global_step,preemption_count,score,test/loss,test/num_examples,test/ssim,total_duration,train/loss,train/ssim,validation/loss,validation/num_examples,validation/ssim
130.6932499408722,0.0,69.17067670822144,1,0,69.17067670822144,1.1149918024382155,3581,0.1825161155992564,200.5942771434784,1.1098299707685195,0.1698267119271414,1.1207433388215742,3554,0.1590395848537739
137.6992003917694,0.0166304111480712,148.26969814300537,431,0,148.26969814300537,0.3061598431827702,3581,0.7188539694088593,288.5386097431183,0.2876893792833601,0.7183216639927456,0.3043882319547517,3554,0.7019488109788267
144.67505979537964,0.0366764068603515,227.29425287246704,752,0,227.29425287246704,0.3116996741700991,3581,0.7246651435091455,376.2724189758301,0.2941962991441999,0.7243695940290179,0.3096525742890932,3554,0.7079906388488323
151.5528724193573,0.0553503036499023,306.1114466190338,1639,0,306.1114466190338,0.2934198749694569,3581,0.7344922638578609,463.87707901000977,0.2742620195661272,0.7364177703857422,0.2917977474214793,3554,0.7173405927959693
158.38848757743835,0.0738697052001953,384.91025400161743,2968,0,384.91025400161743,0.2901726546683014,3581,0.7378618271781625,551.3989527225494,0.2708874940872192,0.7401910509381976,0.2887521377760974,3554,0.7205123600828293
165.15526270866394,0.0936017036437988,463.7297406196594,4297,0,463.7297406196594,0.2890905546962266,3581,0.7398006350792377,638.8463101387024,0.2697385719844273,0.7422280311584473,0.2876935023971669,3554,0.7225121287194006
171.51430535316467,0.11336541175842285,542.5216171741486,5625,0,542.5216171741486,0.2885091782148841,3581,0.7410245425073304,725.9377572536469,0.2685375724520002,0.7439844948904855,0.28718265496953255,3554,0.7236693580296849
