accumulated_eval_time,accumulated_logging_time,accumulated_submission_time,global_step,preemption_count,score,test/loss,test/num_examples,test/ppl,total_duration,train/loss,train/ppl,validation/loss,validation/num_examples,validation/ppl
212.9583711624145,0.0,70.66676306724548,1,0,70.66676306724548,0.0,0,1.0,284.2845573425293,11.025498199462891,61420.45484553352,11.027168917838877,100000,61523.15689731845
395.9359087944031,0.0728070735931396,2638.9955399036407,5985,0,2638.9955399036407,0.0,0,1.0,3039.2650892734528,3.560895156860352,35.194687814704615,3.553821456401854,100000,34.9466095853437
578.8539426326752,0.1319499015808105,5207.189432859421,11972,0,5207.189432859421,0.0,0,1.0,5793.801772117615,3.373299789428711,29.17463856063536,3.361929422754156,100000,28.8447910200388
761.7632038593292,0.1792960166931152,7775.619033098221,17960,0,7775.619033098221,0.0,0,1.0,8548.495399475098,3.270423889160156,26.322494798974034,3.2584562569932864,100000,26.00935437563924
944.7376747131348,0.2324826717376709,10344.319517850876,23953,0,10344.319517850876,0.0,0,1.0,11303.287853002548,3.2085968017578126,24.74434063752876,3.196272203684463,100000,24.44124816754461
1127.9895610809326,0.2813639640808105,12913.194442510605,29948,0,12913.194442510605,0.0,0,1.0,14058.425514698029,3.1563812255859376,23.485453408299165,3.144526566995684,100000,23.2086851143704
1310.820888519287,0.32992100715637207,15482.04765534401,35944,0,15482.04765534401,0.0,0,1.0,16813.114191532135,3.112369918823242,22.474243469746476,3.0985575722306584,100000,22.16595542149678
