torchrun --redirects 1:0,2:0,3:0 --standalone --nnodes=1 --nproc_per_node=4 submission_runner.py --framework=pytorch --workload=imagenet_resnet --submission_path=submissions_algorithms/submissions/self_tuning/ademamix_golden/submission.py --data_dir=/data/imagenet/pytorch --experiment_dir=/experiment_runs --experiment_name=submissions_a100/ademamix_golden/study_2 --overwrite=True --save_checkpoints=False --rng_seed=-1587548617 --imagenet_v2_data_dir=/data/imagenet/pytorch --torch_compile=true --tuning_ruleset=self 2>&1 | tee -a /logs/imagenet_resnet_pytorch_09-13-2026-02-40-09.log
W0913 02:40:10.784000 9 site-packages/torch/distributed/run.py:803] 
W0913 02:40:10.784000 9 site-packages/torch/distributed/run.py:803] *****************************************
W0913 02:40:10.784000 9 site-packages/torch/distributed/run.py:803] Setting OMP_NUM_THREADS environment variable for each process to be 1 in default, to avoid your system being overloaded, please further tune the variable for optimal performance in your application as needed. 
W0913 02:40:10.784000 9 site-packages/torch/distributed/run.py:803] *****************************************
2026-09-13 02:40:12.413823: E external/local_xla/xla/stream_executor/cuda/cuda_fft.cc:467] Unable to register cuFFT factory: Attempting to register factory for plugin cuFFT when one has already been registered
2026-09-13 02:40:12.413820: E external/local_xla/xla/stream_executor/cuda/cuda_fft.cc:467] Unable to register cuFFT factory: Attempting to register factory for plugin cuFFT when one has already been registered
2026-09-13 02:40:12.413851: E external/local_xla/xla/stream_executor/cuda/cuda_fft.cc:467] Unable to register cuFFT factory: Attempting to register factory for plugin cuFFT when one has already been registered
2026-09-13 02:40:12.413852: E external/local_xla/xla/stream_executor/cuda/cuda_fft.cc:467] Unable to register cuFFT factory: Attempting to register factory for plugin cuFFT when one has already been registered
WARNING: All log messages before absl::InitializeLog() is called are written to STDERR
WARNING: All log messages before absl::InitializeLog() is called are written to STDERR
WARNING: All log messages before absl::InitializeLog() is called are written to STDERR
E0000 00:00:1789267212.437699      39 cuda_dnn.cc:8579] Unable to register cuDNN factory: Attempting to register factory for plugin cuDNN when one has already been registered
E0000 00:00:1789267212.437698      40 cuda_dnn.cc:8579] Unable to register cuDNN factory: Attempting to register factory for plugin cuDNN when one has already been registered
E0000 00:00:1789267212.437699      41 cuda_dnn.cc:8579] Unable to register cuDNN factory: Attempting to register factory for plugin cuDNN when one has already been registered
WARNING: All log messages before absl::InitializeLog() is called are written to STDERR
E0000 00:00:1789267212.437777      38 cuda_dnn.cc:8579] Unable to register cuDNN factory: Attempting to register factory for plugin cuDNN when one has already been registered
E0000 00:00:1789267212.445367      39 cuda_blas.cc:1407] Unable to register cuBLAS factory: Attempting to register factory for plugin cuBLAS when one has already been registered
E0000 00:00:1789267212.445390      38 cuda_blas.cc:1407] Unable to register cuBLAS factory: Attempting to register factory for plugin cuBLAS when one has already been registered
E0000 00:00:1789267212.445391      41 cuda_blas.cc:1407] Unable to register cuBLAS factory: Attempting to register factory for plugin cuBLAS when one has already been registered
E0000 00:00:1789267212.445398      40 cuda_blas.cc:1407] Unable to register cuBLAS factory: Attempting to register factory for plugin cuBLAS when one has already been registered
W0000 00:00:1789267212.468056      39 computation_placer.cc:177] computation placer already registered. Please check linkage and avoid linking the same target more than once.
W0000 00:00:1789267212.468060      41 computation_placer.cc:177] computation placer already registered. Please check linkage and avoid linking the same target more than once.
W0000 00:00:1789267212.468057      38 computation_placer.cc:177] computation placer already registered. Please check linkage and avoid linking the same target more than once.
W0000 00:00:1789267212.468053      40 computation_placer.cc:177] computation placer already registered. Please check linkage and avoid linking the same target more than once.
W0000 00:00:1789267212.468085      38 computation_placer.cc:177] computation placer already registered. Please check linkage and avoid linking the same target more than once.
W0000 00:00:1789267212.468085      41 computation_placer.cc:177] computation placer already registered. Please check linkage and avoid linking the same target more than once.
W0000 00:00:1789267212.468085      40 computation_placer.cc:177] computation placer already registered. Please check linkage and avoid linking the same target more than once.
W0000 00:00:1789267212.468087      38 computation_placer.cc:177] computation placer already registered. Please check linkage and avoid linking the same target more than once.
W0000 00:00:1789267212.468088      41 computation_placer.cc:177] computation placer already registered. Please check linkage and avoid linking the same target more than once.
W0000 00:00:1789267212.468088      40 computation_placer.cc:177] computation placer already registered. Please check linkage and avoid linking the same target more than once.
W0000 00:00:1789267212.468090      38 computation_placer.cc:177] computation placer already registered. Please check linkage and avoid linking the same target more than once.
W0000 00:00:1789267212.468090      41 computation_placer.cc:177] computation placer already registered. Please check linkage and avoid linking the same target more than once.
W0000 00:00:1789267212.468090      39 computation_placer.cc:177] computation placer already registered. Please check linkage and avoid linking the same target more than once.
W0000 00:00:1789267212.468091      40 computation_placer.cc:177] computation placer already registered. Please check linkage and avoid linking the same target more than once.
W0000 00:00:1789267212.468093      39 computation_placer.cc:177] computation placer already registered. Please check linkage and avoid linking the same target more than once.
W0000 00:00:1789267212.468095      39 computation_placer.cc:177] computation placer already registered. Please check linkage and avoid linking the same target more than once.
W0000 00:00:1789267218.335019      41 gpu_device.cc:2341] Cannot dlopen some GPU libraries. Please make sure the missing libraries mentioned above are installed properly if you would like to use GPU. Follow the guide at https://www.tensorflow.org/install/gpu for how to download and setup the required libraries for your platform.
Skipping registering GPU devices...
W0000 00:00:1789267218.488937      39 gpu_device.cc:2341] Cannot dlopen some GPU libraries. Please make sure the missing libraries mentioned above are installed properly if you would like to use GPU. Follow the guide at https://www.tensorflow.org/install/gpu for how to download and setup the required libraries for your platform.
Skipping registering GPU devices...
W0000 00:00:1789267218.514174      38 gpu_device.cc:2341] Cannot dlopen some GPU libraries. Please make sure the missing libraries mentioned above are installed properly if you would like to use GPU. Follow the guide at https://www.tensorflow.org/install/gpu for how to download and setup the required libraries for your platform.
Skipping registering GPU devices...
W0000 00:00:1789267218.715656      40 gpu_device.cc:2341] Cannot dlopen some GPU libraries. Please make sure the missing libraries mentioned above are installed properly if you would like to use GPU. Follow the guide at https://www.tensorflow.org/install/gpu for how to download and setup the required libraries for your platform.
Skipping registering GPU devices...
/usr/local/lib/python3.11/site-packages/torch/__init__.py:1617: UserWarning: Please use the new API settings to control TF32 behavior, such as torch.backends.cudnn.conv.fp32_precision = 'tf32' or torch.backends.cuda.matmul.fp32_precision = 'ieee'. Old settings, e.g, torch.backends.cuda.matmul.allow_tf32 = True, torch.backends.cudnn.allow_tf32 = True, allowTF32CuDNN() and allowTF32CuBLAS() will be deprecated after Pytorch 2.9. Please see https://pytorch.org/docs/main/notes/cuda.html#tensorfloat-32-tf32-on-ampere-and-later-devices (Triggered internally at /pytorch/aten/src/ATen/Context.cpp:80.)
  _C._set_float32_matmul_precision(precision)
/usr/local/lib/python3.11/site-packages/torch/__init__.py:1617: UserWarning: Please use the new API settings to control TF32 behavior, such as torch.backends.cudnn.conv.fp32_precision = 'tf32' or torch.backends.cuda.matmul.fp32_precision = 'ieee'. Old settings, e.g, torch.backends.cuda.matmul.allow_tf32 = True, torch.backends.cudnn.allow_tf32 = True, allowTF32CuDNN() and allowTF32CuBLAS() will be deprecated after Pytorch 2.9. Please see https://pytorch.org/docs/main/notes/cuda.html#tensorfloat-32-tf32-on-ampere-and-later-devices (Triggered internally at /pytorch/aten/src/ATen/Context.cpp:80.)
  _C._set_float32_matmul_precision(precision)
/usr/local/lib/python3.11/site-packages/torch/__init__.py:1617: UserWarning: Please use the new API settings to control TF32 behavior, such as torch.backends.cudnn.conv.fp32_precision = 'tf32' or torch.backends.cuda.matmul.fp32_precision = 'ieee'. Old settings, e.g, torch.backends.cuda.matmul.allow_tf32 = True, torch.backends.cudnn.allow_tf32 = True, allowTF32CuDNN() and allowTF32CuBLAS() will be deprecated after Pytorch 2.9. Please see https://pytorch.org/docs/main/notes/cuda.html#tensorfloat-32-tf32-on-ampere-and-later-devices (Triggered internally at /pytorch/aten/src/ATen/Context.cpp:80.)
  _C._set_float32_matmul_precision(precision)
/usr/local/lib/python3.11/site-packages/torch/__init__.py:1617: UserWarning: Please use the new API settings to control TF32 behavior, such as torch.backends.cudnn.conv.fp32_precision = 'tf32' or torch.backends.cuda.matmul.fp32_precision = 'ieee'. Old settings, e.g, torch.backends.cuda.matmul.allow_tf32 = True, torch.backends.cudnn.allow_tf32 = True, allowTF32CuDNN() and allowTF32CuBLAS() will be deprecated after Pytorch 2.9. Please see https://pytorch.org/docs/main/notes/cuda.html#tensorfloat-32-tf32-on-ampere-and-later-devices (Triggered internally at /pytorch/aten/src/ATen/Context.cpp:80.)
  _C._set_float32_matmul_precision(precision)
/usr/local/lib/python3.11/site-packages/pydantic/_internal/_generate_schema.py:2249: UnsupportedFieldAttributeWarning: The 'repr' attribute with value False was provided to the `Field()` function, which has no effect in the context it was used. 'repr' is field-specific metadata, and can only be attached to a model field using `Annotated` metadata or by assignment. This may have happened because an `Annotated` type alias using the `type` statement was used, or if the `Field()` function was attached to a single member of a union type.
  warnings.warn(
/usr/local/lib/python3.11/site-packages/pydantic/_internal/_generate_schema.py:2249: UnsupportedFieldAttributeWarning: The 'frozen' attribute with value True was provided to the `Field()` function, which has no effect in the context it was used. 'frozen' is field-specific metadata, and can only be attached to a model field using `Annotated` metadata or by assignment. This may have happened because an `Annotated` type alias using the `type` statement was used, or if the `Field()` function was attached to a single member of a union type.
  warnings.warn(
/usr/local/lib/python3.11/site-packages/pydantic/_internal/_generate_schema.py:2249: UnsupportedFieldAttributeWarning: The 'repr' attribute with value False was provided to the `Field()` function, which has no effect in the context it was used. 'repr' is field-specific metadata, and can only be attached to a model field using `Annotated` metadata or by assignment. This may have happened because an `Annotated` type alias using the `type` statement was used, or if the `Field()` function was attached to a single member of a union type.
  warnings.warn(
/usr/local/lib/python3.11/site-packages/pydantic/_internal/_generate_schema.py:2249: UnsupportedFieldAttributeWarning: The 'frozen' attribute with value True was provided to the `Field()` function, which has no effect in the context it was used. 'frozen' is field-specific metadata, and can only be attached to a model field using `Annotated` metadata or by assignment. This may have happened because an `Annotated` type alias using the `type` statement was used, or if the `Field()` function was attached to a single member of a union type.
  warnings.warn(
/usr/local/lib/python3.11/site-packages/pydantic/_internal/_generate_schema.py:2249: UnsupportedFieldAttributeWarning: The 'repr' attribute with value False was provided to the `Field()` function, which has no effect in the context it was used. 'repr' is field-specific metadata, and can only be attached to a model field using `Annotated` metadata or by assignment. This may have happened because an `Annotated` type alias using the `type` statement was used, or if the `Field()` function was attached to a single member of a union type.
  warnings.warn(
/usr/local/lib/python3.11/site-packages/pydantic/_internal/_generate_schema.py:2249: UnsupportedFieldAttributeWarning: The 'frozen' attribute with value True was provided to the `Field()` function, which has no effect in the context it was used. 'frozen' is field-specific metadata, and can only be attached to a model field using `Annotated` metadata or by assignment. This may have happened because an `Annotated` type alias using the `type` statement was used, or if the `Field()` function was attached to a single member of a union type.
  warnings.warn(
/usr/local/lib/python3.11/site-packages/pydantic/_internal/_generate_schema.py:2249: UnsupportedFieldAttributeWarning: The 'repr' attribute with value False was provided to the `Field()` function, which has no effect in the context it was used. 'repr' is field-specific metadata, and can only be attached to a model field using `Annotated` metadata or by assignment. This may have happened because an `Annotated` type alias using the `type` statement was used, or if the `Field()` function was attached to a single member of a union type.
  warnings.warn(
/usr/local/lib/python3.11/site-packages/pydantic/_internal/_generate_schema.py:2249: UnsupportedFieldAttributeWarning: The 'frozen' attribute with value True was provided to the `Field()` function, which has no effect in the context it was used. 'frozen' is field-specific metadata, and can only be attached to a model field using `Annotated` metadata or by assignment. This may have happened because an `Annotated` type alias using the `type` statement was used, or if the `Field()` function was attached to a single member of a union type.
  warnings.warn(
/usr/local/lib/python3.11/site-packages/torch/distributed/distributed_c10d.py:4876: UserWarning: barrier(): using the device under current context. You can specify `device_id` in `init_process_group` to mute this warning.
  warnings.warn(  # warn only once
[rank0]:[W913 02:40:23.840357143 ProcessGroupNCCL.cpp:5068] Guessing device ID based on global rank. This can cause a hang if rank to GPU mapping is heterogeneous. You can specify device_id in init_process_group()
I0913 02:40:24.284107 140650416301248 logger_utils.py:84] Creating experiment directory at /experiment_runs/submissions_a100/ademamix_golden/study_2/imagenet_resnet_pytorch.
I0913 02:40:24.284112 140458808919232 logger_utils.py:84] Creating experiment directory at /experiment_runs/submissions_a100/ademamix_golden/study_2/imagenet_resnet_pytorch.
I0913 02:40:24.284110 140557890745536 logger_utils.py:84] Creating experiment directory at /experiment_runs/submissions_a100/ademamix_golden/study_2/imagenet_resnet_pytorch.
I0913 02:40:24.284136 140514271229120 logger_utils.py:84] Creating experiment directory at /experiment_runs/submissions_a100/ademamix_golden/study_2/imagenet_resnet_pytorch.
I0913 02:40:24.307265 140514271229120 submission_runner.py:741] Creating directory at /experiment_runs/submissions_a100/ademamix_golden/study_2/imagenet_resnet_pytorch/trial_1.
I0913 02:40:24.644655 140514271229120 submission_runner.py:242] Initializing dataset.
I0913 02:40:43.101076 140514271229120 submission_runner.py:251] Initializing model.
I0913 02:40:43.563641 140514271229120 submission_runner.py:290] Performing `torch.compile`.
I0913 02:40:44.634777 140514271229120 submission_runner.py:294] Initializing optimizer.
I0913 02:40:44.635635 140514271229120 submission_runner.py:299] Initializing metrics bundle.
I0913 02:40:44.635784 140514271229120 submission_runner.py:321] Initializing checkpoint and logger.
I0913 02:40:44.636687 140514271229120 submission_runner.py:344] Saving meta data to /experiment_runs/submissions_a100/ademamix_golden/study_2/imagenet_resnet_pytorch/trial_1/meta_data_0.json.
I0913 02:40:44.898468 140514271229120 submission_runner.py:348] Saving flags to /experiment_runs/submissions_a100/ademamix_golden/study_2/imagenet_resnet_pytorch/trial_1/flags_0.json.
I0913 02:40:44.936172 140514271229120 submission_runner.py:359] Starting training loop.
/usr/local/lib/python3.11/multiprocessing/popen_fork.py:66: RuntimeWarning: os.fork() was called. os.fork() is incompatible with multithreaded code, and JAX is multithreaded, so this will likely lead to a deadlock.
  self.pid = os.fork()
/usr/local/lib/python3.11/multiprocessing/popen_fork.py:66: RuntimeWarning: os.fork() was called. os.fork() is incompatible with multithreaded code, and JAX is multithreaded, so this will likely lead to a deadlock.
  self.pid = os.fork()
/usr/local/lib/python3.11/multiprocessing/popen_fork.py:66: RuntimeWarning: os.fork() was called. os.fork() is incompatible with multithreaded code, and JAX is multithreaded, so this will likely lead to a deadlock.
  self.pid = os.fork()
/usr/local/lib/python3.11/multiprocessing/popen_fork.py:66: RuntimeWarning: os.fork() was called. os.fork() is incompatible with multithreaded code, and JAX is multithreaded, so this will likely lead to a deadlock.
  self.pid = os.fork()
[rank2]:W0913 02:40:59.315000 40 site-packages/torch/_logging/_internal.py:1199] [0/0] Profiler function <class 'torch.autograd.profiler.record_function'> will be ignored
[rank1]:W0913 02:41:00.103000 39 site-packages/torch/_logging/_internal.py:1199] [0/0] Profiler function <class 'torch.autograd.profiler.record_function'> will be ignored
[rank0]:W0913 02:41:04.265000 38 site-packages/torch/_logging/_internal.py:1199] [0/0] Profiler function <class 'torch.autograd.profiler.record_function'> will be ignored
[rank3]:W0913 02:41:08.226000 41 site-packages/torch/_logging/_internal.py:1199] [0/0] Profiler function <class 'torch.autograd.profiler.record_function'> will be ignored
/usr/local/lib/python3.11/site-packages/torch/autograd/graph.py:841: UserWarning: Grad strides do not match bucket view strides. This may indicate grad was not created according to the gradient layout contract, or that the param's strides changed since DDP was constructed.  This is not an error, but may impair performance.
grad.sizes() = [2048, 512, 1, 1], strides() = [512, 1, 512, 512]
bucket_view.sizes() = [2048, 512, 1, 1], strides() = [512, 1, 1, 1] (Triggered internally at /pytorch/torch/csrc/distributed/c10d/reducer.cpp:334.)
  return Variable._execution_engine.run_backward(  # Calls into the C++ engine to run the backward pass
/usr/local/lib/python3.11/site-packages/torch/autograd/graph.py:841: UserWarning: Grad strides do not match bucket view strides. This may indicate grad was not created according to the gradient layout contract, or that the param's strides changed since DDP was constructed.  This is not an error, but may impair performance.
grad.sizes() = [2048, 512, 1, 1], strides() = [512, 1, 512, 512]
bucket_view.sizes() = [2048, 512, 1, 1], strides() = [512, 1, 1, 1] (Triggered internally at /pytorch/torch/csrc/distributed/c10d/reducer.cpp:334.)
  return Variable._execution_engine.run_backward(  # Calls into the C++ engine to run the backward pass
/usr/local/lib/python3.11/site-packages/torch/autograd/graph.py:841: UserWarning: Grad strides do not match bucket view strides. This may indicate grad was not created according to the gradient layout contract, or that the param's strides changed since DDP was constructed.  This is not an error, but may impair performance.
grad.sizes() = [2048, 512, 1, 1], strides() = [512, 1, 512, 512]
bucket_view.sizes() = [2048, 512, 1, 1], strides() = [512, 1, 1, 1] (Triggered internally at /pytorch/torch/csrc/distributed/c10d/reducer.cpp:334.)
  return Variable._execution_engine.run_backward(  # Calls into the C++ engine to run the backward pass
/usr/local/lib/python3.11/site-packages/torch/autograd/graph.py:841: UserWarning: Grad strides do not match bucket view strides. This may indicate grad was not created according to the gradient layout contract, or that the param's strides changed since DDP was constructed.  This is not an error, but may impair performance.
grad.sizes() = [2048, 512, 1, 1], strides() = [512, 1, 512, 512]
bucket_view.sizes() = [2048, 512, 1, 1], strides() = [512, 1, 1, 1] (Triggered internally at /pytorch/torch/csrc/distributed/c10d/reducer.cpp:334.)
  return Variable._execution_engine.run_backward(  # Calls into the C++ engine to run the backward pass
I0913 02:42:42.583542 140494889809664 logging_writer.py:48] [0] global_step=0, grad_norm=0.499999, loss=6.92216
I0913 02:42:42.628801 140514271229120 submission.py:307] 0) loss = 6.922, grad_norm = 0.500
I0913 02:42:43.306879 140514271229120 spec.py:333] Evaluating on the training split.
/usr/local/lib/python3.11/site-packages/torch/distributed/distributed_c10d.py:4876: UserWarning: barrier(): using the device under current context. You can specify `device_id` in `init_process_group` to mute this warning.
  warnings.warn(  # warn only once
/usr/local/lib/python3.11/multiprocessing/popen_fork.py:66: RuntimeWarning: os.fork() was called. os.fork() is incompatible with multithreaded code, and JAX is multithreaded, so this will likely lead to a deadlock.
  self.pid = os.fork()
/usr/local/lib/python3.11/multiprocessing/popen_fork.py:66: RuntimeWarning: os.fork() was called. os.fork() is incompatible with multithreaded code, and JAX is multithreaded, so this will likely lead to a deadlock.
  self.pid = os.fork()
/usr/local/lib/python3.11/multiprocessing/popen_fork.py:66: RuntimeWarning: os.fork() was called. os.fork() is incompatible with multithreaded code, and JAX is multithreaded, so this will likely lead to a deadlock.
  self.pid = os.fork()
/usr/local/lib/python3.11/multiprocessing/popen_fork.py:66: RuntimeWarning: os.fork() was called. os.fork() is incompatible with multithreaded code, and JAX is multithreaded, so this will likely lead to a deadlock.
  self.pid = os.fork()
/usr/local/lib/python3.11/site-packages/torch/_dynamo/variables/functions.py:1598: UserWarning: Dynamo does not know how to trace the builtin `torch._C._distributed_c10d.pybind11_detail_function_record_v1_system_libstdcpp_gxx_abi_1xxx_use_cxx11_abi_1._broadcast_coalesced.` This function is either a Python builtin (e.g. _warnings.warn) or a third-party C/C++ Python extension (perhaps created with pybind).
If it is a Python builtin, please file an issue on GitHub so the PyTorch team can add support for it and see the next case for a workaround.
If it is a third-party C/C++ Python extension, please either wrap it into a PyTorch-understood custom operator (see https://pytorch.org/tutorials/advanced/custom_ops_landing_page.html for more details) or, if it is traceable, use `torch.compiler.allow_in_graph`.
  torch._dynamo.utils.warn_once(explanation + "\n" + "\n".join(hints))
/usr/local/lib/python3.11/site-packages/torch/_dynamo/variables/functions.py:1598: UserWarning: Dynamo does not know how to trace the builtin `torch._C._distributed_c10d.pybind11_detail_function_record_v1_system_libstdcpp_gxx_abi_1xxx_use_cxx11_abi_1._broadcast_coalesced.` This function is either a Python builtin (e.g. _warnings.warn) or a third-party C/C++ Python extension (perhaps created with pybind).
If it is a Python builtin, please file an issue on GitHub so the PyTorch team can add support for it and see the next case for a workaround.
If it is a third-party C/C++ Python extension, please either wrap it into a PyTorch-understood custom operator (see https://pytorch.org/tutorials/advanced/custom_ops_landing_page.html for more details) or, if it is traceable, use `torch.compiler.allow_in_graph`.
  torch._dynamo.utils.warn_once(explanation + "\n" + "\n".join(hints))
/usr/local/lib/python3.11/site-packages/torch/_dynamo/variables/functions.py:1598: UserWarning: Dynamo does not know how to trace the builtin `torch._C._distributed_c10d.pybind11_detail_function_record_v1_system_libstdcpp_gxx_abi_1xxx_use_cxx11_abi_1._broadcast_coalesced.` This function is either a Python builtin (e.g. _warnings.warn) or a third-party C/C++ Python extension (perhaps created with pybind).
If it is a Python builtin, please file an issue on GitHub so the PyTorch team can add support for it and see the next case for a workaround.
If it is a third-party C/C++ Python extension, please either wrap it into a PyTorch-understood custom operator (see https://pytorch.org/tutorials/advanced/custom_ops_landing_page.html for more details) or, if it is traceable, use `torch.compiler.allow_in_graph`.
  torch._dynamo.utils.warn_once(explanation + "\n" + "\n".join(hints))
/usr/local/lib/python3.11/site-packages/torch/_dynamo/variables/functions.py:1598: UserWarning: Dynamo does not know how to trace the builtin `torch._C._distributed_c10d.pybind11_detail_function_record_v1_system_libstdcpp_gxx_abi_1xxx_use_cxx11_abi_1._broadcast_coalesced.` This function is either a Python builtin (e.g. _warnings.warn) or a third-party C/C++ Python extension (perhaps created with pybind).
If it is a Python builtin, please file an issue on GitHub so the PyTorch team can add support for it and see the next case for a workaround.
If it is a third-party C/C++ Python extension, please either wrap it into a PyTorch-understood custom operator (see https://pytorch.org/tutorials/advanced/custom_ops_landing_page.html for more details) or, if it is traceable, use `torch.compiler.allow_in_graph`.
  torch._dynamo.utils.warn_once(explanation + "\n" + "\n".join(hints))
I0913 02:43:44.957569 140514271229120 spec.py:346] Evaluating on the validation split.
/usr/local/lib/python3.11/site-packages/torch/distributed/distributed_c10d.py:4876: UserWarning: barrier(): using the device under current context. You can specify `device_id` in `init_process_group` to mute this warning.
  warnings.warn(  # warn only once
/usr/local/lib/python3.11/multiprocessing/popen_fork.py:66: RuntimeWarning: os.fork() was called. os.fork() is incompatible with multithreaded code, and JAX is multithreaded, so this will likely lead to a deadlock.
  self.pid = os.fork()
/usr/local/lib/python3.11/multiprocessing/popen_fork.py:66: RuntimeWarning: os.fork() was called. os.fork() is incompatible with multithreaded code, and JAX is multithreaded, so this will likely lead to a deadlock.
  self.pid = os.fork()
/usr/local/lib/python3.11/multiprocessing/popen_fork.py:66: RuntimeWarning: os.fork() was called. os.fork() is incompatible with multithreaded code, and JAX is multithreaded, so this will likely lead to a deadlock.
  self.pid = os.fork()
/usr/local/lib/python3.11/multiprocessing/popen_fork.py:66: RuntimeWarning: os.fork() was called. os.fork() is incompatible with multithreaded code, and JAX is multithreaded, so this will likely lead to a deadlock.
  self.pid = os.fork()
I0913 02:45:23.341403 140514271229120 spec.py:363] Evaluating on the test split.
I0913 02:45:23.560228 140514271229120 dataset_info.py:707] Load dataset info from /data/imagenet/pytorch/imagenet_v2/matched-frequency/3.0.0
I0913 02:45:23.599432 140514271229120 reader.py:262] Creating a tf.data.Dataset reading 16 files located in folders: /data/imagenet/pytorch/imagenet_v2/matched-frequency/3.0.0.
I0913 02:45:23.672708 140514271229120 logging_logger.py:49] Constructing tf.data.Dataset imagenet_v2 for split test, from /data/imagenet/pytorch/imagenet_v2/matched-frequency/3.0.0
I0913 02:45:51.340041 140514271229120 submission_runner.py:516] Time since start: 306.40s, 	Step: 1, 	{'train/accuracy': 0.0010363520408163266, 'train/loss': 6.913094034000319, 'validation/accuracy': 0.00048, 'validation/loss': 6.91549375, 'validation/num_examples': 50000, 'test/accuracy': 0.0011, 'test/loss': 6.913284375, 'test/num_examples': 10000, 'score': 117.69383144378662, 'total_duration': 306.40399718284607, 'accumulated_submission_time': 117.69383144378662, 'accumulated_eval_time': 188.03324580192566, 'accumulated_logging_time': 0}
I0913 02:45:51.361833 140455723267840 logging_writer.py:48] [1] accumulated_eval_time=188.033, accumulated_logging_time=0, accumulated_submission_time=117.694, global_step=1, preemption_count=0, score=117.694, test/accuracy=0.0011, test/loss=6.91328, test/num_examples=10000, total_duration=306.404, train/accuracy=0.00103635, train/loss=6.91309, validation/accuracy=0.00048, validation/loss=6.91549, validation/num_examples=50000
I0913 02:45:53.121860 140455714875136 logging_writer.py:48] [1] global_step=1, grad_norm=0.499999, loss=6.92548
I0913 02:45:53.124892 140514271229120 submission.py:307] 1) loss = 6.925, grad_norm = 0.500
I0913 02:45:53.410806 140455723267840 logging_writer.py:48] [2] global_step=2, grad_norm=0.499999, loss=6.92674
I0913 02:45:53.414064 140514271229120 submission.py:307] 2) loss = 6.927, grad_norm = 0.500
I0913 02:45:53.687753 140455714875136 logging_writer.py:48] [3] global_step=3, grad_norm=0.499999, loss=6.92515
I0913 02:45:53.690816 140514271229120 submission.py:307] 3) loss = 6.925, grad_norm = 0.500
I0913 02:45:54.029730 140455723267840 logging_writer.py:48] [4] global_step=4, grad_norm=0.499999, loss=6.92283
I0913 02:45:54.032961 140514271229120 submission.py:307] 4) loss = 6.923, grad_norm = 0.500
I0913 02:45:54.431356 140455714875136 logging_writer.py:48] [5] global_step=5, grad_norm=0.499999, loss=6.92046
I0913 02:45:54.434638 140514271229120 submission.py:307] 5) loss = 6.920, grad_norm = 0.500
I0913 02:45:54.745478 140455723267840 logging_writer.py:48] [6] global_step=6, grad_norm=0.499999, loss=6.91916
I0913 02:45:54.748706 140514271229120 submission.py:307] 6) loss = 6.919, grad_norm = 0.500
I0913 02:45:55.075903 140455714875136 logging_writer.py:48] [7] global_step=7, grad_norm=0.499999, loss=6.929
I0913 02:45:55.079237 140514271229120 submission.py:307] 7) loss = 6.929, grad_norm = 0.500
I0913 02:45:55.435167 140455723267840 logging_writer.py:48] [8] global_step=8, grad_norm=0.499999, loss=6.91383
I0913 02:45:55.439304 140514271229120 submission.py:307] 8) loss = 6.914, grad_norm = 0.500
I0913 02:45:55.824584 140455714875136 logging_writer.py:48] [9] global_step=9, grad_norm=0.499999, loss=6.91548
I0913 02:45:55.829273 140514271229120 submission.py:307] 9) loss = 6.915, grad_norm = 0.500
I0913 02:45:56.149567 140455723267840 logging_writer.py:48] [10] global_step=10, grad_norm=0.499999, loss=6.93493
I0913 02:45:56.154302 140514271229120 submission.py:307] 10) loss = 6.935, grad_norm = 0.500
I0913 02:45:56.456129 140455714875136 logging_writer.py:48] [11] global_step=11, grad_norm=0.499999, loss=6.9334
I0913 02:45:56.459509 140514271229120 submission.py:307] 11) loss = 6.933, grad_norm = 0.500
I0913 02:45:56.772262 140455723267840 logging_writer.py:48] [12] global_step=12, grad_norm=0.499999, loss=6.92623
I0913 02:45:56.777846 140514271229120 submission.py:307] 12) loss = 6.926, grad_norm = 0.500
I0913 02:45:57.111949 140455714875136 logging_writer.py:48] [13] global_step=13, grad_norm=0.499999, loss=6.92665
I0913 02:45:57.130725 140514271229120 submission.py:307] 13) loss = 6.927, grad_norm = 0.500
I0913 02:45:57.457497 140455723267840 logging_writer.py:48] [14] global_step=14, grad_norm=0.499999, loss=6.93356
I0913 02:45:57.464560 140514271229120 submission.py:307] 14) loss = 6.934, grad_norm = 0.500
I0913 02:45:57.834955 140455714875136 logging_writer.py:48] [15] global_step=15, grad_norm=0.499999, loss=6.92486
I0913 02:45:57.840969 140514271229120 submission.py:307] 15) loss = 6.925, grad_norm = 0.500
I0913 02:45:58.209248 140455723267840 logging_writer.py:48] [16] global_step=16, grad_norm=0.499999, loss=6.93278
I0913 02:45:58.221342 140514271229120 submission.py:307] 16) loss = 6.933, grad_norm = 0.500
I0913 02:45:58.558937 140455714875136 logging_writer.py:48] [17] global_step=17, grad_norm=0.499999, loss=6.91763
I0913 02:45:58.570076 140514271229120 submission.py:307] 17) loss = 6.918, grad_norm = 0.500
I0913 02:45:58.942667 140455723267840 logging_writer.py:48] [18] global_step=18, grad_norm=0.499999, loss=6.92143
I0913 02:45:58.962928 140514271229120 submission.py:307] 18) loss = 6.921, grad_norm = 0.500
I0913 02:45:59.276869 140455714875136 logging_writer.py:48] [19] global_step=19, grad_norm=0.499999, loss=6.92033
I0913 02:45:59.292801 140514271229120 submission.py:307] 19) loss = 6.920, grad_norm = 0.500
I0913 02:45:59.609597 140455723267840 logging_writer.py:48] [20] global_step=20, grad_norm=0.499999, loss=6.92592
I0913 02:45:59.613582 140514271229120 submission.py:307] 20) loss = 6.926, grad_norm = 0.500
I0913 02:45:59.956305 140455714875136 logging_writer.py:48] [21] global_step=21, grad_norm=0.499999, loss=6.92787
I0913 02:45:59.959499 140514271229120 submission.py:307] 21) loss = 6.928, grad_norm = 0.500
I0913 02:46:00.222577 140455723267840 logging_writer.py:48] [22] global_step=22, grad_norm=0.499999, loss=6.925
I0913 02:46:00.237239 140514271229120 submission.py:307] 22) loss = 6.925, grad_norm = 0.500
I0913 02:46:00.573362 140455714875136 logging_writer.py:48] [23] global_step=23, grad_norm=0.499999, loss=6.9245
I0913 02:46:00.607747 140514271229120 submission.py:307] 23) loss = 6.925, grad_norm = 0.500
I0913 02:46:00.990289 140455723267840 logging_writer.py:48] [24] global_step=24, grad_norm=0.499999, loss=6.91689
I0913 02:46:01.036317 140514271229120 submission.py:307] 24) loss = 6.917, grad_norm = 0.500
I0913 02:46:01.456398 140455714875136 logging_writer.py:48] [25] global_step=25, grad_norm=0.499999, loss=6.92513
I0913 02:46:01.489113 140514271229120 submission.py:307] 25) loss = 6.925, grad_norm = 0.500
I0913 02:46:01.816308 140455723267840 logging_writer.py:48] [26] global_step=26, grad_norm=0.499999, loss=6.92196
I0913 02:46:01.821289 140514271229120 submission.py:307] 26) loss = 6.922, grad_norm = 0.500
I0913 02:46:02.094276 140455714875136 logging_writer.py:48] [27] global_step=27, grad_norm=0.499999, loss=6.91605
I0913 02:46:02.097264 140514271229120 submission.py:307] 27) loss = 6.916, grad_norm = 0.500
I0913 02:46:02.386655 140455723267840 logging_writer.py:48] [28] global_step=28, grad_norm=0.499999, loss=6.93263
I0913 02:46:02.389662 140514271229120 submission.py:307] 28) loss = 6.933, grad_norm = 0.500
I0913 02:46:02.675414 140455714875136 logging_writer.py:48] [29] global_step=29, grad_norm=0.499999, loss=6.92304
I0913 02:46:02.679157 140514271229120 submission.py:307] 29) loss = 6.923, grad_norm = 0.500
I0913 02:46:03.084880 140455723267840 logging_writer.py:48] [30] global_step=30, grad_norm=0.499999, loss=6.92744
I0913 02:46:03.111455 140514271229120 submission.py:307] 30) loss = 6.927, grad_norm = 0.500
I0913 02:46:03.557242 140455714875136 logging_writer.py:48] [31] global_step=31, grad_norm=0.499999, loss=6.92882
I0913 02:46:03.577655 140514271229120 submission.py:307] 31) loss = 6.929, grad_norm = 0.500
I0913 02:46:03.898907 140455723267840 logging_writer.py:48] [32] global_step=32, grad_norm=0.499999, loss=6.91806
I0913 02:46:03.902130 140514271229120 submission.py:307] 32) loss = 6.918, grad_norm = 0.500
I0913 02:46:04.216420 140455714875136 logging_writer.py:48] [33] global_step=33, grad_norm=0.499999, loss=6.91804
I0913 02:46:04.220784 140514271229120 submission.py:307] 33) loss = 6.918, grad_norm = 0.500
I0913 02:46:04.514967 140455723267840 logging_writer.py:48] [34] global_step=34, grad_norm=0.499999, loss=6.92402
I0913 02:46:04.518010 140514271229120 submission.py:307] 34) loss = 6.924, grad_norm = 0.500
I0913 02:46:04.885226 140455714875136 logging_writer.py:48] [35] global_step=35, grad_norm=0.499999, loss=6.92649
I0913 02:46:04.935875 140514271229120 submission.py:307] 35) loss = 6.926, grad_norm = 0.500
I0913 02:46:05.541225 140455723267840 logging_writer.py:48] [36] global_step=36, grad_norm=0.499999, loss=6.92062
I0913 02:46:05.587137 140514271229120 submission.py:307] 36) loss = 6.921, grad_norm = 0.500
I0913 02:46:05.995994 140455714875136 logging_writer.py:48] [37] global_step=37, grad_norm=0.499999, loss=6.92242
I0913 02:46:05.999060 140514271229120 submission.py:307] 37) loss = 6.922, grad_norm = 0.500
I0913 02:46:06.294274 140455723267840 logging_writer.py:48] [38] global_step=38, grad_norm=0.499999, loss=6.91125
I0913 02:46:06.297266 140514271229120 submission.py:307] 38) loss = 6.911, grad_norm = 0.500
I0913 02:46:06.593253 140455714875136 logging_writer.py:48] [39] global_step=39, grad_norm=0.499999, loss=6.92818
I0913 02:46:06.600039 140514271229120 submission.py:307] 39) loss = 6.928, grad_norm = 0.500
I0913 02:46:07.130118 140455723267840 logging_writer.py:48] [40] global_step=40, grad_norm=0.499999, loss=6.92285
I0913 02:46:07.148998 140514271229120 submission.py:307] 40) loss = 6.923, grad_norm = 0.500
I0913 02:46:07.721217 140455714875136 logging_writer.py:48] [41] global_step=41, grad_norm=0.499999, loss=6.92041
I0913 02:46:07.755089 140514271229120 submission.py:307] 41) loss = 6.920, grad_norm = 0.500
I0913 02:46:08.165732 140455723267840 logging_writer.py:48] [42] global_step=42, grad_norm=0.499999, loss=6.91592
I0913 02:46:08.171030 140514271229120 submission.py:307] 42) loss = 6.916, grad_norm = 0.500
I0913 02:46:08.491838 140455714875136 logging_writer.py:48] [43] global_step=43, grad_norm=0.499999, loss=6.91588
I0913 02:46:08.495609 140514271229120 submission.py:307] 43) loss = 6.916, grad_norm = 0.500
I0913 02:46:08.865222 140455723267840 logging_writer.py:48] [44] global_step=44, grad_norm=0.499999, loss=6.91888
I0913 02:46:08.875980 140514271229120 submission.py:307] 44) loss = 6.919, grad_norm = 0.500
I0913 02:46:09.311389 140455714875136 logging_writer.py:48] [45] global_step=45, grad_norm=0.499999, loss=6.92483
I0913 02:46:09.323806 140514271229120 submission.py:307] 45) loss = 6.925, grad_norm = 0.500
I0913 02:46:09.845654 140455723267840 logging_writer.py:48] [46] global_step=46, grad_norm=0.499999, loss=6.91691
I0913 02:46:09.851060 140514271229120 submission.py:307] 46) loss = 6.917, grad_norm = 0.500
I0913 02:46:10.159313 140455714875136 logging_writer.py:48] [47] global_step=47, grad_norm=0.499999, loss=6.92445
I0913 02:46:10.162402 140514271229120 submission.py:307] 47) loss = 6.924, grad_norm = 0.500
I0913 02:46:10.505329 140455723267840 logging_writer.py:48] [48] global_step=48, grad_norm=0.499999, loss=6.91306
I0913 02:46:10.508986 140514271229120 submission.py:307] 48) loss = 6.913, grad_norm = 0.500
I0913 02:46:11.085234 140455714875136 logging_writer.py:48] [49] global_step=49, grad_norm=0.499999, loss=6.91409
I0913 02:46:11.133007 140514271229120 submission.py:307] 49) loss = 6.914, grad_norm = 0.500
I0913 02:46:11.816141 140455723267840 logging_writer.py:48] [50] global_step=50, grad_norm=0.499999, loss=6.92213
I0913 02:46:11.831662 140514271229120 submission.py:307] 50) loss = 6.922, grad_norm = 0.500
I0913 02:46:12.182626 140455714875136 logging_writer.py:48] [51] global_step=51, grad_norm=0.499999, loss=6.91064
I0913 02:46:12.186053 140514271229120 submission.py:307] 51) loss = 6.911, grad_norm = 0.500
I0913 02:46:12.496457 140455723267840 logging_writer.py:48] [52] global_step=52, grad_norm=0.499999, loss=6.91282
I0913 02:46:12.499747 140514271229120 submission.py:307] 52) loss = 6.913, grad_norm = 0.500
I0913 02:46:12.817211 140455714875136 logging_writer.py:48] [53] global_step=53, grad_norm=0.499999, loss=6.91586
I0913 02:46:12.844282 140514271229120 submission.py:307] 53) loss = 6.916, grad_norm = 0.500
I0913 02:46:13.253211 140455723267840 logging_writer.py:48] [54] global_step=54, grad_norm=0.499999, loss=6.90244
I0913 02:46:13.308851 140514271229120 submission.py:307] 54) loss = 6.902, grad_norm = 0.500
I0913 02:46:13.932094 140455714875136 logging_writer.py:48] [55] global_step=55, grad_norm=0.499999, loss=6.90639
I0913 02:46:14.010385 140514271229120 submission.py:307] 55) loss = 6.906, grad_norm = 0.500
I0913 02:46:14.336534 140455723267840 logging_writer.py:48] [56] global_step=56, grad_norm=0.499999, loss=6.92391
I0913 02:46:14.339511 140514271229120 submission.py:307] 56) loss = 6.924, grad_norm = 0.500
I0913 02:46:14.638348 140455714875136 logging_writer.py:48] [57] global_step=57, grad_norm=0.499999, loss=6.92037
I0913 02:46:14.643428 140514271229120 submission.py:307] 57) loss = 6.920, grad_norm = 0.500
I0913 02:46:14.993362 140455723267840 logging_writer.py:48] [58] global_step=58, grad_norm=0.499999, loss=6.90298
I0913 02:46:15.054990 140514271229120 submission.py:307] 58) loss = 6.903, grad_norm = 0.500
I0913 02:46:15.604407 140455714875136 logging_writer.py:48] [59] global_step=59, grad_norm=0.499999, loss=6.90966
I0913 02:46:15.656446 140514271229120 submission.py:307] 59) loss = 6.910, grad_norm = 0.500
I0913 02:46:16.097481 140455723267840 logging_writer.py:48] [60] global_step=60, grad_norm=0.499999, loss=6.92318
I0913 02:46:16.102180 140514271229120 submission.py:307] 60) loss = 6.923, grad_norm = 0.500
I0913 02:46:16.433702 140455714875136 logging_writer.py:48] [61] global_step=61, grad_norm=0.499999, loss=6.9232
I0913 02:46:16.440587 140514271229120 submission.py:307] 61) loss = 6.923, grad_norm = 0.500
I0913 02:46:16.736635 140455723267840 logging_writer.py:48] [62] global_step=62, grad_norm=0.499999, loss=6.91336
I0913 02:46:16.741057 140514271229120 submission.py:307] 62) loss = 6.913, grad_norm = 0.500
I0913 02:46:17.261626 140455714875136 logging_writer.py:48] [63] global_step=63, grad_norm=0.499999, loss=6.91845
I0913 02:46:17.285759 140514271229120 submission.py:307] 63) loss = 6.918, grad_norm = 0.500
I0913 02:46:18.053771 140455723267840 logging_writer.py:48] [64] global_step=64, grad_norm=0.499999, loss=6.91623
I0913 02:46:18.088458 140514271229120 submission.py:307] 64) loss = 6.916, grad_norm = 0.500
I0913 02:46:18.484918 140455714875136 logging_writer.py:48] [65] global_step=65, grad_norm=0.499999, loss=6.92355
I0913 02:46:18.487896 140514271229120 submission.py:307] 65) loss = 6.924, grad_norm = 0.500
I0913 02:46:18.821224 140455723267840 logging_writer.py:48] [66] global_step=66, grad_norm=0.499999, loss=6.91266
I0913 02:46:18.840023 140514271229120 submission.py:307] 66) loss = 6.913, grad_norm = 0.500
I0913 02:46:19.500155 140455714875136 logging_writer.py:48] [67] global_step=67, grad_norm=0.499999, loss=6.90992
I0913 02:46:19.544495 140514271229120 submission.py:307] 67) loss = 6.910, grad_norm = 0.500
I0913 02:46:20.146606 140455723267840 logging_writer.py:48] [68] global_step=68, grad_norm=0.499999, loss=6.90758
I0913 02:46:20.149811 140514271229120 submission.py:307] 68) loss = 6.908, grad_norm = 0.500
I0913 02:46:20.464291 140455714875136 logging_writer.py:48] [69] global_step=69, grad_norm=0.499999, loss=6.90592
I0913 02:46:20.480184 140514271229120 submission.py:307] 69) loss = 6.906, grad_norm = 0.500
I0913 02:46:20.977794 140455723267840 logging_writer.py:48] [70] global_step=70, grad_norm=0.499999, loss=6.91432
I0913 02:46:21.006054 140514271229120 submission.py:307] 70) loss = 6.914, grad_norm = 0.500
I0913 02:46:21.507154 140455714875136 logging_writer.py:48] [71] global_step=71, grad_norm=0.499999, loss=6.90337
I0913 02:46:21.537403 140514271229120 submission.py:307] 71) loss = 6.903, grad_norm = 0.500
I0913 02:46:22.207471 140455723267840 logging_writer.py:48] [72] global_step=72, grad_norm=0.499999, loss=6.90867
I0913 02:46:22.288594 140514271229120 submission.py:307] 72) loss = 6.909, grad_norm = 0.500
I0913 02:46:22.685683 140455714875136 logging_writer.py:48] [73] global_step=73, grad_norm=0.499999, loss=6.91152
I0913 02:46:22.688845 140514271229120 submission.py:307] 73) loss = 6.912, grad_norm = 0.500
I0913 02:46:22.985328 140455723267840 logging_writer.py:48] [74] global_step=74, grad_norm=0.499999, loss=6.9133
I0913 02:46:23.006158 140514271229120 submission.py:307] 74) loss = 6.913, grad_norm = 0.500
I0913 02:46:23.381552 140455714875136 logging_writer.py:48] [75] global_step=75, grad_norm=0.499999, loss=6.88865
I0913 02:46:23.407792 140514271229120 submission.py:307] 75) loss = 6.889, grad_norm = 0.500
I0913 02:46:23.857216 140455723267840 logging_writer.py:48] [76] global_step=76, grad_norm=0.499999, loss=6.91268
I0913 02:46:23.892663 140514271229120 submission.py:307] 76) loss = 6.913, grad_norm = 0.500
I0913 02:46:24.305084 140455714875136 logging_writer.py:48] [77] global_step=77, grad_norm=0.499999, loss=6.90356
I0913 02:46:24.308304 140514271229120 submission.py:307] 77) loss = 6.904, grad_norm = 0.500
I0913 02:46:24.633614 140455723267840 logging_writer.py:48] [78] global_step=78, grad_norm=0.499999, loss=6.89867
I0913 02:46:24.665892 140514271229120 submission.py:307] 78) loss = 6.899, grad_norm = 0.500
I0913 02:46:25.197233 140455714875136 logging_writer.py:48] [79] global_step=79, grad_norm=0.499999, loss=6.90705
I0913 02:46:25.238072 140514271229120 submission.py:307] 79) loss = 6.907, grad_norm = 0.500
I0913 02:46:25.772530 140455723267840 logging_writer.py:48] [80] global_step=80, grad_norm=0.499999, loss=6.90579
I0913 02:46:25.777929 140514271229120 submission.py:307] 80) loss = 6.906, grad_norm = 0.500
I0913 02:46:26.088659 140455714875136 logging_writer.py:48] [81] global_step=81, grad_norm=0.499999, loss=6.90409
I0913 02:46:26.091726 140514271229120 submission.py:307] 81) loss = 6.904, grad_norm = 0.500
I0913 02:46:26.371249 140455723267840 logging_writer.py:48] [82] global_step=82, grad_norm=0.499999, loss=6.89637
I0913 02:46:26.374248 140514271229120 submission.py:307] 82) loss = 6.896, grad_norm = 0.500
I0913 02:46:26.733212 140455714875136 logging_writer.py:48] [83] global_step=83, grad_norm=0.499999, loss=6.90591
I0913 02:46:26.761585 140514271229120 submission.py:307] 83) loss = 6.906, grad_norm = 0.500
I0913 02:46:27.268262 140455723267840 logging_writer.py:48] [84] global_step=84, grad_norm=0.499999, loss=6.89787
I0913 02:46:27.288372 140514271229120 submission.py:307] 84) loss = 6.898, grad_norm = 0.500
I0913 02:46:27.777243 140455714875136 logging_writer.py:48] [85] global_step=85, grad_norm=0.499999, loss=6.89504
I0913 02:46:27.816313 140514271229120 submission.py:307] 85) loss = 6.895, grad_norm = 0.500
I0913 02:46:28.123904 140455723267840 logging_writer.py:48] [86] global_step=86, grad_norm=0.499999, loss=6.89378
I0913 02:46:28.126930 140514271229120 submission.py:307] 86) loss = 6.894, grad_norm = 0.500
I0913 02:46:28.399043 140455714875136 logging_writer.py:48] [87] global_step=87, grad_norm=0.499999, loss=6.9038
I0913 02:46:28.403331 140514271229120 submission.py:307] 87) loss = 6.904, grad_norm = 0.500
I0913 02:46:28.705207 140455723267840 logging_writer.py:48] [88] global_step=88, grad_norm=0.499999, loss=6.89328
I0913 02:46:28.720600 140514271229120 submission.py:307] 88) loss = 6.893, grad_norm = 0.500
I0913 02:46:29.197217 140455714875136 logging_writer.py:48] [89] global_step=89, grad_norm=0.499999, loss=6.90544
I0913 02:46:29.269737 140514271229120 submission.py:307] 89) loss = 6.905, grad_norm = 0.500
I0913 02:46:29.846504 140455723267840 logging_writer.py:48] [90] global_step=90, grad_norm=0.499999, loss=6.90191
I0913 02:46:29.853908 140514271229120 submission.py:307] 90) loss = 6.902, grad_norm = 0.500
I0913 02:46:30.125110 140455714875136 logging_writer.py:48] [91] global_step=91, grad_norm=0.499999, loss=6.89853
I0913 02:46:30.128157 140514271229120 submission.py:307] 91) loss = 6.899, grad_norm = 0.500
I0913 02:46:30.435811 140455723267840 logging_writer.py:48] [92] global_step=92, grad_norm=0.499999, loss=6.90409
I0913 02:46:30.438640 140514271229120 submission.py:307] 92) loss = 6.904, grad_norm = 0.500
I0913 02:46:30.757209 140455714875136 logging_writer.py:48] [93] global_step=93, grad_norm=0.499999, loss=6.89762
I0913 02:46:30.776295 140514271229120 submission.py:307] 93) loss = 6.898, grad_norm = 0.500
I0913 02:46:31.259828 140455723267840 logging_writer.py:48] [94] global_step=94, grad_norm=0.499999, loss=6.89462
I0913 02:46:31.277759 140514271229120 submission.py:307] 94) loss = 6.895, grad_norm = 0.500
I0913 02:46:31.733196 140455714875136 logging_writer.py:48] [95] global_step=95, grad_norm=0.499999, loss=6.89926
I0913 02:46:31.757104 140514271229120 submission.py:307] 95) loss = 6.899, grad_norm = 0.500
I0913 02:46:32.088593 140455723267840 logging_writer.py:48] [96] global_step=96, grad_norm=0.499999, loss=6.90459
I0913 02:46:32.092005 140514271229120 submission.py:307] 96) loss = 6.905, grad_norm = 0.500
I0913 02:46:32.351781 140455714875136 logging_writer.py:48] [97] global_step=97, grad_norm=0.499999, loss=6.89606
I0913 02:46:32.354762 140514271229120 submission.py:307] 97) loss = 6.896, grad_norm = 0.500
I0913 02:46:32.614517 140455723267840 logging_writer.py:48] [98] global_step=98, grad_norm=0.499999, loss=6.89268
I0913 02:46:32.617499 140514271229120 submission.py:307] 98) loss = 6.893, grad_norm = 0.500
I0913 02:46:32.937855 140455714875136 logging_writer.py:48] [99] global_step=99, grad_norm=0.499999, loss=6.90216
I0913 02:46:32.948037 140514271229120 submission.py:307] 99) loss = 6.902, grad_norm = 0.500
I0913 02:46:33.363942 140455723267840 logging_writer.py:48] [100] global_step=100, grad_norm=0.499999, loss=6.89375
I0913 02:46:33.402614 140514271229120 submission.py:307] 100) loss = 6.894, grad_norm = 0.500
I0913 02:49:50.761147 140455714875136 logging_writer.py:48] [500] global_step=500, grad_norm=0.499999, loss=6.45762
I0913 02:49:50.765337 140514271229120 submission.py:307] 500) loss = 6.458, grad_norm = 0.500
I0913 02:55:23.174470 140455723267840 logging_writer.py:48] [1000] global_step=1000, grad_norm=0.5, loss=5.85945
I0913 02:55:23.178612 140514271229120 submission.py:307] 1000) loss = 5.859, grad_norm = 0.500
I0913 03:00:16.838948 140455714875136 logging_writer.py:48] [1500] global_step=1500, grad_norm=0.5, loss=5.41729
I0913 03:00:16.844303 140514271229120 submission.py:307] 1500) loss = 5.417, grad_norm = 0.500
I0913 03:05:10.271483 140455723267840 logging_writer.py:48] [2000] global_step=2000, grad_norm=0.5, loss=5.10245
I0913 03:05:10.275540 140514271229120 submission.py:307] 2000) loss = 5.102, grad_norm = 0.500
I0913 03:12:55.274756 140455714875136 logging_writer.py:48] [2500] global_step=2500, grad_norm=0.5, loss=4.76279
I0913 03:12:55.278380 140514271229120 submission.py:307] 2500) loss = 4.763, grad_norm = 0.500
I0913 03:16:37.112042 140455723267840 logging_writer.py:48] [3000] global_step=3000, grad_norm=0.5, loss=4.36397
I0913 03:16:37.116330 140514271229120 submission.py:307] 3000) loss = 4.364, grad_norm = 0.500
I0913 03:19:08.563258 140514271229120 spec.py:333] Evaluating on the training split.
/usr/local/lib/python3.11/multiprocessing/popen_fork.py:66: RuntimeWarning: os.fork() was called. os.fork() is incompatible with multithreaded code, and JAX is multithreaded, so this will likely lead to a deadlock.
  self.pid = os.fork()
/usr/local/lib/python3.11/multiprocessing/popen_fork.py:66: RuntimeWarning: os.fork() was called. os.fork() is incompatible with multithreaded code, and JAX is multithreaded, so this will likely lead to a deadlock.
  self.pid = os.fork()
/usr/local/lib/python3.11/multiprocessing/popen_fork.py:66: RuntimeWarning: os.fork() was called. os.fork() is incompatible with multithreaded code, and JAX is multithreaded, so this will likely lead to a deadlock.
  self.pid = os.fork()
/usr/local/lib/python3.11/multiprocessing/popen_fork.py:66: RuntimeWarning: os.fork() was called. os.fork() is incompatible with multithreaded code, and JAX is multithreaded, so this will likely lead to a deadlock.
  self.pid = os.fork()
I0913 03:19:52.705940 140514271229120 spec.py:346] Evaluating on the validation split.
I0913 03:21:07.049565 140514271229120 spec.py:363] Evaluating on the test split.
I0913 03:21:09.604593 140514271229120 submission_runner.py:516] Time since start: 2424.67s, 	Step: 3229, 	{'train/accuracy': 0.16212930484693877, 'train/loss': 5.140706276407047, 'validation/accuracy': 0.15864, 'validation/loss': 4.9367896875, 'validation/num_examples': 50000, 'test/accuracy': 0.1165, 'test/loss': 4.81738046875, 'test/num_examples': 10000, 'score': 2108.175397634506, 'total_duration': 2424.668477535248, 'accumulated_submission_time': 2108.175397634506, 'accumulated_eval_time': 309.07459807395935, 'accumulated_logging_time': 0.031135082244873047}
I0913 03:21:09.940368 140456016893696 logging_writer.py:48] [3229] accumulated_eval_time=309.075, accumulated_logging_time=0.0311351, accumulated_submission_time=2108.18, global_step=3229, preemption_count=0, score=2108.18, test/accuracy=0.1165, test/loss=4.81738, test/num_examples=10000, total_duration=2424.67, train/accuracy=0.162129, train/loss=5.14071, validation/accuracy=0.15864, validation/loss=4.93679, validation/num_examples=50000
I0913 03:24:47.673080 140456025286400 logging_writer.py:48] [3500] global_step=3500, grad_norm=0.5, loss=4.15734
I0913 03:24:47.676975 140514271229120 submission.py:307] 3500) loss = 4.157, grad_norm = 0.500
I0913 03:31:09.345628 140456016893696 logging_writer.py:48] [4000] global_step=4000, grad_norm=0.5, loss=3.8814
I0913 03:31:09.349660 140514271229120 submission.py:307] 4000) loss = 3.881, grad_norm = 0.500
I0913 03:36:07.930160 140456025286400 logging_writer.py:48] [4500] global_step=4500, grad_norm=0.5, loss=3.5198
I0913 03:36:07.934064 140514271229120 submission.py:307] 4500) loss = 3.520, grad_norm = 0.500
I0913 03:44:08.947674 140456016893696 logging_writer.py:48] [5000] global_step=5000, grad_norm=0.5, loss=3.47729
I0913 03:44:08.951474 140514271229120 submission.py:307] 5000) loss = 3.477, grad_norm = 0.500
I0913 03:47:59.219186 140456025286400 logging_writer.py:48] [5500] global_step=5500, grad_norm=0.5, loss=3.36777
I0913 03:47:59.223130 140514271229120 submission.py:307] 5500) loss = 3.368, grad_norm = 0.500
I0913 03:54:30.879359 140514271229120 spec.py:333] Evaluating on the training split.
/usr/local/lib/python3.11/multiprocessing/popen_fork.py:66: RuntimeWarning: os.fork() was called. os.fork() is incompatible with multithreaded code, and JAX is multithreaded, so this will likely lead to a deadlock.
  self.pid = os.fork()
I0913 03:55:23.823305 140514271229120 spec.py:346] Evaluating on the validation split.
I0913 03:56:48.474063 140514271229120 spec.py:363] Evaluating on the test split.
I0913 03:56:49.374275 140514271229120 submission_runner.py:516] Time since start: 4564.44s, 	Step: 5985, 	{'train/accuracy': 0.31556919642857145, 'train/loss': 4.7227113684829405, 'validation/accuracy': 0.3118, 'validation/loss': 4.254304375, 'validation/num_examples': 50000, 'test/accuracy': 0.2437, 'test/loss': 3.977594921875, 'test/num_examples': 10000, 'score': 4105.261125326157, 'total_duration': 4564.438182592392, 'accumulated_submission_time': 4105.261125326157, 'accumulated_eval_time': 447.56960701942444, 'accumulated_logging_time': 0.3852415084838867}
I0913 03:56:49.748439 140490695440128 logging_writer.py:48] [5985] accumulated_eval_time=447.57, accumulated_logging_time=0.385242, accumulated_submission_time=4105.26, global_step=5985, preemption_count=0, score=4105.26, test/accuracy=0.2437, test/loss=3.97759, test/num_examples=10000, total_duration=4564.44, train/accuracy=0.315569, train/loss=4.72271, validation/accuracy=0.3118, validation/loss=4.2543, validation/num_examples=50000
I0913 03:56:54.556773 140487004518144 logging_writer.py:48] [6000] global_step=6000, grad_norm=0.5, loss=3.06484
I0913 03:56:54.560075 140514271229120 submission.py:307] 6000) loss = 3.065, grad_norm = 0.500
I0913 04:02:30.662149 140490695440128 logging_writer.py:48] [6500] global_step=6500, grad_norm=0.5, loss=2.82855
I0913 04:02:30.666058 140514271229120 submission.py:307] 6500) loss = 2.829, grad_norm = 0.500
I0913 04:08:11.031218 140487004518144 logging_writer.py:48] [7000] global_step=7000, grad_norm=0.5, loss=2.80657
I0913 04:08:11.035339 140514271229120 submission.py:307] 7000) loss = 2.807, grad_norm = 0.500
I0913 04:16:08.877966 140490695440128 logging_writer.py:48] [7500] global_step=7500, grad_norm=0.5, loss=2.76293
I0913 04:16:08.881683 140514271229120 submission.py:307] 7500) loss = 2.763, grad_norm = 0.500
I0913 04:20:08.286060 140487004518144 logging_writer.py:48] [8000] global_step=8000, grad_norm=0.5, loss=2.56992
I0913 04:20:08.290126 140514271229120 submission.py:307] 8000) loss = 2.570, grad_norm = 0.500
I0913 04:27:07.113206 140490695440128 logging_writer.py:48] [8500] global_step=8500, grad_norm=0.5, loss=2.42631
I0913 04:27:07.118649 140514271229120 submission.py:307] 8500) loss = 2.426, grad_norm = 0.500
I0913 04:30:11.323523 140514271229120 spec.py:333] Evaluating on the training split.
/usr/local/lib/python3.11/multiprocessing/popen_fork.py:66: RuntimeWarning: os.fork() was called. os.fork() is incompatible with multithreaded code, and JAX is multithreaded, so this will likely lead to a deadlock.
  self.pid = os.fork()
I0913 04:30:57.261175 140514271229120 spec.py:346] Evaluating on the validation split.
I0913 04:32:31.163869 140514271229120 spec.py:363] Evaluating on the test split.
I0913 04:32:32.068289 140514271229120 submission_runner.py:516] Time since start: 6707.13s, 	Step: 8666, 	{'train/accuracy': 0.4215760522959184, 'train/loss': 4.734850513691804, 'validation/accuracy': 0.4368, 'validation/loss': 3.561740625, 'validation/num_examples': 50000, 'test/accuracy': 0.3598, 'test/loss': 3.02988828125, 'test/num_examples': 10000, 'score': 6103.339204072952, 'total_duration': 6707.132169008255, 'accumulated_submission_time': 6103.339204072952, 'accumulated_eval_time': 588.3147366046906, 'accumulated_logging_time': 0.769068717956543}
I0913 04:32:32.386273 140490695440128 logging_writer.py:48] [8666] accumulated_eval_time=588.315, accumulated_logging_time=0.769069, accumulated_submission_time=6103.34, global_step=8666, preemption_count=0, score=6103.34, test/accuracy=0.3598, test/loss=3.02989, test/num_examples=10000, total_duration=6707.13, train/accuracy=0.421576, train/loss=4.73485, validation/accuracy=0.4368, validation/loss=3.56174, validation/num_examples=50000
I0913 04:35:29.330907 140490804545280 logging_writer.py:48] [9000] global_step=9000, grad_norm=0.5, loss=2.35037
I0913 04:35:29.335399 140514271229120 submission.py:307] 9000) loss = 2.350, grad_norm = 0.500
I0913 04:41:13.698843 140490695440128 logging_writer.py:48] [9500] global_step=9500, grad_norm=0.5, loss=2.404
I0913 04:41:13.702752 140514271229120 submission.py:307] 9500) loss = 2.404, grad_norm = 0.500
I0913 04:49:33.522414 140490804545280 logging_writer.py:48] [10000] global_step=10000, grad_norm=0.5, loss=2.13254
I0913 04:49:33.526086 140514271229120 submission.py:307] 10000) loss = 2.133, grad_norm = 0.500
I0913 04:53:28.817308 140490695440128 logging_writer.py:48] [10500] global_step=10500, grad_norm=0.5, loss=2.21336
I0913 04:53:28.821505 140514271229120 submission.py:307] 10500) loss = 2.213, grad_norm = 0.500
I0913 05:00:39.649753 140490804545280 logging_writer.py:48] [11000] global_step=11000, grad_norm=0.5, loss=2.04634
I0913 05:00:39.653745 140514271229120 submission.py:307] 11000) loss = 2.046, grad_norm = 0.500
I0913 05:05:49.948746 140514271229120 spec.py:333] Evaluating on the training split.
/usr/local/lib/python3.11/multiprocessing/popen_fork.py:66: RuntimeWarning: os.fork() was called. os.fork() is incompatible with multithreaded code, and JAX is multithreaded, so this will likely lead to a deadlock.
  self.pid = os.fork()
I0913 05:06:42.480536 140514271229120 spec.py:346] Evaluating on the validation split.
I0913 05:07:46.921046 140514271229120 spec.py:363] Evaluating on the test split.
I0913 05:07:47.842917 140514271229120 submission_runner.py:516] Time since start: 8822.91s, 	Step: 11342, 	{'train/accuracy': 0.519172512755102, 'train/loss': 3.8327312858737246, 'validation/accuracy': 0.49202, 'validation/loss': 3.432515625, 'validation/num_examples': 50000, 'test/accuracy': 0.419, 'test/loss': 2.7275841796875, 'test/num_examples': 10000, 'score': 8096.4368398189545, 'total_duration': 8822.90674829483, 'accumulated_submission_time': 8096.4368398189545, 'accumulated_eval_time': 706.2089529037476, 'accumulated_logging_time': 1.0964832305908203}
I0913 05:07:48.162351 140490737403648 logging_writer.py:48] [11342] accumulated_eval_time=706.209, accumulated_logging_time=1.09648, accumulated_submission_time=8096.44, global_step=11342, preemption_count=0, score=8096.44, test/accuracy=0.419, test/loss=2.72758, test/num_examples=10000, total_duration=8822.91, train/accuracy=0.519173, train/loss=3.83273, validation/accuracy=0.49202, validation/loss=3.43252, validation/num_examples=50000
I0913 05:08:50.714383 140490796152576 logging_writer.py:48] [11500] global_step=11500, grad_norm=0.5, loss=1.92423
I0913 05:08:50.719199 140514271229120 submission.py:307] 11500) loss = 1.924, grad_norm = 0.500
I0913 05:14:56.493585 140490737403648 logging_writer.py:48] [12000] global_step=12000, grad_norm=0.5, loss=1.94836
I0913 05:14:56.497921 140514271229120 submission.py:307] 12000) loss = 1.948, grad_norm = 0.500
I0913 05:23:35.368865 140490796152576 logging_writer.py:48] [12500] global_step=12500, grad_norm=0.5, loss=2.05367
I0913 05:23:35.372750 140514271229120 submission.py:307] 12500) loss = 2.054, grad_norm = 0.500
I0913 05:27:34.607588 140490737403648 logging_writer.py:48] [13000] global_step=13000, grad_norm=0.5, loss=1.93117
I0913 05:27:34.611818 140514271229120 submission.py:307] 13000) loss = 1.931, grad_norm = 0.500
I0913 05:34:48.692255 140490796152576 logging_writer.py:48] [13500] global_step=13500, grad_norm=0.5, loss=1.89082
I0913 05:34:48.696388 140514271229120 submission.py:307] 13500) loss = 1.891, grad_norm = 0.500
I0913 05:41:01.105538 140490737403648 logging_writer.py:48] [14000] global_step=14000, grad_norm=0.5, loss=1.85533
I0913 05:41:01.109951 140514271229120 submission.py:307] 14000) loss = 1.855, grad_norm = 0.500
I0913 05:41:05.285223 140514271229120 spec.py:333] Evaluating on the training split.
/usr/local/lib/python3.11/multiprocessing/popen_fork.py:66: RuntimeWarning: os.fork() was called. os.fork() is incompatible with multithreaded code, and JAX is multithreaded, so this will likely lead to a deadlock.
  self.pid = os.fork()
I0913 05:42:03.180365 140514271229120 spec.py:346] Evaluating on the validation split.
I0913 05:43:07.490648 140514271229120 spec.py:363] Evaluating on the test split.
I0913 05:43:08.539198 140514271229120 submission_runner.py:516] Time since start: 10943.60s, 	Step: 14006, 	{'train/accuracy': 0.5588329081632653, 'train/loss': 3.752557248485332, 'validation/accuracy': 0.52142, 'validation/loss': 3.3949671875, 'validation/num_examples': 50000, 'test/accuracy': 0.4528, 'test/loss': 2.601360546875, 'test/num_examples': 10000, 'score': 10089.947731256485, 'total_duration': 10943.603086471558, 'accumulated_submission_time': 10089.947731256485, 'accumulated_eval_time': 829.4630072116852, 'accumulated_logging_time': 1.425502061843872}
I0913 05:43:08.901966 140490804545280 logging_writer.py:48] [14006] accumulated_eval_time=829.463, accumulated_logging_time=1.4255, accumulated_submission_time=10089.9, global_step=14006, preemption_count=0, score=10089.9, test/accuracy=0.4528, test/loss=2.60136, test/num_examples=10000, total_duration=10943.6, train/accuracy=0.558833, train/loss=3.75256, validation/accuracy=0.52142, validation/loss=3.39497, validation/num_examples=50000
I0913 05:48:45.157326 140490745796352 logging_writer.py:48] [14500] global_step=14500, grad_norm=0.5, loss=1.85491
I0913 05:48:45.161242 140514271229120 submission.py:307] 14500) loss = 1.855, grad_norm = 0.500
I0913 05:57:33.428282 140490804545280 logging_writer.py:48] [15000] global_step=15000, grad_norm=0.5, loss=1.81329
I0913 05:57:33.432085 140514271229120 submission.py:307] 15000) loss = 1.813, grad_norm = 0.500
I0913 06:01:33.488718 140490745796352 logging_writer.py:48] [15500] global_step=15500, grad_norm=0.5, loss=1.68717
I0913 06:01:33.493237 140514271229120 submission.py:307] 15500) loss = 1.687, grad_norm = 0.500
I0913 06:08:59.938514 140490804545280 logging_writer.py:48] [16000] global_step=16000, grad_norm=0.5, loss=1.78031
I0913 06:08:59.942601 140514271229120 submission.py:307] 16000) loss = 1.780, grad_norm = 0.500
I0913 06:15:13.441918 140490745796352 logging_writer.py:48] [16500] global_step=16500, grad_norm=0.5, loss=1.67181
I0913 06:15:13.446328 140514271229120 submission.py:307] 16500) loss = 1.672, grad_norm = 0.500
I0913 06:16:25.836491 140514271229120 spec.py:333] Evaluating on the training split.
/usr/local/lib/python3.11/multiprocessing/popen_fork.py:66: RuntimeWarning: os.fork() was called. os.fork() is incompatible with multithreaded code, and JAX is multithreaded, so this will likely lead to a deadlock.
  self.pid = os.fork()
I0913 06:17:29.581389 140514271229120 spec.py:346] Evaluating on the validation split.
I0913 06:18:34.050856 140514271229120 spec.py:363] Evaluating on the test split.
I0913 06:18:35.077382 140514271229120 submission_runner.py:516] Time since start: 13070.14s, 	Step: 16644, 	{'train/accuracy': 0.5981146364795918, 'train/loss': 3.6289943772919324, 'validation/accuracy': 0.54502, 'validation/loss': 3.5477440625, 'validation/num_examples': 50000, 'test/accuracy': 0.4807, 'test/loss': 2.3738681640625, 'test/num_examples': 10000, 'score': 12082.892327547073, 'total_duration': 13070.141052007675, 'accumulated_submission_time': 12082.892327547073, 'accumulated_eval_time': 958.7037978172302, 'accumulated_logging_time': 1.7975919246673584}
I0913 06:18:35.457105 140490754189056 logging_writer.py:48] [16644] accumulated_eval_time=958.704, accumulated_logging_time=1.79759, accumulated_submission_time=12082.9, global_step=16644, preemption_count=0, score=12082.9, test/accuracy=0.4807, test/loss=2.37387, test/num_examples=10000, total_duration=13070.1, train/accuracy=0.598115, train/loss=3.62899, validation/accuracy=0.54502, validation/loss=3.54774, validation/num_examples=50000
I0913 06:22:56.661263 140490779367168 logging_writer.py:48] [17000] global_step=17000, grad_norm=0.5, loss=1.70214
I0913 06:22:56.665381 140514271229120 submission.py:307] 17000) loss = 1.702, grad_norm = 0.500
I0913 06:31:47.975159 140490754189056 logging_writer.py:48] [17500] global_step=17500, grad_norm=0.5, loss=1.74576
I0913 06:31:47.994944 140514271229120 submission.py:307] 17500) loss = 1.746, grad_norm = 0.500
I0913 06:35:55.675658 140490779367168 logging_writer.py:48] [18000] global_step=18000, grad_norm=0.5, loss=1.68968
I0913 06:35:55.679596 140514271229120 submission.py:307] 18000) loss = 1.690, grad_norm = 0.500
I0913 06:43:04.748586 140490754189056 logging_writer.py:48] [18500] global_step=18500, grad_norm=0.5, loss=1.70489
I0913 06:43:04.765454 140514271229120 submission.py:307] 18500) loss = 1.705, grad_norm = 0.500
I0913 06:49:20.182077 140490779367168 logging_writer.py:48] [19000] global_step=19000, grad_norm=0.5, loss=1.58799
I0913 06:49:20.269416 140514271229120 submission.py:307] 19000) loss = 1.588, grad_norm = 0.500
I0913 06:51:59.785952 140514271229120 spec.py:333] Evaluating on the training split.
/usr/local/lib/python3.11/multiprocessing/popen_fork.py:66: RuntimeWarning: os.fork() was called. os.fork() is incompatible with multithreaded code, and JAX is multithreaded, so this will likely lead to a deadlock.
  self.pid = os.fork()
I0913 06:52:58.662159 140514271229120 spec.py:346] Evaluating on the validation split.
I0913 06:54:03.322181 140514271229120 spec.py:363] Evaluating on the test split.
I0913 06:54:04.365849 140514271229120 submission_runner.py:516] Time since start: 15199.43s, 	Step: 19287, 	{'train/accuracy': 0.5989516900510204, 'train/loss': 3.8001621791294644, 'validation/accuracy': 0.55098, 'validation/loss': 3.3991665625, 'validation/num_examples': 50000, 'test/accuracy': 0.4909, 'test/loss': 2.3680232421875, 'test/num_examples': 10000, 'score': 14081.901285886765, 'total_duration': 15199.429566860199, 'accumulated_submission_time': 14081.901285886765, 'accumulated_eval_time': 1083.2835838794708, 'accumulated_logging_time': 2.191770076751709}
I0913 06:54:04.658754 140490729010944 logging_writer.py:48] [19287] accumulated_eval_time=1083.28, accumulated_logging_time=2.19177, accumulated_submission_time=14081.9, global_step=19287, preemption_count=0, score=14081.9, test/accuracy=0.4909, test/loss=2.36802, test/num_examples=10000, total_duration=15199.4, train/accuracy=0.598952, train/loss=3.80016, validation/accuracy=0.55098, validation/loss=3.39917, validation/num_examples=50000
I0913 06:56:32.469846 140490687047424 logging_writer.py:48] [19500] global_step=19500, grad_norm=0.5, loss=1.53224
I0913 06:56:32.473807 140514271229120 submission.py:307] 19500) loss = 1.532, grad_norm = 0.500
I0913 07:05:16.863202 140490729010944 logging_writer.py:48] [20000] global_step=20000, grad_norm=0.5, loss=1.59411
I0913 07:05:16.867122 140514271229120 submission.py:307] 20000) loss = 1.594, grad_norm = 0.500
I0913 07:09:27.149905 140490687047424 logging_writer.py:48] [20500] global_step=20500, grad_norm=0.5, loss=1.6251
I0913 07:09:27.154415 140514271229120 submission.py:307] 20500) loss = 1.625, grad_norm = 0.500
I0913 07:16:27.199449 140490729010944 logging_writer.py:48] [21000] global_step=21000, grad_norm=0.5, loss=1.48192
I0913 07:16:27.203516 140514271229120 submission.py:307] 21000) loss = 1.482, grad_norm = 0.500
I0913 07:22:41.952453 140490687047424 logging_writer.py:48] [21500] global_step=21500, grad_norm=0.5, loss=1.55874
I0913 07:22:41.956993 140514271229120 submission.py:307] 21500) loss = 1.559, grad_norm = 0.500
I0913 07:27:24.412387 140514271229120 spec.py:333] Evaluating on the training split.
/usr/local/lib/python3.11/multiprocessing/popen_fork.py:66: RuntimeWarning: os.fork() was called. os.fork() is incompatible with multithreaded code, and JAX is multithreaded, so this will likely lead to a deadlock.
  self.pid = os.fork()
I0913 07:28:23.470288 140514271229120 spec.py:346] Evaluating on the validation split.
I0913 07:29:30.119948 140514271229120 spec.py:363] Evaluating on the test split.
I0913 07:29:31.029204 140514271229120 submission_runner.py:516] Time since start: 17326.09s, 	Step: 21970, 	{'train/accuracy': 0.5838647959183674, 'train/loss': 4.3787888507453765, 'validation/accuracy': 0.56536, 'validation/loss': 3.209695625, 'validation/num_examples': 50000, 'test/accuracy': 0.4916, 'test/loss': 2.3627771484375, 'test/num_examples': 10000, 'score': 16076.210381507874, 'total_duration': 17326.093100070953, 'accumulated_submission_time': 16076.210381507874, 'accumulated_eval_time': 1209.900592803955, 'accumulated_logging_time': 2.5014255046844482}
I0913 07:29:31.411974 140490779367168 logging_writer.py:48] [21970] accumulated_eval_time=1209.9, accumulated_logging_time=2.50143, accumulated_submission_time=16076.2, global_step=21970, preemption_count=0, score=16076.2, test/accuracy=0.4916, test/loss=2.36278, test/num_examples=10000, total_duration=17326.1, train/accuracy=0.583865, train/loss=4.37879, validation/accuracy=0.56536, validation/loss=3.2097, validation/num_examples=50000
I0913 07:29:39.939911 140490687047424 logging_writer.py:48] [22000] global_step=22000, grad_norm=0.5, loss=1.54498
I0913 07:29:39.943195 140514271229120 submission.py:307] 22000) loss = 1.545, grad_norm = 0.500
I0913 07:37:39.591892 140490779367168 logging_writer.py:48] [22500] global_step=22500, grad_norm=0.5, loss=1.50854
I0913 07:37:39.595929 140514271229120 submission.py:307] 22500) loss = 1.509, grad_norm = 0.500
I0913 07:42:09.388218 140490687047424 logging_writer.py:48] [23000] global_step=23000, grad_norm=0.5, loss=1.47546
I0913 07:42:09.392362 140514271229120 submission.py:307] 23000) loss = 1.475, grad_norm = 0.500
I0913 07:49:07.360019 140490779367168 logging_writer.py:48] [23500] global_step=23500, grad_norm=0.5, loss=1.41013
I0913 07:49:07.364073 140514271229120 submission.py:307] 23500) loss = 1.410, grad_norm = 0.500
I0913 07:55:15.035100 140490687047424 logging_writer.py:48] [24000] global_step=24000, grad_norm=0.5, loss=1.45306
I0913 07:55:15.047159 140514271229120 submission.py:307] 24000) loss = 1.453, grad_norm = 0.500
I0913 08:00:20.253339 140490779367168 logging_writer.py:48] [24500] global_step=24500, grad_norm=0.5, loss=1.48735
I0913 08:00:20.257691 140514271229120 submission.py:307] 24500) loss = 1.487, grad_norm = 0.500
I0913 08:02:50.105879 140514271229120 spec.py:333] Evaluating on the training split.
/usr/local/lib/python3.11/multiprocessing/popen_fork.py:66: RuntimeWarning: os.fork() was called. os.fork() is incompatible with multithreaded code, and JAX is multithreaded, so this will likely lead to a deadlock.
  self.pid = os.fork()
I0913 08:03:42.457482 140514271229120 spec.py:346] Evaluating on the validation split.
I0913 08:05:12.048861 140514271229120 spec.py:363] Evaluating on the test split.
I0913 08:05:12.955186 140514271229120 submission_runner.py:516] Time since start: 19468.02s, 	Step: 24669, 	{'train/accuracy': 0.640625, 'train/loss': 3.562229078643176, 'validation/accuracy': 0.56716, 'validation/loss': 3.4612678125, 'validation/num_examples': 50000, 'test/accuracy': 0.5159, 'test/loss': 2.26638359375, 'test/num_examples': 10000, 'score': 18070.13053560257, 'total_duration': 19468.019005060196, 'accumulated_submission_time': 18070.13053560257, 'accumulated_eval_time': 1352.7498168945312, 'accumulated_logging_time': 2.8937878608703613}
I0913 08:05:13.299580 140490712225536 logging_writer.py:48] [24669] accumulated_eval_time=1352.75, accumulated_logging_time=2.89379, accumulated_submission_time=18070.1, global_step=24669, preemption_count=0, score=18070.1, test/accuracy=0.5159, test/loss=2.26638, test/num_examples=10000, total_duration=19468, train/accuracy=0.640625, train/loss=3.56223, validation/accuracy=0.56716, validation/loss=3.46127, validation/num_examples=50000
I0913 08:10:03.749129 140490829723392 logging_writer.py:48] [25000] global_step=25000, grad_norm=0.5, loss=1.50359
I0913 08:10:03.753121 140514271229120 submission.py:307] 25000) loss = 1.504, grad_norm = 0.500
I0913 08:14:40.202411 140490712225536 logging_writer.py:48] [25500] global_step=25500, grad_norm=0.5, loss=1.46283
I0913 08:14:40.206752 140514271229120 submission.py:307] 25500) loss = 1.463, grad_norm = 0.500
I0913 08:21:40.795794 140490829723392 logging_writer.py:48] [26000] global_step=26000, grad_norm=0.5, loss=1.40625
I0913 08:21:40.799795 140514271229120 submission.py:307] 26000) loss = 1.406, grad_norm = 0.500
I0913 08:27:57.163420 140490712225536 logging_writer.py:48] [26500] global_step=26500, grad_norm=0.5, loss=1.40622
I0913 08:27:57.167995 140514271229120 submission.py:307] 26500) loss = 1.406, grad_norm = 0.500
I0913 08:33:01.394740 140490829723392 logging_writer.py:48] [27000] global_step=27000, grad_norm=0.5, loss=1.43276
I0913 08:33:01.399034 140514271229120 submission.py:307] 27000) loss = 1.433, grad_norm = 0.500
I0913 08:38:32.365572 140514271229120 spec.py:333] Evaluating on the training split.
/usr/local/lib/python3.11/multiprocessing/popen_fork.py:66: RuntimeWarning: os.fork() was called. os.fork() is incompatible with multithreaded code, and JAX is multithreaded, so this will likely lead to a deadlock.
  self.pid = os.fork()
I0913 08:39:18.719125 140514271229120 spec.py:346] Evaluating on the validation split.
I0913 08:40:46.438195 140514271229120 spec.py:363] Evaluating on the test split.
I0913 08:40:47.482569 140514271229120 submission_runner.py:516] Time since start: 21602.55s, 	Step: 27331, 	{'train/accuracy': 0.6507095025510204, 'train/loss': 3.3582365074936225, 'validation/accuracy': 0.5733, 'validation/loss': 3.3512609375, 'validation/num_examples': 50000, 'test/accuracy': 0.5157, 'test/loss': 2.247359765625, 'test/num_examples': 10000, 'score': 20065.606693983078, 'total_duration': 21602.546391010284, 'accumulated_submission_time': 20065.606693983078, 'accumulated_eval_time': 1487.866794347763, 'accumulated_logging_time': 3.247710704803467}
I0913 08:40:47.882325 140490695440128 logging_writer.py:48] [27331] accumulated_eval_time=1487.87, accumulated_logging_time=3.24771, accumulated_submission_time=20065.6, global_step=27331, preemption_count=0, score=20065.6, test/accuracy=0.5157, test/loss=2.24736, test/num_examples=10000, total_duration=21602.5, train/accuracy=0.65071, train/loss=3.35824, validation/accuracy=0.5733, validation/loss=3.35126, validation/num_examples=50000
I0913 08:42:47.085214 140490754189056 logging_writer.py:48] [27500] global_step=27500, grad_norm=0.5, loss=1.40828
I0913 08:42:47.089226 140514271229120 submission.py:307] 27500) loss = 1.408, grad_norm = 0.500
I0913 08:47:25.244088 140490695440128 logging_writer.py:48] [28000] global_step=28000, grad_norm=0.5, loss=1.29432
I0913 08:47:25.248098 140514271229120 submission.py:307] 28000) loss = 1.294, grad_norm = 0.500
I0913 08:54:39.643395 140490754189056 logging_writer.py:48] [28500] global_step=28500, grad_norm=0.5, loss=1.42535
I0913 08:54:39.647341 140514271229120 submission.py:307] 28500) loss = 1.425, grad_norm = 0.500
I0913 09:00:56.621377 140490695440128 logging_writer.py:48] [29000] global_step=29000, grad_norm=0.5, loss=1.24399
I0913 09:00:56.625424 140514271229120 submission.py:307] 29000) loss = 1.244, grad_norm = 0.500
I0913 09:06:04.466514 140490754189056 logging_writer.py:48] [29500] global_step=29500, grad_norm=0.5, loss=1.3387
I0913 09:06:04.470563 140514271229120 submission.py:307] 29500) loss = 1.339, grad_norm = 0.500
I0913 09:14:07.556254 140514271229120 spec.py:333] Evaluating on the training split.
/usr/local/lib/python3.11/multiprocessing/popen_fork.py:66: RuntimeWarning: os.fork() was called. os.fork() is incompatible with multithreaded code, and JAX is multithreaded, so this will likely lead to a deadlock.
  self.pid = os.fork()
I0913 09:14:52.158849 140514271229120 spec.py:346] Evaluating on the validation split.
I0913 09:15:57.744463 140514271229120 spec.py:363] Evaluating on the test split.
I0913 09:15:58.734719 140514271229120 submission_runner.py:516] Time since start: 23713.80s, 	Step: 29969, 	{'train/accuracy': 0.6632852359693877, 'train/loss': 3.6978236607142856, 'validation/accuracy': 0.59528, 'validation/loss': 3.07289625, 'validation/num_examples': 50000, 'test/accuracy': 0.5312, 'test/loss': 2.207117578125, 'test/num_examples': 10000, 'score': 22061.40389227867, 'total_duration': 23713.798048257828, 'accumulated_submission_time': 22061.40389227867, 'accumulated_eval_time': 1599.0447170734406, 'accumulated_logging_time': 3.656982898712158}
I0913 09:15:59.180780 140490712225536 logging_writer.py:48] [29969] accumulated_eval_time=1599.04, accumulated_logging_time=3.65698, accumulated_submission_time=22061.4, global_step=29969, preemption_count=0, score=22061.4, test/accuracy=0.5312, test/loss=2.20712, test/num_examples=10000, total_duration=23713.8, train/accuracy=0.663285, train/loss=3.69782, validation/accuracy=0.59528, validation/loss=3.0729, validation/num_examples=50000
I0913 09:16:09.430970 140490745796352 logging_writer.py:48] [30000] global_step=30000, grad_norm=0.5, loss=1.26641
I0913 09:16:09.434275 140514271229120 submission.py:307] 30000) loss = 1.266, grad_norm = 0.500
I0913 09:21:16.411065 140490712225536 logging_writer.py:48] [30500] global_step=30500, grad_norm=0.5, loss=1.31472
I0913 09:21:16.415311 140514271229120 submission.py:307] 30500) loss = 1.315, grad_norm = 0.500
I0913 09:28:48.879542 140490745796352 logging_writer.py:48] [31000] global_step=31000, grad_norm=0.5, loss=1.22232
I0913 09:28:48.883728 140514271229120 submission.py:307] 31000) loss = 1.222, grad_norm = 0.500
I0913 09:35:09.172668 140490712225536 logging_writer.py:48] [31500] global_step=31500, grad_norm=0.5, loss=1.216
I0913 09:35:09.181572 140514271229120 submission.py:307] 31500) loss = 1.216, grad_norm = 0.500
I0913 09:40:20.037790 140490745796352 logging_writer.py:48] [32000] global_step=32000, grad_norm=0.5, loss=1.29962
I0913 09:40:20.041843 140514271229120 submission.py:307] 32000) loss = 1.300, grad_norm = 0.500
I0913 09:48:59.404197 140490712225536 logging_writer.py:48] [32500] global_step=32500, grad_norm=0.5, loss=1.47295
I0913 09:48:59.408235 140514271229120 submission.py:307] 32500) loss = 1.473, grad_norm = 0.500
I0913 09:49:18.014011 140514271229120 spec.py:333] Evaluating on the training split.
/usr/local/lib/python3.11/multiprocessing/popen_fork.py:66: RuntimeWarning: os.fork() was called. os.fork() is incompatible with multithreaded code, and JAX is multithreaded, so this will likely lead to a deadlock.
  self.pid = os.fork()
I0913 09:50:13.217057 140514271229120 spec.py:346] Evaluating on the validation split.
I0913 09:51:17.749633 140514271229120 spec.py:363] Evaluating on the test split.
I0913 09:51:18.752874 140514271229120 submission_runner.py:516] Time since start: 25833.82s, 	Step: 32527, 	{'train/accuracy': 0.6575454400510204, 'train/loss': 4.162380296356824, 'validation/accuracy': 0.58764, 'validation/loss': 3.505524375, 'validation/num_examples': 50000, 'test/accuracy': 0.5319, 'test/loss': 2.2375390625, 'test/num_examples': 10000, 'score': 24056.594072580338, 'total_duration': 25833.816573143005, 'accumulated_submission_time': 24056.594072580338, 'accumulated_eval_time': 1719.7836360931396, 'accumulated_logging_time': 4.1150946617126465}
I0913 09:51:19.182166 140490737403648 logging_writer.py:48] [32527] accumulated_eval_time=1719.78, accumulated_logging_time=4.11509, accumulated_submission_time=24056.6, global_step=32527, preemption_count=0, score=24056.6, test/accuracy=0.5319, test/loss=2.23754, test/num_examples=10000, total_duration=25833.8, train/accuracy=0.657545, train/loss=4.16238, validation/accuracy=0.58764, validation/loss=3.50552, validation/num_examples=50000
I0913 09:56:01.548343 140490695440128 logging_writer.py:48] [33000] global_step=33000, grad_norm=0.5, loss=1.27631
I0913 09:56:01.552393 140514271229120 submission.py:307] 33000) loss = 1.276, grad_norm = 0.500
I0913 10:03:39.466926 140490737403648 logging_writer.py:48] [33500] global_step=33500, grad_norm=0.5, loss=1.28788
I0913 10:03:39.470952 140514271229120 submission.py:307] 33500) loss = 1.288, grad_norm = 0.500
I0913 10:10:01.229971 140490695440128 logging_writer.py:48] [34000] global_step=34000, grad_norm=0.5, loss=1.17779
I0913 10:10:01.233931 140514271229120 submission.py:307] 34000) loss = 1.178, grad_norm = 0.500
I0913 10:15:06.325137 140490737403648 logging_writer.py:48] [34500] global_step=34500, grad_norm=0.5, loss=1.28291
I0913 10:15:06.329840 140514271229120 submission.py:307] 34500) loss = 1.283, grad_norm = 0.500
I0913 10:23:50.008804 140490695440128 logging_writer.py:48] [35000] global_step=35000, grad_norm=0.5, loss=1.15369
I0913 10:23:50.012844 140514271229120 submission.py:307] 35000) loss = 1.154, grad_norm = 0.500
I0913 10:24:35.937902 140514271229120 spec.py:333] Evaluating on the training split.
/usr/local/lib/python3.11/multiprocessing/popen_fork.py:66: RuntimeWarning: os.fork() was called. os.fork() is incompatible with multithreaded code, and JAX is multithreaded, so this will likely lead to a deadlock.
  self.pid = os.fork()
I0913 10:25:32.391260 140514271229120 spec.py:346] Evaluating on the validation split.
I0913 10:26:36.638524 140514271229120 spec.py:363] Evaluating on the test split.
I0913 10:26:37.698499 140514271229120 submission_runner.py:516] Time since start: 27952.76s, 	Step: 35088, 	{'train/accuracy': 0.6999362244897959, 'train/loss': 3.3552706971460458, 'validation/accuracy': 0.59926, 'validation/loss': 3.23747375, 'validation/num_examples': 50000, 'test/accuracy': 0.5413, 'test/loss': 2.1987033203125, 'test/num_examples': 10000, 'score': 26049.596282482147, 'total_duration': 27952.762268304825, 'accumulated_submission_time': 26049.596282482147, 'accumulated_eval_time': 1841.544192790985, 'accumulated_logging_time': 4.55816388130188}
I0913 10:26:38.298849 140490737403648 logging_writer.py:48] [35088] accumulated_eval_time=1841.54, accumulated_logging_time=4.55816, accumulated_submission_time=26049.6, global_step=35088, preemption_count=0, score=26049.6, test/accuracy=0.5413, test/loss=2.1987, test/num_examples=10000, total_duration=27952.8, train/accuracy=0.699936, train/loss=3.35527, validation/accuracy=0.59926, validation/loss=3.23747, validation/num_examples=50000
I0913 10:30:44.930711 140490821330688 logging_writer.py:48] [35500] global_step=35500, grad_norm=0.5, loss=1.23226
I0913 10:30:44.934867 140514271229120 submission.py:307] 35500) loss = 1.232, grad_norm = 0.500
I0913 10:38:24.545462 140490737403648 logging_writer.py:48] [36000] global_step=36000, grad_norm=0.5, loss=1.18951
I0913 10:38:24.549424 140514271229120 submission.py:307] 36000) loss = 1.190, grad_norm = 0.500
I0913 10:44:45.356037 140490821330688 logging_writer.py:48] [36500] global_step=36500, grad_norm=0.5, loss=1.196
I0913 10:44:45.361459 140514271229120 submission.py:307] 36500) loss = 1.196, grad_norm = 0.500
I0913 10:49:48.886587 140490737403648 logging_writer.py:48] [37000] global_step=37000, grad_norm=0.5, loss=1.2235
I0913 10:49:48.890538 140514271229120 submission.py:307] 37000) loss = 1.224, grad_norm = 0.500
I0913 10:58:32.504024 140490821330688 logging_writer.py:48] [37500] global_step=37500, grad_norm=0.5, loss=1.18637
I0913 10:58:32.508073 140514271229120 submission.py:307] 37500) loss = 1.186, grad_norm = 0.500
I0913 10:59:54.948084 140514271229120 spec.py:333] Evaluating on the training split.
/usr/local/lib/python3.11/multiprocessing/popen_fork.py:66: RuntimeWarning: os.fork() was called. os.fork() is incompatible with multithreaded code, and JAX is multithreaded, so this will likely lead to a deadlock.
  self.pid = os.fork()
I0913 11:00:53.080099 140514271229120 spec.py:346] Evaluating on the validation split.
I0913 11:01:57.881484 140514271229120 spec.py:363] Evaluating on the test split.
I0913 11:01:58.923488 140514271229120 submission_runner.py:516] Time since start: 30073.99s, 	Step: 37681, 	{'train/accuracy': 0.7167171556122449, 'train/loss': 3.406367710658482, 'validation/accuracy': 0.60236, 'validation/loss': 3.4714803125, 'validation/num_examples': 50000, 'test/accuracy': 0.527, 'test/loss': 2.26468828125, 'test/num_examples': 10000, 'score': 28042.45645093918, 'total_duration': 30073.98717403412, 'accumulated_submission_time': 28042.45645093918, 'accumulated_eval_time': 1965.5194764137268, 'accumulated_logging_time': 5.167999982833862}
I0913 11:01:59.287357 140490745796352 logging_writer.py:48] [37681] accumulated_eval_time=1965.52, accumulated_logging_time=5.168, accumulated_submission_time=28042.5, global_step=37681, preemption_count=0, score=28042.5, test/accuracy=0.527, test/loss=2.26469, test/num_examples=10000, total_duration=30074, train/accuracy=0.716717, train/loss=3.40637, validation/accuracy=0.60236, validation/loss=3.47148, validation/num_examples=50000
I0913 11:04:57.491297 140490787759872 logging_writer.py:48] [38000] global_step=38000, grad_norm=0.5, loss=1.10126
I0913 11:04:57.495403 140514271229120 submission.py:307] 38000) loss = 1.101, grad_norm = 0.500
I0913 11:12:25.549341 140490745796352 logging_writer.py:48] [38500] global_step=38500, grad_norm=0.5, loss=1.18672
I0913 11:12:25.553559 140514271229120 submission.py:307] 38500) loss = 1.187, grad_norm = 0.500
I0913 11:18:58.657116 140490787759872 logging_writer.py:48] [39000] global_step=39000, grad_norm=0.5, loss=1.11047
I0913 11:18:58.668172 140514271229120 submission.py:307] 39000) loss = 1.110, grad_norm = 0.500
I0913 11:23:52.140328 140490745796352 logging_writer.py:48] [39500] global_step=39500, grad_norm=0.5, loss=1.17192
I0913 11:23:52.144305 140514271229120 submission.py:307] 39500) loss = 1.172, grad_norm = 0.500
I0913 11:32:31.619805 140490787759872 logging_writer.py:48] [40000] global_step=40000, grad_norm=0.5, loss=1.28691
I0913 11:32:31.623844 140514271229120 submission.py:307] 40000) loss = 1.287, grad_norm = 0.500
I0913 11:35:16.155821 140514271229120 spec.py:333] Evaluating on the training split.
/usr/local/lib/python3.11/multiprocessing/popen_fork.py:66: RuntimeWarning: os.fork() was called. os.fork() is incompatible with multithreaded code, and JAX is multithreaded, so this will likely lead to a deadlock.
  self.pid = os.fork()
I0913 11:36:20.292074 140514271229120 spec.py:346] Evaluating on the validation split.
I0913 11:37:24.737563 140514271229120 spec.py:363] Evaluating on the test split.
I0913 11:37:25.738372 140514271229120 submission_runner.py:516] Time since start: 32200.80s, 	Step: 40351, 	{'train/accuracy': 0.7042012117346939, 'train/loss': 3.5335310332629146, 'validation/accuracy': 0.58318, 'validation/loss': 3.826075, 'validation/num_examples': 50000, 'test/accuracy': 0.5265, 'test/loss': 2.308673828125, 'test/num_examples': 10000, 'score': 30035.080238819122, 'total_duration': 32200.802064180374, 'accumulated_submission_time': 30035.080238819122, 'accumulated_eval_time': 2095.101897716522, 'accumulated_logging_time': 5.541431188583374}
I0913 11:37:26.085302 140490812937984 logging_writer.py:48] [40351] accumulated_eval_time=2095.1, accumulated_logging_time=5.54143, accumulated_submission_time=30035.1, global_step=40351, preemption_count=0, score=30035.1, test/accuracy=0.5265, test/loss=2.30867, test/num_examples=10000, total_duration=32200.8, train/accuracy=0.704201, train/loss=3.53353, validation/accuracy=0.58318, validation/loss=3.82607, validation/num_examples=50000
I0913 11:38:40.288475 140490720618240 logging_writer.py:48] [40500] global_step=40500, grad_norm=0.5, loss=1.22247
I0913 11:38:40.292255 140514271229120 submission.py:307] 40500) loss = 1.222, grad_norm = 0.500
I0913 11:46:25.153447 140490812937984 logging_writer.py:48] [41000] global_step=41000, grad_norm=0.5, loss=1.14579
I0913 11:46:25.157534 140514271229120 submission.py:307] 41000) loss = 1.146, grad_norm = 0.500
I0913 11:53:08.949381 140490720618240 logging_writer.py:48] [41500] global_step=41500, grad_norm=0.5, loss=1.2026
I0913 11:53:08.953533 140514271229120 submission.py:307] 41500) loss = 1.203, grad_norm = 0.500
I0913 11:58:03.520092 140490812937984 logging_writer.py:48] [42000] global_step=42000, grad_norm=0.5, loss=1.14367
I0913 11:58:03.525920 140514271229120 submission.py:307] 42000) loss = 1.144, grad_norm = 0.500
I0913 12:06:42.458129 140490720618240 logging_writer.py:48] [42500] global_step=42500, grad_norm=0.5, loss=1.11701
I0913 12:06:42.462118 140514271229120 submission.py:307] 42500) loss = 1.117, grad_norm = 0.500
I0913 12:10:43.003499 140514271229120 spec.py:333] Evaluating on the training split.
/usr/local/lib/python3.11/multiprocessing/popen_fork.py:66: RuntimeWarning: os.fork() was called. os.fork() is incompatible with multithreaded code, and JAX is multithreaded, so this will likely lead to a deadlock.
  self.pid = os.fork()
I0913 12:11:47.433442 140514271229120 spec.py:346] Evaluating on the validation split.
I0913 12:12:52.331775 140514271229120 spec.py:363] Evaluating on the test split.
I0913 12:12:53.394586 140514271229120 submission_runner.py:516] Time since start: 34328.46s, 	Step: 42975, 	{'train/accuracy': 0.7175143494897959, 'train/loss': 3.674822748923788, 'validation/accuracy': 0.60794, 'validation/loss': 3.3489609375, 'validation/num_examples': 50000, 'test/accuracy': 0.5359, 'test/loss': 2.2669248046875, 'test/num_examples': 10000, 'score': 32028.396780967712, 'total_duration': 34328.45838928223, 'accumulated_submission_time': 32028.396780967712, 'accumulated_eval_time': 2225.492896080017, 'accumulated_logging_time': 5.898090839385986}
I0913 12:12:53.802839 140490720618240 logging_writer.py:48] [42975] accumulated_eval_time=2225.49, accumulated_logging_time=5.89809, accumulated_submission_time=32028.4, global_step=42975, preemption_count=0, score=32028.4, test/accuracy=0.5359, test/loss=2.26692, test/num_examples=10000, total_duration=34328.5, train/accuracy=0.717514, train/loss=3.67482, validation/accuracy=0.60794, validation/loss=3.34896, validation/num_examples=50000
I0913 12:13:02.956012 140490687047424 logging_writer.py:48] [43000] global_step=43000, grad_norm=0.5, loss=1.25442
I0913 12:13:02.960699 140514271229120 submission.py:307] 43000) loss = 1.254, grad_norm = 0.500
I0913 12:20:15.418101 140490720618240 logging_writer.py:48] [43500] global_step=43500, grad_norm=0.5, loss=1.15407
I0913 12:20:15.422089 140514271229120 submission.py:307] 43500) loss = 1.154, grad_norm = 0.500
I0913 12:27:01.676287 140490687047424 logging_writer.py:48] [44000] global_step=44000, grad_norm=0.5, loss=1.06136
I0913 12:27:01.680710 140514271229120 submission.py:307] 44000) loss = 1.061, grad_norm = 0.500
I0913 12:31:57.699346 140490720618240 logging_writer.py:48] [44500] global_step=44500, grad_norm=0.5, loss=1.03335
I0913 12:31:57.703488 140514271229120 submission.py:307] 44500) loss = 1.033, grad_norm = 0.500
I0913 12:40:32.132658 140490687047424 logging_writer.py:48] [45000] global_step=45000, grad_norm=0.5, loss=1.03396
I0913 12:40:32.136807 140514271229120 submission.py:307] 45000) loss = 1.034, grad_norm = 0.500
I0913 12:44:44.683324 140490720618240 logging_writer.py:48] [45500] global_step=45500, grad_norm=0.5, loss=1.04281
I0913 12:44:44.687798 140514271229120 submission.py:307] 45500) loss = 1.043, grad_norm = 0.500
I0913 12:46:14.242289 140514271229120 spec.py:333] Evaluating on the training split.
/usr/local/lib/python3.11/multiprocessing/popen_fork.py:66: RuntimeWarning: os.fork() was called. os.fork() is incompatible with multithreaded code, and JAX is multithreaded, so this will likely lead to a deadlock.
  self.pid = os.fork()
I0913 12:47:13.337741 140514271229120 spec.py:346] Evaluating on the validation split.
I0913 12:48:18.529612 140514271229120 spec.py:363] Evaluating on the test split.
I0913 12:48:19.548755 140514271229120 submission_runner.py:516] Time since start: 36454.61s, 	Step: 45639, 	{'train/accuracy': 0.7144650829081632, 'train/loss': 3.7727309246452485, 'validation/accuracy': 0.60726, 'validation/loss': 3.3839653125, 'validation/num_examples': 50000, 'test/accuracy': 0.5427, 'test/loss': 2.2691771484375, 'test/num_examples': 10000, 'score': 34023.23478484154, 'total_duration': 36454.61201810837, 'accumulated_submission_time': 34023.23478484154, 'accumulated_eval_time': 2350.798717737198, 'accumulated_logging_time': 6.316791296005249}
I0913 12:48:19.930963 140490678654720 logging_writer.py:48] [45639] accumulated_eval_time=2350.8, accumulated_logging_time=6.31679, accumulated_submission_time=34023.2, global_step=45639, preemption_count=0, score=34023.2, test/accuracy=0.5427, test/loss=2.26918, test/num_examples=10000, total_duration=36454.6, train/accuracy=0.714465, train/loss=3.77273, validation/accuracy=0.60726, validation/loss=3.38397, validation/num_examples=50000
I0913 12:53:26.857115 140490779367168 logging_writer.py:48] [46000] global_step=46000, grad_norm=0.5, loss=1.17822
I0913 12:53:26.860922 140514271229120 submission.py:307] 46000) loss = 1.178, grad_norm = 0.500
I0913 13:00:09.418411 140490678654720 logging_writer.py:48] [46500] global_step=46500, grad_norm=0.5, loss=1.11525
I0913 13:00:09.466844 140514271229120 submission.py:307] 46500) loss = 1.115, grad_norm = 0.500
I0913 13:05:19.403697 140490779367168 logging_writer.py:48] [47000] global_step=47000, grad_norm=0.5, loss=1.11806
I0913 13:05:19.407964 140514271229120 submission.py:307] 47000) loss = 1.118, grad_norm = 0.500
I0913 13:13:53.742215 140490678654720 logging_writer.py:48] [47500] global_step=47500, grad_norm=0.5, loss=1.06852
I0913 13:13:53.746694 140514271229120 submission.py:307] 47500) loss = 1.069, grad_norm = 0.500
I0913 13:17:56.239594 140490779367168 logging_writer.py:48] [48000] global_step=48000, grad_norm=0.5, loss=1.01294
I0913 13:17:56.243827 140514271229120 submission.py:307] 48000) loss = 1.013, grad_norm = 0.500
I0913 13:21:38.340524 140514271229120 spec.py:333] Evaluating on the training split.
/usr/local/lib/python3.11/multiprocessing/popen_fork.py:66: RuntimeWarning: os.fork() was called. os.fork() is incompatible with multithreaded code, and JAX is multithreaded, so this will likely lead to a deadlock.
  self.pid = os.fork()
I0913 13:22:37.630360 140514271229120 spec.py:346] Evaluating on the validation split.
I0913 13:23:50.397386 140514271229120 spec.py:363] Evaluating on the test split.
I0913 13:23:51.390160 140514271229120 submission_runner.py:516] Time since start: 38586.45s, 	Step: 48310, 	{'train/accuracy': 0.7372249681122449, 'train/loss': 3.4263698032924106, 'validation/accuracy': 0.59002, 'validation/loss': 3.86083, 'validation/num_examples': 50000, 'test/accuracy': 0.5378, 'test/loss': 2.2942724609375, 'test/num_examples': 10000, 'score': 36016.49505734444, 'total_duration': 38586.453929424286, 'accumulated_submission_time': 36016.49505734444, 'accumulated_eval_time': 2483.848254919052, 'accumulated_logging_time': 6.711942195892334}
I0913 13:23:51.783279 140490804545280 logging_writer.py:48] [48310] accumulated_eval_time=2483.85, accumulated_logging_time=6.71194, accumulated_submission_time=36016.5, global_step=48310, preemption_count=0, score=36016.5, test/accuracy=0.5378, test/loss=2.29427, test/num_examples=10000, total_duration=38586.5, train/accuracy=0.737225, train/loss=3.42637, validation/accuracy=0.59002, validation/loss=3.86083, validation/num_examples=50000
I0913 13:26:02.874547 140490745796352 logging_writer.py:48] [48500] global_step=48500, grad_norm=0.5, loss=0.991121
I0913 13:26:02.878422 140514271229120 submission.py:307] 48500) loss = 0.991, grad_norm = 0.500
I0913 13:32:50.653748 140490804545280 logging_writer.py:48] [49000] global_step=49000, grad_norm=0.5, loss=1.02664
I0913 13:32:50.670954 140514271229120 submission.py:307] 49000) loss = 1.027, grad_norm = 0.500
I0913 13:38:00.800691 140490745796352 logging_writer.py:48] [49500] global_step=49500, grad_norm=0.5, loss=1.06455
I0913 13:38:00.804644 140514271229120 submission.py:307] 49500) loss = 1.065, grad_norm = 0.500
I0913 13:46:31.677124 140490804545280 logging_writer.py:48] [50000] global_step=50000, grad_norm=0.5, loss=1.04505
I0913 13:46:31.681158 140514271229120 submission.py:307] 50000) loss = 1.045, grad_norm = 0.500
I0913 13:50:37.467808 140490745796352 logging_writer.py:48] [50500] global_step=50500, grad_norm=0.5, loss=0.952922
I0913 13:50:37.472993 140514271229120 submission.py:307] 50500) loss = 0.953, grad_norm = 0.500
I0913 13:57:13.176825 140514271229120 spec.py:333] Evaluating on the training split.
/usr/local/lib/python3.11/multiprocessing/popen_fork.py:66: RuntimeWarning: os.fork() was called. os.fork() is incompatible with multithreaded code, and JAX is multithreaded, so this will likely lead to a deadlock.
  self.pid = os.fork()
I0913 13:58:02.601379 140514271229120 spec.py:346] Evaluating on the validation split.
I0913 13:59:23.976657 140514271229120 spec.py:363] Evaluating on the test split.
I0913 13:59:24.915154 140514271229120 submission_runner.py:516] Time since start: 40719.98s, 	Step: 50983, 	{'train/accuracy': 0.7030253507653061, 'train/loss': 4.454295878507653, 'validation/accuracy': 0.60278, 'validation/loss': 3.635655625, 'validation/num_examples': 50000, 'test/accuracy': 0.5423, 'test/loss': 2.321203125, 'test/num_examples': 10000, 'score': 38012.98178291321, 'total_duration': 40719.979044914246, 'accumulated_submission_time': 38012.98178291321, 'accumulated_eval_time': 2615.5865807533264, 'accumulated_logging_time': 7.114745140075684}
I0913 13:59:25.292883 140490712225536 logging_writer.py:48] [50983] accumulated_eval_time=2615.59, accumulated_logging_time=7.11475, accumulated_submission_time=38013, global_step=50983, preemption_count=0, score=38013, test/accuracy=0.5423, test/loss=2.3212, test/num_examples=10000, total_duration=40720, train/accuracy=0.703025, train/loss=4.4543, validation/accuracy=0.60278, validation/loss=3.63566, validation/num_examples=50000
I0913 13:59:30.601804 140490678654720 logging_writer.py:48] [51000] global_step=51000, grad_norm=0.5, loss=1.03725
I0913 13:59:30.605170 140514271229120 submission.py:307] 51000) loss = 1.037, grad_norm = 0.500
I0913 14:05:29.177432 140490712225536 logging_writer.py:48] [51500] global_step=51500, grad_norm=0.5, loss=0.977114
I0913 14:05:29.181581 140514271229120 submission.py:307] 51500) loss = 0.977, grad_norm = 0.500
I0913 14:10:57.842576 140490678654720 logging_writer.py:48] [52000] global_step=52000, grad_norm=0.5, loss=1.07618
I0913 14:10:57.846714 140514271229120 submission.py:307] 52000) loss = 1.076, grad_norm = 0.500
I0913 14:19:20.014428 140490712225536 logging_writer.py:48] [52500] global_step=52500, grad_norm=0.5, loss=1.08427
I0913 14:19:20.018396 140514271229120 submission.py:307] 52500) loss = 1.084, grad_norm = 0.500
I0913 14:23:20.081612 140490678654720 logging_writer.py:48] [53000] global_step=53000, grad_norm=0.5, loss=0.940408
I0913 14:23:20.085797 140514271229120 submission.py:307] 53000) loss = 0.940, grad_norm = 0.500
I0913 14:30:07.804182 140490712225536 logging_writer.py:48] [53500] global_step=53500, grad_norm=0.5, loss=1.03496
I0913 14:30:07.808342 140514271229120 submission.py:307] 53500) loss = 1.035, grad_norm = 0.500
I0913 14:32:56.385947 140514271229120 spec.py:333] Evaluating on the training split.
/usr/local/lib/python3.11/multiprocessing/popen_fork.py:66: RuntimeWarning: os.fork() was called. os.fork() is incompatible with multithreaded code, and JAX is multithreaded, so this will likely lead to a deadlock.
  self.pid = os.fork()
I0913 14:33:45.440374 140514271229120 spec.py:346] Evaluating on the validation split.
I0913 14:35:11.410725 140514271229120 spec.py:363] Evaluating on the test split.
I0913 14:35:12.316162 140514271229120 submission_runner.py:516] Time since start: 42867.38s, 	Step: 53643, 	{'train/accuracy': 0.7354512117346939, 'train/loss': 3.9732946279097576, 'validation/accuracy': 0.60552, 'validation/loss': 3.769000625, 'validation/num_examples': 50000, 'test/accuracy': 0.5485, 'test/loss': 2.3113056640625, 'test/num_examples': 10000, 'score': 40020.475558280945, 'total_duration': 42867.38005900383, 'accumulated_submission_time': 40020.475558280945, 'accumulated_eval_time': 2751.5167932510376, 'accumulated_logging_time': 7.502183437347412}
I0913 14:35:12.772668 140490796152576 logging_writer.py:48] [53643] accumulated_eval_time=2751.52, accumulated_logging_time=7.50218, accumulated_submission_time=40020.5, global_step=53643, preemption_count=0, score=40020.5, test/accuracy=0.5485, test/loss=2.31131, test/num_examples=10000, total_duration=42867.4, train/accuracy=0.735451, train/loss=3.97329, validation/accuracy=0.60552, validation/loss=3.769, validation/num_examples=50000
I0913 14:38:39.500073 140490712225536 logging_writer.py:48] [54000] global_step=54000, grad_norm=0.5, loss=1.10732
I0913 14:38:39.504181 140514271229120 submission.py:307] 54000) loss = 1.107, grad_norm = 0.500
I0913 14:44:17.392412 140490796152576 logging_writer.py:48] [54500] global_step=54500, grad_norm=0.5, loss=1.02061
I0913 14:44:17.396442 140514271229120 submission.py:307] 54500) loss = 1.021, grad_norm = 0.500
I0913 14:52:46.040962 140490712225536 logging_writer.py:48] [55000] global_step=55000, grad_norm=0.5, loss=1.05969
I0913 14:52:46.045079 140514271229120 submission.py:307] 55000) loss = 1.060, grad_norm = 0.500
I0913 14:56:44.784387 140490796152576 logging_writer.py:48] [55500] global_step=55500, grad_norm=0.5, loss=0.909215
I0913 14:56:44.788537 140514271229120 submission.py:307] 55500) loss = 0.909, grad_norm = 0.500
I0913 15:03:45.562390 140490712225536 logging_writer.py:48] [56000] global_step=56000, grad_norm=0.5, loss=0.908519
I0913 15:03:45.566413 140514271229120 submission.py:307] 56000) loss = 0.909, grad_norm = 0.500
I0913 15:08:29.426622 140514271229120 spec.py:333] Evaluating on the training split.
/usr/local/lib/python3.11/multiprocessing/popen_fork.py:66: RuntimeWarning: os.fork() was called. os.fork() is incompatible with multithreaded code, and JAX is multithreaded, so this will likely lead to a deadlock.
  self.pid = os.fork()
I0913 15:09:00.042680 140514271229120 spec.py:346] Evaluating on the validation split.
I0913 15:10:04.511301 140514271229120 spec.py:363] Evaluating on the test split.
I0913 15:10:05.547141 140514271229120 submission_runner.py:516] Time since start: 44960.61s, 	Step: 56265, 	{'train/accuracy': 0.7109375, 'train/loss': 4.522355994399713, 'validation/accuracy': 0.60638, 'validation/loss': 3.6884934375, 'validation/num_examples': 50000, 'test/accuracy': 0.5361, 'test/loss': 2.37835546875, 'test/num_examples': 10000, 'score': 42013.84645605087, 'total_duration': 44960.609933137894, 'accumulated_submission_time': 42013.84645605087, 'accumulated_eval_time': 2847.636313676834, 'accumulated_logging_time': 7.968269109725952}
I0913 15:10:05.957314 140490745796352 logging_writer.py:48] [56265] accumulated_eval_time=2847.64, accumulated_logging_time=7.96827, accumulated_submission_time=42013.8, global_step=56265, preemption_count=0, score=42013.8, test/accuracy=0.5361, test/loss=2.37836, test/num_examples=10000, total_duration=44960.6, train/accuracy=0.710938, train/loss=4.52236, validation/accuracy=0.60638, validation/loss=3.68849, validation/num_examples=50000
I0913 15:12:45.903038 140490821330688 logging_writer.py:48] [56500] global_step=56500, grad_norm=0.5, loss=0.870556
I0913 15:12:45.907051 140514271229120 submission.py:307] 56500) loss = 0.871, grad_norm = 0.500
I0913 15:18:39.402636 140490745796352 logging_writer.py:48] [57000] global_step=57000, grad_norm=0.5, loss=0.899343
I0913 15:18:39.406691 140514271229120 submission.py:307] 57000) loss = 0.899, grad_norm = 0.500
I0913 15:27:28.507301 140490821330688 logging_writer.py:48] [57500] global_step=57500, grad_norm=0.5, loss=0.984226
I0913 15:27:28.511239 140514271229120 submission.py:307] 57500) loss = 0.984, grad_norm = 0.500
I0913 15:31:28.128063 140490745796352 logging_writer.py:48] [58000] global_step=58000, grad_norm=0.5, loss=0.901752
I0913 15:31:28.132397 140514271229120 submission.py:307] 58000) loss = 0.902, grad_norm = 0.500
I0913 15:38:35.886041 140490821330688 logging_writer.py:48] [58500] global_step=58500, grad_norm=0.5, loss=1.05591
I0913 15:38:35.890228 140514271229120 submission.py:307] 58500) loss = 1.056, grad_norm = 0.500
I0913 15:43:24.106276 140514271229120 spec.py:333] Evaluating on the training split.
/usr/local/lib/python3.11/multiprocessing/popen_fork.py:66: RuntimeWarning: os.fork() was called. os.fork() is incompatible with multithreaded code, and JAX is multithreaded, so this will likely lead to a deadlock.
  self.pid = os.fork()
I0913 15:44:01.755679 140514271229120 spec.py:346] Evaluating on the validation split.
I0913 15:45:06.354487 140514271229120 spec.py:363] Evaluating on the test split.
I0913 15:45:07.383605 140514271229120 submission_runner.py:516] Time since start: 47062.45s, 	Step: 58754, 	{'train/accuracy': 0.7159996811224489, 'train/loss': 4.573967135682398, 'validation/accuracy': 0.5886, 'validation/loss': 4.122043125, 'validation/num_examples': 50000, 'test/accuracy': 0.5422, 'test/loss': 2.350933203125, 'test/num_examples': 10000, 'score': 44008.71176171303, 'total_duration': 47062.44623923302, 'accumulated_submission_time': 44008.71176171303, 'accumulated_eval_time': 2950.9123871326447, 'accumulated_logging_time': 8.387396335601807}
I0913 15:45:07.797709 140490762581760 logging_writer.py:48] [58754] accumulated_eval_time=2950.91, accumulated_logging_time=8.3874, accumulated_submission_time=44008.7, global_step=58754, preemption_count=0, score=44008.7, test/accuracy=0.5422, test/loss=2.35093, test/num_examples=10000, total_duration=47062.4, train/accuracy=0.716, train/loss=4.57397, validation/accuracy=0.5886, validation/loss=4.12204, validation/num_examples=50000
I0913 15:47:47.248306 140494889809664 logging_writer.py:48] [59000] global_step=59000, grad_norm=0.5, loss=0.992041
I0913 15:47:47.252091 140514271229120 submission.py:307] 59000) loss = 0.992, grad_norm = 0.500
I0913 15:53:44.905048 140490762581760 logging_writer.py:48] [59500] global_step=59500, grad_norm=0.5, loss=0.936414
I0913 15:53:44.909058 140514271229120 submission.py:307] 59500) loss = 0.936, grad_norm = 0.500
I0913 16:02:25.108294 140494889809664 logging_writer.py:48] [60000] global_step=60000, grad_norm=0.5, loss=1.02102
I0913 16:02:25.112407 140514271229120 submission.py:307] 60000) loss = 1.021, grad_norm = 0.500
I0913 16:06:28.893058 140490762581760 logging_writer.py:48] [60500] global_step=60500, grad_norm=0.5, loss=0.999245
I0913 16:06:28.897445 140514271229120 submission.py:307] 60500) loss = 0.999, grad_norm = 0.500
I0913 16:13:29.619872 140494889809664 logging_writer.py:48] [61000] global_step=61000, grad_norm=0.5, loss=0.967177
I0913 16:13:29.623911 140514271229120 submission.py:307] 61000) loss = 0.967, grad_norm = 0.500
I0913 16:18:29.296096 140514271229120 spec.py:333] Evaluating on the training split.
/usr/local/lib/python3.11/multiprocessing/popen_fork.py:66: RuntimeWarning: os.fork() was called. os.fork() is incompatible with multithreaded code, and JAX is multithreaded, so this will likely lead to a deadlock.
  self.pid = os.fork()
I0913 16:19:00.248637 140514271229120 spec.py:346] Evaluating on the validation split.
I0913 16:20:04.493580 140514271229120 spec.py:363] Evaluating on the test split.
I0913 16:20:05.539877 140514271229120 submission_runner.py:516] Time since start: 49160.60s, 	Step: 61268, 	{'train/accuracy': 0.7661830357142857, 'train/loss': 3.472351697026467, 'validation/accuracy': 0.59942, 'validation/loss': 4.078488125, 'validation/num_examples': 50000, 'test/accuracy': 0.5413, 'test/loss': 2.3884078125, 'test/num_examples': 10000, 'score': 46006.778717279434, 'total_duration': 49160.60372567177, 'accumulated_submission_time': 46006.778717279434, 'accumulated_eval_time': 3047.156206846237, 'accumulated_logging_time': 8.810739994049072}
I0913 16:20:05.978824 140490712225536 logging_writer.py:48] [61268] accumulated_eval_time=3047.16, accumulated_logging_time=8.81074, accumulated_submission_time=46006.8, global_step=61268, preemption_count=0, score=46006.8, test/accuracy=0.5413, test/loss=2.38841, test/num_examples=10000, total_duration=49160.6, train/accuracy=0.766183, train/loss=3.47235, validation/accuracy=0.59942, validation/loss=4.07849, validation/num_examples=50000
I0913 16:22:28.133943 140490737403648 logging_writer.py:48] [61500] global_step=61500, grad_norm=0.5, loss=0.832256
I0913 16:22:28.137806 140514271229120 submission.py:307] 61500) loss = 0.832, grad_norm = 0.500
I0913 16:28:21.761755 140490712225536 logging_writer.py:48] [62000] global_step=62000, grad_norm=0.5, loss=0.923117
I0913 16:28:21.766032 140514271229120 submission.py:307] 62000) loss = 0.923, grad_norm = 0.500
I0913 16:37:01.079574 140490737403648 logging_writer.py:48] [62500] global_step=62500, grad_norm=0.5, loss=1.0612
I0913 16:37:01.083717 140514271229120 submission.py:307] 62500) loss = 1.061, grad_norm = 0.500
I0913 16:41:00.547108 140490712225536 logging_writer.py:48] [63000] global_step=63000, grad_norm=0.5, loss=0.873348
I0913 16:41:00.551558 140514271229120 submission.py:307] 63000) loss = 0.873, grad_norm = 0.500
I0913 16:48:08.268640 140490737403648 logging_writer.py:48] [63500] global_step=63500, grad_norm=0.5, loss=0.865903
I0913 16:48:08.272922 140514271229120 submission.py:307] 63500) loss = 0.866, grad_norm = 0.500
I0913 16:53:23.068590 140514271229120 spec.py:333] Evaluating on the training split.
/usr/local/lib/python3.11/multiprocessing/popen_fork.py:66: RuntimeWarning: os.fork() was called. os.fork() is incompatible with multithreaded code, and JAX is multithreaded, so this will likely lead to a deadlock.
  self.pid = os.fork()
I0913 16:54:23.463432 140514271229120 spec.py:346] Evaluating on the validation split.
I0913 16:55:27.799176 140514271229120 spec.py:363] Evaluating on the test split.
I0913 16:55:28.873269 140514271229120 submission_runner.py:516] Time since start: 51283.94s, 	Step: 63810, 	{'train/accuracy': 0.7591677295918368, 'train/loss': 3.811367112763074, 'validation/accuracy': 0.59584, 'validation/loss': 4.0934078125, 'validation/num_examples': 50000, 'test/accuracy': 0.5409, 'test/loss': 2.397580859375, 'test/num_examples': 10000, 'score': 47999.9391438961, 'total_duration': 51283.937019109726, 'accumulated_submission_time': 47999.9391438961, 'accumulated_eval_time': 3172.961097240448, 'accumulated_logging_time': 9.259364604949951}
I0913 16:55:29.233761 140490804545280 logging_writer.py:48] [63810] accumulated_eval_time=3172.96, accumulated_logging_time=9.25936, accumulated_submission_time=47999.9, global_step=63810, preemption_count=0, score=47999.9, test/accuracy=0.5409, test/loss=2.39758, test/num_examples=10000, total_duration=51283.9, train/accuracy=0.759168, train/loss=3.81137, validation/accuracy=0.59584, validation/loss=4.09341, validation/num_examples=50000
I0913 16:56:56.677914 140494889809664 logging_writer.py:48] [64000] global_step=64000, grad_norm=0.5, loss=0.94994
I0913 16:56:56.682558 140514271229120 submission.py:307] 64000) loss = 0.950, grad_norm = 0.500
I0913 17:03:00.326092 140490804545280 logging_writer.py:48] [64500] global_step=64500, grad_norm=0.5, loss=0.814626
I0913 17:03:00.330140 140514271229120 submission.py:307] 64500) loss = 0.815, grad_norm = 0.500
I0913 17:11:48.257926 140494889809664 logging_writer.py:48] [65000] global_step=65000, grad_norm=0.5, loss=1.02306
I0913 17:11:48.261926 140514271229120 submission.py:307] 65000) loss = 1.023, grad_norm = 0.500
I0913 17:16:01.345793 140490804545280 logging_writer.py:48] [65500] global_step=65500, grad_norm=0.5, loss=0.836719
I0913 17:16:01.350038 140514271229120 submission.py:307] 65500) loss = 0.837, grad_norm = 0.500
I0913 17:23:00.879281 140494889809664 logging_writer.py:48] [66000] global_step=66000, grad_norm=0.5, loss=1.11818
I0913 17:23:00.883311 140514271229120 submission.py:307] 66000) loss = 1.118, grad_norm = 0.500
I0913 17:28:47.791739 140514271229120 spec.py:333] Evaluating on the training split.
/usr/local/lib/python3.11/multiprocessing/popen_fork.py:66: RuntimeWarning: os.fork() was called. os.fork() is incompatible with multithreaded code, and JAX is multithreaded, so this will likely lead to a deadlock.
  self.pid = os.fork()
I0913 17:29:45.878079 140514271229120 spec.py:346] Evaluating on the validation split.
I0913 17:30:50.258929 140514271229120 spec.py:363] Evaluating on the test split.
I0913 17:30:51.301173 140514271229120 submission_runner.py:516] Time since start: 53406.36s, 	Step: 66364, 	{'train/accuracy': 0.7644491390306123, 'train/loss': 3.9005092698700574, 'validation/accuracy': 0.6022, 'validation/loss': 3.884179375, 'validation/num_examples': 50000, 'test/accuracy': 0.5409, 'test/loss': 2.4544275390625, 'test/num_examples': 10000, 'score': 49994.2833840847, 'total_duration': 53406.36391091347, 'accumulated_submission_time': 49994.2833840847, 'accumulated_eval_time': 3296.469463825226, 'accumulated_logging_time': 9.629589080810547}
I0913 17:30:51.758772 140487004518144 logging_writer.py:48] [66364] accumulated_eval_time=3296.47, accumulated_logging_time=9.62959, accumulated_submission_time=49994.3, global_step=66364, preemption_count=0, score=49994.3, test/accuracy=0.5409, test/loss=2.45443, test/num_examples=10000, total_duration=53406.4, train/accuracy=0.764449, train/loss=3.90051, validation/accuracy=0.6022, validation/loss=3.88418, validation/num_examples=50000
I0913 17:31:42.937378 140490687047424 logging_writer.py:48] [66500] global_step=66500, grad_norm=0.5, loss=0.840001
I0913 17:31:42.942049 140514271229120 submission.py:307] 66500) loss = 0.840, grad_norm = 0.500
I0913 17:37:54.355861 140487004518144 logging_writer.py:48] [67000] global_step=67000, grad_norm=0.5, loss=0.898243
I0913 17:37:54.359773 140514271229120 submission.py:307] 67000) loss = 0.898, grad_norm = 0.500
I0913 17:46:44.528836 140490687047424 logging_writer.py:48] [67500] global_step=67500, grad_norm=0.5, loss=0.956776
I0913 17:46:44.532876 140514271229120 submission.py:307] 67500) loss = 0.957, grad_norm = 0.500
I0913 17:50:52.928182 140487004518144 logging_writer.py:48] [68000] global_step=68000, grad_norm=0.5, loss=0.825535
I0913 17:50:52.932488 140514271229120 submission.py:307] 68000) loss = 0.826, grad_norm = 0.500
I0913 17:57:47.509945 140490687047424 logging_writer.py:48] [68500] global_step=68500, grad_norm=0.5, loss=0.840389
I0913 17:57:47.514047 140514271229120 submission.py:307] 68500) loss = 0.840, grad_norm = 0.500
I0913 18:04:09.749698 140514271229120 spec.py:333] Evaluating on the training split.
/usr/local/lib/python3.11/multiprocessing/popen_fork.py:66: RuntimeWarning: os.fork() was called. os.fork() is incompatible with multithreaded code, and JAX is multithreaded, so this will likely lead to a deadlock.
  self.pid = os.fork()
I0913 18:05:07.643313 140514271229120 spec.py:346] Evaluating on the validation split.
I0913 18:06:12.172383 140514271229120 spec.py:363] Evaluating on the test split.
I0913 18:06:13.274280 140514271229120 submission_runner.py:516] Time since start: 55528.34s, 	Step: 68925, 	{'train/accuracy': 0.7666414221938775, 'train/loss': 3.916106554926658, 'validation/accuracy': 0.60528, 'validation/loss': 3.85621125, 'validation/num_examples': 50000, 'test/accuracy': 0.5375, 'test/loss': 2.504280078125, 'test/num_examples': 10000, 'score': 51988.392485141754, 'total_duration': 55528.33761072159, 'accumulated_submission_time': 51988.392485141754, 'accumulated_eval_time': 3419.99373793602, 'accumulated_logging_time': 10.09680700302124}
I0913 18:06:13.605709 140490678654720 logging_writer.py:48] [68925] accumulated_eval_time=3419.99, accumulated_logging_time=10.0968, accumulated_submission_time=51988.4, global_step=68925, preemption_count=0, score=51988.4, test/accuracy=0.5375, test/loss=2.50428, test/num_examples=10000, total_duration=55528.3, train/accuracy=0.766641, train/loss=3.91611, validation/accuracy=0.60528, validation/loss=3.85621, validation/num_examples=50000
I0913 18:06:36.879869 140490745796352 logging_writer.py:48] [69000] global_step=69000, grad_norm=0.5, loss=0.871042
I0913 18:06:36.883324 140514271229120 submission.py:307] 69000) loss = 0.871, grad_norm = 0.500
I0913 18:12:20.615773 140490678654720 logging_writer.py:48] [69500] global_step=69500, grad_norm=0.5, loss=0.867041
I0913 18:12:20.619791 140514271229120 submission.py:307] 69500) loss = 0.867, grad_norm = 0.500
I0913 18:21:08.886105 140490745796352 logging_writer.py:48] [70000] global_step=70000, grad_norm=0.5, loss=0.890044
I0913 18:21:08.890021 140514271229120 submission.py:307] 70000) loss = 0.890, grad_norm = 0.500
I0913 18:25:20.476307 140490678654720 logging_writer.py:48] [70500] global_step=70500, grad_norm=0.5, loss=0.902929
I0913 18:25:20.480630 140514271229120 submission.py:307] 70500) loss = 0.903, grad_norm = 0.500
I0913 18:32:12.865567 140490745796352 logging_writer.py:48] [71000] global_step=71000, grad_norm=0.5, loss=0.830665
I0913 18:32:12.869651 140514271229120 submission.py:307] 71000) loss = 0.831, grad_norm = 0.500
I0913 18:38:59.810818 140490678654720 logging_writer.py:48] [71500] global_step=71500, grad_norm=0.5, loss=0.838571
I0913 18:38:59.815694 140514271229120 submission.py:307] 71500) loss = 0.839, grad_norm = 0.500
I0913 18:39:32.936943 140514271229120 spec.py:333] Evaluating on the training split.
/usr/local/lib/python3.11/multiprocessing/popen_fork.py:66: RuntimeWarning: os.fork() was called. os.fork() is incompatible with multithreaded code, and JAX is multithreaded, so this will likely lead to a deadlock.
  self.pid = os.fork()
I0913 18:40:29.039332 140514271229120 spec.py:346] Evaluating on the validation split.
I0913 18:41:34.122836 140514271229120 spec.py:363] Evaluating on the test split.
I0913 18:41:35.305552 140514271229120 submission_runner.py:516] Time since start: 57650.37s, 	Step: 71567, 	{'train/accuracy': 0.7959582270408163, 'train/loss': 3.3684337382413903, 'validation/accuracy': 0.61068, 'validation/loss': 3.876725625, 'validation/num_examples': 50000, 'test/accuracy': 0.5439, 'test/loss': 2.482401171875, 'test/num_examples': 10000, 'score': 53983.56141471863, 'total_duration': 57650.36901497841, 'accumulated_submission_time': 53983.56141471863, 'accumulated_eval_time': 3542.36199259758, 'accumulated_logging_time': 10.43744444847107}
I0913 18:41:35.734674 140490779367168 logging_writer.py:48] [71567] accumulated_eval_time=3542.36, accumulated_logging_time=10.4374, accumulated_submission_time=53983.6, global_step=71567, preemption_count=0, score=53983.6, test/accuracy=0.5439, test/loss=2.4824, test/num_examples=10000, total_duration=57650.4, train/accuracy=0.795958, train/loss=3.36843, validation/accuracy=0.61068, validation/loss=3.87673, validation/num_examples=50000
I0913 18:46:24.094185 140490796152576 logging_writer.py:48] [72000] global_step=72000, grad_norm=0.5, loss=0.780881
I0913 18:46:24.098392 140514271229120 submission.py:307] 72000) loss = 0.781, grad_norm = 0.500
I0913 18:55:12.874040 140490779367168 logging_writer.py:48] [72500] global_step=72500, grad_norm=0.5, loss=0.915551
I0913 18:55:12.878271 140514271229120 submission.py:307] 72500) loss = 0.916, grad_norm = 0.500
I0913 18:59:32.097681 140490796152576 logging_writer.py:48] [73000] global_step=73000, grad_norm=0.5, loss=0.891877
I0913 18:59:32.102020 140514271229120 submission.py:307] 73000) loss = 0.892, grad_norm = 0.500
I0913 19:06:25.880032 140490779367168 logging_writer.py:48] [73500] global_step=73500, grad_norm=0.5, loss=0.863688
I0913 19:06:25.883996 140514271229120 submission.py:307] 73500) loss = 0.864, grad_norm = 0.500
I0913 19:13:06.137758 140490796152576 logging_writer.py:48] [74000] global_step=74000, grad_norm=0.5, loss=0.772857
I0913 19:13:06.178045 140514271229120 submission.py:307] 74000) loss = 0.773, grad_norm = 0.500
I0913 19:14:52.785839 140514271229120 spec.py:333] Evaluating on the training split.
/usr/local/lib/python3.11/multiprocessing/popen_fork.py:66: RuntimeWarning: os.fork() was called. os.fork() is incompatible with multithreaded code, and JAX is multithreaded, so this will likely lead to a deadlock.
  self.pid = os.fork()
I0913 19:15:55.748608 140514271229120 spec.py:346] Evaluating on the validation split.
I0913 19:17:00.517820 140514271229120 spec.py:363] Evaluating on the test split.
I0913 19:17:01.489307 140514271229120 submission_runner.py:516] Time since start: 59776.55s, 	Step: 74216, 	{'train/accuracy': 0.7823262117346939, 'train/loss': 3.757672368263712, 'validation/accuracy': 0.60554, 'validation/loss': 4.1128596875, 'validation/num_examples': 50000, 'test/accuracy': 0.5405, 'test/loss': 2.5159078125, 'test/num_examples': 10000, 'score': 55976.11931800842, 'total_duration': 59776.55257821083, 'accumulated_submission_time': 55976.11931800842, 'accumulated_eval_time': 3671.0648312568665, 'accumulated_logging_time': 10.87571096420288}
I0913 19:17:01.873132 140490745796352 logging_writer.py:48] [74216] accumulated_eval_time=3671.06, accumulated_logging_time=10.8757, accumulated_submission_time=55976.1, global_step=74216, preemption_count=0, score=55976.1, test/accuracy=0.5405, test/loss=2.51591, test/num_examples=10000, total_duration=59776.6, train/accuracy=0.782326, train/loss=3.75767, validation/accuracy=0.60554, validation/loss=4.11286, validation/num_examples=50000
I0913 19:20:15.898080 140494889809664 logging_writer.py:48] [74500] global_step=74500, grad_norm=0.5, loss=0.838182
I0913 19:20:15.902332 140514271229120 submission.py:307] 74500) loss = 0.838, grad_norm = 0.500
I0913 19:28:59.596987 140490745796352 logging_writer.py:48] [75000] global_step=75000, grad_norm=0.5, loss=0.895016
I0913 19:28:59.601127 140514271229120 submission.py:307] 75000) loss = 0.895, grad_norm = 0.500
I0913 19:33:22.162760 140494889809664 logging_writer.py:48] [75500] global_step=75500, grad_norm=0.5, loss=0.774945
I0913 19:33:22.167322 140514271229120 submission.py:307] 75500) loss = 0.775, grad_norm = 0.500
I0913 19:40:03.455350 140490745796352 logging_writer.py:48] [76000] global_step=76000, grad_norm=0.5, loss=0.810245
I0913 19:40:03.459419 140514271229120 submission.py:307] 76000) loss = 0.810, grad_norm = 0.500
I0913 19:46:52.769191 140494889809664 logging_writer.py:48] [76500] global_step=76500, grad_norm=0.5, loss=0.763745
I0913 19:46:52.775023 140514271229120 submission.py:307] 76500) loss = 0.764, grad_norm = 0.500
I0913 19:50:23.607536 140514271229120 spec.py:333] Evaluating on the training split.
/usr/local/lib/python3.11/multiprocessing/popen_fork.py:66: RuntimeWarning: os.fork() was called. os.fork() is incompatible with multithreaded code, and JAX is multithreaded, so this will likely lead to a deadlock.
  self.pid = os.fork()
I0913 19:51:31.547399 140514271229120 spec.py:346] Evaluating on the validation split.
I0913 19:52:38.598563 140514271229120 spec.py:363] Evaluating on the test split.
I0913 19:52:39.517490 140514271229120 submission_runner.py:516] Time since start: 61914.58s, 	Step: 76891, 	{'train/accuracy': 0.7877471301020408, 'train/loss': 3.733782709861288, 'validation/accuracy': 0.60232, 'validation/loss': 4.02851125, 'validation/num_examples': 50000, 'test/accuracy': 0.5366, 'test/loss': 2.53688671875, 'test/num_examples': 10000, 'score': 57973.79527235031, 'total_duration': 61914.58137059212, 'accumulated_submission_time': 57973.79527235031, 'accumulated_eval_time': 3806.97487950325, 'accumulated_logging_time': 11.273123502731323}
I0913 19:52:39.842065 140490821330688 logging_writer.py:48] [76891] accumulated_eval_time=3806.97, accumulated_logging_time=11.2731, accumulated_submission_time=57973.8, global_step=76891, preemption_count=0, score=57973.8, test/accuracy=0.5366, test/loss=2.53689, test/num_examples=10000, total_duration=61914.6, train/accuracy=0.787747, train/loss=3.73378, validation/accuracy=0.60232, validation/loss=4.02851, validation/num_examples=50000
I0913 19:53:23.410523 140490720618240 logging_writer.py:48] [77000] global_step=77000, grad_norm=0.5, loss=0.854225
I0913 19:53:23.413723 140514271229120 submission.py:307] 77000) loss = 0.854, grad_norm = 0.500
I0913 20:02:10.863173 140490821330688 logging_writer.py:48] [77500] global_step=77500, grad_norm=0.5, loss=0.86312
I0913 20:02:10.867010 140514271229120 submission.py:307] 77500) loss = 0.863, grad_norm = 0.500
I0913 20:06:45.732349 140490720618240 logging_writer.py:48] [78000] global_step=78000, grad_norm=0.5, loss=0.8193
I0913 20:06:45.738946 140514271229120 submission.py:307] 78000) loss = 0.819, grad_norm = 0.500
I0913 20:13:34.235572 140490821330688 logging_writer.py:48] [78500] global_step=78500, grad_norm=0.5, loss=0.801849
I0913 20:13:34.239620 140514271229120 submission.py:307] 78500) loss = 0.802, grad_norm = 0.500
I0913 20:20:19.087476 140490720618240 logging_writer.py:48] [79000] global_step=79000, grad_norm=0.5, loss=0.791576
I0913 20:20:19.094136 140514271229120 submission.py:307] 79000) loss = 0.792, grad_norm = 0.500
I0913 20:25:06.567532 140490821330688 logging_writer.py:48] [79500] global_step=79500, grad_norm=0.5, loss=0.811931
I0913 20:25:06.571855 140514271229120 submission.py:307] 79500) loss = 0.812, grad_norm = 0.500
I0913 20:25:58.167537 140514271229120 spec.py:333] Evaluating on the training split.
/usr/local/lib/python3.11/multiprocessing/popen_fork.py:66: RuntimeWarning: os.fork() was called. os.fork() is incompatible with multithreaded code, and JAX is multithreaded, so this will likely lead to a deadlock.
  self.pid = os.fork()
I0913 20:27:00.596070 140514271229120 spec.py:346] Evaluating on the validation split.
I0913 20:28:21.095267 140514271229120 spec.py:363] Evaluating on the test split.
I0913 20:28:22.100671 140514271229120 submission_runner.py:516] Time since start: 64057.16s, 	Step: 79571, 	{'train/accuracy': 0.7647082270408163, 'train/loss': 4.528148417570153, 'validation/accuracy': 0.59836, 'validation/loss': 4.343521875, 'validation/num_examples': 50000, 'test/accuracy': 0.542, 'test/loss': 2.5561978515625, 'test/num_examples': 10000, 'score': 59967.32413458824, 'total_duration': 64057.164492845535, 'accumulated_submission_time': 59967.32413458824, 'accumulated_eval_time': 3950.907996416092, 'accumulated_logging_time': 11.607618570327759}
I0913 20:28:22.435104 140490720618240 logging_writer.py:48] [79571] accumulated_eval_time=3950.91, accumulated_logging_time=11.6076, accumulated_submission_time=59967.3, global_step=79571, preemption_count=0, score=59967.3, test/accuracy=0.542, test/loss=2.5562, test/num_examples=10000, total_duration=64057.2, train/accuracy=0.764708, train/loss=4.52815, validation/accuracy=0.59836, validation/loss=4.34352, validation/num_examples=50000
I0913 20:34:51.908214 140490737403648 logging_writer.py:48] [80000] global_step=80000, grad_norm=0.5, loss=0.917458
I0913 20:34:51.912270 140514271229120 submission.py:307] 80000) loss = 0.917, grad_norm = 0.500
I0913 20:39:40.877591 140490720618240 logging_writer.py:48] [80500] global_step=80500, grad_norm=0.5, loss=0.81624
I0913 20:39:40.882082 140514271229120 submission.py:307] 80500) loss = 0.816, grad_norm = 0.500
I0913 20:46:17.941640 140490737403648 logging_writer.py:48] [81000] global_step=81000, grad_norm=0.5, loss=0.880406
I0913 20:46:17.947255 140514271229120 submission.py:307] 81000) loss = 0.880, grad_norm = 0.500
I0913 20:53:11.065315 140490720618240 logging_writer.py:48] [81500] global_step=81500, grad_norm=0.5, loss=0.772928
I0913 20:53:11.069930 140514271229120 submission.py:307] 81500) loss = 0.773, grad_norm = 0.500
I0913 20:57:58.795092 140490737403648 logging_writer.py:48] [82000] global_step=82000, grad_norm=0.5, loss=0.831165
I0913 20:57:58.802070 140514271229120 submission.py:307] 82000) loss = 0.831, grad_norm = 0.500
I0913 21:01:44.141921 140514271229120 spec.py:333] Evaluating on the training split.
/usr/local/lib/python3.11/multiprocessing/popen_fork.py:66: RuntimeWarning: os.fork() was called. os.fork() is incompatible with multithreaded code, and JAX is multithreaded, so this will likely lead to a deadlock.
  self.pid = os.fork()
I0913 21:02:34.282312 140514271229120 spec.py:346] Evaluating on the validation split.
I0913 21:03:51.044844 140514271229120 spec.py:363] Evaluating on the test split.
I0913 21:03:52.045162 140514271229120 submission_runner.py:516] Time since start: 66187.11s, 	Step: 82235, 	{'train/accuracy': 0.7634526466836735, 'train/loss': 4.757924916792889, 'validation/accuracy': 0.60174, 'validation/loss': 4.3246, 'validation/num_examples': 50000, 'test/accuracy': 0.5413, 'test/loss': 2.5651658203125, 'test/num_examples': 10000, 'score': 61964.11759972572, 'total_duration': 66187.10884904861, 'accumulated_submission_time': 61964.11759972572, 'accumulated_eval_time': 4078.8110699653625, 'accumulated_logging_time': 11.951503276824951}
I0913 21:03:52.445187 140490745796352 logging_writer.py:48] [82235] accumulated_eval_time=4078.81, accumulated_logging_time=11.9515, accumulated_submission_time=61964.1, global_step=82235, preemption_count=0, score=61964.1, test/accuracy=0.5413, test/loss=2.56517, test/num_examples=10000, total_duration=66187.1, train/accuracy=0.763453, train/loss=4.75792, validation/accuracy=0.60174, validation/loss=4.3246, validation/num_examples=50000
I0913 21:07:32.418858 140490804545280 logging_writer.py:48] [82500] global_step=82500, grad_norm=0.5, loss=0.734869
I0913 21:07:32.422840 140514271229120 submission.py:307] 82500) loss = 0.735, grad_norm = 0.500
I0913 21:12:26.924816 140490745796352 logging_writer.py:48] [83000] global_step=83000, grad_norm=0.5, loss=0.821738
I0913 21:12:26.929152 140514271229120 submission.py:307] 83000) loss = 0.822, grad_norm = 0.500
I0913 21:19:18.790069 140490804545280 logging_writer.py:48] [83500] global_step=83500, grad_norm=0.5, loss=0.817375
I0913 21:19:18.794127 140514271229120 submission.py:307] 83500) loss = 0.817, grad_norm = 0.500
I0913 21:26:00.908625 140490745796352 logging_writer.py:48] [84000] global_step=84000, grad_norm=0.5, loss=0.795605
I0913 21:26:00.913128 140514271229120 submission.py:307] 84000) loss = 0.796, grad_norm = 0.500
I0913 21:30:49.552142 140490804545280 logging_writer.py:48] [84500] global_step=84500, grad_norm=0.5, loss=0.871115
I0913 21:30:49.556916 140514271229120 submission.py:307] 84500) loss = 0.871, grad_norm = 0.500
I0913 21:37:09.150113 140514271229120 spec.py:333] Evaluating on the training split.
/usr/local/lib/python3.11/multiprocessing/popen_fork.py:66: RuntimeWarning: os.fork() was called. os.fork() is incompatible with multithreaded code, and JAX is multithreaded, so this will likely lead to a deadlock.
  self.pid = os.fork()
I0913 21:37:58.841524 140514271229120 spec.py:346] Evaluating on the validation split.
I0913 21:39:37.387074 140514271229120 spec.py:363] Evaluating on the test split.
I0913 21:39:38.410038 140514271229120 submission_runner.py:516] Time since start: 68333.47s, 	Step: 84895, 	{'train/accuracy': 0.7957589285714286, 'train/loss': 3.9244023537149233, 'validation/accuracy': 0.60644, 'validation/loss': 4.156065625, 'validation/num_examples': 50000, 'test/accuracy': 0.5449, 'test/loss': 2.5498849609375, 'test/num_examples': 10000, 'score': 63957.24264502525, 'total_duration': 68333.47369885445, 'accumulated_submission_time': 63957.24264502525, 'accumulated_eval_time': 4228.070791721344, 'accumulated_logging_time': 12.361259937286377}
I0913 21:39:38.724775 140490821330688 logging_writer.py:48] [84895] accumulated_eval_time=4228.07, accumulated_logging_time=12.3613, accumulated_submission_time=63957.2, global_step=84895, preemption_count=0, score=63957.2, test/accuracy=0.5449, test/loss=2.54988, test/num_examples=10000, total_duration=68333.5, train/accuracy=0.795759, train/loss=3.9244, validation/accuracy=0.60644, validation/loss=4.15607, validation/num_examples=50000
I0913 21:40:25.101240 140490720618240 logging_writer.py:48] [85000] global_step=85000, grad_norm=0.5, loss=0.894404
I0913 21:40:25.104959 140514271229120 submission.py:307] 85000) loss = 0.894, grad_norm = 0.500
I0913 21:45:28.792019 140490821330688 logging_writer.py:48] [85500] global_step=85500, grad_norm=0.5, loss=0.745501
I0913 21:45:28.796593 140514271229120 submission.py:307] 85500) loss = 0.746, grad_norm = 0.500
I0913 21:52:44.987560 140490720618240 logging_writer.py:48] [86000] global_step=86000, grad_norm=0.5, loss=0.850102
I0913 21:52:44.991847 140514271229120 submission.py:307] 86000) loss = 0.850, grad_norm = 0.500
I0913 21:59:13.237406 140490821330688 logging_writer.py:48] [86500] global_step=86500, grad_norm=0.5, loss=0.758838
I0913 21:59:13.242027 140514271229120 submission.py:307] 86500) loss = 0.759, grad_norm = 0.500
I0913 22:04:06.094130 140490720618240 logging_writer.py:48] [87000] global_step=87000, grad_norm=0.5, loss=0.732425
I0913 22:04:06.098297 140514271229120 submission.py:307] 87000) loss = 0.732, grad_norm = 0.500
I0913 22:12:33.475218 140490821330688 logging_writer.py:48] [87500] global_step=87500, grad_norm=0.5, loss=0.76094
I0913 22:12:33.479147 140514271229120 submission.py:307] 87500) loss = 0.761, grad_norm = 0.500
I0913 22:12:56.365376 140514271229120 spec.py:333] Evaluating on the training split.
/usr/local/lib/python3.11/multiprocessing/popen_fork.py:66: RuntimeWarning: os.fork() was called. os.fork() is incompatible with multithreaded code, and JAX is multithreaded, so this will likely lead to a deadlock.
  self.pid = os.fork()
I0913 22:13:36.525600 140514271229120 spec.py:346] Evaluating on the validation split.
I0913 22:14:40.920012 140514271229120 spec.py:363] Evaluating on the test split.
I0913 22:14:41.954189 140514271229120 submission_runner.py:516] Time since start: 70437.02s, 	Step: 87519, 	{'train/accuracy': 0.7683952487244898, 'train/loss': 4.895434009785554, 'validation/accuracy': 0.60802, 'validation/loss': 4.351689375, 'validation/num_examples': 50000, 'test/accuracy': 0.5401, 'test/loss': 2.64440703125, 'test/num_examples': 10000, 'score': 65951.39333939552, 'total_duration': 70437.01794242859, 'accumulated_submission_time': 65951.39333939552, 'accumulated_eval_time': 4333.659548521042, 'accumulated_logging_time': 12.685445070266724}
I0913 22:14:42.267363 140490829723392 logging_writer.py:48] [87519] accumulated_eval_time=4333.66, accumulated_logging_time=12.6854, accumulated_submission_time=65951.4, global_step=87519, preemption_count=0, score=65951.4, test/accuracy=0.5401, test/loss=2.64441, test/num_examples=10000, total_duration=70437, train/accuracy=0.768395, train/loss=4.89543, validation/accuracy=0.60802, validation/loss=4.35169, validation/num_examples=50000
I0913 22:19:30.322765 140490703832832 logging_writer.py:48] [88000] global_step=88000, grad_norm=0.5, loss=0.702781
I0913 22:19:30.327003 140514271229120 submission.py:307] 88000) loss = 0.703, grad_norm = 0.500
I0913 22:26:45.894673 140490829723392 logging_writer.py:48] [88500] global_step=88500, grad_norm=0.5, loss=0.822346
I0913 22:26:45.898950 140514271229120 submission.py:307] 88500) loss = 0.822, grad_norm = 0.500
I0913 22:33:34.418975 140490703832832 logging_writer.py:48] [89000] global_step=89000, grad_norm=0.5, loss=0.686462
I0913 22:33:34.423540 140514271229120 submission.py:307] 89000) loss = 0.686, grad_norm = 0.500
I0913 22:38:30.200774 140490829723392 logging_writer.py:48] [89500] global_step=89500, grad_norm=0.5, loss=0.727546
I0913 22:38:30.205158 140514271229120 submission.py:307] 89500) loss = 0.728, grad_norm = 0.500
I0913 22:47:15.540215 140490703832832 logging_writer.py:48] [90000] global_step=90000, grad_norm=0.5, loss=0.794669
I0913 22:47:15.544305 140514271229120 submission.py:307] 90000) loss = 0.795, grad_norm = 0.500
I0913 22:48:06.371295 140514271229120 spec.py:333] Evaluating on the training split.
/usr/local/lib/python3.11/multiprocessing/popen_fork.py:66: RuntimeWarning: os.fork() was called. os.fork() is incompatible with multithreaded code, and JAX is multithreaded, so this will likely lead to a deadlock.
  self.pid = os.fork()
I0913 22:49:01.406388 140514271229120 spec.py:346] Evaluating on the validation split.
I0913 22:50:05.935353 140514271229120 spec.py:363] Evaluating on the test split.
I0913 22:50:06.984654 140514271229120 submission_runner.py:516] Time since start: 72562.05s, 	Step: 90073, 	{'train/accuracy': 0.7809709821428571, 'train/loss': 4.373063690808355, 'validation/accuracy': 0.61414, 'validation/loss': 3.89102, 'validation/num_examples': 50000, 'test/accuracy': 0.5335, 'test/loss': 2.604086328125, 'test/num_examples': 10000, 'score': 67952.03266215324, 'total_duration': 72562.04839730263, 'accumulated_submission_time': 67952.03266215324, 'accumulated_eval_time': 4454.272779941559, 'accumulated_logging_time': 13.008050680160522}
I0913 22:50:07.372201 140490821330688 logging_writer.py:48] [90073] accumulated_eval_time=4454.27, accumulated_logging_time=13.0081, accumulated_submission_time=67952, global_step=90073, preemption_count=0, score=67952, test/accuracy=0.5335, test/loss=2.60409, test/num_examples=10000, total_duration=72562, train/accuracy=0.780971, train/loss=4.37306, validation/accuracy=0.61414, validation/loss=3.89102, validation/num_examples=50000
I0913 22:54:16.358023 140490695440128 logging_writer.py:48] [90500] global_step=90500, grad_norm=0.5, loss=0.745627
I0913 22:54:16.362180 140514271229120 submission.py:307] 90500) loss = 0.746, grad_norm = 0.500
I0913 23:01:40.843982 140490821330688 logging_writer.py:48] [91000] global_step=91000, grad_norm=0.5, loss=0.778148
I0913 23:01:40.847941 140514271229120 submission.py:307] 91000) loss = 0.778, grad_norm = 0.500
I0913 23:08:27.301154 140490695440128 logging_writer.py:48] [91500] global_step=91500, grad_norm=0.5, loss=0.698589
I0913 23:08:27.305855 140514271229120 submission.py:307] 91500) loss = 0.699, grad_norm = 0.500
I0913 23:13:14.950436 140490821330688 logging_writer.py:48] [92000] global_step=92000, grad_norm=0.5, loss=0.704468
I0913 23:13:14.954623 140514271229120 submission.py:307] 92000) loss = 0.704, grad_norm = 0.500
I0913 23:21:50.713141 140490695440128 logging_writer.py:48] [92500] global_step=92500, grad_norm=0.5, loss=0.682563
I0913 23:21:50.717218 140514271229120 submission.py:307] 92500) loss = 0.683, grad_norm = 0.500
I0913 23:23:24.560566 140514271229120 spec.py:333] Evaluating on the training split.
/usr/local/lib/python3.11/multiprocessing/popen_fork.py:66: RuntimeWarning: os.fork() was called. os.fork() is incompatible with multithreaded code, and JAX is multithreaded, so this will likely lead to a deadlock.
  self.pid = os.fork()
I0913 23:24:24.470755 140514271229120 spec.py:346] Evaluating on the validation split.
I0913 23:25:28.896778 140514271229120 spec.py:363] Evaluating on the test split.
I0913 23:25:29.893584 140514271229120 submission_runner.py:516] Time since start: 74684.96s, 	Step: 92626, 	{'train/accuracy': 0.7737364477040817, 'train/loss': 4.867963518415179, 'validation/accuracy': 0.59746, 'validation/loss': 4.616288125, 'validation/num_examples': 50000, 'test/accuracy': 0.538, 'test/loss': 2.6560337890625, 'test/num_examples': 10000, 'score': 69945.19483971596, 'total_duration': 74684.95734524727, 'accumulated_submission_time': 69945.19483971596, 'accumulated_eval_time': 4579.605948209763, 'accumulated_logging_time': 13.406023025512695}
I0913 23:25:30.268054 140490745796352 logging_writer.py:48] [92626] accumulated_eval_time=4579.61, accumulated_logging_time=13.406, accumulated_submission_time=69945.2, global_step=92626, preemption_count=0, score=69945.2, test/accuracy=0.538, test/loss=2.65603, test/num_examples=10000, total_duration=74685, train/accuracy=0.773736, train/loss=4.86796, validation/accuracy=0.59746, validation/loss=4.61629, validation/num_examples=50000
I0913 23:28:55.449687 140490762581760 logging_writer.py:48] [93000] global_step=93000, grad_norm=0.5, loss=0.733097
I0913 23:28:55.454209 140514271229120 submission.py:307] 93000) loss = 0.733, grad_norm = 0.500
I0913 23:36:04.400618 140490745796352 logging_writer.py:48] [93500] global_step=93500, grad_norm=0.5, loss=0.74871
I0913 23:36:04.404711 140514271229120 submission.py:307] 93500) loss = 0.749, grad_norm = 0.500
I0913 23:43:04.904014 140490762581760 logging_writer.py:48] [94000] global_step=94000, grad_norm=0.5, loss=0.694402
I0913 23:43:04.908900 140514271229120 submission.py:307] 94000) loss = 0.694, grad_norm = 0.500
I0913 23:47:51.597228 140490745796352 logging_writer.py:48] [94500] global_step=94500, grad_norm=0.5, loss=0.753358
I0913 23:47:51.602289 140514271229120 submission.py:307] 94500) loss = 0.753, grad_norm = 0.500
I0913 23:56:24.143630 140490762581760 logging_writer.py:48] [95000] global_step=95000, grad_norm=0.5, loss=0.793264
I0913 23:56:24.148485 140514271229120 submission.py:307] 95000) loss = 0.793, grad_norm = 0.500
I0913 23:58:48.056413 140514271229120 spec.py:333] Evaluating on the training split.
/usr/local/lib/python3.11/multiprocessing/popen_fork.py:66: RuntimeWarning: os.fork() was called. os.fork() is incompatible with multithreaded code, and JAX is multithreaded, so this will likely lead to a deadlock.
  self.pid = os.fork()
I0913 23:59:47.454836 140514271229120 spec.py:346] Evaluating on the validation split.
I0914 00:00:52.025453 140514271229120 spec.py:363] Evaluating on the test split.
I0914 00:00:53.051068 140514271229120 submission_runner.py:516] Time since start: 76808.11s, 	Step: 95245, 	{'train/accuracy': 0.7448182397959183, 'train/loss': 5.682906793088329, 'validation/accuracy': 0.61956, 'validation/loss': 3.79448125, 'validation/num_examples': 50000, 'test/accuracy': 0.546, 'test/loss': 2.6514984375, 'test/num_examples': 10000, 'score': 71939.20494151115, 'total_duration': 76808.11458563805, 'accumulated_submission_time': 71939.20494151115, 'accumulated_eval_time': 4704.600276708603, 'accumulated_logging_time': 13.790885210037231}
I0914 00:00:53.467676 140490829723392 logging_writer.py:48] [95245] accumulated_eval_time=4704.6, accumulated_logging_time=13.7909, accumulated_submission_time=71939.2, global_step=95245, preemption_count=0, score=71939.2, test/accuracy=0.546, test/loss=2.6515, test/num_examples=10000, total_duration=76808.1, train/accuracy=0.744818, train/loss=5.68291, validation/accuracy=0.61956, validation/loss=3.79448, validation/num_examples=50000
I0914 00:03:12.974250 140490796152576 logging_writer.py:48] [95500] global_step=95500, grad_norm=0.5, loss=0.646175
I0914 00:03:12.978471 140514271229120 submission.py:307] 95500) loss = 0.646, grad_norm = 0.500
I0914 00:10:32.495005 140490829723392 logging_writer.py:48] [96000] global_step=96000, grad_norm=0.5, loss=0.589081
I0914 00:10:32.499438 140514271229120 submission.py:307] 96000) loss = 0.589, grad_norm = 0.500
I0914 00:17:43.814709 140490796152576 logging_writer.py:48] [96500] global_step=96500, grad_norm=0.5, loss=0.671435
I0914 00:17:43.825751 140514271229120 submission.py:307] 96500) loss = 0.671, grad_norm = 0.500
I0914 00:22:33.129026 140490829723392 logging_writer.py:48] [97000] global_step=97000, grad_norm=0.5, loss=0.66773
I0914 00:22:33.135539 140514271229120 submission.py:307] 97000) loss = 0.668, grad_norm = 0.500
I0914 00:31:03.270990 140490796152576 logging_writer.py:48] [97500] global_step=97500, grad_norm=0.5, loss=0.744652
I0914 00:31:03.275207 140514271229120 submission.py:307] 97500) loss = 0.745, grad_norm = 0.500
I0914 00:34:10.160979 140514271229120 spec.py:333] Evaluating on the training split.
/usr/local/lib/python3.11/multiprocessing/popen_fork.py:66: RuntimeWarning: os.fork() was called. os.fork() is incompatible with multithreaded code, and JAX is multithreaded, so this will likely lead to a deadlock.
  self.pid = os.fork()
I0914 00:35:08.681772 140514271229120 spec.py:346] Evaluating on the validation split.
I0914 00:36:13.022355 140514271229120 spec.py:363] Evaluating on the test split.
I0914 00:36:14.039400 140514271229120 submission_runner.py:516] Time since start: 78929.10s, 	Step: 97839, 	{'train/accuracy': 0.7731784119897959, 'train/loss': 4.878094731544961, 'validation/accuracy': 0.61604, 'validation/loss': 4.014446875, 'validation/num_examples': 50000, 'test/accuracy': 0.5366, 'test/loss': 2.770053125, 'test/num_examples': 10000, 'score': 73931.97438669205, 'total_duration': 78929.10322093964, 'accumulated_submission_time': 73931.97438669205, 'accumulated_eval_time': 4828.478740930557, 'accumulated_logging_time': 14.217012643814087}
I0914 00:36:14.377723 140490796152576 logging_writer.py:48] [97839] accumulated_eval_time=4828.48, accumulated_logging_time=14.217, accumulated_submission_time=73932, global_step=97839, preemption_count=0, score=73932, test/accuracy=0.5366, test/loss=2.77005, test/num_examples=10000, total_duration=78929.1, train/accuracy=0.773178, train/loss=4.87809, validation/accuracy=0.61604, validation/loss=4.01445, validation/num_examples=50000
I0914 00:37:28.027981 140490812937984 logging_writer.py:48] [98000] global_step=98000, grad_norm=0.5, loss=0.683372
I0914 00:37:28.031917 140514271229120 submission.py:307] 98000) loss = 0.683, grad_norm = 0.500
I0914 00:44:47.624146 140490796152576 logging_writer.py:48] [98500] global_step=98500, grad_norm=0.5, loss=0.707994
I0914 00:44:47.628294 140514271229120 submission.py:307] 98500) loss = 0.708, grad_norm = 0.500
I0914 00:51:59.330952 140490812937984 logging_writer.py:48] [99000] global_step=99000, grad_norm=0.5, loss=0.633483
I0914 00:51:59.335550 140514271229120 submission.py:307] 99000) loss = 0.633, grad_norm = 0.500
I0914 00:56:45.834876 140490796152576 logging_writer.py:48] [99500] global_step=99500, grad_norm=0.5, loss=0.711325
I0914 00:56:45.839728 140514271229120 submission.py:307] 99500) loss = 0.711, grad_norm = 0.500
I0914 01:05:14.453270 140490812937984 logging_writer.py:48] [100000] global_step=100000, grad_norm=0.5, loss=0.70608
I0914 01:05:14.457441 140514271229120 submission.py:307] 100000) loss = 0.706, grad_norm = 0.500
I0914 01:09:32.741427 140490796152576 logging_writer.py:48] [100480] global_step=100480, preemption_count=0, score=75927.6
I0914 01:09:39.043331 140514271229120 submission_runner.py:857] Final imagenet_resnet score: 75927.63577508926
