accumulated_eval_time,accumulated_logging_time,accumulated_submission_time,global_step,preemption_count,score,test/loss,test/num_examples,test/ppl,total_duration,train/loss,train/ppl,validation/loss,validation/num_examples,validation/ppl
211.20786356925964,0.0,64.44570183753967,1,0,64.44570183753967,0.0,0,1.0,276.2579245567322,11.030725860595703,61742.38089709844,11.030333379955245,100000,61718.152962709
394.4250988960266,0.0671312808990478,2633.3079295158386,5996,0,2633.3079295158386,0.0,0,1.0,3031.45596575737,3.5633930206298827,35.28270923727193,3.557727082001279,100000,35.08336484193115
577.6501274108887,0.1405706405639648,5202.25212264061,11988,0,5202.25212264061,0.0,0,1.0,5786.526966810226,3.3708415985107423,29.10300980373969,3.360559800091912,100000,28.8053115827076
760.8002758026123,0.1905586719512939,7771.173419237137,17983,0,7771.173419237137,0.0,0,1.0,8541.425747394562,3.2758544921875,26.46583066675029,3.2638023747202687,100000,26.148775795730423
943.6508364677428,0.2352523803710937,10340.321315526962,23982,0,10340.321315526962,0.0,0,1.0,11296.174940109251,3.211594009399414,24.81861581784023,3.19847259131234,100000,24.49508759970968
1126.8560752868652,0.2802519798278808,12909.325879573822,29983,0,12909.325879573822,0.0,0,1.0,14051.104056835176,3.154807472229004,23.44852216511501,3.14277012817695,100000,23.16795625824668
1309.7651822566986,0.32472681999206543,15478.263548374176,35983,0,15478.263548374176,0.0,0,1.0,16805.656626462936,3.1124267578125,22.47552091933376,3.0994498406529734,100000,22.185742229829184
