global_step,grad_norm,loss,train/accuracy,train/loss,validation/accuracy,validation/loss,validation/num_examples,test/accuracy,test/loss,test/num_examples,score,total_duration,accumulated_submission_time,accumulated_eval_time,accumulated_logging_time,preemption_count
0,0.37059888,6.907755,,,,,,,,,,,,,,
1,,,0.0009374999790452421,6.907756328582764,0.0009999999310821295,6.9077558517456055,50000.0,0.0010000000474974513,6.907756805419922,10000.0,41.268258810043335,155.97500014305115,41.268258810043335,114.70656633377075,0.0,0.0
