accumulated_eval_time,accumulated_logging_time,accumulated_submission_time,global_step,preemption_count,score,test/accuracy,test/loss,test/num_examples,total_duration,train/accuracy,train/loss,validation/accuracy,validation/loss,validation/num_examples
437.28023052215576,0,66.10356187820435,1,0,66.10356187820435,0.0010000000474974513,6.907756805419922,10000,503.38401222229004,0.0008593749953433871,6.907756328582764,0.0009999999310821295,6.9077558517456055,50000
