accumulated_eval_time,accumulated_logging_time,accumulated_submission_time,global_step,preemption_count,score,test/accuracy,test/loss,test/num_examples,total_duration,train/accuracy,train/loss,validation/accuracy,validation/loss,validation/num_examples
521.4617850780487,0,63.579174518585205,1,0,63.579174518585205,0.0010000000474974513,6.907756805419922,10000,585.041277885437,0.001015624962747097,6.907756328582764,0.0009999999310821295,6.9077558517456055,50000
