accumulated_eval_time,accumulated_logging_time,accumulated_submission_time,global_step,preemption_count,score,test/loss,test/num_examples,test/ppl,total_duration,train/loss,train/ppl,validation/loss,validation/num_examples,validation/ppl
213.1433897018433,0.0,66.4085156917572,1,0,66.4085156917572,0.0,0,1.0,280.1452617645264,10.461770629882812,34953.38619764744,10.472424597386508,100000,35327.76922941658
398.0027389526367,0.0518498420715332,2634.893186569214,6022,0,2634.893186569214,0.0,0,1.0,3036.7694687843323,3.51727294921875,33.69242212181602,3.511144925871164,100000,33.48658550236418
582.9348773956299,0.0804600715637207,5203.645619630814,12040,0,5203.645619630814,0.0,0,1.0,5793.464012861252,3.3675025939941405,29.0059967761597,3.358226415141464,100000,28.7381760591387
767.9804863929749,0.1084213256835937,7772.366259813309,18065,0,7772.366259813309,0.0,0,1.0,8550.215877771378,3.2944614410400392,26.962889053475845,3.2837994275495523,100000,26.676937485258563
952.9038016796112,0.1378374099731445,10341.16952228546,24096,0,10341.16952228546,0.0,0,1.0,11306.755838155746,3.238272857666016,25.489659437471094,3.226481952325768,100000,25.19087818811144
1137.8391227722168,0.1647241115570068,12910.192043542862,30131,0,12910.192043542862,0.0,0,1.0,14063.4851334095,3.1885648727417,24.253595458952965,3.177215498121804,100000,23.97988845782741
1322.7480926513672,0.1928398609161377,15479.154538154602,36164,0,15479.154538154602,0.0,0,1.0,16820.1389234066,3.139715576171875,23.097296502892902,3.1264910685741687,100000,22.79385697130415
1507.5800621509552,0.22030901908874512,18048.05788230896,42201,0,18048.05788230896,0.0,0,1.0,19576.640969514847,3.0900440216064453,21.97804546333591,3.0754513167359336,100000,21.65965507077899
