torchrun --redirects 1:0,2:0,3:0 --standalone --nnodes=1 --nproc_per_node=4 submission_runner.py --framework=pytorch --workload=wmt --submission_path=submissions_algorithms/submissions/self_tuning/ademamix_golden/submission.py --data_dir=/data/wmt --experiment_dir=/experiment_runs --experiment_name=submissions_a100/ademamix_golden/study_2 --overwrite=True --save_checkpoints=False --rng_seed=16914702 --torch_compile=true --tuning_ruleset=self 2>&1 | tee -a /logs/wmt_pytorch_09-16-2026-15-00-16.log
W0916 15:00:41.579000 9 site-packages/torch/distributed/run.py:803] 
W0916 15:00:41.579000 9 site-packages/torch/distributed/run.py:803] *****************************************
W0916 15:00:41.579000 9 site-packages/torch/distributed/run.py:803] Setting OMP_NUM_THREADS environment variable for each process to be 1 in default, to avoid your system being overloaded, please further tune the variable for optimal performance in your application as needed. 
W0916 15:00:41.579000 9 site-packages/torch/distributed/run.py:803] *****************************************
2026-09-16 15:00:56.950289: E external/local_xla/xla/stream_executor/cuda/cuda_fft.cc:467] Unable to register cuFFT factory: Attempting to register factory for plugin cuFFT when one has already been registered
2026-09-16 15:00:56.950289: E external/local_xla/xla/stream_executor/cuda/cuda_fft.cc:467] Unable to register cuFFT factory: Attempting to register factory for plugin cuFFT when one has already been registered
2026-09-16 15:00:56.950289: E external/local_xla/xla/stream_executor/cuda/cuda_fft.cc:467] Unable to register cuFFT factory: Attempting to register factory for plugin cuFFT when one has already been registered
2026-09-16 15:00:56.950301: E external/local_xla/xla/stream_executor/cuda/cuda_fft.cc:467] Unable to register cuFFT factory: Attempting to register factory for plugin cuFFT when one has already been registered
WARNING: All log messages before absl::InitializeLog() is called are written to STDERR
WARNING: All log messages before absl::InitializeLog() is called are written to STDERR
WARNING: All log messages before absl::InitializeLog() is called are written to STDERR
E0000 00:00:1789570857.556658      39 cuda_dnn.cc:8579] Unable to register cuDNN factory: Attempting to register factory for plugin cuDNN when one has already been registered
E0000 00:00:1789570857.556666      38 cuda_dnn.cc:8579] Unable to register cuDNN factory: Attempting to register factory for plugin cuDNN when one has already been registered
E0000 00:00:1789570857.556671      40 cuda_dnn.cc:8579] Unable to register cuDNN factory: Attempting to register factory for plugin cuDNN when one has already been registered
WARNING: All log messages before absl::InitializeLog() is called are written to STDERR
E0000 00:00:1789570857.556681      41 cuda_dnn.cc:8579] Unable to register cuDNN factory: Attempting to register factory for plugin cuDNN when one has already been registered
E0000 00:00:1789570857.683640      40 cuda_blas.cc:1407] Unable to register cuBLAS factory: Attempting to register factory for plugin cuBLAS when one has already been registered
E0000 00:00:1789570857.683649      38 cuda_blas.cc:1407] Unable to register cuBLAS factory: Attempting to register factory for plugin cuBLAS when one has already been registered
E0000 00:00:1789570857.683650      41 cuda_blas.cc:1407] Unable to register cuBLAS factory: Attempting to register factory for plugin cuBLAS when one has already been registered
E0000 00:00:1789570857.683667      39 cuda_blas.cc:1407] Unable to register cuBLAS factory: Attempting to register factory for plugin cuBLAS when one has already been registered
W0000 00:00:1789570859.100809      39 computation_placer.cc:177] computation placer already registered. Please check linkage and avoid linking the same target more than once.
W0000 00:00:1789570859.100807      38 computation_placer.cc:177] computation placer already registered. Please check linkage and avoid linking the same target more than once.
W0000 00:00:1789570859.100809      41 computation_placer.cc:177] computation placer already registered. Please check linkage and avoid linking the same target more than once.
W0000 00:00:1789570859.100808      40 computation_placer.cc:177] computation placer already registered. Please check linkage and avoid linking the same target more than once.
W0000 00:00:1789570859.100848      38 computation_placer.cc:177] computation placer already registered. Please check linkage and avoid linking the same target more than once.
W0000 00:00:1789570859.100848      41 computation_placer.cc:177] computation placer already registered. Please check linkage and avoid linking the same target more than once.
W0000 00:00:1789570859.100848      40 computation_placer.cc:177] computation placer already registered. Please check linkage and avoid linking the same target more than once.
W0000 00:00:1789570859.100850      38 computation_placer.cc:177] computation placer already registered. Please check linkage and avoid linking the same target more than once.
W0000 00:00:1789570859.100849      39 computation_placer.cc:177] computation placer already registered. Please check linkage and avoid linking the same target more than once.
W0000 00:00:1789570859.100851      41 computation_placer.cc:177] computation placer already registered. Please check linkage and avoid linking the same target more than once.
W0000 00:00:1789570859.100851      40 computation_placer.cc:177] computation placer already registered. Please check linkage and avoid linking the same target more than once.
W0000 00:00:1789570859.100853      38 computation_placer.cc:177] computation placer already registered. Please check linkage and avoid linking the same target more than once.
W0000 00:00:1789570859.100853      39 computation_placer.cc:177] computation placer already registered. Please check linkage and avoid linking the same target more than once.
W0000 00:00:1789570859.100853      41 computation_placer.cc:177] computation placer already registered. Please check linkage and avoid linking the same target more than once.
W0000 00:00:1789570859.100854      40 computation_placer.cc:177] computation placer already registered. Please check linkage and avoid linking the same target more than once.
W0000 00:00:1789570859.100855      39 computation_placer.cc:177] computation placer already registered. Please check linkage and avoid linking the same target more than once.
W0000 00:00:1789570887.820774      38 gpu_device.cc:2341] Cannot dlopen some GPU libraries. Please make sure the missing libraries mentioned above are installed properly if you would like to use GPU. Follow the guide at https://www.tensorflow.org/install/gpu for how to download and setup the required libraries for your platform.
Skipping registering GPU devices...
W0000 00:00:1789570887.820777      39 gpu_device.cc:2341] Cannot dlopen some GPU libraries. Please make sure the missing libraries mentioned above are installed properly if you would like to use GPU. Follow the guide at https://www.tensorflow.org/install/gpu for how to download and setup the required libraries for your platform.
Skipping registering GPU devices...
W0000 00:00:1789570887.820776      41 gpu_device.cc:2341] Cannot dlopen some GPU libraries. Please make sure the missing libraries mentioned above are installed properly if you would like to use GPU. Follow the guide at https://www.tensorflow.org/install/gpu for how to download and setup the required libraries for your platform.
Skipping registering GPU devices...
W0000 00:00:1789570887.824600      40 gpu_device.cc:2341] Cannot dlopen some GPU libraries. Please make sure the missing libraries mentioned above are installed properly if you would like to use GPU. Follow the guide at https://www.tensorflow.org/install/gpu for how to download and setup the required libraries for your platform.
Skipping registering GPU devices...
/usr/local/lib/python3.11/site-packages/torch/__init__.py:1617: UserWarning: Please use the new API settings to control TF32 behavior, such as torch.backends.cudnn.conv.fp32_precision = 'tf32' or torch.backends.cuda.matmul.fp32_precision = 'ieee'. Old settings, e.g, torch.backends.cuda.matmul.allow_tf32 = True, torch.backends.cudnn.allow_tf32 = True, allowTF32CuDNN() and allowTF32CuBLAS() will be deprecated after Pytorch 2.9. Please see https://pytorch.org/docs/main/notes/cuda.html#tensorfloat-32-tf32-on-ampere-and-later-devices (Triggered internally at /pytorch/aten/src/ATen/Context.cpp:80.)
  _C._set_float32_matmul_precision(precision)
/usr/local/lib/python3.11/site-packages/torch/__init__.py:1617: UserWarning: Please use the new API settings to control TF32 behavior, such as torch.backends.cudnn.conv.fp32_precision = 'tf32' or torch.backends.cuda.matmul.fp32_precision = 'ieee'. Old settings, e.g, torch.backends.cuda.matmul.allow_tf32 = True, torch.backends.cudnn.allow_tf32 = True, allowTF32CuDNN() and allowTF32CuBLAS() will be deprecated after Pytorch 2.9. Please see https://pytorch.org/docs/main/notes/cuda.html#tensorfloat-32-tf32-on-ampere-and-later-devices (Triggered internally at /pytorch/aten/src/ATen/Context.cpp:80.)
  _C._set_float32_matmul_precision(precision)
/usr/local/lib/python3.11/site-packages/torch/__init__.py:1617: UserWarning: Please use the new API settings to control TF32 behavior, such as torch.backends.cudnn.conv.fp32_precision = 'tf32' or torch.backends.cuda.matmul.fp32_precision = 'ieee'. Old settings, e.g, torch.backends.cuda.matmul.allow_tf32 = True, torch.backends.cudnn.allow_tf32 = True, allowTF32CuDNN() and allowTF32CuBLAS() will be deprecated after Pytorch 2.9. Please see https://pytorch.org/docs/main/notes/cuda.html#tensorfloat-32-tf32-on-ampere-and-later-devices (Triggered internally at /pytorch/aten/src/ATen/Context.cpp:80.)
  _C._set_float32_matmul_precision(precision)
/usr/local/lib/python3.11/site-packages/torch/__init__.py:1617: UserWarning: Please use the new API settings to control TF32 behavior, such as torch.backends.cudnn.conv.fp32_precision = 'tf32' or torch.backends.cuda.matmul.fp32_precision = 'ieee'. Old settings, e.g, torch.backends.cuda.matmul.allow_tf32 = True, torch.backends.cudnn.allow_tf32 = True, allowTF32CuDNN() and allowTF32CuBLAS() will be deprecated after Pytorch 2.9. Please see https://pytorch.org/docs/main/notes/cuda.html#tensorfloat-32-tf32-on-ampere-and-later-devices (Triggered internally at /pytorch/aten/src/ATen/Context.cpp:80.)
  _C._set_float32_matmul_precision(precision)
/usr/local/lib/python3.11/site-packages/pydantic/_internal/_generate_schema.py:2249: UnsupportedFieldAttributeWarning: The 'repr' attribute with value False was provided to the `Field()` function, which has no effect in the context it was used. 'repr' is field-specific metadata, and can only be attached to a model field using `Annotated` metadata or by assignment. This may have happened because an `Annotated` type alias using the `type` statement was used, or if the `Field()` function was attached to a single member of a union type.
  warnings.warn(
/usr/local/lib/python3.11/site-packages/pydantic/_internal/_generate_schema.py:2249: UnsupportedFieldAttributeWarning: The 'repr' attribute with value False was provided to the `Field()` function, which has no effect in the context it was used. 'repr' is field-specific metadata, and can only be attached to a model field using `Annotated` metadata or by assignment. This may have happened because an `Annotated` type alias using the `type` statement was used, or if the `Field()` function was attached to a single member of a union type.
  warnings.warn(
/usr/local/lib/python3.11/site-packages/pydantic/_internal/_generate_schema.py:2249: UnsupportedFieldAttributeWarning: The 'repr' attribute with value False was provided to the `Field()` function, which has no effect in the context it was used. 'repr' is field-specific metadata, and can only be attached to a model field using `Annotated` metadata or by assignment. This may have happened because an `Annotated` type alias using the `type` statement was used, or if the `Field()` function was attached to a single member of a union type.
  warnings.warn(
/usr/local/lib/python3.11/site-packages/pydantic/_internal/_generate_schema.py:2249: UnsupportedFieldAttributeWarning: The 'repr' attribute with value False was provided to the `Field()` function, which has no effect in the context it was used. 'repr' is field-specific metadata, and can only be attached to a model field using `Annotated` metadata or by assignment. This may have happened because an `Annotated` type alias using the `type` statement was used, or if the `Field()` function was attached to a single member of a union type.
  warnings.warn(
/usr/local/lib/python3.11/site-packages/pydantic/_internal/_generate_schema.py:2249: UnsupportedFieldAttributeWarning: The 'frozen' attribute with value True was provided to the `Field()` function, which has no effect in the context it was used. 'frozen' is field-specific metadata, and can only be attached to a model field using `Annotated` metadata or by assignment. This may have happened because an `Annotated` type alias using the `type` statement was used, or if the `Field()` function was attached to a single member of a union type.
  warnings.warn(
/usr/local/lib/python3.11/site-packages/pydantic/_internal/_generate_schema.py:2249: UnsupportedFieldAttributeWarning: The 'frozen' attribute with value True was provided to the `Field()` function, which has no effect in the context it was used. 'frozen' is field-specific metadata, and can only be attached to a model field using `Annotated` metadata or by assignment. This may have happened because an `Annotated` type alias using the `type` statement was used, or if the `Field()` function was attached to a single member of a union type.
  warnings.warn(
/usr/local/lib/python3.11/site-packages/pydantic/_internal/_generate_schema.py:2249: UnsupportedFieldAttributeWarning: The 'frozen' attribute with value True was provided to the `Field()` function, which has no effect in the context it was used. 'frozen' is field-specific metadata, and can only be attached to a model field using `Annotated` metadata or by assignment. This may have happened because an `Annotated` type alias using the `type` statement was used, or if the `Field()` function was attached to a single member of a union type.
  warnings.warn(
/usr/local/lib/python3.11/site-packages/pydantic/_internal/_generate_schema.py:2249: UnsupportedFieldAttributeWarning: The 'frozen' attribute with value True was provided to the `Field()` function, which has no effect in the context it was used. 'frozen' is field-specific metadata, and can only be attached to a model field using `Annotated` metadata or by assignment. This may have happened because an `Annotated` type alias using the `type` statement was used, or if the `Field()` function was attached to a single member of a union type.
  warnings.warn(
/usr/local/lib/python3.11/site-packages/torch/distributed/distributed_c10d.py:4876: UserWarning: barrier(): using the device under current context. You can specify `device_id` in `init_process_group` to mute this warning.
  warnings.warn(  # warn only once
[rank0]:[W916 15:01:38.609638257 ProcessGroupNCCL.cpp:5068] Guessing device ID based on global rank. This can cause a hang if rank to GPU mapping is heterogeneous. You can specify device_id in init_process_group()
I0916 15:01:40.999319 140285881828544 logger_utils.py:84] Creating experiment directory at /experiment_runs/submissions_a100/ademamix_golden/study_2/wmt_pytorch.
I0916 15:01:40.999317 140207328986304 logger_utils.py:84] Creating experiment directory at /experiment_runs/submissions_a100/ademamix_golden/study_2/wmt_pytorch.
I0916 15:01:40.999312 140231027893440 logger_utils.py:84] Creating experiment directory at /experiment_runs/submissions_a100/ademamix_golden/study_2/wmt_pytorch.
I0916 15:01:40.999347 140350976722112 logger_utils.py:84] Creating experiment directory at /experiment_runs/submissions_a100/ademamix_golden/study_2/wmt_pytorch.
I0916 15:01:41.207547 140285881828544 submission_runner.py:741] Creating directory at /experiment_runs/submissions_a100/ademamix_golden/study_2/wmt_pytorch/trial_1.
I0916 15:01:41.482823 140285881828544 submission_runner.py:242] Initializing dataset.
I0916 15:01:41.483000 140285881828544 submission_runner.py:251] Initializing model.
I0916 15:01:53.519309 140285881828544 submission_runner.py:290] Performing `torch.compile`.
I0916 15:01:57.429068 140285881828544 submission_runner.py:294] Initializing optimizer.
I0916 15:01:57.429999 140285881828544 submission_runner.py:299] Initializing metrics bundle.
I0916 15:01:57.430167 140285881828544 submission_runner.py:321] Initializing checkpoint and logger.
I0916 15:01:57.430990 140285881828544 submission_runner.py:344] Saving meta data to /experiment_runs/submissions_a100/ademamix_golden/study_2/wmt_pytorch/trial_1/meta_data_0.json.
I0916 15:01:57.431058 140231027893440 logger_utils.py:283] Unable to record workload.train_mean information. Continuing without it.
I0916 15:01:57.431069 140207328986304 logger_utils.py:283] Unable to record workload.train_mean information. Continuing without it.
I0916 15:01:57.431077 140350976722112 logger_utils.py:283] Unable to record workload.train_mean information. Continuing without it.
I0916 15:01:57.431191 140285881828544 logger_utils.py:283] Unable to record workload.train_mean information. Continuing without it.
I0916 15:01:57.431215 140207328986304 logger_utils.py:283] Unable to record workload.train_stddev information. Continuing without it.
I0916 15:01:57.431215 140231027893440 logger_utils.py:283] Unable to record workload.train_stddev information. Continuing without it.
I0916 15:01:57.431227 140350976722112 logger_utils.py:283] Unable to record workload.train_stddev information. Continuing without it.
I0916 15:01:57.431248 140285881828544 logger_utils.py:283] Unable to record workload.train_stddev information. Continuing without it.
I0916 15:01:57.814631 140285881828544 submission_runner.py:348] Saving flags to /experiment_runs/submissions_a100/ademamix_golden/study_2/wmt_pytorch/trial_1/flags_0.json.
I0916 15:01:57.914602 140285881828544 submission_runner.py:359] Starting training loop.
I0916 15:01:59.078328 140285881828544 dataset_info.py:707] Load dataset info from /data/wmt/wmt17_translate/de-en/1.0.0
I0916 15:01:59.092786 140285881828544 dataset_info.py:793] For 'wmt17_translate/de-en/1.0.0': fields info.[splits, supervised_keys] differ on disk and in the code. Keeping the one from code.
I0916 15:01:59.143158 140285881828544 reader.py:262] Creating a tf.data.Dataset reading 16 files located in folders: /data/wmt/wmt17_translate/de-en/1.0.0.
I0916 15:01:59.275431 140285881828544 logging_logger.py:49] Constructing tf.data.Dataset wmt17_translate for split train, from /data/wmt/wmt17_translate/de-en/1.0.0
[rank2]:W0916 15:02:01.578000 40 site-packages/torch/_logging/_internal.py:1199] [0/0] Profiler function <class 'torch.autograd.profiler.record_function'> will be ignored
[rank3]:W0916 15:02:01.578000 41 site-packages/torch/_logging/_internal.py:1199] [0/0] Profiler function <class 'torch.autograd.profiler.record_function'> will be ignored
[rank1]:W0916 15:02:01.578000 39 site-packages/torch/_logging/_internal.py:1199] [0/0] Profiler function <class 'torch.autograd.profiler.record_function'> will be ignored
[rank0]:W0916 15:02:02.499000 38 site-packages/torch/_logging/_internal.py:1199] [0/0] Profiler function <class 'torch.autograd.profiler.record_function'> will be ignored
I0916 15:03:09.173643 140261057283840 logging_writer.py:48] [0] global_step=0, grad_norm=0.5, loss=11.5939
I0916 15:03:09.429928 140285881828544 submission.py:307] 0) loss = 11.594, grad_norm = 0.500
I0916 15:03:10.122759 140285881828544 spec.py:333] Evaluating on the training split.
I0916 15:03:10.124703 140285881828544 dataset_info.py:707] Load dataset info from /data/wmt/wmt17_translate/de-en/1.0.0
I0916 15:03:10.126821 140285881828544 dataset_info.py:793] For 'wmt17_translate/de-en/1.0.0': fields info.[splits, supervised_keys] differ on disk and in the code. Keeping the one from code.
I0916 15:03:10.127770 140285881828544 reader.py:262] Creating a tf.data.Dataset reading 16 files located in folders: /data/wmt/wmt17_translate/de-en/1.0.0.
I0916 15:03:10.161703 140285881828544 logging_logger.py:49] Constructing tf.data.Dataset wmt17_translate for split train, from /data/wmt/wmt17_translate/de-en/1.0.0
/usr/local/lib/python3.11/site-packages/torch/_dynamo/variables/functions.py:1598: UserWarning: Dynamo does not know how to trace the builtin `torch._C._distributed_c10d.pybind11_detail_function_record_v1_system_libstdcpp_gxx_abi_1xxx_use_cxx11_abi_1._broadcast_coalesced.` This function is either a Python builtin (e.g. _warnings.warn) or a third-party C/C++ Python extension (perhaps created with pybind).
If it is a Python builtin, please file an issue on GitHub so the PyTorch team can add support for it and see the next case for a workaround.
If it is a third-party C/C++ Python extension, please either wrap it into a PyTorch-understood custom operator (see https://pytorch.org/tutorials/advanced/custom_ops_landing_page.html for more details) or, if it is traceable, use `torch.compiler.allow_in_graph`.
  torch._dynamo.utils.warn_once(explanation + "\n" + "\n".join(hints))
/usr/local/lib/python3.11/site-packages/torch/_dynamo/variables/functions.py:1598: UserWarning: Dynamo does not know how to trace the builtin `torch._C._distributed_c10d.pybind11_detail_function_record_v1_system_libstdcpp_gxx_abi_1xxx_use_cxx11_abi_1._broadcast_coalesced.` This function is either a Python builtin (e.g. _warnings.warn) or a third-party C/C++ Python extension (perhaps created with pybind).
If it is a Python builtin, please file an issue on GitHub so the PyTorch team can add support for it and see the next case for a workaround.
If it is a third-party C/C++ Python extension, please either wrap it into a PyTorch-understood custom operator (see https://pytorch.org/tutorials/advanced/custom_ops_landing_page.html for more details) or, if it is traceable, use `torch.compiler.allow_in_graph`.
  torch._dynamo.utils.warn_once(explanation + "\n" + "\n".join(hints))
/usr/local/lib/python3.11/site-packages/torch/_dynamo/variables/functions.py:1598: UserWarning: Dynamo does not know how to trace the builtin `torch._C._distributed_c10d.pybind11_detail_function_record_v1_system_libstdcpp_gxx_abi_1xxx_use_cxx11_abi_1._broadcast_coalesced.` This function is either a Python builtin (e.g. _warnings.warn) or a third-party C/C++ Python extension (perhaps created with pybind).
If it is a Python builtin, please file an issue on GitHub so the PyTorch team can add support for it and see the next case for a workaround.
If it is a third-party C/C++ Python extension, please either wrap it into a PyTorch-understood custom operator (see https://pytorch.org/tutorials/advanced/custom_ops_landing_page.html for more details) or, if it is traceable, use `torch.compiler.allow_in_graph`.
  torch._dynamo.utils.warn_once(explanation + "\n" + "\n".join(hints))
/usr/local/lib/python3.11/site-packages/torch/_dynamo/variables/functions.py:1598: UserWarning: Dynamo does not know how to trace the builtin `torch._C._distributed_c10d.pybind11_detail_function_record_v1_system_libstdcpp_gxx_abi_1xxx_use_cxx11_abi_1._broadcast_coalesced.` This function is either a Python builtin (e.g. _warnings.warn) or a third-party C/C++ Python extension (perhaps created with pybind).
If it is a Python builtin, please file an issue on GitHub so the PyTorch team can add support for it and see the next case for a workaround.
If it is a third-party C/C++ Python extension, please either wrap it into a PyTorch-understood custom operator (see https://pytorch.org/tutorials/advanced/custom_ops_landing_page.html for more details) or, if it is traceable, use `torch.compiler.allow_in_graph`.
  torch._dynamo.utils.warn_once(explanation + "\n" + "\n".join(hints))
I0916 15:03:45.153820 140285881828544 workload.py:152] Translating evaluation dataset.
I0916 15:06:00.201044 140285881828544 spec.py:346] Evaluating on the validation split.
I0916 15:06:00.267346 140285881828544 dataset_info.py:707] Load dataset info from /data/wmt/wmt14_translate/de-en/1.0.0
I0916 15:06:00.278856 140285881828544 dataset_info.py:793] For 'wmt14_translate/de-en/1.0.0': fields info.[splits, supervised_keys] differ on disk and in the code. Keeping the one from code.
I0916 15:06:00.279597 140285881828544 reader.py:262] Creating a tf.data.Dataset reading 1 files located in folders: /data/wmt/wmt14_translate/de-en/1.0.0.
I0916 15:06:00.314409 140285881828544 logging_logger.py:49] Constructing tf.data.Dataset wmt14_translate for split validation, from /data/wmt/wmt14_translate/de-en/1.0.0
I0916 15:06:02.679830 140285881828544 workload.py:152] Translating evaluation dataset.
I0916 15:08:14.609303 140285881828544 spec.py:363] Evaluating on the test split.
I0916 15:08:14.611346 140285881828544 dataset_info.py:707] Load dataset info from /data/wmt/wmt14_translate/de-en/1.0.0
I0916 15:08:14.613552 140285881828544 dataset_info.py:793] For 'wmt14_translate/de-en/1.0.0': fields info.[splits, supervised_keys] differ on disk and in the code. Keeping the one from code.
I0916 15:08:14.614323 140285881828544 reader.py:262] Creating a tf.data.Dataset reading 1 files located in folders: /data/wmt/wmt14_translate/de-en/1.0.0.
I0916 15:08:14.648947 140285881828544 logging_logger.py:49] Constructing tf.data.Dataset wmt14_translate for split test, from /data/wmt/wmt14_translate/de-en/1.0.0
I0916 15:08:16.969231 140285881828544 workload.py:152] Translating evaluation dataset.
I0916 15:10:29.023514 140285881828544 submission_runner.py:516] Time since start: 511.11s, 	Step: 1, 	{'train/accuracy': 0.0005829504149235306, 'train/loss': 11.773135844592277, 'train/bleu': 0.0, 'validation/accuracy': 0.00048356498989473163, 'validation/loss': 11.785403311800225, 'validation/bleu': 0.0, 'validation/num_examples': 3000, 'test/accuracy': 0.0007088489919237697, 'test/loss': 11.775305037476032, 'test/bleu': 0.0, 'test/num_examples': 3003, 'score': 71.5164270401001, 'total_duration': 511.1090278625488, 'accumulated_submission_time': 71.5164270401001, 'accumulated_eval_time': 438.90079641342163, 'accumulated_logging_time': 0}
I0916 15:10:29.127816 140257433470720 logging_writer.py:48] [1] accumulated_eval_time=438.901, accumulated_logging_time=0, accumulated_submission_time=71.5164, global_step=1, preemption_count=0, score=71.5164, test/accuracy=0.000708849, test/bleu=0, test/loss=11.7753, test/num_examples=3003, total_duration=511.109, train/accuracy=0.00058295, train/bleu=0, train/loss=11.7731, validation/accuracy=0.000483565, validation/bleu=0, validation/loss=11.7854, validation/num_examples=3000
I0916 15:10:30.068186 140257425078016 logging_writer.py:48] [1] global_step=1, grad_norm=0.5, loss=11.5941
I0916 15:10:30.071173 140285881828544 submission.py:307] 1) loss = 11.594, grad_norm = 0.500
I0916 15:10:30.238852 140257433470720 logging_writer.py:48] [2] global_step=2, grad_norm=0.5, loss=11.5968
I0916 15:10:30.241794 140285881828544 submission.py:307] 2) loss = 11.597, grad_norm = 0.500
I0916 15:10:30.409993 140257425078016 logging_writer.py:48] [3] global_step=3, grad_norm=0.5, loss=11.5788
I0916 15:10:30.412944 140285881828544 submission.py:307] 3) loss = 11.579, grad_norm = 0.500
I0916 15:10:30.580789 140257433470720 logging_writer.py:48] [4] global_step=4, grad_norm=0.5, loss=11.5646
I0916 15:10:30.583653 140285881828544 submission.py:307] 4) loss = 11.565, grad_norm = 0.500
I0916 15:10:30.752214 140257425078016 logging_writer.py:48] [5] global_step=5, grad_norm=0.5, loss=11.5428
I0916 15:10:30.755131 140285881828544 submission.py:307] 5) loss = 11.543, grad_norm = 0.500
I0916 15:10:30.922281 140257433470720 logging_writer.py:48] [6] global_step=6, grad_norm=0.5, loss=11.516
I0916 15:10:30.925075 140285881828544 submission.py:307] 6) loss = 11.516, grad_norm = 0.500
I0916 15:10:31.093202 140257425078016 logging_writer.py:48] [7] global_step=7, grad_norm=0.5, loss=11.4902
I0916 15:10:31.096037 140285881828544 submission.py:307] 7) loss = 11.490, grad_norm = 0.500
I0916 15:10:31.263628 140257433470720 logging_writer.py:48] [8] global_step=8, grad_norm=0.5, loss=11.4461
I0916 15:10:31.266582 140285881828544 submission.py:307] 8) loss = 11.446, grad_norm = 0.500
I0916 15:10:31.434804 140257425078016 logging_writer.py:48] [9] global_step=9, grad_norm=0.5, loss=11.411
I0916 15:10:31.437665 140285881828544 submission.py:307] 9) loss = 11.411, grad_norm = 0.500
I0916 15:10:31.604633 140257433470720 logging_writer.py:48] [10] global_step=10, grad_norm=0.5, loss=11.3508
I0916 15:10:31.607429 140285881828544 submission.py:307] 10) loss = 11.351, grad_norm = 0.500
I0916 15:10:31.774466 140257425078016 logging_writer.py:48] [11] global_step=11, grad_norm=0.5, loss=11.3121
I0916 15:10:31.777401 140285881828544 submission.py:307] 11) loss = 11.312, grad_norm = 0.500
I0916 15:10:31.945262 140257433470720 logging_writer.py:48] [12] global_step=12, grad_norm=0.5, loss=11.2577
I0916 15:10:31.948084 140285881828544 submission.py:307] 12) loss = 11.258, grad_norm = 0.500
I0916 15:10:32.115283 140257425078016 logging_writer.py:48] [13] global_step=13, grad_norm=0.5, loss=11.2136
I0916 15:10:32.118105 140285881828544 submission.py:307] 13) loss = 11.214, grad_norm = 0.500
I0916 15:10:32.286389 140257433470720 logging_writer.py:48] [14] global_step=14, grad_norm=0.5, loss=11.1485
I0916 15:10:32.289234 140285881828544 submission.py:307] 14) loss = 11.148, grad_norm = 0.500
I0916 15:10:32.457067 140257425078016 logging_writer.py:48] [15] global_step=15, grad_norm=0.5, loss=11.0828
I0916 15:10:32.459907 140285881828544 submission.py:307] 15) loss = 11.083, grad_norm = 0.500
I0916 15:10:32.627943 140257433470720 logging_writer.py:48] [16] global_step=16, grad_norm=0.5, loss=11.0311
I0916 15:10:32.630740 140285881828544 submission.py:307] 16) loss = 11.031, grad_norm = 0.500
I0916 15:10:32.797679 140257425078016 logging_writer.py:48] [17] global_step=17, grad_norm=0.5, loss=10.9746
I0916 15:10:32.800479 140285881828544 submission.py:307] 17) loss = 10.975, grad_norm = 0.500
I0916 15:10:32.968498 140257433470720 logging_writer.py:48] [18] global_step=18, grad_norm=0.5, loss=10.8991
I0916 15:10:32.971290 140285881828544 submission.py:307] 18) loss = 10.899, grad_norm = 0.500
I0916 15:10:33.137984 140257425078016 logging_writer.py:48] [19] global_step=19, grad_norm=0.5, loss=10.8433
I0916 15:10:33.140821 140285881828544 submission.py:307] 19) loss = 10.843, grad_norm = 0.500
I0916 15:10:33.308630 140257433470720 logging_writer.py:48] [20] global_step=20, grad_norm=0.5, loss=10.7532
I0916 15:10:33.311441 140285881828544 submission.py:307] 20) loss = 10.753, grad_norm = 0.500
I0916 15:10:33.479331 140257425078016 logging_writer.py:48] [21] global_step=21, grad_norm=0.5, loss=10.6865
I0916 15:10:33.482189 140285881828544 submission.py:307] 21) loss = 10.686, grad_norm = 0.500
I0916 15:10:33.650288 140257433470720 logging_writer.py:48] [22] global_step=22, grad_norm=0.5, loss=10.6419
I0916 15:10:33.653122 140285881828544 submission.py:307] 22) loss = 10.642, grad_norm = 0.500
I0916 15:10:33.821334 140257425078016 logging_writer.py:48] [23] global_step=23, grad_norm=0.5, loss=10.5625
I0916 15:10:33.824111 140285881828544 submission.py:307] 23) loss = 10.563, grad_norm = 0.500
I0916 15:10:33.991466 140257433470720 logging_writer.py:48] [24] global_step=24, grad_norm=0.5, loss=10.4856
I0916 15:10:33.994274 140285881828544 submission.py:307] 24) loss = 10.486, grad_norm = 0.500
I0916 15:10:34.162826 140257425078016 logging_writer.py:48] [25] global_step=25, grad_norm=0.5, loss=10.4157
I0916 15:10:34.165708 140285881828544 submission.py:307] 25) loss = 10.416, grad_norm = 0.500
I0916 15:10:34.333654 140257433470720 logging_writer.py:48] [26] global_step=26, grad_norm=0.5, loss=10.3445
I0916 15:10:34.336504 140285881828544 submission.py:307] 26) loss = 10.345, grad_norm = 0.500
I0916 15:10:34.505142 140257425078016 logging_writer.py:48] [27] global_step=27, grad_norm=0.5, loss=10.2825
I0916 15:10:34.507948 140285881828544 submission.py:307] 27) loss = 10.282, grad_norm = 0.500
I0916 15:10:34.675136 140257433470720 logging_writer.py:48] [28] global_step=28, grad_norm=0.5, loss=10.2067
I0916 15:10:34.677973 140285881828544 submission.py:307] 28) loss = 10.207, grad_norm = 0.500
I0916 15:10:34.846042 140257425078016 logging_writer.py:48] [29] global_step=29, grad_norm=0.5, loss=10.1431
I0916 15:10:34.848926 140285881828544 submission.py:307] 29) loss = 10.143, grad_norm = 0.500
I0916 15:10:35.015850 140257433470720 logging_writer.py:48] [30] global_step=30, grad_norm=0.5, loss=10.0695
I0916 15:10:35.018738 140285881828544 submission.py:307] 30) loss = 10.069, grad_norm = 0.500
I0916 15:10:35.185958 140257425078016 logging_writer.py:48] [31] global_step=31, grad_norm=0.5, loss=10.0035
I0916 15:10:35.188885 140285881828544 submission.py:307] 31) loss = 10.004, grad_norm = 0.500
I0916 15:10:35.356632 140257433470720 logging_writer.py:48] [32] global_step=32, grad_norm=0.5, loss=9.90752
I0916 15:10:35.359453 140285881828544 submission.py:307] 32) loss = 9.908, grad_norm = 0.500
I0916 15:10:35.527290 140257425078016 logging_writer.py:48] [33] global_step=33, grad_norm=0.5, loss=9.85178
I0916 15:10:35.530181 140285881828544 submission.py:307] 33) loss = 9.852, grad_norm = 0.500
I0916 15:10:35.698217 140257433470720 logging_writer.py:48] [34] global_step=34, grad_norm=0.5, loss=9.80323
I0916 15:10:35.701063 140285881828544 submission.py:307] 34) loss = 9.803, grad_norm = 0.500
I0916 15:10:35.868502 140257425078016 logging_writer.py:48] [35] global_step=35, grad_norm=0.5, loss=9.72533
I0916 15:10:35.871357 140285881828544 submission.py:307] 35) loss = 9.725, grad_norm = 0.500
I0916 15:10:36.039646 140257433470720 logging_writer.py:48] [36] global_step=36, grad_norm=0.5, loss=9.68883
I0916 15:10:36.042451 140285881828544 submission.py:307] 36) loss = 9.689, grad_norm = 0.500
I0916 15:10:36.209806 140257425078016 logging_writer.py:48] [37] global_step=37, grad_norm=0.5, loss=9.61601
I0916 15:10:36.212646 140285881828544 submission.py:307] 37) loss = 9.616, grad_norm = 0.500
I0916 15:10:36.380820 140257433470720 logging_writer.py:48] [38] global_step=38, grad_norm=0.5, loss=9.57462
I0916 15:10:36.383746 140285881828544 submission.py:307] 38) loss = 9.575, grad_norm = 0.500
I0916 15:10:36.550532 140257425078016 logging_writer.py:48] [39] global_step=39, grad_norm=0.5, loss=9.52717
I0916 15:10:36.553474 140285881828544 submission.py:307] 39) loss = 9.527, grad_norm = 0.500
I0916 15:10:36.721047 140257433470720 logging_writer.py:48] [40] global_step=40, grad_norm=0.5, loss=9.45085
I0916 15:10:36.723850 140285881828544 submission.py:307] 40) loss = 9.451, grad_norm = 0.500
I0916 15:10:36.891085 140257425078016 logging_writer.py:48] [41] global_step=41, grad_norm=0.5, loss=9.40571
I0916 15:10:36.893933 140285881828544 submission.py:307] 41) loss = 9.406, grad_norm = 0.500
I0916 15:10:37.061557 140257433470720 logging_writer.py:48] [42] global_step=42, grad_norm=0.5, loss=9.35555
I0916 15:10:37.064404 140285881828544 submission.py:307] 42) loss = 9.356, grad_norm = 0.500
I0916 15:10:37.232544 140257425078016 logging_writer.py:48] [43] global_step=43, grad_norm=0.5, loss=9.27389
I0916 15:10:37.235368 140285881828544 submission.py:307] 43) loss = 9.274, grad_norm = 0.500
I0916 15:10:37.402940 140257433470720 logging_writer.py:48] [44] global_step=44, grad_norm=0.5, loss=9.24452
I0916 15:10:37.405829 140285881828544 submission.py:307] 44) loss = 9.245, grad_norm = 0.500
I0916 15:10:37.574260 140257425078016 logging_writer.py:48] [45] global_step=45, grad_norm=0.5, loss=9.214
I0916 15:10:37.577102 140285881828544 submission.py:307] 45) loss = 9.214, grad_norm = 0.500
I0916 15:10:37.744369 140257433470720 logging_writer.py:48] [46] global_step=46, grad_norm=0.5, loss=9.13447
I0916 15:10:37.747327 140285881828544 submission.py:307] 46) loss = 9.134, grad_norm = 0.500
I0916 15:10:37.915446 140257425078016 logging_writer.py:48] [47] global_step=47, grad_norm=0.499999, loss=9.11849
I0916 15:10:37.918227 140285881828544 submission.py:307] 47) loss = 9.118, grad_norm = 0.500
I0916 15:10:38.085597 140257433470720 logging_writer.py:48] [48] global_step=48, grad_norm=0.499999, loss=9.0622
I0916 15:10:38.088515 140285881828544 submission.py:307] 48) loss = 9.062, grad_norm = 0.500
I0916 15:10:38.257049 140257425078016 logging_writer.py:48] [49] global_step=49, grad_norm=0.499999, loss=9.04249
I0916 15:10:38.259925 140285881828544 submission.py:307] 49) loss = 9.042, grad_norm = 0.500
I0916 15:10:38.427176 140257433470720 logging_writer.py:48] [50] global_step=50, grad_norm=0.499999, loss=8.98587
I0916 15:10:38.430006 140285881828544 submission.py:307] 50) loss = 8.986, grad_norm = 0.500
I0916 15:10:38.598170 140257425078016 logging_writer.py:48] [51] global_step=51, grad_norm=0.499999, loss=8.95369
I0916 15:10:38.600955 140285881828544 submission.py:307] 51) loss = 8.954, grad_norm = 0.500
I0916 15:10:38.768549 140257433470720 logging_writer.py:48] [52] global_step=52, grad_norm=0.499999, loss=8.91614
I0916 15:10:38.771418 140285881828544 submission.py:307] 52) loss = 8.916, grad_norm = 0.500
I0916 15:10:38.939858 140257425078016 logging_writer.py:48] [53] global_step=53, grad_norm=0.499999, loss=8.91605
I0916 15:10:38.942719 140285881828544 submission.py:307] 53) loss = 8.916, grad_norm = 0.500
I0916 15:10:39.110922 140257433470720 logging_writer.py:48] [54] global_step=54, grad_norm=0.499999, loss=8.89709
I0916 15:10:39.113837 140285881828544 submission.py:307] 54) loss = 8.897, grad_norm = 0.500
I0916 15:10:39.281956 140257425078016 logging_writer.py:48] [55] global_step=55, grad_norm=0.499999, loss=8.84455
I0916 15:10:39.284839 140285881828544 submission.py:307] 55) loss = 8.845, grad_norm = 0.500
I0916 15:10:39.454012 140257433470720 logging_writer.py:48] [56] global_step=56, grad_norm=0.499999, loss=8.82957
I0916 15:10:39.456955 140285881828544 submission.py:307] 56) loss = 8.830, grad_norm = 0.500
I0916 15:10:39.625035 140257425078016 logging_writer.py:48] [57] global_step=57, grad_norm=0.499999, loss=8.81918
I0916 15:10:39.627944 140285881828544 submission.py:307] 57) loss = 8.819, grad_norm = 0.500
I0916 15:10:39.795881 140257433470720 logging_writer.py:48] [58] global_step=58, grad_norm=0.497636, loss=8.77853
I0916 15:10:39.798762 140285881828544 submission.py:307] 58) loss = 8.779, grad_norm = 0.498
I0916 15:10:39.967244 140257425078016 logging_writer.py:48] [59] global_step=59, grad_norm=0.469046, loss=8.77976
I0916 15:10:39.970185 140285881828544 submission.py:307] 59) loss = 8.780, grad_norm = 0.469
I0916 15:10:40.138662 140257433470720 logging_writer.py:48] [60] global_step=60, grad_norm=0.448812, loss=8.70622
I0916 15:10:40.141470 140285881828544 submission.py:307] 60) loss = 8.706, grad_norm = 0.449
I0916 15:10:40.309139 140257425078016 logging_writer.py:48] [61] global_step=61, grad_norm=0.416589, loss=8.71571
I0916 15:10:40.311982 140285881828544 submission.py:307] 61) loss = 8.716, grad_norm = 0.417
I0916 15:10:40.480749 140257433470720 logging_writer.py:48] [62] global_step=62, grad_norm=0.391518, loss=8.71724
I0916 15:10:40.483689 140285881828544 submission.py:307] 62) loss = 8.717, grad_norm = 0.392
I0916 15:10:40.651673 140257425078016 logging_writer.py:48] [63] global_step=63, grad_norm=0.392704, loss=8.64874
I0916 15:10:40.654563 140285881828544 submission.py:307] 63) loss = 8.649, grad_norm = 0.393
I0916 15:10:40.822716 140257433470720 logging_writer.py:48] [64] global_step=64, grad_norm=0.370353, loss=8.66727
I0916 15:10:40.825567 140285881828544 submission.py:307] 64) loss = 8.667, grad_norm = 0.370
I0916 15:10:40.992603 140257425078016 logging_writer.py:48] [65] global_step=65, grad_norm=0.347388, loss=8.61915
I0916 15:10:40.995486 140285881828544 submission.py:307] 65) loss = 8.619, grad_norm = 0.347
I0916 15:10:41.163889 140257433470720 logging_writer.py:48] [66] global_step=66, grad_norm=0.32779, loss=8.58522
I0916 15:10:41.166837 140285881828544 submission.py:307] 66) loss = 8.585, grad_norm = 0.328
I0916 15:10:41.333722 140257425078016 logging_writer.py:48] [67] global_step=67, grad_norm=0.317359, loss=8.59886
I0916 15:10:41.336633 140285881828544 submission.py:307] 67) loss = 8.599, grad_norm = 0.317
I0916 15:10:41.504228 140257433470720 logging_writer.py:48] [68] global_step=68, grad_norm=0.304919, loss=8.603
I0916 15:10:41.507026 140285881828544 submission.py:307] 68) loss = 8.603, grad_norm = 0.305
I0916 15:10:41.674485 140257425078016 logging_writer.py:48] [69] global_step=69, grad_norm=0.290331, loss=8.59051
I0916 15:10:41.677359 140285881828544 submission.py:307] 69) loss = 8.591, grad_norm = 0.290
I0916 15:10:41.845170 140257433470720 logging_writer.py:48] [70] global_step=70, grad_norm=0.292609, loss=8.53959
I0916 15:10:41.847998 140285881828544 submission.py:307] 70) loss = 8.540, grad_norm = 0.293
I0916 15:10:42.015979 140257425078016 logging_writer.py:48] [71] global_step=71, grad_norm=0.28575, loss=8.54946
I0916 15:10:42.018936 140285881828544 submission.py:307] 71) loss = 8.549, grad_norm = 0.286
I0916 15:10:42.186966 140257433470720 logging_writer.py:48] [72] global_step=72, grad_norm=0.263323, loss=8.56694
I0916 15:10:42.189871 140285881828544 submission.py:307] 72) loss = 8.567, grad_norm = 0.263
I0916 15:10:42.358195 140257425078016 logging_writer.py:48] [73] global_step=73, grad_norm=0.270276, loss=8.50512
I0916 15:10:42.361075 140285881828544 submission.py:307] 73) loss = 8.505, grad_norm = 0.270
I0916 15:10:42.528443 140257433470720 logging_writer.py:48] [74] global_step=74, grad_norm=0.270357, loss=8.47364
I0916 15:10:42.531338 140285881828544 submission.py:307] 74) loss = 8.474, grad_norm = 0.270
I0916 15:10:42.699429 140257425078016 logging_writer.py:48] [75] global_step=75, grad_norm=0.280364, loss=8.53687
I0916 15:10:42.702310 140285881828544 submission.py:307] 75) loss = 8.537, grad_norm = 0.280
I0916 15:10:42.869543 140257433470720 logging_writer.py:48] [76] global_step=76, grad_norm=0.246947, loss=8.51999
I0916 15:10:42.872371 140285881828544 submission.py:307] 76) loss = 8.520, grad_norm = 0.247
I0916 15:10:43.040766 140257425078016 logging_writer.py:48] [77] global_step=77, grad_norm=0.24641, loss=8.49116
I0916 15:10:43.043655 140285881828544 submission.py:307] 77) loss = 8.491, grad_norm = 0.246
I0916 15:10:43.210949 140257433470720 logging_writer.py:48] [78] global_step=78, grad_norm=0.298897, loss=8.44927
I0916 15:10:43.213813 140285881828544 submission.py:307] 78) loss = 8.449, grad_norm = 0.299
I0916 15:10:43.382064 140257425078016 logging_writer.py:48] [79] global_step=79, grad_norm=0.228015, loss=8.49218
I0916 15:10:43.384960 140285881828544 submission.py:307] 79) loss = 8.492, grad_norm = 0.228
I0916 15:10:43.551992 140257433470720 logging_writer.py:48] [80] global_step=80, grad_norm=0.236166, loss=8.49582
I0916 15:10:43.554852 140285881828544 submission.py:307] 80) loss = 8.496, grad_norm = 0.236
I0916 15:10:43.722695 140257425078016 logging_writer.py:48] [81] global_step=81, grad_norm=0.227626, loss=8.50066
I0916 15:10:43.725571 140285881828544 submission.py:307] 81) loss = 8.501, grad_norm = 0.228
I0916 15:10:43.893311 140257433470720 logging_writer.py:48] [82] global_step=82, grad_norm=0.242221, loss=8.3859
I0916 15:10:43.896171 140285881828544 submission.py:307] 82) loss = 8.386, grad_norm = 0.242
I0916 15:10:44.064199 140257425078016 logging_writer.py:48] [83] global_step=83, grad_norm=0.222375, loss=8.47048
I0916 15:10:44.067012 140285881828544 submission.py:307] 83) loss = 8.470, grad_norm = 0.222
I0916 15:10:44.235451 140257433470720 logging_writer.py:48] [84] global_step=84, grad_norm=0.213189, loss=8.43769
I0916 15:10:44.238337 140285881828544 submission.py:307] 84) loss = 8.438, grad_norm = 0.213
I0916 15:10:44.406343 140257425078016 logging_writer.py:48] [85] global_step=85, grad_norm=0.243883, loss=8.45345
I0916 15:10:44.409301 140285881828544 submission.py:307] 85) loss = 8.453, grad_norm = 0.244
I0916 15:10:44.577501 140257433470720 logging_writer.py:48] [86] global_step=86, grad_norm=0.224452, loss=8.42695
I0916 15:10:44.580280 140285881828544 submission.py:307] 86) loss = 8.427, grad_norm = 0.224
I0916 15:10:44.748314 140257425078016 logging_writer.py:48] [87] global_step=87, grad_norm=0.210763, loss=8.4091
I0916 15:10:44.751148 140285881828544 submission.py:307] 87) loss = 8.409, grad_norm = 0.211
I0916 15:10:44.919638 140257433470720 logging_writer.py:48] [88] global_step=88, grad_norm=0.218384, loss=8.39457
I0916 15:10:44.922584 140285881828544 submission.py:307] 88) loss = 8.395, grad_norm = 0.218
I0916 15:10:45.090394 140257425078016 logging_writer.py:48] [89] global_step=89, grad_norm=0.218606, loss=8.40249
I0916 15:10:45.093352 140285881828544 submission.py:307] 89) loss = 8.402, grad_norm = 0.219
I0916 15:10:45.262546 140257433470720 logging_writer.py:48] [90] global_step=90, grad_norm=0.228015, loss=8.39957
I0916 15:10:45.265419 140285881828544 submission.py:307] 90) loss = 8.400, grad_norm = 0.228
I0916 15:10:45.433134 140257425078016 logging_writer.py:48] [91] global_step=91, grad_norm=0.212608, loss=8.40092
I0916 15:10:45.436054 140285881828544 submission.py:307] 91) loss = 8.401, grad_norm = 0.213
I0916 15:10:45.604701 140257433470720 logging_writer.py:48] [92] global_step=92, grad_norm=0.210382, loss=8.39185
I0916 15:10:45.607555 140285881828544 submission.py:307] 92) loss = 8.392, grad_norm = 0.210
I0916 15:10:45.774746 140257425078016 logging_writer.py:48] [93] global_step=93, grad_norm=0.206785, loss=8.37579
I0916 15:10:45.777639 140285881828544 submission.py:307] 93) loss = 8.376, grad_norm = 0.207
I0916 15:10:45.945814 140257433470720 logging_writer.py:48] [94] global_step=94, grad_norm=0.212989, loss=8.37607
I0916 15:10:45.948648 140285881828544 submission.py:307] 94) loss = 8.376, grad_norm = 0.213
I0916 15:10:46.116064 140257425078016 logging_writer.py:48] [95] global_step=95, grad_norm=0.198815, loss=8.40665
I0916 15:10:46.118903 140285881828544 submission.py:307] 95) loss = 8.407, grad_norm = 0.199
I0916 15:10:46.287311 140257433470720 logging_writer.py:48] [96] global_step=96, grad_norm=0.2215, loss=8.32967
I0916 15:10:46.290335 140285881828544 submission.py:307] 96) loss = 8.330, grad_norm = 0.222
I0916 15:10:46.458181 140257425078016 logging_writer.py:48] [97] global_step=97, grad_norm=0.21146, loss=8.33888
I0916 15:10:46.460979 140285881828544 submission.py:307] 97) loss = 8.339, grad_norm = 0.211
I0916 15:10:46.629240 140257433470720 logging_writer.py:48] [98] global_step=98, grad_norm=0.221392, loss=8.3373
I0916 15:10:46.632018 140285881828544 submission.py:307] 98) loss = 8.337, grad_norm = 0.221
I0916 15:10:46.799721 140257425078016 logging_writer.py:48] [99] global_step=99, grad_norm=0.197932, loss=8.36178
I0916 15:10:46.802555 140285881828544 submission.py:307] 99) loss = 8.362, grad_norm = 0.198
I0916 15:10:46.970738 140257433470720 logging_writer.py:48] [100] global_step=100, grad_norm=0.20229, loss=8.3283
I0916 15:10:46.973613 140285881828544 submission.py:307] 100) loss = 8.328, grad_norm = 0.202
I0916 15:11:48.443278 140257425078016 logging_writer.py:48] [500] global_step=500, grad_norm=0.499999, loss=6.69173
I0916 15:11:48.446364 140285881828544 submission.py:307] 500) loss = 6.692, grad_norm = 0.500
I0916 15:13:05.398509 140257433470720 logging_writer.py:48] [1000] global_step=1000, grad_norm=0.499999, loss=5.54753
I0916 15:13:05.401789 140285881828544 submission.py:307] 1000) loss = 5.548, grad_norm = 0.500
I0916 15:14:22.417148 140257425078016 logging_writer.py:48] [1500] global_step=1500, grad_norm=0.499999, loss=4.68119
I0916 15:14:22.420265 140285881828544 submission.py:307] 1500) loss = 4.681, grad_norm = 0.500
I0916 15:15:39.452020 140257433470720 logging_writer.py:48] [2000] global_step=2000, grad_norm=0.499999, loss=3.9244
I0916 15:15:39.455152 140285881828544 submission.py:307] 2000) loss = 3.924, grad_norm = 0.500
I0916 15:16:56.482689 140257425078016 logging_writer.py:48] [2500] global_step=2500, grad_norm=0.499999, loss=3.39872
I0916 15:16:56.485767 140285881828544 submission.py:307] 2500) loss = 3.399, grad_norm = 0.500
I0916 15:18:13.562728 140257433470720 logging_writer.py:48] [3000] global_step=3000, grad_norm=0.438612, loss=3.12248
I0916 15:18:13.565958 140285881828544 submission.py:307] 3000) loss = 3.122, grad_norm = 0.439
I0916 15:19:30.615511 140257425078016 logging_writer.py:48] [3500] global_step=3500, grad_norm=0.425122, loss=2.88062
I0916 15:19:30.618682 140285881828544 submission.py:307] 3500) loss = 2.881, grad_norm = 0.425
I0916 15:20:47.708444 140257433470720 logging_writer.py:48] [4000] global_step=4000, grad_norm=0.393195, loss=2.83296
I0916 15:20:47.711526 140285881828544 submission.py:307] 4000) loss = 2.833, grad_norm = 0.393
I0916 15:21:13.727835 140285881828544 spec.py:333] Evaluating on the training split.
I0916 15:21:15.927493 140285881828544 workload.py:152] Translating evaluation dataset.
I0916 15:22:20.385892 140285881828544 spec.py:346] Evaluating on the validation split.
I0916 15:22:22.565060 140285881828544 workload.py:152] Translating evaluation dataset.
I0916 15:23:26.438003 140285881828544 spec.py:363] Evaluating on the test split.
I0916 15:23:28.623354 140285881828544 workload.py:152] Translating evaluation dataset.
I0916 15:24:30.220721 140285881828544 submission_runner.py:516] Time since start: 1352.31s, 	Step: 4166, 	{'train/accuracy': 0.5465434516243545, 'train/loss': 2.6136053282489953, 'train/bleu': 25.524355173817682, 'validation/accuracy': 0.5516484606514488, 'validation/loss': 2.552473388426678, 'validation/bleu': 21.09654901711181, 'validation/num_examples': 3000, 'test/accuracy': 0.551833129975016, 'test/loss': 2.5637898727557955, 'test/bleu': 19.5996366388383, 'test/num_examples': 3003, 'score': 713.5417437553406, 'total_duration': 1352.306256055832, 'accumulated_submission_time': 713.5417437553406, 'accumulated_eval_time': 635.3937435150146, 'accumulated_logging_time': 0.11404705047607422}
I0916 15:24:30.365928 140257425078016 logging_writer.py:48] [4166] accumulated_eval_time=635.394, accumulated_logging_time=0.114047, accumulated_submission_time=713.542, global_step=4166, preemption_count=0, score=713.542, test/accuracy=0.551833, test/bleu=19.5996, test/loss=2.56379, test/num_examples=3003, total_duration=1352.31, train/accuracy=0.546543, train/bleu=25.5244, train/loss=2.61361, validation/accuracy=0.551648, validation/bleu=21.0965, validation/loss=2.55247, validation/num_examples=3000
I0916 15:25:22.440389 140257433470720 logging_writer.py:48] [4500] global_step=4500, grad_norm=0.375981, loss=2.68692
I0916 15:25:22.443682 140285881828544 submission.py:307] 4500) loss = 2.687, grad_norm = 0.376
I0916 15:26:39.348602 140257425078016 logging_writer.py:48] [5000] global_step=5000, grad_norm=0.331693, loss=2.48134
I0916 15:26:39.351764 140285881828544 submission.py:307] 5000) loss = 2.481, grad_norm = 0.332
I0916 15:27:56.363597 140257433470720 logging_writer.py:48] [5500] global_step=5500, grad_norm=0.328729, loss=2.53667
I0916 15:27:56.366688 140285881828544 submission.py:307] 5500) loss = 2.537, grad_norm = 0.329
I0916 15:29:13.341030 140257425078016 logging_writer.py:48] [6000] global_step=6000, grad_norm=0.296807, loss=2.3312
I0916 15:29:13.344174 140285881828544 submission.py:307] 6000) loss = 2.331, grad_norm = 0.297
I0916 15:30:30.322952 140257433470720 logging_writer.py:48] [6500] global_step=6500, grad_norm=0.294558, loss=2.38358
I0916 15:30:30.326392 140285881828544 submission.py:307] 6500) loss = 2.384, grad_norm = 0.295
I0916 15:31:47.274308 140257425078016 logging_writer.py:48] [7000] global_step=7000, grad_norm=0.294637, loss=2.53232
I0916 15:31:47.277391 140285881828544 submission.py:307] 7000) loss = 2.532, grad_norm = 0.295
I0916 15:33:04.247955 140257433470720 logging_writer.py:48] [7500] global_step=7500, grad_norm=0.273706, loss=2.27717
I0916 15:33:04.251235 140285881828544 submission.py:307] 7500) loss = 2.277, grad_norm = 0.274
I0916 15:34:21.214821 140257425078016 logging_writer.py:48] [8000] global_step=8000, grad_norm=0.248093, loss=2.25815
I0916 15:34:21.217848 140285881828544 submission.py:307] 8000) loss = 2.258, grad_norm = 0.248
I0916 15:35:14.875610 140285881828544 spec.py:333] Evaluating on the training split.
I0916 15:35:17.074343 140285881828544 workload.py:152] Translating evaluation dataset.
I0916 15:36:21.994919 140285881828544 spec.py:346] Evaluating on the validation split.
I0916 15:36:24.178446 140285881828544 workload.py:152] Translating evaluation dataset.
I0916 15:37:32.611151 140285881828544 spec.py:363] Evaluating on the test split.
I0916 15:37:34.789228 140285881828544 workload.py:152] Translating evaluation dataset.
I0916 15:38:43.492561 140285881828544 submission_runner.py:516] Time since start: 2205.58s, 	Step: 8346, 	{'train/accuracy': 0.5981583541573957, 'train/loss': 2.107146575725419, 'train/bleu': 28.964552267912858, 'validation/accuracy': 0.6117965059329704, 'validation/loss': 2.0157274863299897, 'validation/bleu': 24.563140508826766, 'validation/num_examples': 3000, 'test/accuracy': 0.6157806054267619, 'test/loss': 1.9821425977572482, 'test/bleu': 23.708120918429476, 'test/num_examples': 3003, 'score': 1355.6129999160767, 'total_duration': 2205.5780696868896, 'accumulated_submission_time': 1355.6129999160767, 'accumulated_eval_time': 844.0106911659241, 'accumulated_logging_time': 0.26892995834350586}
I0916 15:38:43.517533 140257433470720 logging_writer.py:48] [8346] accumulated_eval_time=844.011, accumulated_logging_time=0.26893, accumulated_submission_time=1355.61, global_step=8346, preemption_count=0, score=1355.61, test/accuracy=0.615781, test/bleu=23.7081, test/loss=1.98214, test/num_examples=3003, total_duration=2205.58, train/accuracy=0.598158, train/bleu=28.9646, train/loss=2.10715, validation/accuracy=0.611797, validation/bleu=24.5631, validation/loss=2.01573, validation/num_examples=3000
I0916 15:39:07.921570 140257425078016 logging_writer.py:48] [8500] global_step=8500, grad_norm=0.266254, loss=2.24006
I0916 15:39:07.924482 140285881828544 submission.py:307] 8500) loss = 2.240, grad_norm = 0.266
I0916 15:40:24.720854 140257433470720 logging_writer.py:48] [9000] global_step=9000, grad_norm=0.241385, loss=2.176
I0916 15:40:24.723988 140285881828544 submission.py:307] 9000) loss = 2.176, grad_norm = 0.241
I0916 15:41:41.648451 140257425078016 logging_writer.py:48] [9500] global_step=9500, grad_norm=0.238309, loss=2.18419
I0916 15:41:41.651788 140285881828544 submission.py:307] 9500) loss = 2.184, grad_norm = 0.238
I0916 15:42:58.577864 140257433470720 logging_writer.py:48] [10000] global_step=10000, grad_norm=0.225902, loss=2.14899
I0916 15:42:58.580912 140285881828544 submission.py:307] 10000) loss = 2.149, grad_norm = 0.226
I0916 15:44:15.510171 140257425078016 logging_writer.py:48] [10500] global_step=10500, grad_norm=0.217071, loss=2.14728
I0916 15:44:15.513377 140285881828544 submission.py:307] 10500) loss = 2.147, grad_norm = 0.217
I0916 15:45:32.484834 140257433470720 logging_writer.py:48] [11000] global_step=11000, grad_norm=0.222573, loss=2.1405
I0916 15:45:32.487899 140285881828544 submission.py:307] 11000) loss = 2.141, grad_norm = 0.223
I0916 15:46:49.459397 140257425078016 logging_writer.py:48] [11500] global_step=11500, grad_norm=0.202438, loss=2.09444
I0916 15:46:49.462439 140285881828544 submission.py:307] 11500) loss = 2.094, grad_norm = 0.202
I0916 15:48:06.449832 140257433470720 logging_writer.py:48] [12000] global_step=12000, grad_norm=0.208924, loss=2.15045
I0916 15:48:06.452850 140285881828544 submission.py:307] 12000) loss = 2.150, grad_norm = 0.209
I0916 15:49:23.395149 140257425078016 logging_writer.py:48] [12500] global_step=12500, grad_norm=0.207512, loss=2.10153
I0916 15:49:23.398120 140285881828544 submission.py:307] 12500) loss = 2.102, grad_norm = 0.208
I0916 15:49:28.127569 140285881828544 spec.py:333] Evaluating on the training split.
I0916 15:49:30.326099 140285881828544 workload.py:152] Translating evaluation dataset.
I0916 15:50:42.482315 140285881828544 spec.py:346] Evaluating on the validation split.
I0916 15:50:44.658194 140285881828544 workload.py:152] Translating evaluation dataset.
I0916 15:51:46.447692 140285881828544 spec.py:363] Evaluating on the test split.
I0916 15:51:48.622420 140285881828544 workload.py:152] Translating evaluation dataset.
I0916 15:52:46.246883 140285881828544 submission_runner.py:516] Time since start: 3048.33s, 	Step: 12528, 	{'train/accuracy': 0.6432607033202835, 'train/loss': 1.76966246447445, 'train/bleu': 31.310136574467155, 'validation/accuracy': 0.6332469529206085, 'validation/loss': 1.830990161312321, 'validation/bleu': 26.32728614427261, 'validation/num_examples': 3000, 'test/accuracy': 0.6398117483005055, 'test/loss': 1.7749698593922492, 'test/bleu': 25.34061019767668, 'test/num_examples': 3003, 'score': 1997.7971255779266, 'total_duration': 3048.332426071167, 'accumulated_submission_time': 1997.7971255779266, 'accumulated_eval_time': 1042.1300301551819, 'accumulated_logging_time': 0.3031799793243408}
I0916 15:52:46.270859 140257433470720 logging_writer.py:48] [12528] accumulated_eval_time=1042.13, accumulated_logging_time=0.30318, accumulated_submission_time=1997.8, global_step=12528, preemption_count=0, score=1997.8, test/accuracy=0.639812, test/bleu=25.3406, test/loss=1.77497, test/num_examples=3003, total_duration=3048.33, train/accuracy=0.643261, train/bleu=31.3101, train/loss=1.76966, validation/accuracy=0.633247, validation/bleu=26.3273, validation/loss=1.83099, validation/num_examples=3000
I0916 15:53:59.555275 140257425078016 logging_writer.py:48] [13000] global_step=13000, grad_norm=0.197909, loss=2.05395
I0916 15:53:59.558563 140285881828544 submission.py:307] 13000) loss = 2.054, grad_norm = 0.198
I0916 15:55:16.517254 140257433470720 logging_writer.py:48] [13500] global_step=13500, grad_norm=0.194832, loss=2.11368
I0916 15:55:16.520231 140285881828544 submission.py:307] 13500) loss = 2.114, grad_norm = 0.195
I0916 15:56:33.497357 140257425078016 logging_writer.py:48] [14000] global_step=14000, grad_norm=0.202421, loss=2.06431
I0916 15:56:33.500378 140285881828544 submission.py:307] 14000) loss = 2.064, grad_norm = 0.202
I0916 15:57:50.497263 140257433470720 logging_writer.py:48] [14500] global_step=14500, grad_norm=0.186592, loss=1.96158
I0916 15:57:50.500219 140285881828544 submission.py:307] 14500) loss = 1.962, grad_norm = 0.187
I0916 15:59:07.548577 140257425078016 logging_writer.py:48] [15000] global_step=15000, grad_norm=0.197675, loss=1.97787
I0916 15:59:07.551767 140285881828544 submission.py:307] 15000) loss = 1.978, grad_norm = 0.198
I0916 16:00:24.543813 140257433470720 logging_writer.py:48] [15500] global_step=15500, grad_norm=0.181347, loss=2.00335
I0916 16:00:24.546752 140285881828544 submission.py:307] 15500) loss = 2.003, grad_norm = 0.181
I0916 16:01:41.557791 140257425078016 logging_writer.py:48] [16000] global_step=16000, grad_norm=0.170643, loss=1.92736
I0916 16:01:41.561041 140285881828544 submission.py:307] 16000) loss = 1.927, grad_norm = 0.171
I0916 16:02:58.579855 140257433470720 logging_writer.py:48] [16500] global_step=16500, grad_norm=0.173613, loss=2.06939
I0916 16:02:58.582800 140285881828544 submission.py:307] 16500) loss = 2.069, grad_norm = 0.174
I0916 16:03:30.879480 140285881828544 spec.py:333] Evaluating on the training split.
I0916 16:03:33.078232 140285881828544 workload.py:152] Translating evaluation dataset.
I0916 16:04:49.545519 140285881828544 spec.py:346] Evaluating on the validation split.
I0916 16:04:51.726370 140285881828544 workload.py:152] Translating evaluation dataset.
I0916 16:05:49.670818 140285881828544 spec.py:363] Evaluating on the test split.
I0916 16:05:51.854543 140285881828544 workload.py:152] Translating evaluation dataset.
I0916 16:06:45.322321 140285881828544 submission_runner.py:516] Time since start: 3887.41s, 	Step: 16707, 	{'train/accuracy': 0.6300413768017097, 'train/loss': 1.8440618890101397, 'train/bleu': 30.73685338788265, 'validation/accuracy': 0.6441953602559175, 'validation/loss': 1.7323150053936096, 'validation/bleu': 27.362542756722107, 'validation/num_examples': 3000, 'test/accuracy': 0.654546510952298, 'test/loss': 1.6592146737551565, 'test/bleu': 26.680943990594606, 'test/num_examples': 3003, 'score': 2639.9789066314697, 'total_duration': 3887.4078834056854, 'accumulated_submission_time': 2639.9789066314697, 'accumulated_eval_time': 1236.5729298591614, 'accumulated_logging_time': 0.336212158203125}
I0916 16:06:45.346365 140257425078016 logging_writer.py:48] [16707] accumulated_eval_time=1236.57, accumulated_logging_time=0.336212, accumulated_submission_time=2639.98, global_step=16707, preemption_count=0, score=2639.98, test/accuracy=0.654547, test/bleu=26.6809, test/loss=1.65921, test/num_examples=3003, total_duration=3887.41, train/accuracy=0.630041, train/bleu=30.7369, train/loss=1.84406, validation/accuracy=0.644195, validation/bleu=27.3625, validation/loss=1.73232, validation/num_examples=3000
I0916 16:07:31.108142 140257433470720 logging_writer.py:48] [17000] global_step=17000, grad_norm=0.167424, loss=2.04553
I0916 16:07:31.111153 140285881828544 submission.py:307] 17000) loss = 2.046, grad_norm = 0.167
I0916 16:08:48.043945 140257425078016 logging_writer.py:48] [17500] global_step=17500, grad_norm=0.179276, loss=1.98212
I0916 16:08:48.047014 140285881828544 submission.py:307] 17500) loss = 1.982, grad_norm = 0.179
I0916 16:10:04.978161 140257433470720 logging_writer.py:48] [18000] global_step=18000, grad_norm=0.18127, loss=1.91903
I0916 16:10:04.981169 140285881828544 submission.py:307] 18000) loss = 1.919, grad_norm = 0.181
I0916 16:11:21.949144 140257425078016 logging_writer.py:48] [18500] global_step=18500, grad_norm=0.185859, loss=1.9351
I0916 16:11:21.952387 140285881828544 submission.py:307] 18500) loss = 1.935, grad_norm = 0.186
I0916 16:12:38.870186 140257433470720 logging_writer.py:48] [19000] global_step=19000, grad_norm=0.158704, loss=1.90068
I0916 16:12:38.873118 140285881828544 submission.py:307] 19000) loss = 1.901, grad_norm = 0.159
I0916 16:13:55.786872 140257425078016 logging_writer.py:48] [19500] global_step=19500, grad_norm=0.159276, loss=1.86463
I0916 16:13:55.789824 140285881828544 submission.py:307] 19500) loss = 1.865, grad_norm = 0.159
I0916 16:15:12.699586 140257433470720 logging_writer.py:48] [20000] global_step=20000, grad_norm=0.161442, loss=1.9624
I0916 16:15:12.702693 140285881828544 submission.py:307] 20000) loss = 1.962, grad_norm = 0.161
I0916 16:16:29.648225 140257425078016 logging_writer.py:48] [20500] global_step=20500, grad_norm=0.159109, loss=1.88719
I0916 16:16:29.651480 140285881828544 submission.py:307] 20500) loss = 1.887, grad_norm = 0.159
I0916 16:17:30.038083 140285881828544 spec.py:333] Evaluating on the training split.
I0916 16:17:32.237236 140285881828544 workload.py:152] Translating evaluation dataset.
I0916 16:18:53.590419 140285881828544 spec.py:346] Evaluating on the validation split.
I0916 16:18:55.770924 140285881828544 workload.py:152] Translating evaluation dataset.
I0916 16:20:03.289394 140285881828544 spec.py:363] Evaluating on the test split.
I0916 16:20:05.467889 140285881828544 workload.py:152] Translating evaluation dataset.
I0916 16:21:03.596072 140285881828544 submission_runner.py:516] Time since start: 4745.68s, 	Step: 20890, 	{'train/accuracy': 0.639524875193665, 'train/loss': 1.760459882653354, 'train/bleu': 30.873449442281895, 'validation/accuracy': 0.6528375345624977, 'validation/loss': 1.6656911414613582, 'validation/bleu': 27.87425041864447, 'validation/num_examples': 3000, 'test/accuracy': 0.6632967288362094, 'test/loss': 1.5971380948230782, 'test/bleu': 27.197294463741816, 'test/num_examples': 3003, 'score': 3282.2432339191437, 'total_duration': 4745.681620597839, 'accumulated_submission_time': 3282.2432339191437, 'accumulated_eval_time': 1450.1309490203857, 'accumulated_logging_time': 0.369384765625}
I0916 16:21:03.621059 140257433470720 logging_writer.py:48] [20890] accumulated_eval_time=1450.13, accumulated_logging_time=0.369385, accumulated_submission_time=3282.24, global_step=20890, preemption_count=0, score=3282.24, test/accuracy=0.663297, test/bleu=27.1973, test/loss=1.59714, test/num_examples=3003, total_duration=4745.68, train/accuracy=0.639525, train/bleu=30.8734, train/loss=1.76046, validation/accuracy=0.652838, validation/bleu=27.8743, validation/loss=1.66569, validation/num_examples=3000
I0916 16:21:21.286135 140257425078016 logging_writer.py:48] [21000] global_step=21000, grad_norm=0.158461, loss=1.80713
I0916 16:21:21.289017 140285881828544 submission.py:307] 21000) loss = 1.807, grad_norm = 0.158
I0916 16:22:38.077474 140257433470720 logging_writer.py:48] [21500] global_step=21500, grad_norm=0.166544, loss=1.87943
I0916 16:22:38.080660 140285881828544 submission.py:307] 21500) loss = 1.879, grad_norm = 0.167
I0916 16:23:54.971178 140257425078016 logging_writer.py:48] [22000] global_step=22000, grad_norm=0.151493, loss=1.88497
I0916 16:23:54.974178 140285881828544 submission.py:307] 22000) loss = 1.885, grad_norm = 0.151
I0916 16:25:11.922331 140257433470720 logging_writer.py:48] [22500] global_step=22500, grad_norm=0.147421, loss=1.8658
I0916 16:25:11.925363 140285881828544 submission.py:307] 22500) loss = 1.866, grad_norm = 0.147
I0916 16:26:28.895446 140257425078016 logging_writer.py:48] [23000] global_step=23000, grad_norm=0.147151, loss=1.86054
I0916 16:26:28.898533 140285881828544 submission.py:307] 23000) loss = 1.861, grad_norm = 0.147
I0916 16:27:45.880277 140257433470720 logging_writer.py:48] [23500] global_step=23500, grad_norm=0.149202, loss=1.76767
I0916 16:27:45.883459 140285881828544 submission.py:307] 23500) loss = 1.768, grad_norm = 0.149
I0916 16:29:02.894600 140257425078016 logging_writer.py:48] [24000] global_step=24000, grad_norm=0.145288, loss=1.84421
I0916 16:29:02.897676 140285881828544 submission.py:307] 24000) loss = 1.844, grad_norm = 0.145
I0916 16:30:19.875708 140257433470720 logging_writer.py:48] [24500] global_step=24500, grad_norm=0.140208, loss=1.78609
I0916 16:30:19.878704 140285881828544 submission.py:307] 24500) loss = 1.786, grad_norm = 0.140
I0916 16:31:36.869009 140257425078016 logging_writer.py:48] [25000] global_step=25000, grad_norm=0.16235, loss=1.79337
I0916 16:31:36.872034 140285881828544 submission.py:307] 25000) loss = 1.793, grad_norm = 0.162
I0916 16:31:48.215327 140285881828544 spec.py:333] Evaluating on the training split.
I0916 16:31:50.415518 140285881828544 workload.py:152] Translating evaluation dataset.
I0916 16:32:59.525696 140285881828544 spec.py:346] Evaluating on the validation split.
I0916 16:33:01.705331 140285881828544 workload.py:152] Translating evaluation dataset.
I0916 16:34:15.292640 140285881828544 spec.py:363] Evaluating on the test split.
I0916 16:34:17.474560 140285881828544 workload.py:152] Translating evaluation dataset.
I0916 16:35:20.333686 140285881828544 submission_runner.py:516] Time since start: 5602.42s, 	Step: 25071, 	{'train/accuracy': 0.657928301371111, 'train/loss': 1.637032452853824, 'train/bleu': 32.65569117177226, 'validation/accuracy': 0.6585907180320145, 'validation/loss': 1.6224818198162454, 'validation/bleu': 28.51985047537219, 'validation/num_examples': 3000, 'test/accuracy': 0.6708151763407123, 'test/loss': 1.542599209807681, 'test/bleu': 27.78879918576069, 'test/num_examples': 3003, 'score': 3924.4118206501007, 'total_duration': 5602.4192237854, 'accumulated_submission_time': 3924.4118206501007, 'accumulated_eval_time': 1662.2493290901184, 'accumulated_logging_time': 0.40337610244750977}
I0916 16:35:20.359727 140257433470720 logging_writer.py:48] [25071] accumulated_eval_time=1662.25, accumulated_logging_time=0.403376, accumulated_submission_time=3924.41, global_step=25071, preemption_count=0, score=3924.41, test/accuracy=0.670815, test/bleu=27.7888, test/loss=1.5426, test/num_examples=3003, total_duration=5602.42, train/accuracy=0.657928, train/bleu=32.6557, train/loss=1.63703, validation/accuracy=0.658591, validation/bleu=28.5199, validation/loss=1.62248, validation/num_examples=3000
I0916 16:36:26.966781 140257425078016 logging_writer.py:48] [25500] global_step=25500, grad_norm=0.145919, loss=1.80479
I0916 16:36:26.969709 140285881828544 submission.py:307] 25500) loss = 1.805, grad_norm = 0.146
I0916 16:37:43.826188 140257433470720 logging_writer.py:48] [26000] global_step=26000, grad_norm=0.15588, loss=1.80181
I0916 16:37:43.829198 140285881828544 submission.py:307] 26000) loss = 1.802, grad_norm = 0.156
I0916 16:39:00.840414 140257425078016 logging_writer.py:48] [26500] global_step=26500, grad_norm=0.154388, loss=1.89222
I0916 16:39:00.843935 140285881828544 submission.py:307] 26500) loss = 1.892, grad_norm = 0.154
I0916 16:40:17.856697 140257433470720 logging_writer.py:48] [27000] global_step=27000, grad_norm=0.183119, loss=1.84389
I0916 16:40:17.859693 140285881828544 submission.py:307] 27000) loss = 1.844, grad_norm = 0.183
I0916 16:41:34.844772 140257425078016 logging_writer.py:48] [27500] global_step=27500, grad_norm=0.1564, loss=1.77757
I0916 16:41:34.847751 140285881828544 submission.py:307] 27500) loss = 1.778, grad_norm = 0.156
I0916 16:42:51.821498 140257433470720 logging_writer.py:48] [28000] global_step=28000, grad_norm=0.1602, loss=1.81947
I0916 16:42:51.824585 140285881828544 submission.py:307] 28000) loss = 1.819, grad_norm = 0.160
I0916 16:44:08.806706 140257425078016 logging_writer.py:48] [28500] global_step=28500, grad_norm=0.152704, loss=1.83133
I0916 16:44:08.809849 140285881828544 submission.py:307] 28500) loss = 1.831, grad_norm = 0.153
I0916 16:45:25.792637 140257433470720 logging_writer.py:48] [29000] global_step=29000, grad_norm=0.199651, loss=1.751
I0916 16:45:25.795693 140285881828544 submission.py:307] 29000) loss = 1.751, grad_norm = 0.200
I0916 16:46:04.996421 140285881828544 spec.py:333] Evaluating on the training split.
I0916 16:46:07.195179 140285881828544 workload.py:152] Translating evaluation dataset.
I0916 16:47:36.969020 140285881828544 spec.py:346] Evaluating on the validation split.
I0916 16:47:39.150197 140285881828544 workload.py:152] Translating evaluation dataset.
I0916 16:49:03.471415 140285881828544 spec.py:363] Evaluating on the test split.
I0916 16:49:05.651584 140285881828544 workload.py:152] Translating evaluation dataset.
I0916 16:50:22.460956 140285881828544 submission_runner.py:516] Time since start: 6504.55s, 	Step: 29252, 	{'train/accuracy': 0.6512682311847234, 'train/loss': 1.6789634393180584, 'train/bleu': 31.91883672766166, 'validation/accuracy': 0.6644058970130563, 'validation/loss': 1.5817602618070452, 'validation/bleu': 28.512950924444468, 'validation/num_examples': 3000, 'test/accuracy': 0.6761141130672245, 'test/loss': 1.5004787998954157, 'test/bleu': 28.09399740478748, 'test/num_examples': 3003, 'score': 4566.620882987976, 'total_duration': 6504.546481370926, 'accumulated_submission_time': 4566.620882987976, 'accumulated_eval_time': 1919.713871717453, 'accumulated_logging_time': 0.4384465217590332}
I0916 16:50:22.487989 140257425078016 logging_writer.py:48] [29252] accumulated_eval_time=1919.71, accumulated_logging_time=0.438447, accumulated_submission_time=4566.62, global_step=29252, preemption_count=0, score=4566.62, test/accuracy=0.676114, test/bleu=28.094, test/loss=1.50048, test/num_examples=3003, total_duration=6504.55, train/accuracy=0.651268, train/bleu=31.9188, train/loss=1.67896, validation/accuracy=0.664406, validation/bleu=28.513, validation/loss=1.58176, validation/num_examples=3000
I0916 16:51:01.340927 140257433470720 logging_writer.py:48] [29500] global_step=29500, grad_norm=0.171047, loss=1.77819
I0916 16:51:01.343940 140285881828544 submission.py:307] 29500) loss = 1.778, grad_norm = 0.171
I0916 16:52:18.201001 140257425078016 logging_writer.py:48] [30000] global_step=30000, grad_norm=0.169515, loss=1.82336
I0916 16:52:18.204068 140285881828544 submission.py:307] 30000) loss = 1.823, grad_norm = 0.170
I0916 16:53:35.157285 140257433470720 logging_writer.py:48] [30500] global_step=30500, grad_norm=0.179233, loss=1.72218
I0916 16:53:35.160613 140285881828544 submission.py:307] 30500) loss = 1.722, grad_norm = 0.179
I0916 16:54:52.087225 140257425078016 logging_writer.py:48] [31000] global_step=31000, grad_norm=0.156632, loss=1.74806
I0916 16:54:52.090248 140285881828544 submission.py:307] 31000) loss = 1.748, grad_norm = 0.157
I0916 16:56:09.069770 140257433470720 logging_writer.py:48] [31500] global_step=31500, grad_norm=0.155871, loss=1.75438
I0916 16:56:09.072753 140285881828544 submission.py:307] 31500) loss = 1.754, grad_norm = 0.156
I0916 16:57:26.052267 140257425078016 logging_writer.py:48] [32000] global_step=32000, grad_norm=0.152762, loss=1.79016
I0916 16:57:26.055347 140285881828544 submission.py:307] 32000) loss = 1.790, grad_norm = 0.153
I0916 16:58:43.079753 140257433470720 logging_writer.py:48] [32500] global_step=32500, grad_norm=0.158982, loss=1.67957
I0916 16:58:43.083070 140285881828544 submission.py:307] 32500) loss = 1.680, grad_norm = 0.159
I0916 17:00:00.070199 140257425078016 logging_writer.py:48] [33000] global_step=33000, grad_norm=0.182205, loss=1.76058
I0916 17:00:00.073173 140285881828544 submission.py:307] 33000) loss = 1.761, grad_norm = 0.182
I0916 17:01:07.119474 140285881828544 spec.py:333] Evaluating on the training split.
I0916 17:01:09.318595 140285881828544 workload.py:152] Translating evaluation dataset.
I0916 17:02:34.713606 140285881828544 spec.py:346] Evaluating on the validation split.
I0916 17:02:36.896054 140285881828544 workload.py:152] Translating evaluation dataset.
I0916 17:03:45.108674 140285881828544 spec.py:363] Evaluating on the test split.
I0916 17:03:47.292812 140285881828544 workload.py:152] Translating evaluation dataset.
I0916 17:04:47.630662 140285881828544 submission_runner.py:516] Time since start: 7369.72s, 	Step: 33433, 	{'train/accuracy': 0.655044324422871, 'train/loss': 1.643601800893325, 'train/bleu': 32.472740982188675, 'validation/accuracy': 0.668435605262179, 'validation/loss': 1.550556274100755, 'validation/bleu': 28.778562761376325, 'validation/num_examples': 3000, 'test/accuracy': 0.6795886351751786, 'test/loss': 1.4645453852187555, 'test/bleu': 28.33979120931825, 'test/num_examples': 3003, 'score': 5208.822647094727, 'total_duration': 7369.7161860466, 'accumulated_submission_time': 5208.822647094727, 'accumulated_eval_time': 2140.2251958847046, 'accumulated_logging_time': 0.4747128486633301}
I0916 17:04:47.657111 140257433470720 logging_writer.py:48] [33433] accumulated_eval_time=2140.23, accumulated_logging_time=0.474713, accumulated_submission_time=5208.82, global_step=33433, preemption_count=0, score=5208.82, test/accuracy=0.679589, test/bleu=28.3398, test/loss=1.46455, test/num_examples=3003, total_duration=7369.72, train/accuracy=0.655044, train/bleu=32.4727, train/loss=1.6436, validation/accuracy=0.668436, validation/bleu=28.7786, validation/loss=1.55056, validation/num_examples=3000
I0916 17:04:58.720171 140257425078016 logging_writer.py:48] [33500] global_step=33500, grad_norm=0.164481, loss=1.73382
I0916 17:04:58.723114 140285881828544 submission.py:307] 33500) loss = 1.734, grad_norm = 0.164
I0916 17:06:15.519642 140257433470720 logging_writer.py:48] [34000] global_step=34000, grad_norm=0.168042, loss=1.76365
I0916 17:06:15.522689 140285881828544 submission.py:307] 34000) loss = 1.764, grad_norm = 0.168
I0916 17:07:32.408349 140257425078016 logging_writer.py:48] [34500] global_step=34500, grad_norm=0.170732, loss=1.70149
I0916 17:07:32.411476 140285881828544 submission.py:307] 34500) loss = 1.701, grad_norm = 0.171
I0916 17:08:49.387351 140257433470720 logging_writer.py:48] [35000] global_step=35000, grad_norm=0.175784, loss=1.80838
I0916 17:08:49.390600 140285881828544 submission.py:307] 35000) loss = 1.808, grad_norm = 0.176
I0916 17:10:06.351180 140257425078016 logging_writer.py:48] [35500] global_step=35500, grad_norm=0.211509, loss=1.76367
I0916 17:10:06.354228 140285881828544 submission.py:307] 35500) loss = 1.764, grad_norm = 0.212
I0916 17:11:23.357882 140257433470720 logging_writer.py:48] [36000] global_step=36000, grad_norm=0.185859, loss=1.73883
I0916 17:11:23.360990 140285881828544 submission.py:307] 36000) loss = 1.739, grad_norm = 0.186
I0916 17:12:40.335551 140257425078016 logging_writer.py:48] [36500] global_step=36500, grad_norm=0.177665, loss=1.70194
I0916 17:12:40.338659 140285881828544 submission.py:307] 36500) loss = 1.702, grad_norm = 0.178
I0916 17:13:57.320605 140257433470720 logging_writer.py:48] [37000] global_step=37000, grad_norm=0.185866, loss=1.7881
I0916 17:13:57.323778 140285881828544 submission.py:307] 37000) loss = 1.788, grad_norm = 0.186
I0916 17:15:14.304448 140257425078016 logging_writer.py:48] [37500] global_step=37500, grad_norm=0.221699, loss=1.64876
I0916 17:15:14.307435 140285881828544 submission.py:307] 37500) loss = 1.649, grad_norm = 0.222
I0916 17:15:32.257844 140285881828544 spec.py:333] Evaluating on the training split.
I0916 17:15:34.456472 140285881828544 workload.py:152] Translating evaluation dataset.
I0916 17:17:02.348932 140285881828544 spec.py:346] Evaluating on the validation split.
I0916 17:17:04.534895 140285881828544 workload.py:152] Translating evaluation dataset.
I0916 17:18:20.090264 140285881828544 spec.py:363] Evaluating on the test split.
I0916 17:18:22.270682 140285881828544 workload.py:152] Translating evaluation dataset.
I0916 17:19:25.018948 140285881828544 submission_runner.py:516] Time since start: 8247.10s, 	Step: 37614, 	{'train/accuracy': 0.667604986499684, 'train/loss': 1.553395903946688, 'train/bleu': 33.290601624517265, 'validation/accuracy': 0.6705186544494178, 'validation/loss': 1.5284733760275757, 'validation/bleu': 28.94812452196805, 'validation/num_examples': 3000, 'test/accuracy': 0.6837603857997792, 'test/loss': 1.4456154494218814, 'test/bleu': 28.645861782241727, 'test/num_examples': 3003, 'score': 5850.994255065918, 'total_duration': 8247.104498386383, 'accumulated_submission_time': 5850.994255065918, 'accumulated_eval_time': 2372.986330986023, 'accumulated_logging_time': 0.5110347270965576}
I0916 17:19:25.047133 140257433470720 logging_writer.py:48] [37614] accumulated_eval_time=2372.99, accumulated_logging_time=0.511035, accumulated_submission_time=5850.99, global_step=37614, preemption_count=0, score=5850.99, test/accuracy=0.68376, test/bleu=28.6459, test/loss=1.44562, test/num_examples=3003, total_duration=8247.1, train/accuracy=0.667605, train/bleu=33.2906, train/loss=1.5534, validation/accuracy=0.670519, validation/bleu=28.9481, validation/loss=1.52847, validation/num_examples=3000
I0916 17:20:25.104924 140257425078016 logging_writer.py:48] [38000] global_step=38000, grad_norm=0.182951, loss=1.79669
I0916 17:20:25.107993 140285881828544 submission.py:307] 38000) loss = 1.797, grad_norm = 0.183
I0916 17:21:41.972355 140257433470720 logging_writer.py:48] [38500] global_step=38500, grad_norm=0.197964, loss=1.68052
I0916 17:21:41.975494 140285881828544 submission.py:307] 38500) loss = 1.681, grad_norm = 0.198
I0916 17:22:58.922477 140257425078016 logging_writer.py:48] [39000] global_step=39000, grad_norm=0.205386, loss=1.77527
I0916 17:22:58.925525 140285881828544 submission.py:307] 39000) loss = 1.775, grad_norm = 0.205
I0916 17:24:15.904311 140257433470720 logging_writer.py:48] [39500] global_step=39500, grad_norm=0.198075, loss=1.80423
I0916 17:24:15.907338 140285881828544 submission.py:307] 39500) loss = 1.804, grad_norm = 0.198
I0916 17:25:32.894344 140257425078016 logging_writer.py:48] [40000] global_step=40000, grad_norm=0.185946, loss=1.68279
I0916 17:25:32.897422 140285881828544 submission.py:307] 40000) loss = 1.683, grad_norm = 0.186
I0916 17:26:49.911252 140257433470720 logging_writer.py:48] [40500] global_step=40500, grad_norm=0.203276, loss=1.74892
I0916 17:26:49.914323 140285881828544 submission.py:307] 40500) loss = 1.749, grad_norm = 0.203
I0916 17:28:06.930353 140257425078016 logging_writer.py:48] [41000] global_step=41000, grad_norm=0.230443, loss=1.68731
I0916 17:28:06.933367 140285881828544 submission.py:307] 41000) loss = 1.687, grad_norm = 0.230
I0916 17:29:23.945346 140257433470720 logging_writer.py:48] [41500] global_step=41500, grad_norm=0.195247, loss=1.63842
I0916 17:29:23.948514 140285881828544 submission.py:307] 41500) loss = 1.638, grad_norm = 0.195
I0916 17:30:09.625832 140285881828544 spec.py:333] Evaluating on the training split.
I0916 17:30:11.825705 140285881828544 workload.py:152] Translating evaluation dataset.
I0916 17:32:01.620700 140285881828544 spec.py:346] Evaluating on the validation split.
I0916 17:32:03.803879 140285881828544 workload.py:152] Translating evaluation dataset.
I0916 17:33:53.252792 140285881828544 spec.py:363] Evaluating on the test split.
I0916 17:33:55.428756 140285881828544 workload.py:152] Translating evaluation dataset.
I0916 17:35:32.914186 140285881828544 submission_runner.py:516] Time since start: 9215.00s, 	Step: 41794, 	{'train/accuracy': 0.6589405104958028, 'train/loss': 1.6103582696447487, 'train/bleu': 32.836647836182514, 'validation/accuracy': 0.6729612776035016, 'validation/loss': 1.5113276455034657, 'validation/bleu': 29.203161052740487, 'validation/num_examples': 3000, 'test/accuracy': 0.6867236069955261, 'test/loss': 1.4221527112021382, 'test/bleu': 29.011979674353288, 'test/num_examples': 3003, 'score': 6493.1392595767975, 'total_duration': 9214.9997112751, 'accumulated_submission_time': 6493.1392595767975, 'accumulated_eval_time': 2696.274794101715, 'accumulated_logging_time': 0.5483815670013428}
I0916 17:35:32.941336 140257425078016 logging_writer.py:48] [41794] accumulated_eval_time=2696.27, accumulated_logging_time=0.548382, accumulated_submission_time=6493.14, global_step=41794, preemption_count=0, score=6493.14, test/accuracy=0.686724, test/bleu=29.012, test/loss=1.42215, test/num_examples=3003, total_duration=9215, train/accuracy=0.658941, train/bleu=32.8366, train/loss=1.61036, validation/accuracy=0.672961, validation/bleu=29.2032, validation/loss=1.51133, validation/num_examples=3000
I0916 17:36:05.328236 140257433470720 logging_writer.py:48] [42000] global_step=42000, grad_norm=0.193369, loss=1.68292
I0916 17:36:05.331116 140285881828544 submission.py:307] 42000) loss = 1.683, grad_norm = 0.193
I0916 17:37:22.122891 140257425078016 logging_writer.py:48] [42500] global_step=42500, grad_norm=0.233017, loss=1.60454
I0916 17:37:22.126064 140285881828544 submission.py:307] 42500) loss = 1.605, grad_norm = 0.233
I0916 17:38:39.086462 140257433470720 logging_writer.py:48] [43000] global_step=43000, grad_norm=0.227334, loss=1.74204
I0916 17:38:39.089576 140285881828544 submission.py:307] 43000) loss = 1.742, grad_norm = 0.227
I0916 17:39:56.092999 140257425078016 logging_writer.py:48] [43500] global_step=43500, grad_norm=0.22107, loss=1.62782
I0916 17:39:56.096067 140285881828544 submission.py:307] 43500) loss = 1.628, grad_norm = 0.221
I0916 17:41:13.088212 140257433470720 logging_writer.py:48] [44000] global_step=44000, grad_norm=0.211479, loss=1.74618
I0916 17:41:13.091249 140285881828544 submission.py:307] 44000) loss = 1.746, grad_norm = 0.211
I0916 17:42:30.105058 140257425078016 logging_writer.py:48] [44500] global_step=44500, grad_norm=0.211234, loss=1.67156
I0916 17:42:30.108454 140285881828544 submission.py:307] 44500) loss = 1.672, grad_norm = 0.211
I0916 17:43:47.112506 140257433470720 logging_writer.py:48] [45000] global_step=45000, grad_norm=0.209398, loss=1.66689
I0916 17:43:47.115508 140285881828544 submission.py:307] 45000) loss = 1.667, grad_norm = 0.209
I0916 17:45:04.126247 140257425078016 logging_writer.py:48] [45500] global_step=45500, grad_norm=0.20611, loss=1.65367
I0916 17:45:04.129323 140285881828544 submission.py:307] 45500) loss = 1.654, grad_norm = 0.206
I0916 17:46:17.525257 140285881828544 spec.py:333] Evaluating on the training split.
I0916 17:46:19.725374 140285881828544 workload.py:152] Translating evaluation dataset.
I0916 17:48:04.434311 140285881828544 spec.py:346] Evaluating on the validation split.
I0916 17:48:06.610561 140285881828544 workload.py:152] Translating evaluation dataset.
I0916 17:49:24.481559 140285881828544 spec.py:363] Evaluating on the test split.
I0916 17:49:26.665201 140285881828544 workload.py:152] Translating evaluation dataset.
I0916 17:50:34.899209 140285881828544 submission_runner.py:516] Time since start: 10116.98s, 	Step: 45974, 	{'train/accuracy': 0.6654793370616996, 'train/loss': 1.5585175773938493, 'train/bleu': 33.60134517601314, 'validation/accuracy': 0.6750443267907403, 'validation/loss': 1.4944295095535083, 'validation/bleu': 29.118524233218636, 'validation/num_examples': 3000, 'test/accuracy': 0.6901400267270932, 'test/loss': 1.4036893193306605, 'test/bleu': 29.25787622025507, 'test/num_examples': 3003, 'score': 7135.297115802765, 'total_duration': 10116.984761714935, 'accumulated_submission_time': 7135.297115802765, 'accumulated_eval_time': 2953.6487753391266, 'accumulated_logging_time': 0.5850110054016113}
I0916 17:50:34.928397 140257433470720 logging_writer.py:48] [45974] accumulated_eval_time=2953.65, accumulated_logging_time=0.585011, accumulated_submission_time=7135.3, global_step=45974, preemption_count=0, score=7135.3, test/accuracy=0.69014, test/bleu=29.2579, test/loss=1.40369, test/num_examples=3003, total_duration=10117, train/accuracy=0.665479, train/bleu=33.6013, train/loss=1.55852, validation/accuracy=0.675044, validation/bleu=29.1185, validation/loss=1.49443, validation/num_examples=3000
I0916 17:50:39.734752 140257425078016 logging_writer.py:48] [46000] global_step=46000, grad_norm=0.237552, loss=1.62132
I0916 17:50:39.737631 140285881828544 submission.py:307] 46000) loss = 1.621, grad_norm = 0.238
I0916 17:51:56.492418 140257433470720 logging_writer.py:48] [46500] global_step=46500, grad_norm=0.23422, loss=1.72388
I0916 17:51:56.495526 140285881828544 submission.py:307] 46500) loss = 1.724, grad_norm = 0.234
I0916 17:53:13.373526 140257425078016 logging_writer.py:48] [47000] global_step=47000, grad_norm=0.23288, loss=1.62952
I0916 17:53:13.376481 140285881828544 submission.py:307] 47000) loss = 1.630, grad_norm = 0.233
I0916 17:54:30.322854 140257433470720 logging_writer.py:48] [47500] global_step=47500, grad_norm=0.219313, loss=1.57785
I0916 17:54:30.325957 140285881828544 submission.py:307] 47500) loss = 1.578, grad_norm = 0.219
I0916 17:55:47.272826 140257425078016 logging_writer.py:48] [48000] global_step=48000, grad_norm=0.273525, loss=1.72016
I0916 17:55:47.275895 140285881828544 submission.py:307] 48000) loss = 1.720, grad_norm = 0.274
I0916 17:57:04.246102 140257433470720 logging_writer.py:48] [48500] global_step=48500, grad_norm=0.235591, loss=1.63369
I0916 17:57:04.249413 140285881828544 submission.py:307] 48500) loss = 1.634, grad_norm = 0.236
I0916 17:58:21.255122 140257425078016 logging_writer.py:48] [49000] global_step=49000, grad_norm=0.218981, loss=1.61595
I0916 17:58:21.258098 140285881828544 submission.py:307] 49000) loss = 1.616, grad_norm = 0.219
I0916 17:59:38.233075 140257433470720 logging_writer.py:48] [49500] global_step=49500, grad_norm=0.216294, loss=1.69046
I0916 17:59:38.236059 140285881828544 submission.py:307] 49500) loss = 1.690, grad_norm = 0.216
I0916 18:00:55.198521 140257425078016 logging_writer.py:48] [50000] global_step=50000, grad_norm=0.260881, loss=1.58047
I0916 18:00:55.201548 140285881828544 submission.py:307] 50000) loss = 1.580, grad_norm = 0.261
I0916 18:01:19.485392 140285881828544 spec.py:333] Evaluating on the training split.
I0916 18:01:21.682709 140285881828544 workload.py:152] Translating evaluation dataset.
I0916 18:02:51.054464 140285881828544 spec.py:346] Evaluating on the validation split.
I0916 18:02:53.240756 140285881828544 workload.py:152] Translating evaluation dataset.
I0916 18:04:09.230707 140285881828544 spec.py:363] Evaluating on the test split.
I0916 18:04:11.416204 140285881828544 workload.py:152] Translating evaluation dataset.
I0916 18:05:12.178677 140285881828544 submission_runner.py:516] Time since start: 10994.26s, 	Step: 50155, 	{'train/accuracy': 0.6773328180237118, 'train/loss': 1.4851885486171894, 'train/bleu': 34.272661187629076, 'validation/accuracy': 0.6784292817200035, 'validation/loss': 1.4790820363355692, 'validation/bleu': 29.64243472164039, 'validation/num_examples': 3000, 'test/accuracy': 0.6913834175817791, 'test/loss': 1.3904068437336587, 'test/bleu': 29.116156602215078, 'test/num_examples': 3003, 'score': 7777.399891376495, 'total_duration': 10994.264209508896, 'accumulated_submission_time': 7777.399891376495, 'accumulated_eval_time': 3186.342133998871, 'accumulated_logging_time': 0.6584129333496094}
I0916 18:05:12.206967 140257433470720 logging_writer.py:48] [50155] accumulated_eval_time=3186.34, accumulated_logging_time=0.658413, accumulated_submission_time=7777.4, global_step=50155, preemption_count=0, score=7777.4, test/accuracy=0.691383, test/bleu=29.1162, test/loss=1.39041, test/num_examples=3003, total_duration=10994.3, train/accuracy=0.677333, train/bleu=34.2727, train/loss=1.48519, validation/accuracy=0.678429, validation/bleu=29.6424, validation/loss=1.47908, validation/num_examples=3000
I0916 18:06:05.959619 140257425078016 logging_writer.py:48] [50500] global_step=50500, grad_norm=0.23643, loss=1.61648
I0916 18:06:05.962649 140285881828544 submission.py:307] 50500) loss = 1.616, grad_norm = 0.236
I0916 18:07:22.868185 140257433470720 logging_writer.py:48] [51000] global_step=51000, grad_norm=0.250402, loss=1.62369
I0916 18:07:22.871283 140285881828544 submission.py:307] 51000) loss = 1.624, grad_norm = 0.250
I0916 18:08:39.880530 140257425078016 logging_writer.py:48] [51500] global_step=51500, grad_norm=0.26717, loss=1.69921
I0916 18:08:39.883618 140285881828544 submission.py:307] 51500) loss = 1.699, grad_norm = 0.267
I0916 18:09:56.889540 140257433470720 logging_writer.py:48] [52000] global_step=52000, grad_norm=0.253709, loss=1.6125
I0916 18:09:56.892553 140285881828544 submission.py:307] 52000) loss = 1.613, grad_norm = 0.254
I0916 18:11:13.945768 140257425078016 logging_writer.py:48] [52500] global_step=52500, grad_norm=0.245089, loss=1.63131
I0916 18:11:13.949004 140285881828544 submission.py:307] 52500) loss = 1.631, grad_norm = 0.245
I0916 18:12:31.022196 140257433470720 logging_writer.py:48] [53000] global_step=53000, grad_norm=0.246538, loss=1.67127
I0916 18:12:31.025141 140285881828544 submission.py:307] 53000) loss = 1.671, grad_norm = 0.247
I0916 18:13:48.063028 140257425078016 logging_writer.py:48] [53500] global_step=53500, grad_norm=0.278951, loss=1.61592
I0916 18:13:48.066065 140285881828544 submission.py:307] 53500) loss = 1.616, grad_norm = 0.279
I0916 18:15:05.102518 140257433470720 logging_writer.py:48] [54000] global_step=54000, grad_norm=0.256038, loss=1.68874
I0916 18:15:05.105572 140285881828544 submission.py:307] 54000) loss = 1.689, grad_norm = 0.256
I0916 18:15:56.828215 140285881828544 spec.py:333] Evaluating on the training split.
I0916 18:15:59.030461 140285881828544 workload.py:152] Translating evaluation dataset.
I0916 18:17:42.528257 140285881828544 spec.py:346] Evaluating on the validation split.
I0916 18:17:44.711733 140285881828544 workload.py:152] Translating evaluation dataset.
I0916 18:19:15.985958 140285881828544 spec.py:363] Evaluating on the test split.
I0916 18:19:18.159173 140285881828544 workload.py:152] Translating evaluation dataset.
I0916 18:20:54.728036 140285881828544 submission_runner.py:516] Time since start: 11936.81s, 	Step: 54333, 	{'train/accuracy': 0.6660078153398764, 'train/loss': 1.5606366860914214, 'train/bleu': 33.61155742324531, 'validation/accuracy': 0.6800411650196526, 'validation/loss': 1.4692231032473249, 'validation/bleu': 29.7080990770268, 'validation/num_examples': 3000, 'test/accuracy': 0.6941723316483644, 'test/loss': 1.3778477427226774, 'test/bleu': 29.43885734242232, 'test/num_examples': 3003, 'score': 8419.607409238815, 'total_duration': 11936.813574552536, 'accumulated_submission_time': 8419.607409238815, 'accumulated_eval_time': 3484.241970062256, 'accumulated_logging_time': 0.6958703994750977}
I0916 18:20:54.757263 140257425078016 logging_writer.py:48] [54333] accumulated_eval_time=3484.24, accumulated_logging_time=0.69587, accumulated_submission_time=8419.61, global_step=54333, preemption_count=0, score=8419.61, test/accuracy=0.694172, test/bleu=29.4389, test/loss=1.37785, test/num_examples=3003, total_duration=11936.8, train/accuracy=0.666008, train/bleu=33.6116, train/loss=1.56064, validation/accuracy=0.680041, validation/bleu=29.7081, validation/loss=1.46922, validation/num_examples=3000
I0916 18:21:21.165461 140257433470720 logging_writer.py:48] [54500] global_step=54500, grad_norm=0.267034, loss=1.52187
I0916 18:21:21.168460 140285881828544 submission.py:307] 54500) loss = 1.522, grad_norm = 0.267
I0916 18:22:37.939845 140257425078016 logging_writer.py:48] [55000] global_step=55000, grad_norm=0.250728, loss=1.57143
I0916 18:22:37.943121 140285881828544 submission.py:307] 55000) loss = 1.571, grad_norm = 0.251
I0916 18:23:54.900928 140257433470720 logging_writer.py:48] [55500] global_step=55500, grad_norm=0.333491, loss=1.64198
I0916 18:23:54.903915 140285881828544 submission.py:307] 55500) loss = 1.642, grad_norm = 0.333
I0916 18:25:11.877679 140257425078016 logging_writer.py:48] [56000] global_step=56000, grad_norm=0.291852, loss=1.63392
I0916 18:25:11.880715 140285881828544 submission.py:307] 56000) loss = 1.634, grad_norm = 0.292
I0916 18:26:28.915520 140257433470720 logging_writer.py:48] [56500] global_step=56500, grad_norm=0.287258, loss=1.5444
I0916 18:26:28.918580 140285881828544 submission.py:307] 56500) loss = 1.544, grad_norm = 0.287
I0916 18:27:45.981784 140257425078016 logging_writer.py:48] [57000] global_step=57000, grad_norm=0.280786, loss=1.62567
I0916 18:27:45.984905 140285881828544 submission.py:307] 57000) loss = 1.626, grad_norm = 0.281
I0916 18:29:03.113988 140257433470720 logging_writer.py:48] [57500] global_step=57500, grad_norm=0.30155, loss=1.63515
I0916 18:29:03.117059 140285881828544 submission.py:307] 57500) loss = 1.635, grad_norm = 0.302
I0916 18:30:20.179116 140257425078016 logging_writer.py:48] [58000] global_step=58000, grad_norm=0.260529, loss=1.61048
I0916 18:30:20.182294 140285881828544 submission.py:307] 58000) loss = 1.610, grad_norm = 0.261
I0916 18:31:37.259756 140257433470720 logging_writer.py:48] [58500] global_step=58500, grad_norm=0.289347, loss=1.59111
I0916 18:31:37.262818 140285881828544 submission.py:307] 58500) loss = 1.591, grad_norm = 0.289
I0916 18:31:39.366719 140285881828544 spec.py:333] Evaluating on the training split.
I0916 18:31:41.568136 140285881828544 workload.py:152] Translating evaluation dataset.
I0916 18:33:29.265999 140285881828544 spec.py:346] Evaluating on the validation split.
I0916 18:33:31.445617 140285881828544 workload.py:152] Translating evaluation dataset.
I0916 18:35:11.975429 140285881828544 spec.py:363] Evaluating on the test split.
I0916 18:35:14.159164 140285881828544 workload.py:152] Translating evaluation dataset.
I0916 18:36:52.259708 140285881828544 submission_runner.py:516] Time since start: 12894.35s, 	Step: 58511, 	{'train/accuracy': 0.6746003470745751, 'train/loss': 1.4995030376208154, 'train/bleu': 34.61035100910041, 'validation/accuracy': 0.681020694101747, 'validation/loss': 1.4591866111393534, 'validation/bleu': 29.625713245246452, 'validation/num_examples': 3000, 'test/accuracy': 0.695671372959154, 'test/loss': 1.3631363118064028, 'test/bleu': 29.329694632284877, 'test/num_examples': 3003, 'score': 9061.798766613007, 'total_duration': 12894.345242500305, 'accumulated_submission_time': 9061.798766613007, 'accumulated_eval_time': 3797.135009288788, 'accumulated_logging_time': 0.7342274188995361}
I0916 18:36:52.286347 140257425078016 logging_writer.py:48] [58511] accumulated_eval_time=3797.14, accumulated_logging_time=0.734227, accumulated_submission_time=9061.8, global_step=58511, preemption_count=0, score=9061.8, test/accuracy=0.695671, test/bleu=29.3297, test/loss=1.36314, test/num_examples=3003, total_duration=12894.3, train/accuracy=0.6746, train/bleu=34.6104, train/loss=1.4995, validation/accuracy=0.681021, validation/bleu=29.6257, validation/loss=1.45919, validation/num_examples=3000
I0916 18:38:08.254701 140257433470720 logging_writer.py:48] [59000] global_step=59000, grad_norm=0.288953, loss=1.65027
I0916 18:38:08.257837 140285881828544 submission.py:307] 59000) loss = 1.650, grad_norm = 0.289
I0916 18:39:25.277923 140257425078016 logging_writer.py:48] [59500] global_step=59500, grad_norm=0.335218, loss=1.63316
I0916 18:39:25.280963 140285881828544 submission.py:307] 59500) loss = 1.633, grad_norm = 0.335
I0916 18:40:42.337683 140257433470720 logging_writer.py:48] [60000] global_step=60000, grad_norm=0.326313, loss=1.61692
I0916 18:40:42.340738 140285881828544 submission.py:307] 60000) loss = 1.617, grad_norm = 0.326
I0916 18:41:59.388960 140257425078016 logging_writer.py:48] [60500] global_step=60500, grad_norm=0.345555, loss=1.64184
I0916 18:41:59.392169 140285881828544 submission.py:307] 60500) loss = 1.642, grad_norm = 0.346
I0916 18:43:16.434999 140257433470720 logging_writer.py:48] [61000] global_step=61000, grad_norm=0.30501, loss=1.6154
I0916 18:43:16.437937 140285881828544 submission.py:307] 61000) loss = 1.615, grad_norm = 0.305
I0916 18:44:33.529367 140257425078016 logging_writer.py:48] [61500] global_step=61500, grad_norm=0.301701, loss=1.59512
I0916 18:44:33.532309 140285881828544 submission.py:307] 61500) loss = 1.595, grad_norm = 0.302
I0916 18:45:50.589058 140257433470720 logging_writer.py:48] [62000] global_step=62000, grad_norm=0.315575, loss=1.72039
I0916 18:45:50.592229 140285881828544 submission.py:307] 62000) loss = 1.720, grad_norm = 0.316
I0916 18:47:07.677042 140257425078016 logging_writer.py:48] [62500] global_step=62500, grad_norm=0.307963, loss=1.66865
I0916 18:47:07.680133 140285881828544 submission.py:307] 62500) loss = 1.669, grad_norm = 0.308
I0916 18:47:36.899473 140285881828544 spec.py:333] Evaluating on the training split.
I0916 18:47:39.099351 140285881828544 workload.py:152] Translating evaluation dataset.
I0916 18:49:21.810176 140285881828544 spec.py:346] Evaluating on the validation split.
I0916 18:49:23.993594 140285881828544 workload.py:152] Translating evaluation dataset.
I0916 18:50:21.774711 140285881828544 spec.py:363] Evaluating on the test split.
I0916 18:50:23.963656 140285881828544 workload.py:152] Translating evaluation dataset.
I0916 18:51:20.642699 140285881828544 submission_runner.py:516] Time since start: 13762.73s, 	Step: 62687, 	{'train/accuracy': 0.6824528540400152, 'train/loss': 1.450200463702495, 'train/bleu': 34.866682799736104, 'validation/accuracy': 0.6835005145627456, 'validation/loss': 1.4477991980880585, 'validation/bleu': 29.770633461405943, 'validation/num_examples': 3000, 'test/accuracy': 0.6993666840973796, 'test/loss': 1.3493543373423973, 'test/bleu': 29.72264275714696, 'test/num_examples': 3003, 'score': 9703.985414505005, 'total_duration': 13762.728229761124, 'accumulated_submission_time': 9703.985414505005, 'accumulated_eval_time': 4020.878353357315, 'accumulated_logging_time': 0.7698471546173096}
I0916 18:51:20.670618 140257433470720 logging_writer.py:48] [62687] accumulated_eval_time=4020.88, accumulated_logging_time=0.769847, accumulated_submission_time=9703.99, global_step=62687, preemption_count=0, score=9703.99, test/accuracy=0.699367, test/bleu=29.7226, test/loss=1.34935, test/num_examples=3003, total_duration=13762.7, train/accuracy=0.682453, train/bleu=34.8667, train/loss=1.4502, validation/accuracy=0.683501, validation/bleu=29.7706, validation/loss=1.4478, validation/num_examples=3000
I0916 18:52:09.500530 140257425078016 logging_writer.py:48] [63000] global_step=63000, grad_norm=0.306278, loss=1.60542
I0916 18:52:09.503679 140285881828544 submission.py:307] 63000) loss = 1.605, grad_norm = 0.306
I0916 18:53:26.356177 140257433470720 logging_writer.py:48] [63500] global_step=63500, grad_norm=0.363104, loss=1.57008
I0916 18:53:26.359199 140285881828544 submission.py:307] 63500) loss = 1.570, grad_norm = 0.363
I0916 18:54:43.376437 140257425078016 logging_writer.py:48] [64000] global_step=64000, grad_norm=0.305029, loss=1.60999
I0916 18:54:43.379379 140285881828544 submission.py:307] 64000) loss = 1.610, grad_norm = 0.305
I0916 18:56:00.426110 140257433470720 logging_writer.py:48] [64500] global_step=64500, grad_norm=0.331848, loss=1.58971
I0916 18:56:00.429076 140285881828544 submission.py:307] 64500) loss = 1.590, grad_norm = 0.332
I0916 18:57:17.507678 140257425078016 logging_writer.py:48] [65000] global_step=65000, grad_norm=0.318693, loss=1.56252
I0916 18:57:17.510879 140285881828544 submission.py:307] 65000) loss = 1.563, grad_norm = 0.319
I0916 18:58:34.624979 140257433470720 logging_writer.py:48] [65500] global_step=65500, grad_norm=0.329946, loss=1.54522
I0916 18:58:34.628025 140285881828544 submission.py:307] 65500) loss = 1.545, grad_norm = 0.330
I0916 18:59:51.683473 140257425078016 logging_writer.py:48] [66000] global_step=66000, grad_norm=0.348535, loss=1.53565
I0916 18:59:51.686476 140285881828544 submission.py:307] 66000) loss = 1.536, grad_norm = 0.349
I0916 19:01:08.736543 140257433470720 logging_writer.py:48] [66500] global_step=66500, grad_norm=0.296019, loss=1.54596
I0916 19:01:08.739645 140285881828544 submission.py:307] 66500) loss = 1.546, grad_norm = 0.296
I0916 19:02:05.235275 140285881828544 spec.py:333] Evaluating on the training split.
I0916 19:02:07.433443 140285881828544 workload.py:152] Translating evaluation dataset.
I0916 19:03:51.318226 140285881828544 spec.py:346] Evaluating on the validation split.
I0916 19:03:53.496409 140285881828544 workload.py:152] Translating evaluation dataset.
I0916 19:05:31.907492 140285881828544 spec.py:363] Evaluating on the test split.
I0916 19:05:34.091751 140285881828544 workload.py:152] Translating evaluation dataset.
I0916 19:07:09.939128 140285881828544 submission_runner.py:516] Time since start: 14712.02s, 	Step: 66864, 	{'train/accuracy': 0.6756834169702802, 'train/loss': 1.4924265777880892, 'train/bleu': 34.11392448626766, 'validation/accuracy': 0.6843684517240952, 'validation/loss': 1.4377314176203644, 'validation/bleu': 29.954212329587886, 'validation/num_examples': 3000, 'test/accuracy': 0.6993434431468247, 'test/loss': 1.3424210897100692, 'test/bleu': 29.931385894568795, 'test/num_examples': 3003, 'score': 10346.117608308792, 'total_duration': 14712.024676322937, 'accumulated_submission_time': 10346.117608308792, 'accumulated_eval_time': 4325.582231521606, 'accumulated_logging_time': 0.8068163394927979}
I0916 19:07:09.966010 140257425078016 logging_writer.py:48] [66864] accumulated_eval_time=4325.58, accumulated_logging_time=0.806816, accumulated_submission_time=10346.1, global_step=66864, preemption_count=0, score=10346.1, test/accuracy=0.699343, test/bleu=29.9314, test/loss=1.34242, test/num_examples=3003, total_duration=14712, train/accuracy=0.675683, train/bleu=34.1139, train/loss=1.49243, validation/accuracy=0.684368, validation/bleu=29.9542, validation/loss=1.43773, validation/num_examples=3000
I0916 19:07:31.625333 140257433470720 logging_writer.py:48] [67000] global_step=67000, grad_norm=0.310824, loss=1.64183
I0916 19:07:31.628431 140285881828544 submission.py:307] 67000) loss = 1.642, grad_norm = 0.311
I0916 19:08:48.555227 140257425078016 logging_writer.py:48] [67500] global_step=67500, grad_norm=0.341689, loss=1.54091
I0916 19:08:48.558224 140285881828544 submission.py:307] 67500) loss = 1.541, grad_norm = 0.342
I0916 19:10:05.552218 140257433470720 logging_writer.py:48] [68000] global_step=68000, grad_norm=0.341566, loss=1.49386
I0916 19:10:05.555269 140285881828544 submission.py:307] 68000) loss = 1.494, grad_norm = 0.342
I0916 19:11:22.567767 140257425078016 logging_writer.py:48] [68500] global_step=68500, grad_norm=0.310312, loss=1.59262
I0916 19:11:22.570756 140285881828544 submission.py:307] 68500) loss = 1.593, grad_norm = 0.310
I0916 19:12:39.675934 140257433470720 logging_writer.py:48] [69000] global_step=69000, grad_norm=0.331445, loss=1.57958
I0916 19:12:39.679041 140285881828544 submission.py:307] 69000) loss = 1.580, grad_norm = 0.331
I0916 19:13:56.854110 140257425078016 logging_writer.py:48] [69500] global_step=69500, grad_norm=0.311593, loss=1.53827
I0916 19:13:56.857128 140285881828544 submission.py:307] 69500) loss = 1.538, grad_norm = 0.312
I0916 19:15:14.033824 140257433470720 logging_writer.py:48] [70000] global_step=70000, grad_norm=0.30089, loss=1.4875
I0916 19:15:14.037042 140285881828544 submission.py:307] 70000) loss = 1.487, grad_norm = 0.301
I0916 19:16:31.198827 140257425078016 logging_writer.py:48] [70500] global_step=70500, grad_norm=0.33163, loss=1.54092
I0916 19:16:31.201775 140285881828544 submission.py:307] 70500) loss = 1.541, grad_norm = 0.332
I0916 19:17:48.370620 140257433470720 logging_writer.py:48] [71000] global_step=71000, grad_norm=0.338869, loss=1.5587
I0916 19:17:48.373800 140285881828544 submission.py:307] 71000) loss = 1.559, grad_norm = 0.339
I0916 19:17:54.508966 140285881828544 spec.py:333] Evaluating on the training split.
I0916 19:17:56.710289 140285881828544 workload.py:152] Translating evaluation dataset.
I0916 19:19:32.207762 140285881828544 spec.py:346] Evaluating on the validation split.
I0916 19:19:34.391548 140285881828544 workload.py:152] Translating evaluation dataset.
I0916 19:20:59.242050 140285881828544 spec.py:363] Evaluating on the test split.
I0916 19:21:01.424680 140285881828544 workload.py:152] Translating evaluation dataset.
I0916 19:22:30.494041 140285881828544 submission_runner.py:516] Time since start: 15632.58s, 	Step: 71037, 	{'train/accuracy': 0.6834053912230068, 'train/loss': 1.4317170691641665, 'train/bleu': 35.21908852731881, 'validation/accuracy': 0.6867242811620439, 'validation/loss': 1.428437515498878, 'validation/bleu': 30.275626025858756, 'validation/num_examples': 3000, 'test/accuracy': 0.7004009063970716, 'test/loss': 1.3316930306199524, 'test/bleu': 29.98900185874826, 'test/num_examples': 3003, 'score': 10988.23679113388, 'total_duration': 15632.579575777054, 'accumulated_submission_time': 10988.23679113388, 'accumulated_eval_time': 4601.567341327667, 'accumulated_logging_time': 0.8427951335906982}
I0916 19:22:30.521618 140257425078016 logging_writer.py:48] [71037] accumulated_eval_time=4601.57, accumulated_logging_time=0.842795, accumulated_submission_time=10988.2, global_step=71037, preemption_count=0, score=10988.2, test/accuracy=0.700401, test/bleu=29.989, test/loss=1.33169, test/num_examples=3003, total_duration=15632.6, train/accuracy=0.683405, train/bleu=35.2191, train/loss=1.43172, validation/accuracy=0.686724, validation/bleu=30.2756, validation/loss=1.42844, validation/num_examples=3000
I0916 19:23:42.453209 140257433470720 logging_writer.py:48] [71500] global_step=71500, grad_norm=0.333142, loss=1.47218
I0916 19:23:42.456461 140285881828544 submission.py:307] 71500) loss = 1.472, grad_norm = 0.333
I0916 19:24:59.298841 140257425078016 logging_writer.py:48] [72000] global_step=72000, grad_norm=0.316679, loss=1.53007
I0916 19:24:59.302050 140285881828544 submission.py:307] 72000) loss = 1.530, grad_norm = 0.317
I0916 19:26:16.252146 140257433470720 logging_writer.py:48] [72500] global_step=72500, grad_norm=0.328057, loss=1.59818
I0916 19:26:16.255274 140285881828544 submission.py:307] 72500) loss = 1.598, grad_norm = 0.328
I0916 19:27:33.229084 140257425078016 logging_writer.py:48] [73000] global_step=73000, grad_norm=0.332983, loss=1.59225
I0916 19:27:33.232156 140285881828544 submission.py:307] 73000) loss = 1.592, grad_norm = 0.333
I0916 19:28:50.215223 140257433470720 logging_writer.py:48] [73500] global_step=73500, grad_norm=0.336326, loss=1.53332
I0916 19:28:50.218387 140285881828544 submission.py:307] 73500) loss = 1.533, grad_norm = 0.336
I0916 19:30:07.231374 140257425078016 logging_writer.py:48] [74000] global_step=74000, grad_norm=0.310914, loss=1.556
I0916 19:30:07.234524 140285881828544 submission.py:307] 74000) loss = 1.556, grad_norm = 0.311
I0916 19:31:24.236019 140257433470720 logging_writer.py:48] [74500] global_step=74500, grad_norm=0.342582, loss=1.66568
I0916 19:31:24.239009 140285881828544 submission.py:307] 74500) loss = 1.666, grad_norm = 0.343
I0916 19:32:41.228347 140257425078016 logging_writer.py:48] [75000] global_step=75000, grad_norm=0.341484, loss=1.55394
I0916 19:32:41.231541 140285881828544 submission.py:307] 75000) loss = 1.554, grad_norm = 0.341
I0916 19:33:15.195314 140285881828544 spec.py:333] Evaluating on the training split.
I0916 19:33:17.394961 140285881828544 workload.py:152] Translating evaluation dataset.
I0916 19:34:49.165324 140285881828544 spec.py:346] Evaluating on the validation split.
I0916 19:34:51.346692 140285881828544 workload.py:152] Translating evaluation dataset.
I0916 19:35:54.407502 140285881828544 spec.py:363] Evaluating on the test split.
I0916 19:35:56.581463 140285881828544 workload.py:152] Translating evaluation dataset.
I0916 19:37:00.534754 140285881828544 submission_runner.py:516] Time since start: 16502.62s, 	Step: 75218, 	{'train/accuracy': 0.688193824532491, 'train/loss': 1.4156583858351073, 'train/bleu': 34.85227405520313, 'validation/accuracy': 0.6874062317888185, 'validation/loss': 1.4217455843696916, 'validation/bleu': 30.21420412657871, 'validation/num_examples': 3000, 'test/accuracy': 0.7021672186392424, 'test/loss': 1.321363063593051, 'test/bleu': 30.028664457576266, 'test/num_examples': 3003, 'score': 11630.491575241089, 'total_duration': 16502.620292186737, 'accumulated_submission_time': 11630.491575241089, 'accumulated_eval_time': 4826.906831741333, 'accumulated_logging_time': 0.8794615268707275}
I0916 19:37:00.562422 140257433470720 logging_writer.py:48] [75218] accumulated_eval_time=4826.91, accumulated_logging_time=0.879462, accumulated_submission_time=11630.5, global_step=75218, preemption_count=0, score=11630.5, test/accuracy=0.702167, test/bleu=30.0287, test/loss=1.32136, test/num_examples=3003, total_duration=16502.6, train/accuracy=0.688194, train/bleu=34.8523, train/loss=1.41566, validation/accuracy=0.687406, validation/bleu=30.2142, validation/loss=1.42175, validation/num_examples=3000
I0916 19:37:44.562813 140257425078016 logging_writer.py:48] [75500] global_step=75500, grad_norm=0.37053, loss=1.51048
I0916 19:37:44.565979 140285881828544 submission.py:307] 75500) loss = 1.510, grad_norm = 0.371
I0916 19:39:01.386636 140257433470720 logging_writer.py:48] [76000] global_step=76000, grad_norm=0.352311, loss=1.55069
I0916 19:39:01.389905 140285881828544 submission.py:307] 76000) loss = 1.551, grad_norm = 0.352
I0916 19:40:18.233173 140257425078016 logging_writer.py:48] [76500] global_step=76500, grad_norm=0.35309, loss=1.52014
I0916 19:40:18.236533 140285881828544 submission.py:307] 76500) loss = 1.520, grad_norm = 0.353
I0916 19:41:35.171364 140257433470720 logging_writer.py:48] [77000] global_step=77000, grad_norm=0.335743, loss=1.53527
I0916 19:41:35.174410 140285881828544 submission.py:307] 77000) loss = 1.535, grad_norm = 0.336
I0916 19:42:52.105969 140257425078016 logging_writer.py:48] [77500] global_step=77500, grad_norm=0.32204, loss=1.51929
I0916 19:42:52.109001 140285881828544 submission.py:307] 77500) loss = 1.519, grad_norm = 0.322
I0916 19:44:09.080984 140257433470720 logging_writer.py:48] [78000] global_step=78000, grad_norm=0.377356, loss=1.57679
I0916 19:44:09.084102 140285881828544 submission.py:307] 78000) loss = 1.577, grad_norm = 0.377
I0916 19:45:26.073179 140257425078016 logging_writer.py:48] [78500] global_step=78500, grad_norm=0.318894, loss=1.54641
I0916 19:45:26.076424 140285881828544 submission.py:307] 78500) loss = 1.546, grad_norm = 0.319
I0916 19:46:43.022755 140257433470720 logging_writer.py:48] [79000] global_step=79000, grad_norm=0.370028, loss=1.52484
I0916 19:46:43.025742 140285881828544 submission.py:307] 79000) loss = 1.525, grad_norm = 0.370
I0916 19:47:45.128136 140285881828544 spec.py:333] Evaluating on the training split.
I0916 19:47:47.339159 140285881828544 workload.py:152] Translating evaluation dataset.
I0916 19:49:07.680688 140285881828544 spec.py:346] Evaluating on the validation split.
I0916 19:49:09.856330 140285881828544 workload.py:152] Translating evaluation dataset.
I0916 19:50:13.379276 140285881828544 spec.py:363] Evaluating on the test split.
I0916 19:50:15.555173 140285881828544 workload.py:152] Translating evaluation dataset.
I0916 19:51:14.425547 140285881828544 submission_runner.py:516] Time since start: 17356.51s, 	Step: 79401, 	{'train/accuracy': 0.686185196964878, 'train/loss': 1.428450612533509, 'train/bleu': 34.957344012463935, 'validation/accuracy': 0.6875674201187834, 'validation/loss': 1.4141449346567307, 'validation/bleu': 30.02909519582649, 'validation/num_examples': 3000, 'test/accuracy': 0.7039451513566904, 'test/loss': 1.3115709066875836, 'test/bleu': 30.37841595753352, 'test/num_examples': 3003, 'score': 12272.63627243042, 'total_duration': 17356.511085510254, 'accumulated_submission_time': 12272.63627243042, 'accumulated_eval_time': 5036.204295396805, 'accumulated_logging_time': 0.9161226749420166}
I0916 19:51:14.454559 140257425078016 logging_writer.py:48] [79401] accumulated_eval_time=5036.2, accumulated_logging_time=0.916123, accumulated_submission_time=12272.6, global_step=79401, preemption_count=0, score=12272.6, test/accuracy=0.703945, test/bleu=30.3784, test/loss=1.31157, test/num_examples=3003, total_duration=17356.5, train/accuracy=0.686185, train/bleu=34.9573, train/loss=1.42845, validation/accuracy=0.687567, validation/bleu=30.0291, validation/loss=1.41414, validation/num_examples=3000
I0916 19:51:30.407799 140257433470720 logging_writer.py:48] [79500] global_step=79500, grad_norm=0.347379, loss=1.45176
I0916 19:51:30.410718 140285881828544 submission.py:307] 79500) loss = 1.452, grad_norm = 0.347
I0916 19:52:47.138300 140257425078016 logging_writer.py:48] [80000] global_step=80000, grad_norm=0.366936, loss=1.50642
I0916 19:52:47.141499 140285881828544 submission.py:307] 80000) loss = 1.506, grad_norm = 0.367
I0916 19:54:04.010361 140257433470720 logging_writer.py:48] [80500] global_step=80500, grad_norm=0.367297, loss=1.55177
I0916 19:54:04.013376 140285881828544 submission.py:307] 80500) loss = 1.552, grad_norm = 0.367
I0916 19:55:20.900025 140257425078016 logging_writer.py:48] [81000] global_step=81000, grad_norm=0.337896, loss=1.50171
I0916 19:55:20.903068 140285881828544 submission.py:307] 81000) loss = 1.502, grad_norm = 0.338
I0916 19:56:37.785109 140257433470720 logging_writer.py:48] [81500] global_step=81500, grad_norm=0.344954, loss=1.48245
I0916 19:56:37.788239 140285881828544 submission.py:307] 81500) loss = 1.482, grad_norm = 0.345
I0916 19:57:54.649922 140257425078016 logging_writer.py:48] [82000] global_step=82000, grad_norm=0.36911, loss=1.45204
I0916 19:57:54.653038 140285881828544 submission.py:307] 82000) loss = 1.452, grad_norm = 0.369
I0916 19:59:11.529965 140257433470720 logging_writer.py:48] [82500] global_step=82500, grad_norm=0.327696, loss=1.49672
I0916 19:59:11.532998 140285881828544 submission.py:307] 82500) loss = 1.497, grad_norm = 0.328
I0916 20:00:28.423372 140257425078016 logging_writer.py:48] [83000] global_step=83000, grad_norm=0.332648, loss=1.47984
I0916 20:00:28.426357 140285881828544 submission.py:307] 83000) loss = 1.480, grad_norm = 0.333
I0916 20:01:45.335014 140257433470720 logging_writer.py:48] [83500] global_step=83500, grad_norm=0.342401, loss=1.4669
I0916 20:01:45.338026 140285881828544 submission.py:307] 83500) loss = 1.467, grad_norm = 0.342
I0916 20:01:59.128685 140285881828544 spec.py:333] Evaluating on the training split.
I0916 20:02:01.332295 140285881828544 workload.py:152] Translating evaluation dataset.
I0916 20:03:37.270674 140285881828544 spec.py:346] Evaluating on the validation split.
I0916 20:03:39.446932 140285881828544 workload.py:152] Translating evaluation dataset.
I0916 20:04:44.669851 140285881828544 spec.py:363] Evaluating on the test split.
I0916 20:04:46.846083 140285881828544 workload.py:152] Translating evaluation dataset.
I0916 20:05:45.940089 140285881828544 submission_runner.py:516] Time since start: 18228.03s, 	Step: 83587, 	{'train/accuracy': 0.6951212514202426, 'train/loss': 1.3669021962115386, 'train/bleu': 35.89579936838176, 'validation/accuracy': 0.6879641913925432, 'validation/loss': 1.4048900703339078, 'validation/bleu': 30.144622406580115, 'validation/num_examples': 3000, 'test/accuracy': 0.7051885422113764, 'test/loss': 1.3016268665388415, 'test/bleu': 30.36694753249224, 'test/num_examples': 3003, 'score': 12914.87961435318, 'total_duration': 18228.025629758835, 'accumulated_submission_time': 12914.87961435318, 'accumulated_eval_time': 5263.015841007233, 'accumulated_logging_time': 0.9543108940124512}
I0916 20:05:45.968361 140257425078016 logging_writer.py:48] [83587] accumulated_eval_time=5263.02, accumulated_logging_time=0.954311, accumulated_submission_time=12914.9, global_step=83587, preemption_count=0, score=12914.9, test/accuracy=0.705189, test/bleu=30.3669, test/loss=1.30163, test/num_examples=3003, total_duration=18228, train/accuracy=0.695121, train/bleu=35.8958, train/loss=1.3669, validation/accuracy=0.687964, validation/bleu=30.1446, validation/loss=1.40489, validation/num_examples=3000
I0916 20:06:50.029831 140257433470720 logging_writer.py:48] [84000] global_step=84000, grad_norm=0.349035, loss=1.49543
I0916 20:06:50.032779 140285881828544 submission.py:307] 84000) loss = 1.495, grad_norm = 0.349
I0916 20:08:06.803336 140257425078016 logging_writer.py:48] [84500] global_step=84500, grad_norm=0.353584, loss=1.50154
I0916 20:08:06.806525 140285881828544 submission.py:307] 84500) loss = 1.502, grad_norm = 0.354
I0916 20:09:23.655308 140257433470720 logging_writer.py:48] [85000] global_step=85000, grad_norm=0.33827, loss=1.50084
I0916 20:09:23.658402 140285881828544 submission.py:307] 85000) loss = 1.501, grad_norm = 0.338
I0916 20:10:40.546836 140257425078016 logging_writer.py:48] [85500] global_step=85500, grad_norm=0.359093, loss=1.47548
I0916 20:10:40.549838 140285881828544 submission.py:307] 85500) loss = 1.475, grad_norm = 0.359
I0916 20:11:57.435704 140257433470720 logging_writer.py:48] [86000] global_step=86000, grad_norm=0.324779, loss=1.47913
I0916 20:11:57.438764 140285881828544 submission.py:307] 86000) loss = 1.479, grad_norm = 0.325
I0916 20:13:14.327638 140257425078016 logging_writer.py:48] [86500] global_step=86500, grad_norm=0.305725, loss=1.37792
I0916 20:13:14.330800 140285881828544 submission.py:307] 86500) loss = 1.378, grad_norm = 0.306
I0916 20:14:31.212939 140257433470720 logging_writer.py:48] [87000] global_step=87000, grad_norm=0.409612, loss=1.38561
I0916 20:14:31.215951 140285881828544 submission.py:307] 87000) loss = 1.386, grad_norm = 0.410
I0916 20:15:48.111016 140257425078016 logging_writer.py:48] [87500] global_step=87500, grad_norm=0.333924, loss=1.44514
I0916 20:15:48.114073 140285881828544 submission.py:307] 87500) loss = 1.445, grad_norm = 0.334
I0916 20:16:30.547823 140285881828544 spec.py:333] Evaluating on the training split.
I0916 20:16:32.750233 140285881828544 workload.py:152] Translating evaluation dataset.
I0916 20:18:07.101152 140285881828544 spec.py:346] Evaluating on the validation split.
I0916 20:18:09.287199 140285881828544 workload.py:152] Translating evaluation dataset.
I0916 20:19:09.745259 140285881828544 spec.py:363] Evaluating on the test split.
I0916 20:19:11.924973 140285881828544 workload.py:152] Translating evaluation dataset.
I0916 20:20:13.034337 140285881828544 submission_runner.py:516] Time since start: 19095.12s, 	Step: 87773, 	{'train/accuracy': 0.6960266867731396, 'train/loss': 1.3705178130783466, 'train/bleu': 36.28646213688107, 'validation/accuracy': 0.6907291912065566, 'validation/loss': 1.402832594295173, 'validation/bleu': 30.39228775289873, 'validation/num_examples': 3000, 'test/accuracy': 0.7062692464121783, 'test/loss': 1.2978454912555923, 'test/bleu': 30.380732761160026, 'test/num_examples': 3003, 'score': 13557.02722811699, 'total_duration': 19095.119864702225, 'accumulated_submission_time': 13557.02722811699, 'accumulated_eval_time': 5485.502369880676, 'accumulated_logging_time': 0.991753101348877}
I0916 20:20:13.065466 140257433470720 logging_writer.py:48] [87773] accumulated_eval_time=5485.5, accumulated_logging_time=0.991753, accumulated_submission_time=13557, global_step=87773, preemption_count=0, score=13557, test/accuracy=0.706269, test/bleu=30.3807, test/loss=1.29785, test/num_examples=3003, total_duration=19095.1, train/accuracy=0.696027, train/bleu=36.2865, train/loss=1.37052, validation/accuracy=0.690729, validation/bleu=30.3923, validation/loss=1.40283, validation/num_examples=3000
I0916 20:20:48.717047 140257425078016 logging_writer.py:48] [88000] global_step=88000, grad_norm=0.363432, loss=1.47694
I0916 20:20:48.720035 140285881828544 submission.py:307] 88000) loss = 1.477, grad_norm = 0.363
I0916 20:22:05.642760 140257433470720 logging_writer.py:48] [88500] global_step=88500, grad_norm=0.349777, loss=1.47718
I0916 20:22:05.645826 140285881828544 submission.py:307] 88500) loss = 1.477, grad_norm = 0.350
I0916 20:23:22.659821 140257425078016 logging_writer.py:48] [89000] global_step=89000, grad_norm=0.355879, loss=1.39859
I0916 20:23:22.663018 140285881828544 submission.py:307] 89000) loss = 1.399, grad_norm = 0.356
I0916 20:24:39.687176 140257433470720 logging_writer.py:48] [89500] global_step=89500, grad_norm=0.33646, loss=1.42695
I0916 20:24:39.690233 140285881828544 submission.py:307] 89500) loss = 1.427, grad_norm = 0.336
I0916 20:25:56.734830 140257425078016 logging_writer.py:48] [90000] global_step=90000, grad_norm=0.351224, loss=1.47634
I0916 20:25:56.738030 140285881828544 submission.py:307] 90000) loss = 1.476, grad_norm = 0.351
I0916 20:27:13.762117 140257433470720 logging_writer.py:48] [90500] global_step=90500, grad_norm=0.360872, loss=1.47643
I0916 20:27:13.765156 140285881828544 submission.py:307] 90500) loss = 1.476, grad_norm = 0.361
I0916 20:28:30.815384 140257425078016 logging_writer.py:48] [91000] global_step=91000, grad_norm=0.337169, loss=1.48209
I0916 20:28:30.818655 140285881828544 submission.py:307] 91000) loss = 1.482, grad_norm = 0.337
I0916 20:29:47.851061 140257433470720 logging_writer.py:48] [91500] global_step=91500, grad_norm=0.333389, loss=1.40945
I0916 20:29:47.854120 140285881828544 submission.py:307] 91500) loss = 1.409, grad_norm = 0.333
I0916 20:30:57.726455 140285881828544 spec.py:333] Evaluating on the training split.
I0916 20:30:59.921432 140285881828544 workload.py:152] Translating evaluation dataset.
I0916 20:32:24.097441 140285881828544 spec.py:346] Evaluating on the validation split.
I0916 20:32:26.283220 140285881828544 workload.py:152] Translating evaluation dataset.
I0916 20:33:45.848613 140285881828544 spec.py:363] Evaluating on the test split.
I0916 20:33:48.032567 140285881828544 workload.py:152] Translating evaluation dataset.
I0916 20:34:59.472364 140285881828544 submission_runner.py:516] Time since start: 19981.56s, 	Step: 91951, 	{'train/accuracy': 0.6927327011290452, 'train/loss': 1.3787650031743672, 'train/bleu': 35.77508179254608, 'validation/accuracy': 0.6903944154443218, 'validation/loss': 1.3989227117456695, 'validation/bleu': 30.246630583478655, 'validation/num_examples': 3000, 'test/accuracy': 0.7078728720004648, 'test/loss': 1.290620642321771, 'test/bleu': 30.569424982767647, 'test/num_examples': 3003, 'score': 14199.259328126907, 'total_duration': 19981.557898521423, 'accumulated_submission_time': 14199.259328126907, 'accumulated_eval_time': 5727.248344421387, 'accumulated_logging_time': 1.0326135158538818}
I0916 20:34:59.503151 140257425078016 logging_writer.py:48] [91951] accumulated_eval_time=5727.25, accumulated_logging_time=1.03261, accumulated_submission_time=14199.3, global_step=91951, preemption_count=0, score=14199.3, test/accuracy=0.707873, test/bleu=30.5694, test/loss=1.29062, test/num_examples=3003, total_duration=19981.6, train/accuracy=0.692733, train/bleu=35.7751, train/loss=1.37877, validation/accuracy=0.690394, validation/bleu=30.2466, validation/loss=1.39892, validation/num_examples=3000
I0916 20:35:07.805746 140257433470720 logging_writer.py:48] [92000] global_step=92000, grad_norm=0.335915, loss=1.5433
I0916 20:35:07.808617 140285881828544 submission.py:307] 92000) loss = 1.543, grad_norm = 0.336
I0916 20:36:24.647563 140257425078016 logging_writer.py:48] [92500] global_step=92500, grad_norm=0.444347, loss=1.40757
I0916 20:36:24.650646 140285881828544 submission.py:307] 92500) loss = 1.408, grad_norm = 0.444
I0916 20:37:41.620407 140257433470720 logging_writer.py:48] [93000] global_step=93000, grad_norm=0.342994, loss=1.51056
I0916 20:37:41.623556 140285881828544 submission.py:307] 93000) loss = 1.511, grad_norm = 0.343
I0916 20:38:58.632689 140257425078016 logging_writer.py:48] [93500] global_step=93500, grad_norm=0.355798, loss=1.41584
I0916 20:38:58.635716 140285881828544 submission.py:307] 93500) loss = 1.416, grad_norm = 0.356
I0916 20:40:15.564224 140257433470720 logging_writer.py:48] [94000] global_step=94000, grad_norm=0.388112, loss=1.41961
I0916 20:40:15.567203 140285881828544 submission.py:307] 94000) loss = 1.420, grad_norm = 0.388
I0916 20:41:32.450892 140257425078016 logging_writer.py:48] [94500] global_step=94500, grad_norm=0.337661, loss=1.46746
I0916 20:41:32.453858 140285881828544 submission.py:307] 94500) loss = 1.467, grad_norm = 0.338
I0916 20:42:49.340750 140257433470720 logging_writer.py:48] [95000] global_step=95000, grad_norm=0.38235, loss=1.46602
I0916 20:42:49.343895 140285881828544 submission.py:307] 95000) loss = 1.466, grad_norm = 0.382
I0916 20:44:06.222031 140257425078016 logging_writer.py:48] [95500] global_step=95500, grad_norm=0.348948, loss=1.4407
I0916 20:44:06.224967 140285881828544 submission.py:307] 95500) loss = 1.441, grad_norm = 0.349
I0916 20:45:23.078994 140257433470720 logging_writer.py:48] [96000] global_step=96000, grad_norm=0.325074, loss=1.40009
I0916 20:45:23.081982 140285881828544 submission.py:307] 96000) loss = 1.400, grad_norm = 0.325
I0916 20:45:44.083726 140285881828544 spec.py:333] Evaluating on the training split.
I0916 20:45:46.282886 140285881828544 workload.py:152] Translating evaluation dataset.
I0916 20:47:32.370184 140285881828544 spec.py:346] Evaluating on the validation split.
I0916 20:47:34.550684 140285881828544 workload.py:152] Translating evaluation dataset.
I0916 20:48:40.097981 140285881828544 spec.py:363] Evaluating on the test split.
I0916 20:48:42.277354 140285881828544 workload.py:152] Translating evaluation dataset.
I0916 20:49:48.741173 140285881828544 submission_runner.py:516] Time since start: 20870.83s, 	Step: 96134, 	{'train/accuracy': 0.7004265985948693, 'train/loss': 1.3358186510400496, 'train/bleu': 36.00848370991645, 'validation/accuracy': 0.6915599310609912, 'validation/loss': 1.390955707306791, 'validation/bleu': 30.495445705351244, 'validation/num_examples': 3000, 'test/accuracy': 0.7087095462204405, 'test/loss': 1.2842161263145662, 'test/bleu': 30.535210420138235, 'test/num_examples': 3003, 'score': 14841.415359258652, 'total_duration': 20870.826719522476, 'accumulated_submission_time': 14841.415359258652, 'accumulated_eval_time': 5971.905826330185, 'accumulated_logging_time': 1.0726385116577148}
I0916 20:49:48.771581 140257425078016 logging_writer.py:48] [96134] accumulated_eval_time=5971.91, accumulated_logging_time=1.07264, accumulated_submission_time=14841.4, global_step=96134, preemption_count=0, score=14841.4, test/accuracy=0.70871, test/bleu=30.5352, test/loss=1.28422, test/num_examples=3003, total_duration=20870.8, train/accuracy=0.700427, train/bleu=36.0085, train/loss=1.33582, validation/accuracy=0.69156, validation/bleu=30.4954, validation/loss=1.39096, validation/num_examples=3000
I0916 20:50:45.590987 140257433470720 logging_writer.py:48] [96500] global_step=96500, grad_norm=0.364058, loss=1.45794
I0916 20:50:45.594288 140285881828544 submission.py:307] 96500) loss = 1.458, grad_norm = 0.364
I0916 20:52:02.349940 140257425078016 logging_writer.py:48] [97000] global_step=97000, grad_norm=0.375773, loss=1.49947
I0916 20:52:02.353099 140285881828544 submission.py:307] 97000) loss = 1.499, grad_norm = 0.376
I0916 20:53:19.266798 140257433470720 logging_writer.py:48] [97500] global_step=97500, grad_norm=0.377015, loss=1.52844
I0916 20:53:19.269719 140285881828544 submission.py:307] 97500) loss = 1.528, grad_norm = 0.377
I0916 20:54:36.196938 140257425078016 logging_writer.py:48] [98000] global_step=98000, grad_norm=0.357726, loss=1.44223
I0916 20:54:36.199984 140285881828544 submission.py:307] 98000) loss = 1.442, grad_norm = 0.358
I0916 20:55:53.126348 140257433470720 logging_writer.py:48] [98500] global_step=98500, grad_norm=0.34772, loss=1.38909
I0916 20:55:53.129437 140285881828544 submission.py:307] 98500) loss = 1.389, grad_norm = 0.348
I0916 20:57:10.017778 140257425078016 logging_writer.py:48] [99000] global_step=99000, grad_norm=0.330447, loss=1.39345
I0916 20:57:10.020875 140285881828544 submission.py:307] 99000) loss = 1.393, grad_norm = 0.330
I0916 20:58:26.965931 140257433470720 logging_writer.py:48] [99500] global_step=99500, grad_norm=0.338683, loss=1.37643
I0916 20:58:26.969054 140285881828544 submission.py:307] 99500) loss = 1.376, grad_norm = 0.339
I0916 20:59:43.892493 140257425078016 logging_writer.py:48] [100000] global_step=100000, grad_norm=0.337371, loss=1.42999
I0916 20:59:43.895584 140285881828544 submission.py:307] 100000) loss = 1.430, grad_norm = 0.337
I0916 21:00:33.370411 140285881828544 spec.py:333] Evaluating on the training split.
I0916 21:00:35.571627 140285881828544 workload.py:152] Translating evaluation dataset.
I0916 21:02:06.447508 140285881828544 spec.py:346] Evaluating on the validation split.
I0916 21:02:08.627445 140285881828544 workload.py:152] Translating evaluation dataset.
I0916 21:03:10.231450 140285881828544 spec.py:363] Evaluating on the test split.
I0916 21:03:12.418013 140285881828544 workload.py:152] Translating evaluation dataset.
I0916 21:04:15.487135 140285881828544 submission_runner.py:516] Time since start: 21737.57s, 	Step: 100319, 	{'train/accuracy': 0.7012888725804972, 'train/loss': 1.3318683850678836, 'train/bleu': 36.78394909790258, 'validation/accuracy': 0.6915599310609912, 'validation/loss': 1.3895603239575456, 'validation/bleu': 30.66003052684969, 'validation/num_examples': 3000, 'test/accuracy': 0.7104526175120562, 'test/loss': 1.2800209531694846, 'test/bleu': 30.594078116323715, 'test/num_examples': 3003, 'score': 15483.591715574265, 'total_duration': 21737.572647094727, 'accumulated_submission_time': 15483.591715574265, 'accumulated_eval_time': 6194.022545337677, 'accumulated_logging_time': 1.1121065616607666}
I0916 21:04:15.517249 140257433470720 logging_writer.py:48] [100319] accumulated_eval_time=6194.02, accumulated_logging_time=1.11211, accumulated_submission_time=15483.6, global_step=100319, preemption_count=0, score=15483.6, test/accuracy=0.710453, test/bleu=30.5941, test/loss=1.28002, test/num_examples=3003, total_duration=21737.6, train/accuracy=0.701289, train/bleu=36.7839, train/loss=1.33187, validation/accuracy=0.69156, validation/bleu=30.66, validation/loss=1.38956, validation/num_examples=3000
I0916 21:04:44.012015 140257425078016 logging_writer.py:48] [100500] global_step=100500, grad_norm=0.353307, loss=1.48939
I0916 21:04:44.014918 140285881828544 submission.py:307] 100500) loss = 1.489, grad_norm = 0.353
I0916 21:06:00.664542 140257433470720 logging_writer.py:48] [101000] global_step=101000, grad_norm=0.345977, loss=1.3875
I0916 21:06:00.667539 140285881828544 submission.py:307] 101000) loss = 1.387, grad_norm = 0.346
I0916 21:07:17.477413 140257425078016 logging_writer.py:48] [101500] global_step=101500, grad_norm=0.334682, loss=1.41652
I0916 21:07:17.480371 140285881828544 submission.py:307] 101500) loss = 1.417, grad_norm = 0.335
I0916 21:08:34.375512 140257433470720 logging_writer.py:48] [102000] global_step=102000, grad_norm=0.325127, loss=1.50947
I0916 21:08:34.378757 140285881828544 submission.py:307] 102000) loss = 1.509, grad_norm = 0.325
I0916 21:09:51.264786 140257425078016 logging_writer.py:48] [102500] global_step=102500, grad_norm=0.326146, loss=1.36531
I0916 21:09:51.267799 140285881828544 submission.py:307] 102500) loss = 1.365, grad_norm = 0.326
I0916 21:11:08.146167 140257433470720 logging_writer.py:48] [103000] global_step=103000, grad_norm=0.383153, loss=1.44073
I0916 21:11:08.149352 140285881828544 submission.py:307] 103000) loss = 1.441, grad_norm = 0.383
I0916 21:12:25.021943 140257425078016 logging_writer.py:48] [103500] global_step=103500, grad_norm=0.318099, loss=1.40587
I0916 21:12:25.025007 140285881828544 submission.py:307] 103500) loss = 1.406, grad_norm = 0.318
I0916 21:13:41.903607 140257433470720 logging_writer.py:48] [104000] global_step=104000, grad_norm=0.339557, loss=1.46587
I0916 21:13:41.906773 140285881828544 submission.py:307] 104000) loss = 1.466, grad_norm = 0.340
I0916 21:14:58.792186 140257425078016 logging_writer.py:48] [104500] global_step=104500, grad_norm=0.334603, loss=1.46793
I0916 21:14:58.795214 140285881828544 submission.py:307] 104500) loss = 1.468, grad_norm = 0.335
I0916 21:15:00.132989 140285881828544 spec.py:333] Evaluating on the training split.
I0916 21:15:02.335769 140285881828544 workload.py:152] Translating evaluation dataset.
I0916 21:16:37.418754 140285881828544 spec.py:346] Evaluating on the validation split.
I0916 21:16:39.605622 140285881828544 workload.py:152] Translating evaluation dataset.
I0916 21:17:54.093231 140285881828544 spec.py:363] Evaluating on the test split.
I0916 21:17:56.276688 140285881828544 workload.py:152] Translating evaluation dataset.
I0916 21:19:06.867180 140285881828544 submission_runner.py:516] Time since start: 22628.95s, 	Step: 104506, 	{'train/accuracy': 0.7011867710934027, 'train/loss': 1.3307043175781206, 'train/bleu': 35.85118838233687, 'validation/accuracy': 0.6919938996416659, 'validation/loss': 1.3865825051766252, 'validation/bleu': 30.470427481360787, 'validation/num_examples': 3000, 'test/accuracy': 0.7101969670559526, 'test/loss': 1.277310477311022, 'test/bleu': 30.73572516837829, 'test/num_examples': 3003, 'score': 16125.781217098236, 'total_duration': 22628.952724456787, 'accumulated_submission_time': 16125.781217098236, 'accumulated_eval_time': 6440.756788730621, 'accumulated_logging_time': 1.1513752937316895}
I0916 21:19:06.900145 140257433470720 logging_writer.py:48] [104506] accumulated_eval_time=6440.76, accumulated_logging_time=1.15138, accumulated_submission_time=16125.8, global_step=104506, preemption_count=0, score=16125.8, test/accuracy=0.710197, test/bleu=30.7357, test/loss=1.27731, test/num_examples=3003, total_duration=22629, train/accuracy=0.701187, train/bleu=35.8512, train/loss=1.3307, validation/accuracy=0.691994, validation/bleu=30.4704, validation/loss=1.38658, validation/num_examples=3000
I0916 21:20:23.480329 140257425078016 logging_writer.py:48] [105000] global_step=105000, grad_norm=0.330535, loss=1.36625
I0916 21:20:23.483513 140285881828544 submission.py:307] 105000) loss = 1.366, grad_norm = 0.331
I0916 21:21:40.375437 140257433470720 logging_writer.py:48] [105500] global_step=105500, grad_norm=0.323275, loss=1.38532
I0916 21:21:40.378649 140285881828544 submission.py:307] 105500) loss = 1.385, grad_norm = 0.323
I0916 21:22:57.291497 140257425078016 logging_writer.py:48] [106000] global_step=106000, grad_norm=0.338747, loss=1.46751
I0916 21:22:57.294545 140285881828544 submission.py:307] 106000) loss = 1.468, grad_norm = 0.339
I0916 21:24:14.195342 140257433470720 logging_writer.py:48] [106500] global_step=106500, grad_norm=0.31748, loss=1.39374
I0916 21:24:14.198407 140285881828544 submission.py:307] 106500) loss = 1.394, grad_norm = 0.317
I0916 21:25:31.142900 140257425078016 logging_writer.py:48] [107000] global_step=107000, grad_norm=0.358426, loss=1.46419
I0916 21:25:31.145890 140285881828544 submission.py:307] 107000) loss = 1.464, grad_norm = 0.358
I0916 21:26:48.074969 140257433470720 logging_writer.py:48] [107500] global_step=107500, grad_norm=0.335765, loss=1.36895
I0916 21:26:48.078063 140285881828544 submission.py:307] 107500) loss = 1.369, grad_norm = 0.336
I0916 21:28:05.051023 140257425078016 logging_writer.py:48] [108000] global_step=108000, grad_norm=0.327309, loss=1.45801
I0916 21:28:05.053969 140285881828544 submission.py:307] 108000) loss = 1.458, grad_norm = 0.327
I0916 21:29:21.980131 140257433470720 logging_writer.py:48] [108500] global_step=108500, grad_norm=0.329663, loss=1.39635
I0916 21:29:21.983236 140285881828544 submission.py:307] 108500) loss = 1.396, grad_norm = 0.330
I0916 21:29:51.490653 140285881828544 spec.py:333] Evaluating on the training split.
I0916 21:29:53.689062 140285881828544 workload.py:152] Translating evaluation dataset.
I0916 21:31:20.513900 140285881828544 spec.py:346] Evaluating on the validation split.
I0916 21:31:22.696358 140285881828544 workload.py:152] Translating evaluation dataset.
I0916 21:32:28.072367 140285881828544 spec.py:363] Evaluating on the test split.
I0916 21:32:30.255773 140285881828544 workload.py:152] Translating evaluation dataset.
I0916 21:33:29.196050 140285881828544 submission_runner.py:516] Time since start: 23491.28s, 	Step: 108689, 	{'train/accuracy': 0.7037840941716911, 'train/loss': 1.316916271892047, 'train/bleu': 36.14055865113249, 'validation/accuracy': 0.6925146619384757, 'validation/loss': 1.3840584160456784, 'validation/bleu': 30.54382365888488, 'validation/num_examples': 3000, 'test/accuracy': 0.7104758584626111, 'test/loss': 1.2740839797222707, 'test/bleu': 30.683772847933387, 'test/num_examples': 3003, 'score': 16767.940527915955, 'total_duration': 23491.281604528427, 'accumulated_submission_time': 16767.940527915955, 'accumulated_eval_time': 6658.462338924408, 'accumulated_logging_time': 1.193418264389038}
I0916 21:33:29.226100 140257425078016 logging_writer.py:48] [108689] accumulated_eval_time=6658.46, accumulated_logging_time=1.19342, accumulated_submission_time=16767.9, global_step=108689, preemption_count=0, score=16767.9, test/accuracy=0.710476, test/bleu=30.6838, test/loss=1.27408, test/num_examples=3003, total_duration=23491.3, train/accuracy=0.703784, train/bleu=36.1406, train/loss=1.31692, validation/accuracy=0.692515, validation/bleu=30.5438, validation/loss=1.38406, validation/num_examples=3000
I0916 21:34:17.669892 140257433470720 logging_writer.py:48] [109000] global_step=109000, grad_norm=0.359081, loss=1.41476
I0916 21:34:17.672862 140285881828544 submission.py:307] 109000) loss = 1.415, grad_norm = 0.359
I0916 21:35:34.441361 140257425078016 logging_writer.py:48] [109500] global_step=109500, grad_norm=0.322214, loss=1.36465
I0916 21:35:34.444430 140285881828544 submission.py:307] 109500) loss = 1.365, grad_norm = 0.322
I0916 21:36:51.306162 140257433470720 logging_writer.py:48] [110000] global_step=110000, grad_norm=0.340561, loss=1.45918
I0916 21:36:51.309149 140285881828544 submission.py:307] 110000) loss = 1.459, grad_norm = 0.341
I0916 21:38:08.263811 140257425078016 logging_writer.py:48] [110500] global_step=110500, grad_norm=0.337241, loss=1.43533
I0916 21:38:08.266898 140285881828544 submission.py:307] 110500) loss = 1.435, grad_norm = 0.337
I0916 21:39:25.207439 140257433470720 logging_writer.py:48] [111000] global_step=111000, grad_norm=0.33703, loss=1.45908
I0916 21:39:25.210397 140285881828544 submission.py:307] 111000) loss = 1.459, grad_norm = 0.337
I0916 21:40:42.099620 140257425078016 logging_writer.py:48] [111500] global_step=111500, grad_norm=0.3282, loss=1.47236
I0916 21:40:42.102774 140285881828544 submission.py:307] 111500) loss = 1.472, grad_norm = 0.328
I0916 21:41:59.025717 140257433470720 logging_writer.py:48] [112000] global_step=112000, grad_norm=0.359109, loss=1.37671
I0916 21:41:59.028693 140285881828544 submission.py:307] 112000) loss = 1.377, grad_norm = 0.359
I0916 21:43:15.970271 140257425078016 logging_writer.py:48] [112500] global_step=112500, grad_norm=0.343972, loss=1.42798
I0916 21:43:15.973370 140285881828544 submission.py:307] 112500) loss = 1.428, grad_norm = 0.344
I0916 21:44:13.902442 140285881828544 spec.py:333] Evaluating on the training split.
I0916 21:44:16.102435 140285881828544 workload.py:152] Translating evaluation dataset.
I0916 21:45:58.061093 140285881828544 spec.py:346] Evaluating on the validation split.
I0916 21:46:00.242652 140285881828544 workload.py:152] Translating evaluation dataset.
I0916 21:47:06.534076 140285881828544 spec.py:363] Evaluating on the test split.
I0916 21:47:08.714119 140285881828544 workload.py:152] Translating evaluation dataset.
I0916 21:48:09.584185 140285881828544 submission_runner.py:516] Time since start: 24371.67s, 	Step: 112874, 	{'train/accuracy': 0.7050293330295608, 'train/loss': 1.311290279518141, 'train/bleu': 36.558273890135176, 'validation/accuracy': 0.6926014556546106, 'validation/loss': 1.383067165937186, 'validation/bleu': 30.66006395991536, 'validation/num_examples': 3000, 'test/accuracy': 0.7111730869792574, 'test/loss': 1.272040954912556, 'test/bleu': 30.69741001883253, 'test/num_examples': 3003, 'score': 17410.203202724457, 'total_duration': 24371.669730186462, 'accumulated_submission_time': 17410.203202724457, 'accumulated_eval_time': 6894.1441440582275, 'accumulated_logging_time': 1.232969045639038}
I0916 21:48:09.613968 140257433470720 logging_writer.py:48] [112874] accumulated_eval_time=6894.14, accumulated_logging_time=1.23297, accumulated_submission_time=17410.2, global_step=112874, preemption_count=0, score=17410.2, test/accuracy=0.711173, test/bleu=30.6974, test/loss=1.27204, test/num_examples=3003, total_duration=24371.7, train/accuracy=0.705029, train/bleu=36.5583, train/loss=1.31129, validation/accuracy=0.692601, validation/bleu=30.6601, validation/loss=1.38307, validation/num_examples=3000
I0916 21:48:29.713565 140257425078016 logging_writer.py:48] [113000] global_step=113000, grad_norm=0.337049, loss=1.40284
I0916 21:48:29.716636 140285881828544 submission.py:307] 113000) loss = 1.403, grad_norm = 0.337
I0916 21:49:46.376092 140257433470720 logging_writer.py:48] [113500] global_step=113500, grad_norm=0.334832, loss=1.35395
I0916 21:49:46.379016 140285881828544 submission.py:307] 113500) loss = 1.354, grad_norm = 0.335
I0916 21:51:03.219592 140257425078016 logging_writer.py:48] [114000] global_step=114000, grad_norm=0.347998, loss=1.45154
I0916 21:51:03.222677 140285881828544 submission.py:307] 114000) loss = 1.452, grad_norm = 0.348
I0916 21:52:20.115739 140257433470720 logging_writer.py:48] [114500] global_step=114500, grad_norm=0.334149, loss=1.43535
I0916 21:52:20.118747 140285881828544 submission.py:307] 114500) loss = 1.435, grad_norm = 0.334
I0916 21:53:36.997626 140257425078016 logging_writer.py:48] [115000] global_step=115000, grad_norm=0.337099, loss=1.41803
I0916 21:53:37.000926 140285881828544 submission.py:307] 115000) loss = 1.418, grad_norm = 0.337
I0916 21:54:53.870288 140257433470720 logging_writer.py:48] [115500] global_step=115500, grad_norm=0.348296, loss=1.34943
I0916 21:54:53.873226 140285881828544 submission.py:307] 115500) loss = 1.349, grad_norm = 0.348
I0916 21:56:10.758524 140257425078016 logging_writer.py:48] [116000] global_step=116000, grad_norm=0.338067, loss=1.35022
I0916 21:56:10.761625 140285881828544 submission.py:307] 116000) loss = 1.350, grad_norm = 0.338
I0916 21:57:27.657623 140257433470720 logging_writer.py:48] [116500] global_step=116500, grad_norm=0.336107, loss=1.37617
I0916 21:57:27.660597 140285881828544 submission.py:307] 116500) loss = 1.376, grad_norm = 0.336
I0916 21:58:44.575927 140257425078016 logging_writer.py:48] [117000] global_step=117000, grad_norm=0.345911, loss=1.38115
I0916 21:58:44.579027 140285881828544 submission.py:307] 117000) loss = 1.381, grad_norm = 0.346
I0916 21:58:54.218169 140285881828544 spec.py:333] Evaluating on the training split.
I0916 21:58:56.417867 140285881828544 workload.py:152] Translating evaluation dataset.
I0916 22:00:32.528570 140285881828544 spec.py:346] Evaluating on the validation split.
I0916 22:00:34.705785 140285881828544 workload.py:152] Translating evaluation dataset.
I0916 22:01:41.587269 140285881828544 spec.py:363] Evaluating on the test split.
I0916 22:01:43.769618 140285881828544 workload.py:152] Translating evaluation dataset.
I0916 22:02:45.970747 140285881828544 submission_runner.py:516] Time since start: 25248.06s, 	Step: 117060, 	{'train/accuracy': 0.7029898124061744, 'train/loss': 1.3130739653404078, 'train/bleu': 36.60939641849158, 'validation/accuracy': 0.6927006484730506, 'validation/loss': 1.3831094972473992, 'validation/bleu': 30.568080934996118, 'validation/num_examples': 3000, 'test/accuracy': 0.7111266050781477, 'test/loss': 1.272498420341642, 'test/bleu': 30.641968225785725, 'test/num_examples': 3003, 'score': 18052.374125003815, 'total_duration': 25248.056270599365, 'accumulated_submission_time': 18052.374125003815, 'accumulated_eval_time': 7125.89671421051, 'accumulated_logging_time': 1.2717673778533936}
I0916 22:02:46.002321 140257433470720 logging_writer.py:48] [117060] accumulated_eval_time=7125.9, accumulated_logging_time=1.27177, accumulated_submission_time=18052.4, global_step=117060, preemption_count=0, score=18052.4, test/accuracy=0.711127, test/bleu=30.642, test/loss=1.2725, test/num_examples=3003, total_duration=25248.1, train/accuracy=0.70299, train/bleu=36.6094, train/loss=1.31307, validation/accuracy=0.692701, validation/bleu=30.5681, validation/loss=1.38311, validation/num_examples=3000
I0916 22:03:54.220843 140257425078016 logging_writer.py:48] [117500] global_step=117500, grad_norm=0.336188, loss=1.44833
I0916 22:03:54.223913 140285881828544 submission.py:307] 117500) loss = 1.448, grad_norm = 0.336
I0916 22:05:10.994363 140257433470720 logging_writer.py:48] [118000] global_step=118000, grad_norm=0.329952, loss=1.3407
I0916 22:05:10.997397 140285881828544 submission.py:307] 118000) loss = 1.341, grad_norm = 0.330
I0916 22:06:27.865595 140257425078016 logging_writer.py:48] [118500] global_step=118500, grad_norm=0.334645, loss=1.4023
I0916 22:06:27.868541 140285881828544 submission.py:307] 118500) loss = 1.402, grad_norm = 0.335
I0916 22:07:44.801110 140257433470720 logging_writer.py:48] [119000] global_step=119000, grad_norm=0.333125, loss=1.38155
I0916 22:07:44.804306 140285881828544 submission.py:307] 119000) loss = 1.382, grad_norm = 0.333
I0916 22:09:01.768193 140257425078016 logging_writer.py:48] [119500] global_step=119500, grad_norm=0.326852, loss=1.37375
I0916 22:09:01.771268 140285881828544 submission.py:307] 119500) loss = 1.374, grad_norm = 0.327
I0916 22:10:18.694165 140257433470720 logging_writer.py:48] [120000] global_step=120000, grad_norm=0.332532, loss=1.41581
I0916 22:10:18.697166 140285881828544 submission.py:307] 120000) loss = 1.416, grad_norm = 0.333
I0916 22:11:35.632192 140257425078016 logging_writer.py:48] [120500] global_step=120500, grad_norm=0.327216, loss=1.38321
I0916 22:11:35.635229 140285881828544 submission.py:307] 120500) loss = 1.383, grad_norm = 0.327
I0916 22:12:52.568256 140257433470720 logging_writer.py:48] [121000] global_step=121000, grad_norm=0.330397, loss=1.49795
I0916 22:12:52.571439 140285881828544 submission.py:307] 121000) loss = 1.498, grad_norm = 0.330
I0916 22:13:30.669562 140285881828544 spec.py:333] Evaluating on the training split.
I0916 22:13:32.869307 140285881828544 workload.py:152] Translating evaluation dataset.
I0916 22:15:06.764026 140285881828544 spec.py:346] Evaluating on the validation split.
I0916 22:15:08.952626 140285881828544 workload.py:152] Translating evaluation dataset.
I0916 22:16:15.517132 140285881828544 spec.py:363] Evaluating on the test split.
I0916 22:16:17.700523 140285881828544 workload.py:152] Translating evaluation dataset.
I0916 22:17:19.018634 140285881828544 submission_runner.py:516] Time since start: 26121.10s, 	Step: 121245, 	{'train/accuracy': 0.7058369118215073, 'train/loss': 1.2999912667848135, 'train/bleu': 36.67263580098895, 'validation/accuracy': 0.6928122403937955, 'validation/loss': 1.3830434332804304, 'validation/bleu': 30.556068910501633, 'validation/num_examples': 3000, 'test/accuracy': 0.7112311893556447, 'test/loss': 1.2723141268665388, 'test/bleu': 30.67450051412709, 'test/num_examples': 3003, 'score': 18694.610838890076, 'total_duration': 26121.104176282883, 'accumulated_submission_time': 18694.610838890076, 'accumulated_eval_time': 7354.245838403702, 'accumulated_logging_time': 1.312624216079712}
I0916 22:17:19.048977 140257425078016 logging_writer.py:48] [121245] accumulated_eval_time=7354.25, accumulated_logging_time=1.31262, accumulated_submission_time=18694.6, global_step=121245, preemption_count=0, score=18694.6, test/accuracy=0.711231, test/bleu=30.6745, test/loss=1.27231, test/num_examples=3003, total_duration=26121.1, train/accuracy=0.705837, train/bleu=36.6726, train/loss=1.29999, validation/accuracy=0.692812, validation/bleu=30.5561, validation/loss=1.38304, validation/num_examples=3000
I0916 22:17:58.917278 140257433470720 logging_writer.py:48] [121500] global_step=121500, grad_norm=0.342836, loss=1.44095
I0916 22:17:58.920432 140285881828544 submission.py:307] 121500) loss = 1.441, grad_norm = 0.343
I0916 22:19:15.685834 140257425078016 logging_writer.py:48] [122000] global_step=122000, grad_norm=0.360044, loss=1.42174
I0916 22:19:15.688963 140285881828544 submission.py:307] 122000) loss = 1.422, grad_norm = 0.360
I0916 22:20:32.563089 140257433470720 logging_writer.py:48] [122500] global_step=122500, grad_norm=0.339157, loss=1.41113
I0916 22:20:32.566210 140285881828544 submission.py:307] 122500) loss = 1.411, grad_norm = 0.339
I0916 22:21:49.441819 140257425078016 logging_writer.py:48] [123000] global_step=123000, grad_norm=0.335838, loss=1.33121
I0916 22:21:49.444853 140285881828544 submission.py:307] 123000) loss = 1.331, grad_norm = 0.336
I0916 22:23:06.322486 140257433470720 logging_writer.py:48] [123500] global_step=123500, grad_norm=0.343205, loss=1.3751
I0916 22:23:06.325764 140285881828544 submission.py:307] 123500) loss = 1.375, grad_norm = 0.343
I0916 22:24:23.186950 140257425078016 logging_writer.py:48] [124000] global_step=124000, grad_norm=0.326112, loss=1.43972
I0916 22:24:23.190056 140285881828544 submission.py:307] 124000) loss = 1.440, grad_norm = 0.326
I0916 22:25:40.055709 140257433470720 logging_writer.py:48] [124500] global_step=124500, grad_norm=0.332107, loss=1.33837
I0916 22:25:40.058842 140285881828544 submission.py:307] 124500) loss = 1.338, grad_norm = 0.332
I0916 22:26:56.921519 140257425078016 logging_writer.py:48] [125000] global_step=125000, grad_norm=0.336576, loss=1.40196
I0916 22:26:56.924515 140285881828544 submission.py:307] 125000) loss = 1.402, grad_norm = 0.337
I0916 22:28:03.730282 140285881828544 spec.py:333] Evaluating on the training split.
I0916 22:28:05.930303 140285881828544 workload.py:152] Translating evaluation dataset.
I0916 22:29:32.813892 140285881828544 spec.py:346] Evaluating on the validation split.
I0916 22:29:35.000282 140285881828544 workload.py:152] Translating evaluation dataset.
I0916 22:30:43.348188 140285881828544 spec.py:363] Evaluating on the test split.
I0916 22:30:45.529512 140285881828544 workload.py:152] Translating evaluation dataset.
I0916 22:31:48.182377 140285881828544 submission_runner.py:516] Time since start: 26990.27s, 	Step: 125431, 	{'train/accuracy': 0.7039611557092633, 'train/loss': 1.313814891981494, 'train/bleu': 36.44912214972385, 'validation/accuracy': 0.6925766574500006, 'validation/loss': 1.382496613495183, 'validation/bleu': 30.57292623010075, 'validation/num_examples': 3000, 'test/accuracy': 0.7109406774737087, 'test/loss': 1.271411451978386, 'test/bleu': 30.791423307933886, 'test/num_examples': 3003, 'score': 19336.86342072487, 'total_duration': 26990.267922639847, 'accumulated_submission_time': 19336.86342072487, 'accumulated_eval_time': 7578.698003530502, 'accumulated_logging_time': 1.3521473407745361}
I0916 22:31:48.213901 140257433470720 logging_writer.py:48] [125431] accumulated_eval_time=7578.7, accumulated_logging_time=1.35215, accumulated_submission_time=19336.9, global_step=125431, preemption_count=0, score=19336.9, test/accuracy=0.710941, test/bleu=30.7914, test/loss=1.27141, test/num_examples=3003, total_duration=26990.3, train/accuracy=0.703961, train/bleu=36.4491, train/loss=1.31381, validation/accuracy=0.692577, validation/bleu=30.5729, validation/loss=1.3825, validation/num_examples=3000
I0916 22:31:59.584164 140257425078016 logging_writer.py:48] [125500] global_step=125500, grad_norm=0.359102, loss=1.37414
I0916 22:31:59.587052 140285881828544 submission.py:307] 125500) loss = 1.374, grad_norm = 0.359
I0916 22:33:16.395350 140257433470720 logging_writer.py:48] [126000] global_step=126000, grad_norm=0.313277, loss=1.3458
I0916 22:33:16.398481 140285881828544 submission.py:307] 126000) loss = 1.346, grad_norm = 0.313
I0916 22:34:33.315870 140257425078016 logging_writer.py:48] [126500] global_step=126500, grad_norm=0.316124, loss=1.42347
I0916 22:34:33.319113 140285881828544 submission.py:307] 126500) loss = 1.423, grad_norm = 0.316
I0916 22:35:50.280129 140257433470720 logging_writer.py:48] [127000] global_step=127000, grad_norm=0.332204, loss=1.30975
I0916 22:35:50.283142 140285881828544 submission.py:307] 127000) loss = 1.310, grad_norm = 0.332
I0916 22:37:07.257882 140257425078016 logging_writer.py:48] [127500] global_step=127500, grad_norm=0.354182, loss=1.44107
I0916 22:37:07.260880 140285881828544 submission.py:307] 127500) loss = 1.441, grad_norm = 0.354
I0916 22:38:24.233580 140257433470720 logging_writer.py:48] [128000] global_step=128000, grad_norm=0.357379, loss=1.37685
I0916 22:38:24.236493 140285881828544 submission.py:307] 128000) loss = 1.377, grad_norm = 0.357
I0916 22:39:41.182356 140257425078016 logging_writer.py:48] [128500] global_step=128500, grad_norm=0.318741, loss=1.3781
I0916 22:39:41.185472 140285881828544 submission.py:307] 128500) loss = 1.378, grad_norm = 0.319
I0916 22:40:58.130121 140257433470720 logging_writer.py:48] [129000] global_step=129000, grad_norm=0.358778, loss=1.32647
I0916 22:40:58.133275 140285881828544 submission.py:307] 129000) loss = 1.326, grad_norm = 0.359
I0916 22:42:15.054738 140257425078016 logging_writer.py:48] [129500] global_step=129500, grad_norm=0.318183, loss=1.42899
I0916 22:42:15.057730 140285881828544 submission.py:307] 129500) loss = 1.429, grad_norm = 0.318
I0916 22:42:32.857627 140285881828544 spec.py:333] Evaluating on the training split.
I0916 22:42:35.053499 140285881828544 workload.py:152] Translating evaluation dataset.
I0916 22:44:05.891636 140285881828544 spec.py:346] Evaluating on the validation split.
I0916 22:44:08.071091 140285881828544 workload.py:152] Translating evaluation dataset.
I0916 22:45:11.724766 140285881828544 spec.py:363] Evaluating on the test split.
I0916 22:45:13.909943 140285881828544 workload.py:152] Translating evaluation dataset.
I0916 22:46:18.324594 140285881828544 submission_runner.py:516] Time since start: 27860.41s, 	Step: 129613, 	{'train/accuracy': 0.7036231554017125, 'train/loss': 1.3080286994443433, 'train/bleu': 36.59046463044769, 'validation/accuracy': 0.6921798861762408, 'validation/loss': 1.3833814056862284, 'validation/bleu': 30.45512799165426, 'validation/num_examples': 3000, 'test/accuracy': 0.7110917436523154, 'test/loss': 1.272092883911452, 'test/bleu': 30.75789742130872, 'test/num_examples': 3003, 'score': 19979.072958230972, 'total_duration': 27860.41013264656, 'accumulated_submission_time': 19979.072958230972, 'accumulated_eval_time': 7804.16498541832, 'accumulated_logging_time': 1.3926682472229004}
I0916 22:46:18.357221 140257433470720 logging_writer.py:48] [129613] accumulated_eval_time=7804.16, accumulated_logging_time=1.39267, accumulated_submission_time=19979.1, global_step=129613, preemption_count=0, score=19979.1, test/accuracy=0.711092, test/bleu=30.7579, test/loss=1.27209, test/num_examples=3003, total_duration=27860.4, train/accuracy=0.703623, train/bleu=36.5905, train/loss=1.30803, validation/accuracy=0.69218, validation/bleu=30.4551, validation/loss=1.38338, validation/num_examples=3000
I0916 22:47:18.454174 140257425078016 logging_writer.py:48] [130000] global_step=130000, grad_norm=0.334388, loss=1.47901
I0916 22:47:18.457238 140285881828544 submission.py:307] 130000) loss = 1.479, grad_norm = 0.334
I0916 22:48:35.303615 140257433470720 logging_writer.py:48] [130500] global_step=130500, grad_norm=0.357075, loss=1.3796
I0916 22:48:35.306537 140285881828544 submission.py:307] 130500) loss = 1.380, grad_norm = 0.357
I0916 22:49:52.208661 140257425078016 logging_writer.py:48] [131000] global_step=131000, grad_norm=0.340468, loss=1.43419
I0916 22:49:52.211891 140285881828544 submission.py:307] 131000) loss = 1.434, grad_norm = 0.340
I0916 22:51:09.085734 140257433470720 logging_writer.py:48] [131500] global_step=131500, grad_norm=0.326297, loss=1.33728
I0916 22:51:09.088844 140285881828544 submission.py:307] 131500) loss = 1.337, grad_norm = 0.326
I0916 22:52:25.908737 140257425078016 logging_writer.py:48] [132000] global_step=132000, grad_norm=0.327592, loss=1.43214
I0916 22:52:25.911828 140285881828544 submission.py:307] 132000) loss = 1.432, grad_norm = 0.328
I0916 22:53:42.770487 140257433470720 logging_writer.py:48] [132500] global_step=132500, grad_norm=0.34307, loss=1.36622
I0916 22:53:42.773393 140285881828544 submission.py:307] 132500) loss = 1.366, grad_norm = 0.343
I0916 22:54:59.632166 140257425078016 logging_writer.py:48] [133000] global_step=133000, grad_norm=0.335175, loss=1.35799
I0916 22:54:59.635439 140285881828544 submission.py:307] 133000) loss = 1.358, grad_norm = 0.335
I0916 22:56:16.475786 140257433470720 logging_writer.py:48] [133500] global_step=133500, grad_norm=0.3419, loss=1.37612
I0916 22:56:16.478781 140285881828544 submission.py:307] 133500) loss = 1.376, grad_norm = 0.342
I0916 22:57:02.988751 140285881828544 spec.py:333] Evaluating on the training split.
I0916 22:57:05.185084 140285881828544 workload.py:152] Translating evaluation dataset.
I0916 22:58:42.947572 140285881828544 spec.py:346] Evaluating on the validation split.
I0916 22:58:45.128137 140285881828544 workload.py:152] Translating evaluation dataset.
I0916 22:59:52.136878 140285881828544 spec.py:363] Evaluating on the test split.
I0916 22:59:54.322156 140285881828544 workload.py:152] Translating evaluation dataset.
I0916 23:00:55.392876 140285881828544 submission_runner.py:516] Time since start: 28737.48s, 	Step: 133800, 	{'train/accuracy': 0.7033408232865306, 'train/loss': 1.3139929410993123, 'train/bleu': 36.58855409087423, 'validation/accuracy': 0.6931718143606402, 'validation/loss': 1.3845449839431625, 'validation/bleu': 30.54034889300614, 'validation/num_examples': 3000, 'test/accuracy': 0.7109174365231538, 'test/loss': 1.2735027743884726, 'test/bleu': 30.665177639086433, 'test/num_examples': 3003, 'score': 20621.282261371613, 'total_duration': 28737.478426218033, 'accumulated_submission_time': 20621.282261371613, 'accumulated_eval_time': 8036.569143533707, 'accumulated_logging_time': 1.4343180656433105}
I0916 23:00:55.425704 140257425078016 logging_writer.py:48] [133800] accumulated_eval_time=8036.57, accumulated_logging_time=1.43432, accumulated_submission_time=20621.3, global_step=133800, preemption_count=0, score=20621.3, test/accuracy=0.710917, test/bleu=30.6652, test/loss=1.2735, test/num_examples=3003, total_duration=28737.5, train/accuracy=0.703341, train/bleu=36.5886, train/loss=1.31399, validation/accuracy=0.693172, validation/bleu=30.5403, validation/loss=1.38454, validation/num_examples=3000
I0916 23:01:26.833270 140257433470720 logging_writer.py:48] [134000] global_step=134000, grad_norm=0.356532, loss=1.3725
I0916 23:01:26.836277 140285881828544 submission.py:307] 134000) loss = 1.372, grad_norm = 0.357
I0916 23:02:43.571644 140257425078016 logging_writer.py:48] [134500] global_step=134500, grad_norm=0.333469, loss=1.35405
I0916 23:02:43.574682 140285881828544 submission.py:307] 134500) loss = 1.354, grad_norm = 0.333
I0916 23:04:00.377926 140257433470720 logging_writer.py:48] [135000] global_step=135000, grad_norm=0.343431, loss=1.40963
I0916 23:04:00.381030 140285881828544 submission.py:307] 135000) loss = 1.410, grad_norm = 0.343
I0916 23:05:17.208542 140257425078016 logging_writer.py:48] [135500] global_step=135500, grad_norm=0.319465, loss=1.36509
I0916 23:05:17.211756 140285881828544 submission.py:307] 135500) loss = 1.365, grad_norm = 0.319
I0916 23:06:34.040041 140257433470720 logging_writer.py:48] [136000] global_step=136000, grad_norm=0.367284, loss=1.43395
I0916 23:06:34.043037 140285881828544 submission.py:307] 136000) loss = 1.434, grad_norm = 0.367
I0916 23:07:50.878391 140257425078016 logging_writer.py:48] [136500] global_step=136500, grad_norm=0.335309, loss=1.42451
I0916 23:07:50.881422 140285881828544 submission.py:307] 136500) loss = 1.425, grad_norm = 0.335
I0916 23:09:07.732231 140257433470720 logging_writer.py:48] [137000] global_step=137000, grad_norm=0.326128, loss=1.42937
I0916 23:09:07.735165 140285881828544 submission.py:307] 137000) loss = 1.429, grad_norm = 0.326
I0916 23:10:24.538552 140257425078016 logging_writer.py:48] [137500] global_step=137500, grad_norm=0.328977, loss=1.42506
I0916 23:10:24.541657 140285881828544 submission.py:307] 137500) loss = 1.425, grad_norm = 0.329
I0916 23:11:40.041176 140285881828544 spec.py:333] Evaluating on the training split.
I0916 23:11:42.236152 140285881828544 workload.py:152] Translating evaluation dataset.
I0916 23:13:16.888345 140285881828544 spec.py:346] Evaluating on the validation split.
I0916 23:13:19.065046 140285881828544 workload.py:152] Translating evaluation dataset.
I0916 23:14:23.893430 140285881828544 spec.py:363] Evaluating on the test split.
I0916 23:14:26.074296 140285881828544 workload.py:152] Translating evaluation dataset.
I0916 23:15:19.216004 140285881828544 submission_runner.py:516] Time since start: 29601.30s, 	Step: 137989, 	{'train/accuracy': 0.7046032741999886, 'train/loss': 1.3126328895955734, 'train/bleu': 36.69733703822024, 'validation/accuracy': 0.6924526664269507, 'validation/loss': 1.3848173767219254, 'validation/bleu': 30.686698678834258, 'validation/num_examples': 3000, 'test/accuracy': 0.711266050781477, 'test/loss': 1.2750446662018478, 'test/bleu': 30.677366900510805, 'test/num_examples': 3003, 'score': 21263.457713603973, 'total_duration': 29601.30152130127, 'accumulated_submission_time': 21263.457713603973, 'accumulated_eval_time': 8255.743970632553, 'accumulated_logging_time': 1.4763462543487549}
I0916 23:15:19.248325 140257433470720 logging_writer.py:48] [137989] accumulated_eval_time=8255.74, accumulated_logging_time=1.47635, accumulated_submission_time=21263.5, global_step=137989, preemption_count=0, score=21263.5, test/accuracy=0.711266, test/bleu=30.6774, test/loss=1.27504, test/num_examples=3003, total_duration=29601.3, train/accuracy=0.704603, train/bleu=36.6973, train/loss=1.31263, validation/accuracy=0.692453, validation/bleu=30.6867, validation/loss=1.38482, validation/num_examples=3000
I0916 23:15:21.713748 140257425078016 logging_writer.py:48] [138000] global_step=138000, grad_norm=0.338002, loss=1.32808
I0916 23:15:21.716577 140285881828544 submission.py:307] 138000) loss = 1.328, grad_norm = 0.338
I0916 23:16:38.275490 140257433470720 logging_writer.py:48] [138500] global_step=138500, grad_norm=0.32767, loss=1.4178
I0916 23:16:38.278659 140285881828544 submission.py:307] 138500) loss = 1.418, grad_norm = 0.328
I0916 23:17:55.046942 140257425078016 logging_writer.py:48] [139000] global_step=139000, grad_norm=0.335118, loss=1.46101
I0916 23:17:55.049993 140285881828544 submission.py:307] 139000) loss = 1.461, grad_norm = 0.335
I0916 23:19:11.849264 140257433470720 logging_writer.py:48] [139500] global_step=139500, grad_norm=0.357466, loss=1.3892
I0916 23:19:11.852280 140285881828544 submission.py:307] 139500) loss = 1.389, grad_norm = 0.357
I0916 23:20:28.660287 140257425078016 logging_writer.py:48] [140000] global_step=140000, grad_norm=0.356669, loss=1.31861
I0916 23:20:28.663537 140285881828544 submission.py:307] 140000) loss = 1.319, grad_norm = 0.357
I0916 23:21:45.492336 140257433470720 logging_writer.py:48] [140500] global_step=140500, grad_norm=0.336797, loss=1.40522
I0916 23:21:45.495373 140285881828544 submission.py:307] 140500) loss = 1.405, grad_norm = 0.337
I0916 23:23:02.321124 140257425078016 logging_writer.py:48] [141000] global_step=141000, grad_norm=0.338978, loss=1.39915
I0916 23:23:02.324176 140285881828544 submission.py:307] 141000) loss = 1.399, grad_norm = 0.339
I0916 23:24:19.160706 140257433470720 logging_writer.py:48] [141500] global_step=141500, grad_norm=0.34763, loss=1.49738
I0916 23:24:19.163806 140285881828544 submission.py:307] 141500) loss = 1.497, grad_norm = 0.348
I0916 23:25:35.988133 140257425078016 logging_writer.py:48] [142000] global_step=142000, grad_norm=0.395457, loss=1.46957
I0916 23:25:35.991426 140285881828544 submission.py:307] 142000) loss = 1.470, grad_norm = 0.395
I0916 23:26:03.897773 140285881828544 spec.py:333] Evaluating on the training split.
I0916 23:26:06.095865 140285881828544 workload.py:152] Translating evaluation dataset.
I0916 23:27:35.118289 140285881828544 spec.py:346] Evaluating on the validation split.
I0916 23:27:37.299337 140285881828544 workload.py:152] Translating evaluation dataset.
I0916 23:28:47.541727 140285881828544 spec.py:363] Evaluating on the test split.
I0916 23:28:49.724864 140285881828544 workload.py:152] Translating evaluation dataset.
I0916 23:29:56.949205 140285881828544 submission_runner.py:516] Time since start: 30479.03s, 	Step: 142179, 	{'train/accuracy': 0.7047295531748106, 'train/loss': 1.3150405869053976, 'train/bleu': 36.33011062295734, 'validation/accuracy': 0.6910639669687915, 'validation/loss': 1.3910401761912436, 'validation/bleu': 30.552253592969947, 'validation/num_examples': 3000, 'test/accuracy': 0.7107547498692697, 'test/loss': 1.2789763813839985, 'test/bleu': 30.876430129278646, 'test/num_examples': 3003, 'score': 21905.687613487244, 'total_duration': 30479.034685611725, 'accumulated_submission_time': 21905.687613487244, 'accumulated_eval_time': 8488.795366764069, 'accumulated_logging_time': 1.5180323123931885}
I0916 23:29:56.982016 140257433470720 logging_writer.py:48] [142179] accumulated_eval_time=8488.8, accumulated_logging_time=1.51803, accumulated_submission_time=21905.7, global_step=142179, preemption_count=0, score=21905.7, test/accuracy=0.710755, test/bleu=30.8764, test/loss=1.27898, test/num_examples=3003, total_duration=30479, train/accuracy=0.70473, train/bleu=36.3301, train/loss=1.31504, validation/accuracy=0.691064, validation/bleu=30.5523, validation/loss=1.39104, validation/num_examples=3000
I0916 23:30:46.960156 140257425078016 logging_writer.py:48] [142500] global_step=142500, grad_norm=0.393652, loss=1.4677
I0916 23:30:46.963197 140285881828544 submission.py:307] 142500) loss = 1.468, grad_norm = 0.394
I0916 23:32:03.736770 140257433470720 logging_writer.py:48] [143000] global_step=143000, grad_norm=0.389493, loss=1.39296
I0916 23:32:03.739845 140285881828544 submission.py:307] 143000) loss = 1.393, grad_norm = 0.389
I0916 23:33:20.592827 140257425078016 logging_writer.py:48] [143500] global_step=143500, grad_norm=0.332702, loss=1.43622
I0916 23:33:20.595875 140285881828544 submission.py:307] 143500) loss = 1.436, grad_norm = 0.333
I0916 23:34:37.438547 140257433470720 logging_writer.py:48] [144000] global_step=144000, grad_norm=0.348983, loss=1.42637
I0916 23:34:37.441587 140285881828544 submission.py:307] 144000) loss = 1.426, grad_norm = 0.349
I0916 23:35:54.270415 140257425078016 logging_writer.py:48] [144500] global_step=144500, grad_norm=0.343364, loss=1.34759
I0916 23:35:54.273552 140285881828544 submission.py:307] 144500) loss = 1.348, grad_norm = 0.343
I0916 23:37:11.122873 140257433470720 logging_writer.py:48] [145000] global_step=145000, grad_norm=0.363445, loss=1.45079
I0916 23:37:11.125953 140285881828544 submission.py:307] 145000) loss = 1.451, grad_norm = 0.363
I0916 23:38:27.965337 140257425078016 logging_writer.py:48] [145500] global_step=145500, grad_norm=0.346569, loss=1.41205
I0916 23:38:27.968405 140285881828544 submission.py:307] 145500) loss = 1.412, grad_norm = 0.347
I0916 23:39:44.781889 140257433470720 logging_writer.py:48] [146000] global_step=146000, grad_norm=0.357945, loss=1.4652
I0916 23:39:44.784850 140285881828544 submission.py:307] 146000) loss = 1.465, grad_norm = 0.358
I0916 23:40:41.574042 140285881828544 spec.py:333] Evaluating on the training split.
I0916 23:40:43.770842 140285881828544 workload.py:152] Translating evaluation dataset.
I0916 23:42:09.779214 140285881828544 spec.py:346] Evaluating on the validation split.
I0916 23:42:11.964125 140285881828544 workload.py:152] Translating evaluation dataset.
I0916 23:43:12.905765 140285881828544 spec.py:363] Evaluating on the test split.
I0916 23:43:15.086363 140285881828544 workload.py:152] Translating evaluation dataset.
I0916 23:44:12.774718 140285881828544 submission_runner.py:516] Time since start: 31334.86s, 	Step: 146367, 	{'train/accuracy': 0.707080526550545, 'train/loss': 1.295063159760742, 'train/bleu': 36.38857651114236, 'validation/accuracy': 0.6911011642757064, 'validation/loss': 1.3908255167325885, 'validation/bleu': 30.476726665946735, 'validation/num_examples': 3000, 'test/accuracy': 0.7103945151356691, 'test/loss': 1.2809849986926964, 'test/bleu': 30.701723808290158, 'test/num_examples': 3003, 'score': 22547.857746839523, 'total_duration': 31334.860281705856, 'accumulated_submission_time': 22547.857746839523, 'accumulated_eval_time': 8699.996084451675, 'accumulated_logging_time': 1.5598969459533691}
I0916 23:44:12.808056 140257425078016 logging_writer.py:48] [146367] accumulated_eval_time=8700, accumulated_logging_time=1.5599, accumulated_submission_time=22547.9, global_step=146367, preemption_count=0, score=22547.9, test/accuracy=0.710395, test/bleu=30.7017, test/loss=1.28098, test/num_examples=3003, total_duration=31334.9, train/accuracy=0.707081, train/bleu=36.3886, train/loss=1.29506, validation/accuracy=0.691101, validation/bleu=30.4767, validation/loss=1.39083, validation/num_examples=3000
I0916 23:44:33.955326 140257433470720 logging_writer.py:48] [146500] global_step=146500, grad_norm=0.371244, loss=1.3992
I0916 23:44:33.958265 140285881828544 submission.py:307] 146500) loss = 1.399, grad_norm = 0.371
I0916 23:45:50.555134 140257425078016 logging_writer.py:48] [147000] global_step=147000, grad_norm=0.362778, loss=1.49216
I0916 23:45:50.558205 140285881828544 submission.py:307] 147000) loss = 1.492, grad_norm = 0.363
I0916 23:47:07.310619 140257433470720 logging_writer.py:48] [147500] global_step=147500, grad_norm=0.373024, loss=1.33363
I0916 23:47:07.313789 140285881828544 submission.py:307] 147500) loss = 1.334, grad_norm = 0.373
I0916 23:48:24.156376 140257425078016 logging_writer.py:48] [148000] global_step=148000, grad_norm=0.360168, loss=1.43159
I0916 23:48:24.159463 140285881828544 submission.py:307] 148000) loss = 1.432, grad_norm = 0.360
I0916 23:49:40.974720 140257433470720 logging_writer.py:48] [148500] global_step=148500, grad_norm=0.362153, loss=1.37606
I0916 23:49:40.977723 140285881828544 submission.py:307] 148500) loss = 1.376, grad_norm = 0.362
I0916 23:50:57.811184 140257425078016 logging_writer.py:48] [149000] global_step=149000, grad_norm=0.333766, loss=1.43719
I0916 23:50:57.814188 140285881828544 submission.py:307] 149000) loss = 1.437, grad_norm = 0.334
I0916 23:52:14.648826 140257433470720 logging_writer.py:48] [149500] global_step=149500, grad_norm=0.341302, loss=1.43051
I0916 23:52:14.651874 140285881828544 submission.py:307] 149500) loss = 1.431, grad_norm = 0.341
I0916 23:53:31.462344 140257425078016 logging_writer.py:48] [150000] global_step=150000, grad_norm=0.345975, loss=1.43938
I0916 23:53:31.465470 140285881828544 submission.py:307] 150000) loss = 1.439, grad_norm = 0.346
I0916 23:54:48.289869 140257433470720 logging_writer.py:48] [150500] global_step=150500, grad_norm=0.355785, loss=1.4669
I0916 23:54:48.292937 140285881828544 submission.py:307] 150500) loss = 1.467, grad_norm = 0.356
I0916 23:54:57.463440 140285881828544 spec.py:333] Evaluating on the training split.
I0916 23:54:59.662732 140285881828544 workload.py:152] Translating evaluation dataset.
I0916 23:56:28.579743 140285881828544 spec.py:346] Evaluating on the validation split.
I0916 23:56:30.760530 140285881828544 workload.py:152] Translating evaluation dataset.
I0916 23:57:31.982276 140285881828544 spec.py:363] Evaluating on the test split.
I0916 23:57:34.165770 140285881828544 workload.py:152] Translating evaluation dataset.
I0916 23:58:27.417197 140285881828544 submission_runner.py:516] Time since start: 32189.50s, 	Step: 150557, 	{'train/accuracy': 0.7118764139948354, 'train/loss': 1.2636284464338765, 'train/bleu': 36.85572995214668, 'validation/accuracy': 0.6913739445264163, 'validation/loss': 1.3958163491463218, 'validation/bleu': 30.45687353008207, 'validation/num_examples': 3000, 'test/accuracy': 0.7088606123990471, 'test/loss': 1.289014202399628, 'test/bleu': 30.537840963292496, 'test/num_examples': 3003, 'score': 23190.091015338898, 'total_duration': 32189.50274205208, 'accumulated_submission_time': 23190.091015338898, 'accumulated_eval_time': 8909.949897766113, 'accumulated_logging_time': 1.6021971702575684}
I0916 23:58:27.449890 140257425078016 logging_writer.py:48] [150557] accumulated_eval_time=8909.95, accumulated_logging_time=1.6022, accumulated_submission_time=23190.1, global_step=150557, preemption_count=0, score=23190.1, test/accuracy=0.708861, test/bleu=30.5378, test/loss=1.28901, test/num_examples=3003, total_duration=32189.5, train/accuracy=0.711876, train/bleu=36.8557, train/loss=1.26363, validation/accuracy=0.691374, validation/bleu=30.4569, validation/loss=1.39582, validation/num_examples=3000
I0916 23:59:36.075833 140257433470720 logging_writer.py:48] [151000] global_step=151000, grad_norm=0.336074, loss=1.47961
I0916 23:59:36.078876 140285881828544 submission.py:307] 151000) loss = 1.480, grad_norm = 0.336
I0917 00:00:52.825207 140257425078016 logging_writer.py:48] [151500] global_step=151500, grad_norm=0.36435, loss=1.51932
I0917 00:00:52.828202 140285881828544 submission.py:307] 151500) loss = 1.519, grad_norm = 0.364
I0917 00:02:09.632259 140257433470720 logging_writer.py:48] [152000] global_step=152000, grad_norm=0.349642, loss=1.45688
I0917 00:02:09.635239 140285881828544 submission.py:307] 152000) loss = 1.457, grad_norm = 0.350
I0917 00:03:26.478581 140257425078016 logging_writer.py:48] [152500] global_step=152500, grad_norm=0.367414, loss=1.44183
I0917 00:03:26.481750 140285881828544 submission.py:307] 152500) loss = 1.442, grad_norm = 0.367
I0917 00:04:43.341197 140257433470720 logging_writer.py:48] [153000] global_step=153000, grad_norm=0.344055, loss=1.41016
I0917 00:04:43.344130 140285881828544 submission.py:307] 153000) loss = 1.410, grad_norm = 0.344
I0917 00:06:00.163351 140257425078016 logging_writer.py:48] [153500] global_step=153500, grad_norm=0.350645, loss=1.41471
I0917 00:06:00.166305 140285881828544 submission.py:307] 153500) loss = 1.415, grad_norm = 0.351
I0917 00:07:16.993511 140257433470720 logging_writer.py:48] [154000] global_step=154000, grad_norm=0.352982, loss=1.43793
I0917 00:07:16.996573 140285881828544 submission.py:307] 154000) loss = 1.438, grad_norm = 0.353
I0917 00:08:33.895292 140257425078016 logging_writer.py:48] [154500] global_step=154500, grad_norm=0.359655, loss=1.4882
I0917 00:08:33.898574 140285881828544 submission.py:307] 154500) loss = 1.488, grad_norm = 0.360
I0917 00:09:12.114950 140285881828544 spec.py:333] Evaluating on the training split.
I0917 00:09:14.313537 140285881828544 workload.py:152] Translating evaluation dataset.
I0917 00:10:39.624841 140285881828544 spec.py:346] Evaluating on the validation split.
I0917 00:10:41.803610 140285881828544 workload.py:152] Translating evaluation dataset.
I0917 00:11:49.176789 140285881828544 spec.py:363] Evaluating on the test split.
I0917 00:11:51.357950 140285881828544 workload.py:152] Translating evaluation dataset.
I0917 00:12:52.029750 140285881828544 submission_runner.py:516] Time since start: 33054.12s, 	Step: 154746, 	{'train/accuracy': 0.7008275420629115, 'train/loss': 1.330113397694541, 'train/bleu': 35.98773863758199, 'validation/accuracy': 0.6904688100581517, 'validation/loss': 1.3992569062999838, 'validation/bleu': 30.408232851549812, 'validation/num_examples': 3000, 'test/accuracy': 0.7078844924757423, 'test/loss': 1.291251053105572, 'test/bleu': 30.342683619124177, 'test/num_examples': 3003, 'score': 23832.328326940536, 'total_duration': 33054.1152844429, 'accumulated_submission_time': 23832.328326940536, 'accumulated_eval_time': 9129.864770650864, 'accumulated_logging_time': 1.6439316272735596}
I0917 00:12:52.062655 140257433470720 logging_writer.py:48] [154746] accumulated_eval_time=9129.86, accumulated_logging_time=1.64393, accumulated_submission_time=23832.3, global_step=154746, preemption_count=0, score=23832.3, test/accuracy=0.707884, test/bleu=30.3427, test/loss=1.29125, test/num_examples=3003, total_duration=33054.1, train/accuracy=0.700828, train/bleu=35.9877, train/loss=1.33011, validation/accuracy=0.690469, validation/bleu=30.4082, validation/loss=1.39926, validation/num_examples=3000
I0917 00:13:31.731937 140257425078016 logging_writer.py:48] [155000] global_step=155000, grad_norm=0.340731, loss=1.46558
I0917 00:13:31.734914 140285881828544 submission.py:307] 155000) loss = 1.466, grad_norm = 0.341
I0917 00:14:48.411120 140257433470720 logging_writer.py:48] [155500] global_step=155500, grad_norm=0.374022, loss=1.46311
I0917 00:14:48.414372 140285881828544 submission.py:307] 155500) loss = 1.463, grad_norm = 0.374
I0917 00:16:05.208415 140257425078016 logging_writer.py:48] [156000] global_step=156000, grad_norm=0.402319, loss=1.4455
I0917 00:16:05.211482 140285881828544 submission.py:307] 156000) loss = 1.445, grad_norm = 0.402
I0917 00:17:22.043180 140257433470720 logging_writer.py:48] [156500] global_step=156500, grad_norm=0.382112, loss=1.43645
I0917 00:17:22.046183 140285881828544 submission.py:307] 156500) loss = 1.436, grad_norm = 0.382
I0917 00:18:38.891062 140257425078016 logging_writer.py:48] [157000] global_step=157000, grad_norm=0.384721, loss=1.44483
I0917 00:18:38.894198 140285881828544 submission.py:307] 157000) loss = 1.445, grad_norm = 0.385
I0917 00:19:55.699945 140257433470720 logging_writer.py:48] [157500] global_step=157500, grad_norm=0.351545, loss=1.45168
I0917 00:19:55.703133 140285881828544 submission.py:307] 157500) loss = 1.452, grad_norm = 0.352
I0917 00:21:12.542179 140257425078016 logging_writer.py:48] [158000] global_step=158000, grad_norm=0.357646, loss=1.50697
I0917 00:21:12.545220 140285881828544 submission.py:307] 158000) loss = 1.507, grad_norm = 0.358
I0917 00:22:29.346220 140257433470720 logging_writer.py:48] [158500] global_step=158500, grad_norm=0.3798, loss=1.39659
I0917 00:22:29.349171 140285881828544 submission.py:307] 158500) loss = 1.397, grad_norm = 0.380
I0917 00:23:36.188037 140257425078016 logging_writer.py:48] [158936] global_step=158936, preemption_count=0, score=24474.6
I0917 00:23:36.205723 140285881828544 submission_runner.py:857] Final wmt score: 24474.575791597366
