torchrun --redirects 1:0,2:0,3:0 --standalone --nnodes=1 --nproc_per_node=4 submission_runner.py --framework=pytorch --workload=imagenet_vit --submission_path=submissions_algorithms/submissions/self_tuning/ademamix_golden/submission.py --data_dir=/data/imagenet/pytorch --experiment_dir=/experiment_runs --experiment_name=submissions_a100/ademamix_golden/study_1 --overwrite=True --save_checkpoints=False --rng_seed=1612614542 --imagenet_v2_data_dir=/data/imagenet/pytorch --torch_compile=true --tuning_ruleset=self 2>&1 | tee -a /logs/imagenet_vit_pytorch_09-13-2026-17-32-42.log
W0913 17:32:44.203000 9 site-packages/torch/distributed/run.py:803] 
W0913 17:32:44.203000 9 site-packages/torch/distributed/run.py:803] *****************************************
W0913 17:32:44.203000 9 site-packages/torch/distributed/run.py:803] Setting OMP_NUM_THREADS environment variable for each process to be 1 in default, to avoid your system being overloaded, please further tune the variable for optimal performance in your application as needed. 
W0913 17:32:44.203000 9 site-packages/torch/distributed/run.py:803] *****************************************
2026-09-13 17:32:45.752320: E external/local_xla/xla/stream_executor/cuda/cuda_fft.cc:467] Unable to register cuFFT factory: Attempting to register factory for plugin cuFFT when one has already been registered
2026-09-13 17:32:45.752320: E external/local_xla/xla/stream_executor/cuda/cuda_fft.cc:467] Unable to register cuFFT factory: Attempting to register factory for plugin cuFFT when one has already been registered
2026-09-13 17:32:45.752320: E external/local_xla/xla/stream_executor/cuda/cuda_fft.cc:467] Unable to register cuFFT factory: Attempting to register factory for plugin cuFFT when one has already been registered
2026-09-13 17:32:45.752320: E external/local_xla/xla/stream_executor/cuda/cuda_fft.cc:467] Unable to register cuFFT factory: Attempting to register factory for plugin cuFFT when one has already been registered
WARNING: All log messages before absl::InitializeLog() is called are written to STDERR
WARNING: All log messages before absl::InitializeLog() is called are written to STDERR
E0000 00:00:1789320765.775946      40 cuda_dnn.cc:8579] Unable to register cuDNN factory: Attempting to register factory for plugin cuDNN when one has already been registered
E0000 00:00:1789320765.775922      38 cuda_dnn.cc:8579] Unable to register cuDNN factory: Attempting to register factory for plugin cuDNN when one has already been registered
WARNING: All log messages before absl::InitializeLog() is called are written to STDERR
E0000 00:00:1789320765.775961      41 cuda_dnn.cc:8579] Unable to register cuDNN factory: Attempting to register factory for plugin cuDNN when one has already been registered
WARNING: All log messages before absl::InitializeLog() is called are written to STDERR
E0000 00:00:1789320765.775921      39 cuda_dnn.cc:8579] Unable to register cuDNN factory: Attempting to register factory for plugin cuDNN when one has already been registered
E0000 00:00:1789320765.783617      39 cuda_blas.cc:1407] Unable to register cuBLAS factory: Attempting to register factory for plugin cuBLAS when one has already been registered
E0000 00:00:1789320765.783616      41 cuda_blas.cc:1407] Unable to register cuBLAS factory: Attempting to register factory for plugin cuBLAS when one has already been registered
E0000 00:00:1789320765.783616      38 cuda_blas.cc:1407] Unable to register cuBLAS factory: Attempting to register factory for plugin cuBLAS when one has already been registered
E0000 00:00:1789320765.783617      40 cuda_blas.cc:1407] Unable to register cuBLAS factory: Attempting to register factory for plugin cuBLAS when one has already been registered
W0000 00:00:1789320765.807591      39 computation_placer.cc:177] computation placer already registered. Please check linkage and avoid linking the same target more than once.
W0000 00:00:1789320765.807591      41 computation_placer.cc:177] computation placer already registered. Please check linkage and avoid linking the same target more than once.
W0000 00:00:1789320765.807594      38 computation_placer.cc:177] computation placer already registered. Please check linkage and avoid linking the same target more than once.
W0000 00:00:1789320765.807593      40 computation_placer.cc:177] computation placer already registered. Please check linkage and avoid linking the same target more than once.
W0000 00:00:1789320765.807619      41 computation_placer.cc:177] computation placer already registered. Please check linkage and avoid linking the same target more than once.
W0000 00:00:1789320765.807620      38 computation_placer.cc:177] computation placer already registered. Please check linkage and avoid linking the same target more than once.
W0000 00:00:1789320765.807621      40 computation_placer.cc:177] computation placer already registered. Please check linkage and avoid linking the same target more than once.
W0000 00:00:1789320765.807622      41 computation_placer.cc:177] computation placer already registered. Please check linkage and avoid linking the same target more than once.
W0000 00:00:1789320765.807622      38 computation_placer.cc:177] computation placer already registered. Please check linkage and avoid linking the same target more than once.
W0000 00:00:1789320765.807623      40 computation_placer.cc:177] computation placer already registered. Please check linkage and avoid linking the same target more than once.
W0000 00:00:1789320765.807624      41 computation_placer.cc:177] computation placer already registered. Please check linkage and avoid linking the same target more than once.
W0000 00:00:1789320765.807625      38 computation_placer.cc:177] computation placer already registered. Please check linkage and avoid linking the same target more than once.
W0000 00:00:1789320765.807624      39 computation_placer.cc:177] computation placer already registered. Please check linkage and avoid linking the same target more than once.
W0000 00:00:1789320765.807625      40 computation_placer.cc:177] computation placer already registered. Please check linkage and avoid linking the same target more than once.
W0000 00:00:1789320765.807627      39 computation_placer.cc:177] computation placer already registered. Please check linkage and avoid linking the same target more than once.
W0000 00:00:1789320765.807629      39 computation_placer.cc:177] computation placer already registered. Please check linkage and avoid linking the same target more than once.
W0000 00:00:1789320771.504566      41 gpu_device.cc:2341] Cannot dlopen some GPU libraries. Please make sure the missing libraries mentioned above are installed properly if you would like to use GPU. Follow the guide at https://www.tensorflow.org/install/gpu for how to download and setup the required libraries for your platform.
Skipping registering GPU devices...
W0000 00:00:1789320771.596808      39 gpu_device.cc:2341] Cannot dlopen some GPU libraries. Please make sure the missing libraries mentioned above are installed properly if you would like to use GPU. Follow the guide at https://www.tensorflow.org/install/gpu for how to download and setup the required libraries for your platform.
Skipping registering GPU devices...
W0000 00:00:1789320771.689184      40 gpu_device.cc:2341] Cannot dlopen some GPU libraries. Please make sure the missing libraries mentioned above are installed properly if you would like to use GPU. Follow the guide at https://www.tensorflow.org/install/gpu for how to download and setup the required libraries for your platform.
Skipping registering GPU devices...
W0000 00:00:1789320771.791394      38 gpu_device.cc:2341] Cannot dlopen some GPU libraries. Please make sure the missing libraries mentioned above are installed properly if you would like to use GPU. Follow the guide at https://www.tensorflow.org/install/gpu for how to download and setup the required libraries for your platform.
Skipping registering GPU devices...
/usr/local/lib/python3.11/site-packages/torch/__init__.py:1617: UserWarning: Please use the new API settings to control TF32 behavior, such as torch.backends.cudnn.conv.fp32_precision = 'tf32' or torch.backends.cuda.matmul.fp32_precision = 'ieee'. Old settings, e.g, torch.backends.cuda.matmul.allow_tf32 = True, torch.backends.cudnn.allow_tf32 = True, allowTF32CuDNN() and allowTF32CuBLAS() will be deprecated after Pytorch 2.9. Please see https://pytorch.org/docs/main/notes/cuda.html#tensorfloat-32-tf32-on-ampere-and-later-devices (Triggered internally at /pytorch/aten/src/ATen/Context.cpp:80.)
  _C._set_float32_matmul_precision(precision)
/usr/local/lib/python3.11/site-packages/torch/__init__.py:1617: UserWarning: Please use the new API settings to control TF32 behavior, such as torch.backends.cudnn.conv.fp32_precision = 'tf32' or torch.backends.cuda.matmul.fp32_precision = 'ieee'. Old settings, e.g, torch.backends.cuda.matmul.allow_tf32 = True, torch.backends.cudnn.allow_tf32 = True, allowTF32CuDNN() and allowTF32CuBLAS() will be deprecated after Pytorch 2.9. Please see https://pytorch.org/docs/main/notes/cuda.html#tensorfloat-32-tf32-on-ampere-and-later-devices (Triggered internally at /pytorch/aten/src/ATen/Context.cpp:80.)
  _C._set_float32_matmul_precision(precision)
/usr/local/lib/python3.11/site-packages/torch/__init__.py:1617: UserWarning: Please use the new API settings to control TF32 behavior, such as torch.backends.cudnn.conv.fp32_precision = 'tf32' or torch.backends.cuda.matmul.fp32_precision = 'ieee'. Old settings, e.g, torch.backends.cuda.matmul.allow_tf32 = True, torch.backends.cudnn.allow_tf32 = True, allowTF32CuDNN() and allowTF32CuBLAS() will be deprecated after Pytorch 2.9. Please see https://pytorch.org/docs/main/notes/cuda.html#tensorfloat-32-tf32-on-ampere-and-later-devices (Triggered internally at /pytorch/aten/src/ATen/Context.cpp:80.)
  _C._set_float32_matmul_precision(precision)
/usr/local/lib/python3.11/site-packages/torch/__init__.py:1617: UserWarning: Please use the new API settings to control TF32 behavior, such as torch.backends.cudnn.conv.fp32_precision = 'tf32' or torch.backends.cuda.matmul.fp32_precision = 'ieee'. Old settings, e.g, torch.backends.cuda.matmul.allow_tf32 = True, torch.backends.cudnn.allow_tf32 = True, allowTF32CuDNN() and allowTF32CuBLAS() will be deprecated after Pytorch 2.9. Please see https://pytorch.org/docs/main/notes/cuda.html#tensorfloat-32-tf32-on-ampere-and-later-devices (Triggered internally at /pytorch/aten/src/ATen/Context.cpp:80.)
  _C._set_float32_matmul_precision(precision)
/usr/local/lib/python3.11/site-packages/pydantic/_internal/_generate_schema.py:2249: UnsupportedFieldAttributeWarning: The 'repr' attribute with value False was provided to the `Field()` function, which has no effect in the context it was used. 'repr' is field-specific metadata, and can only be attached to a model field using `Annotated` metadata or by assignment. This may have happened because an `Annotated` type alias using the `type` statement was used, or if the `Field()` function was attached to a single member of a union type.
  warnings.warn(
/usr/local/lib/python3.11/site-packages/pydantic/_internal/_generate_schema.py:2249: UnsupportedFieldAttributeWarning: The 'frozen' attribute with value True was provided to the `Field()` function, which has no effect in the context it was used. 'frozen' is field-specific metadata, and can only be attached to a model field using `Annotated` metadata or by assignment. This may have happened because an `Annotated` type alias using the `type` statement was used, or if the `Field()` function was attached to a single member of a union type.
  warnings.warn(
/usr/local/lib/python3.11/site-packages/pydantic/_internal/_generate_schema.py:2249: UnsupportedFieldAttributeWarning: The 'repr' attribute with value False was provided to the `Field()` function, which has no effect in the context it was used. 'repr' is field-specific metadata, and can only be attached to a model field using `Annotated` metadata or by assignment. This may have happened because an `Annotated` type alias using the `type` statement was used, or if the `Field()` function was attached to a single member of a union type.
  warnings.warn(
/usr/local/lib/python3.11/site-packages/pydantic/_internal/_generate_schema.py:2249: UnsupportedFieldAttributeWarning: The 'frozen' attribute with value True was provided to the `Field()` function, which has no effect in the context it was used. 'frozen' is field-specific metadata, and can only be attached to a model field using `Annotated` metadata or by assignment. This may have happened because an `Annotated` type alias using the `type` statement was used, or if the `Field()` function was attached to a single member of a union type.
  warnings.warn(
/usr/local/lib/python3.11/site-packages/pydantic/_internal/_generate_schema.py:2249: UnsupportedFieldAttributeWarning: The 'repr' attribute with value False was provided to the `Field()` function, which has no effect in the context it was used. 'repr' is field-specific metadata, and can only be attached to a model field using `Annotated` metadata or by assignment. This may have happened because an `Annotated` type alias using the `type` statement was used, or if the `Field()` function was attached to a single member of a union type.
  warnings.warn(
/usr/local/lib/python3.11/site-packages/pydantic/_internal/_generate_schema.py:2249: UnsupportedFieldAttributeWarning: The 'frozen' attribute with value True was provided to the `Field()` function, which has no effect in the context it was used. 'frozen' is field-specific metadata, and can only be attached to a model field using `Annotated` metadata or by assignment. This may have happened because an `Annotated` type alias using the `type` statement was used, or if the `Field()` function was attached to a single member of a union type.
  warnings.warn(
/usr/local/lib/python3.11/site-packages/pydantic/_internal/_generate_schema.py:2249: UnsupportedFieldAttributeWarning: The 'repr' attribute with value False was provided to the `Field()` function, which has no effect in the context it was used. 'repr' is field-specific metadata, and can only be attached to a model field using `Annotated` metadata or by assignment. This may have happened because an `Annotated` type alias using the `type` statement was used, or if the `Field()` function was attached to a single member of a union type.
  warnings.warn(
/usr/local/lib/python3.11/site-packages/pydantic/_internal/_generate_schema.py:2249: UnsupportedFieldAttributeWarning: The 'frozen' attribute with value True was provided to the `Field()` function, which has no effect in the context it was used. 'frozen' is field-specific metadata, and can only be attached to a model field using `Annotated` metadata or by assignment. This may have happened because an `Annotated` type alias using the `type` statement was used, or if the `Field()` function was attached to a single member of a union type.
  warnings.warn(
/usr/local/lib/python3.11/site-packages/torch/distributed/distributed_c10d.py:4876: UserWarning: barrier(): using the device under current context. You can specify `device_id` in `init_process_group` to mute this warning.
  warnings.warn(  # warn only once
[rank0]:[W913 17:32:56.507268257 ProcessGroupNCCL.cpp:5068] Guessing device ID based on global rank. This can cause a hang if rank to GPU mapping is heterogeneous. You can specify device_id in init_process_group()
I0913 17:32:57.519462 139667382396096 logger_utils.py:84] Creating experiment directory at /experiment_runs/submissions_a100/ademamix_golden/study_1/imagenet_vit_pytorch.
I0913 17:32:57.519467 140507706811584 logger_utils.py:84] Creating experiment directory at /experiment_runs/submissions_a100/ademamix_golden/study_1/imagenet_vit_pytorch.
I0913 17:32:57.519462 140560219378880 logger_utils.py:84] Creating experiment directory at /experiment_runs/submissions_a100/ademamix_golden/study_1/imagenet_vit_pytorch.
I0913 17:32:57.519504 140384943371456 logger_utils.py:84] Creating experiment directory at /experiment_runs/submissions_a100/ademamix_golden/study_1/imagenet_vit_pytorch.
I0913 17:32:57.542615 140507706811584 submission_runner.py:741] Creating directory at /experiment_runs/submissions_a100/ademamix_golden/study_1/imagenet_vit_pytorch/trial_1.
I0913 17:32:57.874481 140507706811584 submission_runner.py:242] Initializing dataset.
I0913 17:33:16.286662 140507706811584 submission_runner.py:251] Initializing model.
I0913 17:33:16.659709 140507706811584 submission_runner.py:290] Performing `torch.compile`.
I0913 17:33:17.722879 140507706811584 submission_runner.py:294] Initializing optimizer.
I0913 17:33:17.723803 140507706811584 submission_runner.py:299] Initializing metrics bundle.
I0913 17:33:17.723958 140507706811584 submission_runner.py:321] Initializing checkpoint and logger.
I0913 17:33:17.726554 140507706811584 submission_runner.py:344] Saving meta data to /experiment_runs/submissions_a100/ademamix_golden/study_1/imagenet_vit_pytorch/trial_1/meta_data_0.json.
I0913 17:33:17.981116 140507706811584 submission_runner.py:348] Saving flags to /experiment_runs/submissions_a100/ademamix_golden/study_1/imagenet_vit_pytorch/trial_1/flags_0.json.
I0913 17:33:18.021770 140507706811584 submission_runner.py:359] Starting training loop.
/usr/local/lib/python3.11/multiprocessing/popen_fork.py:66: RuntimeWarning: os.fork() was called. os.fork() is incompatible with multithreaded code, and JAX is multithreaded, so this will likely lead to a deadlock.
  self.pid = os.fork()
/usr/local/lib/python3.11/multiprocessing/popen_fork.py:66: RuntimeWarning: os.fork() was called. os.fork() is incompatible with multithreaded code, and JAX is multithreaded, so this will likely lead to a deadlock.
  self.pid = os.fork()
/usr/local/lib/python3.11/multiprocessing/popen_fork.py:66: RuntimeWarning: os.fork() was called. os.fork() is incompatible with multithreaded code, and JAX is multithreaded, so this will likely lead to a deadlock.
  self.pid = os.fork()
/usr/local/lib/python3.11/multiprocessing/popen_fork.py:66: RuntimeWarning: os.fork() was called. os.fork() is incompatible with multithreaded code, and JAX is multithreaded, so this will likely lead to a deadlock.
  self.pid = os.fork()
[rank1]:W0913 17:33:30.378000 39 site-packages/torch/_logging/_internal.py:1199] [0/0] Profiler function <class 'torch.autograd.profiler.record_function'> will be ignored
[rank0]:W0913 17:33:37.289000 38 site-packages/torch/_logging/_internal.py:1199] [0/0] Profiler function <class 'torch.autograd.profiler.record_function'> will be ignored
[rank3]:W0913 17:33:39.151000 41 site-packages/torch/_logging/_internal.py:1199] [0/0] Profiler function <class 'torch.autograd.profiler.record_function'> will be ignored
[rank2]:W0913 17:33:39.498000 40 site-packages/torch/_logging/_internal.py:1199] [0/0] Profiler function <class 'torch.autograd.profiler.record_function'> will be ignored
I0913 17:34:53.777874 140488489289472 logging_writer.py:48] [0] global_step=0, grad_norm=0.366094, loss=6.90776
I0913 17:34:53.821201 140507706811584 submission.py:307] 0) loss = 6.908, grad_norm = 0.366
I0913 17:34:54.415928 140507706811584 spec.py:333] Evaluating on the training split.
/usr/local/lib/python3.11/site-packages/torch/distributed/distributed_c10d.py:4876: UserWarning: barrier(): using the device under current context. You can specify `device_id` in `init_process_group` to mute this warning.
  warnings.warn(  # warn only once
/usr/local/lib/python3.11/multiprocessing/popen_fork.py:66: RuntimeWarning: os.fork() was called. os.fork() is incompatible with multithreaded code, and JAX is multithreaded, so this will likely lead to a deadlock.
  self.pid = os.fork()
/usr/local/lib/python3.11/multiprocessing/popen_fork.py:66: RuntimeWarning: os.fork() was called. os.fork() is incompatible with multithreaded code, and JAX is multithreaded, so this will likely lead to a deadlock.
  self.pid = os.fork()
/usr/local/lib/python3.11/multiprocessing/popen_fork.py:66: RuntimeWarning: os.fork() was called. os.fork() is incompatible with multithreaded code, and JAX is multithreaded, so this will likely lead to a deadlock.
  self.pid = os.fork()
/usr/local/lib/python3.11/multiprocessing/popen_fork.py:66: RuntimeWarning: os.fork() was called. os.fork() is incompatible with multithreaded code, and JAX is multithreaded, so this will likely lead to a deadlock.
  self.pid = os.fork()
I0913 17:36:17.812426 140507706811584 spec.py:346] Evaluating on the validation split.
/usr/local/lib/python3.11/site-packages/torch/distributed/distributed_c10d.py:4876: UserWarning: barrier(): using the device under current context. You can specify `device_id` in `init_process_group` to mute this warning.
  warnings.warn(  # warn only once
/usr/local/lib/python3.11/multiprocessing/popen_fork.py:66: RuntimeWarning: os.fork() was called. os.fork() is incompatible with multithreaded code, and JAX is multithreaded, so this will likely lead to a deadlock.
  self.pid = os.fork()
/usr/local/lib/python3.11/multiprocessing/popen_fork.py:66: RuntimeWarning: os.fork() was called. os.fork() is incompatible with multithreaded code, and JAX is multithreaded, so this will likely lead to a deadlock.
  self.pid = os.fork()
/usr/local/lib/python3.11/multiprocessing/popen_fork.py:66: RuntimeWarning: os.fork() was called. os.fork() is incompatible with multithreaded code, and JAX is multithreaded, so this will likely lead to a deadlock.
  self.pid = os.fork()
/usr/local/lib/python3.11/multiprocessing/popen_fork.py:66: RuntimeWarning: os.fork() was called. os.fork() is incompatible with multithreaded code, and JAX is multithreaded, so this will likely lead to a deadlock.
  self.pid = os.fork()
I0913 17:37:26.016071 140507706811584 spec.py:363] Evaluating on the test split.
I0913 17:37:26.336865 140507706811584 dataset_info.py:707] Load dataset info from /data/imagenet/pytorch/imagenet_v2/matched-frequency/3.0.0
I0913 17:37:26.357086 140507706811584 reader.py:262] Creating a tf.data.Dataset reading 16 files located in folders: /data/imagenet/pytorch/imagenet_v2/matched-frequency/3.0.0.
I0913 17:37:26.467871 140507706811584 logging_logger.py:49] Constructing tf.data.Dataset imagenet_v2 for split test, from /data/imagenet/pytorch/imagenet_v2/matched-frequency/3.0.0
I0913 17:44:02.784277 140507706811584 submission_runner.py:516] Time since start: 644.76s, 	Step: 1, 	{'train/accuracy': 0.0023046875, 'train/loss': 6.90775634765625, 'validation/accuracy': 0.00192, 'validation/loss': 6.90775625, 'validation/num_examples': 50000, 'test/accuracy': 0.0019, 'test/loss': 6.90775546875, 'test/num_examples': 10000, 'score': 95.80058550834656, 'total_duration': 644.7618706226349, 'accumulated_submission_time': 95.80058550834656, 'accumulated_eval_time': 548.3675837516785, 'accumulated_logging_time': 0}
I0913 17:44:02.819183 140452846106368 logging_writer.py:48] [1] accumulated_eval_time=548.368, accumulated_logging_time=0, accumulated_submission_time=95.8006, global_step=1, preemption_count=0, score=95.8006, test/accuracy=0.0019, test/loss=6.90776, test/num_examples=10000, total_duration=644.762, train/accuracy=0.00230469, train/loss=6.90776, validation/accuracy=0.00192, validation/loss=6.90776, validation/num_examples=50000
I0913 17:44:04.134599 140452837713664 logging_writer.py:48] [1] global_step=1, grad_norm=0.362709, loss=6.90776
I0913 17:44:04.137554 140507706811584 submission.py:307] 1) loss = 6.908, grad_norm = 0.363
I0913 17:44:04.377089 140452846106368 logging_writer.py:48] [2] global_step=2, grad_norm=0.361491, loss=6.90775
I0913 17:44:04.381827 140507706811584 submission.py:307] 2) loss = 6.908, grad_norm = 0.361
I0913 17:44:04.624587 140452837713664 logging_writer.py:48] [3] global_step=3, grad_norm=0.368323, loss=6.90775
I0913 17:44:04.629356 140507706811584 submission.py:307] 3) loss = 6.908, grad_norm = 0.368
I0913 17:44:04.859891 140452846106368 logging_writer.py:48] [4] global_step=4, grad_norm=0.365549, loss=6.90775
I0913 17:44:04.864735 140507706811584 submission.py:307] 4) loss = 6.908, grad_norm = 0.366
I0913 17:44:05.120210 140452837713664 logging_writer.py:48] [5] global_step=5, grad_norm=0.368308, loss=6.90775
I0913 17:44:05.124001 140507706811584 submission.py:307] 5) loss = 6.908, grad_norm = 0.368
I0913 17:44:05.347893 140452846106368 logging_writer.py:48] [6] global_step=6, grad_norm=0.370455, loss=6.90775
I0913 17:44:05.353224 140507706811584 submission.py:307] 6) loss = 6.908, grad_norm = 0.370
I0913 17:44:05.609487 140452837713664 logging_writer.py:48] [7] global_step=7, grad_norm=0.375421, loss=6.90775
I0913 17:44:05.612707 140507706811584 submission.py:307] 7) loss = 6.908, grad_norm = 0.375
I0913 17:44:05.832950 140452846106368 logging_writer.py:48] [8] global_step=8, grad_norm=0.364655, loss=6.90775
I0913 17:44:05.841862 140507706811584 submission.py:307] 8) loss = 6.908, grad_norm = 0.365
I0913 17:44:06.124198 140452837713664 logging_writer.py:48] [9] global_step=9, grad_norm=0.370484, loss=6.90775
I0913 17:44:06.139661 140507706811584 submission.py:307] 9) loss = 6.908, grad_norm = 0.370
I0913 17:44:06.412063 140452846106368 logging_writer.py:48] [10] global_step=10, grad_norm=0.374877, loss=6.90773
I0913 17:44:06.416011 140507706811584 submission.py:307] 10) loss = 6.908, grad_norm = 0.375
I0913 17:44:06.664301 140452837713664 logging_writer.py:48] [11] global_step=11, grad_norm=0.37034, loss=6.90773
I0913 17:44:06.668539 140507706811584 submission.py:307] 11) loss = 6.908, grad_norm = 0.370
I0913 17:44:06.973272 140452846106368 logging_writer.py:48] [12] global_step=12, grad_norm=0.353503, loss=6.90775
I0913 17:44:07.005450 140507706811584 submission.py:307] 12) loss = 6.908, grad_norm = 0.354
I0913 17:44:07.349489 140452837713664 logging_writer.py:48] [13] global_step=13, grad_norm=0.35578, loss=6.90773
I0913 17:44:07.370834 140507706811584 submission.py:307] 13) loss = 6.908, grad_norm = 0.356
I0913 17:44:07.685078 140452846106368 logging_writer.py:48] [14] global_step=14, grad_norm=0.360333, loss=6.90774
I0913 17:44:07.693747 140507706811584 submission.py:307] 14) loss = 6.908, grad_norm = 0.360
I0913 17:44:08.081029 140452837713664 logging_writer.py:48] [15] global_step=15, grad_norm=0.358725, loss=6.90773
I0913 17:44:08.094138 140507706811584 submission.py:307] 15) loss = 6.908, grad_norm = 0.359
I0913 17:44:08.681700 140452846106368 logging_writer.py:48] [16] global_step=16, grad_norm=0.349947, loss=6.90774
I0913 17:44:08.718491 140507706811584 submission.py:307] 16) loss = 6.908, grad_norm = 0.350
I0913 17:44:09.045643 140452837713664 logging_writer.py:48] [17] global_step=17, grad_norm=0.352708, loss=6.90771
I0913 17:44:09.063006 140507706811584 submission.py:307] 17) loss = 6.908, grad_norm = 0.353
I0913 17:44:09.536669 140452846106368 logging_writer.py:48] [18] global_step=18, grad_norm=0.361763, loss=6.90774
I0913 17:44:09.550876 140507706811584 submission.py:307] 18) loss = 6.908, grad_norm = 0.362
I0913 17:44:09.943442 140452837713664 logging_writer.py:48] [19] global_step=19, grad_norm=0.367643, loss=6.90771
I0913 17:44:09.946783 140507706811584 submission.py:307] 19) loss = 6.908, grad_norm = 0.368
I0913 17:44:10.184718 140452846106368 logging_writer.py:48] [20] global_step=20, grad_norm=0.374705, loss=6.90769
I0913 17:44:10.187698 140507706811584 submission.py:307] 20) loss = 6.908, grad_norm = 0.375
I0913 17:44:10.565681 140452837713664 logging_writer.py:48] [21] global_step=21, grad_norm=0.368225, loss=6.90766
I0913 17:44:10.668308 140507706811584 submission.py:307] 21) loss = 6.908, grad_norm = 0.368
I0913 17:44:11.114371 140452846106368 logging_writer.py:48] [22] global_step=22, grad_norm=0.375891, loss=6.90767
I0913 17:44:11.163539 140507706811584 submission.py:307] 22) loss = 6.908, grad_norm = 0.376
I0913 17:44:11.540042 140452837713664 logging_writer.py:48] [23] global_step=23, grad_norm=0.368491, loss=6.90765
I0913 17:44:11.575742 140507706811584 submission.py:307] 23) loss = 6.908, grad_norm = 0.368
I0913 17:44:11.963864 140452846106368 logging_writer.py:48] [24] global_step=24, grad_norm=0.374033, loss=6.90764
I0913 17:44:11.968832 140507706811584 submission.py:307] 24) loss = 6.908, grad_norm = 0.374
I0913 17:44:12.215263 140452837713664 logging_writer.py:48] [25] global_step=25, grad_norm=0.367103, loss=6.90759
I0913 17:44:12.220545 140507706811584 submission.py:307] 25) loss = 6.908, grad_norm = 0.367
I0913 17:44:12.454952 140452846106368 logging_writer.py:48] [26] global_step=26, grad_norm=0.357182, loss=6.90763
I0913 17:44:12.458772 140507706811584 submission.py:307] 26) loss = 6.908, grad_norm = 0.357
I0913 17:44:12.690603 140452837713664 logging_writer.py:48] [27] global_step=27, grad_norm=0.371009, loss=6.90764
I0913 17:44:12.694466 140507706811584 submission.py:307] 27) loss = 6.908, grad_norm = 0.371
I0913 17:44:12.977493 140452846106368 logging_writer.py:48] [28] global_step=28, grad_norm=0.37503, loss=6.90759
I0913 17:44:13.016875 140507706811584 submission.py:307] 28) loss = 6.908, grad_norm = 0.375
I0913 17:44:13.507184 140452837713664 logging_writer.py:48] [29] global_step=29, grad_norm=0.364762, loss=6.90768
I0913 17:44:13.517848 140507706811584 submission.py:307] 29) loss = 6.908, grad_norm = 0.365
I0913 17:44:14.077676 140452846106368 logging_writer.py:48] [30] global_step=30, grad_norm=0.360269, loss=6.90755
I0913 17:44:14.097771 140507706811584 submission.py:307] 30) loss = 6.908, grad_norm = 0.360
I0913 17:44:14.492542 140452837713664 logging_writer.py:48] [31] global_step=31, grad_norm=0.372131, loss=6.9076
I0913 17:44:14.496263 140507706811584 submission.py:307] 31) loss = 6.908, grad_norm = 0.372
I0913 17:44:14.733566 140452846106368 logging_writer.py:48] [32] global_step=32, grad_norm=0.36798, loss=6.90756
I0913 17:44:14.749820 140507706811584 submission.py:307] 32) loss = 6.908, grad_norm = 0.368
I0913 17:44:15.237492 140452837713664 logging_writer.py:48] [33] global_step=33, grad_norm=0.38238, loss=6.90738
I0913 17:44:15.266777 140507706811584 submission.py:307] 33) loss = 6.907, grad_norm = 0.382
I0913 17:44:15.833511 140452846106368 logging_writer.py:48] [34] global_step=34, grad_norm=0.352205, loss=6.90759
I0913 17:44:15.857507 140507706811584 submission.py:307] 34) loss = 6.908, grad_norm = 0.352
I0913 17:44:16.309959 140452837713664 logging_writer.py:48] [35] global_step=35, grad_norm=0.373655, loss=6.90741
I0913 17:44:16.314181 140507706811584 submission.py:307] 35) loss = 6.907, grad_norm = 0.374
I0913 17:44:16.547004 140452846106368 logging_writer.py:48] [36] global_step=36, grad_norm=0.377812, loss=6.90741
I0913 17:44:16.552094 140507706811584 submission.py:307] 36) loss = 6.907, grad_norm = 0.378
I0913 17:44:16.893793 140452837713664 logging_writer.py:48] [37] global_step=37, grad_norm=0.348697, loss=6.90745
I0913 17:44:16.936952 140507706811584 submission.py:307] 37) loss = 6.907, grad_norm = 0.349
I0913 17:44:17.325618 140452846106368 logging_writer.py:48] [38] global_step=38, grad_norm=0.374552, loss=6.90737
I0913 17:44:17.363870 140507706811584 submission.py:307] 38) loss = 6.907, grad_norm = 0.375
I0913 17:44:18.000277 140452837713664 logging_writer.py:48] [39] global_step=39, grad_norm=0.385815, loss=6.90736
I0913 17:44:18.084770 140507706811584 submission.py:307] 39) loss = 6.907, grad_norm = 0.386
I0913 17:44:18.423692 140452846106368 logging_writer.py:48] [40] global_step=40, grad_norm=0.353447, loss=6.90736
I0913 17:44:18.427528 140507706811584 submission.py:307] 40) loss = 6.907, grad_norm = 0.353
I0913 17:44:18.655935 140452837713664 logging_writer.py:48] [41] global_step=41, grad_norm=0.386844, loss=6.90719
I0913 17:44:18.658906 140507706811584 submission.py:307] 41) loss = 6.907, grad_norm = 0.387
I0913 17:44:18.898946 140452846106368 logging_writer.py:48] [42] global_step=42, grad_norm=0.381523, loss=6.90726
I0913 17:44:18.902685 140507706811584 submission.py:307] 42) loss = 6.907, grad_norm = 0.382
I0913 17:44:19.157806 140452837713664 logging_writer.py:48] [43] global_step=43, grad_norm=0.345086, loss=6.90727
I0913 17:44:19.186169 140507706811584 submission.py:307] 43) loss = 6.907, grad_norm = 0.345
I0913 17:44:19.779944 140452846106368 logging_writer.py:48] [44] global_step=44, grad_norm=0.384758, loss=6.90696
I0913 17:44:19.791590 140507706811584 submission.py:307] 44) loss = 6.907, grad_norm = 0.385
I0913 17:44:20.356604 140452846106368 logging_writer.py:48] [45] global_step=45, grad_norm=0.350518, loss=6.90723
I0913 17:44:20.393217 140507706811584 submission.py:307] 45) loss = 6.907, grad_norm = 0.351
I0913 17:44:20.664354 140452837713664 logging_writer.py:48] [46] global_step=46, grad_norm=0.391739, loss=6.90696
I0913 17:44:20.667399 140507706811584 submission.py:307] 46) loss = 6.907, grad_norm = 0.392
I0913 17:44:20.904763 140452846106368 logging_writer.py:48] [47] global_step=47, grad_norm=0.344412, loss=6.90716
I0913 17:44:20.907819 140507706811584 submission.py:307] 47) loss = 6.907, grad_norm = 0.344
I0913 17:44:21.164598 140452837713664 logging_writer.py:48] [48] global_step=48, grad_norm=0.399498, loss=6.90671
I0913 17:44:21.168735 140507706811584 submission.py:307] 48) loss = 6.907, grad_norm = 0.399
I0913 17:44:21.409513 140452846106368 logging_writer.py:48] [49] global_step=49, grad_norm=0.349123, loss=6.90708
I0913 17:44:21.416832 140507706811584 submission.py:307] 49) loss = 6.907, grad_norm = 0.349
I0913 17:44:22.066917 140452837713664 logging_writer.py:48] [50] global_step=50, grad_norm=0.352266, loss=6.90712
I0913 17:44:22.109349 140507706811584 submission.py:307] 50) loss = 6.907, grad_norm = 0.352
I0913 17:44:22.613513 140452846106368 logging_writer.py:48] [51] global_step=51, grad_norm=0.408271, loss=6.9064
I0913 17:44:22.630155 140507706811584 submission.py:307] 51) loss = 6.906, grad_norm = 0.408
I0913 17:44:23.117403 140452837713664 logging_writer.py:48] [52] global_step=52, grad_norm=0.391871, loss=6.90658
I0913 17:44:23.121976 140507706811584 submission.py:307] 52) loss = 6.907, grad_norm = 0.392
I0913 17:44:23.357421 140452846106368 logging_writer.py:48] [53] global_step=53, grad_norm=0.395012, loss=6.90646
I0913 17:44:23.360462 140507706811584 submission.py:307] 53) loss = 6.906, grad_norm = 0.395
I0913 17:44:23.591939 140452837713664 logging_writer.py:48] [54] global_step=54, grad_norm=0.415236, loss=6.90623
I0913 17:44:23.596113 140507706811584 submission.py:307] 54) loss = 6.906, grad_norm = 0.415
I0913 17:44:23.820769 140452846106368 logging_writer.py:48] [55] global_step=55, grad_norm=0.396556, loss=6.90623
I0913 17:44:23.824333 140507706811584 submission.py:307] 55) loss = 6.906, grad_norm = 0.397
I0913 17:44:24.105881 140452837713664 logging_writer.py:48] [56] global_step=56, grad_norm=0.414558, loss=6.90609
I0913 17:44:24.190201 140507706811584 submission.py:307] 56) loss = 6.906, grad_norm = 0.415
I0913 17:44:24.885396 140452846106368 logging_writer.py:48] [57] global_step=57, grad_norm=0.428649, loss=6.90628
I0913 17:44:24.927341 140507706811584 submission.py:307] 57) loss = 6.906, grad_norm = 0.429
I0913 17:44:25.415839 140452837713664 logging_writer.py:48] [58] global_step=58, grad_norm=0.418884, loss=6.90626
I0913 17:44:25.420171 140507706811584 submission.py:307] 58) loss = 6.906, grad_norm = 0.419
I0913 17:44:25.634916 140452846106368 logging_writer.py:48] [59] global_step=59, grad_norm=0.410458, loss=6.90564
I0913 17:44:25.638183 140507706811584 submission.py:307] 59) loss = 6.906, grad_norm = 0.410
I0913 17:44:25.920754 140452837713664 logging_writer.py:48] [60] global_step=60, grad_norm=0.430534, loss=6.90533
I0913 17:44:25.923713 140507706811584 submission.py:307] 60) loss = 6.905, grad_norm = 0.431
I0913 17:44:26.163055 140452846106368 logging_writer.py:48] [61] global_step=61, grad_norm=0.368911, loss=6.90603
I0913 17:44:26.167656 140507706811584 submission.py:307] 61) loss = 6.906, grad_norm = 0.369
I0913 17:44:26.593507 140452837713664 logging_writer.py:48] [62] global_step=62, grad_norm=0.422653, loss=6.90534
I0913 17:44:26.610764 140507706811584 submission.py:307] 62) loss = 6.905, grad_norm = 0.423
I0913 17:44:27.283428 140452846106368 logging_writer.py:48] [63] global_step=63, grad_norm=0.376899, loss=6.90598
I0913 17:44:27.330046 140507706811584 submission.py:307] 63) loss = 6.906, grad_norm = 0.377
I0913 17:44:27.771028 140452837713664 logging_writer.py:48] [64] global_step=64, grad_norm=0.401941, loss=6.90569
I0913 17:44:27.774251 140507706811584 submission.py:307] 64) loss = 6.906, grad_norm = 0.402
I0913 17:44:28.019049 140452846106368 logging_writer.py:48] [65] global_step=65, grad_norm=0.435768, loss=6.90487
I0913 17:44:28.022039 140507706811584 submission.py:307] 65) loss = 6.905, grad_norm = 0.436
I0913 17:44:28.248074 140452837713664 logging_writer.py:48] [66] global_step=66, grad_norm=0.388623, loss=6.90495
I0913 17:44:28.251782 140507706811584 submission.py:307] 66) loss = 6.905, grad_norm = 0.389
I0913 17:44:28.487314 140452846106368 logging_writer.py:48] [67] global_step=67, grad_norm=0.441107, loss=6.90476
I0913 17:44:28.491402 140507706811584 submission.py:307] 67) loss = 6.905, grad_norm = 0.441
I0913 17:44:28.920637 140452837713664 logging_writer.py:48] [68] global_step=68, grad_norm=0.451474, loss=6.90534
I0913 17:44:28.951344 140507706811584 submission.py:307] 68) loss = 6.905, grad_norm = 0.451
I0913 17:44:29.549412 140452846106368 logging_writer.py:48] [69] global_step=69, grad_norm=0.392044, loss=6.90433
I0913 17:44:29.585914 140507706811584 submission.py:307] 69) loss = 6.904, grad_norm = 0.392
I0913 17:44:30.081146 140452837713664 logging_writer.py:48] [70] global_step=70, grad_norm=0.445172, loss=6.90434
I0913 17:44:30.085824 140507706811584 submission.py:307] 70) loss = 6.904, grad_norm = 0.445
I0913 17:44:30.339871 140452846106368 logging_writer.py:48] [71] global_step=71, grad_norm=0.451645, loss=6.9044
I0913 17:44:30.342977 140507706811584 submission.py:307] 71) loss = 6.904, grad_norm = 0.452
I0913 17:44:30.563396 140452837713664 logging_writer.py:48] [72] global_step=72, grad_norm=0.44954, loss=6.90427
I0913 17:44:30.566409 140507706811584 submission.py:307] 72) loss = 6.904, grad_norm = 0.450
I0913 17:44:30.795397 140452846106368 logging_writer.py:48] [73] global_step=73, grad_norm=0.408346, loss=6.9042
I0913 17:44:30.800322 140507706811584 submission.py:307] 73) loss = 6.904, grad_norm = 0.408
I0913 17:44:31.184462 140452837713664 logging_writer.py:48] [74] global_step=74, grad_norm=0.386298, loss=6.90462
I0913 17:44:31.247664 140507706811584 submission.py:307] 74) loss = 6.905, grad_norm = 0.386
I0913 17:44:31.817857 140452846106368 logging_writer.py:48] [75] global_step=75, grad_norm=0.445807, loss=6.90287
I0913 17:44:31.837181 140507706811584 submission.py:307] 75) loss = 6.903, grad_norm = 0.446
I0913 17:44:32.477140 140452837713664 logging_writer.py:48] [76] global_step=76, grad_norm=0.417021, loss=6.90318
I0913 17:44:32.480611 140507706811584 submission.py:307] 76) loss = 6.903, grad_norm = 0.417
I0913 17:44:32.711183 140452846106368 logging_writer.py:48] [77] global_step=77, grad_norm=0.451657, loss=6.90284
I0913 17:44:32.714190 140507706811584 submission.py:307] 77) loss = 6.903, grad_norm = 0.452
I0913 17:44:32.976002 140452837713664 logging_writer.py:48] [78] global_step=78, grad_norm=0.46583, loss=6.90381
I0913 17:44:32.978985 140507706811584 submission.py:307] 78) loss = 6.904, grad_norm = 0.466
I0913 17:44:33.250414 140452846106368 logging_writer.py:48] [79] global_step=79, grad_norm=0.435857, loss=6.90331
I0913 17:44:33.258174 140507706811584 submission.py:307] 79) loss = 6.903, grad_norm = 0.436
I0913 17:44:33.830071 140452837713664 logging_writer.py:48] [80] global_step=80, grad_norm=0.478337, loss=6.90168
I0913 17:44:33.895724 140507706811584 submission.py:307] 80) loss = 6.902, grad_norm = 0.478
I0913 17:44:34.637379 140452846106368 logging_writer.py:48] [81] global_step=81, grad_norm=0.420846, loss=6.90295
I0913 17:44:34.672922 140507706811584 submission.py:307] 81) loss = 6.903, grad_norm = 0.421
I0913 17:44:34.998379 140452837713664 logging_writer.py:48] [82] global_step=82, grad_norm=0.474566, loss=6.90114
I0913 17:44:35.001483 140507706811584 submission.py:307] 82) loss = 6.901, grad_norm = 0.475
I0913 17:44:35.217116 140452846106368 logging_writer.py:48] [83] global_step=83, grad_norm=0.467234, loss=6.90087
I0913 17:44:35.220120 140507706811584 submission.py:307] 83) loss = 6.901, grad_norm = 0.467
I0913 17:44:35.463185 140452837713664 logging_writer.py:48] [84] global_step=84, grad_norm=0.413481, loss=6.90384
I0913 17:44:35.466207 140507706811584 submission.py:307] 84) loss = 6.904, grad_norm = 0.413
I0913 17:44:35.781471 140452846106368 logging_writer.py:48] [85] global_step=85, grad_norm=0.486484, loss=6.90059
I0913 17:44:35.810763 140507706811584 submission.py:307] 85) loss = 6.901, grad_norm = 0.486
I0913 17:44:36.317809 140452837713664 logging_writer.py:48] [86] global_step=86, grad_norm=0.394523, loss=6.9035
I0913 17:44:36.381934 140507706811584 submission.py:307] 86) loss = 6.903, grad_norm = 0.395
I0913 17:44:36.896728 140452846106368 logging_writer.py:48] [87] global_step=87, grad_norm=0.497957, loss=6.90067
I0913 17:44:36.926704 140507706811584 submission.py:307] 87) loss = 6.901, grad_norm = 0.498
I0913 17:44:37.233686 140452837713664 logging_writer.py:48] [88] global_step=88, grad_norm=0.414269, loss=6.9023
I0913 17:44:37.237026 140507706811584 submission.py:307] 88) loss = 6.902, grad_norm = 0.414
I0913 17:44:37.494848 140452846106368 logging_writer.py:48] [89] global_step=89, grad_norm=0.486093, loss=6.90043
I0913 17:44:37.497877 140507706811584 submission.py:307] 89) loss = 6.900, grad_norm = 0.486
I0913 17:44:37.747021 140452837713664 logging_writer.py:48] [90] global_step=90, grad_norm=0.437461, loss=6.90123
I0913 17:44:37.755734 140507706811584 submission.py:307] 90) loss = 6.901, grad_norm = 0.437
I0913 17:44:38.009491 140452846106368 logging_writer.py:48] [91] global_step=91, grad_norm=0.391668, loss=6.90228
I0913 17:44:38.039232 140507706811584 submission.py:307] 91) loss = 6.902, grad_norm = 0.392
I0913 17:44:38.405481 140452837713664 logging_writer.py:48] [92] global_step=92, grad_norm=0.495325, loss=6.8982
I0913 17:44:38.442750 140507706811584 submission.py:307] 92) loss = 6.898, grad_norm = 0.495
I0913 17:44:38.917698 140452846106368 logging_writer.py:48] [93] global_step=93, grad_norm=0.438118, loss=6.90048
I0913 17:44:38.952540 140507706811584 submission.py:307] 93) loss = 6.900, grad_norm = 0.438
I0913 17:44:39.464607 140452837713664 logging_writer.py:48] [94] global_step=94, grad_norm=0.488803, loss=6.89998
I0913 17:44:39.468547 140507706811584 submission.py:307] 94) loss = 6.900, grad_norm = 0.489
I0913 17:44:39.705710 140452846106368 logging_writer.py:48] [95] global_step=95, grad_norm=0.461871, loss=6.89803
I0913 17:44:39.708755 140507706811584 submission.py:307] 95) loss = 6.898, grad_norm = 0.462
I0913 17:44:39.973504 140452837713664 logging_writer.py:48] [96] global_step=96, grad_norm=0.413842, loss=6.9023
I0913 17:44:39.995272 140507706811584 submission.py:307] 96) loss = 6.902, grad_norm = 0.414
I0913 17:44:40.605496 140452846106368 logging_writer.py:48] [97] global_step=97, grad_norm=0.499999, loss=6.89986
I0913 17:44:40.622224 140507706811584 submission.py:307] 97) loss = 6.900, grad_norm = 0.500
I0913 17:44:41.139040 140452837713664 logging_writer.py:48] [98] global_step=98, grad_norm=0.484703, loss=6.89734
I0913 17:44:41.186374 140507706811584 submission.py:307] 98) loss = 6.897, grad_norm = 0.485
I0913 17:44:41.529788 140452846106368 logging_writer.py:48] [99] global_step=99, grad_norm=0.499999, loss=6.89657
I0913 17:44:41.533914 140507706811584 submission.py:307] 99) loss = 6.897, grad_norm = 0.500
I0913 17:44:41.837475 140452837713664 logging_writer.py:48] [100] global_step=100, grad_norm=0.48935, loss=6.89645
I0913 17:44:41.844575 140507706811584 submission.py:307] 100) loss = 6.896, grad_norm = 0.489
I0913 17:48:19.608519 140452846106368 logging_writer.py:48] [500] global_step=500, grad_norm=0.499999, loss=6.75496
I0913 17:48:19.612261 140507706811584 submission.py:307] 500) loss = 6.755, grad_norm = 0.500
I0913 17:55:08.047214 140452837713664 logging_writer.py:48] [1000] global_step=1000, grad_norm=0.5, loss=6.60979
I0913 17:55:08.051046 140507706811584 submission.py:307] 1000) loss = 6.610, grad_norm = 0.500
I0913 18:00:57.649372 140452846106368 logging_writer.py:48] [1500] global_step=1500, grad_norm=0.5, loss=6.1776
I0913 18:00:57.714872 140507706811584 submission.py:307] 1500) loss = 6.178, grad_norm = 0.500
I0913 18:05:47.690502 140452837713664 logging_writer.py:48] [2000] global_step=2000, grad_norm=0.5, loss=5.92444
I0913 18:05:47.696420 140507706811584 submission.py:307] 2000) loss = 5.924, grad_norm = 0.500
I0913 18:13:39.137195 140452846106368 logging_writer.py:48] [2500] global_step=2500, grad_norm=0.5, loss=5.80865
I0913 18:13:39.140805 140507706811584 submission.py:307] 2500) loss = 5.809, grad_norm = 0.500
I0913 18:17:39.055826 140452837713664 logging_writer.py:48] [3000] global_step=3000, grad_norm=0.5, loss=5.58836
I0913 18:17:39.060024 140507706811584 submission.py:307] 3000) loss = 5.588, grad_norm = 0.500
I0913 18:24:38.554202 140452846106368 logging_writer.py:48] [3500] global_step=3500, grad_norm=0.5, loss=5.65641
I0913 18:24:38.558060 140507706811584 submission.py:307] 3500) loss = 5.656, grad_norm = 0.500
I0913 18:27:07.402356 140507706811584 spec.py:333] Evaluating on the training split.
/usr/local/lib/python3.11/multiprocessing/popen_fork.py:66: RuntimeWarning: os.fork() was called. os.fork() is incompatible with multithreaded code, and JAX is multithreaded, so this will likely lead to a deadlock.
  self.pid = os.fork()
/usr/local/lib/python3.11/multiprocessing/popen_fork.py:66: RuntimeWarning: os.fork() was called. os.fork() is incompatible with multithreaded code, and JAX is multithreaded, so this will likely lead to a deadlock.
  self.pid = os.fork()
/usr/local/lib/python3.11/multiprocessing/popen_fork.py:66: RuntimeWarning: os.fork() was called. os.fork() is incompatible with multithreaded code, and JAX is multithreaded, so this will likely lead to a deadlock.
  self.pid = os.fork()
/usr/local/lib/python3.11/multiprocessing/popen_fork.py:66: RuntimeWarning: os.fork() was called. os.fork() is incompatible with multithreaded code, and JAX is multithreaded, so this will likely lead to a deadlock.
  self.pid = os.fork()
I0913 18:28:23.343933 140507706811584 spec.py:346] Evaluating on the validation split.
I0913 18:29:28.856454 140507706811584 spec.py:363] Evaluating on the test split.
I0913 18:29:31.445126 140507706811584 submission_runner.py:516] Time since start: 3373.42s, 	Step: 3623, 	{'train/accuracy': 0.09013671875, 'train/loss': 5.483372802734375, 'validation/accuracy': 0.08084, 'validation/loss': 5.48525625, 'validation/num_examples': 50000, 'test/accuracy': 0.0754, 'test/loss': 5.2725359375, 'test/num_examples': 10000, 'score': 2665.0133833885193, 'total_duration': 3373.4229576587677, 'accumulated_submission_time': 2665.0133833885193, 'accumulated_eval_time': 692.409998178482, 'accumulated_logging_time': 0.04683208465576172}
I0913 18:29:31.783987 140444834858752 logging_writer.py:48] [3623] accumulated_eval_time=692.41, accumulated_logging_time=0.0468321, accumulated_submission_time=2665.01, global_step=3623, preemption_count=0, score=2665.01, test/accuracy=0.0754, test/loss=5.27254, test/num_examples=10000, total_duration=3373.42, train/accuracy=0.0901367, train/loss=5.48337, validation/accuracy=0.08084, validation/loss=5.48526, validation/num_examples=50000
I0913 18:33:50.675435 140444843251456 logging_writer.py:48] [4000] global_step=4000, grad_norm=0.5, loss=5.47092
I0913 18:33:50.680538 140507706811584 submission.py:307] 4000) loss = 5.471, grad_norm = 0.500
I0913 18:40:20.723733 140444834858752 logging_writer.py:48] [4500] global_step=4500, grad_norm=0.5, loss=4.94291
I0913 18:40:20.727577 140507706811584 submission.py:307] 4500) loss = 4.943, grad_norm = 0.500
I0913 18:48:43.011739 140444843251456 logging_writer.py:48] [5000] global_step=5000, grad_norm=0.5, loss=4.83837
I0913 18:48:43.024516 140507706811584 submission.py:307] 5000) loss = 4.838, grad_norm = 0.500
I0913 18:52:49.473554 140444834858752 logging_writer.py:48] [5500] global_step=5500, grad_norm=0.5, loss=5.04933
I0913 18:52:49.480227 140507706811584 submission.py:307] 5500) loss = 5.049, grad_norm = 0.500
I0913 19:00:16.504827 140444843251456 logging_writer.py:48] [6000] global_step=6000, grad_norm=0.5, loss=5.29933
I0913 19:00:16.508623 140507706811584 submission.py:307] 6000) loss = 5.299, grad_norm = 0.500
I0913 19:06:48.869977 140444834858752 logging_writer.py:48] [6500] global_step=6500, grad_norm=0.5, loss=4.73225
I0913 19:06:48.874665 140507706811584 submission.py:307] 6500) loss = 4.732, grad_norm = 0.500
I0913 19:12:05.025152 140444843251456 logging_writer.py:48] [7000] global_step=7000, grad_norm=0.499999, loss=5.9351
I0913 19:12:05.029351 140507706811584 submission.py:307] 7000) loss = 5.935, grad_norm = 0.500
I0913 19:12:27.396579 140507706811584 spec.py:333] Evaluating on the training split.
/usr/local/lib/python3.11/multiprocessing/popen_fork.py:66: RuntimeWarning: os.fork() was called. os.fork() is incompatible with multithreaded code, and JAX is multithreaded, so this will likely lead to a deadlock.
  self.pid = os.fork()
I0913 19:13:42.855057 140507706811584 spec.py:346] Evaluating on the validation split.
I0913 19:14:47.940235 140507706811584 spec.py:363] Evaluating on the test split.
I0913 19:14:48.903311 140507706811584 submission_runner.py:516] Time since start: 6090.88s, 	Step: 7023, 	{'train/accuracy': 0.25580078125, 'train/loss': 4.329656372070312, 'validation/accuracy': 0.21272, 'validation/loss': 4.58559375, 'validation/num_examples': 50000, 'test/accuracy': 0.2128, 'test/loss': 4.00091328125, 'test/num_examples': 10000, 'score': 5230.912830114365, 'total_duration': 6090.881366968155, 'accumulated_submission_time': 5230.912830114365, 'accumulated_eval_time': 833.9168169498444, 'accumulated_logging_time': 0.3999044895172119}
I0913 19:14:49.228518 140484912580352 logging_writer.py:48] [7023] accumulated_eval_time=833.917, accumulated_logging_time=0.399904, accumulated_submission_time=5230.91, global_step=7023, preemption_count=0, score=5230.91, test/accuracy=0.2128, test/loss=4.00091, test/num_examples=10000, total_duration=6090.88, train/accuracy=0.255801, train/loss=4.32966, validation/accuracy=0.21272, validation/loss=4.58559, validation/num_examples=50000
I0913 19:22:19.931613 140485125469952 logging_writer.py:48] [7500] global_step=7500, grad_norm=0.5, loss=4.03787
I0913 19:22:19.935435 140507706811584 submission.py:307] 7500) loss = 4.038, grad_norm = 0.500
I0913 19:27:07.023656 140484912580352 logging_writer.py:48] [8000] global_step=8000, grad_norm=0.5, loss=5.49669
I0913 19:27:07.029228 140507706811584 submission.py:307] 8000) loss = 5.497, grad_norm = 0.500
I0913 19:34:23.171901 140485125469952 logging_writer.py:48] [8500] global_step=8500, grad_norm=0.5, loss=5.09999
I0913 19:34:23.177913 140507706811584 submission.py:307] 8500) loss = 5.100, grad_norm = 0.500
I0913 19:40:49.424042 140484912580352 logging_writer.py:48] [9000] global_step=9000, grad_norm=0.5, loss=5.1985
I0913 19:40:49.430588 140507706811584 submission.py:307] 9000) loss = 5.198, grad_norm = 0.500
I0913 19:46:08.895958 140485125469952 logging_writer.py:48] [9500] global_step=9500, grad_norm=0.5, loss=3.75837
I0913 19:46:08.901148 140507706811584 submission.py:307] 9500) loss = 3.758, grad_norm = 0.500
I0913 19:54:36.534573 140484912580352 logging_writer.py:48] [10000] global_step=10000, grad_norm=0.499999, loss=5.69358
I0913 19:54:36.538213 140507706811584 submission.py:307] 10000) loss = 5.694, grad_norm = 0.500
I0913 19:57:44.447486 140507706811584 spec.py:333] Evaluating on the training split.
/usr/local/lib/python3.11/multiprocessing/popen_fork.py:66: RuntimeWarning: os.fork() was called. os.fork() is incompatible with multithreaded code, and JAX is multithreaded, so this will likely lead to a deadlock.
  self.pid = os.fork()
I0913 19:58:54.492428 140507706811584 spec.py:346] Evaluating on the validation split.
I0913 20:00:00.238492 140507706811584 spec.py:363] Evaluating on the test split.
I0913 20:00:01.169079 140507706811584 submission_runner.py:516] Time since start: 8803.15s, 	Step: 10375, 	{'train/accuracy': 0.37193359375, 'train/loss': 3.657047119140625, 'validation/accuracy': 0.31606, 'validation/loss': 4.042581875, 'validation/num_examples': 50000, 'test/accuracy': 0.313, 'test/loss': 3.3613, 'test/num_examples': 10000, 'score': 7797.297001361847, 'total_duration': 8803.147234916687, 'accumulated_submission_time': 7797.297001361847, 'accumulated_eval_time': 970.6382474899292, 'accumulated_logging_time': 0.7354223728179932}
I0913 20:00:01.588235 140485049935616 logging_writer.py:48] [10375] accumulated_eval_time=970.638, accumulated_logging_time=0.735422, accumulated_submission_time=7797.3, global_step=10375, preemption_count=0, score=7797.3, test/accuracy=0.313, test/loss=3.3613, test/num_examples=10000, total_duration=8803.15, train/accuracy=0.371934, train/loss=3.65705, validation/accuracy=0.31606, validation/loss=4.04258, validation/num_examples=50000
I0913 20:01:04.421160 140485117077248 logging_writer.py:48] [10500] global_step=10500, grad_norm=0.5, loss=4.34967
I0913 20:01:04.424932 140507706811584 submission.py:307] 10500) loss = 4.350, grad_norm = 0.500
I0913 20:09:42.373429 140485049935616 logging_writer.py:48] [11000] global_step=11000, grad_norm=0.5, loss=3.42539
I0913 20:09:42.377252 140507706811584 submission.py:307] 11000) loss = 3.425, grad_norm = 0.500
I0913 20:16:27.355471 140485117077248 logging_writer.py:48] [11500] global_step=11500, grad_norm=0.5, loss=3.14633
I0913 20:16:27.389374 140507706811584 submission.py:307] 11500) loss = 3.146, grad_norm = 0.500
I0913 20:21:58.007006 140485049935616 logging_writer.py:48] [12000] global_step=12000, grad_norm=0.5, loss=3.57017
I0913 20:21:58.011918 140507706811584 submission.py:307] 12000) loss = 3.570, grad_norm = 0.500
I0913 20:30:38.363394 140485117077248 logging_writer.py:48] [12500] global_step=12500, grad_norm=0.5, loss=3.18701
I0913 20:30:38.367917 140507706811584 submission.py:307] 12500) loss = 3.187, grad_norm = 0.500
I0913 20:35:00.273119 140485049935616 logging_writer.py:48] [13000] global_step=13000, grad_norm=0.5, loss=3.21071
I0913 20:35:00.279783 140507706811584 submission.py:307] 13000) loss = 3.211, grad_norm = 0.500
I0913 20:42:16.268245 140485117077248 logging_writer.py:48] [13500] global_step=13500, grad_norm=0.5, loss=3.0089
I0913 20:42:16.273520 140507706811584 submission.py:307] 13500) loss = 3.009, grad_norm = 0.500
I0913 20:43:01.721394 140507706811584 spec.py:333] Evaluating on the training split.
/usr/local/lib/python3.11/multiprocessing/popen_fork.py:66: RuntimeWarning: os.fork() was called. os.fork() is incompatible with multithreaded code, and JAX is multithreaded, so this will likely lead to a deadlock.
  self.pid = os.fork()
I0913 20:44:14.801697 140507706811584 spec.py:346] Evaluating on the validation split.
I0913 20:45:19.735058 140507706811584 spec.py:363] Evaluating on the test split.
I0913 20:45:20.703338 140507706811584 submission_runner.py:516] Time since start: 11522.68s, 	Step: 13533, 	{'train/accuracy': 0.451796875, 'train/loss': 3.357933349609375, 'validation/accuracy': 0.38034, 'validation/loss': 3.827965625, 'validation/num_examples': 50000, 'test/accuracy': 0.3787, 'test/loss': 2.8829498046875, 'test/num_examples': 10000, 'score': 10368.7392745018, 'total_duration': 11522.681096076965, 'accumulated_submission_time': 10368.7392745018, 'accumulated_eval_time': 1109.6197061538696, 'accumulated_logging_time': 1.2692897319793701}
I0913 20:45:21.092357 140485033150208 logging_writer.py:48] [13533] accumulated_eval_time=1109.62, accumulated_logging_time=1.26929, accumulated_submission_time=10368.7, global_step=13533, preemption_count=0, score=10368.7, test/accuracy=0.3787, test/loss=2.88295, test/num_examples=10000, total_duration=11522.7, train/accuracy=0.451797, train/loss=3.35793, validation/accuracy=0.38034, validation/loss=3.82797, validation/num_examples=50000
I0913 20:51:03.816929 140485083506432 logging_writer.py:48] [14000] global_step=14000, grad_norm=0.5, loss=3.0414
I0913 20:51:03.821037 140507706811584 submission.py:307] 14000) loss = 3.041, grad_norm = 0.500
I0913 20:57:08.684439 140485033150208 logging_writer.py:48] [14500] global_step=14500, grad_norm=0.5, loss=3.59709
I0913 20:57:08.688704 140507706811584 submission.py:307] 14500) loss = 3.597, grad_norm = 0.500
I0913 21:05:36.338385 140485083506432 logging_writer.py:48] [15000] global_step=15000, grad_norm=0.5, loss=2.83885
I0913 21:05:36.342253 140507706811584 submission.py:307] 15000) loss = 2.839, grad_norm = 0.500
I0913 21:10:00.272091 140485033150208 logging_writer.py:48] [15500] global_step=15500, grad_norm=0.5, loss=3.47317
I0913 21:10:00.280125 140507706811584 submission.py:307] 15500) loss = 3.473, grad_norm = 0.500
I0913 21:17:29.914254 140485083506432 logging_writer.py:48] [16000] global_step=16000, grad_norm=0.5, loss=3.33265
I0913 21:17:29.918375 140507706811584 submission.py:307] 16000) loss = 3.333, grad_norm = 0.500
I0913 21:23:50.400045 140485033150208 logging_writer.py:48] [16500] global_step=16500, grad_norm=0.5, loss=4.16243
I0913 21:23:50.405690 140507706811584 submission.py:307] 16500) loss = 4.162, grad_norm = 0.500
I0913 21:28:18.263511 140507706811584 spec.py:333] Evaluating on the training split.
/usr/local/lib/python3.11/multiprocessing/popen_fork.py:66: RuntimeWarning: os.fork() was called. os.fork() is incompatible with multithreaded code, and JAX is multithreaded, so this will likely lead to a deadlock.
  self.pid = os.fork()
I0913 21:29:36.719379 140507706811584 spec.py:346] Evaluating on the validation split.
I0913 21:30:42.251025 140507706811584 spec.py:363] Evaluating on the test split.
I0913 21:30:43.209320 140507706811584 submission_runner.py:516] Time since start: 14245.19s, 	Step: 16925, 	{'train/accuracy': 0.50466796875, 'train/loss': 3.1147216796875, 'validation/accuracy': 0.4406, 'validation/loss': 3.221945, 'validation/num_examples': 50000, 'test/accuracy': 0.4293, 'test/loss': 2.6210931640625, 'test/num_examples': 10000, 'score': 12935.96284532547, 'total_duration': 14245.187555074692, 'accumulated_submission_time': 12935.96284532547, 'accumulated_eval_time': 1254.5655632019043, 'accumulated_logging_time': 1.678205966949463}
I0913 21:30:43.576874 140488370267904 logging_writer.py:48] [16925] accumulated_eval_time=1254.57, accumulated_logging_time=1.67821, accumulated_submission_time=12936, global_step=16925, preemption_count=0, score=12936, test/accuracy=0.4293, test/loss=2.62109, test/num_examples=10000, total_duration=14245.2, train/accuracy=0.504668, train/loss=3.11472, validation/accuracy=0.4406, validation/loss=3.22194, validation/num_examples=50000
I0913 21:31:03.137775 140484870616832 logging_writer.py:48] [17000] global_step=17000, grad_norm=0.499999, loss=5.17181
I0913 21:31:03.140995 140507706811584 submission.py:307] 17000) loss = 5.172, grad_norm = 0.500
I0913 21:39:55.854358 140488370267904 logging_writer.py:48] [17500] global_step=17500, grad_norm=0.5, loss=2.61979
I0913 21:39:55.859855 140507706811584 submission.py:307] 17500) loss = 2.620, grad_norm = 0.500
I0913 21:44:45.126787 140484870616832 logging_writer.py:48] [18000] global_step=18000, grad_norm=0.5, loss=2.66058
I0913 21:44:45.143280 140507706811584 submission.py:307] 18000) loss = 2.661, grad_norm = 0.500
I0913 21:52:15.053747 140488370267904 logging_writer.py:48] [18500] global_step=18500, grad_norm=0.5, loss=2.65726
I0913 21:52:15.057654 140507706811584 submission.py:307] 18500) loss = 2.657, grad_norm = 0.500
I0913 21:58:38.805033 140484870616832 logging_writer.py:48] [19000] global_step=19000, grad_norm=0.5, loss=2.66722
I0913 21:58:38.813521 140507706811584 submission.py:307] 19000) loss = 2.667, grad_norm = 0.500
I0913 22:03:55.819147 140488370267904 logging_writer.py:48] [19500] global_step=19500, grad_norm=0.5, loss=3.87286
I0913 22:03:55.824563 140507706811584 submission.py:307] 19500) loss = 3.873, grad_norm = 0.500
I0913 22:12:30.144474 140484870616832 logging_writer.py:48] [20000] global_step=20000, grad_norm=0.5, loss=2.46769
I0913 22:12:30.178196 140507706811584 submission.py:307] 20000) loss = 2.468, grad_norm = 0.500
I0913 22:13:38.279891 140507706811584 spec.py:333] Evaluating on the training split.
/usr/local/lib/python3.11/multiprocessing/popen_fork.py:66: RuntimeWarning: os.fork() was called. os.fork() is incompatible with multithreaded code, and JAX is multithreaded, so this will likely lead to a deadlock.
  self.pid = os.fork()
I0913 22:14:54.233590 140507706811584 spec.py:346] Evaluating on the validation split.
I0913 22:15:59.923478 140507706811584 spec.py:363] Evaluating on the test split.
I0913 22:16:00.893621 140507706811584 submission_runner.py:516] Time since start: 16962.87s, 	Step: 20132, 	{'train/accuracy': 0.51876953125, 'train/loss': 3.346199645996094, 'validation/accuracy': 0.48268, 'validation/loss': 3.011945, 'validation/num_examples': 50000, 'test/accuracy': 0.4636, 'test/loss': 2.4247896484375, 'test/num_examples': 10000, 'score': 15502.118244171143, 'total_duration': 16962.870960712433, 'accumulated_submission_time': 15502.118244171143, 'accumulated_eval_time': 1397.178419828415, 'accumulated_logging_time': 2.4803810119628906}
I0913 22:16:01.229456 140485108684544 logging_writer.py:48] [20132] accumulated_eval_time=1397.18, accumulated_logging_time=2.48038, accumulated_submission_time=15502.1, global_step=20132, preemption_count=0, score=15502.1, test/accuracy=0.4636, test/loss=2.42479, test/num_examples=10000, total_duration=16962.9, train/accuracy=0.51877, train/loss=3.3462, validation/accuracy=0.48268, validation/loss=3.01194, validation/num_examples=50000
I0913 22:20:37.140638 140484954543872 logging_writer.py:48] [20500] global_step=20500, grad_norm=0.5, loss=2.87706
I0913 22:20:37.146893 140507706811584 submission.py:307] 20500) loss = 2.877, grad_norm = 0.500
I0913 22:28:55.434980 140485108684544 logging_writer.py:48] [21000] global_step=21000, grad_norm=0.5, loss=2.42102
I0913 22:28:55.441992 140507706811584 submission.py:307] 21000) loss = 2.421, grad_norm = 0.500
I0913 22:35:36.123169 140484954543872 logging_writer.py:48] [21500] global_step=21500, grad_norm=0.499999, loss=5.13988
I0913 22:35:36.182611 140507706811584 submission.py:307] 21500) loss = 5.140, grad_norm = 0.500
I0913 22:40:56.928084 140485108684544 logging_writer.py:48] [22000] global_step=22000, grad_norm=0.5, loss=3.01511
I0913 22:40:56.932225 140507706811584 submission.py:307] 22000) loss = 3.015, grad_norm = 0.500
I0913 22:50:00.768450 140484954543872 logging_writer.py:48] [22500] global_step=22500, grad_norm=0.5, loss=3.30866
I0913 22:50:00.772373 140507706811584 submission.py:307] 22500) loss = 3.309, grad_norm = 0.500
I0913 22:54:20.253077 140485108684544 logging_writer.py:48] [23000] global_step=23000, grad_norm=0.5, loss=2.48931
I0913 22:54:20.259662 140507706811584 submission.py:307] 23000) loss = 2.489, grad_norm = 0.500
I0913 22:58:56.840461 140507706811584 spec.py:333] Evaluating on the training split.
/usr/local/lib/python3.11/multiprocessing/popen_fork.py:66: RuntimeWarning: os.fork() was called. os.fork() is incompatible with multithreaded code, and JAX is multithreaded, so this will likely lead to a deadlock.
  self.pid = os.fork()
I0913 23:00:18.155852 140507706811584 spec.py:346] Evaluating on the validation split.
I0913 23:01:22.945158 140507706811584 spec.py:363] Evaluating on the test split.
I0913 23:01:23.914093 140507706811584 submission_runner.py:516] Time since start: 19685.89s, 	Step: 23359, 	{'train/accuracy': 0.56783203125, 'train/loss': 2.9495895385742186, 'validation/accuracy': 0.50794, 'validation/loss': 3.08117125, 'validation/num_examples': 50000, 'test/accuracy': 0.4881, 'test/loss': 2.2952814453125, 'test/num_examples': 10000, 'score': 18068.6707174778, 'total_duration': 19685.892365455627, 'accumulated_submission_time': 18068.6707174778, 'accumulated_eval_time': 1544.2523880004883, 'accumulated_logging_time': 2.8307547569274902}
I0913 23:01:24.199766 140485091899136 logging_writer.py:48] [23359] accumulated_eval_time=1544.25, accumulated_logging_time=2.83075, accumulated_submission_time=18068.7, global_step=23359, preemption_count=0, score=18068.7, test/accuracy=0.4881, test/loss=2.29528, test/num_examples=10000, total_duration=19685.9, train/accuracy=0.567832, train/loss=2.94959, validation/accuracy=0.50794, validation/loss=3.08117, validation/num_examples=50000
I0913 23:02:52.771046 140485117077248 logging_writer.py:48] [23500] global_step=23500, grad_norm=0.5, loss=2.67311
I0913 23:02:52.775172 140507706811584 submission.py:307] 23500) loss = 2.673, grad_norm = 0.500
I0913 23:09:42.638620 140485091899136 logging_writer.py:48] [24000] global_step=24000, grad_norm=0.499999, loss=4.96016
I0913 23:09:42.650144 140507706811584 submission.py:307] 24000) loss = 4.960, grad_norm = 0.500
I0913 23:15:26.066794 140485117077248 logging_writer.py:48] [24500] global_step=24500, grad_norm=0.5, loss=2.55868
I0913 23:15:26.070953 140507706811584 submission.py:307] 24500) loss = 2.559, grad_norm = 0.500
I0913 23:24:01.288239 140485091899136 logging_writer.py:48] [25000] global_step=25000, grad_norm=0.5, loss=2.3998
I0913 23:24:01.292117 140507706811584 submission.py:307] 25000) loss = 2.400, grad_norm = 0.500
I0913 23:28:17.968963 140485117077248 logging_writer.py:48] [25500] global_step=25500, grad_norm=0.499999, loss=4.08667
I0913 23:28:17.973561 140507706811584 submission.py:307] 25500) loss = 4.087, grad_norm = 0.500
I0913 23:35:32.761565 140485091899136 logging_writer.py:48] [26000] global_step=26000, grad_norm=0.5, loss=2.1701
I0913 23:35:32.765537 140507706811584 submission.py:307] 26000) loss = 2.170, grad_norm = 0.500
I0913 23:42:04.834136 140485117077248 logging_writer.py:48] [26500] global_step=26500, grad_norm=0.5, loss=2.32553
I0913 23:42:04.839908 140507706811584 submission.py:307] 26500) loss = 2.326, grad_norm = 0.500
I0913 23:44:19.861307 140507706811584 spec.py:333] Evaluating on the training split.
/usr/local/lib/python3.11/multiprocessing/popen_fork.py:66: RuntimeWarning: os.fork() was called. os.fork() is incompatible with multithreaded code, and JAX is multithreaded, so this will likely lead to a deadlock.
  self.pid = os.fork()
I0913 23:45:38.434881 140507706811584 spec.py:346] Evaluating on the validation split.
I0913 23:46:43.707140 140507706811584 spec.py:363] Evaluating on the test split.
I0913 23:46:44.583355 140507706811584 submission_runner.py:516] Time since start: 22406.56s, 	Step: 26742, 	{'train/accuracy': 0.60248046875, 'train/loss': 2.7548953247070314, 'validation/accuracy': 0.52264, 'validation/loss': 3.144949375, 'validation/num_examples': 50000, 'test/accuracy': 0.5129, 'test/loss': 2.1553640625, 'test/num_examples': 10000, 'score': 20635.430467367172, 'total_duration': 22406.56116294861, 'accumulated_submission_time': 20635.430467367172, 'accumulated_eval_time': 1688.974037885666, 'accumulated_logging_time': 3.12606143951416}
I0913 23:46:44.929276 140485075113728 logging_writer.py:48] [26742] accumulated_eval_time=1688.97, accumulated_logging_time=3.12606, accumulated_submission_time=20635.4, global_step=26742, preemption_count=0, score=20635.4, test/accuracy=0.5129, test/loss=2.15536, test/num_examples=10000, total_duration=22406.6, train/accuracy=0.60248, train/loss=2.7549, validation/accuracy=0.52264, validation/loss=3.14495, validation/num_examples=50000
I0913 23:50:02.635313 140485066721024 logging_writer.py:48] [27000] global_step=27000, grad_norm=0.499999, loss=4.44539
I0913 23:50:02.640600 140507706811584 submission.py:307] 27000) loss = 4.445, grad_norm = 0.500
I0913 23:59:07.829545 140485075113728 logging_writer.py:48] [27500] global_step=27500, grad_norm=0.5, loss=2.13355
I0913 23:59:07.833452 140507706811584 submission.py:307] 27500) loss = 2.134, grad_norm = 0.500
I0914 00:03:33.971772 140485066721024 logging_writer.py:48] [28000] global_step=28000, grad_norm=0.5, loss=2.00063
I0914 00:03:33.977619 140507706811584 submission.py:307] 28000) loss = 2.001, grad_norm = 0.500
I0914 00:10:56.314716 140485075113728 logging_writer.py:48] [28500] global_step=28500, grad_norm=0.5, loss=2.569
I0914 00:10:56.320175 140507706811584 submission.py:307] 28500) loss = 2.569, grad_norm = 0.500
I0914 00:17:35.724358 140485066721024 logging_writer.py:48] [29000] global_step=29000, grad_norm=0.5, loss=4.73446
I0914 00:17:35.730014 140507706811584 submission.py:307] 29000) loss = 4.734, grad_norm = 0.500
I0914 00:22:49.242191 140485075113728 logging_writer.py:48] [29500] global_step=29500, grad_norm=0.5, loss=2.76517
I0914 00:22:49.246443 140507706811584 submission.py:307] 29500) loss = 2.765, grad_norm = 0.500
I0914 00:29:40.722799 140507706811584 spec.py:333] Evaluating on the training split.
/usr/local/lib/python3.11/multiprocessing/popen_fork.py:66: RuntimeWarning: os.fork() was called. os.fork() is incompatible with multithreaded code, and JAX is multithreaded, so this will likely lead to a deadlock.
  self.pid = os.fork()
I0914 00:31:12.936761 140507706811584 spec.py:346] Evaluating on the validation split.
I0914 00:32:17.940257 140507706811584 spec.py:363] Evaluating on the test split.
I0914 00:32:18.807833 140507706811584 submission_runner.py:516] Time since start: 25140.79s, 	Step: 29900, 	{'train/accuracy': 0.61646484375, 'train/loss': 2.706271057128906, 'validation/accuracy': 0.53204, 'validation/loss': 2.973585625, 'validation/num_examples': 50000, 'test/accuracy': 0.5292, 'test/loss': 2.0948826171875, 'test/num_examples': 10000, 'score': 23202.31759428978, 'total_duration': 25140.786123991013, 'accumulated_submission_time': 23202.31759428978, 'accumulated_eval_time': 1847.0592744350433, 'accumulated_logging_time': 3.481067657470703}
I0914 00:32:19.086487 140485041542912 logging_writer.py:48] [29900] accumulated_eval_time=1847.06, accumulated_logging_time=3.48107, accumulated_submission_time=23202.3, global_step=29900, preemption_count=0, score=23202.3, test/accuracy=0.5292, test/loss=2.09488, test/num_examples=10000, total_duration=25140.8, train/accuracy=0.616465, train/loss=2.70627, validation/accuracy=0.53204, validation/loss=2.97359, validation/num_examples=50000
I0914 00:33:02.780231 140484991186688 logging_writer.py:48] [30000] global_step=30000, grad_norm=0.5, loss=3.25955
I0914 00:33:02.786874 140507706811584 submission.py:307] 30000) loss = 3.260, grad_norm = 0.500
I0914 00:39:15.752455 140485041542912 logging_writer.py:48] [30500] global_step=30500, grad_norm=0.5, loss=2.13716
I0914 00:39:15.756552 140507706811584 submission.py:307] 30500) loss = 2.137, grad_norm = 0.500
I0914 00:47:05.491037 140484991186688 logging_writer.py:48] [31000] global_step=31000, grad_norm=0.5, loss=4.00406
I0914 00:47:05.494916 140507706811584 submission.py:307] 31000) loss = 4.004, grad_norm = 0.500
I0914 00:53:33.663945 140485041542912 logging_writer.py:48] [31500] global_step=31500, grad_norm=0.5, loss=2.11477
I0914 00:53:33.677060 140507706811584 submission.py:307] 31500) loss = 2.115, grad_norm = 0.500
I0914 00:59:01.206918 140484991186688 logging_writer.py:48] [32000] global_step=32000, grad_norm=0.5, loss=2.06724
I0914 00:59:01.220621 140507706811584 submission.py:307] 32000) loss = 2.067, grad_norm = 0.500
I0914 01:07:58.320337 140485041542912 logging_writer.py:48] [32500] global_step=32500, grad_norm=0.5, loss=2.63493
I0914 01:07:58.325182 140507706811584 submission.py:307] 32500) loss = 2.635, grad_norm = 0.500
I0914 01:12:09.746296 140484991186688 logging_writer.py:48] [33000] global_step=33000, grad_norm=0.5, loss=2.06046
I0914 01:12:09.753535 140507706811584 submission.py:307] 33000) loss = 2.060, grad_norm = 0.500
I0914 01:15:15.098690 140507706811584 spec.py:333] Evaluating on the training split.
/usr/local/lib/python3.11/multiprocessing/popen_fork.py:66: RuntimeWarning: os.fork() was called. os.fork() is incompatible with multithreaded code, and JAX is multithreaded, so this will likely lead to a deadlock.
  self.pid = os.fork()
I0914 01:16:33.862797 140507706811584 spec.py:346] Evaluating on the validation split.
I0914 01:17:39.232221 140507706811584 spec.py:363] Evaluating on the test split.
I0914 01:17:40.160693 140507706811584 submission_runner.py:516] Time since start: 27862.14s, 	Step: 33252, 	{'train/accuracy': 0.6110546875, 'train/loss': 2.8116305541992186, 'validation/accuracy': 0.55746, 'validation/loss': 2.6731121875, 'validation/num_examples': 50000, 'test/accuracy': 0.543, 'test/loss': 2.029508984375, 'test/num_examples': 10000, 'score': 25768.509074926376, 'total_duration': 27862.138606786728, 'accumulated_submission_time': 25768.509074926376, 'accumulated_eval_time': 1992.1209709644318, 'accumulated_logging_time': 3.7691237926483154}
I0914 01:17:40.498219 140485033150208 logging_writer.py:48] [33252] accumulated_eval_time=1992.12, accumulated_logging_time=3.76912, accumulated_submission_time=25768.5, global_step=33252, preemption_count=0, score=25768.5, test/accuracy=0.543, test/loss=2.02951, test/num_examples=10000, total_duration=27862.1, train/accuracy=0.611055, train/loss=2.81163, validation/accuracy=0.55746, validation/loss=2.67311, validation/num_examples=50000
I0914 01:21:01.890878 140488370267904 logging_writer.py:48] [33500] global_step=33500, grad_norm=0.499999, loss=2.11584
I0914 01:21:01.895834 140507706811584 submission.py:307] 33500) loss = 2.116, grad_norm = 0.500
I0914 01:27:57.804274 140485033150208 logging_writer.py:48] [34000] global_step=34000, grad_norm=0.499999, loss=3.32006
I0914 01:27:57.808295 140507706811584 submission.py:307] 34000) loss = 3.320, grad_norm = 0.500
I0914 01:33:33.676493 140488370267904 logging_writer.py:48] [34500] global_step=34500, grad_norm=0.5, loss=2.8897
I0914 01:33:33.685265 140507706811584 submission.py:307] 34500) loss = 2.890, grad_norm = 0.500
I0914 01:42:16.479487 140485033150208 logging_writer.py:48] [35000] global_step=35000, grad_norm=0.5, loss=4.14507
I0914 01:42:16.483484 140507706811584 submission.py:307] 35000) loss = 4.145, grad_norm = 0.500
I0914 01:46:31.913008 140488370267904 logging_writer.py:48] [35500] global_step=35500, grad_norm=0.5, loss=1.9228
I0914 01:46:31.936459 140507706811584 submission.py:307] 35500) loss = 1.923, grad_norm = 0.500
I0914 01:53:39.483709 140485033150208 logging_writer.py:48] [36000] global_step=36000, grad_norm=0.499999, loss=3.07942
I0914 01:53:39.489565 140507706811584 submission.py:307] 36000) loss = 3.079, grad_norm = 0.500
I0914 02:00:11.971415 140488370267904 logging_writer.py:48] [36500] global_step=36500, grad_norm=0.5, loss=1.85386
I0914 02:00:11.977805 140507706811584 submission.py:307] 36500) loss = 1.854, grad_norm = 0.500
I0914 02:00:36.132511 140507706811584 spec.py:333] Evaluating on the training split.
/usr/local/lib/python3.11/multiprocessing/popen_fork.py:66: RuntimeWarning: os.fork() was called. os.fork() is incompatible with multithreaded code, and JAX is multithreaded, so this will likely lead to a deadlock.
  self.pid = os.fork()
I0914 02:01:46.522519 140507706811584 spec.py:346] Evaluating on the validation split.
I0914 02:02:52.446750 140507706811584 spec.py:363] Evaluating on the test split.
I0914 02:02:53.497516 140507706811584 submission_runner.py:516] Time since start: 30575.48s, 	Step: 36543, 	{'train/accuracy': 0.66943359375, 'train/loss': 2.203136749267578, 'validation/accuracy': 0.5562, 'validation/loss': 2.953885625, 'validation/num_examples': 50000, 'test/accuracy': 0.5498, 'test/loss': 1.9853494140625, 'test/num_examples': 10000, 'score': 28333.736892700195, 'total_duration': 30575.475831747055, 'accumulated_submission_time': 28333.736892700195, 'accumulated_eval_time': 2129.4862949848175, 'accumulated_logging_time': 4.115705490112305}
I0914 02:02:53.898321 140485049935616 logging_writer.py:48] [36543] accumulated_eval_time=2129.49, accumulated_logging_time=4.11571, accumulated_submission_time=28333.7, global_step=36543, preemption_count=0, score=28333.7, test/accuracy=0.5498, test/loss=1.98535, test/num_examples=10000, total_duration=30575.5, train/accuracy=0.669434, train/loss=2.20314, validation/accuracy=0.5562, validation/loss=2.95389, validation/num_examples=50000
I0914 02:09:28.801284 140485016364800 logging_writer.py:48] [37000] global_step=37000, grad_norm=0.5, loss=1.97306
I0914 02:09:28.805123 140507706811584 submission.py:307] 37000) loss = 1.973, grad_norm = 0.500
I0914 02:18:51.775966 140485049935616 logging_writer.py:48] [37500] global_step=37500, grad_norm=0.5, loss=3.02389
I0914 02:18:51.779729 140507706811584 submission.py:307] 37500) loss = 3.024, grad_norm = 0.500
I0914 02:23:23.341226 140485016364800 logging_writer.py:48] [38000] global_step=38000, grad_norm=0.499999, loss=2.25712
I0914 02:23:23.345234 140507706811584 submission.py:307] 38000) loss = 2.257, grad_norm = 0.500
I0914 02:30:47.151433 140485049935616 logging_writer.py:48] [38500] global_step=38500, grad_norm=0.5, loss=2.31605
I0914 02:30:47.158165 140507706811584 submission.py:307] 38500) loss = 2.316, grad_norm = 0.500
I0914 02:37:30.081587 140485016364800 logging_writer.py:48] [39000] global_step=39000, grad_norm=0.499999, loss=2.27127
I0914 02:37:30.087105 140507706811584 submission.py:307] 39000) loss = 2.271, grad_norm = 0.500
I0914 02:42:40.901678 140485049935616 logging_writer.py:48] [39500] global_step=39500, grad_norm=0.5, loss=1.81748
I0914 02:42:40.907708 140507706811584 submission.py:307] 39500) loss = 1.817, grad_norm = 0.500
I0914 02:45:50.913775 140507706811584 spec.py:333] Evaluating on the training split.
/usr/local/lib/python3.11/multiprocessing/popen_fork.py:66: RuntimeWarning: os.fork() was called. os.fork() is incompatible with multithreaded code, and JAX is multithreaded, so this will likely lead to a deadlock.
  self.pid = os.fork()
I0914 02:47:18.101367 140507706811584 spec.py:346] Evaluating on the validation split.
I0914 02:48:24.186908 140507706811584 spec.py:363] Evaluating on the test split.
I0914 02:48:25.109111 140507706811584 submission_runner.py:516] Time since start: 33307.09s, 	Step: 39689, 	{'train/accuracy': 0.64908203125, 'train/loss': 2.6580075073242186, 'validation/accuracy': 0.5803, 'validation/loss': 2.6447209375, 'validation/num_examples': 50000, 'test/accuracy': 0.5596, 'test/loss': 1.9409359375, 'test/num_examples': 10000, 'score': 30901.944776058197, 'total_duration': 33307.08735227585, 'accumulated_submission_time': 30901.944776058197, 'accumulated_eval_time': 2283.681713104248, 'accumulated_logging_time': 4.5361340045928955}
I0914 02:48:25.417894 140485075113728 logging_writer.py:48] [39689] accumulated_eval_time=2283.68, accumulated_logging_time=4.53613, accumulated_submission_time=30901.9, global_step=39689, preemption_count=0, score=30901.9, test/accuracy=0.5596, test/loss=1.94094, test/num_examples=10000, total_duration=33307.1, train/accuracy=0.649082, train/loss=2.65801, validation/accuracy=0.5803, validation/loss=2.64472, validation/num_examples=50000
I0914 02:53:10.516127 140488490288896 logging_writer.py:48] [40000] global_step=40000, grad_norm=0.5, loss=4.50804
I0914 02:53:10.519899 140507706811584 submission.py:307] 40000) loss = 4.508, grad_norm = 0.500
I0914 02:58:17.558240 140485075113728 logging_writer.py:48] [40500] global_step=40500, grad_norm=0.5, loss=3.13663
I0914 02:58:17.562234 140507706811584 submission.py:307] 40500) loss = 3.137, grad_norm = 0.500
I0914 03:05:38.639311 140488490288896 logging_writer.py:48] [41000] global_step=41000, grad_norm=0.5, loss=1.83513
I0914 03:05:38.644808 140507706811584 submission.py:307] 41000) loss = 1.835, grad_norm = 0.500
I0914 03:12:03.132835 140485075113728 logging_writer.py:48] [41500] global_step=41500, grad_norm=0.5, loss=1.76587
I0914 03:12:03.157637 140507706811584 submission.py:307] 41500) loss = 1.766, grad_norm = 0.500
I0914 03:17:20.494289 140488490288896 logging_writer.py:48] [42000] global_step=42000, grad_norm=0.499999, loss=2.41458
I0914 03:17:20.498267 140507706811584 submission.py:307] 42000) loss = 2.415, grad_norm = 0.500
I0914 03:26:03.696588 140485075113728 logging_writer.py:48] [42500] global_step=42500, grad_norm=0.5, loss=1.82296
I0914 03:26:03.700551 140507706811584 submission.py:307] 42500) loss = 1.823, grad_norm = 0.500
I0914 03:30:27.678592 140488490288896 logging_writer.py:48] [43000] global_step=43000, grad_norm=0.5, loss=3.91981
I0914 03:30:27.683766 140507706811584 submission.py:307] 43000) loss = 3.920, grad_norm = 0.500
I0914 03:31:22.689779 140507706811584 spec.py:333] Evaluating on the training split.
/usr/local/lib/python3.11/multiprocessing/popen_fork.py:66: RuntimeWarning: os.fork() was called. os.fork() is incompatible with multithreaded code, and JAX is multithreaded, so this will likely lead to a deadlock.
  self.pid = os.fork()
I0914 03:32:38.274614 140507706811584 spec.py:346] Evaluating on the validation split.
I0914 03:33:43.724537 140507706811584 spec.py:363] Evaluating on the test split.
I0914 03:33:44.587241 140507706811584 submission_runner.py:516] Time since start: 36026.56s, 	Step: 43077, 	{'train/accuracy': 0.65333984375, 'train/loss': 2.6797079467773437, 'validation/accuracy': 0.57702, 'validation/loss': 2.819873125, 'validation/num_examples': 50000, 'test/accuracy': 0.5687, 'test/loss': 1.913438671875, 'test/num_examples': 10000, 'score': 33470.53742003441, 'total_duration': 36026.5645134449, 'accumulated_submission_time': 33470.53742003441, 'accumulated_eval_time': 2425.578112602234, 'accumulated_logging_time': 4.859193801879883}
I0914 03:33:44.966559 140485108684544 logging_writer.py:48] [43077] accumulated_eval_time=2425.58, accumulated_logging_time=4.85919, accumulated_submission_time=33470.5, global_step=43077, preemption_count=0, score=33470.5, test/accuracy=0.5687, test/loss=1.91344, test/num_examples=10000, total_duration=36026.6, train/accuracy=0.65334, train/loss=2.67971, validation/accuracy=0.57702, validation/loss=2.81987, validation/num_examples=50000
I0914 03:40:05.032321 140485091899136 logging_writer.py:48] [43500] global_step=43500, grad_norm=0.5, loss=1.87477
I0914 03:40:05.036336 140507706811584 submission.py:307] 43500) loss = 1.875, grad_norm = 0.500
I0914 03:46:55.619300 140485108684544 logging_writer.py:48] [44000] global_step=44000, grad_norm=0.5, loss=4.37599
I0914 03:46:55.624386 140507706811584 submission.py:307] 44000) loss = 4.376, grad_norm = 0.500
I0914 03:52:21.485638 140485091899136 logging_writer.py:48] [44500] global_step=44500, grad_norm=0.5, loss=2.25207
I0914 03:52:21.489541 140507706811584 submission.py:307] 44500) loss = 2.252, grad_norm = 0.500
I0914 04:01:12.349792 140485108684544 logging_writer.py:48] [45000] global_step=45000, grad_norm=0.5, loss=2.7875
I0914 04:01:12.355042 140507706811584 submission.py:307] 45000) loss = 2.787, grad_norm = 0.500
I0914 04:05:35.559515 140485091899136 logging_writer.py:48] [45500] global_step=45500, grad_norm=0.5, loss=2.27176
I0914 04:05:35.565551 140507706811584 submission.py:307] 45500) loss = 2.272, grad_norm = 0.500
I0914 04:12:39.584310 140485108684544 logging_writer.py:48] [46000] global_step=46000, grad_norm=0.5, loss=2.47579
I0914 04:12:39.588811 140507706811584 submission.py:307] 46000) loss = 2.476, grad_norm = 0.500
I0914 04:16:48.312987 140507706811584 spec.py:333] Evaluating on the training split.
/usr/local/lib/python3.11/multiprocessing/popen_fork.py:66: RuntimeWarning: os.fork() was called. os.fork() is incompatible with multithreaded code, and JAX is multithreaded, so this will likely lead to a deadlock.
  self.pid = os.fork()
I0914 04:17:53.422279 140507706811584 spec.py:346] Evaluating on the validation split.
I0914 04:18:58.653696 140507706811584 spec.py:363] Evaluating on the test split.
I0914 04:18:59.614878 140507706811584 submission_runner.py:516] Time since start: 38741.59s, 	Step: 46226, 	{'train/accuracy': 0.66466796875, 'train/loss': 2.5644097900390626, 'validation/accuracy': 0.58578, 'validation/loss': 2.784920625, 'validation/num_examples': 50000, 'test/accuracy': 0.5766, 'test/loss': 1.855303515625, 'test/num_examples': 10000, 'score': 36045.62726044655, 'total_duration': 38741.59304046631, 'accumulated_submission_time': 36045.62726044655, 'accumulated_eval_time': 2556.88010764122, 'accumulated_logging_time': 5.248838663101196}
I0914 04:18:59.988147 140484991186688 logging_writer.py:48] [46226] accumulated_eval_time=2556.88, accumulated_logging_time=5.24884, accumulated_submission_time=36045.6, global_step=46226, preemption_count=0, score=36045.6, test/accuracy=0.5766, test/loss=1.8553, test/num_examples=10000, total_duration=38741.6, train/accuracy=0.664668, train/loss=2.56441, validation/accuracy=0.58578, validation/loss=2.78492, validation/num_examples=50000
I0914 04:22:13.737420 140485058328320 logging_writer.py:48] [46500] global_step=46500, grad_norm=0.5, loss=1.68741
I0914 04:22:13.741500 140507706811584 submission.py:307] 46500) loss = 1.687, grad_norm = 0.500
I0914 04:29:06.678132 140484991186688 logging_writer.py:48] [47000] global_step=47000, grad_norm=0.5, loss=1.82595
I0914 04:29:06.684429 140507706811584 submission.py:307] 47000) loss = 1.826, grad_norm = 0.500
I0914 04:38:03.954364 140485058328320 logging_writer.py:48] [47500] global_step=47500, grad_norm=0.5, loss=1.64877
I0914 04:38:03.958458 140507706811584 submission.py:307] 47500) loss = 1.649, grad_norm = 0.500
I0914 04:42:22.587289 140484991186688 logging_writer.py:48] [48000] global_step=48000, grad_norm=0.5, loss=2.53269
I0914 04:42:22.591618 140507706811584 submission.py:307] 48000) loss = 2.533, grad_norm = 0.500
I0914 04:49:57.223507 140485058328320 logging_writer.py:48] [48500] global_step=48500, grad_norm=0.5, loss=3.77043
I0914 04:49:57.228631 140507706811584 submission.py:307] 48500) loss = 3.770, grad_norm = 0.500
I0914 04:56:53.285837 140484991186688 logging_writer.py:48] [49000] global_step=49000, grad_norm=0.5, loss=1.95992
I0914 04:56:53.290967 140507706811584 submission.py:307] 49000) loss = 1.960, grad_norm = 0.500
I0914 05:01:55.450227 140507706811584 spec.py:333] Evaluating on the training split.
/usr/local/lib/python3.11/multiprocessing/popen_fork.py:66: RuntimeWarning: os.fork() was called. os.fork() is incompatible with multithreaded code, and JAX is multithreaded, so this will likely lead to a deadlock.
  self.pid = os.fork()
I0914 05:03:16.654059 140507706811584 spec.py:346] Evaluating on the validation split.
I0914 05:04:22.090979 140507706811584 spec.py:363] Evaluating on the test split.
I0914 05:04:23.035267 140507706811584 submission_runner.py:516] Time since start: 41465.01s, 	Step: 49479, 	{'train/accuracy': 0.6749609375, 'train/loss': 2.5443516540527344, 'validation/accuracy': 0.58796, 'validation/loss': 2.8763503125, 'validation/num_examples': 50000, 'test/accuracy': 0.5787, 'test/loss': 1.857298828125, 'test/num_examples': 10000, 'score': 38612.53212809563, 'total_duration': 41465.013504981995, 'accumulated_submission_time': 38612.53212809563, 'accumulated_eval_time': 2704.4651052951813, 'accumulated_logging_time': 5.631556510925293}
I0914 05:04:23.319354 140488498681600 logging_writer.py:48] [49479] accumulated_eval_time=2704.47, accumulated_logging_time=5.63156, accumulated_submission_time=38612.5, global_step=49479, preemption_count=0, score=38612.5, test/accuracy=0.5787, test/loss=1.8573, test/num_examples=10000, total_duration=41465, train/accuracy=0.674961, train/loss=2.54435, validation/accuracy=0.58796, validation/loss=2.87635, validation/num_examples=50000
I0914 05:04:29.623547 140485100291840 logging_writer.py:48] [49500] global_step=49500, grad_norm=0.499999, loss=3.12152
I0914 05:04:29.627777 140507706811584 submission.py:307] 49500) loss = 3.122, grad_norm = 0.500
I0914 05:12:52.600947 140488498681600 logging_writer.py:48] [50000] global_step=50000, grad_norm=0.5, loss=2.27806
I0914 05:12:52.604777 140507706811584 submission.py:307] 50000) loss = 2.278, grad_norm = 0.500
I0914 05:17:47.753681 140485100291840 logging_writer.py:48] [50500] global_step=50500, grad_norm=0.5, loss=1.60937
I0914 05:17:47.760026 140507706811584 submission.py:307] 50500) loss = 1.609, grad_norm = 0.500
I0914 05:25:05.727649 140488498681600 logging_writer.py:48] [51000] global_step=51000, grad_norm=0.5, loss=1.73819
I0914 05:25:05.731651 140507706811584 submission.py:307] 51000) loss = 1.738, grad_norm = 0.500
I0914 05:31:47.906938 140485100291840 logging_writer.py:48] [51500] global_step=51500, grad_norm=0.5, loss=1.66249
I0914 05:31:47.913219 140507706811584 submission.py:307] 51500) loss = 1.662, grad_norm = 0.500
I0914 05:37:04.797087 140488498681600 logging_writer.py:48] [52000] global_step=52000, grad_norm=0.5, loss=2.35659
I0914 05:37:04.801399 140507706811584 submission.py:307] 52000) loss = 2.357, grad_norm = 0.500
I0914 05:45:46.722691 140485100291840 logging_writer.py:48] [52500] global_step=52500, grad_norm=0.5, loss=1.84133
I0914 05:45:46.726847 140507706811584 submission.py:307] 52500) loss = 1.841, grad_norm = 0.500
I0914 05:47:20.412406 140507706811584 spec.py:333] Evaluating on the training split.
/usr/local/lib/python3.11/multiprocessing/popen_fork.py:66: RuntimeWarning: os.fork() was called. os.fork() is incompatible with multithreaded code, and JAX is multithreaded, so this will likely lead to a deadlock.
  self.pid = os.fork()
I0914 05:48:33.505995 140507706811584 spec.py:346] Evaluating on the validation split.
I0914 05:49:38.927797 140507706811584 spec.py:363] Evaluating on the test split.
I0914 05:49:39.940881 140507706811584 submission_runner.py:516] Time since start: 44181.92s, 	Step: 52682, 	{'train/accuracy': 0.67267578125, 'train/loss': 2.7012420654296876, 'validation/accuracy': 0.59154, 'validation/loss': 2.840863125, 'validation/num_examples': 50000, 'test/accuracy': 0.5899, 'test/loss': 1.833320703125, 'test/num_examples': 10000, 'score': 41181.36528348923, 'total_duration': 44181.918159246445, 'accumulated_submission_time': 41181.36528348923, 'accumulated_eval_time': 2843.9927847385406, 'accumulated_logging_time': 5.925373315811157}
I0914 05:49:40.272315 140485033150208 logging_writer.py:48] [52682] accumulated_eval_time=2843.99, accumulated_logging_time=5.92537, accumulated_submission_time=41181.4, global_step=52682, preemption_count=0, score=41181.4, test/accuracy=0.5899, test/loss=1.83332, test/num_examples=10000, total_duration=44181.9, train/accuracy=0.672676, train/loss=2.70124, validation/accuracy=0.59154, validation/loss=2.84086, validation/num_examples=50000
I0914 05:53:47.185451 140488370267904 logging_writer.py:48] [53000] global_step=53000, grad_norm=0.5, loss=3.26189
I0914 05:53:47.189259 140507706811584 submission.py:307] 53000) loss = 3.262, grad_norm = 0.500
I0914 06:02:14.760335 140485033150208 logging_writer.py:48] [53500] global_step=53500, grad_norm=0.5, loss=1.59751
I0914 06:02:14.769674 140507706811584 submission.py:307] 53500) loss = 1.598, grad_norm = 0.500
I0914 06:09:56.379558 140488370267904 logging_writer.py:48] [54000] global_step=54000, grad_norm=0.5, loss=3.87363
I0914 06:09:56.385813 140507706811584 submission.py:307] 54000) loss = 3.874, grad_norm = 0.500
I0914 06:15:00.493240 140485033150208 logging_writer.py:48] [54500] global_step=54500, grad_norm=0.5, loss=3.57067
I0914 06:15:00.498908 140507706811584 submission.py:307] 54500) loss = 3.571, grad_norm = 0.500
I0914 06:24:18.137655 140488370267904 logging_writer.py:48] [55000] global_step=55000, grad_norm=0.5, loss=1.71288
I0914 06:24:18.142778 140507706811584 submission.py:307] 55000) loss = 1.713, grad_norm = 0.500
I0914 06:28:41.249061 140485033150208 logging_writer.py:48] [55500] global_step=55500, grad_norm=0.5, loss=1.50716
I0914 06:28:41.253380 140507706811584 submission.py:307] 55500) loss = 1.507, grad_norm = 0.500
I0914 06:32:37.689980 140507706811584 spec.py:333] Evaluating on the training split.
/usr/local/lib/python3.11/multiprocessing/popen_fork.py:66: RuntimeWarning: os.fork() was called. os.fork() is incompatible with multithreaded code, and JAX is multithreaded, so this will likely lead to a deadlock.
  self.pid = os.fork()
I0914 06:33:57.464093 140507706811584 spec.py:346] Evaluating on the validation split.
I0914 06:35:02.702989 140507706811584 spec.py:363] Evaluating on the test split.
I0914 06:35:03.591237 140507706811584 submission_runner.py:516] Time since start: 46905.57s, 	Step: 55813, 	{'train/accuracy': 0.6837109375, 'train/loss': 2.5283877563476564, 'validation/accuracy': 0.61526, 'validation/loss': 2.4480253125, 'validation/num_examples': 50000, 'test/accuracy': 0.5934, 'test/loss': 1.80217890625, 'test/num_examples': 10000, 'score': 43747.88288974762, 'total_duration': 46905.568497657776, 'accumulated_submission_time': 43747.88288974762, 'accumulated_eval_time': 2989.893040895462, 'accumulated_logging_time': 6.267249822616577}
I0914 06:35:03.949196 140484999579392 logging_writer.py:48] [55813] accumulated_eval_time=2989.89, accumulated_logging_time=6.26725, accumulated_submission_time=43747.9, global_step=55813, preemption_count=0, score=43747.9, test/accuracy=0.5934, test/loss=1.80218, test/num_examples=10000, total_duration=46905.6, train/accuracy=0.683711, train/loss=2.52839, validation/accuracy=0.61526, validation/loss=2.44803, validation/num_examples=50000
I0914 06:37:23.211224 140485024757504 logging_writer.py:48] [56000] global_step=56000, grad_norm=0.5, loss=3.44324
I0914 06:37:23.216277 140507706811584 submission.py:307] 56000) loss = 3.443, grad_norm = 0.500
I0914 06:44:40.346359 140484999579392 logging_writer.py:48] [56500] global_step=56500, grad_norm=0.5, loss=1.51943
I0914 06:44:40.351042 140507706811584 submission.py:307] 56500) loss = 1.519, grad_norm = 0.500
I0914 06:50:15.514361 140485024757504 logging_writer.py:48] [57000] global_step=57000, grad_norm=0.5, loss=1.61804
I0914 06:50:15.519288 140507706811584 submission.py:307] 57000) loss = 1.618, grad_norm = 0.500
I0914 06:59:05.340597 140484999579392 logging_writer.py:48] [57500] global_step=57500, grad_norm=0.5, loss=2.91592
I0914 06:59:05.346580 140507706811584 submission.py:307] 57500) loss = 2.916, grad_norm = 0.500
I0914 07:03:20.707928 140485024757504 logging_writer.py:48] [58000] global_step=58000, grad_norm=0.5, loss=1.61531
I0914 07:03:20.713773 140507706811584 submission.py:307] 58000) loss = 1.615, grad_norm = 0.500
I0914 07:10:30.319145 140484999579392 logging_writer.py:48] [58500] global_step=58500, grad_norm=0.5, loss=1.89493
I0914 07:10:30.323050 140507706811584 submission.py:307] 58500) loss = 1.895, grad_norm = 0.500
I0914 07:17:13.514521 140485024757504 logging_writer.py:48] [59000] global_step=59000, grad_norm=0.5, loss=1.68041
I0914 07:17:13.522423 140507706811584 submission.py:307] 59000) loss = 1.680, grad_norm = 0.500
I0914 07:17:59.309470 140507706811584 spec.py:333] Evaluating on the training split.
/usr/local/lib/python3.11/multiprocessing/popen_fork.py:66: RuntimeWarning: os.fork() was called. os.fork() is incompatible with multithreaded code, and JAX is multithreaded, so this will likely lead to a deadlock.
  self.pid = os.fork()
I0914 07:19:11.749188 140507706811584 spec.py:346] Evaluating on the validation split.
I0914 07:20:17.106508 140507706811584 spec.py:363] Evaluating on the test split.
I0914 07:20:18.066277 140507706811584 submission_runner.py:516] Time since start: 49620.04s, 	Step: 59086, 	{'train/accuracy': 0.66517578125, 'train/loss': 2.8801678466796874, 'validation/accuracy': 0.61194, 'validation/loss': 2.4760378125, 'validation/num_examples': 50000, 'test/accuracy': 0.5995, 'test/loss': 1.7874669921875, 'test/num_examples': 10000, 'score': 46314.69552898407, 'total_duration': 49620.04446363449, 'accumulated_submission_time': 46314.69552898407, 'accumulated_eval_time': 3128.6497945785522, 'accumulated_logging_time': 6.634281158447266}
I0914 07:20:18.401620 140484991186688 logging_writer.py:48] [59086] accumulated_eval_time=3128.65, accumulated_logging_time=6.63428, accumulated_submission_time=46314.7, global_step=59086, preemption_count=0, score=46314.7, test/accuracy=0.5995, test/loss=1.78747, test/num_examples=10000, total_duration=49620, train/accuracy=0.665176, train/loss=2.88017, validation/accuracy=0.61194, validation/loss=2.47604, validation/num_examples=50000
I0914 07:26:13.592047 140485016364800 logging_writer.py:48] [59500] global_step=59500, grad_norm=0.5, loss=1.69781
I0914 07:26:13.598051 140507706811584 submission.py:307] 59500) loss = 1.698, grad_norm = 0.500
I0914 07:35:29.575629 140484991186688 logging_writer.py:48] [60000] global_step=60000, grad_norm=0.5, loss=1.56784
I0914 07:35:29.581617 140507706811584 submission.py:307] 60000) loss = 1.568, grad_norm = 0.500
I0914 07:40:09.461784 140485016364800 logging_writer.py:48] [60500] global_step=60500, grad_norm=0.5, loss=2.55564
I0914 07:40:09.466907 140507706811584 submission.py:307] 60500) loss = 2.556, grad_norm = 0.500
I0914 07:47:24.816457 140484991186688 logging_writer.py:48] [61000] global_step=61000, grad_norm=0.5, loss=1.56961
I0914 07:47:24.820574 140507706811584 submission.py:307] 61000) loss = 1.570, grad_norm = 0.500
I0914 07:54:20.187923 140485016364800 logging_writer.py:48] [61500] global_step=61500, grad_norm=0.5, loss=1.91171
I0914 07:54:20.194314 140507706811584 submission.py:307] 61500) loss = 1.912, grad_norm = 0.500
I0914 07:59:28.376026 140484991186688 logging_writer.py:48] [62000] global_step=62000, grad_norm=0.5, loss=2.23285
I0914 07:59:28.381062 140507706811584 submission.py:307] 62000) loss = 2.233, grad_norm = 0.500
I0914 08:03:13.700515 140507706811584 spec.py:333] Evaluating on the training split.
/usr/local/lib/python3.11/multiprocessing/popen_fork.py:66: RuntimeWarning: os.fork() was called. os.fork() is incompatible with multithreaded code, and JAX is multithreaded, so this will likely lead to a deadlock.
  self.pid = os.fork()
I0914 08:04:44.007446 140507706811584 spec.py:346] Evaluating on the validation split.
I0914 08:05:49.413023 140507706811584 spec.py:363] Evaluating on the test split.
I0914 08:05:50.373511 140507706811584 submission_runner.py:516] Time since start: 52352.35s, 	Step: 62233, 	{'train/accuracy': 0.6954296875, 'train/loss': 2.4459095764160157, 'validation/accuracy': 0.6085, 'validation/loss': 2.61531984375, 'validation/num_examples': 50000, 'test/accuracy': 0.5972, 'test/loss': 1.782680859375, 'test/num_examples': 10000, 'score': 48881.777411699295, 'total_duration': 52352.351593256, 'accumulated_submission_time': 48881.777411699295, 'accumulated_eval_time': 3285.323085308075, 'accumulated_logging_time': 6.9809653759002686}
I0914 08:05:50.656653 140484999579392 logging_writer.py:48] [62233] accumulated_eval_time=3285.32, accumulated_logging_time=6.98097, accumulated_submission_time=48881.8, global_step=62233, preemption_count=0, score=48881.8, test/accuracy=0.5972, test/loss=1.78268, test/num_examples=10000, total_duration=52352.4, train/accuracy=0.69543, train/loss=2.44591, validation/accuracy=0.6085, validation/loss=2.61532, validation/num_examples=50000
I0914 08:09:48.174925 140485007972096 logging_writer.py:48] [62500] global_step=62500, grad_norm=0.5, loss=1.61381
I0914 08:09:48.178829 140507706811584 submission.py:307] 62500) loss = 1.614, grad_norm = 0.500
I0914 08:15:01.097808 140484999579392 logging_writer.py:48] [63000] global_step=63000, grad_norm=0.5, loss=3.56985
I0914 08:15:01.102690 140507706811584 submission.py:307] 63000) loss = 3.570, grad_norm = 0.500
I0914 08:22:16.651680 140485007972096 logging_writer.py:48] [63500] global_step=63500, grad_norm=0.5, loss=2.10526
I0914 08:22:16.656977 140507706811584 submission.py:307] 63500) loss = 2.105, grad_norm = 0.500
I0914 08:28:54.200844 140484999579392 logging_writer.py:48] [64000] global_step=64000, grad_norm=0.5, loss=1.45231
I0914 08:28:54.206628 140507706811584 submission.py:307] 64000) loss = 1.452, grad_norm = 0.500
I0914 08:34:02.588206 140485007972096 logging_writer.py:48] [64500] global_step=64500, grad_norm=0.5, loss=1.62334
I0914 08:34:02.594134 140507706811584 submission.py:307] 64500) loss = 1.623, grad_norm = 0.500
I0914 08:42:46.438277 140484999579392 logging_writer.py:48] [65000] global_step=65000, grad_norm=0.5, loss=1.56603
I0914 08:42:46.442201 140507706811584 submission.py:307] 65000) loss = 1.566, grad_norm = 0.500
I0914 08:47:10.432979 140485007972096 logging_writer.py:48] [65500] global_step=65500, grad_norm=0.5, loss=1.57531
I0914 08:47:10.440686 140507706811584 submission.py:307] 65500) loss = 1.575, grad_norm = 0.500
I0914 08:48:46.463450 140507706811584 spec.py:333] Evaluating on the training split.
/usr/local/lib/python3.11/multiprocessing/popen_fork.py:66: RuntimeWarning: os.fork() was called. os.fork() is incompatible with multithreaded code, and JAX is multithreaded, so this will likely lead to a deadlock.
  self.pid = os.fork()
I0914 08:50:02.911538 140507706811584 spec.py:346] Evaluating on the validation split.
I0914 08:51:07.847461 140507706811584 spec.py:363] Evaluating on the test split.
I0914 08:51:08.719306 140507706811584 submission_runner.py:516] Time since start: 55070.70s, 	Step: 65639, 	{'train/accuracy': 0.693125, 'train/loss': 2.52487060546875, 'validation/accuracy': 0.61096, 'validation/loss': 2.59159, 'validation/num_examples': 50000, 'test/accuracy': 0.6034, 'test/loss': 1.7580052734375, 'test/num_examples': 10000, 'score': 51448.57416796684, 'total_duration': 55070.697471380234, 'accumulated_submission_time': 51448.57416796684, 'accumulated_eval_time': 3427.5788867473602, 'accumulated_logging_time': 7.273256301879883}
I0914 08:51:08.993800 140484828653312 logging_writer.py:48] [65639] accumulated_eval_time=3427.58, accumulated_logging_time=7.27326, accumulated_submission_time=51448.6, global_step=65639, preemption_count=0, score=51448.6, test/accuracy=0.6034, test/loss=1.75801, test/num_examples=10000, total_duration=55070.7, train/accuracy=0.693125, train/loss=2.52487, validation/accuracy=0.61096, validation/loss=2.59159, validation/num_examples=50000
I0914 08:56:27.439255 140485041542912 logging_writer.py:48] [66000] global_step=66000, grad_norm=0.5, loss=1.71491
I0914 08:56:27.443756 140507706811584 submission.py:307] 66000) loss = 1.715, grad_norm = 0.500
I0914 09:03:32.373220 140484828653312 logging_writer.py:48] [66500] global_step=66500, grad_norm=0.5, loss=2.57043
I0914 09:03:32.379617 140507706811584 submission.py:307] 66500) loss = 2.570, grad_norm = 0.500
I0914 09:08:47.002616 140485041542912 logging_writer.py:48] [67000] global_step=67000, grad_norm=0.5, loss=4.07414
I0914 09:08:47.006540 140507706811584 submission.py:307] 67000) loss = 4.074, grad_norm = 0.500
I0914 09:17:37.231642 140484828653312 logging_writer.py:48] [67500] global_step=67500, grad_norm=0.5, loss=1.84739
I0914 09:17:37.236508 140507706811584 submission.py:307] 67500) loss = 1.847, grad_norm = 0.500
I0914 09:22:14.478449 140485041542912 logging_writer.py:48] [68000] global_step=68000, grad_norm=0.5, loss=1.80384
I0914 09:22:14.482540 140507706811584 submission.py:307] 68000) loss = 1.804, grad_norm = 0.500
I0914 09:29:09.392706 140484828653312 logging_writer.py:48] [68500] global_step=68500, grad_norm=0.5, loss=3.74476
I0914 09:29:09.398597 140507706811584 submission.py:307] 68500) loss = 3.745, grad_norm = 0.500
I0914 09:34:03.900097 140507706811584 spec.py:333] Evaluating on the training split.
/usr/local/lib/python3.11/multiprocessing/popen_fork.py:66: RuntimeWarning: os.fork() was called. os.fork() is incompatible with multithreaded code, and JAX is multithreaded, so this will likely lead to a deadlock.
  self.pid = os.fork()
I0914 09:34:55.242740 140507706811584 spec.py:346] Evaluating on the validation split.
I0914 09:36:00.123647 140507706811584 spec.py:363] Evaluating on the test split.
I0914 09:36:01.072996 140507706811584 submission_runner.py:516] Time since start: 57763.05s, 	Step: 68773, 	{'train/accuracy': 0.6909765625, 'train/loss': 2.595083923339844, 'validation/accuracy': 0.63086, 'validation/loss': 2.31974203125, 'validation/num_examples': 50000, 'test/accuracy': 0.6061, 'test/loss': 1.7303037109375, 'test/num_examples': 10000, 'score': 54015.92000699043, 'total_duration': 57763.051216840744, 'accumulated_submission_time': 54015.92000699043, 'accumulated_eval_time': 3544.751893043518, 'accumulated_logging_time': 7.557418584823608}
I0914 09:36:01.388132 140485016364800 logging_writer.py:48] [68773] accumulated_eval_time=3544.75, accumulated_logging_time=7.55742, accumulated_submission_time=54015.9, global_step=68773, preemption_count=0, score=54015.9, test/accuracy=0.6061, test/loss=1.7303, test/num_examples=10000, total_duration=57763.1, train/accuracy=0.690977, train/loss=2.59508, validation/accuracy=0.63086, validation/loss=2.31974, validation/num_examples=50000
I0914 09:39:00.606691 140485033150208 logging_writer.py:48] [69000] global_step=69000, grad_norm=0.5, loss=1.55964
I0914 09:39:00.612642 140507706811584 submission.py:307] 69000) loss = 1.560, grad_norm = 0.500
I0914 09:45:58.553005 140485016364800 logging_writer.py:48] [69500] global_step=69500, grad_norm=0.5, loss=3.9182
I0914 09:45:58.558112 140507706811584 submission.py:307] 69500) loss = 3.918, grad_norm = 0.500
I0914 09:55:02.126298 140485033150208 logging_writer.py:48] [70000] global_step=70000, grad_norm=0.5, loss=2.36073
I0914 09:55:02.130255 140507706811584 submission.py:307] 70000) loss = 2.361, grad_norm = 0.500
I0914 09:59:31.014065 140485016364800 logging_writer.py:48] [70500] global_step=70500, grad_norm=0.5, loss=2.59856
I0914 09:59:31.019096 140507706811584 submission.py:307] 70500) loss = 2.599, grad_norm = 0.500
I0914 10:06:54.576431 140485033150208 logging_writer.py:48] [71000] global_step=71000, grad_norm=0.5, loss=1.9473
I0914 10:06:54.580720 140507706811584 submission.py:307] 71000) loss = 1.947, grad_norm = 0.500
I0914 10:14:05.540501 140485016364800 logging_writer.py:48] [71500] global_step=71500, grad_norm=0.5, loss=1.50889
I0914 10:14:05.547118 140507706811584 submission.py:307] 71500) loss = 1.509, grad_norm = 0.500
I0914 10:18:57.269018 140507706811584 spec.py:333] Evaluating on the training split.
/usr/local/lib/python3.11/multiprocessing/popen_fork.py:66: RuntimeWarning: os.fork() was called. os.fork() is incompatible with multithreaded code, and JAX is multithreaded, so this will likely lead to a deadlock.
  self.pid = os.fork()
I0914 10:20:14.490741 140507706811584 spec.py:346] Evaluating on the validation split.
I0914 10:21:19.918390 140507706811584 spec.py:363] Evaluating on the test split.
I0914 10:21:20.885500 140507706811584 submission_runner.py:516] Time since start: 60482.86s, 	Step: 71975, 	{'train/accuracy': 0.6887890625, 'train/loss': 2.768858642578125, 'validation/accuracy': 0.63156, 'validation/loss': 2.42385984375, 'validation/num_examples': 50000, 'test/accuracy': 0.6106, 'test/loss': 1.7244625, 'test/num_examples': 10000, 'score': 56582.710934877396, 'total_duration': 60482.86300563812, 'accumulated_submission_time': 56582.710934877396, 'accumulated_eval_time': 3688.368086576462, 'accumulated_logging_time': 7.884807109832764}
I0914 10:21:21.173105 140485091899136 logging_writer.py:48] [71975] accumulated_eval_time=3688.37, accumulated_logging_time=7.88481, accumulated_submission_time=56582.7, global_step=71975, preemption_count=0, score=56582.7, test/accuracy=0.6106, test/loss=1.72446, test/num_examples=10000, total_duration=60482.9, train/accuracy=0.688789, train/loss=2.76886, validation/accuracy=0.63156, validation/loss=2.42386, validation/num_examples=50000
I0914 10:21:28.543692 140485007972096 logging_writer.py:48] [72000] global_step=72000, grad_norm=0.5, loss=2.12379
I0914 10:21:28.547159 140507706811584 submission.py:307] 72000) loss = 2.124, grad_norm = 0.500
I0914 10:29:48.708868 140485091899136 logging_writer.py:48] [72500] global_step=72500, grad_norm=0.5, loss=1.69216
I0914 10:29:48.712683 140507706811584 submission.py:307] 72500) loss = 1.692, grad_norm = 0.500
I0914 10:34:51.642090 140485007972096 logging_writer.py:48] [73000] global_step=73000, grad_norm=0.5, loss=3.41101
I0914 10:34:51.646455 140507706811584 submission.py:307] 73000) loss = 3.411, grad_norm = 0.500
I0914 10:42:05.829747 140485091899136 logging_writer.py:48] [73500] global_step=73500, grad_norm=0.5, loss=1.71274
I0914 10:42:05.835457 140507706811584 submission.py:307] 73500) loss = 1.713, grad_norm = 0.500
I0914 10:48:56.589232 140485007972096 logging_writer.py:48] [74000] global_step=74000, grad_norm=0.5, loss=2.06937
I0914 10:48:56.603627 140507706811584 submission.py:307] 74000) loss = 2.069, grad_norm = 0.500
I0914 10:54:04.485645 140485091899136 logging_writer.py:48] [74500] global_step=74500, grad_norm=0.5, loss=2.26177
I0914 10:54:04.489653 140507706811584 submission.py:307] 74500) loss = 2.262, grad_norm = 0.500
I0914 11:02:41.076665 140485007972096 logging_writer.py:48] [75000] global_step=75000, grad_norm=0.5, loss=2.49524
I0914 11:02:41.082876 140507706811584 submission.py:307] 75000) loss = 2.495, grad_norm = 0.500
I0914 11:04:16.917864 140507706811584 spec.py:333] Evaluating on the training split.
/usr/local/lib/python3.11/multiprocessing/popen_fork.py:66: RuntimeWarning: os.fork() was called. os.fork() is incompatible with multithreaded code, and JAX is multithreaded, so this will likely lead to a deadlock.
  self.pid = os.fork()
I0914 11:05:31.214393 140507706811584 spec.py:346] Evaluating on the validation split.
I0914 11:06:36.624001 140507706811584 spec.py:363] Evaluating on the test split.
I0914 11:06:37.528402 140507706811584 submission_runner.py:516] Time since start: 63199.51s, 	Step: 75149, 	{'train/accuracy': 0.73109375, 'train/loss': 2.12315185546875, 'validation/accuracy': 0.61068, 'validation/loss': 2.7683290625, 'validation/num_examples': 50000, 'test/accuracy': 0.6132, 'test/loss': 1.722033203125, 'test/num_examples': 10000, 'score': 59149.80621433258, 'total_duration': 63199.50657391548, 'accumulated_submission_time': 59149.80621433258, 'accumulated_eval_time': 3828.978727579117, 'accumulated_logging_time': 8.191806316375732}
I0914 11:06:37.875280 140485117077248 logging_writer.py:48] [75149] accumulated_eval_time=3828.98, accumulated_logging_time=8.19181, accumulated_submission_time=59149.8, global_step=75149, preemption_count=0, score=59149.8, test/accuracy=0.6132, test/loss=1.72203, test/num_examples=10000, total_duration=63199.5, train/accuracy=0.731094, train/loss=2.12315, validation/accuracy=0.61068, validation/loss=2.76833, validation/num_examples=50000
I0914 11:11:05.711035 140484999579392 logging_writer.py:48] [75500] global_step=75500, grad_norm=0.5, loss=1.44321
I0914 11:11:05.716107 140507706811584 submission.py:307] 75500) loss = 1.443, grad_norm = 0.500
I0914 11:19:22.184468 140485117077248 logging_writer.py:48] [76000] global_step=76000, grad_norm=0.5, loss=1.27353
I0914 11:19:22.188590 140507706811584 submission.py:307] 76000) loss = 1.274, grad_norm = 0.500
I0914 11:26:39.018251 140484999579392 logging_writer.py:48] [76500] global_step=76500, grad_norm=0.5, loss=1.47475
I0914 11:26:39.029775 140507706811584 submission.py:307] 76500) loss = 1.475, grad_norm = 0.500
I0914 11:31:45.079613 140485117077248 logging_writer.py:48] [77000] global_step=77000, grad_norm=0.5, loss=1.56408
I0914 11:31:45.085461 140507706811584 submission.py:307] 77000) loss = 1.564, grad_norm = 0.500
I0914 11:40:50.829887 140484999579392 logging_writer.py:48] [77500] global_step=77500, grad_norm=0.5, loss=1.63346
I0914 11:40:50.834627 140507706811584 submission.py:307] 77500) loss = 1.633, grad_norm = 0.500
I0914 11:45:20.949659 140485117077248 logging_writer.py:48] [78000] global_step=78000, grad_norm=0.5, loss=1.43918
I0914 11:45:20.954147 140507706811584 submission.py:307] 78000) loss = 1.439, grad_norm = 0.500
I0914 11:49:35.283980 140507706811584 spec.py:333] Evaluating on the training split.
/usr/local/lib/python3.11/multiprocessing/popen_fork.py:66: RuntimeWarning: os.fork() was called. os.fork() is incompatible with multithreaded code, and JAX is multithreaded, so this will likely lead to a deadlock.
  self.pid = os.fork()
I0914 11:50:59.421541 140507706811584 spec.py:346] Evaluating on the validation split.
I0914 11:52:04.299040 140507706811584 spec.py:363] Evaluating on the test split.
I0914 11:52:05.277798 140507706811584 submission_runner.py:516] Time since start: 65927.25s, 	Step: 78343, 	{'train/accuracy': 0.686171875, 'train/loss': 2.8263055419921876, 'validation/accuracy': 0.62296, 'validation/loss': 2.597374375, 'validation/num_examples': 50000, 'test/accuracy': 0.6155, 'test/loss': 1.707414453125, 'test/num_examples': 10000, 'score': 61718.4423429966, 'total_duration': 65927.25494980812, 'accumulated_submission_time': 61718.4423429966, 'accumulated_eval_time': 3978.9714126586914, 'accumulated_logging_time': 8.550678730010986}
I0914 11:52:05.551152 140485007972096 logging_writer.py:48] [78343] accumulated_eval_time=3978.97, accumulated_logging_time=8.55068, accumulated_submission_time=61718.4, global_step=78343, preemption_count=0, score=61718.4, test/accuracy=0.6155, test/loss=1.70741, test/num_examples=10000, total_duration=65927.3, train/accuracy=0.686172, train/loss=2.82631, validation/accuracy=0.62296, validation/loss=2.59737, validation/num_examples=50000
I0914 11:53:42.663558 140488370267904 logging_writer.py:48] [78500] global_step=78500, grad_norm=0.5, loss=3.63403
I0914 11:53:42.667221 140507706811584 submission.py:307] 78500) loss = 3.634, grad_norm = 0.500
I0914 12:01:10.499933 140485007972096 logging_writer.py:48] [79000] global_step=79000, grad_norm=0.5, loss=1.53774
I0914 12:01:10.505761 140507706811584 submission.py:307] 79000) loss = 1.538, grad_norm = 0.500
I0914 12:06:35.636253 140488370267904 logging_writer.py:48] [79500] global_step=79500, grad_norm=0.5, loss=1.38847
I0914 12:06:35.640166 140507706811584 submission.py:307] 79500) loss = 1.388, grad_norm = 0.500
I0914 12:15:14.641458 140485007972096 logging_writer.py:48] [80000] global_step=80000, grad_norm=0.5, loss=1.43119
I0914 12:15:14.645396 140507706811584 submission.py:307] 80000) loss = 1.431, grad_norm = 0.500
I0914 12:19:44.568130 140488370267904 logging_writer.py:48] [80500] global_step=80500, grad_norm=0.5, loss=3.8279
I0914 12:19:44.572558 140507706811584 submission.py:307] 80500) loss = 3.828, grad_norm = 0.500
I0914 12:26:39.132767 140485007972096 logging_writer.py:48] [81000] global_step=81000, grad_norm=0.5, loss=1.52316
I0914 12:26:39.136672 140507706811584 submission.py:307] 81000) loss = 1.523, grad_norm = 0.500
I0914 12:33:38.998826 140488370267904 logging_writer.py:48] [81500] global_step=81500, grad_norm=0.5, loss=1.26651
I0914 12:33:39.029968 140507706811584 submission.py:307] 81500) loss = 1.267, grad_norm = 0.500
I0914 12:35:01.941333 140507706811584 spec.py:333] Evaluating on the training split.
/usr/local/lib/python3.11/multiprocessing/popen_fork.py:66: RuntimeWarning: os.fork() was called. os.fork() is incompatible with multithreaded code, and JAX is multithreaded, so this will likely lead to a deadlock.
  self.pid = os.fork()
I0914 12:36:10.082504 140507706811584 spec.py:346] Evaluating on the validation split.
I0914 12:37:14.994270 140507706811584 spec.py:363] Evaluating on the test split.
I0914 12:37:15.869337 140507706811584 submission_runner.py:516] Time since start: 68637.85s, 	Step: 81658, 	{'train/accuracy': 0.71037109375, 'train/loss': 2.5062692260742185, 'validation/accuracy': 0.64238, 'validation/loss': 2.26289203125, 'validation/num_examples': 50000, 'test/accuracy': 0.6195, 'test/loss': 1.6986482421875, 'test/num_examples': 10000, 'score': 64286.231412410736, 'total_duration': 68637.84749555588, 'accumulated_submission_time': 64286.231412410736, 'accumulated_eval_time': 4112.900275707245, 'accumulated_logging_time': 8.836618423461914}
I0914 12:37:16.161242 140485125469952 logging_writer.py:48] [81658] accumulated_eval_time=4112.9, accumulated_logging_time=8.83662, accumulated_submission_time=64286.2, global_step=81658, preemption_count=0, score=64286.2, test/accuracy=0.6195, test/loss=1.69865, test/num_examples=10000, total_duration=68637.8, train/accuracy=0.710371, train/loss=2.50627, validation/accuracy=0.64238, validation/loss=2.26289, validation/num_examples=50000
I0914 12:41:57.584804 140485083506432 logging_writer.py:48] [82000] global_step=82000, grad_norm=0.5, loss=1.37238
I0914 12:41:57.590211 140507706811584 submission.py:307] 82000) loss = 1.372, grad_norm = 0.500
I0914 12:51:02.255522 140485125469952 logging_writer.py:48] [82500] global_step=82500, grad_norm=0.5, loss=1.41472
I0914 12:51:02.260458 140507706811584 submission.py:307] 82500) loss = 1.415, grad_norm = 0.500
I0914 12:55:45.043859 140485083506432 logging_writer.py:48] [83000] global_step=83000, grad_norm=0.5, loss=1.35322
I0914 12:55:45.048648 140507706811584 submission.py:307] 83000) loss = 1.353, grad_norm = 0.500
I0914 13:02:49.979186 140485125469952 logging_writer.py:48] [83500] global_step=83500, grad_norm=0.5, loss=1.33001
I0914 13:02:49.986246 140507706811584 submission.py:307] 83500) loss = 1.330, grad_norm = 0.500
I0914 13:09:58.072855 140485083506432 logging_writer.py:48] [84000] global_step=84000, grad_norm=0.5, loss=3.46984
I0914 13:09:58.082865 140507706811584 submission.py:307] 84000) loss = 3.470, grad_norm = 0.500
I0914 13:15:04.410156 140485125469952 logging_writer.py:48] [84500] global_step=84500, grad_norm=0.5, loss=1.38972
I0914 13:15:04.414316 140507706811584 submission.py:307] 84500) loss = 1.390, grad_norm = 0.500
I0914 13:20:19.622749 140507706811584 spec.py:333] Evaluating on the training split.
/usr/local/lib/python3.11/multiprocessing/popen_fork.py:66: RuntimeWarning: os.fork() was called. os.fork() is incompatible with multithreaded code, and JAX is multithreaded, so this will likely lead to a deadlock.
  self.pid = os.fork()
I0914 13:21:43.145435 140507706811584 spec.py:346] Evaluating on the validation split.
I0914 13:22:48.405091 140507706811584 spec.py:363] Evaluating on the test split.
I0914 13:22:49.332628 140507706811584 submission_runner.py:516] Time since start: 71371.31s, 	Step: 84818, 	{'train/accuracy': 0.72197265625, 'train/loss': 2.4494094848632812, 'validation/accuracy': 0.61692, 'validation/loss': 2.79200625, 'validation/num_examples': 50000, 'test/accuracy': 0.6166, 'test/loss': 1.700314453125, 'test/num_examples': 10000, 'score': 66861.53665137291, 'total_duration': 71371.31085371971, 'accumulated_submission_time': 66861.53665137291, 'accumulated_eval_time': 4262.610267877579, 'accumulated_logging_time': 9.137850284576416}
I0914 13:22:49.597188 140485041542912 logging_writer.py:48] [84818] accumulated_eval_time=4262.61, accumulated_logging_time=9.13785, accumulated_submission_time=66861.5, global_step=84818, preemption_count=0, score=66861.5, test/accuracy=0.6166, test/loss=1.70031, test/num_examples=10000, total_duration=71371.3, train/accuracy=0.721973, train/loss=2.44941, validation/accuracy=0.61692, validation/loss=2.79201, validation/num_examples=50000
I0914 13:25:11.469893 140485091899136 logging_writer.py:48] [85000] global_step=85000, grad_norm=0.5, loss=1.71786
I0914 13:25:11.485686 140507706811584 submission.py:307] 85000) loss = 1.718, grad_norm = 0.500
I0914 13:30:58.928760 140485041542912 logging_writer.py:48] [85500] global_step=85500, grad_norm=0.5, loss=2.54686
I0914 13:30:58.933454 140507706811584 submission.py:307] 85500) loss = 2.547, grad_norm = 0.500
I0914 13:38:27.179568 140485091899136 logging_writer.py:48] [86000] global_step=86000, grad_norm=0.5, loss=3.16338
I0914 13:38:27.184804 140507706811584 submission.py:307] 86000) loss = 3.163, grad_norm = 0.500
I0914 13:45:05.869021 140485041542912 logging_writer.py:48] [86500] global_step=86500, grad_norm=0.5, loss=1.86864
I0914 13:45:05.873607 140507706811584 submission.py:307] 86500) loss = 1.869, grad_norm = 0.500
I0914 13:50:10.162425 140485091899136 logging_writer.py:48] [87000] global_step=87000, grad_norm=0.5, loss=1.37481
I0914 13:50:10.166693 140507706811584 submission.py:307] 87000) loss = 1.375, grad_norm = 0.500
I0914 13:58:57.118870 140485041542912 logging_writer.py:48] [87500] global_step=87500, grad_norm=0.5, loss=1.44445
I0914 13:58:57.124395 140507706811584 submission.py:307] 87500) loss = 1.444, grad_norm = 0.500
I0914 14:03:26.384844 140485091899136 logging_writer.py:48] [88000] global_step=88000, grad_norm=0.5, loss=3.74655
I0914 14:03:26.389654 140507706811584 submission.py:307] 88000) loss = 3.747, grad_norm = 0.500
I0914 14:05:46.698072 140507706811584 spec.py:333] Evaluating on the training split.
/usr/local/lib/python3.11/multiprocessing/popen_fork.py:66: RuntimeWarning: os.fork() was called. os.fork() is incompatible with multithreaded code, and JAX is multithreaded, so this will likely lead to a deadlock.
  self.pid = os.fork()
I0914 14:07:04.177813 140507706811584 spec.py:346] Evaluating on the validation split.
I0914 14:08:09.412411 140507706811584 spec.py:363] Evaluating on the test split.
I0914 14:08:10.325278 140507706811584 submission_runner.py:516] Time since start: 74092.30s, 	Step: 88203, 	{'train/accuracy': 0.74865234375, 'train/loss': 2.119185791015625, 'validation/accuracy': 0.61966, 'validation/loss': 2.73540625, 'validation/num_examples': 50000, 'test/accuracy': 0.6215, 'test/loss': 1.683543359375, 'test/num_examples': 10000, 'score': 69429.64796209335, 'total_duration': 74092.30352163315, 'accumulated_submission_time': 69429.64796209335, 'accumulated_eval_time': 4406.237560510635, 'accumulated_logging_time': 9.414802074432373}
I0914 14:08:10.702883 140484853831424 logging_writer.py:48] [88203] accumulated_eval_time=4406.24, accumulated_logging_time=9.4148, accumulated_submission_time=69429.6, global_step=88203, preemption_count=0, score=69429.6, test/accuracy=0.6215, test/loss=1.68354, test/num_examples=10000, total_duration=74092.3, train/accuracy=0.748652, train/loss=2.11919, validation/accuracy=0.61966, validation/loss=2.73541, validation/num_examples=50000
I0914 14:12:15.312587 140484999579392 logging_writer.py:48] [88500] global_step=88500, grad_norm=0.5, loss=3.55842
I0914 14:12:15.317419 140507706811584 submission.py:307] 88500) loss = 3.558, grad_norm = 0.500
I0914 14:19:44.762547 140484853831424 logging_writer.py:48] [89000] global_step=89000, grad_norm=0.5, loss=1.2544
I0914 14:19:44.800870 140507706811584 submission.py:307] 89000) loss = 1.254, grad_norm = 0.500
I0914 14:25:03.408800 140484999579392 logging_writer.py:48] [89500] global_step=89500, grad_norm=0.5, loss=1.41412
I0914 14:25:03.415614 140507706811584 submission.py:307] 89500) loss = 1.414, grad_norm = 0.500
I0914 14:33:53.783746 140484853831424 logging_writer.py:48] [90000] global_step=90000, grad_norm=0.5, loss=1.28966
I0914 14:33:53.787723 140507706811584 submission.py:307] 90000) loss = 1.290, grad_norm = 0.500
I0914 14:38:18.897946 140484999579392 logging_writer.py:48] [90500] global_step=90500, grad_norm=0.5, loss=1.70013
I0914 14:38:18.903419 140507706811584 submission.py:307] 90500) loss = 1.700, grad_norm = 0.500
I0914 14:45:11.037715 140484853831424 logging_writer.py:48] [91000] global_step=91000, grad_norm=0.5, loss=3.63936
I0914 14:45:11.044745 140507706811584 submission.py:307] 91000) loss = 3.639, grad_norm = 0.500
I0914 14:51:06.434349 140507706811584 spec.py:333] Evaluating on the training split.
/usr/local/lib/python3.11/multiprocessing/popen_fork.py:66: RuntimeWarning: os.fork() was called. os.fork() is incompatible with multithreaded code, and JAX is multithreaded, so this will likely lead to a deadlock.
  self.pid = os.fork()
I0914 14:52:17.920029 140507706811584 spec.py:346] Evaluating on the validation split.
I0914 14:53:23.046366 140507706811584 spec.py:363] Evaluating on the test split.
I0914 14:53:23.970502 140507706811584 submission_runner.py:516] Time since start: 76805.95s, 	Step: 91363, 	{'train/accuracy': 0.71162109375, 'train/loss': 2.6787774658203123, 'validation/accuracy': 0.63354, 'validation/loss': 2.514245, 'validation/num_examples': 50000, 'test/accuracy': 0.6294, 'test/loss': 1.683933984375, 'test/num_examples': 10000, 'score': 71996.89573025703, 'total_duration': 76805.9487221241, 'accumulated_submission_time': 71996.89573025703, 'accumulated_eval_time': 4543.773989677429, 'accumulated_logging_time': 9.803289890289307}
I0914 14:53:24.280097 140484991186688 logging_writer.py:48] [91363] accumulated_eval_time=4543.77, accumulated_logging_time=9.80329, accumulated_submission_time=71996.9, global_step=91363, preemption_count=0, score=71996.9, test/accuracy=0.6294, test/loss=1.68393, test/num_examples=10000, total_duration=76805.9, train/accuracy=0.711621, train/loss=2.67878, validation/accuracy=0.63354, validation/loss=2.51424, validation/num_examples=50000
I0914 14:54:26.773252 140485058328320 logging_writer.py:48] [91500] global_step=91500, grad_norm=0.5, loss=1.27041
I0914 14:54:26.778402 140507706811584 submission.py:307] 91500) loss = 1.270, grad_norm = 0.500
I0914 15:02:08.281780 140484991186688 logging_writer.py:48] [92000] global_step=92000, grad_norm=0.5, loss=2.44104
I0914 15:02:08.288162 140507706811584 submission.py:307] 92000) loss = 2.441, grad_norm = 0.500
I0914 15:11:21.171151 140485058328320 logging_writer.py:48] [92500] global_step=92500, grad_norm=0.5, loss=1.27221
I0914 15:11:21.175150 140507706811584 submission.py:307] 92500) loss = 1.272, grad_norm = 0.500
I0914 15:16:03.307185 140484991186688 logging_writer.py:48] [93000] global_step=93000, grad_norm=0.5, loss=1.3779
I0914 15:16:03.312820 140507706811584 submission.py:307] 93000) loss = 1.378, grad_norm = 0.500
I0914 15:23:15.317771 140485058328320 logging_writer.py:48] [93500] global_step=93500, grad_norm=0.5, loss=1.24184
I0914 15:23:15.324241 140507706811584 submission.py:307] 93500) loss = 1.242, grad_norm = 0.500
I0914 15:30:34.342267 140484991186688 logging_writer.py:48] [94000] global_step=94000, grad_norm=0.5, loss=1.20235
I0914 15:30:34.372657 140507706811584 submission.py:307] 94000) loss = 1.202, grad_norm = 0.500
I0914 15:35:25.647907 140485058328320 logging_writer.py:48] [94500] global_step=94500, grad_norm=0.5, loss=3.51255
I0914 15:35:25.653179 140507706811584 submission.py:307] 94500) loss = 3.513, grad_norm = 0.500
I0914 15:36:19.988276 140507706811584 spec.py:333] Evaluating on the training split.
/usr/local/lib/python3.11/multiprocessing/popen_fork.py:66: RuntimeWarning: os.fork() was called. os.fork() is incompatible with multithreaded code, and JAX is multithreaded, so this will likely lead to a deadlock.
  self.pid = os.fork()
I0914 15:37:46.294738 140507706811584 spec.py:346] Evaluating on the validation split.
I0914 15:38:52.169045 140507706811584 spec.py:363] Evaluating on the test split.
I0914 15:38:53.210876 140507706811584 submission_runner.py:516] Time since start: 79535.19s, 	Step: 94562, 	{'train/accuracy': 0.75099609375, 'train/loss': 2.18218994140625, 'validation/accuracy': 0.63316, 'validation/loss': 2.51823375, 'validation/num_examples': 50000, 'test/accuracy': 0.6312, 'test/loss': 1.665711328125, 'test/num_examples': 10000, 'score': 74563.37644934654, 'total_duration': 79535.18826961517, 'accumulated_submission_time': 74563.37644934654, 'accumulated_eval_time': 4696.995683193207, 'accumulated_logging_time': 10.130064964294434}
I0914 15:38:53.544306 140485041542912 logging_writer.py:48] [94562] accumulated_eval_time=4697, accumulated_logging_time=10.1301, accumulated_submission_time=74563.4, global_step=94562, preemption_count=0, score=74563.4, test/accuracy=0.6312, test/loss=1.66571, test/num_examples=10000, total_duration=79535.2, train/accuracy=0.750996, train/loss=2.18219, validation/accuracy=0.63316, validation/loss=2.51823, validation/num_examples=50000
I0914 15:45:43.294047 140488370267904 logging_writer.py:48] [95000] global_step=95000, grad_norm=0.5, loss=1.19887
I0914 15:45:43.298103 140507706811584 submission.py:307] 95000) loss = 1.199, grad_norm = 0.500
I0914 15:51:04.248950 140485041542912 logging_writer.py:48] [95500] global_step=95500, grad_norm=0.5, loss=1.3123
I0914 15:51:04.253101 140507706811584 submission.py:307] 95500) loss = 1.312, grad_norm = 0.500
I0914 15:58:09.693961 140488370267904 logging_writer.py:48] [96000] global_step=96000, grad_norm=0.5, loss=1.16824
I0914 15:58:09.699718 140507706811584 submission.py:307] 96000) loss = 1.168, grad_norm = 0.500
I0914 16:05:02.458126 140485041542912 logging_writer.py:48] [96500] global_step=96500, grad_norm=0.5, loss=1.24271
I0914 16:05:02.464063 140507706811584 submission.py:307] 96500) loss = 1.243, grad_norm = 0.500
I0914 16:10:05.472149 140488370267904 logging_writer.py:48] [97000] global_step=97000, grad_norm=0.5, loss=1.82541
I0914 16:10:05.480813 140507706811584 submission.py:307] 97000) loss = 1.825, grad_norm = 0.500
I0914 16:18:36.637383 140485041542912 logging_writer.py:48] [97500] global_step=97500, grad_norm=0.5, loss=1.49459
I0914 16:18:36.652518 140507706811584 submission.py:307] 97500) loss = 1.495, grad_norm = 0.500
I0914 16:21:48.728986 140507706811584 spec.py:333] Evaluating on the training split.
/usr/local/lib/python3.11/multiprocessing/popen_fork.py:66: RuntimeWarning: os.fork() was called. os.fork() is incompatible with multithreaded code, and JAX is multithreaded, so this will likely lead to a deadlock.
  self.pid = os.fork()
I0914 16:23:04.155695 140507706811584 spec.py:346] Evaluating on the validation split.
I0914 16:24:09.161276 140507706811584 spec.py:363] Evaluating on the test split.
I0914 16:24:10.079079 140507706811584 submission_runner.py:516] Time since start: 82252.06s, 	Step: 97834, 	{'train/accuracy': 0.74978515625, 'train/loss': 2.2532208251953123, 'validation/accuracy': 0.64504, 'validation/loss': 2.42088640625, 'validation/num_examples': 50000, 'test/accuracy': 0.6259, 'test/loss': 1.68273125, 'test/num_examples': 10000, 'score': 77130.09559607506, 'total_duration': 82252.05650377274, 'accumulated_submission_time': 77130.09559607506, 'accumulated_eval_time': 4838.347635269165, 'accumulated_logging_time': 10.473679780960083}
I0914 16:24:10.433984 140485007972096 logging_writer.py:48] [97834] accumulated_eval_time=4838.35, accumulated_logging_time=10.4737, accumulated_submission_time=77130.1, global_step=97834, preemption_count=0, score=77130.1, test/accuracy=0.6259, test/loss=1.68273, test/num_examples=10000, total_duration=82252.1, train/accuracy=0.749785, train/loss=2.25322, validation/accuracy=0.64504, validation/loss=2.42089, validation/num_examples=50000
I0914 16:25:52.226353 140485024757504 logging_writer.py:48] [98000] global_step=98000, grad_norm=0.5, loss=1.36966
I0914 16:25:52.233252 140507706811584 submission.py:307] 98000) loss = 1.370, grad_norm = 0.500
I0914 16:34:23.703118 140485007972096 logging_writer.py:48] [98500] global_step=98500, grad_norm=0.5, loss=1.14689
I0914 16:34:23.709549 140507706811584 submission.py:307] 98500) loss = 1.147, grad_norm = 0.500
I0914 16:41:54.575507 140485024757504 logging_writer.py:48] [99000] global_step=99000, grad_norm=0.5, loss=1.20528
I0914 16:41:54.584301 140507706811584 submission.py:307] 99000) loss = 1.205, grad_norm = 0.500
I0914 16:47:01.734953 140485007972096 logging_writer.py:48] [99500] global_step=99500, grad_norm=0.5, loss=2.09376
I0914 16:47:01.739069 140507706811584 submission.py:307] 99500) loss = 2.094, grad_norm = 0.500
I0914 16:55:54.309578 140485024757504 logging_writer.py:48] [100000] global_step=100000, grad_norm=0.5, loss=1.41589
I0914 16:55:54.314973 140507706811584 submission.py:307] 100000) loss = 1.416, grad_norm = 0.500
I0914 17:00:34.595384 140485007972096 logging_writer.py:48] [100500] global_step=100500, grad_norm=0.5, loss=1.38283
I0914 17:00:34.599744 140507706811584 submission.py:307] 100500) loss = 1.383, grad_norm = 0.500
I0914 17:07:07.375317 140507706811584 spec.py:333] Evaluating on the training split.
/usr/local/lib/python3.11/multiprocessing/popen_fork.py:66: RuntimeWarning: os.fork() was called. os.fork() is incompatible with multithreaded code, and JAX is multithreaded, so this will likely lead to a deadlock.
  self.pid = os.fork()
I0914 17:08:30.082203 140507706811584 spec.py:346] Evaluating on the validation split.
I0914 17:09:35.541888 140507706811584 spec.py:363] Evaluating on the test split.
I0914 17:09:36.416068 140507706811584 submission_runner.py:516] Time since start: 84978.39s, 	Step: 100988, 	{'train/accuracy': 0.769765625, 'train/loss': 2.051152801513672, 'validation/accuracy': 0.64088, 'validation/loss': 2.5134090625, 'validation/num_examples': 50000, 'test/accuracy': 0.6316, 'test/loss': 1.67145859375, 'test/num_examples': 10000, 'score': 79698.34933590889, 'total_duration': 84978.39427757263, 'accumulated_submission_time': 79698.34933590889, 'accumulated_eval_time': 4987.388442993164, 'accumulated_logging_time': 10.837621450424194}
I0914 17:09:36.727324 140484999579392 logging_writer.py:48] [100988] accumulated_eval_time=4987.39, accumulated_logging_time=10.8376, accumulated_submission_time=79698.3, global_step=100988, preemption_count=0, score=79698.3, test/accuracy=0.6316, test/loss=1.67146, test/num_examples=10000, total_duration=84978.4, train/accuracy=0.769766, train/loss=2.05115, validation/accuracy=0.64088, validation/loss=2.51341, validation/num_examples=50000
I0914 17:09:40.665591 140485024757504 logging_writer.py:48] [101000] global_step=101000, grad_norm=0.5, loss=1.38035
I0914 17:09:40.668834 140507706811584 submission.py:307] 101000) loss = 1.380, grad_norm = 0.500
I0914 17:16:22.962415 140484999579392 logging_writer.py:48] [101500] global_step=101500, grad_norm=0.5, loss=3.29463
I0914 17:16:22.976444 140507706811584 submission.py:307] 101500) loss = 3.295, grad_norm = 0.500
I0914 17:21:58.036333 140485024757504 logging_writer.py:48] [102000] global_step=102000, grad_norm=0.5, loss=3.06899
I0914 17:21:58.040966 140507706811584 submission.py:307] 102000) loss = 3.069, grad_norm = 0.500
I0914 17:30:17.468979 140484999579392 logging_writer.py:48] [102500] global_step=102500, grad_norm=0.5, loss=2.66818
I0914 17:30:17.472806 140507706811584 submission.py:307] 102500) loss = 2.668, grad_norm = 0.500
I0914 17:34:51.603332 140485024757504 logging_writer.py:48] [103000] global_step=103000, grad_norm=0.5, loss=1.37057
I0914 17:34:51.612731 140507706811584 submission.py:307] 103000) loss = 1.371, grad_norm = 0.500
I0914 17:41:48.970698 140484999579392 logging_writer.py:48] [103500] global_step=103500, grad_norm=0.5, loss=1.24068
I0914 17:41:48.976109 140507706811584 submission.py:307] 103500) loss = 1.241, grad_norm = 0.500
I0914 17:49:06.226054 140485024757504 logging_writer.py:48] [104000] global_step=104000, grad_norm=0.5, loss=1.84446
I0914 17:49:06.240424 140507706811584 submission.py:307] 104000) loss = 1.844, grad_norm = 0.500
I0914 17:52:31.995656 140507706811584 spec.py:333] Evaluating on the training split.
/usr/local/lib/python3.11/multiprocessing/popen_fork.py:66: RuntimeWarning: os.fork() was called. os.fork() is incompatible with multithreaded code, and JAX is multithreaded, so this will likely lead to a deadlock.
  self.pid = os.fork()
I0914 17:53:54.388982 140507706811584 spec.py:346] Evaluating on the validation split.
I0914 17:54:59.817166 140507706811584 spec.py:363] Evaluating on the test split.
I0914 17:55:00.784630 140507706811584 submission_runner.py:516] Time since start: 87702.76s, 	Step: 104335, 	{'train/accuracy': 0.73486328125, 'train/loss': 2.56908935546875, 'validation/accuracy': 0.63392, 'validation/loss': 2.6882578125, 'validation/num_examples': 50000, 'test/accuracy': 0.6326, 'test/loss': 1.6640064453125, 'test/num_examples': 10000, 'score': 82264.89665937424, 'total_duration': 87702.76287913322, 'accumulated_submission_time': 82264.89665937424, 'accumulated_eval_time': 5136.17781662941, 'accumulated_logging_time': 11.158146619796753}
I0914 17:55:01.190526 140485075113728 logging_writer.py:48] [104335] accumulated_eval_time=5136.18, accumulated_logging_time=11.1581, accumulated_submission_time=82264.9, global_step=104335, preemption_count=0, score=82264.9, test/accuracy=0.6326, test/loss=1.66401, test/num_examples=10000, total_duration=87702.8, train/accuracy=0.734863, train/loss=2.56909, validation/accuracy=0.63392, validation/loss=2.68826, validation/num_examples=50000
I0914 17:56:56.498791 140484982793984 logging_writer.py:48] [104500] global_step=104500, grad_norm=0.5, loss=1.21133
I0914 17:56:56.503313 140507706811584 submission.py:307] 104500) loss = 1.211, grad_norm = 0.500
I0914 18:07:01.756009 140485075113728 logging_writer.py:48] [105000] global_step=105000, grad_norm=0.5, loss=1.791
I0914 18:07:01.759825 140507706811584 submission.py:307] 105000) loss = 1.791, grad_norm = 0.500
I0914 18:12:12.314617 140484982793984 logging_writer.py:48] [105500] global_step=105500, grad_norm=0.5, loss=2.56654
I0914 18:12:12.318906 140507706811584 submission.py:307] 105500) loss = 2.567, grad_norm = 0.500
I0914 18:19:16.240788 140485075113728 logging_writer.py:48] [106000] global_step=106000, grad_norm=0.5, loss=1.12769
I0914 18:19:16.246190 140507706811584 submission.py:307] 106000) loss = 1.128, grad_norm = 0.500
I0914 18:26:39.342822 140484982793984 logging_writer.py:48] [106500] global_step=106500, grad_norm=0.5, loss=1.18743
I0914 18:26:39.348372 140507706811584 submission.py:307] 106500) loss = 1.187, grad_norm = 0.500
I0914 18:31:40.630032 140485075113728 logging_writer.py:48] [107000] global_step=107000, grad_norm=0.5, loss=1.1014
I0914 18:31:40.636525 140507706811584 submission.py:307] 107000) loss = 1.101, grad_norm = 0.500
I0914 18:38:00.043737 140507706811584 spec.py:333] Evaluating on the training split.
/usr/local/lib/python3.11/multiprocessing/popen_fork.py:66: RuntimeWarning: os.fork() was called. os.fork() is incompatible with multithreaded code, and JAX is multithreaded, so this will likely lead to a deadlock.
  self.pid = os.fork()
I0914 18:39:19.618727 140507706811584 spec.py:346] Evaluating on the validation split.
I0914 18:40:25.218562 140507706811584 spec.py:363] Evaluating on the test split.
I0914 18:40:26.065144 140507706811584 submission_runner.py:516] Time since start: 90428.04s, 	Step: 107376, 	{'train/accuracy': 0.7356640625, 'train/loss': 2.609210205078125, 'validation/accuracy': 0.65224, 'validation/loss': 2.36879171875, 'validation/num_examples': 50000, 'test/accuracy': 0.6349, 'test/loss': 1.67556484375, 'test/num_examples': 10000, 'score': 84834.94648170471, 'total_duration': 90428.04349565506, 'accumulated_submission_time': 84834.94648170471, 'accumulated_eval_time': 5282.199355840683, 'accumulated_logging_time': 11.576345443725586}
I0914 18:40:26.437328 140485091899136 logging_writer.py:48] [107376] accumulated_eval_time=5282.2, accumulated_logging_time=11.5763, accumulated_submission_time=84834.9, global_step=107376, preemption_count=0, score=84834.9, test/accuracy=0.6349, test/loss=1.67556, test/num_examples=10000, total_duration=90428, train/accuracy=0.735664, train/loss=2.60921, validation/accuracy=0.65224, validation/loss=2.36879, validation/num_examples=50000
I0914 18:41:39.112017 140485117077248 logging_writer.py:48] [107500] global_step=107500, grad_norm=0.5, loss=1.24864
I0914 18:41:39.115706 140507706811584 submission.py:307] 107500) loss = 1.249, grad_norm = 0.500
I0914 18:47:42.033792 140485091899136 logging_writer.py:48] [108000] global_step=108000, grad_norm=0.5, loss=2.28607
I0914 18:47:42.038987 140507706811584 submission.py:307] 108000) loss = 2.286, grad_norm = 0.500
I0914 18:55:08.256778 140485117077248 logging_writer.py:48] [108500] global_step=108500, grad_norm=0.5, loss=1.17154
I0914 18:55:08.266123 140507706811584 submission.py:307] 108500) loss = 1.172, grad_norm = 0.500
I0914 19:02:10.003679 140485091899136 logging_writer.py:48] [109000] global_step=109000, grad_norm=0.5, loss=1.16341
I0914 19:02:10.007842 140507706811584 submission.py:307] 109000) loss = 1.163, grad_norm = 0.500
I0914 19:07:07.029821 140485117077248 logging_writer.py:48] [109500] global_step=109500, grad_norm=0.5, loss=1.17068
I0914 19:07:07.034625 140507706811584 submission.py:307] 109500) loss = 1.171, grad_norm = 0.500
I0914 19:15:54.088518 140485091899136 logging_writer.py:48] [110000] global_step=110000, grad_norm=0.5, loss=1.8875
I0914 19:15:54.094202 140507706811584 submission.py:307] 110000) loss = 1.887, grad_norm = 0.500
I0914 19:20:39.990430 140485117077248 logging_writer.py:48] [110500] global_step=110500, grad_norm=0.5, loss=1.07768
I0914 19:20:39.994623 140507706811584 submission.py:307] 110500) loss = 1.078, grad_norm = 0.500
I0914 19:23:22.598462 140507706811584 spec.py:333] Evaluating on the training split.
/usr/local/lib/python3.11/multiprocessing/popen_fork.py:66: RuntimeWarning: os.fork() was called. os.fork() is incompatible with multithreaded code, and JAX is multithreaded, so this will likely lead to a deadlock.
  self.pid = os.fork()
I0914 19:24:38.991286 140507706811584 spec.py:346] Evaluating on the validation split.
I0914 19:25:44.545756 140507706811584 spec.py:363] Evaluating on the test split.
I0914 19:25:45.436861 140507706811584 submission_runner.py:516] Time since start: 93147.41s, 	Step: 110729, 	{'train/accuracy': 0.73681640625, 'train/loss': 2.6602178955078126, 'validation/accuracy': 0.64202, 'validation/loss': 2.557555, 'validation/num_examples': 50000, 'test/accuracy': 0.6334, 'test/loss': 1.69276484375, 'test/num_examples': 10000, 'score': 87402.47606682777, 'total_duration': 93147.41487288475, 'accumulated_submission_time': 87402.47606682777, 'accumulated_eval_time': 5425.037556171417, 'accumulated_logging_time': 11.958082914352417}
I0914 19:25:45.853886 140485125469952 logging_writer.py:48] [110729] accumulated_eval_time=5425.04, accumulated_logging_time=11.9581, accumulated_submission_time=87402.5, global_step=110729, preemption_count=0, score=87402.5, test/accuracy=0.6334, test/loss=1.69276, test/num_examples=10000, total_duration=93147.4, train/accuracy=0.736816, train/loss=2.66022, validation/accuracy=0.64202, validation/loss=2.55755, validation/num_examples=50000
I0914 19:29:28.064370 140485108684544 logging_writer.py:48] [111000] global_step=111000, grad_norm=0.5, loss=1.1404
I0914 19:29:28.068273 140507706811584 submission.py:307] 111000) loss = 1.140, grad_norm = 0.500
I0914 19:36:59.734897 140485125469952 logging_writer.py:48] [111500] global_step=111500, grad_norm=0.5, loss=1.27967
I0914 19:36:59.740497 140507706811584 submission.py:307] 111500) loss = 1.280, grad_norm = 0.500
I0914 19:42:13.925096 140485108684544 logging_writer.py:48] [112000] global_step=112000, grad_norm=0.5, loss=1.40026
I0914 19:42:13.929051 140507706811584 submission.py:307] 112000) loss = 1.400, grad_norm = 0.500
I0914 19:50:48.520788 140485125469952 logging_writer.py:48] [112500] global_step=112500, grad_norm=0.5, loss=1.16155
I0914 19:50:48.528859 140507706811584 submission.py:307] 112500) loss = 1.162, grad_norm = 0.500
I0914 19:55:42.838520 140485108684544 logging_writer.py:48] [113000] global_step=113000, grad_norm=0.5, loss=1.16817
I0914 19:55:42.843236 140507706811584 submission.py:307] 113000) loss = 1.168, grad_norm = 0.500
I0914 20:02:23.362958 140485125469952 logging_writer.py:48] [113500] global_step=113500, grad_norm=0.5, loss=2.72364
I0914 20:02:23.366846 140507706811584 submission.py:307] 113500) loss = 2.724, grad_norm = 0.500
I0914 20:08:43.097831 140507706811584 spec.py:333] Evaluating on the training split.
/usr/local/lib/python3.11/multiprocessing/popen_fork.py:66: RuntimeWarning: os.fork() was called. os.fork() is incompatible with multithreaded code, and JAX is multithreaded, so this will likely lead to a deadlock.
  self.pid = os.fork()
I0914 20:09:52.624787 140507706811584 spec.py:346] Evaluating on the validation split.
I0914 20:10:57.392909 140507706811584 spec.py:363] Evaluating on the test split.
I0914 20:10:58.367114 140507706811584 submission_runner.py:516] Time since start: 95860.35s, 	Step: 113881, 	{'train/accuracy': 0.78509765625, 'train/loss': 1.9999606323242187, 'validation/accuracy': 0.6453, 'validation/loss': 2.511811875, 'validation/num_examples': 50000, 'test/accuracy': 0.6341, 'test/loss': 1.6815181640625, 'test/num_examples': 10000, 'score': 89971.41382741928, 'total_duration': 95860.34528636932, 'accumulated_submission_time': 89971.41382741928, 'accumulated_eval_time': 5560.306791305542, 'accumulated_logging_time': 12.384655714035034}
I0914 20:10:58.683879 140485083506432 logging_writer.py:48] [113881] accumulated_eval_time=5560.31, accumulated_logging_time=12.3847, accumulated_submission_time=89971.4, global_step=113881, preemption_count=0, score=89971.4, test/accuracy=0.6341, test/loss=1.68152, test/num_examples=10000, total_duration=95860.3, train/accuracy=0.785098, train/loss=1.99996, validation/accuracy=0.6453, validation/loss=2.51181, validation/num_examples=50000
I0914 20:11:41.362562 140484999579392 logging_writer.py:48] [114000] global_step=114000, grad_norm=0.5, loss=1.18916
I0914 20:11:41.366272 140507706811584 submission.py:307] 114000) loss = 1.189, grad_norm = 0.500
I0914 20:19:13.340281 140485083506432 logging_writer.py:48] [114500] global_step=114500, grad_norm=0.5, loss=1.33549
I0914 20:19:13.344320 140507706811584 submission.py:307] 114500) loss = 1.335, grad_norm = 0.500
I0914 20:28:19.916662 140484999579392 logging_writer.py:48] [115000] global_step=115000, grad_norm=0.5, loss=3.36803
I0914 20:28:19.920593 140507706811584 submission.py:307] 115000) loss = 3.368, grad_norm = 0.500
I0914 20:33:19.826413 140485083506432 logging_writer.py:48] [115500] global_step=115500, grad_norm=0.5, loss=2.04045
I0914 20:33:19.833363 140507706811584 submission.py:307] 115500) loss = 2.040, grad_norm = 0.500
I0914 20:40:21.477324 140484999579392 logging_writer.py:48] [116000] global_step=116000, grad_norm=0.5, loss=1.02247
I0914 20:40:21.483355 140507706811584 submission.py:307] 116000) loss = 1.022, grad_norm = 0.500
I0914 20:47:46.726125 140485083506432 logging_writer.py:48] [116500] global_step=116500, grad_norm=0.5, loss=3.16979
I0914 20:47:46.732438 140507706811584 submission.py:307] 116500) loss = 3.170, grad_norm = 0.500
I0914 20:52:37.735978 140484999579392 logging_writer.py:48] [117000] global_step=117000, grad_norm=0.5, loss=2.13738
I0914 20:52:37.739855 140507706811584 submission.py:307] 117000) loss = 2.137, grad_norm = 0.500
I0914 20:53:55.435363 140507706811584 spec.py:333] Evaluating on the training split.
/usr/local/lib/python3.11/multiprocessing/popen_fork.py:66: RuntimeWarning: os.fork() was called. os.fork() is incompatible with multithreaded code, and JAX is multithreaded, so this will likely lead to a deadlock.
  self.pid = os.fork()
I0914 20:55:17.574085 140507706811584 spec.py:346] Evaluating on the validation split.
I0914 20:56:23.266561 140507706811584 spec.py:363] Evaluating on the test split.
I0914 20:56:24.283072 140507706811584 submission_runner.py:516] Time since start: 98586.26s, 	Step: 117085, 	{'train/accuracy': 0.78712890625, 'train/loss': 2.0392381286621095, 'validation/accuracy': 0.66552, 'validation/loss': 2.1756734375, 'validation/num_examples': 50000, 'test/accuracy': 0.6389, 'test/loss': 1.67883984375, 'test/num_examples': 10000, 'score': 92539.17739653587, 'total_duration': 98586.26121616364, 'accumulated_submission_time': 92539.17739653587, 'accumulated_eval_time': 5709.154621601105, 'accumulated_logging_time': 12.710777521133423}
I0914 20:56:24.673391 140485007972096 logging_writer.py:48] [117085] accumulated_eval_time=5709.15, accumulated_logging_time=12.7108, accumulated_submission_time=92539.2, global_step=117085, preemption_count=0, score=92539.2, test/accuracy=0.6389, test/loss=1.67884, test/num_examples=10000, total_duration=98586.3, train/accuracy=0.787129, train/loss=2.03924, validation/accuracy=0.66552, validation/loss=2.17567, validation/num_examples=50000
I0914 21:02:51.015796 140485066721024 logging_writer.py:48] [117500] global_step=117500, grad_norm=0.5, loss=2.14263
I0914 21:02:51.022092 140507706811584 submission.py:307] 117500) loss = 2.143, grad_norm = 0.500
I0914 21:08:13.620776 140485007972096 logging_writer.py:48] [118000] global_step=118000, grad_norm=0.5, loss=3.23044
I0914 21:08:13.627437 140507706811584 submission.py:307] 118000) loss = 3.230, grad_norm = 0.500
I0914 21:15:00.310102 140485066721024 logging_writer.py:48] [118500] global_step=118500, grad_norm=0.5, loss=3.23172
I0914 21:15:00.314054 140507706811584 submission.py:307] 118500) loss = 3.232, grad_norm = 0.500
I0914 21:22:08.883921 140485007972096 logging_writer.py:48] [119000] global_step=119000, grad_norm=0.5, loss=1.03288
I0914 21:22:08.919276 140507706811584 submission.py:307] 119000) loss = 1.033, grad_norm = 0.500
I0914 21:27:01.206306 140485066721024 logging_writer.py:48] [119500] global_step=119500, grad_norm=0.5, loss=0.921238
I0914 21:27:01.211759 140507706811584 submission.py:307] 119500) loss = 0.921, grad_norm = 0.500
I0914 21:35:20.921284 140485007972096 logging_writer.py:48] [120000] global_step=120000, grad_norm=0.5, loss=1.38743
I0914 21:35:20.925400 140507706811584 submission.py:307] 120000) loss = 1.387, grad_norm = 0.500
I0914 21:39:22.105983 140507706811584 spec.py:333] Evaluating on the training split.
/usr/local/lib/python3.11/multiprocessing/popen_fork.py:66: RuntimeWarning: os.fork() was called. os.fork() is incompatible with multithreaded code, and JAX is multithreaded, so this will likely lead to a deadlock.
  self.pid = os.fork()
I0914 21:40:29.087309 140507706811584 spec.py:346] Evaluating on the validation split.
I0914 21:41:34.615737 140507706811584 spec.py:363] Evaluating on the test split.
I0914 21:41:35.568121 140507706811584 submission_runner.py:516] Time since start: 101297.55s, 	Step: 120398, 	{'train/accuracy': 0.78953125, 'train/loss': 2.175392761230469, 'validation/accuracy': 0.63462, 'validation/loss': 2.829705, 'validation/num_examples': 50000, 'test/accuracy': 0.6362, 'test/loss': 1.70942421875, 'test/num_examples': 10000, 'score': 95106.80141806602, 'total_duration': 101297.54602193832, 'accumulated_submission_time': 95106.80141806602, 'accumulated_eval_time': 5842.61648774147, 'accumulated_logging_time': 13.123896360397339}
I0914 21:41:35.981124 140484999579392 logging_writer.py:48] [120398] accumulated_eval_time=5842.62, accumulated_logging_time=13.1239, accumulated_submission_time=95106.8, global_step=120398, preemption_count=0, score=95106.8, test/accuracy=0.6362, test/loss=1.70942, test/num_examples=10000, total_duration=101298, train/accuracy=0.789531, train/loss=2.17539, validation/accuracy=0.63462, validation/loss=2.82971, validation/num_examples=50000
I0914 21:42:15.409630 140485033150208 logging_writer.py:48] [120500] global_step=120500, grad_norm=0.5, loss=2.7533
I0914 21:42:15.414495 140507706811584 submission.py:307] 120500) loss = 2.753, grad_norm = 0.500
I0914 21:50:46.713740 140484999579392 logging_writer.py:48] [121000] global_step=121000, grad_norm=0.5, loss=0.933754
I0914 21:50:46.718786 140507706811584 submission.py:307] 121000) loss = 0.934, grad_norm = 0.500
I0914 21:58:32.403998 140485033150208 logging_writer.py:48] [121500] global_step=121500, grad_norm=0.5, loss=1.00378
I0914 21:58:32.409058 140507706811584 submission.py:307] 121500) loss = 1.004, grad_norm = 0.500
I0914 22:03:27.341537 140484999579392 logging_writer.py:48] [122000] global_step=122000, grad_norm=0.5, loss=0.979969
I0914 22:03:27.345991 140507706811584 submission.py:307] 122000) loss = 0.980, grad_norm = 0.500
I0914 22:12:08.783092 140485033150208 logging_writer.py:48] [122500] global_step=122500, grad_norm=0.5, loss=3.36847
I0914 22:12:08.789137 140507706811584 submission.py:307] 122500) loss = 3.368, grad_norm = 0.500
I0914 22:17:08.294881 140484999579392 logging_writer.py:48] [123000] global_step=123000, grad_norm=0.5, loss=3.11381
I0914 22:17:08.299254 140507706811584 submission.py:307] 123000) loss = 3.114, grad_norm = 0.500
I0914 22:23:35.975229 140485033150208 logging_writer.py:48] [123500] global_step=123500, grad_norm=0.5, loss=1.28115
I0914 22:23:35.981756 140507706811584 submission.py:307] 123500) loss = 1.281, grad_norm = 0.500
I0914 22:24:35.633069 140484999579392 logging_writer.py:48] [123557] global_step=123557, preemption_count=0, score=97681.8
I0914 22:24:47.139685 140507706811584 submission_runner.py:857] Final imagenet_vit score: 97681.78158950806
