torchrun --redirects 1:0,2:0,3:0 --standalone --nnodes=1 --nproc_per_node=4 submission_runner.py --framework=pytorch --workload=wmt --submission_path=submissions_algorithms/submissions/self_tuning/ademamix_golden/submission.py --data_dir=/data/wmt --experiment_dir=/experiment_runs --experiment_name=submissions_a100/ademamix_golden/study_1 --overwrite=True --save_checkpoints=False --rng_seed=45840584 --torch_compile=true --tuning_ruleset=self 2>&1 | tee -a /logs/wmt_pytorch_09-16-2026-08-57-11.log
W0916 08:57:12.787000 8 site-packages/torch/distributed/run.py:803] 
W0916 08:57:12.787000 8 site-packages/torch/distributed/run.py:803] *****************************************
W0916 08:57:12.787000 8 site-packages/torch/distributed/run.py:803] Setting OMP_NUM_THREADS environment variable for each process to be 1 in default, to avoid your system being overloaded, please further tune the variable for optimal performance in your application as needed. 
W0916 08:57:12.787000 8 site-packages/torch/distributed/run.py:803] *****************************************
2026-09-16 08:57:14.286124: E external/local_xla/xla/stream_executor/cuda/cuda_fft.cc:467] Unable to register cuFFT factory: Attempting to register factory for plugin cuFFT when one has already been registered
2026-09-16 08:57:14.286124: E external/local_xla/xla/stream_executor/cuda/cuda_fft.cc:467] Unable to register cuFFT factory: Attempting to register factory for plugin cuFFT when one has already been registered
2026-09-16 08:57:14.286124: E external/local_xla/xla/stream_executor/cuda/cuda_fft.cc:467] Unable to register cuFFT factory: Attempting to register factory for plugin cuFFT when one has already been registered
2026-09-16 08:57:14.286124: E external/local_xla/xla/stream_executor/cuda/cuda_fft.cc:467] Unable to register cuFFT factory: Attempting to register factory for plugin cuFFT when one has already been registered
WARNING: All log messages before absl::InitializeLog() is called are written to STDERR
WARNING: All log messages before absl::InitializeLog() is called are written to STDERR
WARNING: All log messages before absl::InitializeLog() is called are written to STDERR
WARNING: All log messages before absl::InitializeLog() is called are written to STDERR
E0000 00:00:1789549034.310691      38 cuda_dnn.cc:8579] Unable to register cuDNN factory: Attempting to register factory for plugin cuDNN when one has already been registered
E0000 00:00:1789549034.310691      40 cuda_dnn.cc:8579] Unable to register cuDNN factory: Attempting to register factory for plugin cuDNN when one has already been registered
E0000 00:00:1789549034.310691      37 cuda_dnn.cc:8579] Unable to register cuDNN factory: Attempting to register factory for plugin cuDNN when one has already been registered
E0000 00:00:1789549034.310692      39 cuda_dnn.cc:8579] Unable to register cuDNN factory: Attempting to register factory for plugin cuDNN when one has already been registered
E0000 00:00:1789549034.318755      38 cuda_blas.cc:1407] Unable to register cuBLAS factory: Attempting to register factory for plugin cuBLAS when one has already been registered
E0000 00:00:1789549034.318756      37 cuda_blas.cc:1407] Unable to register cuBLAS factory: Attempting to register factory for plugin cuBLAS when one has already been registered
E0000 00:00:1789549034.318756      40 cuda_blas.cc:1407] Unable to register cuBLAS factory: Attempting to register factory for plugin cuBLAS when one has already been registered
E0000 00:00:1789549034.318764      39 cuda_blas.cc:1407] Unable to register cuBLAS factory: Attempting to register factory for plugin cuBLAS when one has already been registered
W0000 00:00:1789549034.345212      37 computation_placer.cc:177] computation placer already registered. Please check linkage and avoid linking the same target more than once.
W0000 00:00:1789549034.345212      39 computation_placer.cc:177] computation placer already registered. Please check linkage and avoid linking the same target more than once.
W0000 00:00:1789549034.345213      40 computation_placer.cc:177] computation placer already registered. Please check linkage and avoid linking the same target more than once.
W0000 00:00:1789549034.345212      38 computation_placer.cc:177] computation placer already registered. Please check linkage and avoid linking the same target more than once.
W0000 00:00:1789549034.345244      40 computation_placer.cc:177] computation placer already registered. Please check linkage and avoid linking the same target more than once.
W0000 00:00:1789549034.345244      38 computation_placer.cc:177] computation placer already registered. Please check linkage and avoid linking the same target more than once.
W0000 00:00:1789549034.345244      39 computation_placer.cc:177] computation placer already registered. Please check linkage and avoid linking the same target more than once.
W0000 00:00:1789549034.345246      40 computation_placer.cc:177] computation placer already registered. Please check linkage and avoid linking the same target more than once.
W0000 00:00:1789549034.345247      38 computation_placer.cc:177] computation placer already registered. Please check linkage and avoid linking the same target more than once.
W0000 00:00:1789549034.345247      39 computation_placer.cc:177] computation placer already registered. Please check linkage and avoid linking the same target more than once.
W0000 00:00:1789549034.345247      37 computation_placer.cc:177] computation placer already registered. Please check linkage and avoid linking the same target more than once.
W0000 00:00:1789549034.345248      40 computation_placer.cc:177] computation placer already registered. Please check linkage and avoid linking the same target more than once.
W0000 00:00:1789549034.345249      38 computation_placer.cc:177] computation placer already registered. Please check linkage and avoid linking the same target more than once.
W0000 00:00:1789549034.345249      39 computation_placer.cc:177] computation placer already registered. Please check linkage and avoid linking the same target more than once.
W0000 00:00:1789549034.345250      37 computation_placer.cc:177] computation placer already registered. Please check linkage and avoid linking the same target more than once.
W0000 00:00:1789549034.345252      37 computation_placer.cc:177] computation placer already registered. Please check linkage and avoid linking the same target more than once.
W0000 00:00:1789549040.176466      39 gpu_device.cc:2341] Cannot dlopen some GPU libraries. Please make sure the missing libraries mentioned above are installed properly if you would like to use GPU. Follow the guide at https://www.tensorflow.org/install/gpu for how to download and setup the required libraries for your platform.
Skipping registering GPU devices...
W0000 00:00:1789549040.336196      38 gpu_device.cc:2341] Cannot dlopen some GPU libraries. Please make sure the missing libraries mentioned above are installed properly if you would like to use GPU. Follow the guide at https://www.tensorflow.org/install/gpu for how to download and setup the required libraries for your platform.
Skipping registering GPU devices...
W0000 00:00:1789549040.409024      37 gpu_device.cc:2341] Cannot dlopen some GPU libraries. Please make sure the missing libraries mentioned above are installed properly if you would like to use GPU. Follow the guide at https://www.tensorflow.org/install/gpu for how to download and setup the required libraries for your platform.
Skipping registering GPU devices...
W0000 00:00:1789549040.458533      40 gpu_device.cc:2341] Cannot dlopen some GPU libraries. Please make sure the missing libraries mentioned above are installed properly if you would like to use GPU. Follow the guide at https://www.tensorflow.org/install/gpu for how to download and setup the required libraries for your platform.
Skipping registering GPU devices...
/usr/local/lib/python3.11/site-packages/torch/__init__.py:1617: UserWarning: Please use the new API settings to control TF32 behavior, such as torch.backends.cudnn.conv.fp32_precision = 'tf32' or torch.backends.cuda.matmul.fp32_precision = 'ieee'. Old settings, e.g, torch.backends.cuda.matmul.allow_tf32 = True, torch.backends.cudnn.allow_tf32 = True, allowTF32CuDNN() and allowTF32CuBLAS() will be deprecated after Pytorch 2.9. Please see https://pytorch.org/docs/main/notes/cuda.html#tensorfloat-32-tf32-on-ampere-and-later-devices (Triggered internally at /pytorch/aten/src/ATen/Context.cpp:80.)
  _C._set_float32_matmul_precision(precision)
/usr/local/lib/python3.11/site-packages/torch/__init__.py:1617: UserWarning: Please use the new API settings to control TF32 behavior, such as torch.backends.cudnn.conv.fp32_precision = 'tf32' or torch.backends.cuda.matmul.fp32_precision = 'ieee'. Old settings, e.g, torch.backends.cuda.matmul.allow_tf32 = True, torch.backends.cudnn.allow_tf32 = True, allowTF32CuDNN() and allowTF32CuBLAS() will be deprecated after Pytorch 2.9. Please see https://pytorch.org/docs/main/notes/cuda.html#tensorfloat-32-tf32-on-ampere-and-later-devices (Triggered internally at /pytorch/aten/src/ATen/Context.cpp:80.)
  _C._set_float32_matmul_precision(precision)
/usr/local/lib/python3.11/site-packages/torch/__init__.py:1617: UserWarning: Please use the new API settings to control TF32 behavior, such as torch.backends.cudnn.conv.fp32_precision = 'tf32' or torch.backends.cuda.matmul.fp32_precision = 'ieee'. Old settings, e.g, torch.backends.cuda.matmul.allow_tf32 = True, torch.backends.cudnn.allow_tf32 = True, allowTF32CuDNN() and allowTF32CuBLAS() will be deprecated after Pytorch 2.9. Please see https://pytorch.org/docs/main/notes/cuda.html#tensorfloat-32-tf32-on-ampere-and-later-devices (Triggered internally at /pytorch/aten/src/ATen/Context.cpp:80.)
  _C._set_float32_matmul_precision(precision)
/usr/local/lib/python3.11/site-packages/torch/__init__.py:1617: UserWarning: Please use the new API settings to control TF32 behavior, such as torch.backends.cudnn.conv.fp32_precision = 'tf32' or torch.backends.cuda.matmul.fp32_precision = 'ieee'. Old settings, e.g, torch.backends.cuda.matmul.allow_tf32 = True, torch.backends.cudnn.allow_tf32 = True, allowTF32CuDNN() and allowTF32CuBLAS() will be deprecated after Pytorch 2.9. Please see https://pytorch.org/docs/main/notes/cuda.html#tensorfloat-32-tf32-on-ampere-and-later-devices (Triggered internally at /pytorch/aten/src/ATen/Context.cpp:80.)
  _C._set_float32_matmul_precision(precision)
/usr/local/lib/python3.11/site-packages/pydantic/_internal/_generate_schema.py:2249: UnsupportedFieldAttributeWarning: The 'repr' attribute with value False was provided to the `Field()` function, which has no effect in the context it was used. 'repr' is field-specific metadata, and can only be attached to a model field using `Annotated` metadata or by assignment. This may have happened because an `Annotated` type alias using the `type` statement was used, or if the `Field()` function was attached to a single member of a union type.
  warnings.warn(
/usr/local/lib/python3.11/site-packages/pydantic/_internal/_generate_schema.py:2249: UnsupportedFieldAttributeWarning: The 'frozen' attribute with value True was provided to the `Field()` function, which has no effect in the context it was used. 'frozen' is field-specific metadata, and can only be attached to a model field using `Annotated` metadata or by assignment. This may have happened because an `Annotated` type alias using the `type` statement was used, or if the `Field()` function was attached to a single member of a union type.
  warnings.warn(
/usr/local/lib/python3.11/site-packages/pydantic/_internal/_generate_schema.py:2249: UnsupportedFieldAttributeWarning: The 'repr' attribute with value False was provided to the `Field()` function, which has no effect in the context it was used. 'repr' is field-specific metadata, and can only be attached to a model field using `Annotated` metadata or by assignment. This may have happened because an `Annotated` type alias using the `type` statement was used, or if the `Field()` function was attached to a single member of a union type.
  warnings.warn(
/usr/local/lib/python3.11/site-packages/pydantic/_internal/_generate_schema.py:2249: UnsupportedFieldAttributeWarning: The 'frozen' attribute with value True was provided to the `Field()` function, which has no effect in the context it was used. 'frozen' is field-specific metadata, and can only be attached to a model field using `Annotated` metadata or by assignment. This may have happened because an `Annotated` type alias using the `type` statement was used, or if the `Field()` function was attached to a single member of a union type.
  warnings.warn(
/usr/local/lib/python3.11/site-packages/pydantic/_internal/_generate_schema.py:2249: UnsupportedFieldAttributeWarning: The 'repr' attribute with value False was provided to the `Field()` function, which has no effect in the context it was used. 'repr' is field-specific metadata, and can only be attached to a model field using `Annotated` metadata or by assignment. This may have happened because an `Annotated` type alias using the `type` statement was used, or if the `Field()` function was attached to a single member of a union type.
  warnings.warn(
/usr/local/lib/python3.11/site-packages/pydantic/_internal/_generate_schema.py:2249: UnsupportedFieldAttributeWarning: The 'frozen' attribute with value True was provided to the `Field()` function, which has no effect in the context it was used. 'frozen' is field-specific metadata, and can only be attached to a model field using `Annotated` metadata or by assignment. This may have happened because an `Annotated` type alias using the `type` statement was used, or if the `Field()` function was attached to a single member of a union type.
  warnings.warn(
/usr/local/lib/python3.11/site-packages/pydantic/_internal/_generate_schema.py:2249: UnsupportedFieldAttributeWarning: The 'repr' attribute with value False was provided to the `Field()` function, which has no effect in the context it was used. 'repr' is field-specific metadata, and can only be attached to a model field using `Annotated` metadata or by assignment. This may have happened because an `Annotated` type alias using the `type` statement was used, or if the `Field()` function was attached to a single member of a union type.
  warnings.warn(
/usr/local/lib/python3.11/site-packages/pydantic/_internal/_generate_schema.py:2249: UnsupportedFieldAttributeWarning: The 'frozen' attribute with value True was provided to the `Field()` function, which has no effect in the context it was used. 'frozen' is field-specific metadata, and can only be attached to a model field using `Annotated` metadata or by assignment. This may have happened because an `Annotated` type alias using the `type` statement was used, or if the `Field()` function was attached to a single member of a union type.
  warnings.warn(
/usr/local/lib/python3.11/site-packages/torch/distributed/distributed_c10d.py:4876: UserWarning: barrier(): using the device under current context. You can specify `device_id` in `init_process_group` to mute this warning.
  warnings.warn(  # warn only once
[rank0]:[W916 08:57:24.051466499 ProcessGroupNCCL.cpp:5068] Guessing device ID based on global rank. This can cause a hang if rank to GPU mapping is heterogeneous. You can specify device_id in init_process_group()
I0916 08:57:25.498730 139681154073792 logger_utils.py:84] Creating experiment directory at /experiment_runs/submissions_a100/ademamix_golden/study_1/wmt_pytorch.
I0916 08:57:25.498724 140102352004288 logger_utils.py:84] Creating experiment directory at /experiment_runs/submissions_a100/ademamix_golden/study_1/wmt_pytorch.
I0916 08:57:25.498724 140442352403648 logger_utils.py:84] Creating experiment directory at /experiment_runs/submissions_a100/ademamix_golden/study_1/wmt_pytorch.
I0916 08:57:25.498758 139909363565760 logger_utils.py:84] Creating experiment directory at /experiment_runs/submissions_a100/ademamix_golden/study_1/wmt_pytorch.
I0916 08:57:25.523416 139681154073792 submission_runner.py:741] Creating directory at /experiment_runs/submissions_a100/ademamix_golden/study_1/wmt_pytorch/trial_1.
I0916 08:57:25.802295 139681154073792 submission_runner.py:242] Initializing dataset.
I0916 08:57:25.802470 139681154073792 submission_runner.py:251] Initializing model.
I0916 08:57:28.802854 139681154073792 submission_runner.py:290] Performing `torch.compile`.
I0916 08:57:30.240084 139909363565760 logger_utils.py:283] Unable to record workload.train_mean information. Continuing without it.
I0916 08:57:30.240251 139909363565760 logger_utils.py:283] Unable to record workload.train_stddev information. Continuing without it.
I0916 08:57:30.241054 140442352403648 logger_utils.py:283] Unable to record workload.train_mean information. Continuing without it.
I0916 08:57:30.241213 140442352403648 logger_utils.py:283] Unable to record workload.train_stddev information. Continuing without it.
I0916 08:57:30.247745 140102352004288 logger_utils.py:283] Unable to record workload.train_mean information. Continuing without it.
I0916 08:57:30.247913 140102352004288 logger_utils.py:283] Unable to record workload.train_stddev information. Continuing without it.
I0916 08:57:30.250754 139681154073792 submission_runner.py:294] Initializing optimizer.
I0916 08:57:30.251650 139681154073792 submission_runner.py:299] Initializing metrics bundle.
I0916 08:57:30.251809 139681154073792 submission_runner.py:321] Initializing checkpoint and logger.
I0916 08:57:30.252285 139681154073792 submission_runner.py:344] Saving meta data to /experiment_runs/submissions_a100/ademamix_golden/study_1/wmt_pytorch/trial_1/meta_data_0.json.
I0916 08:57:30.252486 139681154073792 logger_utils.py:283] Unable to record workload.train_mean information. Continuing without it.
I0916 08:57:30.252552 139681154073792 logger_utils.py:283] Unable to record workload.train_stddev information. Continuing without it.
I0916 08:57:30.493698 139681154073792 submission_runner.py:348] Saving flags to /experiment_runs/submissions_a100/ademamix_golden/study_1/wmt_pytorch/trial_1/flags_0.json.
I0916 08:57:30.536112 139681154073792 submission_runner.py:359] Starting training loop.
I0916 08:57:30.742686 139681154073792 dataset_info.py:707] Load dataset info from /data/wmt/wmt17_translate/de-en/1.0.0
I0916 08:57:30.769265 139681154073792 dataset_info.py:793] For 'wmt17_translate/de-en/1.0.0': fields info.[splits, supervised_keys] differ on disk and in the code. Keeping the one from code.
I0916 08:57:30.771814 139681154073792 reader.py:262] Creating a tf.data.Dataset reading 16 files located in folders: /data/wmt/wmt17_translate/de-en/1.0.0.
I0916 08:57:30.831055 139681154073792 logging_logger.py:49] Constructing tf.data.Dataset wmt17_translate for split train, from /data/wmt/wmt17_translate/de-en/1.0.0
[rank2]:W0916 08:57:32.871000 39 site-packages/torch/_logging/_internal.py:1199] [0/0] Profiler function <class 'torch.autograd.profiler.record_function'> will be ignored
[rank1]:W0916 08:57:32.871000 38 site-packages/torch/_logging/_internal.py:1199] [0/0] Profiler function <class 'torch.autograd.profiler.record_function'> will be ignored
[rank3]:W0916 08:57:32.871000 40 site-packages/torch/_logging/_internal.py:1199] [0/0] Profiler function <class 'torch.autograd.profiler.record_function'> will be ignored
[rank0]:W0916 08:57:33.577000 37 site-packages/torch/_logging/_internal.py:1199] [0/0] Profiler function <class 'torch.autograd.profiler.record_function'> will be ignored
I0916 08:58:23.563475 139656330917632 logging_writer.py:48] [0] global_step=0, grad_norm=0.5, loss=11.5803
I0916 08:58:23.595397 139681154073792 submission.py:307] 0) loss = 11.580, grad_norm = 0.500
I0916 08:58:24.302469 139681154073792 spec.py:333] Evaluating on the training split.
I0916 08:58:24.304504 139681154073792 dataset_info.py:707] Load dataset info from /data/wmt/wmt17_translate/de-en/1.0.0
I0916 08:58:24.306660 139681154073792 dataset_info.py:793] For 'wmt17_translate/de-en/1.0.0': fields info.[splits, supervised_keys] differ on disk and in the code. Keeping the one from code.
I0916 08:58:24.307608 139681154073792 reader.py:262] Creating a tf.data.Dataset reading 16 files located in folders: /data/wmt/wmt17_translate/de-en/1.0.0.
I0916 08:58:24.341840 139681154073792 logging_logger.py:49] Constructing tf.data.Dataset wmt17_translate for split train, from /data/wmt/wmt17_translate/de-en/1.0.0
/usr/local/lib/python3.11/site-packages/torch/_dynamo/variables/functions.py:1598: UserWarning: Dynamo does not know how to trace the builtin `torch._C._distributed_c10d.pybind11_detail_function_record_v1_system_libstdcpp_gxx_abi_1xxx_use_cxx11_abi_1._broadcast_coalesced.` This function is either a Python builtin (e.g. _warnings.warn) or a third-party C/C++ Python extension (perhaps created with pybind).
If it is a Python builtin, please file an issue on GitHub so the PyTorch team can add support for it and see the next case for a workaround.
If it is a third-party C/C++ Python extension, please either wrap it into a PyTorch-understood custom operator (see https://pytorch.org/tutorials/advanced/custom_ops_landing_page.html for more details) or, if it is traceable, use `torch.compiler.allow_in_graph`.
  torch._dynamo.utils.warn_once(explanation + "\n" + "\n".join(hints))
/usr/local/lib/python3.11/site-packages/torch/_dynamo/variables/functions.py:1598: UserWarning: Dynamo does not know how to trace the builtin `torch._C._distributed_c10d.pybind11_detail_function_record_v1_system_libstdcpp_gxx_abi_1xxx_use_cxx11_abi_1._broadcast_coalesced.` This function is either a Python builtin (e.g. _warnings.warn) or a third-party C/C++ Python extension (perhaps created with pybind).
If it is a Python builtin, please file an issue on GitHub so the PyTorch team can add support for it and see the next case for a workaround.
If it is a third-party C/C++ Python extension, please either wrap it into a PyTorch-understood custom operator (see https://pytorch.org/tutorials/advanced/custom_ops_landing_page.html for more details) or, if it is traceable, use `torch.compiler.allow_in_graph`.
  torch._dynamo.utils.warn_once(explanation + "\n" + "\n".join(hints))
/usr/local/lib/python3.11/site-packages/torch/_dynamo/variables/functions.py:1598: UserWarning: Dynamo does not know how to trace the builtin `torch._C._distributed_c10d.pybind11_detail_function_record_v1_system_libstdcpp_gxx_abi_1xxx_use_cxx11_abi_1._broadcast_coalesced.` This function is either a Python builtin (e.g. _warnings.warn) or a third-party C/C++ Python extension (perhaps created with pybind).
If it is a Python builtin, please file an issue on GitHub so the PyTorch team can add support for it and see the next case for a workaround.
If it is a third-party C/C++ Python extension, please either wrap it into a PyTorch-understood custom operator (see https://pytorch.org/tutorials/advanced/custom_ops_landing_page.html for more details) or, if it is traceable, use `torch.compiler.allow_in_graph`.
  torch._dynamo.utils.warn_once(explanation + "\n" + "\n".join(hints))
/usr/local/lib/python3.11/site-packages/torch/_dynamo/variables/functions.py:1598: UserWarning: Dynamo does not know how to trace the builtin `torch._C._distributed_c10d.pybind11_detail_function_record_v1_system_libstdcpp_gxx_abi_1xxx_use_cxx11_abi_1._broadcast_coalesced.` This function is either a Python builtin (e.g. _warnings.warn) or a third-party C/C++ Python extension (perhaps created with pybind).
If it is a Python builtin, please file an issue on GitHub so the PyTorch team can add support for it and see the next case for a workaround.
If it is a third-party C/C++ Python extension, please either wrap it into a PyTorch-understood custom operator (see https://pytorch.org/tutorials/advanced/custom_ops_landing_page.html for more details) or, if it is traceable, use `torch.compiler.allow_in_graph`.
  torch._dynamo.utils.warn_once(explanation + "\n" + "\n".join(hints))
I0916 08:58:57.932818 139681154073792 workload.py:152] Translating evaluation dataset.
I0916 09:01:14.054181 139681154073792 spec.py:346] Evaluating on the validation split.
I0916 09:01:14.104208 139681154073792 dataset_info.py:707] Load dataset info from /data/wmt/wmt14_translate/de-en/1.0.0
I0916 09:01:14.109878 139681154073792 dataset_info.py:793] For 'wmt14_translate/de-en/1.0.0': fields info.[splits, supervised_keys] differ on disk and in the code. Keeping the one from code.
I0916 09:01:14.110680 139681154073792 reader.py:262] Creating a tf.data.Dataset reading 1 files located in folders: /data/wmt/wmt14_translate/de-en/1.0.0.
I0916 09:01:14.147849 139681154073792 logging_logger.py:49] Constructing tf.data.Dataset wmt14_translate for split validation, from /data/wmt/wmt14_translate/de-en/1.0.0
I0916 09:01:16.526370 139681154073792 workload.py:152] Translating evaluation dataset.
I0916 09:03:31.886614 139681154073792 spec.py:363] Evaluating on the test split.
I0916 09:03:31.888876 139681154073792 dataset_info.py:707] Load dataset info from /data/wmt/wmt14_translate/de-en/1.0.0
I0916 09:03:31.891167 139681154073792 dataset_info.py:793] For 'wmt14_translate/de-en/1.0.0': fields info.[splits, supervised_keys] differ on disk and in the code. Keeping the one from code.
I0916 09:03:31.891958 139681154073792 reader.py:262] Creating a tf.data.Dataset reading 1 files located in folders: /data/wmt/wmt14_translate/de-en/1.0.0.
I0916 09:03:31.928586 139681154073792 logging_logger.py:49] Constructing tf.data.Dataset wmt14_translate for split test, from /data/wmt/wmt14_translate/de-en/1.0.0
I0916 09:03:34.277142 139681154073792 workload.py:152] Translating evaluation dataset.
I0916 09:05:49.728163 139681154073792 submission_runner.py:516] Time since start: 499.19s, 	Step: 1, 	{'train/accuracy': 0.0005500487022288431, 'train/loss': 11.740890534578583, 'train/bleu': 0.0, 'validation/accuracy': 0.00048356498989473163, 'validation/loss': 11.741181138485574, 'validation/bleu': 0.0, 'validation/num_examples': 3000, 'test/accuracy': 0.0007088489919237697, 'test/loss': 11.744577595723666, 'test/bleu': 0.0, 'test/num_examples': 3003, 'score': 53.060325622558594, 'total_duration': 499.19220662117004, 'accumulated_submission_time': 53.060325622558594, 'accumulated_eval_time': 445.42576026916504, 'accumulated_logging_time': 0}
I0916 09:05:49.752163 139652715497216 logging_writer.py:48] [1] accumulated_eval_time=445.426, accumulated_logging_time=0, accumulated_submission_time=53.0603, global_step=1, preemption_count=0, score=53.0603, test/accuracy=0.000708849, test/bleu=0, test/loss=11.7446, test/num_examples=3003, total_duration=499.192, train/accuracy=0.000550049, train/bleu=0, train/loss=11.7409, validation/accuracy=0.000483565, validation/bleu=0, validation/loss=11.7412, validation/num_examples=3000
I0916 09:05:50.712176 139652707104512 logging_writer.py:48] [1] global_step=1, grad_norm=0.5, loss=11.5677
I0916 09:05:50.715172 139681154073792 submission.py:307] 1) loss = 11.568, grad_norm = 0.500
I0916 09:05:50.886785 139652715497216 logging_writer.py:48] [2] global_step=2, grad_norm=0.5, loss=11.5776
I0916 09:05:50.889890 139681154073792 submission.py:307] 2) loss = 11.578, grad_norm = 0.500
I0916 09:05:51.063956 139652707104512 logging_writer.py:48] [3] global_step=3, grad_norm=0.5, loss=11.5673
I0916 09:05:51.067015 139681154073792 submission.py:307] 3) loss = 11.567, grad_norm = 0.500
I0916 09:05:51.238089 139652715497216 logging_writer.py:48] [4] global_step=4, grad_norm=0.5, loss=11.5443
I0916 09:05:51.241000 139681154073792 submission.py:307] 4) loss = 11.544, grad_norm = 0.500
I0916 09:05:51.412362 139652707104512 logging_writer.py:48] [5] global_step=5, grad_norm=0.5, loss=11.5322
I0916 09:05:51.415340 139681154073792 submission.py:307] 5) loss = 11.532, grad_norm = 0.500
I0916 09:05:51.587826 139652715497216 logging_writer.py:48] [6] global_step=6, grad_norm=0.5, loss=11.5068
I0916 09:05:51.590803 139681154073792 submission.py:307] 6) loss = 11.507, grad_norm = 0.500
I0916 09:05:51.765269 139652707104512 logging_writer.py:48] [7] global_step=7, grad_norm=0.5, loss=11.4714
I0916 09:05:51.768295 139681154073792 submission.py:307] 7) loss = 11.471, grad_norm = 0.500
I0916 09:05:51.940211 139652715497216 logging_writer.py:48] [8] global_step=8, grad_norm=0.5, loss=11.4327
I0916 09:05:51.943289 139681154073792 submission.py:307] 8) loss = 11.433, grad_norm = 0.500
I0916 09:05:52.115002 139652707104512 logging_writer.py:48] [9] global_step=9, grad_norm=0.5, loss=11.4029
I0916 09:05:52.118096 139681154073792 submission.py:307] 9) loss = 11.403, grad_norm = 0.500
I0916 09:05:52.289375 139652715497216 logging_writer.py:48] [10] global_step=10, grad_norm=0.5, loss=11.3596
I0916 09:05:52.292338 139681154073792 submission.py:307] 10) loss = 11.360, grad_norm = 0.500
I0916 09:05:52.464926 139652707104512 logging_writer.py:48] [11] global_step=11, grad_norm=0.5, loss=11.3041
I0916 09:05:52.467931 139681154073792 submission.py:307] 11) loss = 11.304, grad_norm = 0.500
I0916 09:05:52.639128 139652715497216 logging_writer.py:48] [12] global_step=12, grad_norm=0.5, loss=11.2544
I0916 09:05:52.642107 139681154073792 submission.py:307] 12) loss = 11.254, grad_norm = 0.500
I0916 09:05:52.813819 139652707104512 logging_writer.py:48] [13] global_step=13, grad_norm=0.5, loss=11.2049
I0916 09:05:52.816836 139681154073792 submission.py:307] 13) loss = 11.205, grad_norm = 0.500
I0916 09:05:52.988936 139652715497216 logging_writer.py:48] [14] global_step=14, grad_norm=0.5, loss=11.1376
I0916 09:05:52.991893 139681154073792 submission.py:307] 14) loss = 11.138, grad_norm = 0.500
I0916 09:05:53.163170 139652707104512 logging_writer.py:48] [15] global_step=15, grad_norm=0.5, loss=11.0762
I0916 09:05:53.166140 139681154073792 submission.py:307] 15) loss = 11.076, grad_norm = 0.500
I0916 09:05:53.337704 139652715497216 logging_writer.py:48] [16] global_step=16, grad_norm=0.5, loss=11.0312
I0916 09:05:53.340672 139681154073792 submission.py:307] 16) loss = 11.031, grad_norm = 0.500
I0916 09:05:53.512365 139652707104512 logging_writer.py:48] [17] global_step=17, grad_norm=0.5, loss=10.9593
I0916 09:05:53.515415 139681154073792 submission.py:307] 17) loss = 10.959, grad_norm = 0.500
I0916 09:05:53.686578 139652715497216 logging_writer.py:48] [18] global_step=18, grad_norm=0.5, loss=10.8955
I0916 09:05:53.689522 139681154073792 submission.py:307] 18) loss = 10.896, grad_norm = 0.500
I0916 09:05:53.860988 139652707104512 logging_writer.py:48] [19] global_step=19, grad_norm=0.5, loss=10.8417
I0916 09:05:53.864022 139681154073792 submission.py:307] 19) loss = 10.842, grad_norm = 0.500
I0916 09:05:54.034947 139652715497216 logging_writer.py:48] [20] global_step=20, grad_norm=0.5, loss=10.7633
I0916 09:05:54.037873 139681154073792 submission.py:307] 20) loss = 10.763, grad_norm = 0.500
I0916 09:05:54.210641 139652707104512 logging_writer.py:48] [21] global_step=21, grad_norm=0.5, loss=10.6916
I0916 09:05:54.213712 139681154073792 submission.py:307] 21) loss = 10.692, grad_norm = 0.500
I0916 09:05:54.385926 139652715497216 logging_writer.py:48] [22] global_step=22, grad_norm=0.5, loss=10.6283
I0916 09:05:54.388897 139681154073792 submission.py:307] 22) loss = 10.628, grad_norm = 0.500
I0916 09:05:54.560399 139652707104512 logging_writer.py:48] [23] global_step=23, grad_norm=0.5, loss=10.5527
I0916 09:05:54.563399 139681154073792 submission.py:307] 23) loss = 10.553, grad_norm = 0.500
I0916 09:05:54.735030 139652715497216 logging_writer.py:48] [24] global_step=24, grad_norm=0.5, loss=10.4781
I0916 09:05:54.738077 139681154073792 submission.py:307] 24) loss = 10.478, grad_norm = 0.500
I0916 09:05:54.909830 139652707104512 logging_writer.py:48] [25] global_step=25, grad_norm=0.5, loss=10.4034
I0916 09:05:54.912763 139681154073792 submission.py:307] 25) loss = 10.403, grad_norm = 0.500
I0916 09:05:55.083951 139652715497216 logging_writer.py:48] [26] global_step=26, grad_norm=0.5, loss=10.3444
I0916 09:05:55.086973 139681154073792 submission.py:307] 26) loss = 10.344, grad_norm = 0.500
I0916 09:05:55.259466 139652707104512 logging_writer.py:48] [27] global_step=27, grad_norm=0.5, loss=10.2722
I0916 09:05:55.262461 139681154073792 submission.py:307] 27) loss = 10.272, grad_norm = 0.500
I0916 09:05:55.434068 139652715497216 logging_writer.py:48] [28] global_step=28, grad_norm=0.5, loss=10.2029
I0916 09:05:55.437042 139681154073792 submission.py:307] 28) loss = 10.203, grad_norm = 0.500
I0916 09:05:55.609408 139652707104512 logging_writer.py:48] [29] global_step=29, grad_norm=0.5, loss=10.1402
I0916 09:05:55.612477 139681154073792 submission.py:307] 29) loss = 10.140, grad_norm = 0.500
I0916 09:05:55.784267 139652715497216 logging_writer.py:48] [30] global_step=30, grad_norm=0.5, loss=10.0438
I0916 09:05:55.787315 139681154073792 submission.py:307] 30) loss = 10.044, grad_norm = 0.500
I0916 09:05:55.959415 139652707104512 logging_writer.py:48] [31] global_step=31, grad_norm=0.5, loss=9.99541
I0916 09:05:55.962439 139681154073792 submission.py:307] 31) loss = 9.995, grad_norm = 0.500
I0916 09:05:56.134021 139652715497216 logging_writer.py:48] [32] global_step=32, grad_norm=0.5, loss=9.92104
I0916 09:05:56.137049 139681154073792 submission.py:307] 32) loss = 9.921, grad_norm = 0.500
I0916 09:05:56.309248 139652707104512 logging_writer.py:48] [33] global_step=33, grad_norm=0.5, loss=9.86875
I0916 09:05:56.312309 139681154073792 submission.py:307] 33) loss = 9.869, grad_norm = 0.500
I0916 09:05:56.484021 139652715497216 logging_writer.py:48] [34] global_step=34, grad_norm=0.5, loss=9.80676
I0916 09:05:56.486978 139681154073792 submission.py:307] 34) loss = 9.807, grad_norm = 0.500
I0916 09:05:56.659869 139652707104512 logging_writer.py:48] [35] global_step=35, grad_norm=0.5, loss=9.74323
I0916 09:05:56.662940 139681154073792 submission.py:307] 35) loss = 9.743, grad_norm = 0.500
I0916 09:05:56.833919 139652715497216 logging_writer.py:48] [36] global_step=36, grad_norm=0.5, loss=9.70046
I0916 09:05:56.836971 139681154073792 submission.py:307] 36) loss = 9.700, grad_norm = 0.500
I0916 09:05:57.009112 139652707104512 logging_writer.py:48] [37] global_step=37, grad_norm=0.5, loss=9.64268
I0916 09:05:57.012154 139681154073792 submission.py:307] 37) loss = 9.643, grad_norm = 0.500
I0916 09:05:57.184575 139652715497216 logging_writer.py:48] [38] global_step=38, grad_norm=0.5, loss=9.58166
I0916 09:05:57.187555 139681154073792 submission.py:307] 38) loss = 9.582, grad_norm = 0.500
I0916 09:05:57.359428 139652707104512 logging_writer.py:48] [39] global_step=39, grad_norm=0.5, loss=9.51001
I0916 09:05:57.362516 139681154073792 submission.py:307] 39) loss = 9.510, grad_norm = 0.500
I0916 09:05:57.533799 139652715497216 logging_writer.py:48] [40] global_step=40, grad_norm=0.5, loss=9.48901
I0916 09:05:57.536877 139681154073792 submission.py:307] 40) loss = 9.489, grad_norm = 0.500
I0916 09:05:57.708798 139652707104512 logging_writer.py:48] [41] global_step=41, grad_norm=0.5, loss=9.41715
I0916 09:05:57.711771 139681154073792 submission.py:307] 41) loss = 9.417, grad_norm = 0.500
I0916 09:05:57.883285 139652715497216 logging_writer.py:48] [42] global_step=42, grad_norm=0.5, loss=9.37728
I0916 09:05:57.886369 139681154073792 submission.py:307] 42) loss = 9.377, grad_norm = 0.500
I0916 09:05:58.058880 139652707104512 logging_writer.py:48] [43] global_step=43, grad_norm=0.5, loss=9.30039
I0916 09:05:58.062011 139681154073792 submission.py:307] 43) loss = 9.300, grad_norm = 0.500
I0916 09:05:58.233787 139652715497216 logging_writer.py:48] [44] global_step=44, grad_norm=0.5, loss=9.28527
I0916 09:05:58.236831 139681154073792 submission.py:307] 44) loss = 9.285, grad_norm = 0.500
I0916 09:05:58.409143 139652707104512 logging_writer.py:48] [45] global_step=45, grad_norm=0.5, loss=9.21321
I0916 09:05:58.412220 139681154073792 submission.py:307] 45) loss = 9.213, grad_norm = 0.500
I0916 09:05:58.584578 139652715497216 logging_writer.py:48] [46] global_step=46, grad_norm=0.499999, loss=9.18139
I0916 09:05:58.587636 139681154073792 submission.py:307] 46) loss = 9.181, grad_norm = 0.500
I0916 09:05:58.760493 139652707104512 logging_writer.py:48] [47] global_step=47, grad_norm=0.499999, loss=9.16053
I0916 09:05:58.763509 139681154073792 submission.py:307] 47) loss = 9.161, grad_norm = 0.500
I0916 09:05:58.935659 139652715497216 logging_writer.py:48] [48] global_step=48, grad_norm=0.499999, loss=9.11646
I0916 09:05:58.938618 139681154073792 submission.py:307] 48) loss = 9.116, grad_norm = 0.500
I0916 09:05:59.110378 139652707104512 logging_writer.py:48] [49] global_step=49, grad_norm=0.499999, loss=9.04858
I0916 09:05:59.113366 139681154073792 submission.py:307] 49) loss = 9.049, grad_norm = 0.500
I0916 09:05:59.285920 139652715497216 logging_writer.py:48] [50] global_step=50, grad_norm=0.499999, loss=9.03951
I0916 09:05:59.288841 139681154073792 submission.py:307] 50) loss = 9.040, grad_norm = 0.500
I0916 09:05:59.460888 139652707104512 logging_writer.py:48] [51] global_step=51, grad_norm=0.499999, loss=8.98466
I0916 09:05:59.463919 139681154073792 submission.py:307] 51) loss = 8.985, grad_norm = 0.500
I0916 09:05:59.636358 139652715497216 logging_writer.py:48] [52] global_step=52, grad_norm=0.499999, loss=8.95294
I0916 09:05:59.639400 139681154073792 submission.py:307] 52) loss = 8.953, grad_norm = 0.500
I0916 09:05:59.822580 139652707104512 logging_writer.py:48] [53] global_step=53, grad_norm=0.499999, loss=8.93758
I0916 09:05:59.825593 139681154073792 submission.py:307] 53) loss = 8.938, grad_norm = 0.500
I0916 09:05:59.997946 139652715497216 logging_writer.py:48] [54] global_step=54, grad_norm=0.499999, loss=8.91681
I0916 09:06:00.001080 139681154073792 submission.py:307] 54) loss = 8.917, grad_norm = 0.500
I0916 09:06:00.173258 139652707104512 logging_writer.py:48] [55] global_step=55, grad_norm=0.499999, loss=8.90247
I0916 09:06:00.176262 139681154073792 submission.py:307] 55) loss = 8.902, grad_norm = 0.500
I0916 09:06:00.348183 139652715497216 logging_writer.py:48] [56] global_step=56, grad_norm=0.499999, loss=8.89263
I0916 09:06:00.351243 139681154073792 submission.py:307] 56) loss = 8.893, grad_norm = 0.500
I0916 09:06:00.524232 139652707104512 logging_writer.py:48] [57] global_step=57, grad_norm=0.499999, loss=8.82903
I0916 09:06:00.527384 139681154073792 submission.py:307] 57) loss = 8.829, grad_norm = 0.500
I0916 09:06:00.700633 139652715497216 logging_writer.py:48] [58] global_step=58, grad_norm=0.484025, loss=8.80542
I0916 09:06:00.703833 139681154073792 submission.py:307] 58) loss = 8.805, grad_norm = 0.484
I0916 09:06:00.876534 139652707104512 logging_writer.py:48] [59] global_step=59, grad_norm=0.47154, loss=8.78859
I0916 09:06:00.879665 139681154073792 submission.py:307] 59) loss = 8.789, grad_norm = 0.472
I0916 09:06:01.055693 139652715497216 logging_writer.py:48] [60] global_step=60, grad_norm=0.447909, loss=8.7827
I0916 09:06:01.058815 139681154073792 submission.py:307] 60) loss = 8.783, grad_norm = 0.448
I0916 09:06:01.230667 139652707104512 logging_writer.py:48] [61] global_step=61, grad_norm=0.426025, loss=8.73132
I0916 09:06:01.233717 139681154073792 submission.py:307] 61) loss = 8.731, grad_norm = 0.426
I0916 09:06:01.406193 139652715497216 logging_writer.py:48] [62] global_step=62, grad_norm=0.397381, loss=8.7427
I0916 09:06:01.409176 139681154073792 submission.py:307] 62) loss = 8.743, grad_norm = 0.397
I0916 09:06:01.582031 139652707104512 logging_writer.py:48] [63] global_step=63, grad_norm=0.387759, loss=8.69425
I0916 09:06:01.585086 139681154073792 submission.py:307] 63) loss = 8.694, grad_norm = 0.388
I0916 09:06:01.756838 139652715497216 logging_writer.py:48] [64] global_step=64, grad_norm=0.358227, loss=8.71724
I0916 09:06:01.759840 139681154073792 submission.py:307] 64) loss = 8.717, grad_norm = 0.358
I0916 09:06:01.932350 139652707104512 logging_writer.py:48] [65] global_step=65, grad_norm=0.336959, loss=8.67442
I0916 09:06:01.935403 139681154073792 submission.py:307] 65) loss = 8.674, grad_norm = 0.337
I0916 09:06:02.108026 139652715497216 logging_writer.py:48] [66] global_step=66, grad_norm=0.331202, loss=8.65828
I0916 09:06:02.111038 139681154073792 submission.py:307] 66) loss = 8.658, grad_norm = 0.331
I0916 09:06:02.283620 139652707104512 logging_writer.py:48] [67] global_step=67, grad_norm=0.324327, loss=8.61693
I0916 09:06:02.286654 139681154073792 submission.py:307] 67) loss = 8.617, grad_norm = 0.324
I0916 09:06:02.458890 139652715497216 logging_writer.py:48] [68] global_step=68, grad_norm=0.302241, loss=8.62463
I0916 09:06:02.461994 139681154073792 submission.py:307] 68) loss = 8.625, grad_norm = 0.302
I0916 09:06:02.634474 139652707104512 logging_writer.py:48] [69] global_step=69, grad_norm=0.290193, loss=8.61702
I0916 09:06:02.637528 139681154073792 submission.py:307] 69) loss = 8.617, grad_norm = 0.290
I0916 09:06:02.809891 139652715497216 logging_writer.py:48] [70] global_step=70, grad_norm=0.274812, loss=8.60777
I0916 09:06:02.812921 139681154073792 submission.py:307] 70) loss = 8.608, grad_norm = 0.275
I0916 09:06:02.986251 139652707104512 logging_writer.py:48] [71] global_step=71, grad_norm=0.284924, loss=8.5891
I0916 09:06:02.989386 139681154073792 submission.py:307] 71) loss = 8.589, grad_norm = 0.285
I0916 09:06:03.161262 139652715497216 logging_writer.py:48] [72] global_step=72, grad_norm=0.273523, loss=8.57094
I0916 09:06:03.164325 139681154073792 submission.py:307] 72) loss = 8.571, grad_norm = 0.274
I0916 09:06:03.336704 139652707104512 logging_writer.py:48] [73] global_step=73, grad_norm=0.254751, loss=8.56735
I0916 09:06:03.339729 139681154073792 submission.py:307] 73) loss = 8.567, grad_norm = 0.255
I0916 09:06:03.512262 139652715497216 logging_writer.py:48] [74] global_step=74, grad_norm=0.255528, loss=8.56057
I0916 09:06:03.515277 139681154073792 submission.py:307] 74) loss = 8.561, grad_norm = 0.256
I0916 09:06:03.687537 139652707104512 logging_writer.py:48] [75] global_step=75, grad_norm=0.243686, loss=8.56512
I0916 09:06:03.690681 139681154073792 submission.py:307] 75) loss = 8.565, grad_norm = 0.244
I0916 09:06:03.863727 139652715497216 logging_writer.py:48] [76] global_step=76, grad_norm=0.245775, loss=8.52251
I0916 09:06:03.866763 139681154073792 submission.py:307] 76) loss = 8.523, grad_norm = 0.246
I0916 09:06:04.039806 139652707104512 logging_writer.py:48] [77] global_step=77, grad_norm=0.234155, loss=8.51801
I0916 09:06:04.042940 139681154073792 submission.py:307] 77) loss = 8.518, grad_norm = 0.234
I0916 09:06:04.215452 139652715497216 logging_writer.py:48] [78] global_step=78, grad_norm=0.230207, loss=8.53604
I0916 09:06:04.218465 139681154073792 submission.py:307] 78) loss = 8.536, grad_norm = 0.230
I0916 09:06:04.391718 139652707104512 logging_writer.py:48] [79] global_step=79, grad_norm=0.238301, loss=8.54019
I0916 09:06:04.394741 139681154073792 submission.py:307] 79) loss = 8.540, grad_norm = 0.238
I0916 09:06:04.567285 139652715497216 logging_writer.py:48] [80] global_step=80, grad_norm=0.227869, loss=8.51799
I0916 09:06:04.570336 139681154073792 submission.py:307] 80) loss = 8.518, grad_norm = 0.228
I0916 09:06:04.744220 139652707104512 logging_writer.py:48] [81] global_step=81, grad_norm=0.230711, loss=8.47553
I0916 09:06:04.747293 139681154073792 submission.py:307] 81) loss = 8.476, grad_norm = 0.231
I0916 09:06:04.919825 139652715497216 logging_writer.py:48] [82] global_step=82, grad_norm=0.22396, loss=8.48433
I0916 09:06:04.922885 139681154073792 submission.py:307] 82) loss = 8.484, grad_norm = 0.224
I0916 09:06:05.095872 139652707104512 logging_writer.py:48] [83] global_step=83, grad_norm=0.216979, loss=8.51486
I0916 09:06:05.098908 139681154073792 submission.py:307] 83) loss = 8.515, grad_norm = 0.217
I0916 09:06:05.271268 139652715497216 logging_writer.py:48] [84] global_step=84, grad_norm=0.21658, loss=8.4898
I0916 09:06:05.274387 139681154073792 submission.py:307] 84) loss = 8.490, grad_norm = 0.217
I0916 09:06:05.447129 139652707104512 logging_writer.py:48] [85] global_step=85, grad_norm=0.216634, loss=8.46441
I0916 09:06:05.450183 139681154073792 submission.py:307] 85) loss = 8.464, grad_norm = 0.217
I0916 09:06:05.623292 139652715497216 logging_writer.py:48] [86] global_step=86, grad_norm=0.214494, loss=8.46013
I0916 09:06:05.626459 139681154073792 submission.py:307] 86) loss = 8.460, grad_norm = 0.214
I0916 09:06:05.798859 139652707104512 logging_writer.py:48] [87] global_step=87, grad_norm=0.218247, loss=8.424
I0916 09:06:05.802014 139681154073792 submission.py:307] 87) loss = 8.424, grad_norm = 0.218
I0916 09:06:05.974250 139652715497216 logging_writer.py:48] [88] global_step=88, grad_norm=0.218854, loss=8.42217
I0916 09:06:05.977298 139681154073792 submission.py:307] 88) loss = 8.422, grad_norm = 0.219
I0916 09:06:06.149810 139652707104512 logging_writer.py:48] [89] global_step=89, grad_norm=0.218676, loss=8.47174
I0916 09:06:06.152831 139681154073792 submission.py:307] 89) loss = 8.472, grad_norm = 0.219
I0916 09:06:06.325362 139652715497216 logging_writer.py:48] [90] global_step=90, grad_norm=0.211776, loss=8.43105
I0916 09:06:06.328327 139681154073792 submission.py:307] 90) loss = 8.431, grad_norm = 0.212
I0916 09:06:06.500918 139652707104512 logging_writer.py:48] [91] global_step=91, grad_norm=0.213941, loss=8.44563
I0916 09:06:06.504020 139681154073792 submission.py:307] 91) loss = 8.446, grad_norm = 0.214
I0916 09:06:06.676752 139652715497216 logging_writer.py:48] [92] global_step=92, grad_norm=0.223957, loss=8.44704
I0916 09:06:06.679725 139681154073792 submission.py:307] 92) loss = 8.447, grad_norm = 0.224
I0916 09:06:06.852713 139652707104512 logging_writer.py:48] [93] global_step=93, grad_norm=0.214437, loss=8.41053
I0916 09:06:06.855669 139681154073792 submission.py:307] 93) loss = 8.411, grad_norm = 0.214
I0916 09:06:07.029719 139652715497216 logging_writer.py:48] [94] global_step=94, grad_norm=0.220372, loss=8.41511
I0916 09:06:07.032689 139681154073792 submission.py:307] 94) loss = 8.415, grad_norm = 0.220
I0916 09:06:07.205227 139652707104512 logging_writer.py:48] [95] global_step=95, grad_norm=0.2184, loss=8.39423
I0916 09:06:07.208258 139681154073792 submission.py:307] 95) loss = 8.394, grad_norm = 0.218
I0916 09:06:07.381183 139652715497216 logging_writer.py:48] [96] global_step=96, grad_norm=0.211919, loss=8.35962
I0916 09:06:07.384199 139681154073792 submission.py:307] 96) loss = 8.360, grad_norm = 0.212
I0916 09:06:07.557313 139652707104512 logging_writer.py:48] [97] global_step=97, grad_norm=0.208442, loss=8.40184
I0916 09:06:07.560273 139681154073792 submission.py:307] 97) loss = 8.402, grad_norm = 0.208
I0916 09:06:07.733379 139652715497216 logging_writer.py:48] [98] global_step=98, grad_norm=0.209562, loss=8.38605
I0916 09:06:07.736354 139681154073792 submission.py:307] 98) loss = 8.386, grad_norm = 0.210
I0916 09:06:07.909145 139652707104512 logging_writer.py:48] [99] global_step=99, grad_norm=0.204526, loss=8.40228
I0916 09:06:07.912151 139681154073792 submission.py:307] 99) loss = 8.402, grad_norm = 0.205
I0916 09:06:08.085044 139652715497216 logging_writer.py:48] [100] global_step=100, grad_norm=0.215481, loss=8.36179
I0916 09:06:08.088112 139681154073792 submission.py:307] 100) loss = 8.362, grad_norm = 0.215
I0916 09:07:11.176946 139652707104512 logging_writer.py:48] [500] global_step=500, grad_norm=0.499999, loss=6.75434
I0916 09:07:11.180171 139681154073792 submission.py:307] 500) loss = 6.754, grad_norm = 0.500
I0916 09:08:30.216499 139652715497216 logging_writer.py:48] [1000] global_step=1000, grad_norm=0.499999, loss=5.51075
I0916 09:08:30.219952 139681154073792 submission.py:307] 1000) loss = 5.511, grad_norm = 0.500
I0916 09:09:49.276899 139652707104512 logging_writer.py:48] [1500] global_step=1500, grad_norm=0.499999, loss=4.60362
I0916 09:09:49.280390 139681154073792 submission.py:307] 1500) loss = 4.604, grad_norm = 0.500
I0916 09:11:08.400460 139652715497216 logging_writer.py:48] [2000] global_step=2000, grad_norm=0.499999, loss=3.88147
I0916 09:11:08.403800 139681154073792 submission.py:307] 2000) loss = 3.881, grad_norm = 0.500
I0916 09:12:27.562152 139652707104512 logging_writer.py:48] [2500] global_step=2500, grad_norm=0.499999, loss=3.46648
I0916 09:12:27.565752 139681154073792 submission.py:307] 2500) loss = 3.466, grad_norm = 0.500
I0916 09:13:46.728524 139652715497216 logging_writer.py:48] [3000] global_step=3000, grad_norm=0.499999, loss=3.12037
I0916 09:13:46.731718 139681154073792 submission.py:307] 3000) loss = 3.120, grad_norm = 0.500
I0916 09:15:05.907278 139652707104512 logging_writer.py:48] [3500] global_step=3500, grad_norm=0.411572, loss=2.88635
I0916 09:15:05.910511 139681154073792 submission.py:307] 3500) loss = 2.886, grad_norm = 0.412
I0916 09:16:25.063953 139652715497216 logging_writer.py:48] [4000] global_step=4000, grad_norm=0.397095, loss=2.79428
I0916 09:16:25.067209 139681154073792 submission.py:307] 4000) loss = 2.794, grad_norm = 0.397
I0916 09:16:34.358075 139681154073792 spec.py:333] Evaluating on the training split.
I0916 09:16:36.593190 139681154073792 workload.py:152] Translating evaluation dataset.
I0916 09:17:43.216036 139681154073792 spec.py:346] Evaluating on the validation split.
I0916 09:17:45.437851 139681154073792 workload.py:152] Translating evaluation dataset.
I0916 09:18:51.460918 139681154073792 spec.py:363] Evaluating on the test split.
I0916 09:18:53.679908 139681154073792 workload.py:152] Translating evaluation dataset.
I0916 09:19:56.798811 139681154073792 submission_runner.py:516] Time since start: 1346.26s, 	Step: 4056, 	{'train/accuracy': 0.5461362597165066, 'train/loss': 2.615983832018747, 'train/bleu': 24.722224184660156, 'validation/accuracy': 0.5493918240319401, 'validation/loss': 2.567170586849512, 'validation/bleu': 20.598851036749906, 'validation/num_examples': 3000, 'test/accuracy': 0.5522630875602812, 'test/loss': 2.5806624397187843, 'test/bleu': 19.29351834035134, 'test/num_examples': 3003, 'score': 694.9455635547638, 'total_duration': 1346.2628633975983, 'accumulated_submission_time': 694.9455635547638, 'accumulated_eval_time': 647.8665144443512, 'accumulated_logging_time': 0.033881425857543945}
I0916 09:19:56.823670 139652707104512 logging_writer.py:48] [4056] accumulated_eval_time=647.867, accumulated_logging_time=0.0338814, accumulated_submission_time=694.946, global_step=4056, preemption_count=0, score=694.946, test/accuracy=0.552263, test/bleu=19.2935, test/loss=2.58066, test/num_examples=3003, total_duration=1346.26, train/accuracy=0.546136, train/bleu=24.7222, train/loss=2.61598, validation/accuracy=0.549392, validation/bleu=20.5989, validation/loss=2.56717, validation/num_examples=3000
I0916 09:21:07.600837 139652715497216 logging_writer.py:48] [4500] global_step=4500, grad_norm=0.36344, loss=2.64548
I0916 09:21:07.604231 139681154073792 submission.py:307] 4500) loss = 2.645, grad_norm = 0.363
I0916 09:22:26.601651 139652707104512 logging_writer.py:48] [5000] global_step=5000, grad_norm=0.3162, loss=2.51292
I0916 09:22:26.604821 139681154073792 submission.py:307] 5000) loss = 2.513, grad_norm = 0.316
I0916 09:23:45.748028 139652715497216 logging_writer.py:48] [5500] global_step=5500, grad_norm=0.31965, loss=2.41601
I0916 09:23:45.751485 139681154073792 submission.py:307] 5500) loss = 2.416, grad_norm = 0.320
I0916 09:25:04.906602 139652707104512 logging_writer.py:48] [6000] global_step=6000, grad_norm=0.302797, loss=2.40354
I0916 09:25:04.909891 139681154073792 submission.py:307] 6000) loss = 2.404, grad_norm = 0.303
I0916 09:26:24.003509 139652715497216 logging_writer.py:48] [6500] global_step=6500, grad_norm=0.308596, loss=2.35358
I0916 09:26:24.006794 139681154073792 submission.py:307] 6500) loss = 2.354, grad_norm = 0.309
I0916 09:27:43.131821 139652707104512 logging_writer.py:48] [7000] global_step=7000, grad_norm=0.282544, loss=2.38677
I0916 09:27:43.135071 139681154073792 submission.py:307] 7000) loss = 2.387, grad_norm = 0.283
I0916 09:29:02.269595 139652715497216 logging_writer.py:48] [7500] global_step=7500, grad_norm=0.274571, loss=2.29541
I0916 09:29:02.273073 139681154073792 submission.py:307] 7500) loss = 2.295, grad_norm = 0.275
I0916 09:30:21.383759 139652707104512 logging_writer.py:48] [8000] global_step=8000, grad_norm=0.25458, loss=2.3343
I0916 09:30:21.387007 139681154073792 submission.py:307] 8000) loss = 2.334, grad_norm = 0.255
I0916 09:30:41.419931 139681154073792 spec.py:333] Evaluating on the training split.
I0916 09:30:43.654655 139681154073792 workload.py:152] Translating evaluation dataset.
I0916 09:31:55.784364 139681154073792 spec.py:346] Evaluating on the validation split.
I0916 09:31:58.001111 139681154073792 workload.py:152] Translating evaluation dataset.
I0916 09:33:01.470072 139681154073792 spec.py:363] Evaluating on the test split.
I0916 09:33:03.688248 139681154073792 workload.py:152] Translating evaluation dataset.
I0916 09:34:01.884738 139681154073792 submission_runner.py:516] Time since start: 2191.35s, 	Step: 8124, 	{'train/accuracy': 0.5977578372947919, 'train/loss': 2.1133938968422497, 'train/bleu': 28.960536769195457, 'validation/accuracy': 0.6121684790021202, 'validation/loss': 2.0209432462089745, 'validation/bleu': 24.8842243333632, 'validation/num_examples': 3000, 'test/accuracy': 0.6148044855034571, 'test/loss': 1.9902086601592006, 'test/bleu': 23.51979872328674, 'test/num_examples': 3003, 'score': 1336.9580190181732, 'total_duration': 2191.3487401008606, 'accumulated_submission_time': 1336.9580190181732, 'accumulated_eval_time': 848.3313324451447, 'accumulated_logging_time': 0.06844353675842285}
I0916 09:34:01.911160 139652715497216 logging_writer.py:48] [8124] accumulated_eval_time=848.331, accumulated_logging_time=0.0684435, accumulated_submission_time=1336.96, global_step=8124, preemption_count=0, score=1336.96, test/accuracy=0.614804, test/bleu=23.5198, test/loss=1.99021, test/num_examples=3003, total_duration=2191.35, train/accuracy=0.597758, train/bleu=28.9605, train/loss=2.11339, validation/accuracy=0.612168, validation/bleu=24.8842, validation/loss=2.02094, validation/num_examples=3000
I0916 09:35:01.939225 139652707104512 logging_writer.py:48] [8500] global_step=8500, grad_norm=0.240838, loss=2.19863
I0916 09:35:01.942476 139681154073792 submission.py:307] 8500) loss = 2.199, grad_norm = 0.241
I0916 09:36:20.874454 139652715497216 logging_writer.py:48] [9000] global_step=9000, grad_norm=0.239872, loss=2.14106
I0916 09:36:20.877654 139681154073792 submission.py:307] 9000) loss = 2.141, grad_norm = 0.240
I0916 09:37:39.962931 139652707104512 logging_writer.py:48] [9500] global_step=9500, grad_norm=0.253489, loss=2.16684
I0916 09:37:39.966379 139681154073792 submission.py:307] 9500) loss = 2.167, grad_norm = 0.253
I0916 09:38:59.119316 139652715497216 logging_writer.py:48] [10000] global_step=10000, grad_norm=0.221962, loss=2.07576
I0916 09:38:59.122517 139681154073792 submission.py:307] 10000) loss = 2.076, grad_norm = 0.222
I0916 09:40:18.260544 139652707104512 logging_writer.py:48] [10500] global_step=10500, grad_norm=0.213502, loss=2.04441
I0916 09:40:18.263937 139681154073792 submission.py:307] 10500) loss = 2.044, grad_norm = 0.214
I0916 09:41:37.424098 139652715497216 logging_writer.py:48] [11000] global_step=11000, grad_norm=0.220687, loss=2.10975
I0916 09:41:37.427347 139681154073792 submission.py:307] 11000) loss = 2.110, grad_norm = 0.221
I0916 09:42:56.564673 139652707104512 logging_writer.py:48] [11500] global_step=11500, grad_norm=0.209134, loss=2.05962
I0916 09:42:56.568239 139681154073792 submission.py:307] 11500) loss = 2.060, grad_norm = 0.209
I0916 09:44:15.678075 139652715497216 logging_writer.py:48] [12000] global_step=12000, grad_norm=0.206218, loss=2.17938
I0916 09:44:15.681627 139681154073792 submission.py:307] 12000) loss = 2.179, grad_norm = 0.206
I0916 09:44:46.498436 139681154073792 spec.py:333] Evaluating on the training split.
I0916 09:44:48.730585 139681154073792 workload.py:152] Translating evaluation dataset.
I0916 09:45:55.010261 139681154073792 spec.py:346] Evaluating on the validation split.
I0916 09:45:57.223760 139681154073792 workload.py:152] Translating evaluation dataset.
I0916 09:47:01.819065 139681154073792 spec.py:363] Evaluating on the test split.
I0916 09:47:04.038912 139681154073792 workload.py:152] Translating evaluation dataset.
I0916 09:48:02.558714 139681154073792 submission_runner.py:516] Time since start: 3032.02s, 	Step: 12192, 	{'train/accuracy': 0.6143790849673203, 'train/loss': 1.976550205612415, 'train/bleu': 29.92785405711678, 'validation/accuracy': 0.6319698453831942, 'validation/loss': 1.8417314648919418, 'validation/bleu': 26.584652851785467, 'validation/num_examples': 3000, 'test/accuracy': 0.6400325373307768, 'test/loss': 1.783123801638487, 'test/bleu': 25.529453286545973, 'test/num_examples': 3003, 'score': 1978.9634940624237, 'total_duration': 3032.022760629654, 'accumulated_submission_time': 1978.9634940624237, 'accumulated_eval_time': 1044.3916444778442, 'accumulated_logging_time': 0.10451340675354004}
I0916 09:48:02.583662 139652707104512 logging_writer.py:48] [12192] accumulated_eval_time=1044.39, accumulated_logging_time=0.104513, accumulated_submission_time=1978.96, global_step=12192, preemption_count=0, score=1978.96, test/accuracy=0.640033, test/bleu=25.5295, test/loss=1.78312, test/num_examples=3003, total_duration=3032.02, train/accuracy=0.614379, train/bleu=29.9279, train/loss=1.97655, validation/accuracy=0.63197, validation/bleu=26.5847, validation/loss=1.84173, validation/num_examples=3000
I0916 09:48:51.791542 139652715497216 logging_writer.py:48] [12500] global_step=12500, grad_norm=0.20238, loss=2.10086
I0916 09:48:51.794802 139681154073792 submission.py:307] 12500) loss = 2.101, grad_norm = 0.202
I0916 09:50:10.616155 139652707104512 logging_writer.py:48] [13000] global_step=13000, grad_norm=0.202958, loss=2.10718
I0916 09:50:10.619461 139681154073792 submission.py:307] 13000) loss = 2.107, grad_norm = 0.203
I0916 09:51:29.623435 139652715497216 logging_writer.py:48] [13500] global_step=13500, grad_norm=0.20258, loss=2.05852
I0916 09:51:29.626853 139681154073792 submission.py:307] 13500) loss = 2.059, grad_norm = 0.203
I0916 09:52:48.631148 139652707104512 logging_writer.py:48] [14000] global_step=14000, grad_norm=0.193351, loss=2.08772
I0916 09:52:48.634455 139681154073792 submission.py:307] 14000) loss = 2.088, grad_norm = 0.193
I0916 09:54:07.675690 139652715497216 logging_writer.py:48] [14500] global_step=14500, grad_norm=0.184986, loss=2.07661
I0916 09:54:07.678878 139681154073792 submission.py:307] 14500) loss = 2.077, grad_norm = 0.185
I0916 09:55:26.722233 139652707104512 logging_writer.py:48] [15000] global_step=15000, grad_norm=0.186757, loss=2.01957
I0916 09:55:26.725886 139681154073792 submission.py:307] 15000) loss = 2.020, grad_norm = 0.187
I0916 09:56:45.838311 139652715497216 logging_writer.py:48] [15500] global_step=15500, grad_norm=0.179196, loss=1.95816
I0916 09:56:45.841749 139681154073792 submission.py:307] 15500) loss = 1.958, grad_norm = 0.179
I0916 09:58:04.885192 139652707104512 logging_writer.py:48] [16000] global_step=16000, grad_norm=0.173792, loss=2.03723
I0916 09:58:04.888393 139681154073792 submission.py:307] 16000) loss = 2.037, grad_norm = 0.174
I0916 09:58:47.251172 139681154073792 spec.py:333] Evaluating on the training split.
I0916 09:58:49.484363 139681154073792 workload.py:152] Translating evaluation dataset.
I0916 09:59:48.706632 139681154073792 spec.py:346] Evaluating on the validation split.
I0916 09:59:50.922366 139681154073792 workload.py:152] Translating evaluation dataset.
I0916 10:00:47.078571 139681154073792 spec.py:363] Evaluating on the test split.
I0916 10:00:49.290054 139681154073792 workload.py:152] Translating evaluation dataset.
I0916 10:01:43.406729 139681154073792 submission_runner.py:516] Time since start: 3852.87s, 	Step: 16265, 	{'train/accuracy': 0.6276181755751402, 'train/loss': 1.8615210455533937, 'train/bleu': 30.31384127236931, 'validation/accuracy': 0.644926907291912, 'validation/loss': 1.736397603563502, 'validation/bleu': 27.520962113950997, 'validation/num_examples': 3000, 'test/accuracy': 0.652431584451804, 'test/loss': 1.6740173435593515, 'test/bleu': 26.223018677187245, 'test/num_examples': 3003, 'score': 2621.048262119293, 'total_duration': 3852.870769262314, 'accumulated_submission_time': 2621.048262119293, 'accumulated_eval_time': 1220.5474019050598, 'accumulated_logging_time': 0.13915300369262695}
I0916 10:01:43.432796 139652715497216 logging_writer.py:48] [16265] accumulated_eval_time=1220.55, accumulated_logging_time=0.139153, accumulated_submission_time=2621.05, global_step=16265, preemption_count=0, score=2621.05, test/accuracy=0.652432, test/bleu=26.223, test/loss=1.67402, test/num_examples=3003, total_duration=3852.87, train/accuracy=0.627618, train/bleu=30.3138, train/loss=1.86152, validation/accuracy=0.644927, validation/bleu=27.521, validation/loss=1.7364, validation/num_examples=3000
I0916 10:02:21.236096 139652707104512 logging_writer.py:48] [16500] global_step=16500, grad_norm=0.169286, loss=1.9695
I0916 10:02:21.239257 139681154073792 submission.py:307] 16500) loss = 1.969, grad_norm = 0.169
I0916 10:03:40.134922 139652715497216 logging_writer.py:48] [17000] global_step=17000, grad_norm=0.16856, loss=1.98507
I0916 10:03:40.138347 139681154073792 submission.py:307] 17000) loss = 1.985, grad_norm = 0.169
I0916 10:04:59.187322 139652707104512 logging_writer.py:48] [17500] global_step=17500, grad_norm=0.171518, loss=1.92703
I0916 10:04:59.190596 139681154073792 submission.py:307] 17500) loss = 1.927, grad_norm = 0.172
I0916 10:06:18.272267 139652715497216 logging_writer.py:48] [18000] global_step=18000, grad_norm=0.172908, loss=1.83308
I0916 10:06:18.275639 139681154073792 submission.py:307] 18000) loss = 1.833, grad_norm = 0.173
I0916 10:07:37.363369 139652707104512 logging_writer.py:48] [18500] global_step=18500, grad_norm=0.157748, loss=1.95023
I0916 10:07:37.366848 139681154073792 submission.py:307] 18500) loss = 1.950, grad_norm = 0.158
I0916 10:08:56.441594 139652715497216 logging_writer.py:48] [19000] global_step=19000, grad_norm=0.158806, loss=1.84045
I0916 10:08:56.445152 139681154073792 submission.py:307] 19000) loss = 1.840, grad_norm = 0.159
I0916 10:10:15.538724 139652707104512 logging_writer.py:48] [19500] global_step=19500, grad_norm=0.166165, loss=1.94764
I0916 10:10:15.541943 139681154073792 submission.py:307] 19500) loss = 1.948, grad_norm = 0.166
I0916 10:11:34.633173 139652715497216 logging_writer.py:48] [20000] global_step=20000, grad_norm=0.162747, loss=1.89405
I0916 10:11:34.636404 139681154073792 submission.py:307] 20000) loss = 1.894, grad_norm = 0.163
I0916 10:12:28.056103 139681154073792 spec.py:333] Evaluating on the training split.
I0916 10:12:30.291008 139681154073792 workload.py:152] Translating evaluation dataset.
I0916 10:13:35.096500 139681154073792 spec.py:346] Evaluating on the validation split.
I0916 10:13:37.320649 139681154073792 workload.py:152] Translating evaluation dataset.
I0916 10:14:40.766332 139681154073792 spec.py:363] Evaluating on the test split.
I0916 10:14:42.985877 139681154073792 workload.py:152] Translating evaluation dataset.
I0916 10:15:42.270356 139681154073792 submission_runner.py:516] Time since start: 4691.73s, 	Step: 20335, 	{'train/accuracy': 0.6405194984153232, 'train/loss': 1.7526106259473613, 'train/bleu': 31.23142393247607, 'validation/accuracy': 0.6531599112224274, 'validation/loss': 1.6666036378966163, 'validation/bleu': 27.66911449034538, 'validation/num_examples': 3000, 'test/accuracy': 0.6614142118412643, 'test/loss': 1.6036165097902504, 'test/bleu': 26.956141842912437, 'test/num_examples': 3003, 'score': 3263.100668668747, 'total_duration': 4691.734410762787, 'accumulated_submission_time': 3263.100668668747, 'accumulated_eval_time': 1414.761714220047, 'accumulated_logging_time': 0.1748809814453125}
I0916 10:15:42.301046 139652707104512 logging_writer.py:48] [20335] accumulated_eval_time=1414.76, accumulated_logging_time=0.174881, accumulated_submission_time=3263.1, global_step=20335, preemption_count=0, score=3263.1, test/accuracy=0.661414, test/bleu=26.9561, test/loss=1.60362, test/num_examples=3003, total_duration=4691.73, train/accuracy=0.640519, train/bleu=31.2314, train/loss=1.75261, validation/accuracy=0.65316, validation/bleu=27.6691, validation/loss=1.6666, validation/num_examples=3000
I0916 10:16:09.068501 139652715497216 logging_writer.py:48] [20500] global_step=20500, grad_norm=0.168098, loss=1.93485
I0916 10:16:09.071891 139681154073792 submission.py:307] 20500) loss = 1.935, grad_norm = 0.168
I0916 10:17:27.839537 139652707104512 logging_writer.py:48] [21000] global_step=21000, grad_norm=0.153064, loss=1.84902
I0916 10:17:27.842707 139681154073792 submission.py:307] 21000) loss = 1.849, grad_norm = 0.153
I0916 10:18:46.879088 139652715497216 logging_writer.py:48] [21500] global_step=21500, grad_norm=0.158226, loss=1.8189
I0916 10:18:46.882538 139681154073792 submission.py:307] 21500) loss = 1.819, grad_norm = 0.158
I0916 10:20:05.905156 139652707104512 logging_writer.py:48] [22000] global_step=22000, grad_norm=0.170159, loss=1.90131
I0916 10:20:05.908511 139681154073792 submission.py:307] 22000) loss = 1.901, grad_norm = 0.170
I0916 10:21:25.016393 139652715497216 logging_writer.py:48] [22500] global_step=22500, grad_norm=0.173217, loss=1.86338
I0916 10:21:25.019853 139681154073792 submission.py:307] 22500) loss = 1.863, grad_norm = 0.173
I0916 10:22:44.086574 139652707104512 logging_writer.py:48] [23000] global_step=23000, grad_norm=0.14821, loss=1.95769
I0916 10:22:44.089820 139681154073792 submission.py:307] 23000) loss = 1.958, grad_norm = 0.148
I0916 10:24:03.181613 139652715497216 logging_writer.py:48] [23500] global_step=23500, grad_norm=0.157389, loss=1.83297
I0916 10:24:03.185097 139681154073792 submission.py:307] 23500) loss = 1.833, grad_norm = 0.157
I0916 10:25:22.275077 139652707104512 logging_writer.py:48] [24000] global_step=24000, grad_norm=0.157464, loss=1.83155
I0916 10:25:22.278423 139681154073792 submission.py:307] 24000) loss = 1.832, grad_norm = 0.157
I0916 10:26:27.000531 139681154073792 spec.py:333] Evaluating on the training split.
I0916 10:26:29.232368 139681154073792 workload.py:152] Translating evaluation dataset.
I0916 10:27:38.490176 139681154073792 spec.py:346] Evaluating on the validation split.
I0916 10:27:40.708503 139681154073792 workload.py:152] Translating evaluation dataset.
I0916 10:28:43.369716 139681154073792 spec.py:363] Evaluating on the test split.
I0916 10:28:45.587388 139681154073792 workload.py:152] Translating evaluation dataset.
I0916 10:29:39.473970 139681154073792 submission_runner.py:516] Time since start: 5528.94s, 	Step: 24407, 	{'train/accuracy': 0.6414288155870791, 'train/loss': 1.7548805759699198, 'train/bleu': 31.41940241037089, 'validation/accuracy': 0.6600042156947837, 'validation/loss': 1.6223898920968123, 'validation/bleu': 28.151750697478555, 'validation/num_examples': 3000, 'test/accuracy': 0.6718029167392946, 'test/loss': 1.5446280721631516, 'test/bleu': 27.845316861934634, 'test/num_examples': 3003, 'score': 3905.2253880500793, 'total_duration': 5528.938032865524, 'accumulated_submission_time': 3905.2253880500793, 'accumulated_eval_time': 1607.2352409362793, 'accumulated_logging_time': 0.21613717079162598}
I0916 10:29:39.500675 139652715497216 logging_writer.py:48] [24407] accumulated_eval_time=1607.24, accumulated_logging_time=0.216137, accumulated_submission_time=3905.23, global_step=24407, preemption_count=0, score=3905.23, test/accuracy=0.671803, test/bleu=27.8453, test/loss=1.54463, test/num_examples=3003, total_duration=5528.94, train/accuracy=0.641429, train/bleu=31.4194, train/loss=1.75488, validation/accuracy=0.660004, validation/bleu=28.1518, validation/loss=1.62239, validation/num_examples=3000
I0916 10:29:54.927273 139652707104512 logging_writer.py:48] [24500] global_step=24500, grad_norm=0.203336, loss=1.81669
I0916 10:29:54.930367 139681154073792 submission.py:307] 24500) loss = 1.817, grad_norm = 0.203
I0916 10:31:13.658041 139652715497216 logging_writer.py:48] [25000] global_step=25000, grad_norm=0.151218, loss=1.86499
I0916 10:31:13.661698 139681154073792 submission.py:307] 25000) loss = 1.865, grad_norm = 0.151
I0916 10:32:32.658319 139652707104512 logging_writer.py:48] [25500] global_step=25500, grad_norm=0.208889, loss=1.79844
I0916 10:32:32.661817 139681154073792 submission.py:307] 25500) loss = 1.798, grad_norm = 0.209
I0916 10:33:51.723490 139652715497216 logging_writer.py:48] [26000] global_step=26000, grad_norm=0.144517, loss=1.73451
I0916 10:33:51.726949 139681154073792 submission.py:307] 26000) loss = 1.735, grad_norm = 0.145
I0916 10:35:10.861618 139652707104512 logging_writer.py:48] [26500] global_step=26500, grad_norm=0.154119, loss=1.83968
I0916 10:35:10.864864 139681154073792 submission.py:307] 26500) loss = 1.840, grad_norm = 0.154
I0916 10:36:29.929833 139652715497216 logging_writer.py:48] [27000] global_step=27000, grad_norm=0.155045, loss=1.75638
I0916 10:36:29.933277 139681154073792 submission.py:307] 27000) loss = 1.756, grad_norm = 0.155
I0916 10:37:49.012657 139652707104512 logging_writer.py:48] [27500] global_step=27500, grad_norm=0.157184, loss=1.85264
I0916 10:37:49.015971 139681154073792 submission.py:307] 27500) loss = 1.853, grad_norm = 0.157
I0916 10:39:08.127829 139652715497216 logging_writer.py:48] [28000] global_step=28000, grad_norm=0.154757, loss=1.85043
I0916 10:39:08.131286 139681154073792 submission.py:307] 28000) loss = 1.850, grad_norm = 0.155
I0916 10:40:24.086833 139681154073792 spec.py:333] Evaluating on the training split.
I0916 10:40:26.320422 139681154073792 workload.py:152] Translating evaluation dataset.
I0916 10:41:49.590197 139681154073792 spec.py:346] Evaluating on the validation split.
I0916 10:41:51.808041 139681154073792 workload.py:152] Translating evaluation dataset.
I0916 10:43:03.655624 139681154073792 spec.py:363] Evaluating on the test split.
I0916 10:43:05.870805 139681154073792 workload.py:152] Translating evaluation dataset.
I0916 10:44:26.698305 139681154073792 submission_runner.py:516] Time since start: 6416.16s, 	Step: 28478, 	{'train/accuracy': 0.646569454394195, 'train/loss': 1.696688394033231, 'train/bleu': 31.908780533204727, 'validation/accuracy': 0.6634015697263518, 'validation/loss': 1.5865189985245067, 'validation/bleu': 28.6387571484488, 'validation/num_examples': 3000, 'test/accuracy': 0.6753123002730812, 'test/loss': 1.5034113357736332, 'test/bleu': 28.228522569674404, 'test/num_examples': 3003, 'score': 4547.240791797638, 'total_duration': 6416.162347793579, 'accumulated_submission_time': 4547.240791797638, 'accumulated_eval_time': 1849.8468225002289, 'accumulated_logging_time': 0.25238633155822754}
I0916 10:44:26.725225 139652707104512 logging_writer.py:48] [28478] accumulated_eval_time=1849.85, accumulated_logging_time=0.252386, accumulated_submission_time=4547.24, global_step=28478, preemption_count=0, score=4547.24, test/accuracy=0.675312, test/bleu=28.2285, test/loss=1.50341, test/num_examples=3003, total_duration=6416.16, train/accuracy=0.646569, train/bleu=31.9088, train/loss=1.69669, validation/accuracy=0.663402, validation/bleu=28.6388, validation/loss=1.58652, validation/num_examples=3000
I0916 10:44:30.972703 139652715497216 logging_writer.py:48] [28500] global_step=28500, grad_norm=0.177907, loss=1.88203
I0916 10:44:30.975763 139681154073792 submission.py:307] 28500) loss = 1.882, grad_norm = 0.178
I0916 10:45:49.625336 139652707104512 logging_writer.py:48] [29000] global_step=29000, grad_norm=0.154326, loss=1.81868
I0916 10:45:49.628985 139681154073792 submission.py:307] 29000) loss = 1.819, grad_norm = 0.154
I0916 10:47:08.556386 139652715497216 logging_writer.py:48] [29500] global_step=29500, grad_norm=0.179077, loss=1.79216
I0916 10:47:08.559653 139681154073792 submission.py:307] 29500) loss = 1.792, grad_norm = 0.179
I0916 10:48:27.601018 139652707104512 logging_writer.py:48] [30000] global_step=30000, grad_norm=0.150964, loss=1.79646
I0916 10:48:27.604264 139681154073792 submission.py:307] 30000) loss = 1.796, grad_norm = 0.151
I0916 10:49:46.667259 139652715497216 logging_writer.py:48] [30500] global_step=30500, grad_norm=0.162882, loss=1.81994
I0916 10:49:46.670644 139681154073792 submission.py:307] 30500) loss = 1.820, grad_norm = 0.163
I0916 10:51:05.756323 139652707104512 logging_writer.py:48] [31000] global_step=31000, grad_norm=0.156448, loss=1.73794
I0916 10:51:05.759700 139681154073792 submission.py:307] 31000) loss = 1.738, grad_norm = 0.156
I0916 10:52:24.813964 139652715497216 logging_writer.py:48] [31500] global_step=31500, grad_norm=0.161722, loss=1.76904
I0916 10:52:24.817340 139681154073792 submission.py:307] 31500) loss = 1.769, grad_norm = 0.162
I0916 10:53:43.882419 139652707104512 logging_writer.py:48] [32000] global_step=32000, grad_norm=0.163349, loss=1.76512
I0916 10:53:43.885656 139681154073792 submission.py:307] 32000) loss = 1.765, grad_norm = 0.163
I0916 10:55:02.888323 139652715497216 logging_writer.py:48] [32500] global_step=32500, grad_norm=0.178167, loss=1.7225
I0916 10:55:02.891843 139681154073792 submission.py:307] 32500) loss = 1.722, grad_norm = 0.178
I0916 10:55:11.379295 139681154073792 spec.py:333] Evaluating on the training split.
I0916 10:55:13.610345 139681154073792 workload.py:152] Translating evaluation dataset.
I0916 10:56:33.804061 139681154073792 spec.py:346] Evaluating on the validation split.
I0916 10:56:36.016294 139681154073792 workload.py:152] Translating evaluation dataset.
I0916 10:57:37.002150 139681154073792 spec.py:363] Evaluating on the test split.
I0916 10:57:39.218770 139681154073792 workload.py:152] Translating evaluation dataset.
I0916 10:58:34.944759 139681154073792 submission_runner.py:516] Time since start: 7264.41s, 	Step: 32551, 	{'train/accuracy': 0.6574741352642615, 'train/loss': 1.6197046035219578, 'train/bleu': 32.82359983605892, 'validation/accuracy': 0.6672576905432047, 'validation/loss': 1.5561068097419746, 'validation/bleu': 29.33604280909626, 'validation/num_examples': 3000, 'test/accuracy': 0.6806228574748707, 'test/loss': 1.476671351170763, 'test/bleu': 28.605820851693665, 'test/num_examples': 3003, 'score': 5189.318318843842, 'total_duration': 7264.40878868103, 'accumulated_submission_time': 5189.318318843842, 'accumulated_eval_time': 2053.412314414978, 'accumulated_logging_time': 0.2888314723968506}
I0916 10:58:34.972104 139652707104512 logging_writer.py:48] [32551] accumulated_eval_time=2053.41, accumulated_logging_time=0.288831, accumulated_submission_time=5189.32, global_step=32551, preemption_count=0, score=5189.32, test/accuracy=0.680623, test/bleu=28.6058, test/loss=1.47667, test/num_examples=3003, total_duration=7264.41, train/accuracy=0.657474, train/bleu=32.8236, train/loss=1.6197, validation/accuracy=0.667258, validation/bleu=29.336, validation/loss=1.55611, validation/num_examples=3000
I0916 10:59:46.419368 139652715497216 logging_writer.py:48] [33000] global_step=33000, grad_norm=0.226988, loss=1.80598
I0916 10:59:46.422785 139681154073792 submission.py:307] 33000) loss = 1.806, grad_norm = 0.227
I0916 11:01:05.317900 139652707104512 logging_writer.py:48] [33500] global_step=33500, grad_norm=0.154265, loss=1.76378
I0916 11:01:05.321449 139681154073792 submission.py:307] 33500) loss = 1.764, grad_norm = 0.154
I0916 11:02:24.307063 139652715497216 logging_writer.py:48] [34000] global_step=34000, grad_norm=0.170631, loss=1.70249
I0916 11:02:24.310358 139681154073792 submission.py:307] 34000) loss = 1.702, grad_norm = 0.171
I0916 11:03:43.370240 139652707104512 logging_writer.py:48] [34500] global_step=34500, grad_norm=0.18952, loss=1.79238
I0916 11:03:43.373998 139681154073792 submission.py:307] 34500) loss = 1.792, grad_norm = 0.190
I0916 11:05:02.458122 139652715497216 logging_writer.py:48] [35000] global_step=35000, grad_norm=0.169946, loss=1.73496
I0916 11:05:02.461386 139681154073792 submission.py:307] 35000) loss = 1.735, grad_norm = 0.170
I0916 11:06:21.542382 139652707104512 logging_writer.py:48] [35500] global_step=35500, grad_norm=0.194112, loss=1.74424
I0916 11:06:21.546092 139681154073792 submission.py:307] 35500) loss = 1.744, grad_norm = 0.194
I0916 11:07:40.614491 139652715497216 logging_writer.py:48] [36000] global_step=36000, grad_norm=0.174816, loss=1.67969
I0916 11:07:40.617887 139681154073792 submission.py:307] 36000) loss = 1.680, grad_norm = 0.175
I0916 11:08:59.637928 139652707104512 logging_writer.py:48] [36500] global_step=36500, grad_norm=0.18117, loss=1.6927
I0916 11:08:59.641442 139681154073792 submission.py:307] 36500) loss = 1.693, grad_norm = 0.181
I0916 11:09:19.549530 139681154073792 spec.py:333] Evaluating on the training split.
I0916 11:09:21.780556 139681154073792 workload.py:152] Translating evaluation dataset.
I0916 11:10:41.492599 139681154073792 spec.py:346] Evaluating on the validation split.
I0916 11:10:43.702031 139681154073792 workload.py:152] Translating evaluation dataset.
I0916 11:11:47.809810 139681154073792 spec.py:363] Evaluating on the test split.
I0916 11:11:50.027368 139681154073792 workload.py:152] Translating evaluation dataset.
I0916 11:12:47.804152 139681154073792 submission_runner.py:516] Time since start: 8117.27s, 	Step: 36623, 	{'train/accuracy': 0.6546037249512426, 'train/loss': 1.64831480457122, 'train/bleu': 32.60188823846328, 'validation/accuracy': 0.6693903361396635, 'validation/loss': 1.538441091864949, 'validation/bleu': 29.129087562232385, 'validation/num_examples': 3000, 'test/accuracy': 0.6837952472256116, 'test/loss': 1.4489703169484631, 'test/bleu': 28.47953293764722, 'test/num_examples': 3003, 'score': 5831.318049192429, 'total_duration': 8117.268192768097, 'accumulated_submission_time': 5831.318049192429, 'accumulated_eval_time': 2261.6669857501984, 'accumulated_logging_time': 0.326277494430542}
I0916 11:12:47.831137 139652715497216 logging_writer.py:48] [36623] accumulated_eval_time=2261.67, accumulated_logging_time=0.326277, accumulated_submission_time=5831.32, global_step=36623, preemption_count=0, score=5831.32, test/accuracy=0.683795, test/bleu=28.4795, test/loss=1.44897, test/num_examples=3003, total_duration=8117.27, train/accuracy=0.654604, train/bleu=32.6019, train/loss=1.64831, validation/accuracy=0.66939, validation/bleu=29.1291, validation/loss=1.53844, validation/num_examples=3000
I0916 11:13:47.890093 139652707104512 logging_writer.py:48] [37000] global_step=37000, grad_norm=0.240748, loss=1.66829
I0916 11:13:47.893476 139681154073792 submission.py:307] 37000) loss = 1.668, grad_norm = 0.241
I0916 11:15:06.696811 139652715497216 logging_writer.py:48] [37500] global_step=37500, grad_norm=0.212377, loss=1.79159
I0916 11:15:06.700050 139681154073792 submission.py:307] 37500) loss = 1.792, grad_norm = 0.212
I0916 11:16:25.692975 139652707104512 logging_writer.py:48] [38000] global_step=38000, grad_norm=0.175362, loss=1.75049
I0916 11:16:25.696500 139681154073792 submission.py:307] 38000) loss = 1.750, grad_norm = 0.175
I0916 11:17:44.751480 139652715497216 logging_writer.py:48] [38500] global_step=38500, grad_norm=0.220934, loss=1.69573
I0916 11:17:44.754711 139681154073792 submission.py:307] 38500) loss = 1.696, grad_norm = 0.221
I0916 11:19:03.831085 139652707104512 logging_writer.py:48] [39000] global_step=39000, grad_norm=0.182939, loss=1.6174
I0916 11:19:03.834483 139681154073792 submission.py:307] 39000) loss = 1.617, grad_norm = 0.183
I0916 11:20:22.920946 139652715497216 logging_writer.py:48] [39500] global_step=39500, grad_norm=0.195047, loss=1.76478
I0916 11:20:22.924192 139681154073792 submission.py:307] 39500) loss = 1.765, grad_norm = 0.195
I0916 11:21:42.027426 139652707104512 logging_writer.py:48] [40000] global_step=40000, grad_norm=0.243193, loss=1.69165
I0916 11:21:42.030975 139681154073792 submission.py:307] 40000) loss = 1.692, grad_norm = 0.243
I0916 11:23:01.108900 139652715497216 logging_writer.py:48] [40500] global_step=40500, grad_norm=0.237949, loss=1.75808
I0916 11:23:01.112228 139681154073792 submission.py:307] 40500) loss = 1.758, grad_norm = 0.238
I0916 11:23:32.526849 139681154073792 spec.py:333] Evaluating on the training split.
I0916 11:23:34.758867 139681154073792 workload.py:152] Translating evaluation dataset.
I0916 11:25:16.731334 139681154073792 spec.py:346] Evaluating on the validation split.
I0916 11:25:18.946399 139681154073792 workload.py:152] Translating evaluation dataset.
I0916 11:26:43.446498 139681154073792 spec.py:363] Evaluating on the test split.
I0916 11:26:45.662371 139681154073792 workload.py:152] Translating evaluation dataset.
I0916 11:28:07.155961 139681154073792 submission_runner.py:516] Time since start: 9036.62s, 	Step: 40696, 	{'train/accuracy': 0.6608371754979673, 'train/loss': 1.5949718509391537, 'train/bleu': 32.70192794968317, 'validation/accuracy': 0.6731596632403813, 'validation/loss': 1.5138081440403715, 'validation/bleu': 29.136297489173543, 'validation/num_examples': 3000, 'test/accuracy': 0.6858985532508279, 'test/loss': 1.4243017728487595, 'test/bleu': 28.860104183886676, 'test/num_examples': 3003, 'score': 6473.437443256378, 'total_duration': 9036.62000489235, 'accumulated_submission_time': 6473.437443256378, 'accumulated_eval_time': 2536.2961554527283, 'accumulated_logging_time': 0.362851619720459}
I0916 11:28:07.183719 139652707104512 logging_writer.py:48] [40696] accumulated_eval_time=2536.3, accumulated_logging_time=0.362852, accumulated_submission_time=6473.44, global_step=40696, preemption_count=0, score=6473.44, test/accuracy=0.685899, test/bleu=28.8601, test/loss=1.4243, test/num_examples=3003, total_duration=9036.62, train/accuracy=0.660837, train/bleu=32.7019, train/loss=1.59497, validation/accuracy=0.67316, validation/bleu=29.1363, validation/loss=1.51381, validation/num_examples=3000
I0916 11:28:55.742676 139652715497216 logging_writer.py:48] [41000] global_step=41000, grad_norm=0.202404, loss=1.68936
I0916 11:28:55.745951 139681154073792 submission.py:307] 41000) loss = 1.689, grad_norm = 0.202
I0916 11:30:14.582404 139652707104512 logging_writer.py:48] [41500] global_step=41500, grad_norm=0.208391, loss=1.67561
I0916 11:30:14.585708 139681154073792 submission.py:307] 41500) loss = 1.676, grad_norm = 0.208
I0916 11:31:33.586931 139652715497216 logging_writer.py:48] [42000] global_step=42000, grad_norm=0.274094, loss=1.75671
I0916 11:31:33.590263 139681154073792 submission.py:307] 42000) loss = 1.757, grad_norm = 0.274
I0916 11:32:52.591874 139652707104512 logging_writer.py:48] [42500] global_step=42500, grad_norm=0.229465, loss=1.67699
I0916 11:32:52.595344 139681154073792 submission.py:307] 42500) loss = 1.677, grad_norm = 0.229
I0916 11:34:11.659330 139652715497216 logging_writer.py:48] [43000] global_step=43000, grad_norm=0.20954, loss=1.63177
I0916 11:34:11.662628 139681154073792 submission.py:307] 43000) loss = 1.632, grad_norm = 0.210
I0916 11:35:30.696197 139652707104512 logging_writer.py:48] [43500] global_step=43500, grad_norm=0.203519, loss=1.75522
I0916 11:35:30.699372 139681154073792 submission.py:307] 43500) loss = 1.755, grad_norm = 0.204
I0916 11:36:49.691673 139652715497216 logging_writer.py:48] [44000] global_step=44000, grad_norm=0.223498, loss=1.7518
I0916 11:36:49.695172 139681154073792 submission.py:307] 44000) loss = 1.752, grad_norm = 0.223
I0916 11:38:08.786529 139652707104512 logging_writer.py:48] [44500] global_step=44500, grad_norm=0.236519, loss=1.70998
I0916 11:38:08.789841 139681154073792 submission.py:307] 44500) loss = 1.710, grad_norm = 0.237
I0916 11:38:51.755372 139681154073792 spec.py:333] Evaluating on the training split.
I0916 11:38:53.985303 139681154073792 workload.py:152] Translating evaluation dataset.
I0916 11:40:13.139526 139681154073792 spec.py:346] Evaluating on the validation split.
I0916 11:40:15.350179 139681154073792 workload.py:152] Translating evaluation dataset.
I0916 11:41:20.989037 139681154073792 spec.py:363] Evaluating on the test split.
I0916 11:41:23.206282 139681154073792 workload.py:152] Translating evaluation dataset.
I0916 11:42:19.358209 139681154073792 submission_runner.py:516] Time since start: 9888.82s, 	Step: 44769, 	{'train/accuracy': 0.6736368540047972, 'train/loss': 1.5027317254943593, 'train/bleu': 33.463669608567024, 'validation/accuracy': 0.67566428190599, 'validation/loss': 1.4967648029782643, 'validation/bleu': 29.447153797348868, 'validation/num_examples': 3000, 'test/accuracy': 0.6869095345999652, 'test/loss': 1.413147659926791, 'test/bleu': 29.056115384466224, 'test/num_examples': 3003, 'score': 7115.437336683273, 'total_duration': 9888.822259187698, 'accumulated_submission_time': 7115.437336683273, 'accumulated_eval_time': 2743.8992309570312, 'accumulated_logging_time': 0.4001736640930176}
I0916 11:42:19.384771 139652715497216 logging_writer.py:48] [44769] accumulated_eval_time=2743.9, accumulated_logging_time=0.400174, accumulated_submission_time=7115.44, global_step=44769, preemption_count=0, score=7115.44, test/accuracy=0.68691, test/bleu=29.0561, test/loss=1.41315, test/num_examples=3003, total_duration=9888.82, train/accuracy=0.673637, train/bleu=33.4637, train/loss=1.50273, validation/accuracy=0.675664, validation/bleu=29.4472, validation/loss=1.49676, validation/num_examples=3000
I0916 11:42:56.544557 139652707104512 logging_writer.py:48] [45000] global_step=45000, grad_norm=0.23506, loss=1.68287
I0916 11:42:56.547839 139681154073792 submission.py:307] 45000) loss = 1.683, grad_norm = 0.235
I0916 11:44:15.340085 139652715497216 logging_writer.py:48] [45500] global_step=45500, grad_norm=0.287116, loss=1.64769
I0916 11:44:15.343438 139681154073792 submission.py:307] 45500) loss = 1.648, grad_norm = 0.287
I0916 11:45:34.305658 139652707104512 logging_writer.py:48] [46000] global_step=46000, grad_norm=0.254616, loss=1.71205
I0916 11:45:34.308852 139681154073792 submission.py:307] 46000) loss = 1.712, grad_norm = 0.255
I0916 11:46:53.328931 139652715497216 logging_writer.py:48] [46500] global_step=46500, grad_norm=0.236796, loss=1.61907
I0916 11:46:53.332146 139681154073792 submission.py:307] 46500) loss = 1.619, grad_norm = 0.237
I0916 11:48:12.370882 139652707104512 logging_writer.py:48] [47000] global_step=47000, grad_norm=0.237498, loss=1.67687
I0916 11:48:12.374408 139681154073792 submission.py:307] 47000) loss = 1.677, grad_norm = 0.237
I0916 11:49:31.390746 139652715497216 logging_writer.py:48] [47500] global_step=47500, grad_norm=0.303485, loss=1.66961
I0916 11:49:31.394016 139681154073792 submission.py:307] 47500) loss = 1.670, grad_norm = 0.303
I0916 11:50:50.425933 139652707104512 logging_writer.py:48] [48000] global_step=48000, grad_norm=0.265766, loss=1.60315
I0916 11:50:50.429223 139681154073792 submission.py:307] 48000) loss = 1.603, grad_norm = 0.266
I0916 11:52:09.405999 139652715497216 logging_writer.py:48] [48500] global_step=48500, grad_norm=0.248976, loss=1.67526
I0916 11:52:09.409273 139681154073792 submission.py:307] 48500) loss = 1.675, grad_norm = 0.249
I0916 11:53:03.998476 139681154073792 spec.py:333] Evaluating on the training split.
I0916 11:53:06.230443 139681154073792 workload.py:152] Translating evaluation dataset.
I0916 11:54:47.859642 139681154073792 spec.py:346] Evaluating on the validation split.
I0916 11:54:50.080684 139681154073792 workload.py:152] Translating evaluation dataset.
I0916 11:56:02.577753 139681154073792 spec.py:363] Evaluating on the test split.
I0916 11:56:04.791606 139681154073792 workload.py:152] Translating evaluation dataset.
I0916 11:57:08.065054 139681154073792 submission_runner.py:516] Time since start: 10777.53s, 	Step: 48843, 	{'train/accuracy': 0.6602731896896611, 'train/loss': 1.5895205249471338, 'train/bleu': 33.20233996811842, 'validation/accuracy': 0.6778093266047538, 'validation/loss': 1.4871544331440403, 'validation/bleu': 29.348687414056066, 'validation/num_examples': 3000, 'test/accuracy': 0.690163267677648, 'test/loss': 1.3950370584219394, 'test/bleu': 29.252620058582394, 'test/num_examples': 3003, 'score': 7757.446277618408, 'total_duration': 10777.529091835022, 'accumulated_submission_time': 7757.446277618408, 'accumulated_eval_time': 2987.965854883194, 'accumulated_logging_time': 0.46700501441955566}
I0916 11:57:08.091934 139652707104512 logging_writer.py:48] [48843] accumulated_eval_time=2987.97, accumulated_logging_time=0.467005, accumulated_submission_time=7757.45, global_step=48843, preemption_count=0, score=7757.45, test/accuracy=0.690163, test/bleu=29.2526, test/loss=1.39504, test/num_examples=3003, total_duration=10777.5, train/accuracy=0.660273, train/bleu=33.2023, train/loss=1.58952, validation/accuracy=0.677809, validation/bleu=29.3487, validation/loss=1.48715, validation/num_examples=3000
I0916 11:57:33.585066 139652715497216 logging_writer.py:48] [49000] global_step=49000, grad_norm=0.237456, loss=1.6038
I0916 11:57:33.588331 139681154073792 submission.py:307] 49000) loss = 1.604, grad_norm = 0.237
I0916 11:58:52.371894 139652707104512 logging_writer.py:48] [49500] global_step=49500, grad_norm=0.234422, loss=1.72078
I0916 11:58:52.375148 139681154073792 submission.py:307] 49500) loss = 1.721, grad_norm = 0.234
I0916 12:00:11.326548 139652715497216 logging_writer.py:48] [50000] global_step=50000, grad_norm=0.26852, loss=1.60806
I0916 12:00:11.329905 139681154073792 submission.py:307] 50000) loss = 1.608, grad_norm = 0.269
I0916 12:01:30.313688 139652707104512 logging_writer.py:48] [50500] global_step=50500, grad_norm=0.263085, loss=1.67428
I0916 12:01:30.317108 139681154073792 submission.py:307] 50500) loss = 1.674, grad_norm = 0.263
I0916 12:02:49.317526 139652715497216 logging_writer.py:48] [51000] global_step=51000, grad_norm=0.258746, loss=1.69353
I0916 12:02:49.320772 139681154073792 submission.py:307] 51000) loss = 1.694, grad_norm = 0.259
I0916 12:04:08.320321 139652707104512 logging_writer.py:48] [51500] global_step=51500, grad_norm=0.286934, loss=1.64239
I0916 12:04:08.323587 139681154073792 submission.py:307] 51500) loss = 1.642, grad_norm = 0.287
I0916 12:05:27.328333 139652715497216 logging_writer.py:48] [52000] global_step=52000, grad_norm=0.255317, loss=1.66099
I0916 12:05:27.331721 139681154073792 submission.py:307] 52000) loss = 1.661, grad_norm = 0.255
I0916 12:06:46.262074 139652707104512 logging_writer.py:48] [52500] global_step=52500, grad_norm=0.28364, loss=1.62424
I0916 12:06:46.265521 139681154073792 submission.py:307] 52500) loss = 1.624, grad_norm = 0.284
I0916 12:07:52.696285 139681154073792 spec.py:333] Evaluating on the training split.
I0916 12:07:54.924714 139681154073792 workload.py:152] Translating evaluation dataset.
I0916 12:09:40.507435 139681154073792 spec.py:346] Evaluating on the validation split.
I0916 12:09:42.727767 139681154073792 workload.py:152] Translating evaluation dataset.
I0916 12:11:15.773724 139681154073792 spec.py:363] Evaluating on the test split.
I0916 12:11:17.985704 139681154073792 workload.py:152] Translating evaluation dataset.
I0916 12:12:40.438657 139681154073792 submission_runner.py:516] Time since start: 11709.90s, 	Step: 52918, 	{'train/accuracy': 0.6706479784121057, 'train/loss': 1.5236382675600897, 'train/bleu': 33.46744917235679, 'validation/accuracy': 0.6784416808223085, 'validation/loss': 1.4695985635639979, 'validation/bleu': 29.528170474094818, 'validation/num_examples': 3000, 'test/accuracy': 0.6934518621811632, 'test/loss': 1.3803054732438558, 'test/bleu': 29.445593184963908, 'test/num_examples': 3003, 'score': 8399.471651315689, 'total_duration': 11709.902684926987, 'accumulated_submission_time': 8399.471651315689, 'accumulated_eval_time': 3275.7083344459534, 'accumulated_logging_time': 0.5038421154022217}
I0916 12:12:40.467239 139652715497216 logging_writer.py:48] [52918] accumulated_eval_time=3275.71, accumulated_logging_time=0.503842, accumulated_submission_time=8399.47, global_step=52918, preemption_count=0, score=8399.47, test/accuracy=0.693452, test/bleu=29.4456, test/loss=1.38031, test/num_examples=3003, total_duration=11709.9, train/accuracy=0.670648, train/bleu=33.4674, train/loss=1.52364, validation/accuracy=0.678442, validation/bleu=29.5282, validation/loss=1.4696, validation/num_examples=3000
I0916 12:12:54.125332 139652707104512 logging_writer.py:48] [53000] global_step=53000, grad_norm=0.308653, loss=1.52866
I0916 12:12:54.128379 139681154073792 submission.py:307] 53000) loss = 1.529, grad_norm = 0.309
I0916 12:14:12.769334 139652715497216 logging_writer.py:48] [53500] global_step=53500, grad_norm=0.32873, loss=1.66942
I0916 12:14:12.772513 139681154073792 submission.py:307] 53500) loss = 1.669, grad_norm = 0.329
I0916 12:15:31.607584 139652707104512 logging_writer.py:48] [54000] global_step=54000, grad_norm=0.272642, loss=1.69686
I0916 12:15:31.610986 139681154073792 submission.py:307] 54000) loss = 1.697, grad_norm = 0.273
I0916 12:16:50.519110 139652715497216 logging_writer.py:48] [54500] global_step=54500, grad_norm=0.306392, loss=1.62574
I0916 12:16:50.522648 139681154073792 submission.py:307] 54500) loss = 1.626, grad_norm = 0.306
I0916 12:18:09.478193 139652707104512 logging_writer.py:48] [55000] global_step=55000, grad_norm=0.31262, loss=1.60681
I0916 12:18:09.481562 139681154073792 submission.py:307] 55000) loss = 1.607, grad_norm = 0.313
I0916 12:19:28.456467 139652715497216 logging_writer.py:48] [55500] global_step=55500, grad_norm=0.302463, loss=1.61427
I0916 12:19:28.459796 139681154073792 submission.py:307] 55500) loss = 1.614, grad_norm = 0.302
I0916 12:20:47.494765 139652707104512 logging_writer.py:48] [56000] global_step=56000, grad_norm=0.264041, loss=1.64762
I0916 12:20:47.498105 139681154073792 submission.py:307] 56000) loss = 1.648, grad_norm = 0.264
I0916 12:22:06.477156 139652715497216 logging_writer.py:48] [56500] global_step=56500, grad_norm=0.319982, loss=1.59237
I0916 12:22:06.480662 139681154073792 submission.py:307] 56500) loss = 1.592, grad_norm = 0.320
I0916 12:23:25.141855 139681154073792 spec.py:333] Evaluating on the training split.
I0916 12:23:27.371881 139681154073792 workload.py:152] Translating evaluation dataset.
I0916 12:25:03.564828 139681154073792 spec.py:346] Evaluating on the validation split.
I0916 12:25:05.779948 139681154073792 workload.py:152] Translating evaluation dataset.
I0916 12:26:11.921297 139681154073792 spec.py:363] Evaluating on the test split.
I0916 12:26:14.133088 139681154073792 workload.py:152] Translating evaluation dataset.
I0916 12:27:20.981905 139681154073792 submission_runner.py:516] Time since start: 12590.45s, 	Step: 56995, 	{'train/accuracy': 0.6831654775287344, 'train/loss': 1.438460678152745, 'train/bleu': 34.52225552751289, 'validation/accuracy': 0.6807355147487322, 'validation/loss': 1.462125585857584, 'validation/bleu': 29.87392002459043, 'validation/num_examples': 3000, 'test/accuracy': 0.6953343791761083, 'test/loss': 1.3676087422288072, 'test/bleu': 29.502131903352502, 'test/num_examples': 3003, 'score': 9041.56005358696, 'total_duration': 12590.445948839188, 'accumulated_submission_time': 9041.56005358696, 'accumulated_eval_time': 3511.5483932495117, 'accumulated_logging_time': 0.5425922870635986}
I0916 12:27:21.010025 139652707104512 logging_writer.py:48] [56995] accumulated_eval_time=3511.55, accumulated_logging_time=0.542592, accumulated_submission_time=9041.56, global_step=56995, preemption_count=0, score=9041.56, test/accuracy=0.695334, test/bleu=29.5021, test/loss=1.36761, test/num_examples=3003, total_duration=12590.4, train/accuracy=0.683165, train/bleu=34.5223, train/loss=1.43846, validation/accuracy=0.680736, validation/bleu=29.8739, validation/loss=1.46213, validation/num_examples=3000
I0916 12:27:22.593361 139652715497216 logging_writer.py:48] [57000] global_step=57000, grad_norm=0.306328, loss=1.58563
I0916 12:27:22.596412 139681154073792 submission.py:307] 57000) loss = 1.586, grad_norm = 0.306
I0916 12:28:41.168586 139652707104512 logging_writer.py:48] [57500] global_step=57500, grad_norm=0.397821, loss=1.67266
I0916 12:28:41.171863 139681154073792 submission.py:307] 57500) loss = 1.673, grad_norm = 0.398
I0916 12:30:00.021741 139652715497216 logging_writer.py:48] [58000] global_step=58000, grad_norm=0.299034, loss=1.56027
I0916 12:30:00.025184 139681154073792 submission.py:307] 58000) loss = 1.560, grad_norm = 0.299
I0916 12:31:18.934125 139652707104512 logging_writer.py:48] [58500] global_step=58500, grad_norm=0.290646, loss=1.61762
I0916 12:31:18.937577 139681154073792 submission.py:307] 58500) loss = 1.618, grad_norm = 0.291
I0916 12:32:37.871697 139652715497216 logging_writer.py:48] [59000] global_step=59000, grad_norm=0.283322, loss=1.58117
I0916 12:32:37.875039 139681154073792 submission.py:307] 59000) loss = 1.581, grad_norm = 0.283
I0916 12:33:56.824319 139652707104512 logging_writer.py:48] [59500] global_step=59500, grad_norm=0.31702, loss=1.61808
I0916 12:33:56.827584 139681154073792 submission.py:307] 59500) loss = 1.618, grad_norm = 0.317
I0916 12:35:15.782226 139652715497216 logging_writer.py:48] [60000] global_step=60000, grad_norm=0.307494, loss=1.60156
I0916 12:35:15.785852 139681154073792 submission.py:307] 60000) loss = 1.602, grad_norm = 0.307
I0916 12:36:34.750241 139652707104512 logging_writer.py:48] [60500] global_step=60500, grad_norm=0.309558, loss=1.53001
I0916 12:36:34.753519 139681154073792 submission.py:307] 60500) loss = 1.530, grad_norm = 0.310
I0916 12:37:53.751217 139652715497216 logging_writer.py:48] [61000] global_step=61000, grad_norm=0.306699, loss=1.6037
I0916 12:37:53.754519 139681154073792 submission.py:307] 61000) loss = 1.604, grad_norm = 0.307
I0916 12:38:05.691341 139681154073792 spec.py:333] Evaluating on the training split.
I0916 12:38:07.924462 139681154073792 workload.py:152] Translating evaluation dataset.
I0916 12:40:06.114523 139681154073792 spec.py:346] Evaluating on the validation split.
I0916 12:40:08.328549 139681154073792 workload.py:152] Translating evaluation dataset.
I0916 12:41:44.509582 139681154073792 spec.py:363] Evaluating on the test split.
I0916 12:41:46.718619 139681154073792 workload.py:152] Translating evaluation dataset.
I0916 12:43:26.870007 139681154073792 submission_runner.py:516] Time since start: 13556.33s, 	Step: 61073, 	{'train/accuracy': 0.6728275450886868, 'train/loss': 1.5079797373218524, 'train/bleu': 33.58934435863579, 'validation/accuracy': 0.6837484966088455, 'validation/loss': 1.4534882549503416, 'validation/bleu': 29.378392460263147, 'validation/num_examples': 3000, 'test/accuracy': 0.6959967462669223, 'test/loss': 1.3575914386148393, 'test/bleu': 29.822738987449174, 'test/num_examples': 3003, 'score': 9683.668237447739, 'total_duration': 13556.334055900574, 'accumulated_submission_time': 9683.668237447739, 'accumulated_eval_time': 3832.7271070480347, 'accumulated_logging_time': 0.5803112983703613}
I0916 12:43:26.898030 139652707104512 logging_writer.py:48] [61073] accumulated_eval_time=3832.73, accumulated_logging_time=0.580311, accumulated_submission_time=9683.67, global_step=61073, preemption_count=0, score=9683.67, test/accuracy=0.695997, test/bleu=29.8227, test/loss=1.35759, test/num_examples=3003, total_duration=13556.3, train/accuracy=0.672828, train/bleu=33.5893, train/loss=1.50798, validation/accuracy=0.683748, validation/bleu=29.3784, validation/loss=1.45349, validation/num_examples=3000
I0916 12:44:34.871845 139652715497216 logging_writer.py:48] [61500] global_step=61500, grad_norm=0.311143, loss=1.57915
I0916 12:44:34.875194 139681154073792 submission.py:307] 61500) loss = 1.579, grad_norm = 0.311
I0916 12:45:53.788833 139652707104512 logging_writer.py:48] [62000] global_step=62000, grad_norm=0.344483, loss=1.68881
I0916 12:45:53.792038 139681154073792 submission.py:307] 62000) loss = 1.689, grad_norm = 0.344
I0916 12:47:12.722836 139652715497216 logging_writer.py:48] [62500] global_step=62500, grad_norm=0.303285, loss=1.63058
I0916 12:47:12.726237 139681154073792 submission.py:307] 62500) loss = 1.631, grad_norm = 0.303
I0916 12:48:31.746974 139652707104512 logging_writer.py:48] [63000] global_step=63000, grad_norm=0.329848, loss=1.67109
I0916 12:48:31.750498 139681154073792 submission.py:307] 63000) loss = 1.671, grad_norm = 0.330
I0916 12:49:50.777426 139652715497216 logging_writer.py:48] [63500] global_step=63500, grad_norm=0.312691, loss=1.61126
I0916 12:49:50.780791 139681154073792 submission.py:307] 63500) loss = 1.611, grad_norm = 0.313
I0916 12:51:09.829675 139652707104512 logging_writer.py:48] [64000] global_step=64000, grad_norm=0.337966, loss=1.64192
I0916 12:51:09.832991 139681154073792 submission.py:307] 64000) loss = 1.642, grad_norm = 0.338
I0916 12:52:28.912901 139652715497216 logging_writer.py:48] [64500] global_step=64500, grad_norm=0.328546, loss=1.62614
I0916 12:52:28.916362 139681154073792 submission.py:307] 64500) loss = 1.626, grad_norm = 0.329
I0916 12:53:47.991726 139652707104512 logging_writer.py:48] [65000] global_step=65000, grad_norm=0.303784, loss=1.59258
I0916 12:53:47.995160 139681154073792 submission.py:307] 65000) loss = 1.593, grad_norm = 0.304
I0916 12:54:11.479659 139681154073792 spec.py:333] Evaluating on the training split.
I0916 12:54:13.712759 139681154073792 workload.py:152] Translating evaluation dataset.
I0916 12:56:07.209119 139681154073792 spec.py:346] Evaluating on the validation split.
I0916 12:56:09.419039 139681154073792 workload.py:152] Translating evaluation dataset.
I0916 12:57:58.612276 139681154073792 spec.py:363] Evaluating on the test split.
I0916 12:58:00.830336 139681154073792 workload.py:152] Translating evaluation dataset.
I0916 13:00:03.844214 139681154073792 submission_runner.py:516] Time since start: 14553.31s, 	Step: 65146, 	{'train/accuracy': 0.6787732503603376, 'train/loss': 1.4658047398705072, 'train/bleu': 34.23505056955816, 'validation/accuracy': 0.6824837881737362, 'validation/loss': 1.4427903482287883, 'validation/bleu': 29.899171017447795, 'validation/num_examples': 3000, 'test/accuracy': 0.6989599674626692, 'test/loss': 1.3438375167044332, 'test/bleu': 29.895968340980154, 'test/num_examples': 3003, 'score': 10325.675132989883, 'total_duration': 14553.30824804306, 'accumulated_submission_time': 10325.675132989883, 'accumulated_eval_time': 4185.091699361801, 'accumulated_logging_time': 0.6182959079742432}
I0916 13:00:03.873854 139652715497216 logging_writer.py:48] [65146] accumulated_eval_time=4185.09, accumulated_logging_time=0.618296, accumulated_submission_time=10325.7, global_step=65146, preemption_count=0, score=10325.7, test/accuracy=0.69896, test/bleu=29.896, test/loss=1.34384, test/num_examples=3003, total_duration=14553.3, train/accuracy=0.678773, train/bleu=34.2351, train/loss=1.4658, validation/accuracy=0.682484, validation/bleu=29.8992, validation/loss=1.44279, validation/num_examples=3000
I0916 13:01:00.392928 139652707104512 logging_writer.py:48] [65500] global_step=65500, grad_norm=0.296476, loss=1.58291
I0916 13:01:00.396323 139681154073792 submission.py:307] 65500) loss = 1.583, grad_norm = 0.296
I0916 13:02:19.271100 139652715497216 logging_writer.py:48] [66000] global_step=66000, grad_norm=0.311355, loss=1.59337
I0916 13:02:19.274419 139681154073792 submission.py:307] 66000) loss = 1.593, grad_norm = 0.311
I0916 13:03:38.248199 139652707104512 logging_writer.py:48] [66500] global_step=66500, grad_norm=0.367677, loss=1.64004
I0916 13:03:38.251458 139681154073792 submission.py:307] 66500) loss = 1.640, grad_norm = 0.368
I0916 13:04:57.222218 139652715497216 logging_writer.py:48] [67000] global_step=67000, grad_norm=0.333838, loss=1.62922
I0916 13:04:57.225818 139681154073792 submission.py:307] 67000) loss = 1.629, grad_norm = 0.334
I0916 13:06:16.258284 139652707104512 logging_writer.py:48] [67500] global_step=67500, grad_norm=0.318461, loss=1.54688
I0916 13:06:16.261678 139681154073792 submission.py:307] 67500) loss = 1.547, grad_norm = 0.318
I0916 13:07:35.342434 139652715497216 logging_writer.py:48] [68000] global_step=68000, grad_norm=0.314456, loss=1.47938
I0916 13:07:35.345658 139681154073792 submission.py:307] 68000) loss = 1.479, grad_norm = 0.314
I0916 13:08:54.382838 139652707104512 logging_writer.py:48] [68500] global_step=68500, grad_norm=0.324209, loss=1.61147
I0916 13:08:54.386223 139681154073792 submission.py:307] 68500) loss = 1.611, grad_norm = 0.324
I0916 13:10:13.365609 139652715497216 logging_writer.py:48] [69000] global_step=69000, grad_norm=0.328982, loss=1.59667
I0916 13:10:13.369298 139681154073792 submission.py:307] 69000) loss = 1.597, grad_norm = 0.329
I0916 13:10:48.517749 139681154073792 spec.py:333] Evaluating on the training split.
I0916 13:10:50.746713 139681154073792 workload.py:152] Translating evaluation dataset.
I0916 13:12:38.614001 139681154073792 spec.py:346] Evaluating on the validation split.
I0916 13:12:40.832878 139681154073792 workload.py:152] Translating evaluation dataset.
I0916 13:14:20.680010 139681154073792 spec.py:363] Evaluating on the test split.
I0916 13:14:22.893334 139681154073792 workload.py:152] Translating evaluation dataset.
I0916 13:16:01.856954 139681154073792 submission_runner.py:516] Time since start: 15511.32s, 	Step: 69220, 	{'train/accuracy': 0.6870573523560507, 'train/loss': 1.4177981832262831, 'train/bleu': 34.462200462819816, 'validation/accuracy': 0.6847900212024649, 'validation/loss': 1.4348646095522684, 'validation/bleu': 28.746716660696627, 'validation/num_examples': 3000, 'test/accuracy': 0.6989134855615595, 'test/loss': 1.337881478414967, 'test/bleu': 29.556654819001654, 'test/num_examples': 3003, 'score': 10967.742772340775, 'total_duration': 15511.32098197937, 'accumulated_submission_time': 10967.742772340775, 'accumulated_eval_time': 4498.430937290192, 'accumulated_logging_time': 0.6577272415161133}
I0916 13:16:01.886747 139652707104512 logging_writer.py:48] [69220] accumulated_eval_time=4498.43, accumulated_logging_time=0.657727, accumulated_submission_time=10967.7, global_step=69220, preemption_count=0, score=10967.7, test/accuracy=0.698913, test/bleu=29.5567, test/loss=1.33788, test/num_examples=3003, total_duration=15511.3, train/accuracy=0.687057, train/bleu=34.4622, train/loss=1.4178, validation/accuracy=0.68479, validation/bleu=28.7467, validation/loss=1.43486, validation/num_examples=3000
I0916 13:16:46.616667 139652715497216 logging_writer.py:48] [69500] global_step=69500, grad_norm=0.34553, loss=1.61314
I0916 13:16:46.620094 139681154073792 submission.py:307] 69500) loss = 1.613, grad_norm = 0.346
I0916 13:18:05.424034 139652707104512 logging_writer.py:48] [70000] global_step=70000, grad_norm=0.328616, loss=1.56002
I0916 13:18:05.427347 139681154073792 submission.py:307] 70000) loss = 1.560, grad_norm = 0.329
I0916 13:19:24.295518 139652715497216 logging_writer.py:48] [70500] global_step=70500, grad_norm=0.338459, loss=1.56
I0916 13:19:24.298916 139681154073792 submission.py:307] 70500) loss = 1.560, grad_norm = 0.338
I0916 13:20:43.246875 139652707104512 logging_writer.py:48] [71000] global_step=71000, grad_norm=0.362239, loss=1.55596
I0916 13:20:43.250343 139681154073792 submission.py:307] 71000) loss = 1.556, grad_norm = 0.362
I0916 13:22:02.203992 139652715497216 logging_writer.py:48] [71500] global_step=71500, grad_norm=0.303191, loss=1.52941
I0916 13:22:02.207347 139681154073792 submission.py:307] 71500) loss = 1.529, grad_norm = 0.303
I0916 13:23:21.025101 139652707104512 logging_writer.py:48] [72000] global_step=72000, grad_norm=0.336708, loss=1.48166
I0916 13:23:21.028756 139681154073792 submission.py:307] 72000) loss = 1.482, grad_norm = 0.337
I0916 13:24:39.850980 139652715497216 logging_writer.py:48] [72500] global_step=72500, grad_norm=0.365393, loss=1.53067
I0916 13:24:39.854292 139681154073792 submission.py:307] 72500) loss = 1.531, grad_norm = 0.365
I0916 13:25:58.618099 139652707104512 logging_writer.py:48] [73000] global_step=73000, grad_norm=0.346823, loss=1.56506
I0916 13:25:58.621420 139681154073792 submission.py:307] 73000) loss = 1.565, grad_norm = 0.347
I0916 13:26:46.504406 139681154073792 spec.py:333] Evaluating on the training split.
I0916 13:26:48.735494 139681154073792 workload.py:152] Translating evaluation dataset.
I0916 13:28:41.240917 139681154073792 spec.py:346] Evaluating on the validation split.
I0916 13:28:43.460455 139681154073792 workload.py:152] Translating evaluation dataset.
I0916 13:30:35.753587 139681154073792 spec.py:363] Evaluating on the test split.
I0916 13:30:37.973698 139681154073792 workload.py:152] Translating evaluation dataset.
I0916 13:32:26.250719 139681154073792 submission_runner.py:516] Time since start: 16495.71s, 	Step: 73301, 	{'train/accuracy': 0.6781031888779538, 'train/loss': 1.4760303899277158, 'train/bleu': 34.477809736742664, 'validation/accuracy': 0.686451500911334, 'validation/loss': 1.4277885968555877, 'validation/bleu': 28.023441115401464, 'validation/num_examples': 3000, 'test/accuracy': 0.7004822497240137, 'test/loss': 1.3271995380861077, 'test/bleu': 28.9335588426571, 'test/num_examples': 3003, 'score': 11609.769958019257, 'total_duration': 16495.714752435684, 'accumulated_submission_time': 11609.769958019257, 'accumulated_eval_time': 4838.17728638649, 'accumulated_logging_time': 0.6972668170928955}
I0916 13:32:26.281362 139652715497216 logging_writer.py:48] [73301] accumulated_eval_time=4838.18, accumulated_logging_time=0.697267, accumulated_submission_time=11609.8, global_step=73301, preemption_count=0, score=11609.8, test/accuracy=0.700482, test/bleu=28.9336, test/loss=1.3272, test/num_examples=3003, total_duration=16495.7, train/accuracy=0.678103, train/bleu=34.4778, train/loss=1.47603, validation/accuracy=0.686452, validation/bleu=28.0234, validation/loss=1.42779, validation/num_examples=3000
I0916 13:32:58.277545 139652707104512 logging_writer.py:48] [73500] global_step=73500, grad_norm=0.294654, loss=1.52547
I0916 13:32:58.280947 139681154073792 submission.py:307] 73500) loss = 1.525, grad_norm = 0.295
I0916 13:34:16.836784 139652715497216 logging_writer.py:48] [74000] global_step=74000, grad_norm=0.320534, loss=1.60937
I0916 13:34:16.840138 139681154073792 submission.py:307] 74000) loss = 1.609, grad_norm = 0.321
I0916 13:35:35.530574 139652707104512 logging_writer.py:48] [74500] global_step=74500, grad_norm=0.383473, loss=1.57651
I0916 13:35:35.534106 139681154073792 submission.py:307] 74500) loss = 1.577, grad_norm = 0.383
I0916 13:36:54.227338 139652715497216 logging_writer.py:48] [75000] global_step=75000, grad_norm=0.330018, loss=1.46294
I0916 13:36:54.231072 139681154073792 submission.py:307] 75000) loss = 1.463, grad_norm = 0.330
I0916 13:38:13.084654 139652707104512 logging_writer.py:48] [75500] global_step=75500, grad_norm=0.349721, loss=1.50807
I0916 13:38:13.088563 139681154073792 submission.py:307] 75500) loss = 1.508, grad_norm = 0.350
I0916 13:39:31.925592 139652715497216 logging_writer.py:48] [76000] global_step=76000, grad_norm=0.338549, loss=1.4955
I0916 13:39:31.928805 139681154073792 submission.py:307] 76000) loss = 1.495, grad_norm = 0.339
I0916 13:40:50.739102 139652707104512 logging_writer.py:48] [76500] global_step=76500, grad_norm=0.357877, loss=1.49215
I0916 13:40:50.742507 139681154073792 submission.py:307] 76500) loss = 1.492, grad_norm = 0.358
I0916 13:42:09.587630 139652715497216 logging_writer.py:48] [77000] global_step=77000, grad_norm=0.341866, loss=1.53974
I0916 13:42:09.590996 139681154073792 submission.py:307] 77000) loss = 1.540, grad_norm = 0.342
I0916 13:43:10.859150 139681154073792 spec.py:333] Evaluating on the training split.
I0916 13:43:13.091453 139681154073792 workload.py:152] Translating evaluation dataset.
I0916 13:44:51.316528 139681154073792 spec.py:346] Evaluating on the validation split.
I0916 13:44:53.533619 139681154073792 workload.py:152] Translating evaluation dataset.
I0916 13:46:32.971801 139681154073792 spec.py:363] Evaluating on the test split.
I0916 13:46:35.186097 139681154073792 workload.py:152] Translating evaluation dataset.
I0916 13:48:10.604218 139681154073792 submission_runner.py:516] Time since start: 17440.07s, 	Step: 77386, 	{'train/accuracy': 0.6885287531454164, 'train/loss': 1.4049029177343768, 'train/bleu': 35.03851466280576, 'validation/accuracy': 0.6878402003694932, 'validation/loss': 1.4182358634734846, 'validation/bleu': 30.261584758257122, 'validation/num_examples': 3000, 'test/accuracy': 0.7026552786008948, 'test/loss': 1.3144139285921794, 'test/bleu': 30.07638390589513, 'test/num_examples': 3003, 'score': 12251.764683485031, 'total_duration': 17440.068254709244, 'accumulated_submission_time': 12251.764683485031, 'accumulated_eval_time': 5137.922399997711, 'accumulated_logging_time': 0.7374632358551025}
I0916 13:48:10.634161 139652707104512 logging_writer.py:48] [77386] accumulated_eval_time=5137.92, accumulated_logging_time=0.737463, accumulated_submission_time=12251.8, global_step=77386, preemption_count=0, score=12251.8, test/accuracy=0.702655, test/bleu=30.0764, test/loss=1.31441, test/num_examples=3003, total_duration=17440.1, train/accuracy=0.688529, train/bleu=35.0385, train/loss=1.4049, validation/accuracy=0.68784, validation/bleu=30.2616, validation/loss=1.41824, validation/num_examples=3000
I0916 13:48:29.274292 139652715497216 logging_writer.py:48] [77500] global_step=77500, grad_norm=0.360935, loss=1.50195
I0916 13:48:29.277364 139681154073792 submission.py:307] 77500) loss = 1.502, grad_norm = 0.361
I0916 13:49:47.799021 139652707104512 logging_writer.py:48] [78000] global_step=78000, grad_norm=0.354724, loss=1.62317
I0916 13:49:47.802362 139681154073792 submission.py:307] 78000) loss = 1.623, grad_norm = 0.355
I0916 13:51:06.488968 139652715497216 logging_writer.py:48] [78500] global_step=78500, grad_norm=0.353475, loss=1.4987
I0916 13:51:06.492445 139681154073792 submission.py:307] 78500) loss = 1.499, grad_norm = 0.353
I0916 13:52:25.286338 139652707104512 logging_writer.py:48] [79000] global_step=79000, grad_norm=0.3873, loss=1.50093
I0916 13:52:25.289764 139681154073792 submission.py:307] 79000) loss = 1.501, grad_norm = 0.387
I0916 13:53:44.067726 139652715497216 logging_writer.py:48] [79500] global_step=79500, grad_norm=0.338095, loss=1.59004
I0916 13:53:44.070919 139681154073792 submission.py:307] 79500) loss = 1.590, grad_norm = 0.338
I0916 13:55:02.843233 139652707104512 logging_writer.py:48] [80000] global_step=80000, grad_norm=0.335376, loss=1.49864
I0916 13:55:02.846735 139681154073792 submission.py:307] 80000) loss = 1.499, grad_norm = 0.335
I0916 13:56:21.626032 139652715497216 logging_writer.py:48] [80500] global_step=80500, grad_norm=0.3409, loss=1.56607
I0916 13:56:21.629347 139681154073792 submission.py:307] 80500) loss = 1.566, grad_norm = 0.341
I0916 13:57:40.394989 139652707104512 logging_writer.py:48] [81000] global_step=81000, grad_norm=0.330279, loss=1.50886
I0916 13:57:40.398343 139681154073792 submission.py:307] 81000) loss = 1.509, grad_norm = 0.330
I0916 13:58:55.319689 139681154073792 spec.py:333] Evaluating on the training split.
I0916 13:58:57.550826 139681154073792 workload.py:152] Translating evaluation dataset.
I0916 14:00:45.309729 139681154073792 spec.py:346] Evaluating on the validation split.
I0916 14:00:47.519640 139681154073792 workload.py:152] Translating evaluation dataset.
I0916 14:02:13.285575 139681154073792 spec.py:363] Evaluating on the test split.
I0916 14:02:15.500641 139681154073792 workload.py:152] Translating evaluation dataset.
I0916 14:03:43.134977 139681154073792 submission_runner.py:516] Time since start: 18372.60s, 	Step: 81473, 	{'train/accuracy': 0.6918920154002582, 'train/loss': 1.3938208320480745, 'train/bleu': 35.61374162031927, 'validation/accuracy': 0.6870466578219737, 'validation/loss': 1.4101627885891062, 'validation/bleu': 29.677615166629305, 'validation/num_examples': 3000, 'test/accuracy': 0.7050723374586021, 'test/loss': 1.3048747893788857, 'test/bleu': 29.864489167882073, 'test/num_examples': 3003, 'score': 12893.859102725983, 'total_duration': 18372.599026203156, 'accumulated_submission_time': 12893.859102725983, 'accumulated_eval_time': 5425.737843036652, 'accumulated_logging_time': 0.7771332263946533}
I0916 14:03:43.164701 139652715497216 logging_writer.py:48] [81473] accumulated_eval_time=5425.74, accumulated_logging_time=0.777133, accumulated_submission_time=12893.9, global_step=81473, preemption_count=0, score=12893.9, test/accuracy=0.705072, test/bleu=29.8645, test/loss=1.30487, test/num_examples=3003, total_duration=18372.6, train/accuracy=0.691892, train/bleu=35.6137, train/loss=1.39382, validation/accuracy=0.687047, validation/bleu=29.6776, validation/loss=1.41016, validation/num_examples=3000
I0916 14:03:48.214890 139652707104512 logging_writer.py:48] [81500] global_step=81500, grad_norm=0.370178, loss=1.50123
I0916 14:03:48.218066 139681154073792 submission.py:307] 81500) loss = 1.501, grad_norm = 0.370
I0916 14:05:06.628833 139652715497216 logging_writer.py:48] [82000] global_step=82000, grad_norm=0.361624, loss=1.45962
I0916 14:05:06.632148 139681154073792 submission.py:307] 82000) loss = 1.460, grad_norm = 0.362
I0916 14:06:25.283912 139652707104512 logging_writer.py:48] [82500] global_step=82500, grad_norm=0.372117, loss=1.55606
I0916 14:06:25.287290 139681154073792 submission.py:307] 82500) loss = 1.556, grad_norm = 0.372
I0916 14:07:44.054594 139652715497216 logging_writer.py:48] [83000] global_step=83000, grad_norm=0.356875, loss=1.49174
I0916 14:07:44.057912 139681154073792 submission.py:307] 83000) loss = 1.492, grad_norm = 0.357
I0916 14:09:02.811851 139652707104512 logging_writer.py:48] [83500] global_step=83500, grad_norm=0.344674, loss=1.55089
I0916 14:09:02.815608 139681154073792 submission.py:307] 83500) loss = 1.551, grad_norm = 0.345
I0916 14:10:21.545659 139652715497216 logging_writer.py:48] [84000] global_step=84000, grad_norm=0.334955, loss=1.51322
I0916 14:10:21.548854 139681154073792 submission.py:307] 84000) loss = 1.513, grad_norm = 0.335
I0916 14:11:40.334065 139652707104512 logging_writer.py:48] [84500] global_step=84500, grad_norm=0.3433, loss=1.50559
I0916 14:11:40.337496 139681154073792 submission.py:307] 84500) loss = 1.506, grad_norm = 0.343
I0916 14:12:59.130356 139652715497216 logging_writer.py:48] [85000] global_step=85000, grad_norm=0.342618, loss=1.43421
I0916 14:12:59.133623 139681154073792 submission.py:307] 85000) loss = 1.434, grad_norm = 0.343
I0916 14:14:17.919649 139652707104512 logging_writer.py:48] [85500] global_step=85500, grad_norm=0.372152, loss=1.50584
I0916 14:14:17.923051 139681154073792 submission.py:307] 85500) loss = 1.506, grad_norm = 0.372
I0916 14:14:27.787596 139681154073792 spec.py:333] Evaluating on the training split.
I0916 14:14:30.017477 139681154073792 workload.py:152] Translating evaluation dataset.
I0916 14:16:20.729290 139681154073792 spec.py:346] Evaluating on the validation split.
I0916 14:16:22.945739 139681154073792 workload.py:152] Translating evaluation dataset.
I0916 14:18:21.689031 139681154073792 spec.py:363] Evaluating on the test split.
I0916 14:18:23.903843 139681154073792 workload.py:152] Translating evaluation dataset.
I0916 14:20:16.278466 139681154073792 submission_runner.py:516] Time since start: 19365.74s, 	Step: 85560, 	{'train/accuracy': 0.6885686927180703, 'train/loss': 1.4019506491952032, 'train/bleu': 34.92511946075621, 'validation/accuracy': 0.6890925097022975, 'validation/loss': 1.4029911671894955, 'validation/bleu': 28.31170686241403, 'validation/num_examples': 3000, 'test/accuracy': 0.7047237232002789, 'test/loss': 1.2981343690081923, 'test/bleu': 30.09348926656585, 'test/num_examples': 3003, 'score': 13535.897929668427, 'total_duration': 19365.742505788803, 'accumulated_submission_time': 13535.897929668427, 'accumulated_eval_time': 5774.228710174561, 'accumulated_logging_time': 0.8166906833648682}
I0916 14:20:16.312556 139652715497216 logging_writer.py:48] [85560] accumulated_eval_time=5774.23, accumulated_logging_time=0.816691, accumulated_submission_time=13535.9, global_step=85560, preemption_count=0, score=13535.9, test/accuracy=0.704724, test/bleu=30.0935, test/loss=1.29813, test/num_examples=3003, total_duration=19365.7, train/accuracy=0.688569, train/bleu=34.9251, train/loss=1.40195, validation/accuracy=0.689093, validation/bleu=28.3117, validation/loss=1.40299, validation/num_examples=3000
I0916 14:21:26.159177 139652707104512 logging_writer.py:48] [86000] global_step=86000, grad_norm=0.374693, loss=1.5311
I0916 14:21:26.162403 139681154073792 submission.py:307] 86000) loss = 1.531, grad_norm = 0.375
I0916 14:22:44.799169 139652715497216 logging_writer.py:48] [86500] global_step=86500, grad_norm=0.395786, loss=1.49463
I0916 14:22:44.802645 139681154073792 submission.py:307] 86500) loss = 1.495, grad_norm = 0.396
I0916 14:24:03.524543 139652707104512 logging_writer.py:48] [87000] global_step=87000, grad_norm=0.375521, loss=1.52871
I0916 14:24:03.527890 139681154073792 submission.py:307] 87000) loss = 1.529, grad_norm = 0.376
I0916 14:25:22.263180 139652715497216 logging_writer.py:48] [87500] global_step=87500, grad_norm=0.342102, loss=1.36048
I0916 14:25:22.266478 139681154073792 submission.py:307] 87500) loss = 1.360, grad_norm = 0.342
I0916 14:26:41.044148 139652707104512 logging_writer.py:48] [88000] global_step=88000, grad_norm=0.372613, loss=1.46203
I0916 14:26:41.047627 139681154073792 submission.py:307] 88000) loss = 1.462, grad_norm = 0.373
I0916 14:27:59.770516 139652715497216 logging_writer.py:48] [88500] global_step=88500, grad_norm=0.352, loss=1.38406
I0916 14:27:59.773866 139681154073792 submission.py:307] 88500) loss = 1.384, grad_norm = 0.352
I0916 14:29:18.511578 139652707104512 logging_writer.py:48] [89000] global_step=89000, grad_norm=0.362135, loss=1.37459
I0916 14:29:18.514930 139681154073792 submission.py:307] 89000) loss = 1.375, grad_norm = 0.362
I0916 14:30:37.289546 139652715497216 logging_writer.py:48] [89500] global_step=89500, grad_norm=0.4065, loss=1.43694
I0916 14:30:37.292777 139681154073792 submission.py:307] 89500) loss = 1.437, grad_norm = 0.406
I0916 14:31:01.004155 139681154073792 spec.py:333] Evaluating on the training split.
I0916 14:31:03.235195 139681154073792 workload.py:152] Translating evaluation dataset.
I0916 14:32:41.302954 139681154073792 spec.py:346] Evaluating on the validation split.
I0916 14:32:43.515174 139681154073792 workload.py:152] Translating evaluation dataset.
I0916 14:33:52.824081 139681154073792 spec.py:363] Evaluating on the test split.
I0916 14:33:55.036081 139681154073792 workload.py:152] Translating evaluation dataset.
I0916 14:34:52.700598 139681154073792 submission_runner.py:516] Time since start: 20242.16s, 	Step: 89648, 	{'train/accuracy': 0.6970119567453876, 'train/loss': 1.347744750348643, 'train/bleu': 35.79026020455463, 'validation/accuracy': 0.6884353572801329, 'validation/loss': 1.408247805358892, 'validation/bleu': 30.202900919389673, 'validation/num_examples': 3000, 'test/accuracy': 0.7057695659752484, 'test/loss': 1.3033401603625587, 'test/bleu': 30.257084271714383, 'test/num_examples': 3003, 'score': 14178.007321834564, 'total_duration': 20242.164640188217, 'accumulated_submission_time': 14178.007321834564, 'accumulated_eval_time': 6005.925210952759, 'accumulated_logging_time': 0.8602900505065918}
I0916 14:34:52.730101 139652707104512 logging_writer.py:48] [89648] accumulated_eval_time=6005.93, accumulated_logging_time=0.86029, accumulated_submission_time=14178, global_step=89648, preemption_count=0, score=14178, test/accuracy=0.70577, test/bleu=30.2571, test/loss=1.30334, test/num_examples=3003, total_duration=20242.2, train/accuracy=0.697012, train/bleu=35.7903, train/loss=1.34774, validation/accuracy=0.688435, validation/bleu=30.2029, validation/loss=1.40825, validation/num_examples=3000
I0916 14:35:48.826704 139652715497216 logging_writer.py:48] [90000] global_step=90000, grad_norm=0.336152, loss=1.49889
I0916 14:35:48.829948 139681154073792 submission.py:307] 90000) loss = 1.499, grad_norm = 0.336
I0916 14:37:07.452617 139652707104512 logging_writer.py:48] [90500] global_step=90500, grad_norm=0.339219, loss=1.44661
I0916 14:37:07.456147 139681154073792 submission.py:307] 90500) loss = 1.447, grad_norm = 0.339
I0916 14:38:26.140205 139652715497216 logging_writer.py:48] [91000] global_step=91000, grad_norm=0.346326, loss=1.48866
I0916 14:38:26.143538 139681154073792 submission.py:307] 91000) loss = 1.489, grad_norm = 0.346
I0916 14:39:44.880768 139652707104512 logging_writer.py:48] [91500] global_step=91500, grad_norm=0.372322, loss=1.49845
I0916 14:39:44.884069 139681154073792 submission.py:307] 91500) loss = 1.498, grad_norm = 0.372
I0916 14:41:03.622748 139652715497216 logging_writer.py:48] [92000] global_step=92000, grad_norm=0.5, loss=1.48622
I0916 14:41:03.626111 139681154073792 submission.py:307] 92000) loss = 1.486, grad_norm = 0.500
I0916 14:42:22.405564 139652707104512 logging_writer.py:48] [92500] global_step=92500, grad_norm=0.344241, loss=1.44309
I0916 14:42:22.409085 139681154073792 submission.py:307] 92500) loss = 1.443, grad_norm = 0.344
I0916 14:43:41.160016 139652715497216 logging_writer.py:48] [93000] global_step=93000, grad_norm=0.350094, loss=1.46531
I0916 14:43:41.163414 139681154073792 submission.py:307] 93000) loss = 1.465, grad_norm = 0.350
I0916 14:44:59.884663 139652707104512 logging_writer.py:48] [93500] global_step=93500, grad_norm=0.354278, loss=1.4757
I0916 14:44:59.887883 139681154073792 submission.py:307] 93500) loss = 1.476, grad_norm = 0.354
I0916 14:45:37.304610 139681154073792 spec.py:333] Evaluating on the training split.
I0916 14:45:39.534498 139681154073792 workload.py:152] Translating evaluation dataset.
I0916 14:47:11.696713 139681154073792 spec.py:346] Evaluating on the validation split.
I0916 14:47:13.907699 139681154073792 workload.py:152] Translating evaluation dataset.
I0916 14:48:15.116042 139681154073792 spec.py:363] Evaluating on the test split.
I0916 14:48:17.330840 139681154073792 workload.py:152] Translating evaluation dataset.
I0916 14:49:18.012537 139681154073792 submission_runner.py:516] Time since start: 21107.48s, 	Step: 93735, 	{'train/accuracy': 0.6938509699974864, 'train/loss': 1.3737723290793593, 'train/bleu': 35.663830096058305, 'validation/accuracy': 0.6909895723549615, 'validation/loss': 1.393101139477502, 'validation/bleu': 30.513111798349964, 'validation/num_examples': 3000, 'test/accuracy': 0.7076753239207484, 'test/loss': 1.2846936552204986, 'test/bleu': 30.66273337214052, 'test/num_examples': 3003, 'score': 14819.999969244003, 'total_duration': 21107.47658610344, 'accumulated_submission_time': 14819.999969244003, 'accumulated_eval_time': 6226.633292675018, 'accumulated_logging_time': 0.8993208408355713}
I0916 14:49:18.041407 139652715497216 logging_writer.py:48] [93735] accumulated_eval_time=6226.63, accumulated_logging_time=0.899321, accumulated_submission_time=14820, global_step=93735, preemption_count=0, score=14820, test/accuracy=0.707675, test/bleu=30.6627, test/loss=1.28469, test/num_examples=3003, total_duration=21107.5, train/accuracy=0.693851, train/bleu=35.6638, train/loss=1.37377, validation/accuracy=0.69099, validation/bleu=30.5131, validation/loss=1.3931, validation/num_examples=3000
I0916 14:50:00.403839 139652707104512 logging_writer.py:48] [94000] global_step=94000, grad_norm=0.347067, loss=1.38791
I0916 14:50:00.407535 139681154073792 submission.py:307] 94000) loss = 1.388, grad_norm = 0.347
I0916 14:51:18.950463 139652715497216 logging_writer.py:48] [94500] global_step=94500, grad_norm=0.38658, loss=1.46714
I0916 14:51:18.953929 139681154073792 submission.py:307] 94500) loss = 1.467, grad_norm = 0.387
I0916 14:52:37.618825 139652707104512 logging_writer.py:48] [95000] global_step=95000, grad_norm=0.38559, loss=1.49406
I0916 14:52:37.622311 139681154073792 submission.py:307] 95000) loss = 1.494, grad_norm = 0.386
I0916 14:53:56.310738 139652715497216 logging_writer.py:48] [95500] global_step=95500, grad_norm=0.366043, loss=1.45
I0916 14:53:56.314048 139681154073792 submission.py:307] 95500) loss = 1.450, grad_norm = 0.366
I0916 14:55:15.014302 139652707104512 logging_writer.py:48] [96000] global_step=96000, grad_norm=0.396879, loss=1.44603
I0916 14:55:15.017521 139681154073792 submission.py:307] 96000) loss = 1.446, grad_norm = 0.397
I0916 14:56:33.717087 139652715497216 logging_writer.py:48] [96500] global_step=96500, grad_norm=0.339498, loss=1.42564
I0916 14:56:33.720601 139681154073792 submission.py:307] 96500) loss = 1.426, grad_norm = 0.339
I0916 14:57:52.455774 139652707104512 logging_writer.py:48] [97000] global_step=97000, grad_norm=0.353777, loss=1.46426
I0916 14:57:52.459244 139681154073792 submission.py:307] 97000) loss = 1.464, grad_norm = 0.354
I0916 14:59:11.182440 139652715497216 logging_writer.py:48] [97500] global_step=97500, grad_norm=0.422317, loss=1.47947
I0916 14:59:11.185667 139681154073792 submission.py:307] 97500) loss = 1.479, grad_norm = 0.422
I0916 15:00:02.653424 139681154073792 spec.py:333] Evaluating on the training split.
I0916 15:00:04.883846 139681154073792 workload.py:152] Translating evaluation dataset.
I0916 15:02:08.132742 139681154073792 spec.py:346] Evaluating on the validation split.
I0916 15:02:10.340104 139681154073792 workload.py:152] Translating evaluation dataset.
I0916 15:04:00.117610 139681154073792 spec.py:363] Evaluating on the test split.
I0916 15:04:02.333162 139681154073792 workload.py:152] Translating evaluation dataset.
I0916 15:05:59.492019 139681154073792 submission_runner.py:516] Time since start: 22108.96s, 	Step: 97824, 	{'train/accuracy': 0.6972819389292072, 'train/loss': 1.3497797352115568, 'train/bleu': 35.71535766677376, 'validation/accuracy': 0.6925146619384757, 'validation/loss': 1.390379052181622, 'validation/bleu': 29.095635009310403, 'validation/num_examples': 3000, 'test/accuracy': 0.7093835337865319, 'test/loss': 1.2811286205043286, 'test/bleu': 30.381134391662084, 'test/num_examples': 3003, 'score': 15462.022831916809, 'total_duration': 22108.956053495407, 'accumulated_submission_time': 15462.022831916809, 'accumulated_eval_time': 6583.471929550171, 'accumulated_logging_time': 0.9379317760467529}
I0916 15:05:59.522888 139652707104512 logging_writer.py:48] [97824] accumulated_eval_time=6583.47, accumulated_logging_time=0.937932, accumulated_submission_time=15462, global_step=97824, preemption_count=0, score=15462, test/accuracy=0.709384, test/bleu=30.3811, test/loss=1.28113, test/num_examples=3003, total_duration=22109, train/accuracy=0.697282, train/bleu=35.7154, train/loss=1.34978, validation/accuracy=0.692515, validation/bleu=29.0956, validation/loss=1.39038, validation/num_examples=3000
I0916 15:06:27.857698 139652715497216 logging_writer.py:48] [98000] global_step=98000, grad_norm=0.352456, loss=1.47233
I0916 15:06:27.860813 139681154073792 submission.py:307] 98000) loss = 1.472, grad_norm = 0.352
I0916 15:07:46.380179 139652707104512 logging_writer.py:48] [98500] global_step=98500, grad_norm=0.349116, loss=1.36102
I0916 15:07:46.383744 139681154073792 submission.py:307] 98500) loss = 1.361, grad_norm = 0.349
I0916 15:09:05.082286 139652715497216 logging_writer.py:48] [99000] global_step=99000, grad_norm=0.353305, loss=1.49643
I0916 15:09:05.085581 139681154073792 submission.py:307] 99000) loss = 1.496, grad_norm = 0.353
I0916 15:10:23.846457 139652707104512 logging_writer.py:48] [99500] global_step=99500, grad_norm=0.34534, loss=1.37736
I0916 15:10:23.849910 139681154073792 submission.py:307] 99500) loss = 1.377, grad_norm = 0.345
I0916 15:11:42.634169 139652715497216 logging_writer.py:48] [100000] global_step=100000, grad_norm=0.352244, loss=1.41151
I0916 15:11:42.637926 139681154073792 submission.py:307] 100000) loss = 1.412, grad_norm = 0.352
I0916 15:13:01.382805 139652707104512 logging_writer.py:48] [100500] global_step=100500, grad_norm=0.351119, loss=1.43645
I0916 15:13:01.386204 139681154073792 submission.py:307] 100500) loss = 1.436, grad_norm = 0.351
I0916 15:14:20.154297 139652715497216 logging_writer.py:48] [101000] global_step=101000, grad_norm=0.352115, loss=1.41935
I0916 15:14:20.157499 139681154073792 submission.py:307] 101000) loss = 1.419, grad_norm = 0.352
I0916 15:15:38.914130 139652707104512 logging_writer.py:48] [101500] global_step=101500, grad_norm=0.331886, loss=1.39526
I0916 15:15:38.917493 139681154073792 submission.py:307] 101500) loss = 1.395, grad_norm = 0.332
I0916 15:16:44.085682 139681154073792 spec.py:333] Evaluating on the training split.
I0916 15:16:46.313388 139681154073792 workload.py:152] Translating evaluation dataset.
I0916 15:18:34.883403 139681154073792 spec.py:346] Evaluating on the validation split.
I0916 15:18:37.099495 139681154073792 workload.py:152] Translating evaluation dataset.
I0916 15:20:02.796049 139681154073792 spec.py:363] Evaluating on the test split.
I0916 15:20:05.013073 139681154073792 workload.py:152] Translating evaluation dataset.
I0916 15:21:27.749743 139681154073792 submission_runner.py:516] Time since start: 23037.21s, 	Step: 101911, 	{'train/accuracy': 0.6997586999531124, 'train/loss': 1.336101624772709, 'train/bleu': 36.22656518179386, 'validation/accuracy': 0.6933578008952151, 'validation/loss': 1.3865799866089694, 'validation/bleu': 30.279620503488072, 'validation/num_examples': 3000, 'test/accuracy': 0.7086514438440532, 'test/loss': 1.2787330776828771, 'test/bleu': 30.30002914573537, 'test/num_examples': 3003, 'score': 16103.99957895279, 'total_duration': 23037.213791370392, 'accumulated_submission_time': 16103.99957895279, 'accumulated_eval_time': 6867.136032581329, 'accumulated_logging_time': 0.9784302711486816}
I0916 15:21:27.781109 139652715497216 logging_writer.py:48] [101911] accumulated_eval_time=6867.14, accumulated_logging_time=0.97843, accumulated_submission_time=16104, global_step=101911, preemption_count=0, score=16104, test/accuracy=0.708651, test/bleu=30.3, test/loss=1.27873, test/num_examples=3003, total_duration=23037.2, train/accuracy=0.699759, train/bleu=36.2266, train/loss=1.3361, validation/accuracy=0.693358, validation/bleu=30.2796, validation/loss=1.38658, validation/num_examples=3000
I0916 15:21:42.527179 139652707104512 logging_writer.py:48] [102000] global_step=102000, grad_norm=0.337336, loss=1.41169
I0916 15:21:42.530337 139681154073792 submission.py:307] 102000) loss = 1.412, grad_norm = 0.337
I0916 15:23:01.000348 139652715497216 logging_writer.py:48] [102500] global_step=102500, grad_norm=0.330501, loss=1.41832
I0916 15:23:01.003766 139681154073792 submission.py:307] 102500) loss = 1.418, grad_norm = 0.331
I0916 15:24:19.676898 139652707104512 logging_writer.py:48] [103000] global_step=103000, grad_norm=0.347031, loss=1.47237
I0916 15:24:19.680413 139681154073792 submission.py:307] 103000) loss = 1.472, grad_norm = 0.347
I0916 15:25:38.408955 139652715497216 logging_writer.py:48] [103500] global_step=103500, grad_norm=0.366277, loss=1.44768
I0916 15:25:38.412399 139681154073792 submission.py:307] 103500) loss = 1.448, grad_norm = 0.366
I0916 15:26:57.143166 139652707104512 logging_writer.py:48] [104000] global_step=104000, grad_norm=0.327805, loss=1.33232
I0916 15:26:57.146375 139681154073792 submission.py:307] 104000) loss = 1.332, grad_norm = 0.328
I0916 15:28:15.929154 139652715497216 logging_writer.py:48] [104500] global_step=104500, grad_norm=0.364682, loss=1.49296
I0916 15:28:15.932654 139681154073792 submission.py:307] 104500) loss = 1.493, grad_norm = 0.365
I0916 15:29:34.669427 139652707104512 logging_writer.py:48] [105000] global_step=105000, grad_norm=0.342473, loss=1.41608
I0916 15:29:34.672673 139681154073792 submission.py:307] 105000) loss = 1.416, grad_norm = 0.342
I0916 15:30:53.413464 139652715497216 logging_writer.py:48] [105500] global_step=105500, grad_norm=0.337907, loss=1.41644
I0916 15:30:53.416808 139681154073792 submission.py:307] 105500) loss = 1.416, grad_norm = 0.338
I0916 15:32:12.420685 139681154073792 spec.py:333] Evaluating on the training split.
I0916 15:32:14.649881 139681154073792 workload.py:152] Translating evaluation dataset.
I0916 15:33:45.231165 139681154073792 spec.py:346] Evaluating on the validation split.
I0916 15:33:47.444952 139681154073792 workload.py:152] Translating evaluation dataset.
I0916 15:35:16.026102 139681154073792 spec.py:363] Evaluating on the test split.
I0916 15:35:18.239791 139681154073792 workload.py:152] Translating evaluation dataset.
I0916 15:36:37.261880 139681154073792 submission_runner.py:516] Time since start: 23946.73s, 	Step: 105999, 	{'train/accuracy': 0.7005885488132634, 'train/loss': 1.3351153460701042, 'train/bleu': 36.09823027073485, 'validation/accuracy': 0.6935685856344, 'validation/loss': 1.3848594174281783, 'validation/bleu': 30.316039877116662, 'validation/num_examples': 3000, 'test/accuracy': 0.7098018708965197, 'test/loss': 1.27362170269014, 'test/bleu': 30.551579303481194, 'test/num_examples': 3003, 'score': 16746.064346313477, 'total_duration': 23946.72591495514, 'accumulated_submission_time': 16746.064346313477, 'accumulated_eval_time': 7131.977272987366, 'accumulated_logging_time': 1.0208284854888916}
I0916 15:36:37.292508 139652707104512 logging_writer.py:48] [105999] accumulated_eval_time=7131.98, accumulated_logging_time=1.02083, accumulated_submission_time=16746.1, global_step=105999, preemption_count=0, score=16746.1, test/accuracy=0.709802, test/bleu=30.5516, test/loss=1.27362, test/num_examples=3003, total_duration=23946.7, train/accuracy=0.700589, train/bleu=36.0982, train/loss=1.33512, validation/accuracy=0.693569, validation/bleu=30.316, validation/loss=1.38486, validation/num_examples=3000
I0916 15:36:38.251370 139652715497216 logging_writer.py:48] [106000] global_step=106000, grad_norm=0.342752, loss=1.43177
I0916 15:36:38.254402 139681154073792 submission.py:307] 106000) loss = 1.432, grad_norm = 0.343
I0916 15:37:56.637851 139652707104512 logging_writer.py:48] [106500] global_step=106500, grad_norm=0.339243, loss=1.37924
I0916 15:37:56.641302 139681154073792 submission.py:307] 106500) loss = 1.379, grad_norm = 0.339
I0916 15:39:15.277057 139652715497216 logging_writer.py:48] [107000] global_step=107000, grad_norm=0.343458, loss=1.42066
I0916 15:39:15.280236 139681154073792 submission.py:307] 107000) loss = 1.421, grad_norm = 0.343
I0916 15:40:34.025975 139652707104512 logging_writer.py:48] [107500] global_step=107500, grad_norm=0.33511, loss=1.41638
I0916 15:40:34.029586 139681154073792 submission.py:307] 107500) loss = 1.416, grad_norm = 0.335
I0916 15:41:52.753737 139652715497216 logging_writer.py:48] [108000] global_step=108000, grad_norm=0.36836, loss=1.45404
I0916 15:41:52.757202 139681154073792 submission.py:307] 108000) loss = 1.454, grad_norm = 0.368
I0916 15:43:11.486603 139652707104512 logging_writer.py:48] [108500] global_step=108500, grad_norm=0.347886, loss=1.41975
I0916 15:43:11.490372 139681154073792 submission.py:307] 108500) loss = 1.420, grad_norm = 0.348
I0916 15:44:30.236647 139652715497216 logging_writer.py:48] [109000] global_step=109000, grad_norm=0.326006, loss=1.46508
I0916 15:44:30.239784 139681154073792 submission.py:307] 109000) loss = 1.465, grad_norm = 0.326
I0916 15:45:48.970617 139652707104512 logging_writer.py:48] [109500] global_step=109500, grad_norm=0.341091, loss=1.46629
I0916 15:45:48.974138 139681154073792 submission.py:307] 109500) loss = 1.466, grad_norm = 0.341
I0916 15:47:07.709902 139652715497216 logging_writer.py:48] [110000] global_step=110000, grad_norm=0.337047, loss=1.3672
I0916 15:47:07.713269 139681154073792 submission.py:307] 110000) loss = 1.367, grad_norm = 0.337
I0916 15:47:21.845198 139681154073792 spec.py:333] Evaluating on the training split.
I0916 15:47:24.075757 139681154073792 workload.py:152] Translating evaluation dataset.
I0916 15:49:04.570533 139681154073792 spec.py:346] Evaluating on the validation split.
I0916 15:49:06.779708 139681154073792 workload.py:152] Translating evaluation dataset.
I0916 15:50:24.824424 139681154073792 spec.py:363] Evaluating on the test split.
I0916 15:50:27.038534 139681154073792 workload.py:152] Translating evaluation dataset.
I0916 15:51:35.671597 139681154073792 submission_runner.py:516] Time since start: 24845.14s, 	Step: 110087, 	{'train/accuracy': 0.7035749922581978, 'train/loss': 1.309232314282765, 'train/bleu': 36.38694155896813, 'validation/accuracy': 0.6942009398519547, 'validation/loss': 1.3826231230858885, 'validation/bleu': 30.652193336253045, 'validation/num_examples': 3000, 'test/accuracy': 0.7104293765615014, 'test/loss': 1.271752258729882, 'test/bleu': 30.433257472134322, 'test/num_examples': 3003, 'score': 17388.03769659996, 'total_duration': 24845.135648965836, 'accumulated_submission_time': 17388.03769659996, 'accumulated_eval_time': 7385.803707122803, 'accumulated_logging_time': 1.0621931552886963}
I0916 15:51:35.704199 139652707104512 logging_writer.py:48] [110087] accumulated_eval_time=7385.8, accumulated_logging_time=1.06219, accumulated_submission_time=17388, global_step=110087, preemption_count=0, score=17388, test/accuracy=0.710429, test/bleu=30.4333, test/loss=1.27175, test/num_examples=3003, total_duration=24845.1, train/accuracy=0.703575, train/bleu=36.3869, train/loss=1.30923, validation/accuracy=0.694201, validation/bleu=30.6522, validation/loss=1.38262, validation/num_examples=3000
I0916 15:52:41.272737 139652715497216 logging_writer.py:48] [110500] global_step=110500, grad_norm=0.35106, loss=1.39583
I0916 15:52:41.276319 139681154073792 submission.py:307] 110500) loss = 1.396, grad_norm = 0.351
I0916 15:53:59.904882 139652707104512 logging_writer.py:48] [111000] global_step=111000, grad_norm=0.324638, loss=1.31988
I0916 15:53:59.908385 139681154073792 submission.py:307] 111000) loss = 1.320, grad_norm = 0.325
I0916 15:55:18.646220 139652715497216 logging_writer.py:48] [111500] global_step=111500, grad_norm=0.335104, loss=1.39458
I0916 15:55:18.649481 139681154073792 submission.py:307] 111500) loss = 1.395, grad_norm = 0.335
I0916 15:56:37.427482 139652707104512 logging_writer.py:48] [112000] global_step=112000, grad_norm=0.347456, loss=1.42725
I0916 15:56:37.430855 139681154073792 submission.py:307] 112000) loss = 1.427, grad_norm = 0.347
I0916 15:57:56.178990 139652715497216 logging_writer.py:48] [112500] global_step=112500, grad_norm=0.329691, loss=1.38878
I0916 15:57:56.182492 139681154073792 submission.py:307] 112500) loss = 1.389, grad_norm = 0.330
I0916 15:59:14.998687 139652707104512 logging_writer.py:48] [113000] global_step=113000, grad_norm=0.338291, loss=1.38996
I0916 15:59:15.002180 139681154073792 submission.py:307] 113000) loss = 1.390, grad_norm = 0.338
I0916 16:00:33.835887 139652715497216 logging_writer.py:48] [113500] global_step=113500, grad_norm=0.339911, loss=1.40086
I0916 16:00:33.839107 139681154073792 submission.py:307] 113500) loss = 1.401, grad_norm = 0.340
I0916 16:01:52.673093 139652707104512 logging_writer.py:48] [114000] global_step=114000, grad_norm=0.336272, loss=1.36955
I0916 16:01:52.676404 139681154073792 submission.py:307] 114000) loss = 1.370, grad_norm = 0.336
I0916 16:02:20.383245 139681154073792 spec.py:333] Evaluating on the training split.
I0916 16:02:22.614312 139681154073792 workload.py:152] Translating evaluation dataset.
I0916 16:03:56.239109 139681154073792 spec.py:346] Evaluating on the validation split.
I0916 16:03:58.452909 139681154073792 workload.py:152] Translating evaluation dataset.
I0916 16:05:19.493283 139681154073792 spec.py:363] Evaluating on the test split.
I0916 16:05:21.711867 139681154073792 workload.py:152] Translating evaluation dataset.
I0916 16:06:41.635123 139681154073792 submission_runner.py:516] Time since start: 25751.10s, 	Step: 114173, 	{'train/accuracy': 0.7029496215087444, 'train/loss': 1.3174546640393585, 'train/bleu': 36.057146377560564, 'validation/accuracy': 0.693680177555145, 'validation/loss': 1.3834639372109458, 'validation/bleu': 30.78495669829378, 'validation/num_examples': 3000, 'test/accuracy': 0.710499099413166, 'test/loss': 1.2717316505432572, 'test/bleu': 30.540808370113545, 'test/num_examples': 3003, 'score': 18030.135451316833, 'total_duration': 25751.099177598953, 'accumulated_submission_time': 18030.135451316833, 'accumulated_eval_time': 7647.055639743805, 'accumulated_logging_time': 1.1045951843261719}
I0916 16:06:41.666157 139652715497216 logging_writer.py:48] [114173] accumulated_eval_time=7647.06, accumulated_logging_time=1.1046, accumulated_submission_time=18030.1, global_step=114173, preemption_count=0, score=18030.1, test/accuracy=0.710499, test/bleu=30.5408, test/loss=1.27173, test/num_examples=3003, total_duration=25751.1, train/accuracy=0.70295, train/bleu=36.0571, train/loss=1.31745, validation/accuracy=0.69368, validation/bleu=30.785, validation/loss=1.38346, validation/num_examples=3000
I0916 16:07:33.745551 139652707104512 logging_writer.py:48] [114500] global_step=114500, grad_norm=0.362425, loss=1.46924
I0916 16:07:33.748758 139681154073792 submission.py:307] 114500) loss = 1.469, grad_norm = 0.362
I0916 16:08:52.344914 139652715497216 logging_writer.py:48] [115000] global_step=115000, grad_norm=0.390637, loss=1.44547
I0916 16:08:52.348339 139681154073792 submission.py:307] 115000) loss = 1.445, grad_norm = 0.391
I0916 16:10:11.023037 139652707104512 logging_writer.py:48] [115500] global_step=115500, grad_norm=0.339732, loss=1.46078
I0916 16:10:11.026407 139681154073792 submission.py:307] 115500) loss = 1.461, grad_norm = 0.340
I0916 16:11:29.765794 139652715497216 logging_writer.py:48] [116000] global_step=116000, grad_norm=0.360638, loss=1.43251
I0916 16:11:29.769320 139681154073792 submission.py:307] 116000) loss = 1.433, grad_norm = 0.361
I0916 16:12:48.544332 139652707104512 logging_writer.py:48] [116500] global_step=116500, grad_norm=0.328048, loss=1.38748
I0916 16:12:48.547610 139681154073792 submission.py:307] 116500) loss = 1.387, grad_norm = 0.328
I0916 16:14:07.309709 139652715497216 logging_writer.py:48] [117000] global_step=117000, grad_norm=0.342283, loss=1.44554
I0916 16:14:07.313150 139681154073792 submission.py:307] 117000) loss = 1.446, grad_norm = 0.342
I0916 16:15:26.161230 139652707104512 logging_writer.py:48] [117500] global_step=117500, grad_norm=0.339542, loss=1.36011
I0916 16:15:26.164746 139681154073792 submission.py:307] 117500) loss = 1.360, grad_norm = 0.340
I0916 16:16:44.964291 139652715497216 logging_writer.py:48] [118000] global_step=118000, grad_norm=0.327527, loss=1.37907
I0916 16:16:44.967782 139681154073792 submission.py:307] 118000) loss = 1.379, grad_norm = 0.328
I0916 16:17:26.363331 139681154073792 spec.py:333] Evaluating on the training split.
I0916 16:17:28.595662 139681154073792 workload.py:152] Translating evaluation dataset.
I0916 16:19:16.852372 139681154073792 spec.py:346] Evaluating on the validation split.
I0916 16:19:19.068987 139681154073792 workload.py:152] Translating evaluation dataset.
I0916 16:20:48.090686 139681154073792 spec.py:363] Evaluating on the test split.
I0916 16:20:50.301279 139681154073792 workload.py:152] Translating evaluation dataset.
I0916 16:22:14.772174 139681154073792 submission_runner.py:516] Time since start: 26684.24s, 	Step: 118260, 	{'train/accuracy': 0.7059680927383081, 'train/loss': 1.3004796195497454, 'train/bleu': 36.6821103814912, 'validation/accuracy': 0.6938413658851099, 'validation/loss': 1.381956768204982, 'validation/bleu': 30.666652184073417, 'validation/num_examples': 3000, 'test/accuracy': 0.7104874789378886, 'test/loss': 1.270655667160537, 'test/bleu': 30.5197138290683, 'test/num_examples': 3003, 'score': 18672.254566431046, 'total_duration': 26684.236224412918, 'accumulated_submission_time': 18672.254566431046, 'accumulated_eval_time': 7935.464534521103, 'accumulated_logging_time': 1.1450221538543701}
I0916 16:22:14.807401 139652707104512 logging_writer.py:48] [118260] accumulated_eval_time=7935.46, accumulated_logging_time=1.14502, accumulated_submission_time=18672.3, global_step=118260, preemption_count=0, score=18672.3, test/accuracy=0.710487, test/bleu=30.5197, test/loss=1.27066, test/num_examples=3003, total_duration=26684.2, train/accuracy=0.705968, train/bleu=36.6821, train/loss=1.30048, validation/accuracy=0.693841, validation/bleu=30.6667, validation/loss=1.38196, validation/num_examples=3000
I0916 16:22:53.297399 139652715497216 logging_writer.py:48] [118500] global_step=118500, grad_norm=0.372885, loss=1.3963
I0916 16:22:53.300646 139681154073792 submission.py:307] 118500) loss = 1.396, grad_norm = 0.373
I0916 16:24:11.933828 139652707104512 logging_writer.py:48] [119000] global_step=119000, grad_norm=0.342928, loss=1.41449
I0916 16:24:11.937184 139681154073792 submission.py:307] 119000) loss = 1.414, grad_norm = 0.343
I0916 16:25:30.670437 139652715497216 logging_writer.py:48] [119500] global_step=119500, grad_norm=0.347265, loss=1.35486
I0916 16:25:30.673759 139681154073792 submission.py:307] 119500) loss = 1.355, grad_norm = 0.347
I0916 16:26:49.430137 139652707104512 logging_writer.py:48] [120000] global_step=120000, grad_norm=0.331056, loss=1.45731
I0916 16:26:49.433609 139681154073792 submission.py:307] 120000) loss = 1.457, grad_norm = 0.331
I0916 16:28:08.179453 139652715497216 logging_writer.py:48] [120500] global_step=120500, grad_norm=0.333503, loss=1.40414
I0916 16:28:08.182788 139681154073792 submission.py:307] 120500) loss = 1.404, grad_norm = 0.334
I0916 16:29:26.903311 139652707104512 logging_writer.py:48] [121000] global_step=121000, grad_norm=0.352082, loss=1.41599
I0916 16:29:26.906705 139681154073792 submission.py:307] 121000) loss = 1.416, grad_norm = 0.352
I0916 16:30:45.659269 139652715497216 logging_writer.py:48] [121500] global_step=121500, grad_norm=0.345132, loss=1.38272
I0916 16:30:45.662577 139681154073792 submission.py:307] 121500) loss = 1.383, grad_norm = 0.345
I0916 16:32:04.523471 139652707104512 logging_writer.py:48] [122000] global_step=122000, grad_norm=0.329676, loss=1.44874
I0916 16:32:04.526823 139681154073792 submission.py:307] 122000) loss = 1.449, grad_norm = 0.330
I0916 16:32:59.440095 139681154073792 spec.py:333] Evaluating on the training split.
I0916 16:33:01.674234 139681154073792 workload.py:152] Translating evaluation dataset.
I0916 16:34:39.309676 139681154073792 spec.py:346] Evaluating on the validation split.
I0916 16:34:41.521103 139681154073792 workload.py:152] Translating evaluation dataset.
I0916 16:36:05.207390 139681154073792 spec.py:363] Evaluating on the test split.
I0916 16:36:07.422432 139681154073792 workload.py:152] Translating evaluation dataset.
I0916 16:37:32.414929 139681154073792 submission_runner.py:516] Time since start: 27601.88s, 	Step: 122346, 	{'train/accuracy': 0.6997066171583122, 'train/loss': 1.3324967338238327, 'train/bleu': 36.64013427257552, 'validation/accuracy': 0.6938537649874149, 'validation/loss': 1.382162225204895, 'validation/bleu': 30.657045900752422, 'validation/num_examples': 3000, 'test/accuracy': 0.7104061356109465, 'test/loss': 1.2707375551972575, 'test/bleu': 30.456589562506334, 'test/num_examples': 3003, 'score': 19314.32937502861, 'total_duration': 27601.878966331482, 'accumulated_submission_time': 19314.32937502861, 'accumulated_eval_time': 8208.439351797104, 'accumulated_logging_time': 1.1900050640106201}
I0916 16:37:32.447208 139652715497216 logging_writer.py:48] [122346] accumulated_eval_time=8208.44, accumulated_logging_time=1.19001, accumulated_submission_time=19314.3, global_step=122346, preemption_count=0, score=19314.3, test/accuracy=0.710406, test/bleu=30.4566, test/loss=1.27074, test/num_examples=3003, total_duration=27601.9, train/accuracy=0.699707, train/bleu=36.6401, train/loss=1.3325, validation/accuracy=0.693854, validation/bleu=30.657, validation/loss=1.38216, validation/num_examples=3000
I0916 16:37:57.390114 139652707104512 logging_writer.py:48] [122500] global_step=122500, grad_norm=0.324482, loss=1.36099
I0916 16:37:57.393284 139681154073792 submission.py:307] 122500) loss = 1.361, grad_norm = 0.324
I0916 16:39:15.962962 139652715497216 logging_writer.py:48] [123000] global_step=123000, grad_norm=0.325718, loss=1.43563
I0916 16:39:15.966728 139681154073792 submission.py:307] 123000) loss = 1.436, grad_norm = 0.326
I0916 16:40:34.666803 139652707104512 logging_writer.py:48] [123500] global_step=123500, grad_norm=0.373255, loss=1.38954
I0916 16:40:34.670162 139681154073792 submission.py:307] 123500) loss = 1.390, grad_norm = 0.373
I0916 16:41:53.462689 139652715497216 logging_writer.py:48] [124000] global_step=124000, grad_norm=0.360969, loss=1.39975
I0916 16:41:53.465944 139681154073792 submission.py:307] 124000) loss = 1.400, grad_norm = 0.361
I0916 16:43:12.269054 139652707104512 logging_writer.py:48] [124500] global_step=124500, grad_norm=0.336276, loss=1.4129
I0916 16:43:12.272485 139681154073792 submission.py:307] 124500) loss = 1.413, grad_norm = 0.336
I0916 16:44:31.019236 139652715497216 logging_writer.py:48] [125000] global_step=125000, grad_norm=0.353073, loss=1.36884
I0916 16:44:31.022525 139681154073792 submission.py:307] 125000) loss = 1.369, grad_norm = 0.353
I0916 16:45:49.794778 139652707104512 logging_writer.py:48] [125500] global_step=125500, grad_norm=0.332438, loss=1.38063
I0916 16:45:49.798020 139681154073792 submission.py:307] 125500) loss = 1.381, grad_norm = 0.332
I0916 16:47:08.563057 139652715497216 logging_writer.py:48] [126000] global_step=126000, grad_norm=0.337209, loss=1.35673
I0916 16:47:08.566511 139681154073792 submission.py:307] 126000) loss = 1.357, grad_norm = 0.337
I0916 16:48:17.029219 139681154073792 spec.py:333] Evaluating on the training split.
I0916 16:48:19.258173 139681154073792 workload.py:152] Translating evaluation dataset.
I0916 16:50:01.839676 139681154073792 spec.py:346] Evaluating on the validation split.
I0916 16:50:04.058343 139681154073792 workload.py:152] Translating evaluation dataset.
I0916 16:51:22.180994 139681154073792 spec.py:363] Evaluating on the test split.
I0916 16:51:24.399098 139681154073792 workload.py:152] Translating evaluation dataset.
I0916 16:52:43.073993 139681154073792 submission_runner.py:516] Time since start: 28512.54s, 	Step: 126432, 	{'train/accuracy': 0.7062779241608431, 'train/loss': 1.2974285606885096, 'train/bleu': 36.67276794079318, 'validation/accuracy': 0.6939033613966349, 'validation/loss': 1.3826583830330683, 'validation/bleu': 30.73521655991802, 'validation/num_examples': 3000, 'test/accuracy': 0.7104874789378886, 'test/loss': 1.270744908779269, 'test/bleu': 30.44486588346862, 'test/num_examples': 3003, 'score': 19956.34680557251, 'total_duration': 28512.538029670715, 'accumulated_submission_time': 19956.34680557251, 'accumulated_eval_time': 8474.484276294708, 'accumulated_logging_time': 1.2323086261749268}
I0916 16:52:43.106676 139652707104512 logging_writer.py:48] [126432] accumulated_eval_time=8474.48, accumulated_logging_time=1.23231, accumulated_submission_time=19956.3, global_step=126432, preemption_count=0, score=19956.3, test/accuracy=0.710487, test/bleu=30.4449, test/loss=1.27074, test/num_examples=3003, total_duration=28512.5, train/accuracy=0.706278, train/bleu=36.6728, train/loss=1.29743, validation/accuracy=0.693903, validation/bleu=30.7352, validation/loss=1.38266, validation/num_examples=3000
I0916 16:52:54.548852 139652715497216 logging_writer.py:48] [126500] global_step=126500, grad_norm=0.319102, loss=1.40902
I0916 16:52:54.551862 139681154073792 submission.py:307] 126500) loss = 1.409, grad_norm = 0.319
I0916 16:54:12.967350 139652707104512 logging_writer.py:48] [127000] global_step=127000, grad_norm=0.320461, loss=1.37844
I0916 16:54:12.970701 139681154073792 submission.py:307] 127000) loss = 1.378, grad_norm = 0.320
I0916 16:55:31.726310 139652715497216 logging_writer.py:48] [127500] global_step=127500, grad_norm=0.341896, loss=1.4114
I0916 16:55:31.729753 139681154073792 submission.py:307] 127500) loss = 1.411, grad_norm = 0.342
I0916 16:56:50.527116 139652707104512 logging_writer.py:48] [128000] global_step=128000, grad_norm=0.350053, loss=1.42834
I0916 16:56:50.530390 139681154073792 submission.py:307] 128000) loss = 1.428, grad_norm = 0.350
I0916 16:58:09.291335 139652715497216 logging_writer.py:48] [128500] global_step=128500, grad_norm=0.346905, loss=1.39558
I0916 16:58:09.294513 139681154073792 submission.py:307] 128500) loss = 1.396, grad_norm = 0.347
I0916 16:59:28.109385 139652707104512 logging_writer.py:48] [129000] global_step=129000, grad_norm=0.334782, loss=1.4148
I0916 16:59:28.112973 139681154073792 submission.py:307] 129000) loss = 1.415, grad_norm = 0.335
I0916 17:00:46.931409 139652715497216 logging_writer.py:48] [129500] global_step=129500, grad_norm=0.366185, loss=1.41545
I0916 17:00:46.934844 139681154073792 submission.py:307] 129500) loss = 1.415, grad_norm = 0.366
I0916 17:02:05.763740 139652707104512 logging_writer.py:48] [130000] global_step=130000, grad_norm=0.345821, loss=1.41759
I0916 17:02:05.766945 139681154073792 submission.py:307] 130000) loss = 1.418, grad_norm = 0.346
I0916 17:03:24.588861 139652715497216 logging_writer.py:48] [130500] global_step=130500, grad_norm=0.350834, loss=1.42643
I0916 17:03:24.592336 139681154073792 submission.py:307] 130500) loss = 1.426, grad_norm = 0.351
I0916 17:03:27.688878 139681154073792 spec.py:333] Evaluating on the training split.
I0916 17:03:29.924123 139681154073792 workload.py:152] Translating evaluation dataset.
I0916 17:05:05.376290 139681154073792 spec.py:346] Evaluating on the validation split.
I0916 17:05:07.587846 139681154073792 workload.py:152] Translating evaluation dataset.
I0916 17:06:31.189490 139681154073792 spec.py:363] Evaluating on the test split.
I0916 17:06:33.401492 139681154073792 workload.py:152] Translating evaluation dataset.
I0916 17:07:52.696457 139681154073792 submission_runner.py:516] Time since start: 29422.16s, 	Step: 130517, 	{'train/accuracy': 0.7066352230057698, 'train/loss': 1.2944492899418445, 'train/bleu': 36.1449996008607, 'validation/accuracy': 0.6938537649874149, 'validation/loss': 1.3822447567296128, 'validation/bleu': 30.70360554311707, 'validation/num_examples': 3000, 'test/accuracy': 0.7105572017895532, 'test/loss': 1.271061203590727, 'test/bleu': 30.341595634642246, 'test/num_examples': 3003, 'score': 20598.373563289642, 'total_duration': 29422.16049194336, 'accumulated_submission_time': 20598.373563289642, 'accumulated_eval_time': 8739.491944551468, 'accumulated_logging_time': 1.2747008800506592}
I0916 17:07:52.728968 139652707104512 logging_writer.py:48] [130517] accumulated_eval_time=8739.49, accumulated_logging_time=1.2747, accumulated_submission_time=20598.4, global_step=130517, preemption_count=0, score=20598.4, test/accuracy=0.710557, test/bleu=30.3416, test/loss=1.27106, test/num_examples=3003, total_duration=29422.2, train/accuracy=0.706635, train/bleu=36.145, train/loss=1.29445, validation/accuracy=0.693854, validation/bleu=30.7036, validation/loss=1.38224, validation/num_examples=3000
I0916 17:09:09.328234 139652715497216 logging_writer.py:48] [131000] global_step=131000, grad_norm=0.350923, loss=1.40041
I0916 17:09:09.331575 139681154073792 submission.py:307] 131000) loss = 1.400, grad_norm = 0.351
I0916 17:10:28.036837 139652707104512 logging_writer.py:48] [131500] global_step=131500, grad_norm=0.367686, loss=1.37493
I0916 17:10:28.040026 139681154073792 submission.py:307] 131500) loss = 1.375, grad_norm = 0.368
I0916 17:11:46.780614 139652715497216 logging_writer.py:48] [132000] global_step=132000, grad_norm=0.334628, loss=1.36576
I0916 17:11:46.784290 139681154073792 submission.py:307] 132000) loss = 1.366, grad_norm = 0.335
I0916 17:13:05.594178 139652707104512 logging_writer.py:48] [132500] global_step=132500, grad_norm=0.355306, loss=1.30801
I0916 17:13:05.597597 139681154073792 submission.py:307] 132500) loss = 1.308, grad_norm = 0.355
I0916 17:14:24.396784 139652715497216 logging_writer.py:48] [133000] global_step=133000, grad_norm=0.380181, loss=1.49909
I0916 17:14:24.400091 139681154073792 submission.py:307] 133000) loss = 1.499, grad_norm = 0.380
I0916 17:15:43.252269 139652707104512 logging_writer.py:48] [133500] global_step=133500, grad_norm=0.360857, loss=1.49967
I0916 17:15:43.255659 139681154073792 submission.py:307] 133500) loss = 1.500, grad_norm = 0.361
I0916 17:17:02.129863 139652715497216 logging_writer.py:48] [134000] global_step=134000, grad_norm=0.332743, loss=1.42026
I0916 17:17:02.133275 139681154073792 submission.py:307] 134000) loss = 1.420, grad_norm = 0.333
I0916 17:18:21.008573 139652707104512 logging_writer.py:48] [134500] global_step=134500, grad_norm=0.35281, loss=1.36861
I0916 17:18:21.011822 139681154073792 submission.py:307] 134500) loss = 1.369, grad_norm = 0.353
I0916 17:18:37.364730 139681154073792 spec.py:333] Evaluating on the training split.
I0916 17:18:39.595981 139681154073792 workload.py:152] Translating evaluation dataset.
I0916 17:20:24.655812 139681154073792 spec.py:346] Evaluating on the validation split.
I0916 17:20:26.872438 139681154073792 workload.py:152] Translating evaluation dataset.
I0916 17:21:42.709248 139681154073792 spec.py:363] Evaluating on the test split.
I0916 17:21:44.921715 139681154073792 workload.py:152] Translating evaluation dataset.
I0916 17:22:55.505477 139681154073792 submission_runner.py:516] Time since start: 30324.97s, 	Step: 134601, 	{'train/accuracy': 0.7052066596013812, 'train/loss': 1.303047331715155, 'train/bleu': 36.55484407583282, 'validation/accuracy': 0.6939033613966349, 'validation/loss': 1.382166681132286, 'validation/bleu': 30.8441882006884, 'validation/num_examples': 3000, 'test/accuracy': 0.7101504851548428, 'test/loss': 1.2720226163500088, 'test/bleu': 30.57973386492272, 'test/num_examples': 3003, 'score': 21240.45601129532, 'total_duration': 30324.969521284103, 'accumulated_submission_time': 21240.45601129532, 'accumulated_eval_time': 8997.632767438889, 'accumulated_logging_time': 1.3170082569122314}
I0916 17:22:55.539471 139652715497216 logging_writer.py:48] [134601] accumulated_eval_time=8997.63, accumulated_logging_time=1.31701, accumulated_submission_time=21240.5, global_step=134601, preemption_count=0, score=21240.5, test/accuracy=0.71015, test/bleu=30.5797, test/loss=1.27202, test/num_examples=3003, total_duration=30325, train/accuracy=0.705207, train/bleu=36.5548, train/loss=1.30305, validation/accuracy=0.693903, validation/bleu=30.8442, validation/loss=1.38217, validation/num_examples=3000
I0916 17:23:58.848142 139652707104512 logging_writer.py:48] [135000] global_step=135000, grad_norm=0.352753, loss=1.34008
I0916 17:23:58.851446 139681154073792 submission.py:307] 135000) loss = 1.340, grad_norm = 0.353
I0916 17:25:17.479775 139652715497216 logging_writer.py:48] [135500] global_step=135500, grad_norm=0.344115, loss=1.38628
I0916 17:25:17.483148 139681154073792 submission.py:307] 135500) loss = 1.386, grad_norm = 0.344
I0916 17:26:36.223324 139652707104512 logging_writer.py:48] [136000] global_step=136000, grad_norm=0.35746, loss=1.39647
I0916 17:26:36.226780 139681154073792 submission.py:307] 136000) loss = 1.396, grad_norm = 0.357
I0916 17:27:55.069734 139652715497216 logging_writer.py:48] [136500] global_step=136500, grad_norm=0.365782, loss=1.3964
I0916 17:27:55.073166 139681154073792 submission.py:307] 136500) loss = 1.396, grad_norm = 0.366
I0916 17:29:13.858211 139652707104512 logging_writer.py:48] [137000] global_step=137000, grad_norm=0.376697, loss=1.4155
I0916 17:29:13.861546 139681154073792 submission.py:307] 137000) loss = 1.416, grad_norm = 0.377
I0916 17:30:32.745068 139652715497216 logging_writer.py:48] [137500] global_step=137500, grad_norm=0.34525, loss=1.37294
I0916 17:30:32.748444 139681154073792 submission.py:307] 137500) loss = 1.373, grad_norm = 0.345
I0916 17:31:51.710192 139652707104512 logging_writer.py:48] [138000] global_step=138000, grad_norm=0.346, loss=1.40924
I0916 17:31:51.713304 139681154073792 submission.py:307] 138000) loss = 1.409, grad_norm = 0.346
I0916 17:33:10.701521 139652715497216 logging_writer.py:48] [138500] global_step=138500, grad_norm=0.355587, loss=1.44081
I0916 17:33:10.705086 139681154073792 submission.py:307] 138500) loss = 1.441, grad_norm = 0.356
I0916 17:33:40.212823 139681154073792 spec.py:333] Evaluating on the training split.
I0916 17:33:42.444649 139681154073792 workload.py:152] Translating evaluation dataset.
I0916 17:35:15.008208 139681154073792 spec.py:346] Evaluating on the validation split.
I0916 17:35:17.221064 139681154073792 workload.py:152] Translating evaluation dataset.
I0916 17:36:25.884498 139681154073792 spec.py:363] Evaluating on the test split.
I0916 17:36:28.098200 139681154073792 workload.py:152] Translating evaluation dataset.
I0916 17:37:22.921287 139681154073792 submission_runner.py:516] Time since start: 31192.39s, 	Step: 138684, 	{'train/accuracy': 0.7082950367647058, 'train/loss': 1.2883000990923714, 'train/bleu': 36.50281435992577, 'validation/accuracy': 0.6930230251329804, 'validation/loss': 1.385253767002269, 'validation/bleu': 30.805347272254515, 'validation/num_examples': 3000, 'test/accuracy': 0.7096275637673581, 'test/loss': 1.2750479344605194, 'test/bleu': 30.415895458234928, 'test/num_examples': 3003, 'score': 21882.565131902695, 'total_duration': 31192.38531279564, 'accumulated_submission_time': 21882.565131902695, 'accumulated_eval_time': 9220.341248989105, 'accumulated_logging_time': 1.3608474731445312}
I0916 17:37:22.957202 139652707104512 logging_writer.py:48] [138684] accumulated_eval_time=9220.34, accumulated_logging_time=1.36085, accumulated_submission_time=21882.6, global_step=138684, preemption_count=0, score=21882.6, test/accuracy=0.709628, test/bleu=30.4159, test/loss=1.27505, test/num_examples=3003, total_duration=31192.4, train/accuracy=0.708295, train/bleu=36.5028, train/loss=1.2883, validation/accuracy=0.693023, validation/bleu=30.8053, validation/loss=1.38525, validation/num_examples=3000
I0916 17:38:13.443780 139652715497216 logging_writer.py:48] [139000] global_step=139000, grad_norm=0.358333, loss=1.3653
I0916 17:38:13.446822 139681154073792 submission.py:307] 139000) loss = 1.365, grad_norm = 0.358
I0916 17:39:32.226182 139652707104512 logging_writer.py:48] [139500] global_step=139500, grad_norm=0.332911, loss=1.33374
I0916 17:39:32.229685 139681154073792 submission.py:307] 139500) loss = 1.334, grad_norm = 0.333
I0916 17:40:51.198785 139652715497216 logging_writer.py:48] [140000] global_step=140000, grad_norm=0.351484, loss=1.45202
I0916 17:40:51.202069 139681154073792 submission.py:307] 140000) loss = 1.452, grad_norm = 0.351
I0916 17:42:10.212661 139652707104512 logging_writer.py:48] [140500] global_step=140500, grad_norm=0.346696, loss=1.42942
I0916 17:42:10.216051 139681154073792 submission.py:307] 140500) loss = 1.429, grad_norm = 0.347
I0916 17:43:29.203241 139652715497216 logging_writer.py:48] [141000] global_step=141000, grad_norm=0.372118, loss=1.42608
I0916 17:43:29.206897 139681154073792 submission.py:307] 141000) loss = 1.426, grad_norm = 0.372
I0916 17:44:48.172295 139652707104512 logging_writer.py:48] [141500] global_step=141500, grad_norm=0.37343, loss=1.43383
I0916 17:44:48.175595 139681154073792 submission.py:307] 141500) loss = 1.434, grad_norm = 0.373
I0916 17:46:07.179160 139652715497216 logging_writer.py:48] [142000] global_step=142000, grad_norm=0.363017, loss=1.43877
I0916 17:46:07.182380 139681154073792 submission.py:307] 142000) loss = 1.439, grad_norm = 0.363
I0916 17:47:26.159076 139652707104512 logging_writer.py:48] [142500] global_step=142500, grad_norm=0.319529, loss=1.39945
I0916 17:47:26.162426 139681154073792 submission.py:307] 142500) loss = 1.399, grad_norm = 0.320
I0916 17:48:07.642058 139681154073792 spec.py:333] Evaluating on the training split.
I0916 17:48:09.875660 139681154073792 workload.py:152] Translating evaluation dataset.
I0916 17:49:50.921936 139681154073792 spec.py:346] Evaluating on the validation split.
I0916 17:49:53.136869 139681154073792 workload.py:152] Translating evaluation dataset.
I0916 17:51:04.311860 139681154073792 spec.py:363] Evaluating on the test split.
I0916 17:51:06.523339 139681154073792 workload.py:152] Translating evaluation dataset.
I0916 17:52:11.141732 139681154073792 submission_runner.py:516] Time since start: 32080.61s, 	Step: 142760, 	{'train/accuracy': 0.7007713844923147, 'train/loss': 1.3295150991371922, 'train/bleu': 36.41966519680081, 'validation/accuracy': 0.6934693928159601, 'validation/loss': 1.3867799221336374, 'validation/bleu': 30.73410874423248, 'validation/num_examples': 3000, 'test/accuracy': 0.709174365231538, 'test/loss': 1.2770021715763176, 'test/bleu': 30.39403426658349, 'test/num_examples': 3003, 'score': 22524.687610387802, 'total_duration': 32080.60576915741, 'accumulated_submission_time': 22524.687610387802, 'accumulated_eval_time': 9463.840975999832, 'accumulated_logging_time': 1.406548023223877}
I0916 17:52:11.174865 139652715497216 logging_writer.py:48] [142760] accumulated_eval_time=9463.84, accumulated_logging_time=1.40655, accumulated_submission_time=22524.7, global_step=142760, preemption_count=0, score=22524.7, test/accuracy=0.709174, test/bleu=30.394, test/loss=1.277, test/num_examples=3003, total_duration=32080.6, train/accuracy=0.700771, train/bleu=36.4197, train/loss=1.32952, validation/accuracy=0.693469, validation/bleu=30.7341, validation/loss=1.38678, validation/num_examples=3000
I0916 17:52:49.635968 139652707104512 logging_writer.py:48] [143000] global_step=143000, grad_norm=0.37263, loss=1.43345
I0916 17:52:49.639466 139681154073792 submission.py:307] 143000) loss = 1.433, grad_norm = 0.373
I0916 17:54:08.392177 139652715497216 logging_writer.py:48] [143500] global_step=143500, grad_norm=0.365825, loss=1.40144
I0916 17:54:08.395586 139681154073792 submission.py:307] 143500) loss = 1.401, grad_norm = 0.366
I0916 17:55:27.290470 139652707104512 logging_writer.py:48] [144000] global_step=144000, grad_norm=0.326799, loss=1.41544
I0916 17:55:27.294051 139681154073792 submission.py:307] 144000) loss = 1.415, grad_norm = 0.327
I0916 17:56:46.112848 139652715497216 logging_writer.py:48] [144500] global_step=144500, grad_norm=0.377954, loss=1.44644
I0916 17:56:46.116278 139681154073792 submission.py:307] 144500) loss = 1.446, grad_norm = 0.378
I0916 17:58:04.998878 139652707104512 logging_writer.py:48] [145000] global_step=145000, grad_norm=0.363196, loss=1.46676
I0916 17:58:05.002482 139681154073792 submission.py:307] 145000) loss = 1.467, grad_norm = 0.363
I0916 17:59:23.839323 139652715497216 logging_writer.py:48] [145500] global_step=145500, grad_norm=0.347937, loss=1.41562
I0916 17:59:23.842732 139681154073792 submission.py:307] 145500) loss = 1.416, grad_norm = 0.348
I0916 18:00:42.691249 139652707104512 logging_writer.py:48] [146000] global_step=146000, grad_norm=0.394909, loss=1.43483
I0916 18:00:42.694554 139681154073792 submission.py:307] 146000) loss = 1.435, grad_norm = 0.395
I0916 18:02:01.647889 139652715497216 logging_writer.py:48] [146500] global_step=146500, grad_norm=0.363211, loss=1.38452
I0916 18:02:01.651383 139681154073792 submission.py:307] 146500) loss = 1.385, grad_norm = 0.363
I0916 18:02:55.721954 139681154073792 spec.py:333] Evaluating on the training split.
I0916 18:02:57.953169 139681154073792 workload.py:152] Translating evaluation dataset.
I0916 18:04:46.494888 139681154073792 spec.py:346] Evaluating on the validation split.
I0916 18:04:48.709625 139681154073792 workload.py:152] Translating evaluation dataset.
I0916 18:06:07.318115 139681154073792 spec.py:363] Evaluating on the test split.
I0916 18:06:09.536398 139681154073792 workload.py:152] Translating evaluation dataset.
I0916 18:07:14.165809 139681154073792 submission_runner.py:516] Time since start: 32983.63s, 	Step: 146840, 	{'train/accuracy': 0.7025382336456082, 'train/loss': 1.3191507633860655, 'train/bleu': 36.45069613420243, 'validation/accuracy': 0.6923782718131207, 'validation/loss': 1.3888317798291403, 'validation/bleu': 30.375924389895964, 'validation/num_examples': 3000, 'test/accuracy': 0.7088489919237697, 'test/loss': 1.2799526828772296, 'test/bleu': 30.26458936712677, 'test/num_examples': 3003, 'score': 23166.677849292755, 'total_duration': 32983.62984442711, 'accumulated_submission_time': 23166.677849292755, 'accumulated_eval_time': 9722.284867286682, 'accumulated_logging_time': 1.4494123458862305}
I0916 18:07:14.198175 139652707104512 logging_writer.py:48] [146840] accumulated_eval_time=9722.28, accumulated_logging_time=1.44941, accumulated_submission_time=23166.7, global_step=146840, preemption_count=0, score=23166.7, test/accuracy=0.708849, test/bleu=30.2646, test/loss=1.27995, test/num_examples=3003, total_duration=32983.6, train/accuracy=0.702538, train/bleu=36.4507, train/loss=1.31915, validation/accuracy=0.692378, validation/bleu=30.3759, validation/loss=1.38883, validation/num_examples=3000
I0916 18:07:40.136319 139652715497216 logging_writer.py:48] [147000] global_step=147000, grad_norm=0.350209, loss=1.42653
I0916 18:07:40.139575 139681154073792 submission.py:307] 147000) loss = 1.427, grad_norm = 0.350
I0916 18:08:58.888790 139652707104512 logging_writer.py:48] [147500] global_step=147500, grad_norm=0.339527, loss=1.42534
I0916 18:08:58.892009 139681154073792 submission.py:307] 147500) loss = 1.425, grad_norm = 0.340
I0916 18:10:17.662200 139652715497216 logging_writer.py:48] [148000] global_step=148000, grad_norm=0.349417, loss=1.41615
I0916 18:10:17.665629 139681154073792 submission.py:307] 148000) loss = 1.416, grad_norm = 0.349
I0916 18:11:36.538991 139652707104512 logging_writer.py:48] [148500] global_step=148500, grad_norm=0.383673, loss=1.55377
I0916 18:11:36.542486 139681154073792 submission.py:307] 148500) loss = 1.554, grad_norm = 0.384
I0916 18:12:55.434178 139652715497216 logging_writer.py:48] [149000] global_step=149000, grad_norm=0.354408, loss=1.43185
I0916 18:12:55.437500 139681154073792 submission.py:307] 149000) loss = 1.432, grad_norm = 0.354
I0916 18:14:14.321395 139652707104512 logging_writer.py:48] [149500] global_step=149500, grad_norm=0.351704, loss=1.42775
I0916 18:14:14.324962 139681154073792 submission.py:307] 149500) loss = 1.428, grad_norm = 0.352
I0916 18:15:33.200917 139652715497216 logging_writer.py:48] [150000] global_step=150000, grad_norm=0.349827, loss=1.38032
I0916 18:15:33.204134 139681154073792 submission.py:307] 150000) loss = 1.380, grad_norm = 0.350
I0916 18:16:52.171804 139652707104512 logging_writer.py:48] [150500] global_step=150500, grad_norm=0.395615, loss=1.41919
I0916 18:16:52.175174 139681154073792 submission.py:307] 150500) loss = 1.419, grad_norm = 0.396
I0916 18:17:58.862005 139681154073792 spec.py:333] Evaluating on the training split.
I0916 18:18:01.093108 139681154073792 workload.py:152] Translating evaluation dataset.
I0916 18:19:40.460443 139681154073792 spec.py:346] Evaluating on the validation split.
I0916 18:19:42.681030 139681154073792 workload.py:152] Translating evaluation dataset.
I0916 18:20:59.736371 139681154073792 spec.py:363] Evaluating on the test split.
I0916 18:21:01.955474 139681154073792 workload.py:152] Translating evaluation dataset.
I0916 18:22:15.593895 139681154073792 submission_runner.py:516] Time since start: 33885.06s, 	Step: 150920, 	{'train/accuracy': 0.7043234266735383, 'train/loss': 1.307740741138407, 'train/bleu': 36.57719162324027, 'validation/accuracy': 0.6922666798923758, 'validation/loss': 1.3949919057110265, 'validation/bleu': 30.715556801482006, 'validation/num_examples': 3000, 'test/accuracy': 0.7084887571901691, 'test/loss': 1.286095738190692, 'test/bleu': 30.23243484427275, 'test/num_examples': 3003, 'score': 23808.78427028656, 'total_duration': 33885.05792140961, 'accumulated_submission_time': 23808.78427028656, 'accumulated_eval_time': 9979.016785621643, 'accumulated_logging_time': 1.4916207790374756}
I0916 18:22:15.627197 139652715497216 logging_writer.py:48] [150920] accumulated_eval_time=9979.02, accumulated_logging_time=1.49162, accumulated_submission_time=23808.8, global_step=150920, preemption_count=0, score=23808.8, test/accuracy=0.708489, test/bleu=30.2324, test/loss=1.2861, test/num_examples=3003, total_duration=33885.1, train/accuracy=0.704323, train/bleu=36.5772, train/loss=1.30774, validation/accuracy=0.692267, validation/bleu=30.7156, validation/loss=1.39499, validation/num_examples=3000
I0916 18:22:28.983714 139652707104512 logging_writer.py:48] [151000] global_step=151000, grad_norm=0.368661, loss=1.40979
I0916 18:22:28.986950 139681154073792 submission.py:307] 151000) loss = 1.410, grad_norm = 0.369
I0916 18:23:47.554169 139652715497216 logging_writer.py:48] [151500] global_step=151500, grad_norm=0.362175, loss=1.43097
I0916 18:23:47.557625 139681154073792 submission.py:307] 151500) loss = 1.431, grad_norm = 0.362
I0916 18:25:06.403636 139652707104512 logging_writer.py:48] [152000] global_step=152000, grad_norm=0.363246, loss=1.38979
I0916 18:25:06.406957 139681154073792 submission.py:307] 152000) loss = 1.390, grad_norm = 0.363
I0916 18:26:25.239039 139652715497216 logging_writer.py:48] [152500] global_step=152500, grad_norm=0.372647, loss=1.51089
I0916 18:26:25.242548 139681154073792 submission.py:307] 152500) loss = 1.511, grad_norm = 0.373
I0916 18:27:44.084573 139652707104512 logging_writer.py:48] [153000] global_step=153000, grad_norm=0.359226, loss=1.46022
I0916 18:27:44.087918 139681154073792 submission.py:307] 153000) loss = 1.460, grad_norm = 0.359
I0916 18:29:02.956538 139652715497216 logging_writer.py:48] [153500] global_step=153500, grad_norm=0.386915, loss=1.43888
I0916 18:29:02.959857 139681154073792 submission.py:307] 153500) loss = 1.439, grad_norm = 0.387
I0916 18:30:21.810527 139652707104512 logging_writer.py:48] [154000] global_step=154000, grad_norm=0.385597, loss=1.45302
I0916 18:30:21.813726 139681154073792 submission.py:307] 154000) loss = 1.453, grad_norm = 0.386
I0916 18:31:40.721098 139652715497216 logging_writer.py:48] [154500] global_step=154500, grad_norm=0.386805, loss=1.46684
I0916 18:31:40.724568 139681154073792 submission.py:307] 154500) loss = 1.467, grad_norm = 0.387
I0916 18:32:59.621762 139652707104512 logging_writer.py:48] [155000] global_step=155000, grad_norm=0.381962, loss=1.42757
I0916 18:32:59.625609 139681154073792 submission.py:307] 155000) loss = 1.428, grad_norm = 0.382
I0916 18:32:59.643557 139652715497216 logging_writer.py:48] [155001] global_step=155001, preemption_count=0, score=24450.8
I0916 18:32:59.662120 139681154073792 submission_runner.py:857] Final wmt score: 24450.802146673203
