accumulated_eval_time,accumulated_logging_time,accumulated_submission_time,global_step,preemption_count,score,test/accuracy,test/loss,test/num_examples,total_duration,train/accuracy,train/loss,validation/accuracy,validation/loss,validation/num_examples
231.8443305492401,0,41.52581214904785,1,0,41.52581214904785,0.0010000000474974513,6.907756805419922,10000,273.37041449546814,0.0008789062267169356,6.907756328582764,0.0009999999310821295,6.9077558517456055,50000
