accumulated_eval_time,accumulated_logging_time,accumulated_submission_time,global_step,preemption_count,score,test/accuracy,test/loss,test/num_examples,total_duration,train/accuracy,train/loss,validation/accuracy,validation/loss,validation/num_examples
58.799906969070435,0,38.66816592216492,1,0,38.66816592216492,0.0010000000474974513,6.907756805419922,10000,97.46826457977295,0.0009374999790452421,6.907756328582764,0.0009999999310821295,6.9077558517456055,50000
