torchrun --redirects 1:0,2:0,3:0 --standalone --nnodes=1 --nproc_per_node=4 submission_runner.py --framework=pytorch --workload=librispeech_conformer --submission_path=submissions_algorithms/submissions/self_tuning/ademamix_golden/submission.py --data_dir=/data/librispeech --experiment_dir=/experiment_runs --experiment_name=submissions_a100/ademamix_golden/study_1 --overwrite=True --save_checkpoints=False --rng_seed=-486301922 --librispeech_tokenizer_vocab_path=/data/librispeech/spm_model.vocab --torch_compile=true --tuning_ruleset=self 2>&1 | tee -a /logs/librispeech_conformer_pytorch_09-11-2026-14-43-03.log
W0911 14:43:05.953000 9 site-packages/torch/distributed/run.py:803] 
W0911 14:43:05.953000 9 site-packages/torch/distributed/run.py:803] *****************************************
W0911 14:43:05.953000 9 site-packages/torch/distributed/run.py:803] Setting OMP_NUM_THREADS environment variable for each process to be 1 in default, to avoid your system being overloaded, please further tune the variable for optimal performance in your application as needed. 
W0911 14:43:05.953000 9 site-packages/torch/distributed/run.py:803] *****************************************
2026-09-11 14:43:07.669609: E external/local_xla/xla/stream_executor/cuda/cuda_fft.cc:467] Unable to register cuFFT factory: Attempting to register factory for plugin cuFFT when one has already been registered
2026-09-11 14:43:07.669602: E external/local_xla/xla/stream_executor/cuda/cuda_fft.cc:467] Unable to register cuFFT factory: Attempting to register factory for plugin cuFFT when one has already been registered
2026-09-11 14:43:07.669603: E external/local_xla/xla/stream_executor/cuda/cuda_fft.cc:467] Unable to register cuFFT factory: Attempting to register factory for plugin cuFFT when one has already been registered
2026-09-11 14:43:07.669652: E external/local_xla/xla/stream_executor/cuda/cuda_fft.cc:467] Unable to register cuFFT factory: Attempting to register factory for plugin cuFFT when one has already been registered
WARNING: All log messages before absl::InitializeLog() is called are written to STDERR
WARNING: All log messages before absl::InitializeLog() is called are written to STDERR
WARNING: All log messages before absl::InitializeLog() is called are written to STDERR
WARNING: All log messages before absl::InitializeLog() is called are written to STDERR
E0000 00:00:1789137787.690242      39 cuda_dnn.cc:8579] Unable to register cuDNN factory: Attempting to register factory for plugin cuDNN when one has already been registered
E0000 00:00:1789137787.690244      40 cuda_dnn.cc:8579] Unable to register cuDNN factory: Attempting to register factory for plugin cuDNN when one has already been registered
E0000 00:00:1789137787.690244      41 cuda_dnn.cc:8579] Unable to register cuDNN factory: Attempting to register factory for plugin cuDNN when one has already been registered
E0000 00:00:1789137787.690242      38 cuda_dnn.cc:8579] Unable to register cuDNN factory: Attempting to register factory for plugin cuDNN when one has already been registered
E0000 00:00:1789137787.696988      39 cuda_blas.cc:1407] Unable to register cuBLAS factory: Attempting to register factory for plugin cuBLAS when one has already been registered
E0000 00:00:1789137787.697001      40 cuda_blas.cc:1407] Unable to register cuBLAS factory: Attempting to register factory for plugin cuBLAS when one has already been registered
E0000 00:00:1789137787.697005      41 cuda_blas.cc:1407] Unable to register cuBLAS factory: Attempting to register factory for plugin cuBLAS when one has already been registered
E0000 00:00:1789137787.697239      38 cuda_blas.cc:1407] Unable to register cuBLAS factory: Attempting to register factory for plugin cuBLAS when one has already been registered
W0000 00:00:1789137787.713973      40 computation_placer.cc:177] computation placer already registered. Please check linkage and avoid linking the same target more than once.
W0000 00:00:1789137787.713972      38 computation_placer.cc:177] computation placer already registered. Please check linkage and avoid linking the same target more than once.
W0000 00:00:1789137787.713975      41 computation_placer.cc:177] computation placer already registered. Please check linkage and avoid linking the same target more than once.
W0000 00:00:1789137787.713994      38 computation_placer.cc:177] computation placer already registered. Please check linkage and avoid linking the same target more than once.
W0000 00:00:1789137787.713973      39 computation_placer.cc:177] computation placer already registered. Please check linkage and avoid linking the same target more than once.
W0000 00:00:1789137787.713995      41 computation_placer.cc:177] computation placer already registered. Please check linkage and avoid linking the same target more than once.
W0000 00:00:1789137787.713996      38 computation_placer.cc:177] computation placer already registered. Please check linkage and avoid linking the same target more than once.
W0000 00:00:1789137787.713997      41 computation_placer.cc:177] computation placer already registered. Please check linkage and avoid linking the same target more than once.
W0000 00:00:1789137787.713998      38 computation_placer.cc:177] computation placer already registered. Please check linkage and avoid linking the same target more than once.
W0000 00:00:1789137787.713998      39 computation_placer.cc:177] computation placer already registered. Please check linkage and avoid linking the same target more than once.
W0000 00:00:1789137787.713999      41 computation_placer.cc:177] computation placer already registered. Please check linkage and avoid linking the same target more than once.
W0000 00:00:1789137787.713999      40 computation_placer.cc:177] computation placer already registered. Please check linkage and avoid linking the same target more than once.
W0000 00:00:1789137787.714000      39 computation_placer.cc:177] computation placer already registered. Please check linkage and avoid linking the same target more than once.
W0000 00:00:1789137787.714001      40 computation_placer.cc:177] computation placer already registered. Please check linkage and avoid linking the same target more than once.
W0000 00:00:1789137787.714002      39 computation_placer.cc:177] computation placer already registered. Please check linkage and avoid linking the same target more than once.
W0000 00:00:1789137787.714003      40 computation_placer.cc:177] computation placer already registered. Please check linkage and avoid linking the same target more than once.
W0000 00:00:1789137793.221241      41 gpu_device.cc:2341] Cannot dlopen some GPU libraries. Please make sure the missing libraries mentioned above are installed properly if you would like to use GPU. Follow the guide at https://www.tensorflow.org/install/gpu for how to download and setup the required libraries for your platform.
Skipping registering GPU devices...
W0000 00:00:1789137793.297709      40 gpu_device.cc:2341] Cannot dlopen some GPU libraries. Please make sure the missing libraries mentioned above are installed properly if you would like to use GPU. Follow the guide at https://www.tensorflow.org/install/gpu for how to download and setup the required libraries for your platform.
Skipping registering GPU devices...
W0000 00:00:1789137793.390258      38 gpu_device.cc:2341] Cannot dlopen some GPU libraries. Please make sure the missing libraries mentioned above are installed properly if you would like to use GPU. Follow the guide at https://www.tensorflow.org/install/gpu for how to download and setup the required libraries for your platform.
Skipping registering GPU devices...
W0000 00:00:1789137793.656871      39 gpu_device.cc:2341] Cannot dlopen some GPU libraries. Please make sure the missing libraries mentioned above are installed properly if you would like to use GPU. Follow the guide at https://www.tensorflow.org/install/gpu for how to download and setup the required libraries for your platform.
Skipping registering GPU devices...
/usr/local/lib/python3.11/site-packages/torch/__init__.py:1617: UserWarning: Please use the new API settings to control TF32 behavior, such as torch.backends.cudnn.conv.fp32_precision = 'tf32' or torch.backends.cuda.matmul.fp32_precision = 'ieee'. Old settings, e.g, torch.backends.cuda.matmul.allow_tf32 = True, torch.backends.cudnn.allow_tf32 = True, allowTF32CuDNN() and allowTF32CuBLAS() will be deprecated after Pytorch 2.9. Please see https://pytorch.org/docs/main/notes/cuda.html#tensorfloat-32-tf32-on-ampere-and-later-devices (Triggered internally at /pytorch/aten/src/ATen/Context.cpp:80.)
  _C._set_float32_matmul_precision(precision)
/usr/local/lib/python3.11/site-packages/torch/__init__.py:1617: UserWarning: Please use the new API settings to control TF32 behavior, such as torch.backends.cudnn.conv.fp32_precision = 'tf32' or torch.backends.cuda.matmul.fp32_precision = 'ieee'. Old settings, e.g, torch.backends.cuda.matmul.allow_tf32 = True, torch.backends.cudnn.allow_tf32 = True, allowTF32CuDNN() and allowTF32CuBLAS() will be deprecated after Pytorch 2.9. Please see https://pytorch.org/docs/main/notes/cuda.html#tensorfloat-32-tf32-on-ampere-and-later-devices (Triggered internally at /pytorch/aten/src/ATen/Context.cpp:80.)
  _C._set_float32_matmul_precision(precision)
/usr/local/lib/python3.11/site-packages/torch/__init__.py:1617: UserWarning: Please use the new API settings to control TF32 behavior, such as torch.backends.cudnn.conv.fp32_precision = 'tf32' or torch.backends.cuda.matmul.fp32_precision = 'ieee'. Old settings, e.g, torch.backends.cuda.matmul.allow_tf32 = True, torch.backends.cudnn.allow_tf32 = True, allowTF32CuDNN() and allowTF32CuBLAS() will be deprecated after Pytorch 2.9. Please see https://pytorch.org/docs/main/notes/cuda.html#tensorfloat-32-tf32-on-ampere-and-later-devices (Triggered internally at /pytorch/aten/src/ATen/Context.cpp:80.)
  _C._set_float32_matmul_precision(precision)
/usr/local/lib/python3.11/site-packages/torch/__init__.py:1617: UserWarning: Please use the new API settings to control TF32 behavior, such as torch.backends.cudnn.conv.fp32_precision = 'tf32' or torch.backends.cuda.matmul.fp32_precision = 'ieee'. Old settings, e.g, torch.backends.cuda.matmul.allow_tf32 = True, torch.backends.cudnn.allow_tf32 = True, allowTF32CuDNN() and allowTF32CuBLAS() will be deprecated after Pytorch 2.9. Please see https://pytorch.org/docs/main/notes/cuda.html#tensorfloat-32-tf32-on-ampere-and-later-devices (Triggered internally at /pytorch/aten/src/ATen/Context.cpp:80.)
  _C._set_float32_matmul_precision(precision)
/usr/local/lib/python3.11/site-packages/pydantic/_internal/_generate_schema.py:2249: UnsupportedFieldAttributeWarning: The 'repr' attribute with value False was provided to the `Field()` function, which has no effect in the context it was used. 'repr' is field-specific metadata, and can only be attached to a model field using `Annotated` metadata or by assignment. This may have happened because an `Annotated` type alias using the `type` statement was used, or if the `Field()` function was attached to a single member of a union type.
  warnings.warn(
/usr/local/lib/python3.11/site-packages/pydantic/_internal/_generate_schema.py:2249: UnsupportedFieldAttributeWarning: The 'frozen' attribute with value True was provided to the `Field()` function, which has no effect in the context it was used. 'frozen' is field-specific metadata, and can only be attached to a model field using `Annotated` metadata or by assignment. This may have happened because an `Annotated` type alias using the `type` statement was used, or if the `Field()` function was attached to a single member of a union type.
  warnings.warn(
/usr/local/lib/python3.11/site-packages/pydantic/_internal/_generate_schema.py:2249: UnsupportedFieldAttributeWarning: The 'repr' attribute with value False was provided to the `Field()` function, which has no effect in the context it was used. 'repr' is field-specific metadata, and can only be attached to a model field using `Annotated` metadata or by assignment. This may have happened because an `Annotated` type alias using the `type` statement was used, or if the `Field()` function was attached to a single member of a union type.
  warnings.warn(
/usr/local/lib/python3.11/site-packages/pydantic/_internal/_generate_schema.py:2249: UnsupportedFieldAttributeWarning: The 'frozen' attribute with value True was provided to the `Field()` function, which has no effect in the context it was used. 'frozen' is field-specific metadata, and can only be attached to a model field using `Annotated` metadata or by assignment. This may have happened because an `Annotated` type alias using the `type` statement was used, or if the `Field()` function was attached to a single member of a union type.
  warnings.warn(
/usr/local/lib/python3.11/site-packages/pydantic/_internal/_generate_schema.py:2249: UnsupportedFieldAttributeWarning: The 'repr' attribute with value False was provided to the `Field()` function, which has no effect in the context it was used. 'repr' is field-specific metadata, and can only be attached to a model field using `Annotated` metadata or by assignment. This may have happened because an `Annotated` type alias using the `type` statement was used, or if the `Field()` function was attached to a single member of a union type.
  warnings.warn(
/usr/local/lib/python3.11/site-packages/pydantic/_internal/_generate_schema.py:2249: UnsupportedFieldAttributeWarning: The 'frozen' attribute with value True was provided to the `Field()` function, which has no effect in the context it was used. 'frozen' is field-specific metadata, and can only be attached to a model field using `Annotated` metadata or by assignment. This may have happened because an `Annotated` type alias using the `type` statement was used, or if the `Field()` function was attached to a single member of a union type.
  warnings.warn(
/usr/local/lib/python3.11/site-packages/pydantic/_internal/_generate_schema.py:2249: UnsupportedFieldAttributeWarning: The 'repr' attribute with value False was provided to the `Field()` function, which has no effect in the context it was used. 'repr' is field-specific metadata, and can only be attached to a model field using `Annotated` metadata or by assignment. This may have happened because an `Annotated` type alias using the `type` statement was used, or if the `Field()` function was attached to a single member of a union type.
  warnings.warn(
/usr/local/lib/python3.11/site-packages/pydantic/_internal/_generate_schema.py:2249: UnsupportedFieldAttributeWarning: The 'frozen' attribute with value True was provided to the `Field()` function, which has no effect in the context it was used. 'frozen' is field-specific metadata, and can only be attached to a model field using `Annotated` metadata or by assignment. This may have happened because an `Annotated` type alias using the `type` statement was used, or if the `Field()` function was attached to a single member of a union type.
  warnings.warn(
/usr/local/lib/python3.11/site-packages/torch/distributed/distributed_c10d.py:4876: UserWarning: barrier(): using the device under current context. You can specify `device_id` in `init_process_group` to mute this warning.
  warnings.warn(  # warn only once
[rank0]:[W911 14:43:15.264366144 ProcessGroupNCCL.cpp:5068] Guessing device ID based on global rank. This can cause a hang if rank to GPU mapping is heterogeneous. You can specify device_id in init_process_group()
I0911 14:43:16.419548 140066309203136 logger_utils.py:84] Creating experiment directory at /experiment_runs/submissions_a100/ademamix_golden/study_1/librispeech_conformer_pytorch.
I0911 14:43:16.419548 139939598574784 logger_utils.py:84] Creating experiment directory at /experiment_runs/submissions_a100/ademamix_golden/study_1/librispeech_conformer_pytorch.
I0911 14:43:16.419546 139885719721152 logger_utils.py:84] Creating experiment directory at /experiment_runs/submissions_a100/ademamix_golden/study_1/librispeech_conformer_pytorch.
I0911 14:43:16.419578 140540003882176 logger_utils.py:84] Creating experiment directory at /experiment_runs/submissions_a100/ademamix_golden/study_1/librispeech_conformer_pytorch.
I0911 14:43:16.480034 140540003882176 submission_runner.py:741] Creating directory at /experiment_runs/submissions_a100/ademamix_golden/study_1/librispeech_conformer_pytorch/trial_1.
I0911 14:43:16.728301 140540003882176 submission_runner.py:242] Initializing dataset.
I0911 14:43:16.728503 140540003882176 input_pipeline.py:19] Loading split = train-clean-100
I0911 14:43:16.775205 140540003882176 input_pipeline.py:19] Loading split = train-clean-360
I0911 14:43:17.021064 140540003882176 input_pipeline.py:19] Loading split = train-other-500
I0911 14:43:17.516072 140540003882176 submission_runner.py:251] Initializing model.
W0911 14:43:18.809744 139939598574784 submission_runner.py:273] These workloads cannot be fully compiled under current PyTorch version. Proceeding without `torch.compile`.
W0911 14:43:18.809983 139885719721152 submission_runner.py:273] These workloads cannot be fully compiled under current PyTorch version. Proceeding without `torch.compile`.
W0911 14:43:18.810470 140066309203136 submission_runner.py:273] These workloads cannot be fully compiled under current PyTorch version. Proceeding without `torch.compile`.
I0911 14:43:18.811690 140066309203136 logger_utils.py:283] Unable to record workload.train_mean information. Continuing without it.
I0911 14:43:18.811696 139885719721152 logger_utils.py:283] Unable to record workload.train_mean information. Continuing without it.
I0911 14:43:18.811705 139939598574784 logger_utils.py:283] Unable to record workload.train_mean information. Continuing without it.
I0911 14:43:18.811800 140066309203136 logger_utils.py:283] Unable to record workload.train_stddev information. Continuing without it.
I0911 14:43:18.811808 139885719721152 logger_utils.py:283] Unable to record workload.train_stddev information. Continuing without it.
I0911 14:43:18.811818 139939598574784 logger_utils.py:283] Unable to record workload.train_stddev information. Continuing without it.
W0911 14:43:18.812120 140540003882176 submission_runner.py:273] These workloads cannot be fully compiled under current PyTorch version. Proceeding without `torch.compile`.
I0911 14:43:18.812289 140540003882176 submission_runner.py:294] Initializing optimizer.
I0911 14:43:18.812940 140540003882176 submission_runner.py:299] Initializing metrics bundle.
I0911 14:43:18.813073 140540003882176 submission_runner.py:321] Initializing checkpoint and logger.
I0911 14:43:18.813454 140540003882176 submission_runner.py:344] Saving meta data to /experiment_runs/submissions_a100/ademamix_golden/study_1/librispeech_conformer_pytorch/trial_1/meta_data_0.json.
I0911 14:43:18.813645 140540003882176 logger_utils.py:283] Unable to record workload.train_mean information. Continuing without it.
I0911 14:43:18.813704 140540003882176 logger_utils.py:283] Unable to record workload.train_stddev information. Continuing without it.
I0911 14:43:19.087254 140540003882176 submission_runner.py:348] Saving flags to /experiment_runs/submissions_a100/ademamix_golden/study_1/librispeech_conformer_pytorch/trial_1/flags_0.json.
I0911 14:43:19.102441 140540003882176 submission_runner.py:359] Starting training loop.
/usr/local/lib/python3.11/multiprocessing/popen_fork.py:66: RuntimeWarning: os.fork() was called. os.fork() is incompatible with multithreaded code, and JAX is multithreaded, so this will likely lead to a deadlock.
  self.pid = os.fork()
/usr/local/lib/python3.11/multiprocessing/popen_fork.py:66: RuntimeWarning: os.fork() was called. os.fork() is incompatible with multithreaded code, and JAX is multithreaded, so this will likely lead to a deadlock.
  self.pid = os.fork()
/usr/local/lib/python3.11/multiprocessing/popen_fork.py:66: RuntimeWarning: os.fork() was called. os.fork() is incompatible with multithreaded code, and JAX is multithreaded, so this will likely lead to a deadlock.
  self.pid = os.fork()
/usr/local/lib/python3.11/multiprocessing/popen_fork.py:66: RuntimeWarning: os.fork() was called. os.fork() is incompatible with multithreaded code, and JAX is multithreaded, so this will likely lead to a deadlock.
  self.pid = os.fork()
I0911 14:43:30.022946 140521884321536 logging_writer.py:48] [0] global_step=0, grad_norm=0.5, loss=33.8528
I0911 14:43:30.066067 140540003882176 submission.py:307] 0) loss = 33.853, grad_norm = 0.500
I0911 14:43:30.874134 140540003882176 spec.py:333] Evaluating on the training split.
I0911 14:43:30.875125 140540003882176 input_pipeline.py:19] Loading split = train-clean-100
I0911 14:43:30.899729 140540003882176 input_pipeline.py:19] Loading split = train-clean-360
I0911 14:43:30.988670 140540003882176 input_pipeline.py:19] Loading split = train-other-500
/usr/local/lib/python3.11/site-packages/torch/distributed/distributed_c10d.py:4876: UserWarning: barrier(): using the device under current context. You can specify `device_id` in `init_process_group` to mute this warning.
  warnings.warn(  # warn only once
/usr/local/lib/python3.11/multiprocessing/popen_fork.py:66: RuntimeWarning: os.fork() was called. os.fork() is incompatible with multithreaded code, and JAX is multithreaded, so this will likely lead to a deadlock.
  self.pid = os.fork()
I0911 14:44:07.279702 140540003882176 spec.py:346] Evaluating on the validation split.
I0911 14:44:07.280881 140540003882176 input_pipeline.py:19] Loading split = dev-clean
I0911 14:44:07.299219 140540003882176 input_pipeline.py:19] Loading split = dev-other
I0911 14:44:26.913960 140540003882176 spec.py:363] Evaluating on the test split.
I0911 14:44:26.915099 140540003882176 input_pipeline.py:19] Loading split = test-clean
I0911 14:44:37.207069 140540003882176 submission_runner.py:516] Time since start: 78.10s, 	Step: 1, 	{'train/ctc_loss': 32.56430697422715, 'train/wer': 1.068215187960184, 'validation/ctc_loss': 31.449624522804903, 'validation/wer': 1.2736831941292908, 'validation/num_examples': 5348, 'test/ctc_loss': 31.58821859474805, 'test/wer': 1.2729876302480043, 'test/num_examples': 2472, 'score': 10.965123414993286, 'total_duration': 78.10448575019836, 'accumulated_submission_time': 10.965123414993286, 'accumulated_eval_time': 66.33343935012817, 'accumulated_logging_time': 0}
I0911 14:44:37.232124 140516691797760 logging_writer.py:48] [1] accumulated_eval_time=66.3334, accumulated_logging_time=0, accumulated_submission_time=10.9651, global_step=1, preemption_count=0, score=10.9651, test/ctc_loss=31.5882, test/num_examples=2472, test/wer=1.27299, total_duration=78.1045, train/ctc_loss=32.5643, train/wer=1.06822, validation/ctc_loss=31.4496, validation/num_examples=5348, validation/wer=1.27368
I0911 14:44:39.452311 140516683405056 logging_writer.py:48] [1] global_step=1, grad_norm=0.5, loss=33.2051
I0911 14:44:39.455451 140540003882176 submission.py:307] 1) loss = 33.205, grad_norm = 0.500
I0911 14:44:40.097607 140516691797760 logging_writer.py:48] [2] global_step=2, grad_norm=0.5, loss=33.7304
I0911 14:44:40.100639 140540003882176 submission.py:307] 2) loss = 33.730, grad_norm = 0.500
I0911 14:44:40.542782 140516683405056 logging_writer.py:48] [3] global_step=3, grad_norm=0.5, loss=33.8648
I0911 14:44:40.545655 140540003882176 submission.py:307] 3) loss = 33.865, grad_norm = 0.500
I0911 14:44:40.988027 140516691797760 logging_writer.py:48] [4] global_step=4, grad_norm=0.5, loss=33.2787
I0911 14:44:40.990854 140540003882176 submission.py:307] 4) loss = 33.279, grad_norm = 0.500
I0911 14:44:41.433395 140516683405056 logging_writer.py:48] [5] global_step=5, grad_norm=0.5, loss=33.5761
I0911 14:44:41.436182 140540003882176 submission.py:307] 5) loss = 33.576, grad_norm = 0.500
I0911 14:44:41.878760 140516691797760 logging_writer.py:48] [6] global_step=6, grad_norm=0.5, loss=33.6898
I0911 14:44:41.881637 140540003882176 submission.py:307] 6) loss = 33.690, grad_norm = 0.500
I0911 14:44:42.324148 140516683405056 logging_writer.py:48] [7] global_step=7, grad_norm=0.5, loss=32.6531
I0911 14:44:42.327098 140540003882176 submission.py:307] 7) loss = 32.653, grad_norm = 0.500
I0911 14:44:42.769805 140516691797760 logging_writer.py:48] [8] global_step=8, grad_norm=0.5, loss=33.0357
I0911 14:44:42.772622 140540003882176 submission.py:307] 8) loss = 33.036, grad_norm = 0.500
I0911 14:44:43.398108 140516683405056 logging_writer.py:48] [9] global_step=9, grad_norm=0.5, loss=32.6784
I0911 14:44:43.401068 140540003882176 submission.py:307] 9) loss = 32.678, grad_norm = 0.500
I0911 14:44:45.150708 140516691797760 logging_writer.py:48] [10] global_step=10, grad_norm=0.5, loss=32.6442
I0911 14:44:45.153657 140540003882176 submission.py:307] 10) loss = 32.644, grad_norm = 0.500
I0911 14:44:46.163589 140516683405056 logging_writer.py:48] [11] global_step=11, grad_norm=0.5, loss=32.7882
I0911 14:44:46.166472 140540003882176 submission.py:307] 11) loss = 32.788, grad_norm = 0.500
I0911 14:44:46.608059 140516691797760 logging_writer.py:48] [12] global_step=12, grad_norm=0.5, loss=33.0092
I0911 14:44:46.611155 140540003882176 submission.py:307] 12) loss = 33.009, grad_norm = 0.500
I0911 14:44:49.320827 140516683405056 logging_writer.py:48] [13] global_step=13, grad_norm=0.5, loss=32.5735
I0911 14:44:49.323742 140540003882176 submission.py:307] 13) loss = 32.573, grad_norm = 0.500
I0911 14:44:50.524338 140516691797760 logging_writer.py:48] [14] global_step=14, grad_norm=0.5, loss=32.4328
I0911 14:44:50.527200 140540003882176 submission.py:307] 14) loss = 32.433, grad_norm = 0.500
I0911 14:44:51.850344 140516683405056 logging_writer.py:48] [15] global_step=15, grad_norm=0.5, loss=31.5621
I0911 14:44:51.853179 140540003882176 submission.py:307] 15) loss = 31.562, grad_norm = 0.500
I0911 14:44:52.294881 140516691797760 logging_writer.py:48] [16] global_step=16, grad_norm=0.5, loss=31.9342
I0911 14:44:52.297738 140540003882176 submission.py:307] 16) loss = 31.934, grad_norm = 0.500
I0911 14:44:54.513264 140516683405056 logging_writer.py:48] [17] global_step=17, grad_norm=0.5, loss=31.3439
I0911 14:44:54.516099 140540003882176 submission.py:307] 17) loss = 31.344, grad_norm = 0.500
I0911 14:44:56.289686 140516691797760 logging_writer.py:48] [18] global_step=18, grad_norm=0.5, loss=30.9348
I0911 14:44:56.292630 140540003882176 submission.py:307] 18) loss = 30.935, grad_norm = 0.500
I0911 14:44:57.423506 140516683405056 logging_writer.py:48] [19] global_step=19, grad_norm=0.5, loss=29.9155
I0911 14:44:57.426354 140540003882176 submission.py:307] 19) loss = 29.916, grad_norm = 0.500
I0911 14:44:57.928551 140516691797760 logging_writer.py:48] [20] global_step=20, grad_norm=0.5, loss=28.527
I0911 14:44:57.931414 140540003882176 submission.py:307] 20) loss = 28.527, grad_norm = 0.500
I0911 14:44:59.854667 140516683405056 logging_writer.py:48] [21] global_step=21, grad_norm=0.5, loss=27.4096
I0911 14:44:59.857434 140540003882176 submission.py:307] 21) loss = 27.410, grad_norm = 0.500
I0911 14:45:02.134581 140516691797760 logging_writer.py:48] [22] global_step=22, grad_norm=0.5, loss=26.4012
I0911 14:45:02.137591 140540003882176 submission.py:307] 22) loss = 26.401, grad_norm = 0.500
I0911 14:45:02.725574 140516683405056 logging_writer.py:48] [23] global_step=23, grad_norm=0.5, loss=24.0774
I0911 14:45:02.728465 140540003882176 submission.py:307] 23) loss = 24.077, grad_norm = 0.500
I0911 14:45:03.255881 140516691797760 logging_writer.py:48] [24] global_step=24, grad_norm=0.5, loss=22.4814
I0911 14:45:03.258691 140540003882176 submission.py:307] 24) loss = 22.481, grad_norm = 0.500
I0911 14:45:05.573398 140516683405056 logging_writer.py:48] [25] global_step=25, grad_norm=0.5, loss=20.5337
I0911 14:45:05.576386 140540003882176 submission.py:307] 25) loss = 20.534, grad_norm = 0.500
I0911 14:45:08.071429 140516691797760 logging_writer.py:48] [26] global_step=26, grad_norm=0.5, loss=18.5169
I0911 14:45:08.074317 140540003882176 submission.py:307] 26) loss = 18.517, grad_norm = 0.500
I0911 14:45:08.516830 140516683405056 logging_writer.py:48] [27] global_step=27, grad_norm=0.5, loss=16.5803
I0911 14:45:08.519644 140540003882176 submission.py:307] 27) loss = 16.580, grad_norm = 0.500
I0911 14:45:08.961910 140516691797760 logging_writer.py:48] [28] global_step=28, grad_norm=0.5, loss=14.5444
I0911 14:45:08.964812 140540003882176 submission.py:307] 28) loss = 14.544, grad_norm = 0.500
I0911 14:45:11.286096 140516683405056 logging_writer.py:48] [29] global_step=29, grad_norm=0.5, loss=12.656
I0911 14:45:11.288875 140540003882176 submission.py:307] 29) loss = 12.656, grad_norm = 0.500
I0911 14:45:13.516465 140516691797760 logging_writer.py:48] [30] global_step=30, grad_norm=0.5, loss=11.0136
I0911 14:45:13.519319 140540003882176 submission.py:307] 30) loss = 11.014, grad_norm = 0.500
I0911 14:45:13.961588 140516683405056 logging_writer.py:48] [31] global_step=31, grad_norm=0.5, loss=9.64463
I0911 14:45:13.964413 140540003882176 submission.py:307] 31) loss = 9.645, grad_norm = 0.500
I0911 14:45:14.406533 140516691797760 logging_writer.py:48] [32] global_step=32, grad_norm=0.5, loss=8.5662
I0911 14:45:14.409355 140540003882176 submission.py:307] 32) loss = 8.566, grad_norm = 0.500
I0911 14:45:16.767007 140516683405056 logging_writer.py:48] [33] global_step=33, grad_norm=0.5, loss=7.82868
I0911 14:45:16.769891 140540003882176 submission.py:307] 33) loss = 7.829, grad_norm = 0.500
I0911 14:45:19.074110 140516691797760 logging_writer.py:48] [34] global_step=34, grad_norm=0.5, loss=7.37142
I0911 14:45:19.077074 140540003882176 submission.py:307] 34) loss = 7.371, grad_norm = 0.500
I0911 14:45:19.520035 140516683405056 logging_writer.py:48] [35] global_step=35, grad_norm=0.5, loss=7.18609
I0911 14:45:19.522866 140540003882176 submission.py:307] 35) loss = 7.186, grad_norm = 0.500
I0911 14:45:19.964919 140516691797760 logging_writer.py:48] [36] global_step=36, grad_norm=0.5, loss=7.18443
I0911 14:45:19.967854 140540003882176 submission.py:307] 36) loss = 7.184, grad_norm = 0.500
I0911 14:45:21.710716 140516683405056 logging_writer.py:48] [37] global_step=37, grad_norm=0.5, loss=7.25404
I0911 14:45:21.713713 140540003882176 submission.py:307] 37) loss = 7.254, grad_norm = 0.500
I0911 14:45:24.439288 140516691797760 logging_writer.py:48] [38] global_step=38, grad_norm=0.5, loss=7.28419
I0911 14:45:24.447397 140540003882176 submission.py:307] 38) loss = 7.284, grad_norm = 0.500
I0911 14:45:24.890188 140516683405056 logging_writer.py:48] [39] global_step=39, grad_norm=0.5, loss=7.26474
I0911 14:45:24.893086 140540003882176 submission.py:307] 39) loss = 7.265, grad_norm = 0.500
I0911 14:45:25.335789 140516691797760 logging_writer.py:48] [40] global_step=40, grad_norm=0.5, loss=7.19829
I0911 14:45:25.338618 140540003882176 submission.py:307] 40) loss = 7.198, grad_norm = 0.500
I0911 14:45:26.956492 140516683405056 logging_writer.py:48] [41] global_step=41, grad_norm=0.5, loss=7.10598
I0911 14:45:26.959319 140540003882176 submission.py:307] 41) loss = 7.106, grad_norm = 0.500
I0911 14:45:29.958542 140516691797760 logging_writer.py:48] [42] global_step=42, grad_norm=0.5, loss=7.02456
I0911 14:45:29.961484 140540003882176 submission.py:307] 42) loss = 7.025, grad_norm = 0.500
I0911 14:45:30.415607 140516683405056 logging_writer.py:48] [43] global_step=43, grad_norm=0.5, loss=6.98174
I0911 14:45:30.418611 140540003882176 submission.py:307] 43) loss = 6.982, grad_norm = 0.500
I0911 14:45:30.861202 140516691797760 logging_writer.py:48] [44] global_step=44, grad_norm=0.5, loss=6.97104
I0911 14:45:30.864123 140540003882176 submission.py:307] 44) loss = 6.971, grad_norm = 0.500
I0911 14:45:32.518859 140516683405056 logging_writer.py:48] [45] global_step=45, grad_norm=0.5, loss=6.95665
I0911 14:45:32.521776 140540003882176 submission.py:307] 45) loss = 6.957, grad_norm = 0.500
I0911 14:45:35.598009 140516691797760 logging_writer.py:48] [46] global_step=46, grad_norm=0.5, loss=6.9048
I0911 14:45:35.600893 140540003882176 submission.py:307] 46) loss = 6.905, grad_norm = 0.500
I0911 14:45:36.043850 140516683405056 logging_writer.py:48] [47] global_step=47, grad_norm=0.5, loss=6.87298
I0911 14:45:36.046721 140540003882176 submission.py:307] 47) loss = 6.873, grad_norm = 0.500
I0911 14:45:36.490080 140516691797760 logging_writer.py:48] [48] global_step=48, grad_norm=0.5, loss=6.81049
I0911 14:45:36.492909 140540003882176 submission.py:307] 48) loss = 6.810, grad_norm = 0.500
I0911 14:45:38.265063 140516683405056 logging_writer.py:48] [49] global_step=49, grad_norm=0.5, loss=6.78761
I0911 14:45:38.267902 140540003882176 submission.py:307] 49) loss = 6.788, grad_norm = 0.500
I0911 14:45:40.958902 140516691797760 logging_writer.py:48] [50] global_step=50, grad_norm=0.5, loss=6.75703
I0911 14:45:40.962050 140540003882176 submission.py:307] 50) loss = 6.757, grad_norm = 0.500
I0911 14:45:41.404890 140516683405056 logging_writer.py:48] [51] global_step=51, grad_norm=0.5, loss=6.6878
I0911 14:45:41.407818 140540003882176 submission.py:307] 51) loss = 6.688, grad_norm = 0.500
I0911 14:45:41.849946 140516691797760 logging_writer.py:48] [52] global_step=52, grad_norm=0.5, loss=6.66775
I0911 14:45:41.852819 140540003882176 submission.py:307] 52) loss = 6.668, grad_norm = 0.500
I0911 14:45:43.880330 140516683405056 logging_writer.py:48] [53] global_step=53, grad_norm=0.5, loss=6.65202
I0911 14:45:43.883287 140540003882176 submission.py:307] 53) loss = 6.652, grad_norm = 0.500
I0911 14:45:46.082314 140516691797760 logging_writer.py:48] [54] global_step=54, grad_norm=0.5, loss=6.61864
I0911 14:45:46.085151 140540003882176 submission.py:307] 54) loss = 6.619, grad_norm = 0.500
I0911 14:45:46.527270 140516683405056 logging_writer.py:48] [55] global_step=55, grad_norm=0.5, loss=6.578
I0911 14:45:46.530190 140540003882176 submission.py:307] 55) loss = 6.578, grad_norm = 0.500
I0911 14:45:47.173365 140516691797760 logging_writer.py:48] [56] global_step=56, grad_norm=0.5, loss=6.54822
I0911 14:45:47.176227 140540003882176 submission.py:307] 56) loss = 6.548, grad_norm = 0.500
I0911 14:45:49.453278 140516683405056 logging_writer.py:48] [57] global_step=57, grad_norm=0.5, loss=6.52059
I0911 14:45:49.456213 140540003882176 submission.py:307] 57) loss = 6.521, grad_norm = 0.500
I0911 14:45:51.442829 140516691797760 logging_writer.py:48] [58] global_step=58, grad_norm=0.5, loss=6.48128
I0911 14:45:51.445826 140540003882176 submission.py:307] 58) loss = 6.481, grad_norm = 0.500
I0911 14:45:51.888803 140516683405056 logging_writer.py:48] [59] global_step=59, grad_norm=0.5, loss=6.46436
I0911 14:45:51.891653 140540003882176 submission.py:307] 59) loss = 6.464, grad_norm = 0.500
I0911 14:45:52.654526 140516691797760 logging_writer.py:48] [60] global_step=60, grad_norm=0.5, loss=6.44828
I0911 14:45:52.657330 140540003882176 submission.py:307] 60) loss = 6.448, grad_norm = 0.500
I0911 14:45:55.264158 140516683405056 logging_writer.py:48] [61] global_step=61, grad_norm=0.5, loss=6.41875
I0911 14:45:55.267005 140540003882176 submission.py:307] 61) loss = 6.419, grad_norm = 0.500
I0911 14:45:56.798179 140516691797760 logging_writer.py:48] [62] global_step=62, grad_norm=0.5, loss=6.39103
I0911 14:45:56.801114 140540003882176 submission.py:307] 62) loss = 6.391, grad_norm = 0.500
I0911 14:45:57.369265 140516683405056 logging_writer.py:48] [63] global_step=63, grad_norm=0.5, loss=6.35958
I0911 14:45:57.372071 140540003882176 submission.py:307] 63) loss = 6.360, grad_norm = 0.500
I0911 14:45:58.162160 140516691797760 logging_writer.py:48] [64] global_step=64, grad_norm=0.5, loss=6.33572
I0911 14:45:58.165148 140540003882176 submission.py:307] 64) loss = 6.336, grad_norm = 0.500
I0911 14:46:00.865971 140516683405056 logging_writer.py:48] [65] global_step=65, grad_norm=0.5, loss=6.33765
I0911 14:46:00.868820 140540003882176 submission.py:307] 65) loss = 6.338, grad_norm = 0.500
I0911 14:46:02.554046 140516691797760 logging_writer.py:48] [66] global_step=66, grad_norm=0.5, loss=6.30197
I0911 14:46:02.556909 140540003882176 submission.py:307] 66) loss = 6.302, grad_norm = 0.500
I0911 14:46:02.999546 140516683405056 logging_writer.py:48] [67] global_step=67, grad_norm=0.5, loss=6.27609
I0911 14:46:03.002450 140540003882176 submission.py:307] 67) loss = 6.276, grad_norm = 0.500
I0911 14:46:03.865470 140516691797760 logging_writer.py:48] [68] global_step=68, grad_norm=0.5, loss=6.28132
I0911 14:46:03.868366 140540003882176 submission.py:307] 68) loss = 6.281, grad_norm = 0.500
I0911 14:46:05.977698 140516683405056 logging_writer.py:48] [69] global_step=69, grad_norm=0.5, loss=6.27631
I0911 14:46:05.980573 140540003882176 submission.py:307] 69) loss = 6.276, grad_norm = 0.500
I0911 14:46:07.869754 140516691797760 logging_writer.py:48] [70] global_step=70, grad_norm=0.5, loss=6.23777
I0911 14:46:07.872571 140540003882176 submission.py:307] 70) loss = 6.238, grad_norm = 0.500
I0911 14:46:08.315573 140516683405056 logging_writer.py:48] [71] global_step=71, grad_norm=0.5, loss=6.23944
I0911 14:46:08.318447 140540003882176 submission.py:307] 71) loss = 6.239, grad_norm = 0.500
I0911 14:46:09.725435 140516691797760 logging_writer.py:48] [72] global_step=72, grad_norm=0.5, loss=6.20528
I0911 14:46:09.728291 140540003882176 submission.py:307] 72) loss = 6.205, grad_norm = 0.500
I0911 14:46:11.469727 140516683405056 logging_writer.py:48] [73] global_step=73, grad_norm=0.5, loss=6.20009
I0911 14:46:11.472634 140540003882176 submission.py:307] 73) loss = 6.200, grad_norm = 0.500
I0911 14:46:13.311546 140516691797760 logging_writer.py:48] [74] global_step=74, grad_norm=0.5, loss=6.2027
I0911 14:46:13.314416 140540003882176 submission.py:307] 74) loss = 6.203, grad_norm = 0.500
I0911 14:46:13.757054 140516683405056 logging_writer.py:48] [75] global_step=75, grad_norm=0.5, loss=6.18128
I0911 14:46:13.759939 140540003882176 submission.py:307] 75) loss = 6.181, grad_norm = 0.500
I0911 14:46:15.442296 140516691797760 logging_writer.py:48] [76] global_step=76, grad_norm=0.5, loss=6.17227
I0911 14:46:15.445213 140540003882176 submission.py:307] 76) loss = 6.172, grad_norm = 0.500
I0911 14:46:16.742163 140516683405056 logging_writer.py:48] [77] global_step=77, grad_norm=0.5, loss=6.15774
I0911 14:46:16.744988 140540003882176 submission.py:307] 77) loss = 6.158, grad_norm = 0.500
I0911 14:46:19.418347 140516691797760 logging_writer.py:48] [78] global_step=78, grad_norm=0.5, loss=6.15941
I0911 14:46:19.421213 140540003882176 submission.py:307] 78) loss = 6.159, grad_norm = 0.500
I0911 14:46:19.864478 140516683405056 logging_writer.py:48] [79] global_step=79, grad_norm=0.5, loss=6.15644
I0911 14:46:19.867412 140540003882176 submission.py:307] 79) loss = 6.156, grad_norm = 0.500
I0911 14:46:20.843907 140516691797760 logging_writer.py:48] [80] global_step=80, grad_norm=0.5, loss=6.13468
I0911 14:46:20.846813 140540003882176 submission.py:307] 80) loss = 6.135, grad_norm = 0.500
I0911 14:46:22.040347 140516683405056 logging_writer.py:48] [81] global_step=81, grad_norm=0.5, loss=6.11274
I0911 14:46:22.043166 140540003882176 submission.py:307] 81) loss = 6.113, grad_norm = 0.500
I0911 14:46:24.575010 140516691797760 logging_writer.py:48] [82] global_step=82, grad_norm=0.499999, loss=6.10201
I0911 14:46:24.578021 140540003882176 submission.py:307] 82) loss = 6.102, grad_norm = 0.500
I0911 14:46:25.021364 140516683405056 logging_writer.py:48] [83] global_step=83, grad_norm=0.5, loss=6.11788
I0911 14:46:25.024229 140540003882176 submission.py:307] 83) loss = 6.118, grad_norm = 0.500
I0911 14:46:26.107533 140516691797760 logging_writer.py:48] [84] global_step=84, grad_norm=0.5, loss=6.10421
I0911 14:46:26.110386 140540003882176 submission.py:307] 84) loss = 6.104, grad_norm = 0.500
I0911 14:46:27.406777 140516683405056 logging_writer.py:48] [85] global_step=85, grad_norm=0.5, loss=6.06445
I0911 14:46:27.409586 140540003882176 submission.py:307] 85) loss = 6.064, grad_norm = 0.500
I0911 14:46:29.989861 140516691797760 logging_writer.py:48] [86] global_step=86, grad_norm=0.5, loss=6.07449
I0911 14:46:29.992697 140540003882176 submission.py:307] 86) loss = 6.074, grad_norm = 0.500
I0911 14:46:30.435659 140516683405056 logging_writer.py:48] [87] global_step=87, grad_norm=0.5, loss=6.05189
I0911 14:46:30.438713 140540003882176 submission.py:307] 87) loss = 6.052, grad_norm = 0.500
I0911 14:46:31.409496 140516691797760 logging_writer.py:48] [88] global_step=88, grad_norm=0.5, loss=6.06839
I0911 14:46:31.412393 140540003882176 submission.py:307] 88) loss = 6.068, grad_norm = 0.500
I0911 14:46:32.596609 140516683405056 logging_writer.py:48] [89] global_step=89, grad_norm=0.5, loss=6.06728
I0911 14:46:32.599700 140540003882176 submission.py:307] 89) loss = 6.067, grad_norm = 0.500
I0911 14:46:36.072573 140516691797760 logging_writer.py:48] [90] global_step=90, grad_norm=0.5, loss=6.03502
I0911 14:46:36.075451 140540003882176 submission.py:307] 90) loss = 6.035, grad_norm = 0.500
I0911 14:46:36.519244 140516683405056 logging_writer.py:48] [91] global_step=91, grad_norm=0.5, loss=6.04821
I0911 14:46:36.522216 140540003882176 submission.py:307] 91) loss = 6.048, grad_norm = 0.500
I0911 14:46:37.171119 140516691797760 logging_writer.py:48] [92] global_step=92, grad_norm=0.5, loss=6.03251
I0911 14:46:37.174057 140540003882176 submission.py:307] 92) loss = 6.033, grad_norm = 0.500
I0911 14:46:37.777921 140516683405056 logging_writer.py:48] [93] global_step=93, grad_norm=0.5, loss=6.01521
I0911 14:46:37.780841 140540003882176 submission.py:307] 93) loss = 6.015, grad_norm = 0.500
I0911 14:46:41.545966 140516691797760 logging_writer.py:48] [94] global_step=94, grad_norm=0.5, loss=6.00538
I0911 14:46:41.548778 140540003882176 submission.py:307] 94) loss = 6.005, grad_norm = 0.500
I0911 14:46:41.992660 140516683405056 logging_writer.py:48] [95] global_step=95, grad_norm=0.5, loss=6.02245
I0911 14:46:41.995749 140540003882176 submission.py:307] 95) loss = 6.022, grad_norm = 0.500
I0911 14:46:42.758183 140516691797760 logging_writer.py:48] [96] global_step=96, grad_norm=0.5, loss=6.01979
I0911 14:46:42.761010 140540003882176 submission.py:307] 96) loss = 6.020, grad_norm = 0.500
I0911 14:46:43.203841 140516683405056 logging_writer.py:48] [97] global_step=97, grad_norm=0.5, loss=5.98432
I0911 14:46:43.206703 140540003882176 submission.py:307] 97) loss = 5.984, grad_norm = 0.500
I0911 14:46:47.196048 140516691797760 logging_writer.py:48] [98] global_step=98, grad_norm=0.5, loss=5.98571
I0911 14:46:47.198909 140540003882176 submission.py:307] 98) loss = 5.986, grad_norm = 0.500
I0911 14:46:47.643212 140516683405056 logging_writer.py:48] [99] global_step=99, grad_norm=0.5, loss=5.99313
I0911 14:46:47.646195 140540003882176 submission.py:307] 99) loss = 5.993, grad_norm = 0.500
I0911 14:46:48.089247 140516691797760 logging_writer.py:48] [100] global_step=100, grad_norm=0.5, loss=5.99319
I0911 14:46:48.092200 140540003882176 submission.py:307] 100) loss = 5.993, grad_norm = 0.500
I0911 14:55:56.251420 140516683405056 logging_writer.py:48] [500] global_step=500, grad_norm=0.5, loss=5.73399
I0911 14:55:56.254718 140540003882176 submission.py:307] 500) loss = 5.734, grad_norm = 0.500
I0911 15:07:32.166811 140516691797760 logging_writer.py:48] [1000] global_step=1000, grad_norm=0.499999, loss=3.46954
I0911 15:07:32.170408 140540003882176 submission.py:307] 1000) loss = 3.470, grad_norm = 0.500
/usr/local/lib/python3.11/multiprocessing/popen_fork.py:66: RuntimeWarning: os.fork() was called. os.fork() is incompatible with multithreaded code, and JAX is multithreaded, so this will likely lead to a deadlock.
  self.pid = os.fork()
I0911 15:12:16.214250 140516691797760 logging_writer.py:48] [1500] global_step=1500, grad_norm=0.499999, loss=2.75357
I0911 15:12:16.221578 140540003882176 submission.py:307] 1500) loss = 2.754, grad_norm = 0.500
I0911 15:13:45.491310 140540003882176 spec.py:333] Evaluating on the training split.
/usr/local/lib/python3.11/site-packages/torch/distributed/distributed_c10d.py:4876: UserWarning: barrier(): using the device under current context. You can specify `device_id` in `init_process_group` to mute this warning.
  warnings.warn(  # warn only once
/usr/local/lib/python3.11/multiprocessing/popen_fork.py:66: RuntimeWarning: os.fork() was called. os.fork() is incompatible with multithreaded code, and JAX is multithreaded, so this will likely lead to a deadlock.
  self.pid = os.fork()
I0911 15:13:59.769816 140540003882176 spec.py:346] Evaluating on the validation split.
I0911 15:14:19.671837 140540003882176 spec.py:363] Evaluating on the test split.
I0911 15:14:29.989682 140540003882176 submission_runner.py:516] Time since start: 1870.89s, 	Step: 1616, 	{'train/ctc_loss': 4.018316224717581, 'train/wer': 0.765940448686114, 'validation/ctc_loss': 4.212096738748242, 'validation/wer': 0.7391976053686091, 'validation/num_examples': 5348, 'test/ctc_loss': 3.992824133815085, 'test/wer': 0.7336542562915118, 'test/num_examples': 2472, 'score': 1757.0212490558624, 'total_duration': 1870.887146472931, 'accumulated_submission_time': 1757.0212490558624, 'accumulated_eval_time': 110.83208703994751, 'accumulated_logging_time': 0.03430986404418945}
I0911 15:14:30.019547 140516691797760 logging_writer.py:48] [1616] accumulated_eval_time=110.832, accumulated_logging_time=0.0343099, accumulated_submission_time=1757.02, global_step=1616, preemption_count=0, score=1757.02, test/ctc_loss=3.99282, test/num_examples=2472, test/wer=0.733654, total_duration=1870.89, train/ctc_loss=4.01832, train/wer=0.76594, validation/ctc_loss=4.2121, validation/num_examples=5348, validation/wer=0.739198
I0911 15:22:40.504012 140516683405056 logging_writer.py:48] [2000] global_step=2000, grad_norm=0.499999, loss=2.30621
I0911 15:22:40.507756 140540003882176 submission.py:307] 2000) loss = 2.306, grad_norm = 0.500
/usr/local/lib/python3.11/multiprocessing/popen_fork.py:66: RuntimeWarning: os.fork() was called. os.fork() is incompatible with multithreaded code, and JAX is multithreaded, so this will likely lead to a deadlock.
  self.pid = os.fork()
I0911 15:27:26.520194 140516691797760 logging_writer.py:48] [2500] global_step=2500, grad_norm=0.499999, loss=2.2095
I0911 15:27:26.526450 140540003882176 submission.py:307] 2500) loss = 2.210, grad_norm = 0.500
I0911 15:34:40.534228 140516683405056 logging_writer.py:48] [3000] global_step=3000, grad_norm=0.499999, loss=1.98994
I0911 15:34:40.537818 140540003882176 submission.py:307] 3000) loss = 1.990, grad_norm = 0.500
/usr/local/lib/python3.11/multiprocessing/popen_fork.py:66: RuntimeWarning: os.fork() was called. os.fork() is incompatible with multithreaded code, and JAX is multithreaded, so this will likely lead to a deadlock.
  self.pid = os.fork()
I0911 15:39:29.939304 140516691797760 logging_writer.py:48] [3500] global_step=3500, grad_norm=0.499999, loss=1.85125
I0911 15:39:29.946027 140540003882176 submission.py:307] 3500) loss = 1.851, grad_norm = 0.500
I0911 15:43:39.148920 140540003882176 spec.py:333] Evaluating on the training split.
/usr/local/lib/python3.11/site-packages/torch/distributed/distributed_c10d.py:4876: UserWarning: barrier(): using the device under current context. You can specify `device_id` in `init_process_group` to mute this warning.
  warnings.warn(  # warn only once
/usr/local/lib/python3.11/multiprocessing/popen_fork.py:66: RuntimeWarning: os.fork() was called. os.fork() is incompatible with multithreaded code, and JAX is multithreaded, so this will likely lead to a deadlock.
  self.pid = os.fork()
I0911 15:43:55.014656 140540003882176 spec.py:346] Evaluating on the validation split.
I0911 15:44:14.783841 140540003882176 spec.py:363] Evaluating on the test split.
I0911 15:44:24.990725 140540003882176 submission_runner.py:516] Time since start: 3665.89s, 	Step: 3833, 	{'train/ctc_loss': 0.7888560762362172, 'train/wer': 0.2638028199425647, 'validation/ctc_loss': 0.9988812796677216, 'validation/wer': 0.30181045720079175, 'validation/num_examples': 5348, 'test/ctc_loss': 0.7281453642170462, 'test/wer': 0.2421952755265777, 'test/num_examples': 2472, 'score': 3503.4649250507355, 'total_duration': 3665.88813328743, 'accumulated_submission_time': 3503.4649250507355, 'accumulated_eval_time': 156.67479920387268, 'accumulated_logging_time': 0.0733029842376709}
I0911 15:44:25.037490 140516691797760 logging_writer.py:48] [3833] accumulated_eval_time=156.675, accumulated_logging_time=0.073303, accumulated_submission_time=3503.46, global_step=3833, preemption_count=0, score=3503.46, test/ctc_loss=0.728145, test/num_examples=2472, test/wer=0.242195, total_duration=3665.89, train/ctc_loss=0.788856, train/wer=0.263803, validation/ctc_loss=0.998881, validation/num_examples=5348, validation/wer=0.30181
I0911 15:47:23.632865 140516683405056 logging_writer.py:48] [4000] global_step=4000, grad_norm=0.499999, loss=1.89868
I0911 15:47:23.636221 140540003882176 submission.py:307] 4000) loss = 1.899, grad_norm = 0.500
/usr/local/lib/python3.11/multiprocessing/popen_fork.py:66: RuntimeWarning: os.fork() was called. os.fork() is incompatible with multithreaded code, and JAX is multithreaded, so this will likely lead to a deadlock.
  self.pid = os.fork()
I0911 15:52:34.117488 140516691797760 logging_writer.py:48] [4500] global_step=4500, grad_norm=0.499999, loss=1.81688
I0911 15:52:34.130413 140540003882176 submission.py:307] 4500) loss = 1.817, grad_norm = 0.500
I0911 15:59:26.191369 140516683405056 logging_writer.py:48] [5000] global_step=5000, grad_norm=0.499999, loss=1.68535
I0911 15:59:26.195237 140540003882176 submission.py:307] 5000) loss = 1.685, grad_norm = 0.500
/usr/local/lib/python3.11/multiprocessing/popen_fork.py:66: RuntimeWarning: os.fork() was called. os.fork() is incompatible with multithreaded code, and JAX is multithreaded, so this will likely lead to a deadlock.
  self.pid = os.fork()
I0911 16:04:47.399941 140516691797760 logging_writer.py:48] [5500] global_step=5500, grad_norm=0.499999, loss=1.72244
I0911 16:04:47.407977 140540003882176 submission.py:307] 5500) loss = 1.722, grad_norm = 0.500
I0911 16:11:16.306460 140516683405056 logging_writer.py:48] [6000] global_step=6000, grad_norm=0.499999, loss=1.62225
I0911 16:11:16.310152 140540003882176 submission.py:307] 6000) loss = 1.622, grad_norm = 0.500
I0911 16:13:34.413354 140540003882176 spec.py:333] Evaluating on the training split.
/usr/local/lib/python3.11/site-packages/torch/distributed/distributed_c10d.py:4876: UserWarning: barrier(): using the device under current context. You can specify `device_id` in `init_process_group` to mute this warning.
  warnings.warn(  # warn only once
/usr/local/lib/python3.11/multiprocessing/popen_fork.py:66: RuntimeWarning: os.fork() was called. os.fork() is incompatible with multithreaded code, and JAX is multithreaded, so this will likely lead to a deadlock.
  self.pid = os.fork()
I0911 16:13:49.100694 140540003882176 spec.py:346] Evaluating on the validation split.
I0911 16:14:08.744936 140540003882176 spec.py:363] Evaluating on the test split.
I0911 16:14:18.959794 140540003882176 submission_runner.py:516] Time since start: 5459.86s, 	Step: 6123, 	{'train/ctc_loss': 0.4452975969018467, 'train/wer': 0.1541953663118347, 'validation/ctc_loss': 0.668249043255224, 'validation/wer': 0.2019601216627239, 'validation/num_examples': 5348, 'test/ctc_loss': 0.4199425920623911, 'test/wer': 0.14159202161152074, 'test/num_examples': 2472, 'score': 5250.175142049789, 'total_duration': 5459.857209920883, 'accumulated_submission_time': 5250.175142049789, 'accumulated_eval_time': 201.22112226486206, 'accumulated_logging_time': 0.12943315505981445}
I0911 16:14:19.062895 140516691797760 logging_writer.py:48] [6123] accumulated_eval_time=201.221, accumulated_logging_time=0.129433, accumulated_submission_time=5250.18, global_step=6123, preemption_count=0, score=5250.18, test/ctc_loss=0.419943, test/num_examples=2472, test/wer=0.141592, total_duration=5459.86, train/ctc_loss=0.445298, train/wer=0.154195, validation/ctc_loss=0.668249, validation/num_examples=5348, validation/wer=0.20196
/usr/local/lib/python3.11/multiprocessing/popen_fork.py:66: RuntimeWarning: os.fork() was called. os.fork() is incompatible with multithreaded code, and JAX is multithreaded, so this will likely lead to a deadlock.
  self.pid = os.fork()
I0911 16:17:41.798593 140516691797760 logging_writer.py:48] [6500] global_step=6500, grad_norm=0.499999, loss=1.58638
I0911 16:17:41.805332 140540003882176 submission.py:307] 6500) loss = 1.586, grad_norm = 0.500
I0911 16:24:01.460798 140516683405056 logging_writer.py:48] [7000] global_step=7000, grad_norm=0.499999, loss=1.58504
I0911 16:24:01.464400 140540003882176 submission.py:307] 7000) loss = 1.585, grad_norm = 0.500
/usr/local/lib/python3.11/multiprocessing/popen_fork.py:66: RuntimeWarning: os.fork() was called. os.fork() is incompatible with multithreaded code, and JAX is multithreaded, so this will likely lead to a deadlock.
  self.pid = os.fork()
I0911 16:29:59.672223 140516691797760 logging_writer.py:48] [7500] global_step=7500, grad_norm=0.499999, loss=1.59838
I0911 16:29:59.679201 140540003882176 submission.py:307] 7500) loss = 1.598, grad_norm = 0.500
I0911 16:35:50.696768 140516683405056 logging_writer.py:48] [8000] global_step=8000, grad_norm=0.499999, loss=1.52558
I0911 16:35:50.700461 140540003882176 submission.py:307] 8000) loss = 1.526, grad_norm = 0.500
/usr/local/lib/python3.11/multiprocessing/popen_fork.py:66: RuntimeWarning: os.fork() was called. os.fork() is incompatible with multithreaded code, and JAX is multithreaded, so this will likely lead to a deadlock.
  self.pid = os.fork()
I0911 16:42:14.127601 140516691797760 logging_writer.py:48] [8500] global_step=8500, grad_norm=0.499999, loss=1.45069
I0911 16:42:14.134162 140540003882176 submission.py:307] 8500) loss = 1.451, grad_norm = 0.500
I0911 16:43:27.248045 140540003882176 spec.py:333] Evaluating on the training split.
/usr/local/lib/python3.11/site-packages/torch/distributed/distributed_c10d.py:4876: UserWarning: barrier(): using the device under current context. You can specify `device_id` in `init_process_group` to mute this warning.
  warnings.warn(  # warn only once
/usr/local/lib/python3.11/multiprocessing/popen_fork.py:66: RuntimeWarning: os.fork() was called. os.fork() is incompatible with multithreaded code, and JAX is multithreaded, so this will likely lead to a deadlock.
  self.pid = os.fork()
I0911 16:43:41.351571 140540003882176 spec.py:346] Evaluating on the validation split.
I0911 16:44:01.256180 140540003882176 spec.py:363] Evaluating on the test split.
I0911 16:44:11.500095 140540003882176 submission_runner.py:516] Time since start: 7252.40s, 	Step: 8655, 	{'train/ctc_loss': 0.3602500813857133, 'train/wer': 0.12670308552674195, 'validation/ctc_loss': 0.5876604156463482, 'validation/wer': 0.1749336165693043, 'validation/num_examples': 5348, 'test/ctc_loss': 0.3605698855571327, 'test/wer': 0.12067109459102635, 'test/num_examples': 2472, 'score': 6995.479728221893, 'total_duration': 7252.397528409958, 'accumulated_submission_time': 6995.479728221893, 'accumulated_eval_time': 245.47307872772217, 'accumulated_logging_time': 0.24185848236083984}
I0911 16:44:11.584688 140516691797760 logging_writer.py:48] [8655] accumulated_eval_time=245.473, accumulated_logging_time=0.241858, accumulated_submission_time=6995.48, global_step=8655, preemption_count=0, score=6995.48, test/ctc_loss=0.36057, test/num_examples=2472, test/wer=0.120671, total_duration=7252.4, train/ctc_loss=0.36025, train/wer=0.126703, validation/ctc_loss=0.58766, validation/num_examples=5348, validation/wer=0.174934
I0911 16:48:40.993018 140516683405056 logging_writer.py:48] [9000] global_step=9000, grad_norm=0.499999, loss=1.49941
I0911 16:48:40.996702 140540003882176 submission.py:307] 9000) loss = 1.499, grad_norm = 0.500
/usr/local/lib/python3.11/multiprocessing/popen_fork.py:66: RuntimeWarning: os.fork() was called. os.fork() is incompatible with multithreaded code, and JAX is multithreaded, so this will likely lead to a deadlock.
  self.pid = os.fork()
I0911 16:55:17.914397 140516691797760 logging_writer.py:48] [9500] global_step=9500, grad_norm=0.499999, loss=1.55124
I0911 16:55:17.921329 140540003882176 submission.py:307] 9500) loss = 1.551, grad_norm = 0.500
I0911 17:00:33.500827 140516683405056 logging_writer.py:48] [10000] global_step=10000, grad_norm=0.499999, loss=1.44768
I0911 17:00:33.504632 140540003882176 submission.py:307] 10000) loss = 1.448, grad_norm = 0.500
/usr/local/lib/python3.11/multiprocessing/popen_fork.py:66: RuntimeWarning: os.fork() was called. os.fork() is incompatible with multithreaded code, and JAX is multithreaded, so this will likely lead to a deadlock.
  self.pid = os.fork()
I0911 17:07:26.340734 140516691797760 logging_writer.py:48] [10500] global_step=10500, grad_norm=0.499999, loss=1.44552
I0911 17:07:26.347709 140540003882176 submission.py:307] 10500) loss = 1.446, grad_norm = 0.500
I0911 17:12:25.450761 140516683405056 logging_writer.py:48] [11000] global_step=11000, grad_norm=0.499999, loss=1.47696
I0911 17:12:25.454396 140540003882176 submission.py:307] 11000) loss = 1.477, grad_norm = 0.500
I0911 17:13:20.634935 140540003882176 spec.py:333] Evaluating on the training split.
/usr/local/lib/python3.11/site-packages/torch/distributed/distributed_c10d.py:4876: UserWarning: barrier(): using the device under current context. You can specify `device_id` in `init_process_group` to mute this warning.
  warnings.warn(  # warn only once
/usr/local/lib/python3.11/multiprocessing/popen_fork.py:66: RuntimeWarning: os.fork() was called. os.fork() is incompatible with multithreaded code, and JAX is multithreaded, so this will likely lead to a deadlock.
  self.pid = os.fork()
I0911 17:13:35.883543 140540003882176 spec.py:346] Evaluating on the validation split.
I0911 17:13:55.516148 140540003882176 spec.py:363] Evaluating on the test split.
I0911 17:14:05.811078 140540003882176 submission_runner.py:516] Time since start: 9046.71s, 	Step: 11059, 	{'train/ctc_loss': 0.31485508586721234, 'train/wer': 0.11292185779370803, 'validation/ctc_loss': 0.53931664759456, 'validation/wer': 0.16072997634335925, 'validation/num_examples': 5348, 'test/ctc_loss': 0.3231082700900058, 'test/wer': 0.10789511100278269, 'test/num_examples': 2472, 'score': 8741.733561992645, 'total_duration': 9046.708485126495, 'accumulated_submission_time': 8741.733561992645, 'accumulated_eval_time': 290.6490111351013, 'accumulated_logging_time': 0.3359074592590332}
I0911 17:14:05.921581 140516691797760 logging_writer.py:48] [11059] accumulated_eval_time=290.649, accumulated_logging_time=0.335907, accumulated_submission_time=8741.73, global_step=11059, preemption_count=0, score=8741.73, test/ctc_loss=0.323108, test/num_examples=2472, test/wer=0.107895, total_duration=9046.71, train/ctc_loss=0.314855, train/wer=0.112922, validation/ctc_loss=0.539317, validation/num_examples=5348, validation/wer=0.16073
/usr/local/lib/python3.11/multiprocessing/popen_fork.py:66: RuntimeWarning: os.fork() was called. os.fork() is incompatible with multithreaded code, and JAX is multithreaded, so this will likely lead to a deadlock.
  self.pid = os.fork()
I0911 17:20:15.908475 140516691797760 logging_writer.py:48] [11500] global_step=11500, grad_norm=0.499999, loss=1.4429
I0911 17:20:15.915216 140540003882176 submission.py:307] 11500) loss = 1.443, grad_norm = 0.500
I0911 17:25:08.340472 140516683405056 logging_writer.py:48] [12000] global_step=12000, grad_norm=0.499999, loss=1.35634
I0911 17:25:08.344065 140540003882176 submission.py:307] 12000) loss = 1.356, grad_norm = 0.500
/usr/local/lib/python3.11/multiprocessing/popen_fork.py:66: RuntimeWarning: os.fork() was called. os.fork() is incompatible with multithreaded code, and JAX is multithreaded, so this will likely lead to a deadlock.
  self.pid = os.fork()
I0911 17:32:29.539991 140516691797760 logging_writer.py:48] [12500] global_step=12500, grad_norm=0.499999, loss=1.44118
I0911 17:32:29.546828 140540003882176 submission.py:307] 12500) loss = 1.441, grad_norm = 0.500
I0911 17:37:04.176364 140516683405056 logging_writer.py:48] [13000] global_step=13000, grad_norm=0.499999, loss=1.47589
I0911 17:37:04.180009 140540003882176 submission.py:307] 13000) loss = 1.476, grad_norm = 0.500
I0911 17:43:16.302345 140540003882176 spec.py:333] Evaluating on the training split.
/usr/local/lib/python3.11/site-packages/torch/distributed/distributed_c10d.py:4876: UserWarning: barrier(): using the device under current context. You can specify `device_id` in `init_process_group` to mute this warning.
  warnings.warn(  # warn only once
/usr/local/lib/python3.11/multiprocessing/popen_fork.py:66: RuntimeWarning: os.fork() was called. os.fork() is incompatible with multithreaded code, and JAX is multithreaded, so this will likely lead to a deadlock.
  self.pid = os.fork()
I0911 17:43:30.183891 140540003882176 spec.py:346] Evaluating on the validation split.
I0911 17:43:49.850051 140540003882176 spec.py:363] Evaluating on the test split.
I0911 17:44:00.215219 140540003882176 submission_runner.py:516] Time since start: 10841.11s, 	Step: 13355, 	{'train/ctc_loss': 0.28467586289995267, 'train/wer': 0.10354544080495758, 'validation/ctc_loss': 0.5182867067416366, 'validation/wer': 0.15474339786607444, 'validation/num_examples': 5348, 'test/ctc_loss': 0.3071018190689722, 'test/wer': 0.10257347713931712, 'test/num_examples': 2472, 'score': 10488.446098566055, 'total_duration': 10841.112599849701, 'accumulated_submission_time': 10488.446098566055, 'accumulated_eval_time': 334.5619010925293, 'accumulated_logging_time': 0.4564213752746582}
I0911 17:44:00.560699 140516691797760 logging_writer.py:48] [13355] accumulated_eval_time=334.562, accumulated_logging_time=0.456421, accumulated_submission_time=10488.4, global_step=13355, preemption_count=0, score=10488.4, test/ctc_loss=0.307102, test/num_examples=2472, test/wer=0.102573, total_duration=10841.1, train/ctc_loss=0.284676, train/wer=0.103545, validation/ctc_loss=0.518287, validation/num_examples=5348, validation/wer=0.154743
/usr/local/lib/python3.11/multiprocessing/popen_fork.py:66: RuntimeWarning: os.fork() was called. os.fork() is incompatible with multithreaded code, and JAX is multithreaded, so this will likely lead to a deadlock.
  self.pid = os.fork()
I0911 17:45:25.167405 140516691797760 logging_writer.py:48] [13500] global_step=13500, grad_norm=0.499999, loss=1.37811
I0911 17:45:25.174327 140540003882176 submission.py:307] 13500) loss = 1.378, grad_norm = 0.500
I0911 17:50:03.030983 140516683405056 logging_writer.py:48] [14000] global_step=14000, grad_norm=0.499999, loss=1.33047
I0911 17:50:03.034620 140540003882176 submission.py:307] 14000) loss = 1.330, grad_norm = 0.500
/usr/local/lib/python3.11/multiprocessing/popen_fork.py:66: RuntimeWarning: os.fork() was called. os.fork() is incompatible with multithreaded code, and JAX is multithreaded, so this will likely lead to a deadlock.
  self.pid = os.fork()
I0911 17:57:47.204151 140516691797760 logging_writer.py:48] [14500] global_step=14500, grad_norm=0.499999, loss=1.42513
I0911 17:57:47.211843 140540003882176 submission.py:307] 14500) loss = 1.425, grad_norm = 0.500
I0911 18:01:59.349476 140516683405056 logging_writer.py:48] [15000] global_step=15000, grad_norm=0.499999, loss=1.3908
I0911 18:01:59.353251 140540003882176 submission.py:307] 15000) loss = 1.391, grad_norm = 0.500
/usr/local/lib/python3.11/multiprocessing/popen_fork.py:66: RuntimeWarning: os.fork() was called. os.fork() is incompatible with multithreaded code, and JAX is multithreaded, so this will likely lead to a deadlock.
  self.pid = os.fork()
I0911 18:10:02.013175 140516691797760 logging_writer.py:48] [15500] global_step=15500, grad_norm=0.499999, loss=1.34453
I0911 18:10:02.020111 140540003882176 submission.py:307] 15500) loss = 1.345, grad_norm = 0.500
I0911 18:13:08.596125 140540003882176 spec.py:333] Evaluating on the training split.
/usr/local/lib/python3.11/site-packages/torch/distributed/distributed_c10d.py:4876: UserWarning: barrier(): using the device under current context. You can specify `device_id` in `init_process_group` to mute this warning.
  warnings.warn(  # warn only once
/usr/local/lib/python3.11/multiprocessing/popen_fork.py:66: RuntimeWarning: os.fork() was called. os.fork() is incompatible with multithreaded code, and JAX is multithreaded, so this will likely lead to a deadlock.
  self.pid = os.fork()
I0911 18:13:23.485177 140540003882176 spec.py:346] Evaluating on the validation split.
I0911 18:13:43.372640 140540003882176 spec.py:363] Evaluating on the test split.
I0911 18:13:53.617445 140540003882176 submission_runner.py:516] Time since start: 12634.51s, 	Step: 15907, 	{'train/ctc_loss': 0.257056379160184, 'train/wer': 0.09424459654956492, 'validation/ctc_loss': 0.49250747775705744, 'validation/wer': 0.14754019214985759, 'validation/num_examples': 5348, 'test/ctc_loss': 0.29026623189399314, 'test/wer': 0.09834866857595516, 'test/num_examples': 2472, 'score': 12233.473339557648, 'total_duration': 12634.514830112457, 'accumulated_submission_time': 12233.473339557648, 'accumulated_eval_time': 379.58304166793823, 'accumulated_logging_time': 0.8120191097259521}
I0911 18:13:53.787334 140516691797760 logging_writer.py:48] [15907] accumulated_eval_time=379.583, accumulated_logging_time=0.812019, accumulated_submission_time=12233.5, global_step=15907, preemption_count=0, score=12233.5, test/ctc_loss=0.290266, test/num_examples=2472, test/wer=0.0983487, total_duration=12634.5, train/ctc_loss=0.257056, train/wer=0.0942446, validation/ctc_loss=0.492507, validation/num_examples=5348, validation/wer=0.14754
I0911 18:14:55.492394 140516683405056 logging_writer.py:48] [16000] global_step=16000, grad_norm=0.499999, loss=1.42268
I0911 18:14:55.495928 140540003882176 submission.py:307] 16000) loss = 1.423, grad_norm = 0.500
/usr/local/lib/python3.11/multiprocessing/popen_fork.py:66: RuntimeWarning: os.fork() was called. os.fork() is incompatible with multithreaded code, and JAX is multithreaded, so this will likely lead to a deadlock.
  self.pid = os.fork()
I0911 18:23:01.405701 140516691797760 logging_writer.py:48] [16500] global_step=16500, grad_norm=0.499999, loss=1.35344
I0911 18:23:01.412752 140540003882176 submission.py:307] 16500) loss = 1.353, grad_norm = 0.500
I0911 18:26:57.859417 140516683405056 logging_writer.py:48] [17000] global_step=17000, grad_norm=0.499999, loss=1.31572
I0911 18:26:57.863276 140540003882176 submission.py:307] 17000) loss = 1.316, grad_norm = 0.500
I0911 18:35:03.338078 140516691797760 logging_writer.py:48] [17500] global_step=17500, grad_norm=0.499999, loss=1.3213
I0911 18:35:03.341898 140540003882176 submission.py:307] 17500) loss = 1.321, grad_norm = 0.500
/usr/local/lib/python3.11/multiprocessing/popen_fork.py:66: RuntimeWarning: os.fork() was called. os.fork() is incompatible with multithreaded code, and JAX is multithreaded, so this will likely lead to a deadlock.
  self.pid = os.fork()
I0911 18:39:01.309153 140516691797760 logging_writer.py:48] [18000] global_step=18000, grad_norm=0.499999, loss=1.32756
I0911 18:39:01.315555 140540003882176 submission.py:307] 18000) loss = 1.328, grad_norm = 0.500
I0911 18:43:03.999488 140540003882176 spec.py:333] Evaluating on the training split.
/usr/local/lib/python3.11/site-packages/torch/distributed/distributed_c10d.py:4876: UserWarning: barrier(): using the device under current context. You can specify `device_id` in `init_process_group` to mute this warning.
  warnings.warn(  # warn only once
/usr/local/lib/python3.11/multiprocessing/popen_fork.py:66: RuntimeWarning: os.fork() was called. os.fork() is incompatible with multithreaded code, and JAX is multithreaded, so this will likely lead to a deadlock.
  self.pid = os.fork()
I0911 18:43:19.473220 140540003882176 spec.py:346] Evaluating on the validation split.
I0911 18:43:39.140114 140540003882176 spec.py:363] Evaluating on the test split.
I0911 18:43:49.299387 140540003882176 submission_runner.py:516] Time since start: 14430.20s, 	Step: 18300, 	{'train/ctc_loss': 0.24254760535750525, 'train/wer': 0.08956988318614643, 'validation/ctc_loss': 0.47479960552918427, 'validation/wer': 0.14228745232462706, 'validation/num_examples': 5348, 'test/ctc_loss': 0.2783933640880057, 'test/wer': 0.0924786220624378, 'test/num_examples': 2472, 'score': 13980.496501922607, 'total_duration': 14430.19681930542, 'accumulated_submission_time': 13980.496501922607, 'accumulated_eval_time': 424.8829026222229, 'accumulated_logging_time': 0.9918942451477051}
I0911 18:43:49.598497 140516691797760 logging_writer.py:48] [18300] accumulated_eval_time=424.883, accumulated_logging_time=0.991894, accumulated_submission_time=13980.5, global_step=18300, preemption_count=0, score=13980.5, test/ctc_loss=0.278393, test/num_examples=2472, test/wer=0.0924786, total_duration=14430.2, train/ctc_loss=0.242548, train/wer=0.0895699, validation/ctc_loss=0.4748, validation/num_examples=5348, validation/wer=0.142287
I0911 18:47:27.601359 140516683405056 logging_writer.py:48] [18500] global_step=18500, grad_norm=0.499999, loss=1.31863
I0911 18:47:27.605091 140540003882176 submission.py:307] 18500) loss = 1.319, grad_norm = 0.500
/usr/local/lib/python3.11/multiprocessing/popen_fork.py:66: RuntimeWarning: os.fork() was called. os.fork() is incompatible with multithreaded code, and JAX is multithreaded, so this will likely lead to a deadlock.
  self.pid = os.fork()
I0911 18:51:50.268883 140516691797760 logging_writer.py:48] [19000] global_step=19000, grad_norm=0.499999, loss=1.29776
I0911 18:51:50.275223 140540003882176 submission.py:307] 19000) loss = 1.298, grad_norm = 0.500
I0911 18:59:21.406140 140516683405056 logging_writer.py:48] [19500] global_step=19500, grad_norm=0.461211, loss=1.28052
I0911 18:59:21.410103 140540003882176 submission.py:307] 19500) loss = 1.281, grad_norm = 0.461
/usr/local/lib/python3.11/multiprocessing/popen_fork.py:66: RuntimeWarning: os.fork() was called. os.fork() is incompatible with multithreaded code, and JAX is multithreaded, so this will likely lead to a deadlock.
  self.pid = os.fork()
I0911 19:03:55.670095 140516691797760 logging_writer.py:48] [20000] global_step=20000, grad_norm=0.499999, loss=1.27489
I0911 19:03:55.676738 140540003882176 submission.py:307] 20000) loss = 1.275, grad_norm = 0.500
I0911 19:11:14.385066 140516683405056 logging_writer.py:48] [20500] global_step=20500, grad_norm=0.499999, loss=1.35196
I0911 19:11:14.388815 140540003882176 submission.py:307] 20500) loss = 1.352, grad_norm = 0.500
I0911 19:12:59.368742 140540003882176 spec.py:333] Evaluating on the training split.
/usr/local/lib/python3.11/site-packages/torch/distributed/distributed_c10d.py:4876: UserWarning: barrier(): using the device under current context. You can specify `device_id` in `init_process_group` to mute this warning.
  warnings.warn(  # warn only once
/usr/local/lib/python3.11/multiprocessing/popen_fork.py:66: RuntimeWarning: os.fork() was called. os.fork() is incompatible with multithreaded code, and JAX is multithreaded, so this will likely lead to a deadlock.
  self.pid = os.fork()
I0911 19:13:13.827678 140540003882176 spec.py:346] Evaluating on the validation split.
I0911 19:13:33.882647 140540003882176 spec.py:363] Evaluating on the test split.
I0911 19:13:44.123497 140540003882176 submission_runner.py:516] Time since start: 16225.02s, 	Step: 20592, 	{'train/ctc_loss': 0.22380513617838058, 'train/wer': 0.08316239500788115, 'validation/ctc_loss': 0.45205096765433495, 'validation/wer': 0.1334234538695505, 'validation/num_examples': 5348, 'test/ctc_loss': 0.2681596897380476, 'test/wer': 0.08746166189344545, 'test/num_examples': 2472, 'score': 15726.650465726852, 'total_duration': 16225.020930051804, 'accumulated_submission_time': 15726.650465726852, 'accumulated_eval_time': 469.6380949020386, 'accumulated_logging_time': 1.3005595207214355}
I0911 19:13:44.282414 140516691797760 logging_writer.py:48] [20592] accumulated_eval_time=469.638, accumulated_logging_time=1.30056, accumulated_submission_time=15726.7, global_step=20592, preemption_count=0, score=15726.7, test/ctc_loss=0.26816, test/num_examples=2472, test/wer=0.0874617, total_duration=16225, train/ctc_loss=0.223805, train/wer=0.0831624, validation/ctc_loss=0.452051, validation/num_examples=5348, validation/wer=0.133423
/usr/local/lib/python3.11/multiprocessing/popen_fork.py:66: RuntimeWarning: os.fork() was called. os.fork() is incompatible with multithreaded code, and JAX is multithreaded, so this will likely lead to a deadlock.
  self.pid = os.fork()
I0911 19:16:54.355301 140516691797760 logging_writer.py:48] [21000] global_step=21000, grad_norm=0.499999, loss=1.374
I0911 19:16:54.361958 140540003882176 submission.py:307] 21000) loss = 1.374, grad_norm = 0.500
I0911 19:24:00.060292 140516683405056 logging_writer.py:48] [21500] global_step=21500, grad_norm=0.488106, loss=1.23421
I0911 19:24:00.064078 140540003882176 submission.py:307] 21500) loss = 1.234, grad_norm = 0.488
/usr/local/lib/python3.11/multiprocessing/popen_fork.py:66: RuntimeWarning: os.fork() was called. os.fork() is incompatible with multithreaded code, and JAX is multithreaded, so this will likely lead to a deadlock.
  self.pid = os.fork()
I0911 19:29:07.894409 140516691797760 logging_writer.py:48] [22000] global_step=22000, grad_norm=0.499999, loss=1.2677
I0911 19:29:07.901156 140540003882176 submission.py:307] 22000) loss = 1.268, grad_norm = 0.500
I0911 19:35:48.008638 140516683405056 logging_writer.py:48] [22500] global_step=22500, grad_norm=0.499999, loss=1.34188
I0911 19:35:48.012727 140540003882176 submission.py:307] 22500) loss = 1.342, grad_norm = 0.500
/usr/local/lib/python3.11/multiprocessing/popen_fork.py:66: RuntimeWarning: os.fork() was called. os.fork() is incompatible with multithreaded code, and JAX is multithreaded, so this will likely lead to a deadlock.
  self.pid = os.fork()
I0911 19:41:19.125346 140516691797760 logging_writer.py:48] [23000] global_step=23000, grad_norm=0.499999, loss=1.30297
I0911 19:41:19.133889 140540003882176 submission.py:307] 23000) loss = 1.303, grad_norm = 0.500
I0911 19:42:53.733566 140540003882176 spec.py:333] Evaluating on the training split.
/usr/local/lib/python3.11/site-packages/torch/distributed/distributed_c10d.py:4876: UserWarning: barrier(): using the device under current context. You can specify `device_id` in `init_process_group` to mute this warning.
  warnings.warn(  # warn only once
/usr/local/lib/python3.11/multiprocessing/popen_fork.py:66: RuntimeWarning: os.fork() was called. os.fork() is incompatible with multithreaded code, and JAX is multithreaded, so this will likely lead to a deadlock.
  self.pid = os.fork()
I0911 19:43:09.044112 140540003882176 spec.py:346] Evaluating on the validation split.
I0911 19:43:28.681866 140540003882176 spec.py:363] Evaluating on the test split.
I0911 19:43:38.889744 140540003882176 submission_runner.py:516] Time since start: 18019.79s, 	Step: 23169, 	{'train/ctc_loss': 0.21370617326489888, 'train/wer': 0.07796407056334075, 'validation/ctc_loss': 0.45444474269138035, 'validation/wer': 0.13255443441317047, 'validation/num_examples': 5348, 'test/ctc_loss': 0.26259806580263245, 'test/wer': 0.0869741839822883, 'test/num_examples': 2472, 'score': 17472.34481048584, 'total_duration': 18019.78716826439, 'accumulated_submission_time': 17472.34481048584, 'accumulated_eval_time': 514.7942316532135, 'accumulated_logging_time': 1.469043493270874}
I0911 19:43:39.240080 140516691797760 logging_writer.py:48] [23169] accumulated_eval_time=514.794, accumulated_logging_time=1.46904, accumulated_submission_time=17472.3, global_step=23169, preemption_count=0, score=17472.3, test/ctc_loss=0.262598, test/num_examples=2472, test/wer=0.0869742, total_duration=18019.8, train/ctc_loss=0.213706, train/wer=0.0779641, validation/ctc_loss=0.454445, validation/num_examples=5348, validation/wer=0.132554
I0911 19:48:31.951032 140516683405056 logging_writer.py:48] [23500] global_step=23500, grad_norm=0.499999, loss=1.30203
I0911 19:48:31.954765 140540003882176 submission.py:307] 23500) loss = 1.302, grad_norm = 0.500
/usr/local/lib/python3.11/multiprocessing/popen_fork.py:66: RuntimeWarning: os.fork() was called. os.fork() is incompatible with multithreaded code, and JAX is multithreaded, so this will likely lead to a deadlock.
  self.pid = os.fork()
I0911 19:54:16.626210 140516691797760 logging_writer.py:48] [24000] global_step=24000, grad_norm=0.422847, loss=1.25286
I0911 19:54:16.632886 140540003882176 submission.py:307] 24000) loss = 1.253, grad_norm = 0.423
I0911 20:00:13.851908 140516683405056 logging_writer.py:48] [24500] global_step=24500, grad_norm=0.499999, loss=1.24047
I0911 20:00:13.855665 140540003882176 submission.py:307] 24500) loss = 1.240, grad_norm = 0.500
/usr/local/lib/python3.11/multiprocessing/popen_fork.py:66: RuntimeWarning: os.fork() was called. os.fork() is incompatible with multithreaded code, and JAX is multithreaded, so this will likely lead to a deadlock.
  self.pid = os.fork()
I0911 20:06:19.189130 140516691797760 logging_writer.py:48] [25000] global_step=25000, grad_norm=0.499999, loss=1.27188
I0911 20:06:19.197629 140540003882176 submission.py:307] 25000) loss = 1.272, grad_norm = 0.500
I0911 20:11:58.614310 140516683405056 logging_writer.py:48] [25500] global_step=25500, grad_norm=0.499999, loss=1.19087
I0911 20:11:58.617935 140540003882176 submission.py:307] 25500) loss = 1.191, grad_norm = 0.500
I0911 20:12:47.787536 140540003882176 spec.py:333] Evaluating on the training split.
/usr/local/lib/python3.11/site-packages/torch/distributed/distributed_c10d.py:4876: UserWarning: barrier(): using the device under current context. You can specify `device_id` in `init_process_group` to mute this warning.
  warnings.warn(  # warn only once
/usr/local/lib/python3.11/multiprocessing/popen_fork.py:66: RuntimeWarning: os.fork() was called. os.fork() is incompatible with multithreaded code, and JAX is multithreaded, so this will likely lead to a deadlock.
  self.pid = os.fork()
I0911 20:13:04.080148 140540003882176 spec.py:346] Evaluating on the validation split.
I0911 20:13:23.828732 140540003882176 spec.py:363] Evaluating on the test split.
I0911 20:13:33.902662 140540003882176 submission_runner.py:516] Time since start: 19814.80s, 	Step: 25545, 	{'train/ctc_loss': 0.20123739314161537, 'train/wer': 0.07570768466737202, 'validation/ctc_loss': 0.4330134438730661, 'validation/wer': 0.12778448317481775, 'validation/num_examples': 5348, 'test/ctc_loss': 0.2519238136331376, 'test/wer': 0.08297280279487336, 'test/num_examples': 2472, 'score': 19217.717973709106, 'total_duration': 19814.8000998497, 'accumulated_submission_time': 19217.717973709106, 'accumulated_eval_time': 560.9092576503754, 'accumulated_logging_time': 1.8289296627044678}
I0911 20:13:34.132802 140516691797760 logging_writer.py:48] [25545] accumulated_eval_time=560.909, accumulated_logging_time=1.82893, accumulated_submission_time=19217.7, global_step=25545, preemption_count=0, score=19217.7, test/ctc_loss=0.251924, test/num_examples=2472, test/wer=0.0829728, total_duration=19814.8, train/ctc_loss=0.201237, train/wer=0.0757077, validation/ctc_loss=0.433013, validation/num_examples=5348, validation/wer=0.127784
/usr/local/lib/python3.11/multiprocessing/popen_fork.py:66: RuntimeWarning: os.fork() was called. os.fork() is incompatible with multithreaded code, and JAX is multithreaded, so this will likely lead to a deadlock.
  self.pid = os.fork()
I0911 20:19:07.540869 140516691797760 logging_writer.py:48] [26000] global_step=26000, grad_norm=0.498073, loss=1.26352
I0911 20:19:07.557080 140540003882176 submission.py:307] 26000) loss = 1.264, grad_norm = 0.498
I0911 20:24:41.224660 140516683405056 logging_writer.py:48] [26500] global_step=26500, grad_norm=0.499999, loss=1.2804
I0911 20:24:41.228431 140540003882176 submission.py:307] 26500) loss = 1.280, grad_norm = 0.500
/usr/local/lib/python3.11/multiprocessing/popen_fork.py:66: RuntimeWarning: os.fork() was called. os.fork() is incompatible with multithreaded code, and JAX is multithreaded, so this will likely lead to a deadlock.
  self.pid = os.fork()
I0911 20:31:23.545976 140516691797760 logging_writer.py:48] [27000] global_step=27000, grad_norm=0.499999, loss=1.28349
I0911 20:31:23.553042 140540003882176 submission.py:307] 27000) loss = 1.283, grad_norm = 0.500
I0911 20:36:31.787814 140516683405056 logging_writer.py:48] [27500] global_step=27500, grad_norm=0.499999, loss=1.18089
I0911 20:36:31.791450 140540003882176 submission.py:307] 27500) loss = 1.181, grad_norm = 0.500
/usr/local/lib/python3.11/multiprocessing/popen_fork.py:66: RuntimeWarning: os.fork() was called. os.fork() is incompatible with multithreaded code, and JAX is multithreaded, so this will likely lead to a deadlock.
  self.pid = os.fork()
I0911 20:42:42.939997 140540003882176 spec.py:333] Evaluating on the training split.
/usr/local/lib/python3.11/site-packages/torch/distributed/distributed_c10d.py:4876: UserWarning: barrier(): using the device under current context. You can specify `device_id` in `init_process_group` to mute this warning.
  warnings.warn(  # warn only once
I0911 20:42:56.858480 140540003882176 spec.py:346] Evaluating on the validation split.
I0911 20:43:16.471050 140540003882176 spec.py:363] Evaluating on the test split.
I0911 20:43:26.755070 140540003882176 submission_runner.py:516] Time since start: 21607.65s, 	Step: 27875, 	{'train/ctc_loss': 0.1893225379236285, 'train/wer': 0.07128128171355774, 'validation/ctc_loss': 0.4232125982645168, 'validation/wer': 0.12426012649060976, 'validation/num_examples': 5348, 'test/ctc_loss': 0.24337820181947223, 'test/wer': 0.07840269737777507, 'test/num_examples': 2472, 'score': 20962.9728038311, 'total_duration': 21607.652501821518, 'accumulated_submission_time': 20962.9728038311, 'accumulated_eval_time': 604.724237203598, 'accumulated_logging_time': 2.0684447288513184}
I0911 20:43:26.908110 140516691797760 logging_writer.py:48] [27875] accumulated_eval_time=604.724, accumulated_logging_time=2.06844, accumulated_submission_time=20963, global_step=27875, preemption_count=0, score=20963, test/ctc_loss=0.243378, test/num_examples=2472, test/wer=0.0784027, total_duration=21607.7, train/ctc_loss=0.189323, train/wer=0.0712813, validation/ctc_loss=0.423213, validation/num_examples=5348, validation/wer=0.12426
I0911 20:44:23.125929 140516683405056 logging_writer.py:48] [28000] global_step=28000, grad_norm=0.499999, loss=1.19513
I0911 20:44:23.129385 140540003882176 submission.py:307] 28000) loss = 1.195, grad_norm = 0.500
I0911 20:49:32.663340 140516691797760 logging_writer.py:48] [28500] global_step=28500, grad_norm=0.499999, loss=1.21304
I0911 20:49:32.666934 140540003882176 submission.py:307] 28500) loss = 1.213, grad_norm = 0.500
/usr/local/lib/python3.11/multiprocessing/popen_fork.py:66: RuntimeWarning: os.fork() was called. os.fork() is incompatible with multithreaded code, and JAX is multithreaded, so this will likely lead to a deadlock.
  self.pid = os.fork()
I0911 20:56:44.542186 140516691797760 logging_writer.py:48] [29000] global_step=29000, grad_norm=0.499999, loss=1.12379
I0911 20:56:44.550928 140540003882176 submission.py:307] 29000) loss = 1.124, grad_norm = 0.500
I0911 21:01:25.141401 140516683405056 logging_writer.py:48] [29500] global_step=29500, grad_norm=0.427762, loss=1.23749
I0911 21:01:25.145085 140540003882176 submission.py:307] 29500) loss = 1.237, grad_norm = 0.428
/usr/local/lib/python3.11/multiprocessing/popen_fork.py:66: RuntimeWarning: os.fork() was called. os.fork() is incompatible with multithreaded code, and JAX is multithreaded, so this will likely lead to a deadlock.
  self.pid = os.fork()
I0911 21:08:56.746591 140516691797760 logging_writer.py:48] [30000] global_step=30000, grad_norm=0.499999, loss=1.30069
I0911 21:08:56.753441 140540003882176 submission.py:307] 30000) loss = 1.301, grad_norm = 0.500
I0911 21:12:37.054292 140540003882176 spec.py:333] Evaluating on the training split.
/usr/local/lib/python3.11/site-packages/torch/distributed/distributed_c10d.py:4876: UserWarning: barrier(): using the device under current context. You can specify `device_id` in `init_process_group` to mute this warning.
  warnings.warn(  # warn only once
/usr/local/lib/python3.11/multiprocessing/popen_fork.py:66: RuntimeWarning: os.fork() was called. os.fork() is incompatible with multithreaded code, and JAX is multithreaded, so this will likely lead to a deadlock.
  self.pid = os.fork()
I0911 21:12:52.413242 140540003882176 spec.py:346] Evaluating on the validation split.
I0911 21:13:12.285462 140540003882176 spec.py:363] Evaluating on the test split.
I0911 21:13:22.458730 140540003882176 submission_runner.py:516] Time since start: 23403.36s, 	Step: 30432, 	{'train/ctc_loss': 0.18024398802678754, 'train/wer': 0.06785891650292575, 'validation/ctc_loss': 0.4170667001802039, 'validation/wer': 0.12083232752377734, 'validation/num_examples': 5348, 'test/ctc_loss': 0.23676943371346537, 'test/wer': 0.07620904677756789, 'test/num_examples': 2472, 'score': 22708.710742235184, 'total_duration': 23403.356159448624, 'accumulated_submission_time': 22708.710742235184, 'accumulated_eval_time': 650.1285529136658, 'accumulated_logging_time': 2.2313308715820312}
I0911 21:13:22.793680 140516691797760 logging_writer.py:48] [30432] accumulated_eval_time=650.129, accumulated_logging_time=2.23133, accumulated_submission_time=22708.7, global_step=30432, preemption_count=0, score=22708.7, test/ctc_loss=0.236769, test/num_examples=2472, test/wer=0.076209, total_duration=23403.4, train/ctc_loss=0.180244, train/wer=0.0678589, validation/ctc_loss=0.417067, validation/num_examples=5348, validation/wer=0.120832
I0911 21:14:13.643963 140516683405056 logging_writer.py:48] [30500] global_step=30500, grad_norm=0.499999, loss=1.24928
I0911 21:14:13.647164 140540003882176 submission.py:307] 30500) loss = 1.249, grad_norm = 0.500
/usr/local/lib/python3.11/multiprocessing/popen_fork.py:66: RuntimeWarning: os.fork() was called. os.fork() is incompatible with multithreaded code, and JAX is multithreaded, so this will likely lead to a deadlock.
  self.pid = os.fork()
I0911 21:21:51.218627 140516691797760 logging_writer.py:48] [31000] global_step=31000, grad_norm=0.499999, loss=1.29396
I0911 21:21:51.225528 140540003882176 submission.py:307] 31000) loss = 1.294, grad_norm = 0.500
I0911 21:26:09.275548 140516683405056 logging_writer.py:48] [31500] global_step=31500, grad_norm=0.464595, loss=1.22751
I0911 21:26:09.279235 140540003882176 submission.py:307] 31500) loss = 1.228, grad_norm = 0.465
/usr/local/lib/python3.11/multiprocessing/popen_fork.py:66: RuntimeWarning: os.fork() was called. os.fork() is incompatible with multithreaded code, and JAX is multithreaded, so this will likely lead to a deadlock.
  self.pid = os.fork()
I0911 21:33:55.635967 140516691797760 logging_writer.py:48] [32000] global_step=32000, grad_norm=0.499999, loss=1.22454
I0911 21:33:55.642977 140540003882176 submission.py:307] 32000) loss = 1.225, grad_norm = 0.500
I0911 21:38:07.108667 140516683405056 logging_writer.py:48] [32500] global_step=32500, grad_norm=0.499999, loss=1.14428
I0911 21:38:07.112375 140540003882176 submission.py:307] 32500) loss = 1.144, grad_norm = 0.500
I0911 21:42:31.750348 140540003882176 spec.py:333] Evaluating on the training split.
/usr/local/lib/python3.11/site-packages/torch/distributed/distributed_c10d.py:4876: UserWarning: barrier(): using the device under current context. You can specify `device_id` in `init_process_group` to mute this warning.
  warnings.warn(  # warn only once
/usr/local/lib/python3.11/multiprocessing/popen_fork.py:66: RuntimeWarning: os.fork() was called. os.fork() is incompatible with multithreaded code, and JAX is multithreaded, so this will likely lead to a deadlock.
  self.pid = os.fork()
I0911 21:42:47.797314 140540003882176 spec.py:346] Evaluating on the validation split.
I0911 21:43:07.244874 140540003882176 spec.py:363] Evaluating on the test split.
I0911 21:43:17.327332 140540003882176 submission_runner.py:516] Time since start: 25198.22s, 	Step: 32790, 	{'train/ctc_loss': 0.16864312840340256, 'train/wer': 0.06429080387796084, 'validation/ctc_loss': 0.4079771833245429, 'validation/wer': 0.118881861632791, 'validation/num_examples': 5348, 'test/ctc_loss': 0.2304708922753081, 'test/wer': 0.07517315621635895, 'test/num_examples': 2472, 'score': 24454.32293319702, 'total_duration': 25198.224741458893, 'accumulated_submission_time': 24454.32293319702, 'accumulated_eval_time': 695.7054653167725, 'accumulated_logging_time': 2.575826644897461}
I0911 21:43:17.391345 140516691797760 logging_writer.py:48] [32790] accumulated_eval_time=695.705, accumulated_logging_time=2.57583, accumulated_submission_time=24454.3, global_step=32790, preemption_count=0, score=24454.3, test/ctc_loss=0.230471, test/num_examples=2472, test/wer=0.0751732, total_duration=25198.2, train/ctc_loss=0.168643, train/wer=0.0642908, validation/ctc_loss=0.407977, validation/num_examples=5348, validation/wer=0.118882
/usr/local/lib/python3.11/multiprocessing/popen_fork.py:66: RuntimeWarning: os.fork() was called. os.fork() is incompatible with multithreaded code, and JAX is multithreaded, so this will likely lead to a deadlock.
  self.pid = os.fork()
I0911 21:46:43.783098 140516691797760 logging_writer.py:48] [33000] global_step=33000, grad_norm=0.499999, loss=1.11679
I0911 21:46:43.789541 140540003882176 submission.py:307] 33000) loss = 1.117, grad_norm = 0.500
I0911 21:50:54.536852 140516683405056 logging_writer.py:48] [33500] global_step=33500, grad_norm=0.434205, loss=1.16856
I0911 21:50:54.540523 140540003882176 submission.py:307] 33500) loss = 1.169, grad_norm = 0.434
/usr/local/lib/python3.11/multiprocessing/popen_fork.py:66: RuntimeWarning: os.fork() was called. os.fork() is incompatible with multithreaded code, and JAX is multithreaded, so this will likely lead to a deadlock.
  self.pid = os.fork()
I0911 21:58:59.811427 140516691797760 logging_writer.py:48] [34000] global_step=34000, grad_norm=0.42842, loss=1.07323
I0911 21:58:59.818272 140540003882176 submission.py:307] 34000) loss = 1.073, grad_norm = 0.428
I0911 22:02:54.715799 140516683405056 logging_writer.py:48] [34500] global_step=34500, grad_norm=0.499999, loss=1.1549
I0911 22:02:54.719647 140540003882176 submission.py:307] 34500) loss = 1.155, grad_norm = 0.500
I0911 22:10:58.680139 140516691797760 logging_writer.py:48] [35000] global_step=35000, grad_norm=0.499999, loss=1.16888
I0911 22:10:58.683857 140540003882176 submission.py:307] 35000) loss = 1.169, grad_norm = 0.500
/usr/local/lib/python3.11/multiprocessing/popen_fork.py:66: RuntimeWarning: os.fork() was called. os.fork() is incompatible with multithreaded code, and JAX is multithreaded, so this will likely lead to a deadlock.
  self.pid = os.fork()
I0911 22:12:26.536139 140540003882176 spec.py:333] Evaluating on the training split.
/usr/local/lib/python3.11/site-packages/torch/distributed/distributed_c10d.py:4876: UserWarning: barrier(): using the device under current context. You can specify `device_id` in `init_process_group` to mute this warning.
  warnings.warn(  # warn only once
I0911 22:12:40.374633 140540003882176 spec.py:346] Evaluating on the validation split.
I0911 22:12:59.866880 140540003882176 spec.py:363] Evaluating on the test split.
I0911 22:13:10.091265 140540003882176 submission_runner.py:516] Time since start: 26990.99s, 	Step: 35167, 	{'train/ctc_loss': 0.16332430779865387, 'train/wer': 0.061845486148597584, 'validation/ctc_loss': 0.40148898801675204, 'validation/wer': 0.11561821078549703, 'validation/num_examples': 5348, 'test/ctc_loss': 0.22793602611458805, 'test/wer': 0.07289825929762557, 'test/num_examples': 2472, 'score': 26199.73352622986, 'total_duration': 26990.98868870735, 'accumulated_submission_time': 26199.73352622986, 'accumulated_eval_time': 739.260491847992, 'accumulated_logging_time': 2.6493473052978516}
I0911 22:13:10.412585 140516691797760 logging_writer.py:48] [35167] accumulated_eval_time=739.26, accumulated_logging_time=2.64935, accumulated_submission_time=26199.7, global_step=35167, preemption_count=0, score=26199.7, test/ctc_loss=0.227936, test/num_examples=2472, test/wer=0.0728983, total_duration=26991, train/ctc_loss=0.163324, train/wer=0.0618455, validation/ctc_loss=0.401489, validation/num_examples=5348, validation/wer=0.115618
I0911 22:15:59.583776 140516683405056 logging_writer.py:48] [35500] global_step=35500, grad_norm=0.499472, loss=1.1197
I0911 22:15:59.594679 140540003882176 submission.py:307] 35500) loss = 1.120, grad_norm = 0.499
I0911 22:23:46.925575 140516691797760 logging_writer.py:48] [36000] global_step=36000, grad_norm=0.499999, loss=1.12788
I0911 22:23:46.929257 140540003882176 submission.py:307] 36000) loss = 1.128, grad_norm = 0.500
/usr/local/lib/python3.11/multiprocessing/popen_fork.py:66: RuntimeWarning: os.fork() was called. os.fork() is incompatible with multithreaded code, and JAX is multithreaded, so this will likely lead to a deadlock.
  self.pid = os.fork()
I0911 22:28:05.247055 140516691797760 logging_writer.py:48] [36500] global_step=36500, grad_norm=0.491212, loss=1.08695
I0911 22:28:05.255455 140540003882176 submission.py:307] 36500) loss = 1.087, grad_norm = 0.491
I0911 22:35:30.668827 140516683405056 logging_writer.py:48] [37000] global_step=37000, grad_norm=0.499999, loss=1.15954
I0911 22:35:30.672581 140540003882176 submission.py:307] 37000) loss = 1.160, grad_norm = 0.500
/usr/local/lib/python3.11/multiprocessing/popen_fork.py:66: RuntimeWarning: os.fork() was called. os.fork() is incompatible with multithreaded code, and JAX is multithreaded, so this will likely lead to a deadlock.
  self.pid = os.fork()
I0911 22:40:11.592837 140516691797760 logging_writer.py:48] [37500] global_step=37500, grad_norm=0.499999, loss=1.18316
I0911 22:40:11.601159 140540003882176 submission.py:307] 37500) loss = 1.183, grad_norm = 0.500
I0911 22:42:20.114426 140540003882176 spec.py:333] Evaluating on the training split.
/usr/local/lib/python3.11/site-packages/torch/distributed/distributed_c10d.py:4876: UserWarning: barrier(): using the device under current context. You can specify `device_id` in `init_process_group` to mute this warning.
  warnings.warn(  # warn only once
/usr/local/lib/python3.11/multiprocessing/popen_fork.py:66: RuntimeWarning: os.fork() was called. os.fork() is incompatible with multithreaded code, and JAX is multithreaded, so this will likely lead to a deadlock.
  self.pid = os.fork()
I0911 22:42:36.050319 140540003882176 spec.py:346] Evaluating on the validation split.
I0911 22:42:55.907489 140540003882176 spec.py:363] Evaluating on the test split.
I0911 22:43:06.134293 140540003882176 submission_runner.py:516] Time since start: 28787.03s, 	Step: 37696, 	{'train/ctc_loss': 0.15306217709954, 'train/wer': 0.058520285880854186, 'validation/ctc_loss': 0.39821950503566406, 'validation/wer': 0.11365808912277314, 'validation/num_examples': 5348, 'test/ctc_loss': 0.22283302551777534, 'test/wer': 0.0707046086974184, 'test/num_examples': 2472, 'score': 27945.150611400604, 'total_duration': 28787.031717061996, 'accumulated_submission_time': 27945.150611400604, 'accumulated_eval_time': 785.2804026603699, 'accumulated_logging_time': 2.9802584648132324}
I0911 22:43:06.457927 140516691797760 logging_writer.py:48] [37696] accumulated_eval_time=785.28, accumulated_logging_time=2.98026, accumulated_submission_time=27945.2, global_step=37696, preemption_count=0, score=27945.2, test/ctc_loss=0.222833, test/num_examples=2472, test/wer=0.0707046, total_duration=28787, train/ctc_loss=0.153062, train/wer=0.0585203, validation/ctc_loss=0.39822, validation/num_examples=5348, validation/wer=0.113658
I0911 22:48:06.956344 140516683405056 logging_writer.py:48] [38000] global_step=38000, grad_norm=0.499999, loss=1.12971
I0911 22:48:06.959902 140540003882176 submission.py:307] 38000) loss = 1.130, grad_norm = 0.500
/usr/local/lib/python3.11/multiprocessing/popen_fork.py:66: RuntimeWarning: os.fork() was called. os.fork() is incompatible with multithreaded code, and JAX is multithreaded, so this will likely lead to a deadlock.
  self.pid = os.fork()
I0911 22:53:06.648444 140516691797760 logging_writer.py:48] [38500] global_step=38500, grad_norm=0.499999, loss=1.06353
I0911 22:53:06.655162 140540003882176 submission.py:307] 38500) loss = 1.064, grad_norm = 0.500
I0911 22:59:54.255245 140516683405056 logging_writer.py:48] [39000] global_step=39000, grad_norm=0.499999, loss=1.16653
I0911 22:59:54.259070 140540003882176 submission.py:307] 39000) loss = 1.167, grad_norm = 0.500
/usr/local/lib/python3.11/multiprocessing/popen_fork.py:66: RuntimeWarning: os.fork() was called. os.fork() is incompatible with multithreaded code, and JAX is multithreaded, so this will likely lead to a deadlock.
  self.pid = os.fork()
I0911 23:05:08.948867 140516691797760 logging_writer.py:48] [39500] global_step=39500, grad_norm=0.499999, loss=1.12998
I0911 23:05:08.955539 140540003882176 submission.py:307] 39500) loss = 1.130, grad_norm = 0.500
I0911 23:11:43.128129 140516683405056 logging_writer.py:48] [40000] global_step=40000, grad_norm=0.499999, loss=1.19382
I0911 23:11:43.131832 140540003882176 submission.py:307] 40000) loss = 1.194, grad_norm = 0.500
I0911 23:12:14.624644 140540003882176 spec.py:333] Evaluating on the training split.
/usr/local/lib/python3.11/site-packages/torch/distributed/distributed_c10d.py:4876: UserWarning: barrier(): using the device under current context. You can specify `device_id` in `init_process_group` to mute this warning.
  warnings.warn(  # warn only once
/usr/local/lib/python3.11/multiprocessing/popen_fork.py:66: RuntimeWarning: os.fork() was called. os.fork() is incompatible with multithreaded code, and JAX is multithreaded, so this will likely lead to a deadlock.
  self.pid = os.fork()
I0911 23:12:28.909391 140540003882176 spec.py:346] Evaluating on the validation split.
I0911 23:12:48.664129 140540003882176 spec.py:363] Evaluating on the test split.
I0911 23:12:58.939248 140540003882176 submission_runner.py:516] Time since start: 30579.84s, 	Step: 40029, 	{'train/ctc_loss': 0.1467357326616722, 'train/wer': 0.05645283181827997, 'validation/ctc_loss': 0.38837735615079366, 'validation/wer': 0.1106744556558683, 'validation/num_examples': 5348, 'test/ctc_loss': 0.21621977123524097, 'test/wer': 0.06897812442873683, 'test/num_examples': 2472, 'score': 29690.69269633293, 'total_duration': 30579.836644887924, 'accumulated_submission_time': 29690.69269633293, 'accumulated_eval_time': 829.5948066711426, 'accumulated_logging_time': 3.313499689102173}
I0911 23:12:59.008921 140516691797760 logging_writer.py:48] [40029] accumulated_eval_time=829.595, accumulated_logging_time=3.3135, accumulated_submission_time=29690.7, global_step=40029, preemption_count=0, score=29690.7, test/ctc_loss=0.21622, test/num_examples=2472, test/wer=0.0689781, total_duration=30579.8, train/ctc_loss=0.146736, train/wer=0.0564528, validation/ctc_loss=0.388377, validation/num_examples=5348, validation/wer=0.110674
/usr/local/lib/python3.11/multiprocessing/popen_fork.py:66: RuntimeWarning: os.fork() was called. os.fork() is incompatible with multithreaded code, and JAX is multithreaded, so this will likely lead to a deadlock.
  self.pid = os.fork()
I0911 23:18:02.059260 140516691797760 logging_writer.py:48] [40500] global_step=40500, grad_norm=0.488643, loss=1.12346
I0911 23:18:02.072029 140540003882176 submission.py:307] 40500) loss = 1.123, grad_norm = 0.489
I0911 23:24:22.767590 140516683405056 logging_writer.py:48] [41000] global_step=41000, grad_norm=0.499999, loss=1.0686
I0911 23:24:22.771416 140540003882176 submission.py:307] 41000) loss = 1.069, grad_norm = 0.500
/usr/local/lib/python3.11/multiprocessing/popen_fork.py:66: RuntimeWarning: os.fork() was called. os.fork() is incompatible with multithreaded code, and JAX is multithreaded, so this will likely lead to a deadlock.
  self.pid = os.fork()
I0911 23:30:12.614494 140516691797760 logging_writer.py:48] [41500] global_step=41500, grad_norm=0.499999, loss=1.09138
I0911 23:30:12.620961 140540003882176 submission.py:307] 41500) loss = 1.091, grad_norm = 0.500
I0911 23:36:09.202648 140516683405056 logging_writer.py:48] [42000] global_step=42000, grad_norm=0.5, loss=1.20214
I0911 23:36:09.206469 140540003882176 submission.py:307] 42000) loss = 1.202, grad_norm = 0.500
/usr/local/lib/python3.11/multiprocessing/popen_fork.py:66: RuntimeWarning: os.fork() was called. os.fork() is incompatible with multithreaded code, and JAX is multithreaded, so this will likely lead to a deadlock.
  self.pid = os.fork()
I0911 23:42:08.592719 140540003882176 spec.py:333] Evaluating on the training split.
/usr/local/lib/python3.11/site-packages/torch/distributed/distributed_c10d.py:4876: UserWarning: barrier(): using the device under current context. You can specify `device_id` in `init_process_group` to mute this warning.
  warnings.warn(  # warn only once
I0911 23:42:23.637694 140540003882176 spec.py:346] Evaluating on the validation split.
I0911 23:42:43.457733 140540003882176 spec.py:363] Evaluating on the test split.
I0911 23:42:53.689954 140540003882176 submission_runner.py:516] Time since start: 32374.59s, 	Step: 42457, 	{'train/ctc_loss': 0.1373192074511263, 'train/wer': 0.05334895169822728, 'validation/ctc_loss': 0.3837925943716094, 'validation/wer': 0.10904263023222131, 'validation/num_examples': 5348, 'test/ctc_loss': 0.2129698387799213, 'test/wer': 0.0666829159303719, 'test/num_examples': 2472, 'score': 31436.16641187668, 'total_duration': 32374.587361335754, 'accumulated_submission_time': 31436.16641187668, 'accumulated_eval_time': 874.6922862529755, 'accumulated_logging_time': 3.3926544189453125}
I0911 23:42:53.966593 140516691797760 logging_writer.py:48] [42457] accumulated_eval_time=874.692, accumulated_logging_time=3.39265, accumulated_submission_time=31436.2, global_step=42457, preemption_count=0, score=31436.2, test/ctc_loss=0.21297, test/num_examples=2472, test/wer=0.0666829, total_duration=32374.6, train/ctc_loss=0.137319, train/wer=0.053349, validation/ctc_loss=0.383793, validation/num_examples=5348, validation/wer=0.109043
I0911 23:43:15.155580 140516683405056 logging_writer.py:48] [42500] global_step=42500, grad_norm=0.478564, loss=1.03617
I0911 23:43:15.158838 140540003882176 submission.py:307] 42500) loss = 1.036, grad_norm = 0.479
I0911 23:49:06.425388 140516691797760 logging_writer.py:48] [43000] global_step=43000, grad_norm=0.496737, loss=1.07621
I0911 23:49:06.429068 140540003882176 submission.py:307] 43000) loss = 1.076, grad_norm = 0.497
/usr/local/lib/python3.11/multiprocessing/popen_fork.py:66: RuntimeWarning: os.fork() was called. os.fork() is incompatible with multithreaded code, and JAX is multithreaded, so this will likely lead to a deadlock.
  self.pid = os.fork()
I0911 23:55:36.205920 140516691797760 logging_writer.py:48] [43500] global_step=43500, grad_norm=0.499999, loss=1.13714
I0911 23:55:36.212484 140540003882176 submission.py:307] 43500) loss = 1.137, grad_norm = 0.500
I0912 00:00:55.157982 140516683405056 logging_writer.py:48] [44000] global_step=44000, grad_norm=0.499999, loss=1.12373
I0912 00:00:55.161903 140540003882176 submission.py:307] 44000) loss = 1.124, grad_norm = 0.500
/usr/local/lib/python3.11/multiprocessing/popen_fork.py:66: RuntimeWarning: os.fork() was called. os.fork() is incompatible with multithreaded code, and JAX is multithreaded, so this will likely lead to a deadlock.
  self.pid = os.fork()
I0912 00:07:46.329214 140516691797760 logging_writer.py:48] [44500] global_step=44500, grad_norm=0.499999, loss=1.11591
I0912 00:07:46.335756 140540003882176 submission.py:307] 44500) loss = 1.116, grad_norm = 0.500
I0912 00:12:04.227102 140540003882176 spec.py:333] Evaluating on the training split.
/usr/local/lib/python3.11/site-packages/torch/distributed/distributed_c10d.py:4876: UserWarning: barrier(): using the device under current context. You can specify `device_id` in `init_process_group` to mute this warning.
  warnings.warn(  # warn only once
/usr/local/lib/python3.11/multiprocessing/popen_fork.py:66: RuntimeWarning: os.fork() was called. os.fork() is incompatible with multithreaded code, and JAX is multithreaded, so this will likely lead to a deadlock.
  self.pid = os.fork()
I0912 00:12:19.728863 140540003882176 spec.py:346] Evaluating on the validation split.
I0912 00:12:39.508233 140540003882176 spec.py:363] Evaluating on the test split.
I0912 00:12:49.742401 140540003882176 submission_runner.py:516] Time since start: 34170.64s, 	Step: 44951, 	{'train/ctc_loss': 0.12914611325086248, 'train/wer': 0.05020728521149569, 'validation/ctc_loss': 0.3754650052350186, 'validation/wer': 0.1060300294501038, 'validation/num_examples': 5348, 'test/ctc_loss': 0.20743576198464417, 'test/wer': 0.06680478540816119, 'test/num_examples': 2472, 'score': 33182.07935786247, 'total_duration': 34170.63980221748, 'accumulated_submission_time': 33182.07935786247, 'accumulated_eval_time': 920.2076592445374, 'accumulated_logging_time': 3.678757905960083}
I0912 00:12:50.068136 140516691797760 logging_writer.py:48] [44951] accumulated_eval_time=920.208, accumulated_logging_time=3.67876, accumulated_submission_time=33182.1, global_step=44951, preemption_count=0, score=33182.1, test/ctc_loss=0.207436, test/num_examples=2472, test/wer=0.0668048, total_duration=34170.6, train/ctc_loss=0.129146, train/wer=0.0502073, validation/ctc_loss=0.375465, validation/num_examples=5348, validation/wer=0.10603
I0912 00:13:32.799895 140516683405056 logging_writer.py:48] [45000] global_step=45000, grad_norm=0.499999, loss=1.07246
I0912 00:13:32.803316 140540003882176 submission.py:307] 45000) loss = 1.072, grad_norm = 0.500
/usr/local/lib/python3.11/multiprocessing/popen_fork.py:66: RuntimeWarning: os.fork() was called. os.fork() is incompatible with multithreaded code, and JAX is multithreaded, so this will likely lead to a deadlock.
  self.pid = os.fork()
I0912 00:20:38.331431 140516691797760 logging_writer.py:48] [45500] global_step=45500, grad_norm=0.499999, loss=1.14548
I0912 00:20:38.338599 140540003882176 submission.py:307] 45500) loss = 1.145, grad_norm = 0.500
I0912 00:25:34.016728 140516683405056 logging_writer.py:48] [46000] global_step=46000, grad_norm=0.483227, loss=1.09578
I0912 00:25:34.020457 140540003882176 submission.py:307] 46000) loss = 1.096, grad_norm = 0.483
/usr/local/lib/python3.11/multiprocessing/popen_fork.py:66: RuntimeWarning: os.fork() was called. os.fork() is incompatible with multithreaded code, and JAX is multithreaded, so this will likely lead to a deadlock.
  self.pid = os.fork()
I0912 00:32:47.971696 140516691797760 logging_writer.py:48] [46500] global_step=46500, grad_norm=0.489097, loss=1.11385
I0912 00:32:47.978589 140540003882176 submission.py:307] 46500) loss = 1.114, grad_norm = 0.489
I0912 00:37:24.535373 140516683405056 logging_writer.py:48] [47000] global_step=47000, grad_norm=0.499999, loss=1.14261
I0912 00:37:24.539232 140540003882176 submission.py:307] 47000) loss = 1.143, grad_norm = 0.500
I0912 00:42:00.495447 140540003882176 spec.py:333] Evaluating on the training split.
/usr/local/lib/python3.11/site-packages/torch/distributed/distributed_c10d.py:4876: UserWarning: barrier(): using the device under current context. You can specify `device_id` in `init_process_group` to mute this warning.
  warnings.warn(  # warn only once
/usr/local/lib/python3.11/multiprocessing/popen_fork.py:66: RuntimeWarning: os.fork() was called. os.fork() is incompatible with multithreaded code, and JAX is multithreaded, so this will likely lead to a deadlock.
  self.pid = os.fork()
I0912 00:42:14.987402 140540003882176 spec.py:346] Evaluating on the validation split.
I0912 00:42:34.819376 140540003882176 spec.py:363] Evaluating on the test split.
I0912 00:42:44.989977 140540003882176 submission_runner.py:516] Time since start: 35965.89s, 	Step: 47271, 	{'train/ctc_loss': 0.12275029277717649, 'train/wer': 0.04875520912054931, 'validation/ctc_loss': 0.36745415630650996, 'validation/wer': 0.10363539805918988, 'validation/num_examples': 5348, 'test/ctc_loss': 0.2035757851312988, 'test/wer': 0.06390022952084984, 'test/num_examples': 2472, 'score': 34929.891464710236, 'total_duration': 35965.88739991188, 'accumulated_submission_time': 34929.891464710236, 'accumulated_eval_time': 964.7020807266235, 'accumulated_logging_time': 4.014244794845581}
I0912 00:42:45.066491 140516691797760 logging_writer.py:48] [47271] accumulated_eval_time=964.702, accumulated_logging_time=4.01424, accumulated_submission_time=34929.9, global_step=47271, preemption_count=0, score=34929.9, test/ctc_loss=0.203576, test/num_examples=2472, test/wer=0.0639002, total_duration=35965.9, train/ctc_loss=0.12275, train/wer=0.0487552, validation/ctc_loss=0.367454, validation/num_examples=5348, validation/wer=0.103635
/usr/local/lib/python3.11/multiprocessing/popen_fork.py:66: RuntimeWarning: os.fork() was called. os.fork() is incompatible with multithreaded code, and JAX is multithreaded, so this will likely lead to a deadlock.
  self.pid = os.fork()
I0912 00:45:38.332887 140516691797760 logging_writer.py:48] [47500] global_step=47500, grad_norm=0.434586, loss=1.06484
I0912 00:45:38.341110 140540003882176 submission.py:307] 47500) loss = 1.065, grad_norm = 0.435
I0912 00:50:16.496064 140516683405056 logging_writer.py:48] [48000] global_step=48000, grad_norm=0.499999, loss=1.11089
I0912 00:50:16.499839 140540003882176 submission.py:307] 48000) loss = 1.111, grad_norm = 0.500
/usr/local/lib/python3.11/multiprocessing/popen_fork.py:66: RuntimeWarning: os.fork() was called. os.fork() is incompatible with multithreaded code, and JAX is multithreaded, so this will likely lead to a deadlock.
  self.pid = os.fork()
I0912 00:57:50.890405 140516691797760 logging_writer.py:48] [48500] global_step=48500, grad_norm=0.499999, loss=1.09575
I0912 00:57:50.897637 140540003882176 submission.py:307] 48500) loss = 1.096, grad_norm = 0.500
I0912 01:02:05.325849 140516683405056 logging_writer.py:48] [49000] global_step=49000, grad_norm=0.499999, loss=1.06568
I0912 01:02:05.329697 140540003882176 submission.py:307] 49000) loss = 1.066, grad_norm = 0.500
/usr/local/lib/python3.11/multiprocessing/popen_fork.py:66: RuntimeWarning: os.fork() was called. os.fork() is incompatible with multithreaded code, and JAX is multithreaded, so this will likely lead to a deadlock.
  self.pid = os.fork()
I0912 01:10:02.324716 140516691797760 logging_writer.py:48] [49500] global_step=49500, grad_norm=0.499999, loss=1.0886
I0912 01:10:02.331333 140540003882176 submission.py:307] 49500) loss = 1.089, grad_norm = 0.500
I0912 01:11:54.710160 140540003882176 spec.py:333] Evaluating on the training split.
/usr/local/lib/python3.11/site-packages/torch/distributed/distributed_c10d.py:4876: UserWarning: barrier(): using the device under current context. You can specify `device_id` in `init_process_group` to mute this warning.
  warnings.warn(  # warn only once
/usr/local/lib/python3.11/multiprocessing/popen_fork.py:66: RuntimeWarning: os.fork() was called. os.fork() is incompatible with multithreaded code, and JAX is multithreaded, so this will likely lead to a deadlock.
  self.pid = os.fork()
I0912 01:12:09.700285 140540003882176 spec.py:346] Evaluating on the validation split.
I0912 01:12:29.484032 140540003882176 spec.py:363] Evaluating on the test split.
I0912 01:12:39.773905 140540003882176 submission_runner.py:516] Time since start: 37760.67s, 	Step: 49757, 	{'train/ctc_loss': 0.11352582992288439, 'train/wer': 0.0453112517003865, 'validation/ctc_loss': 0.3629400810132861, 'validation/wer': 0.10128904552696374, 'validation/num_examples': 5348, 'test/ctc_loss': 0.19862260518823796, 'test/wer': 0.06156439786322182, 'test/num_examples': 2472, 'score': 36675.30523777008, 'total_duration': 37760.6712975502, 'accumulated_submission_time': 36675.30523777008, 'accumulated_eval_time': 1009.7656865119934, 'accumulated_logging_time': 4.100290775299072}
I0912 01:12:40.119415 140516691797760 logging_writer.py:48] [49757] accumulated_eval_time=1009.77, accumulated_logging_time=4.10029, accumulated_submission_time=36675.3, global_step=49757, preemption_count=0, score=36675.3, test/ctc_loss=0.198623, test/num_examples=2472, test/wer=0.0615644, total_duration=37760.7, train/ctc_loss=0.113526, train/wer=0.0453113, validation/ctc_loss=0.36294, validation/num_examples=5348, validation/wer=0.101289
I0912 01:15:07.572027 140516683405056 logging_writer.py:48] [50000] global_step=50000, grad_norm=0.499999, loss=1.05634
I0912 01:15:07.575605 140540003882176 submission.py:307] 50000) loss = 1.056, grad_norm = 0.500
/usr/local/lib/python3.11/multiprocessing/popen_fork.py:66: RuntimeWarning: os.fork() was called. os.fork() is incompatible with multithreaded code, and JAX is multithreaded, so this will likely lead to a deadlock.
  self.pid = os.fork()
I0912 01:23:08.554352 140516691797760 logging_writer.py:48] [50500] global_step=50500, grad_norm=0.499999, loss=1.05543
I0912 01:23:08.560933 140540003882176 submission.py:307] 50500) loss = 1.055, grad_norm = 0.500
I0912 01:27:07.721402 140516683405056 logging_writer.py:48] [51000] global_step=51000, grad_norm=0.499999, loss=0.998811
I0912 01:27:07.725612 140540003882176 submission.py:307] 51000) loss = 0.999, grad_norm = 0.500
/usr/local/lib/python3.11/multiprocessing/popen_fork.py:66: RuntimeWarning: os.fork() was called. os.fork() is incompatible with multithreaded code, and JAX is multithreaded, so this will likely lead to a deadlock.
  self.pid = os.fork()
I0912 01:35:17.845055 140516691797760 logging_writer.py:48] [51500] global_step=51500, grad_norm=0.499999, loss=1.10889
I0912 01:35:17.851891 140540003882176 submission.py:307] 51500) loss = 1.109, grad_norm = 0.500
I0912 01:39:10.405989 140516683405056 logging_writer.py:48] [52000] global_step=52000, grad_norm=0.499999, loss=1.04401
I0912 01:39:10.409974 140540003882176 submission.py:307] 52000) loss = 1.044, grad_norm = 0.500
I0912 01:41:51.583162 140540003882176 spec.py:333] Evaluating on the training split.
/usr/local/lib/python3.11/site-packages/torch/distributed/distributed_c10d.py:4876: UserWarning: barrier(): using the device under current context. You can specify `device_id` in `init_process_group` to mute this warning.
  warnings.warn(  # warn only once
/usr/local/lib/python3.11/multiprocessing/popen_fork.py:66: RuntimeWarning: os.fork() was called. os.fork() is incompatible with multithreaded code, and JAX is multithreaded, so this will likely lead to a deadlock.
  self.pid = os.fork()
I0912 01:42:07.623344 140540003882176 spec.py:346] Evaluating on the validation split.
I0912 01:42:27.258980 140540003882176 spec.py:363] Evaluating on the test split.
I0912 01:42:37.416456 140540003882176 submission_runner.py:516] Time since start: 39558.31s, 	Step: 52211, 	{'train/ctc_loss': 0.10484115516978962, 'train/wer': 0.04175933323256969, 'validation/ctc_loss': 0.35476956205576904, 'validation/wer': 0.0994930719837783, 'validation/num_examples': 5348, 'test/ctc_loss': 0.195299028868798, 'test/wer': 0.060873804155749195, 'test/num_examples': 2472, 'score': 38422.19172549248, 'total_duration': 39558.31389641762, 'accumulated_submission_time': 38422.19172549248, 'accumulated_eval_time': 1055.598946094513, 'accumulated_logging_time': 4.455331563949585}
I0912 01:42:37.713718 140516691797760 logging_writer.py:48] [52211] accumulated_eval_time=1055.6, accumulated_logging_time=4.45533, accumulated_submission_time=38422.2, global_step=52211, preemption_count=0, score=38422.2, test/ctc_loss=0.195299, test/num_examples=2472, test/wer=0.0608738, total_duration=39558.3, train/ctc_loss=0.104841, train/wer=0.0417593, validation/ctc_loss=0.35477, validation/num_examples=5348, validation/wer=0.0994931
I0912 01:47:47.518769 140516683405056 logging_writer.py:48] [52500] global_step=52500, grad_norm=0.499999, loss=0.958897
I0912 01:47:47.522432 140540003882176 submission.py:307] 52500) loss = 0.959, grad_norm = 0.500
/usr/local/lib/python3.11/multiprocessing/popen_fork.py:66: RuntimeWarning: os.fork() was called. os.fork() is incompatible with multithreaded code, and JAX is multithreaded, so this will likely lead to a deadlock.
  self.pid = os.fork()
I0912 01:52:02.634957 140516691797760 logging_writer.py:48] [53000] global_step=53000, grad_norm=0.499999, loss=1.07811
I0912 01:52:02.641777 140540003882176 submission.py:307] 53000) loss = 1.078, grad_norm = 0.500
I0912 01:59:36.139376 140516683405056 logging_writer.py:48] [53500] global_step=53500, grad_norm=0.499999, loss=1.01615
I0912 01:59:36.142991 140540003882176 submission.py:307] 53500) loss = 1.016, grad_norm = 0.500
/usr/local/lib/python3.11/multiprocessing/popen_fork.py:66: RuntimeWarning: os.fork() was called. os.fork() is incompatible with multithreaded code, and JAX is multithreaded, so this will likely lead to a deadlock.
  self.pid = os.fork()
I0912 02:04:03.148580 140516691797760 logging_writer.py:48] [54000] global_step=54000, grad_norm=0.478527, loss=1.06287
I0912 02:04:03.155600 140540003882176 submission.py:307] 54000) loss = 1.063, grad_norm = 0.479
I0912 02:11:23.774476 140516683405056 logging_writer.py:48] [54500] global_step=54500, grad_norm=0.499999, loss=1.01721
I0912 02:11:23.778255 140540003882176 submission.py:307] 54500) loss = 1.017, grad_norm = 0.500
I0912 02:11:47.204452 140540003882176 spec.py:333] Evaluating on the training split.
/usr/local/lib/python3.11/site-packages/torch/distributed/distributed_c10d.py:4876: UserWarning: barrier(): using the device under current context. You can specify `device_id` in `init_process_group` to mute this warning.
  warnings.warn(  # warn only once
/usr/local/lib/python3.11/multiprocessing/popen_fork.py:66: RuntimeWarning: os.fork() was called. os.fork() is incompatible with multithreaded code, and JAX is multithreaded, so this will likely lead to a deadlock.
  self.pid = os.fork()
I0912 02:12:01.721955 140540003882176 spec.py:346] Evaluating on the validation split.
I0912 02:12:21.505484 140540003882176 spec.py:363] Evaluating on the test split.
I0912 02:12:31.822214 140540003882176 submission_runner.py:516] Time since start: 41352.72s, 	Step: 54520, 	{'train/ctc_loss': 0.09859529051528783, 'train/wer': 0.03960551033187226, 'validation/ctc_loss': 0.35677667073224334, 'validation/wer': 0.09722396562545262, 'validation/num_examples': 5348, 'test/ctc_loss': 0.19444095939657396, 'test/wer': 0.059858225174171796, 'test/num_examples': 2472, 'score': 40169.08051586151, 'total_duration': 41352.719628334045, 'accumulated_submission_time': 40169.08051586151, 'accumulated_eval_time': 1100.216621875763, 'accumulated_logging_time': 4.762305021286011}
I0912 02:12:31.897939 140516691797760 logging_writer.py:48] [54520] accumulated_eval_time=1100.22, accumulated_logging_time=4.76231, accumulated_submission_time=40169.1, global_step=54520, preemption_count=0, score=40169.1, test/ctc_loss=0.194441, test/num_examples=2472, test/wer=0.0598582, total_duration=41352.7, train/ctc_loss=0.0985953, train/wer=0.0396055, validation/ctc_loss=0.356777, validation/num_examples=5348, validation/wer=0.097224
/usr/local/lib/python3.11/multiprocessing/popen_fork.py:66: RuntimeWarning: os.fork() was called. os.fork() is incompatible with multithreaded code, and JAX is multithreaded, so this will likely lead to a deadlock.
  self.pid = os.fork()
I0912 02:16:57.040221 140516691797760 logging_writer.py:48] [55000] global_step=55000, grad_norm=0.487945, loss=0.99928
I0912 02:16:57.047081 140540003882176 submission.py:307] 55000) loss = 0.999, grad_norm = 0.488
I0912 02:24:06.666454 140516683405056 logging_writer.py:48] [55500] global_step=55500, grad_norm=0.5, loss=1.062
I0912 02:24:06.670202 140540003882176 submission.py:307] 55500) loss = 1.062, grad_norm = 0.500
/usr/local/lib/python3.11/multiprocessing/popen_fork.py:66: RuntimeWarning: os.fork() was called. os.fork() is incompatible with multithreaded code, and JAX is multithreaded, so this will likely lead to a deadlock.
  self.pid = os.fork()
I0912 02:29:07.735478 140516691797760 logging_writer.py:48] [56000] global_step=56000, grad_norm=0.499999, loss=0.993388
I0912 02:29:07.742141 140540003882176 submission.py:307] 56000) loss = 0.993, grad_norm = 0.500
I0912 02:35:53.314671 140516683405056 logging_writer.py:48] [56500] global_step=56500, grad_norm=0.499999, loss=1.04207
I0912 02:35:53.318345 140540003882176 submission.py:307] 56500) loss = 1.042, grad_norm = 0.500
/usr/local/lib/python3.11/multiprocessing/popen_fork.py:66: RuntimeWarning: os.fork() was called. os.fork() is incompatible with multithreaded code, and JAX is multithreaded, so this will likely lead to a deadlock.
  self.pid = os.fork()
I0912 02:41:17.749127 140516691797760 logging_writer.py:48] [57000] global_step=57000, grad_norm=0.499999, loss=1.03642
I0912 02:41:17.755927 140540003882176 submission.py:307] 57000) loss = 1.036, grad_norm = 0.500
I0912 02:41:41.563340 140540003882176 spec.py:333] Evaluating on the training split.
/usr/local/lib/python3.11/site-packages/torch/distributed/distributed_c10d.py:4876: UserWarning: barrier(): using the device under current context. You can specify `device_id` in `init_process_group` to mute this warning.
  warnings.warn(  # warn only once
/usr/local/lib/python3.11/multiprocessing/popen_fork.py:66: RuntimeWarning: os.fork() was called. os.fork() is incompatible with multithreaded code, and JAX is multithreaded, so this will likely lead to a deadlock.
  self.pid = os.fork()
I0912 02:41:56.478827 140540003882176 spec.py:346] Evaluating on the validation split.
I0912 02:42:16.113625 140540003882176 spec.py:363] Evaluating on the test split.
I0912 02:42:26.194609 140540003882176 submission_runner.py:516] Time since start: 43147.09s, 	Step: 57045, 	{'train/ctc_loss': 0.09290728793208415, 'train/wer': 0.037311338069224625, 'validation/ctc_loss': 0.35056288222699417, 'validation/wer': 0.09520590933230338, 'validation/num_examples': 5348, 'test/ctc_loss': 0.19041340620765856, 'test/wer': 0.058761399874068206, 'test/num_examples': 2472, 'score': 41914.625618219376, 'total_duration': 43147.09202218056, 'accumulated_submission_time': 41914.625618219376, 'accumulated_eval_time': 1144.8478198051453, 'accumulated_logging_time': 4.847512245178223}
I0912 02:42:26.535324 140516691797760 logging_writer.py:48] [57045] accumulated_eval_time=1144.85, accumulated_logging_time=4.84751, accumulated_submission_time=41914.6, global_step=57045, preemption_count=0, score=41914.6, test/ctc_loss=0.190413, test/num_examples=2472, test/wer=0.0587614, total_duration=43147.1, train/ctc_loss=0.0929073, train/wer=0.0373113, validation/ctc_loss=0.350563, validation/num_examples=5348, validation/wer=0.0952059
I0912 02:48:41.814487 140516683405056 logging_writer.py:48] [57500] global_step=57500, grad_norm=0.5, loss=1.00292
I0912 02:48:41.818120 140540003882176 submission.py:307] 57500) loss = 1.003, grad_norm = 0.500
/usr/local/lib/python3.11/multiprocessing/popen_fork.py:66: RuntimeWarning: os.fork() was called. os.fork() is incompatible with multithreaded code, and JAX is multithreaded, so this will likely lead to a deadlock.
  self.pid = os.fork()
I0912 02:54:20.437143 140516691797760 logging_writer.py:48] [58000] global_step=58000, grad_norm=0.499999, loss=0.98764
I0912 02:54:20.444333 140540003882176 submission.py:307] 58000) loss = 0.988, grad_norm = 0.500
I0912 03:00:27.829065 140516683405056 logging_writer.py:48] [58500] global_step=58500, grad_norm=0.499999, loss=1.02411
I0912 03:00:27.832867 140540003882176 submission.py:307] 58500) loss = 1.024, grad_norm = 0.500
/usr/local/lib/python3.11/multiprocessing/popen_fork.py:66: RuntimeWarning: os.fork() was called. os.fork() is incompatible with multithreaded code, and JAX is multithreaded, so this will likely lead to a deadlock.
  self.pid = os.fork()
I0912 03:06:26.792033 140516691797760 logging_writer.py:48] [59000] global_step=59000, grad_norm=0.499999, loss=0.987043
I0912 03:06:26.799525 140540003882176 submission.py:307] 59000) loss = 0.987, grad_norm = 0.500
I0912 03:11:35.878545 140540003882176 spec.py:333] Evaluating on the training split.
/usr/local/lib/python3.11/site-packages/torch/distributed/distributed_c10d.py:4876: UserWarning: barrier(): using the device under current context. You can specify `device_id` in `init_process_group` to mute this warning.
  warnings.warn(  # warn only once
/usr/local/lib/python3.11/multiprocessing/popen_fork.py:66: RuntimeWarning: os.fork() was called. os.fork() is incompatible with multithreaded code, and JAX is multithreaded, so this will likely lead to a deadlock.
  self.pid = os.fork()
I0912 03:11:51.861209 140540003882176 spec.py:346] Evaluating on the validation split.
I0912 03:12:11.495185 140540003882176 spec.py:363] Evaluating on the test split.
I0912 03:12:21.749212 140540003882176 submission_runner.py:516] Time since start: 44942.65s, 	Step: 59464, 	{'train/ctc_loss': 0.08657633160767436, 'train/wer': 0.03479044760650357, 'validation/ctc_loss': 0.34359940491887686, 'validation/wer': 0.09352580504996862, 'validation/num_examples': 5348, 'test/ctc_loss': 0.18565676112168528, 'test/wer': 0.057177096662807465, 'test/num_examples': 2472, 'score': 43659.648621320724, 'total_duration': 44942.64661693573, 'accumulated_submission_time': 43659.648621320724, 'accumulated_eval_time': 1190.7182912826538, 'accumulated_logging_time': 5.198246240615845}
I0912 03:12:22.070369 140516691797760 logging_writer.py:48] [59464] accumulated_eval_time=1190.72, accumulated_logging_time=5.19825, accumulated_submission_time=43659.6, global_step=59464, preemption_count=0, score=43659.6, test/ctc_loss=0.185657, test/num_examples=2472, test/wer=0.0571771, total_duration=44942.6, train/ctc_loss=0.0865763, train/wer=0.0347904, validation/ctc_loss=0.343599, validation/num_examples=5348, validation/wer=0.0935258
I0912 03:12:56.278245 140516683405056 logging_writer.py:48] [59500] global_step=59500, grad_norm=0.499999, loss=0.946845
I0912 03:12:56.281462 140540003882176 submission.py:307] 59500) loss = 0.947, grad_norm = 0.500
/usr/local/lib/python3.11/multiprocessing/popen_fork.py:66: RuntimeWarning: os.fork() was called. os.fork() is incompatible with multithreaded code, and JAX is multithreaded, so this will likely lead to a deadlock.
  self.pid = os.fork()
I0912 03:19:13.948460 140516691797760 logging_writer.py:48] [60000] global_step=60000, grad_norm=0.499999, loss=1.02942
I0912 03:19:13.955348 140540003882176 submission.py:307] 60000) loss = 1.029, grad_norm = 0.500
I0912 03:24:47.465683 140516683405056 logging_writer.py:48] [60500] global_step=60500, grad_norm=0.5, loss=0.982074
I0912 03:24:47.469432 140540003882176 submission.py:307] 60500) loss = 0.982, grad_norm = 0.500
/usr/local/lib/python3.11/multiprocessing/popen_fork.py:66: RuntimeWarning: os.fork() was called. os.fork() is incompatible with multithreaded code, and JAX is multithreaded, so this will likely lead to a deadlock.
  self.pid = os.fork()
I0912 03:31:23.208467 140516691797760 logging_writer.py:48] [61000] global_step=61000, grad_norm=0.401541, loss=0.919588
I0912 03:31:23.215294 140540003882176 submission.py:307] 61000) loss = 0.920, grad_norm = 0.402
I0912 03:36:34.843818 140516683405056 logging_writer.py:48] [61500] global_step=61500, grad_norm=0.499999, loss=0.9495
I0912 03:36:34.847477 140540003882176 submission.py:307] 61500) loss = 0.949, grad_norm = 0.500
I0912 03:41:30.104533 140540003882176 spec.py:333] Evaluating on the training split.
/usr/local/lib/python3.11/site-packages/torch/distributed/distributed_c10d.py:4876: UserWarning: barrier(): using the device under current context. You can specify `device_id` in `init_process_group` to mute this warning.
  warnings.warn(  # warn only once
/usr/local/lib/python3.11/multiprocessing/popen_fork.py:66: RuntimeWarning: os.fork() was called. os.fork() is incompatible with multithreaded code, and JAX is multithreaded, so this will likely lead to a deadlock.
  self.pid = os.fork()
I0912 03:41:44.415565 140540003882176 spec.py:346] Evaluating on the validation split.
I0912 03:42:04.086154 140540003882176 spec.py:363] Evaluating on the test split.
I0912 03:42:14.242615 140540003882176 submission_runner.py:516] Time since start: 46735.14s, 	Step: 61769, 	{'train/ctc_loss': 0.08205772017477846, 'train/wer': 0.032782372120139056, 'validation/ctc_loss': 0.3425308420688291, 'validation/wer': 0.09267609713706368, 'validation/num_examples': 5348, 'test/ctc_loss': 0.18184947163929932, 'test/wer': 0.05644587979607174, 'test/num_examples': 2472, 'score': 45405.07888031006, 'total_duration': 46735.140020132065, 'accumulated_submission_time': 45405.07888031006, 'accumulated_eval_time': 1234.8561778068542, 'accumulated_logging_time': 5.529304265975952}
I0912 03:42:14.304637 140516691797760 logging_writer.py:48] [61769] accumulated_eval_time=1234.86, accumulated_logging_time=5.5293, accumulated_submission_time=45405.1, global_step=61769, preemption_count=0, score=45405.1, test/ctc_loss=0.181849, test/num_examples=2472, test/wer=0.0564459, total_duration=46735.1, train/ctc_loss=0.0820577, train/wer=0.0327824, validation/ctc_loss=0.342531, validation/num_examples=5348, validation/wer=0.0926761
/usr/local/lib/python3.11/multiprocessing/popen_fork.py:66: RuntimeWarning: os.fork() was called. os.fork() is incompatible with multithreaded code, and JAX is multithreaded, so this will likely lead to a deadlock.
  self.pid = os.fork()
I0912 03:44:13.339699 140516691797760 logging_writer.py:48] [62000] global_step=62000, grad_norm=0.499999, loss=0.947553
I0912 03:44:13.345919 140540003882176 submission.py:307] 62000) loss = 0.948, grad_norm = 0.500
I0912 03:49:26.192633 140516683405056 logging_writer.py:48] [62500] global_step=62500, grad_norm=0.5, loss=1.00196
I0912 03:49:26.196299 140540003882176 submission.py:307] 62500) loss = 1.002, grad_norm = 0.500
/usr/local/lib/python3.11/multiprocessing/popen_fork.py:66: RuntimeWarning: os.fork() was called. os.fork() is incompatible with multithreaded code, and JAX is multithreaded, so this will likely lead to a deadlock.
  self.pid = os.fork()
I0912 03:56:31.689496 140516691797760 logging_writer.py:48] [63000] global_step=63000, grad_norm=0.499999, loss=0.912381
I0912 03:56:31.696215 140540003882176 submission.py:307] 63000) loss = 0.912, grad_norm = 0.500
I0912 04:01:17.282968 140516683405056 logging_writer.py:48] [63500] global_step=63500, grad_norm=0.499999, loss=0.967397
I0912 04:01:17.286780 140540003882176 submission.py:307] 63500) loss = 0.967, grad_norm = 0.500
/usr/local/lib/python3.11/multiprocessing/popen_fork.py:66: RuntimeWarning: os.fork() was called. os.fork() is incompatible with multithreaded code, and JAX is multithreaded, so this will likely lead to a deadlock.
  self.pid = os.fork()
I0912 04:08:45.151777 140516691797760 logging_writer.py:48] [64000] global_step=64000, grad_norm=0.499999, loss=0.944746
I0912 04:08:45.158824 140540003882176 submission.py:307] 64000) loss = 0.945, grad_norm = 0.500
I0912 04:11:23.992232 140540003882176 spec.py:333] Evaluating on the training split.
/usr/local/lib/python3.11/site-packages/torch/distributed/distributed_c10d.py:4876: UserWarning: barrier(): using the device under current context. You can specify `device_id` in `init_process_group` to mute this warning.
  warnings.warn(  # warn only once
/usr/local/lib/python3.11/multiprocessing/popen_fork.py:66: RuntimeWarning: os.fork() was called. os.fork() is incompatible with multithreaded code, and JAX is multithreaded, so this will likely lead to a deadlock.
  self.pid = os.fork()
I0912 04:11:39.220004 140540003882176 spec.py:346] Evaluating on the validation split.
I0912 04:11:58.989456 140540003882176 spec.py:363] Evaluating on the test split.
I0912 04:12:09.163334 140540003882176 submission_runner.py:516] Time since start: 48530.06s, 	Step: 64336, 	{'train/ctc_loss': 0.07784306984796725, 'train/wer': 0.03155701422926608, 'validation/ctc_loss': 0.3417285430951125, 'validation/wer': 0.09078356587650267, 'validation/num_examples': 5348, 'test/ctc_loss': 0.18160254290599392, 'test/wer': 0.05478033026628481, 'test/num_examples': 2472, 'score': 47150.370564222336, 'total_duration': 48530.060735702515, 'accumulated_submission_time': 47150.370564222336, 'accumulated_eval_time': 1280.0275931358337, 'accumulated_logging_time': 5.600770711898804}
I0912 04:12:09.467011 140516691797760 logging_writer.py:48] [64336] accumulated_eval_time=1280.03, accumulated_logging_time=5.60077, accumulated_submission_time=47150.4, global_step=64336, preemption_count=0, score=47150.4, test/ctc_loss=0.181603, test/num_examples=2472, test/wer=0.0547803, total_duration=48530.1, train/ctc_loss=0.0778431, train/wer=0.031557, validation/ctc_loss=0.341729, validation/num_examples=5348, validation/wer=0.0907836
I0912 04:14:08.547021 140516683405056 logging_writer.py:48] [64500] global_step=64500, grad_norm=0.488113, loss=1.0051
I0912 04:14:08.550258 140540003882176 submission.py:307] 64500) loss = 1.005, grad_norm = 0.488
/usr/local/lib/python3.11/multiprocessing/popen_fork.py:66: RuntimeWarning: os.fork() was called. os.fork() is incompatible with multithreaded code, and JAX is multithreaded, so this will likely lead to a deadlock.
  self.pid = os.fork()
I0912 04:21:42.459164 140516691797760 logging_writer.py:48] [65000] global_step=65000, grad_norm=0.499999, loss=0.994151
I0912 04:21:42.466048 140540003882176 submission.py:307] 65000) loss = 0.994, grad_norm = 0.500
I0912 04:26:05.367425 140516683405056 logging_writer.py:48] [65500] global_step=65500, grad_norm=0.499999, loss=0.958848
I0912 04:26:05.370943 140540003882176 submission.py:307] 65500) loss = 0.959, grad_norm = 0.500
/usr/local/lib/python3.11/multiprocessing/popen_fork.py:66: RuntimeWarning: os.fork() was called. os.fork() is incompatible with multithreaded code, and JAX is multithreaded, so this will likely lead to a deadlock.
  self.pid = os.fork()
I0912 04:33:49.588041 140516691797760 logging_writer.py:48] [66000] global_step=66000, grad_norm=0.499999, loss=1.01925
I0912 04:33:49.594969 140540003882176 submission.py:307] 66000) loss = 1.019, grad_norm = 0.500
I0912 04:38:01.942724 140516683405056 logging_writer.py:48] [66500] global_step=66500, grad_norm=0.5, loss=0.954274
I0912 04:38:01.946416 140540003882176 submission.py:307] 66500) loss = 0.954, grad_norm = 0.500
I0912 04:41:20.331890 140540003882176 spec.py:333] Evaluating on the training split.
/usr/local/lib/python3.11/site-packages/torch/distributed/distributed_c10d.py:4876: UserWarning: barrier(): using the device under current context. You can specify `device_id` in `init_process_group` to mute this warning.
  warnings.warn(  # warn only once
/usr/local/lib/python3.11/multiprocessing/popen_fork.py:66: RuntimeWarning: os.fork() was called. os.fork() is incompatible with multithreaded code, and JAX is multithreaded, so this will likely lead to a deadlock.
  self.pid = os.fork()
I0912 04:41:35.921037 140540003882176 spec.py:346] Evaluating on the validation split.
I0912 04:41:55.458321 140540003882176 spec.py:363] Evaluating on the test split.
I0912 04:42:05.710229 140540003882176 submission_runner.py:516] Time since start: 50326.61s, 	Step: 66723, 	{'train/ctc_loss': 0.07447617856025503, 'train/wer': 0.030320860233627706, 'validation/ctc_loss': 0.33777348459162143, 'validation/wer': 0.09003041568097331, 'validation/num_examples': 5348, 'test/ctc_loss': 0.17920377423543454, 'test/wer': 0.054800641845916355, 'test/num_examples': 2472, 'score': 48896.60098361969, 'total_duration': 50326.60763835907, 'accumulated_submission_time': 48896.60098361969, 'accumulated_eval_time': 1325.4059286117554, 'accumulated_logging_time': 5.914076328277588}
I0912 04:42:06.001120 140516691797760 logging_writer.py:48] [66723] accumulated_eval_time=1325.41, accumulated_logging_time=5.91408, accumulated_submission_time=48896.6, global_step=66723, preemption_count=0, score=48896.6, test/ctc_loss=0.179204, test/num_examples=2472, test/wer=0.0548006, total_duration=50326.6, train/ctc_loss=0.0744762, train/wer=0.0303209, validation/ctc_loss=0.337773, validation/num_examples=5348, validation/wer=0.0900304
/usr/local/lib/python3.11/multiprocessing/popen_fork.py:66: RuntimeWarning: os.fork() was called. os.fork() is incompatible with multithreaded code, and JAX is multithreaded, so this will likely lead to a deadlock.
  self.pid = os.fork()
I0912 04:46:36.535292 140516691797760 logging_writer.py:48] [67000] global_step=67000, grad_norm=0.485116, loss=0.916633
I0912 04:46:36.545706 140540003882176 submission.py:307] 67000) loss = 0.917, grad_norm = 0.485
I0912 04:50:51.485169 140516683405056 logging_writer.py:48] [67500] global_step=67500, grad_norm=0.5, loss=0.982497
I0912 04:50:51.488843 140540003882176 submission.py:307] 67500) loss = 0.982, grad_norm = 0.500
/usr/local/lib/python3.11/multiprocessing/popen_fork.py:66: RuntimeWarning: os.fork() was called. os.fork() is incompatible with multithreaded code, and JAX is multithreaded, so this will likely lead to a deadlock.
  self.pid = os.fork()
I0912 04:58:49.771888 140516691797760 logging_writer.py:48] [68000] global_step=68000, grad_norm=0.499999, loss=0.995658
I0912 04:58:49.778767 140540003882176 submission.py:307] 68000) loss = 0.996, grad_norm = 0.500
I0912 05:02:46.216327 140516683405056 logging_writer.py:48] [68500] global_step=68500, grad_norm=0.469277, loss=0.916948
I0912 05:02:46.220165 140540003882176 submission.py:307] 68500) loss = 0.917, grad_norm = 0.469
I0912 05:10:52.145920 140516691797760 logging_writer.py:48] [69000] global_step=69000, grad_norm=0.5, loss=0.879451
I0912 05:10:52.149612 140540003882176 submission.py:307] 69000) loss = 0.879, grad_norm = 0.500
/usr/local/lib/python3.11/multiprocessing/popen_fork.py:66: RuntimeWarning: os.fork() was called. os.fork() is incompatible with multithreaded code, and JAX is multithreaded, so this will likely lead to a deadlock.
  self.pid = os.fork()
I0912 05:11:14.032826 140540003882176 spec.py:333] Evaluating on the training split.
/usr/local/lib/python3.11/site-packages/torch/distributed/distributed_c10d.py:4876: UserWarning: barrier(): using the device under current context. You can specify `device_id` in `init_process_group` to mute this warning.
  warnings.warn(  # warn only once
I0912 05:11:27.764314 140540003882176 spec.py:346] Evaluating on the validation split.
I0912 05:11:47.638767 140540003882176 spec.py:363] Evaluating on the test split.
I0912 05:11:57.723797 140540003882176 submission_runner.py:516] Time since start: 52118.62s, 	Step: 69036, 	{'train/ctc_loss': 0.07208353107243116, 'train/wer': 0.029090104290372034, 'validation/ctc_loss': 0.3336585107902602, 'validation/wer': 0.08863998455076522, 'validation/num_examples': 5348, 'test/ctc_loss': 0.17827939504161558, 'test/wer': 0.05402880181991754, 'test/num_examples': 2472, 'score': 50642.02622580528, 'total_duration': 52118.62122583389, 'accumulated_submission_time': 50642.02622580528, 'accumulated_eval_time': 1369.0967593193054, 'accumulated_logging_time': 6.2146546840667725}
I0912 05:11:57.784540 140516691797760 logging_writer.py:48] [69036] accumulated_eval_time=1369.1, accumulated_logging_time=6.21465, accumulated_submission_time=50642, global_step=69036, preemption_count=0, score=50642, test/ctc_loss=0.178279, test/num_examples=2472, test/wer=0.0540288, total_duration=52118.6, train/ctc_loss=0.0720835, train/wer=0.0290901, validation/ctc_loss=0.333659, validation/num_examples=5348, validation/wer=0.08864
I0912 05:15:45.209374 140516683405056 logging_writer.py:48] [69500] global_step=69500, grad_norm=0.499999, loss=0.933899
I0912 05:15:45.212924 140540003882176 submission.py:307] 69500) loss = 0.934, grad_norm = 0.500
I0912 05:23:36.037909 140516691797760 logging_writer.py:48] [70000] global_step=70000, grad_norm=0.499999, loss=0.947724
I0912 05:23:36.041561 140540003882176 submission.py:307] 70000) loss = 0.948, grad_norm = 0.500
/usr/local/lib/python3.11/multiprocessing/popen_fork.py:66: RuntimeWarning: os.fork() was called. os.fork() is incompatible with multithreaded code, and JAX is multithreaded, so this will likely lead to a deadlock.
  self.pid = os.fork()
I0912 05:27:52.268685 140516691797760 logging_writer.py:48] [70500] global_step=70500, grad_norm=0.499999, loss=1.0017
I0912 05:27:52.275426 140540003882176 submission.py:307] 70500) loss = 1.002, grad_norm = 0.500
I0912 05:35:25.296905 140516683405056 logging_writer.py:48] [71000] global_step=71000, grad_norm=0.499999, loss=0.883928
I0912 05:35:25.300519 140540003882176 submission.py:307] 71000) loss = 0.884, grad_norm = 0.500
/usr/local/lib/python3.11/multiprocessing/popen_fork.py:66: RuntimeWarning: os.fork() was called. os.fork() is incompatible with multithreaded code, and JAX is multithreaded, so this will likely lead to a deadlock.
  self.pid = os.fork()
I0912 05:39:58.544570 140516691797760 logging_writer.py:48] [71500] global_step=71500, grad_norm=0.5, loss=0.87672
I0912 05:39:58.551035 140540003882176 submission.py:307] 71500) loss = 0.877, grad_norm = 0.500
I0912 05:41:07.312528 140540003882176 spec.py:333] Evaluating on the training split.
/usr/local/lib/python3.11/site-packages/torch/distributed/distributed_c10d.py:4876: UserWarning: barrier(): using the device under current context. You can specify `device_id` in `init_process_group` to mute this warning.
  warnings.warn(  # warn only once
/usr/local/lib/python3.11/multiprocessing/popen_fork.py:66: RuntimeWarning: os.fork() was called. os.fork() is incompatible with multithreaded code, and JAX is multithreaded, so this will likely lead to a deadlock.
  self.pid = os.fork()
I0912 05:41:22.595413 140540003882176 spec.py:346] Evaluating on the validation split.
I0912 05:41:42.349770 140540003882176 spec.py:363] Evaluating on the test split.
I0912 05:41:52.667872 140540003882176 submission_runner.py:516] Time since start: 53913.57s, 	Step: 71609, 	{'train/ctc_loss': 0.0706149747598593, 'train/wer': 0.028593483471163604, 'validation/ctc_loss': 0.33566981356427067, 'validation/wer': 0.08841790180080143, 'validation/num_examples': 5348, 'test/ctc_loss': 0.178314276324279, 'test/wer': 0.05390693234212825, 'test/num_examples': 2472, 'score': 52387.277347803116, 'total_duration': 53913.56525182724, 'accumulated_submission_time': 52387.277347803116, 'accumulated_eval_time': 1414.4519746303558, 'accumulated_logging_time': 6.284870862960815}
I0912 05:41:53.012490 140516691797760 logging_writer.py:48] [71609] accumulated_eval_time=1414.45, accumulated_logging_time=6.28487, accumulated_submission_time=52387.3, global_step=71609, preemption_count=0, score=52387.3, test/ctc_loss=0.178314, test/num_examples=2472, test/wer=0.0539069, total_duration=53913.6, train/ctc_loss=0.070615, train/wer=0.0285935, validation/ctc_loss=0.33567, validation/num_examples=5348, validation/wer=0.0884179
I0912 05:48:02.629990 140516683405056 logging_writer.py:48] [72000] global_step=72000, grad_norm=0.5, loss=0.974582
I0912 05:48:02.633672 140540003882176 submission.py:307] 72000) loss = 0.975, grad_norm = 0.500
/usr/local/lib/python3.11/multiprocessing/popen_fork.py:66: RuntimeWarning: os.fork() was called. os.fork() is incompatible with multithreaded code, and JAX is multithreaded, so this will likely lead to a deadlock.
  self.pid = os.fork()
I0912 05:52:52.560035 140516691797760 logging_writer.py:48] [72500] global_step=72500, grad_norm=0.499999, loss=0.966247
I0912 05:52:52.566781 140540003882176 submission.py:307] 72500) loss = 0.966, grad_norm = 0.500
I0912 05:59:49.201334 140516683405056 logging_writer.py:48] [73000] global_step=73000, grad_norm=0.499999, loss=0.928643
I0912 05:59:49.205072 140540003882176 submission.py:307] 73000) loss = 0.929, grad_norm = 0.500
/usr/local/lib/python3.11/multiprocessing/popen_fork.py:66: RuntimeWarning: os.fork() was called. os.fork() is incompatible with multithreaded code, and JAX is multithreaded, so this will likely lead to a deadlock.
  self.pid = os.fork()
I0912 06:04:55.732046 140516691797760 logging_writer.py:48] [73500] global_step=73500, grad_norm=0.499999, loss=0.856052
I0912 06:04:55.738802 140540003882176 submission.py:307] 73500) loss = 0.856, grad_norm = 0.500
I0912 06:11:05.229962 140540003882176 spec.py:333] Evaluating on the training split.
/usr/local/lib/python3.11/site-packages/torch/distributed/distributed_c10d.py:4876: UserWarning: barrier(): using the device under current context. You can specify `device_id` in `init_process_group` to mute this warning.
  warnings.warn(  # warn only once
/usr/local/lib/python3.11/multiprocessing/popen_fork.py:66: RuntimeWarning: os.fork() was called. os.fork() is incompatible with multithreaded code, and JAX is multithreaded, so this will likely lead to a deadlock.
  self.pid = os.fork()
I0912 06:11:20.562759 140540003882176 spec.py:346] Evaluating on the validation split.
I0912 06:11:40.301721 140540003882176 spec.py:363] Evaluating on the test split.
I0912 06:11:50.674119 140540003882176 submission_runner.py:516] Time since start: 55711.57s, 	Step: 73963, 	{'train/ctc_loss': 0.06983886421480755, 'train/wer': 0.028242610066288084, 'validation/ctc_loss': 0.33552446723678925, 'validation/wer': 0.08823444213778786, 'validation/num_examples': 5348, 'test/ctc_loss': 0.1773794629895477, 'test/wer': 0.053378831271708, 'test/num_examples': 2472, 'score': 54135.1698012352, 'total_duration': 55711.57153177261, 'accumulated_submission_time': 54135.1698012352, 'accumulated_eval_time': 1459.8960573673248, 'accumulated_logging_time': 6.639477014541626}
I0912 06:11:50.987748 140516691797760 logging_writer.py:48] [73963] accumulated_eval_time=1459.9, accumulated_logging_time=6.63948, accumulated_submission_time=54135.2, global_step=73963, preemption_count=0, score=54135.2, test/ctc_loss=0.177379, test/num_examples=2472, test/wer=0.0533788, total_duration=55711.6, train/ctc_loss=0.0698389, train/wer=0.0282426, validation/ctc_loss=0.335524, validation/num_examples=5348, validation/wer=0.0882344
I0912 06:12:29.778324 140516683405056 logging_writer.py:48] [74000] global_step=74000, grad_norm=0.499999, loss=0.918376
I0912 06:12:29.781562 140540003882176 submission.py:307] 74000) loss = 0.918, grad_norm = 0.500
/usr/local/lib/python3.11/multiprocessing/popen_fork.py:66: RuntimeWarning: os.fork() was called. os.fork() is incompatible with multithreaded code, and JAX is multithreaded, so this will likely lead to a deadlock.
  self.pid = os.fork()
I0912 06:17:59.679616 140516691797760 logging_writer.py:48] [74500] global_step=74500, grad_norm=0.499999, loss=0.916469
I0912 06:17:59.686257 140540003882176 submission.py:307] 74500) loss = 0.916, grad_norm = 0.500
I0912 06:24:25.118165 140516683405056 logging_writer.py:48] [75000] global_step=75000, grad_norm=0.499999, loss=0.958806
I0912 06:24:25.122009 140540003882176 submission.py:307] 75000) loss = 0.959, grad_norm = 0.500
/usr/local/lib/python3.11/multiprocessing/popen_fork.py:66: RuntimeWarning: os.fork() was called. os.fork() is incompatible with multithreaded code, and JAX is multithreaded, so this will likely lead to a deadlock.
  self.pid = os.fork()
I0912 06:30:10.686594 140516691797760 logging_writer.py:48] [75500] global_step=75500, grad_norm=0.499999, loss=0.996507
I0912 06:30:10.693312 140540003882176 submission.py:307] 75500) loss = 0.997, grad_norm = 0.500
I0912 06:36:12.359785 140516683405056 logging_writer.py:48] [76000] global_step=76000, grad_norm=0.499999, loss=0.953021
I0912 06:36:12.363497 140540003882176 submission.py:307] 76000) loss = 0.953, grad_norm = 0.500
/usr/local/lib/python3.11/multiprocessing/popen_fork.py:66: RuntimeWarning: os.fork() was called. os.fork() is incompatible with multithreaded code, and JAX is multithreaded, so this will likely lead to a deadlock.
  self.pid = os.fork()
I0912 06:40:58.859456 140540003882176 spec.py:333] Evaluating on the training split.
/usr/local/lib/python3.11/site-packages/torch/distributed/distributed_c10d.py:4876: UserWarning: barrier(): using the device under current context. You can specify `device_id` in `init_process_group` to mute this warning.
  warnings.warn(  # warn only once
I0912 06:41:13.216119 140540003882176 spec.py:346] Evaluating on the validation split.
I0912 06:41:33.139917 140540003882176 spec.py:363] Evaluating on the test split.
I0912 06:41:43.338393 140540003882176 submission_runner.py:516] Time since start: 57504.24s, 	Step: 76310, 	{'train/ctc_loss': 0.06970527802205236, 'train/wer': 0.028274998380584285, 'validation/ctc_loss': 0.3351290447778531, 'validation/wer': 0.08841790180080143, 'validation/num_examples': 5348, 'test/ctc_loss': 0.17714690010242595, 'test/wer': 0.053521012329128835, 'test/num_examples': 2472, 'score': 55880.356978178024, 'total_duration': 57504.23585700989, 'accumulated_submission_time': 55880.356978178024, 'accumulated_eval_time': 1504.374971628189, 'accumulated_logging_time': 6.962735891342163}
I0912 06:41:43.410159 140516691797760 logging_writer.py:48] [76310] accumulated_eval_time=1504.37, accumulated_logging_time=6.96274, accumulated_submission_time=55880.4, global_step=76310, preemption_count=0, score=55880.4, test/ctc_loss=0.177147, test/num_examples=2472, test/wer=0.053521, total_duration=57504.2, train/ctc_loss=0.0697053, train/wer=0.028275, validation/ctc_loss=0.335129, validation/num_examples=5348, validation/wer=0.0884179
I0912 06:43:08.694205 140516683405056 logging_writer.py:48] [76500] global_step=76500, grad_norm=0.499999, loss=0.950233
I0912 06:43:08.697422 140540003882176 submission.py:307] 76500) loss = 0.950, grad_norm = 0.500
I0912 06:49:03.204613 140516691797760 logging_writer.py:48] [77000] global_step=77000, grad_norm=0.499999, loss=0.970383
I0912 06:49:03.208258 140540003882176 submission.py:307] 77000) loss = 0.970, grad_norm = 0.500
/usr/local/lib/python3.11/multiprocessing/popen_fork.py:66: RuntimeWarning: os.fork() was called. os.fork() is incompatible with multithreaded code, and JAX is multithreaded, so this will likely lead to a deadlock.
  self.pid = os.fork()
I0912 06:55:26.513946 140516691797760 logging_writer.py:48] [77500] global_step=77500, grad_norm=0.499999, loss=0.934066
I0912 06:55:26.520514 140540003882176 submission.py:307] 77500) loss = 0.934, grad_norm = 0.500
I0912 07:00:50.010068 140516683405056 logging_writer.py:48] [78000] global_step=78000, grad_norm=0.499999, loss=0.885555
I0912 07:00:50.013858 140540003882176 submission.py:307] 78000) loss = 0.886, grad_norm = 0.500
/usr/local/lib/python3.11/multiprocessing/popen_fork.py:66: RuntimeWarning: os.fork() was called. os.fork() is incompatible with multithreaded code, and JAX is multithreaded, so this will likely lead to a deadlock.
  self.pid = os.fork()
I0912 07:07:35.974026 140516691797760 logging_writer.py:48] [78500] global_step=78500, grad_norm=0.467467, loss=0.932844
I0912 07:07:35.980745 140540003882176 submission.py:307] 78500) loss = 0.933, grad_norm = 0.467
I0912 07:10:52.957664 140540003882176 spec.py:333] Evaluating on the training split.
/usr/local/lib/python3.11/site-packages/torch/distributed/distributed_c10d.py:4876: UserWarning: barrier(): using the device under current context. You can specify `device_id` in `init_process_group` to mute this warning.
  warnings.warn(  # warn only once
/usr/local/lib/python3.11/multiprocessing/popen_fork.py:66: RuntimeWarning: os.fork() was called. os.fork() is incompatible with multithreaded code, and JAX is multithreaded, so this will likely lead to a deadlock.
  self.pid = os.fork()
I0912 07:11:08.231353 140540003882176 spec.py:346] Evaluating on the validation split.
I0912 07:11:28.306664 140540003882176 spec.py:363] Evaluating on the test split.
I0912 07:11:38.517234 140540003882176 submission_runner.py:516] Time since start: 59299.41s, 	Step: 78867, 	{'train/ctc_loss': 0.06961636148785767, 'train/wer': 0.02820482369960918, 'validation/ctc_loss': 0.33501769271461224, 'validation/wer': 0.08834065562690098, 'validation/num_examples': 5348, 'test/ctc_loss': 0.17730220246064263, 'test/wer': 0.05368350496618122, 'test/num_examples': 2472, 'score': 57625.574048280716, 'total_duration': 59299.41465139389, 'accumulated_submission_time': 57625.574048280716, 'accumulated_eval_time': 1549.9344420433044, 'accumulated_logging_time': 7.044204473495483}
I0912 07:11:38.797309 140516691797760 logging_writer.py:48] [78867] accumulated_eval_time=1549.93, accumulated_logging_time=7.0442, accumulated_submission_time=57625.6, global_step=78867, preemption_count=0, score=57625.6, test/ctc_loss=0.177302, test/num_examples=2472, test/wer=0.0536835, total_duration=59299.4, train/ctc_loss=0.0696164, train/wer=0.0282048, validation/ctc_loss=0.335018, validation/num_examples=5348, validation/wer=0.0883407
I0912 07:13:29.143160 140516683405056 logging_writer.py:48] [79000] global_step=79000, grad_norm=0.5, loss=1.01004
I0912 07:13:29.147021 140540003882176 submission.py:307] 79000) loss = 1.010, grad_norm = 0.500
/usr/local/lib/python3.11/multiprocessing/popen_fork.py:66: RuntimeWarning: os.fork() was called. os.fork() is incompatible with multithreaded code, and JAX is multithreaded, so this will likely lead to a deadlock.
  self.pid = os.fork()
I0912 07:20:27.238502 140516691797760 logging_writer.py:48] [79500] global_step=79500, grad_norm=0.5, loss=0.925051
I0912 07:20:27.245118 140540003882176 submission.py:307] 79500) loss = 0.925, grad_norm = 0.500
I0912 07:25:22.166040 140516683405056 logging_writer.py:48] [80000] global_step=80000, grad_norm=0.499999, loss=0.921314
I0912 07:25:22.170013 140540003882176 submission.py:307] 80000) loss = 0.921, grad_norm = 0.500
/usr/local/lib/python3.11/multiprocessing/popen_fork.py:66: RuntimeWarning: os.fork() was called. os.fork() is incompatible with multithreaded code, and JAX is multithreaded, so this will likely lead to a deadlock.
  self.pid = os.fork()
I0912 07:32:32.864571 140516691797760 logging_writer.py:48] [80500] global_step=80500, grad_norm=0.499999, loss=0.920835
I0912 07:32:32.871391 140540003882176 submission.py:307] 80500) loss = 0.921, grad_norm = 0.500
I0912 07:37:12.991255 140516683405056 logging_writer.py:48] [81000] global_step=81000, grad_norm=0.499999, loss=0.901427
I0912 07:37:12.995110 140540003882176 submission.py:307] 81000) loss = 0.901, grad_norm = 0.500
I0912 07:40:46.687949 140540003882176 spec.py:333] Evaluating on the training split.
/usr/local/lib/python3.11/site-packages/torch/distributed/distributed_c10d.py:4876: UserWarning: barrier(): using the device under current context. You can specify `device_id` in `init_process_group` to mute this warning.
  warnings.warn(  # warn only once
/usr/local/lib/python3.11/multiprocessing/popen_fork.py:66: RuntimeWarning: os.fork() was called. os.fork() is incompatible with multithreaded code, and JAX is multithreaded, so this will likely lead to a deadlock.
  self.pid = os.fork()
I0912 07:41:02.730925 140540003882176 spec.py:346] Evaluating on the validation split.
I0912 07:41:22.438824 140540003882176 spec.py:363] Evaluating on the test split.
I0912 07:41:32.691741 140540003882176 submission_runner.py:516] Time since start: 61093.59s, 	Step: 81215, 	{'train/ctc_loss': 0.06938167072185956, 'train/wer': 0.027918726923326063, 'validation/ctc_loss': 0.3353849337813316, 'validation/wer': 0.088688263409453, 'validation/num_examples': 5348, 'test/ctc_loss': 0.17763241529695464, 'test/wer': 0.0538866207624967, 'test/num_examples': 2472, 'score': 59370.740894556046, 'total_duration': 61093.5891122818, 'accumulated_submission_time': 59370.740894556046, 'accumulated_eval_time': 1595.9380114078522, 'accumulated_logging_time': 7.333662748336792}
I0912 07:41:32.775929 140516691797760 logging_writer.py:48] [81215] accumulated_eval_time=1595.94, accumulated_logging_time=7.33366, accumulated_submission_time=59370.7, global_step=81215, preemption_count=0, score=59370.7, test/ctc_loss=0.177632, test/num_examples=2472, test/wer=0.0538866, total_duration=61093.6, train/ctc_loss=0.0693817, train/wer=0.0279187, validation/ctc_loss=0.335385, validation/num_examples=5348, validation/wer=0.0886883
/usr/local/lib/python3.11/multiprocessing/popen_fork.py:66: RuntimeWarning: os.fork() was called. os.fork() is incompatible with multithreaded code, and JAX is multithreaded, so this will likely lead to a deadlock.
  self.pid = os.fork()
I0912 07:45:21.356612 140516691797760 logging_writer.py:48] [81500] global_step=81500, grad_norm=0.499999, loss=0.892996
I0912 07:45:21.363190 140540003882176 submission.py:307] 81500) loss = 0.893, grad_norm = 0.500
I0912 07:50:04.021375 140516683405056 logging_writer.py:48] [82000] global_step=82000, grad_norm=0.499999, loss=0.934037
I0912 07:50:04.025162 140540003882176 submission.py:307] 82000) loss = 0.934, grad_norm = 0.500
/usr/local/lib/python3.11/multiprocessing/popen_fork.py:66: RuntimeWarning: os.fork() was called. os.fork() is incompatible with multithreaded code, and JAX is multithreaded, so this will likely lead to a deadlock.
  self.pid = os.fork()
I0912 07:57:35.406087 140516691797760 logging_writer.py:48] [82500] global_step=82500, grad_norm=0.499999, loss=0.954188
I0912 07:57:35.412678 140540003882176 submission.py:307] 82500) loss = 0.954, grad_norm = 0.500
I0912 08:01:54.163948 140516683405056 logging_writer.py:48] [83000] global_step=83000, grad_norm=0.457922, loss=0.941821
I0912 08:01:54.167693 140540003882176 submission.py:307] 83000) loss = 0.942, grad_norm = 0.458
/usr/local/lib/python3.11/multiprocessing/popen_fork.py:66: RuntimeWarning: os.fork() was called. os.fork() is incompatible with multithreaded code, and JAX is multithreaded, so this will likely lead to a deadlock.
  self.pid = os.fork()
I0912 08:09:46.790315 140516691797760 logging_writer.py:48] [83500] global_step=83500, grad_norm=0.499999, loss=0.94271
I0912 08:09:46.796746 140540003882176 submission.py:307] 83500) loss = 0.943, grad_norm = 0.500
I0912 08:10:40.969510 140540003882176 spec.py:333] Evaluating on the training split.
/usr/local/lib/python3.11/site-packages/torch/distributed/distributed_c10d.py:4876: UserWarning: barrier(): using the device under current context. You can specify `device_id` in `init_process_group` to mute this warning.
  warnings.warn(  # warn only once
/usr/local/lib/python3.11/multiprocessing/popen_fork.py:66: RuntimeWarning: os.fork() was called. os.fork() is incompatible with multithreaded code, and JAX is multithreaded, so this will likely lead to a deadlock.
  self.pid = os.fork()
I0912 08:10:54.920265 140540003882176 spec.py:346] Evaluating on the validation split.
I0912 08:11:14.434984 140540003882176 spec.py:363] Evaluating on the test split.
I0912 08:11:24.951329 140540003882176 submission_runner.py:516] Time since start: 62885.85s, 	Step: 83625, 	{'train/ctc_loss': 0.06910094946475681, 'train/wer': 0.027988901604301168, 'validation/ctc_loss': 0.3360513783325171, 'validation/wer': 0.08826340945300053, 'validation/num_examples': 5348, 'test/ctc_loss': 0.17802338054068004, 'test/wer': 0.054495968151443135, 'test/num_examples': 2472, 'score': 61116.29442381859, 'total_duration': 62885.848786354065, 'accumulated_submission_time': 61116.29442381859, 'accumulated_eval_time': 1639.9197208881378, 'accumulated_logging_time': 7.427438497543335}
I0912 08:11:25.303332 140516691797760 logging_writer.py:48] [83625] accumulated_eval_time=1639.92, accumulated_logging_time=7.42744, accumulated_submission_time=61116.3, global_step=83625, preemption_count=0, score=61116.3, test/ctc_loss=0.178023, test/num_examples=2472, test/wer=0.054496, total_duration=62885.8, train/ctc_loss=0.0691009, train/wer=0.0279889, validation/ctc_loss=0.336051, validation/num_examples=5348, validation/wer=0.0882634
I0912 08:14:57.906311 140516683405056 logging_writer.py:48] [84000] global_step=84000, grad_norm=0.5, loss=0.99534
I0912 08:14:57.910110 140540003882176 submission.py:307] 84000) loss = 0.995, grad_norm = 0.500
/usr/local/lib/python3.11/multiprocessing/popen_fork.py:66: RuntimeWarning: os.fork() was called. os.fork() is incompatible with multithreaded code, and JAX is multithreaded, so this will likely lead to a deadlock.
  self.pid = os.fork()
I0912 08:22:58.592951 140516691797760 logging_writer.py:48] [84500] global_step=84500, grad_norm=0.499999, loss=0.951043
I0912 08:22:58.599694 140540003882176 submission.py:307] 84500) loss = 0.951, grad_norm = 0.500
I0912 08:27:00.447012 140516683405056 logging_writer.py:48] [85000] global_step=85000, grad_norm=0.499999, loss=0.935183
I0912 08:27:00.456072 140540003882176 submission.py:307] 85000) loss = 0.935, grad_norm = 0.500
/usr/local/lib/python3.11/multiprocessing/popen_fork.py:66: RuntimeWarning: os.fork() was called. os.fork() is incompatible with multithreaded code, and JAX is multithreaded, so this will likely lead to a deadlock.
  self.pid = os.fork()
I0912 08:35:07.200563 140516691797760 logging_writer.py:48] [85500] global_step=85500, grad_norm=0.499999, loss=0.935491
I0912 08:35:07.207512 140540003882176 submission.py:307] 85500) loss = 0.935, grad_norm = 0.500
I0912 08:39:01.765958 140516683405056 logging_writer.py:48] [86000] global_step=86000, grad_norm=0.499999, loss=0.915837
I0912 08:39:01.769698 140540003882176 submission.py:307] 86000) loss = 0.916, grad_norm = 0.500
I0912 08:40:34.760816 140540003882176 spec.py:333] Evaluating on the training split.
/usr/local/lib/python3.11/site-packages/torch/distributed/distributed_c10d.py:4876: UserWarning: barrier(): using the device under current context. You can specify `device_id` in `init_process_group` to mute this warning.
  warnings.warn(  # warn only once
/usr/local/lib/python3.11/multiprocessing/popen_fork.py:66: RuntimeWarning: os.fork() was called. os.fork() is incompatible with multithreaded code, and JAX is multithreaded, so this will likely lead to a deadlock.
  self.pid = os.fork()
I0912 08:40:50.699194 140540003882176 spec.py:346] Evaluating on the validation split.
I0912 08:41:10.428956 140540003882176 spec.py:363] Evaluating on the test split.
I0912 08:41:20.657049 140540003882176 submission_runner.py:516] Time since start: 64681.55s, 	Step: 86130, 	{'train/ctc_loss': 0.06903047683572347, 'train/wer': 0.028102260704337873, 'validation/ctc_loss': 0.3365171929547795, 'validation/wer': 0.08863998455076522, 'validation/num_examples': 5348, 'test/ctc_loss': 0.17861006153622813, 'test/wer': 0.054495968151443135, 'test/num_examples': 2472, 'score': 62861.324580192566, 'total_duration': 64681.55446791649, 'accumulated_submission_time': 62861.324580192566, 'accumulated_eval_time': 1685.8157725334167, 'accumulated_logging_time': 7.788813591003418}
I0912 08:41:21.022328 140516691797760 logging_writer.py:48] [86130] accumulated_eval_time=1685.82, accumulated_logging_time=7.78881, accumulated_submission_time=62861.3, global_step=86130, preemption_count=0, score=62861.3, test/ctc_loss=0.17861, test/num_examples=2472, test/wer=0.054496, total_duration=64681.6, train/ctc_loss=0.0690305, train/wer=0.0281023, validation/ctc_loss=0.336517, validation/num_examples=5348, validation/wer=0.08864
I0912 08:47:43.929072 140516683405056 logging_writer.py:48] [86500] global_step=86500, grad_norm=0.5, loss=0.948667
I0912 08:47:43.932583 140540003882176 submission.py:307] 86500) loss = 0.949, grad_norm = 0.500
/usr/local/lib/python3.11/multiprocessing/popen_fork.py:66: RuntimeWarning: os.fork() was called. os.fork() is incompatible with multithreaded code, and JAX is multithreaded, so this will likely lead to a deadlock.
  self.pid = os.fork()
I0912 08:51:51.743380 140516691797760 logging_writer.py:48] [87000] global_step=87000, grad_norm=0.499999, loss=0.953225
I0912 08:51:51.750434 140540003882176 submission.py:307] 87000) loss = 0.953, grad_norm = 0.500
I0912 08:59:30.895189 140516683405056 logging_writer.py:48] [87500] global_step=87500, grad_norm=0.499999, loss=0.928146
I0912 08:59:30.898781 140540003882176 submission.py:307] 87500) loss = 0.928, grad_norm = 0.500
/usr/local/lib/python3.11/multiprocessing/popen_fork.py:66: RuntimeWarning: os.fork() was called. os.fork() is incompatible with multithreaded code, and JAX is multithreaded, so this will likely lead to a deadlock.
  self.pid = os.fork()
I0912 09:03:50.377487 140516691797760 logging_writer.py:48] [88000] global_step=88000, grad_norm=0.5, loss=1.01514
I0912 09:03:50.384280 140540003882176 submission.py:307] 88000) loss = 1.015, grad_norm = 0.500
I0912 09:10:28.653791 140540003882176 spec.py:333] Evaluating on the training split.
/usr/local/lib/python3.11/site-packages/torch/distributed/distributed_c10d.py:4876: UserWarning: barrier(): using the device under current context. You can specify `device_id` in `init_process_group` to mute this warning.
  warnings.warn(  # warn only once
/usr/local/lib/python3.11/multiprocessing/popen_fork.py:66: RuntimeWarning: os.fork() was called. os.fork() is incompatible with multithreaded code, and JAX is multithreaded, so this will likely lead to a deadlock.
  self.pid = os.fork()
I0912 09:10:43.642092 140540003882176 spec.py:346] Evaluating on the validation split.
I0912 09:11:03.139639 140540003882176 spec.py:363] Evaluating on the test split.
I0912 09:11:13.339941 140540003882176 submission_runner.py:516] Time since start: 66474.24s, 	Step: 88461, 	{'train/ctc_loss': 0.06960582494461544, 'train/wer': 0.028161639280547577, 'validation/ctc_loss': 0.3386531168374523, 'validation/wer': 0.0890841500506928, 'validation/num_examples': 5348, 'test/ctc_loss': 0.17728859271162656, 'test/wer': 0.054089736558812176, 'test/num_examples': 2472, 'score': 64606.37130188942, 'total_duration': 66474.23734116554, 'accumulated_submission_time': 64606.37130188942, 'accumulated_eval_time': 1730.5017790794373, 'accumulated_logging_time': 8.163705825805664}
I0912 09:11:13.422515 140516691797760 logging_writer.py:48] [88461] accumulated_eval_time=1730.5, accumulated_logging_time=8.16371, accumulated_submission_time=64606.4, global_step=88461, preemption_count=0, score=64606.4, test/ctc_loss=0.177289, test/num_examples=2472, test/wer=0.0540897, total_duration=66474.2, train/ctc_loss=0.0696058, train/wer=0.0281616, validation/ctc_loss=0.338653, validation/num_examples=5348, validation/wer=0.0890842
I0912 09:11:54.760686 140516683405056 logging_writer.py:48] [88500] global_step=88500, grad_norm=0.499999, loss=0.951315
I0912 09:11:54.764120 140540003882176 submission.py:307] 88500) loss = 0.951, grad_norm = 0.500
/usr/local/lib/python3.11/multiprocessing/popen_fork.py:66: RuntimeWarning: os.fork() was called. os.fork() is incompatible with multithreaded code, and JAX is multithreaded, so this will likely lead to a deadlock.
  self.pid = os.fork()
I0912 09:16:40.919152 140516691797760 logging_writer.py:48] [89000] global_step=89000, grad_norm=0.499999, loss=0.948031
I0912 09:16:40.925826 140540003882176 submission.py:307] 89000) loss = 0.948, grad_norm = 0.500
I0912 09:23:52.087515 140516683405056 logging_writer.py:48] [89500] global_step=89500, grad_norm=0.5, loss=1.01579
I0912 09:23:52.091342 140540003882176 submission.py:307] 89500) loss = 1.016, grad_norm = 0.500
/usr/local/lib/python3.11/multiprocessing/popen_fork.py:66: RuntimeWarning: os.fork() was called. os.fork() is incompatible with multithreaded code, and JAX is multithreaded, so this will likely lead to a deadlock.
  self.pid = os.fork()
I0912 09:28:47.540001 140516691797760 logging_writer.py:48] [90000] global_step=90000, grad_norm=0.499999, loss=0.912644
I0912 09:28:47.549567 140540003882176 submission.py:307] 90000) loss = 0.913, grad_norm = 0.500
I0912 09:35:37.651000 140516683405056 logging_writer.py:48] [90500] global_step=90500, grad_norm=0.499999, loss=0.923532
I0912 09:35:37.654932 140540003882176 submission.py:307] 90500) loss = 0.924, grad_norm = 0.500
/usr/local/lib/python3.11/multiprocessing/popen_fork.py:66: RuntimeWarning: os.fork() was called. os.fork() is incompatible with multithreaded code, and JAX is multithreaded, so this will likely lead to a deadlock.
  self.pid = os.fork()
I0912 09:40:20.492769 140516691797760 logging_writer.py:48] [90928] global_step=90928, preemption_count=0, score=66351.7
I0912 09:40:21.790194 140540003882176 submission_runner.py:857] Final librispeech_conformer score: 66351.72258377075
[W912 09:40:33.490403054 AllocatorConfig.cpp:28] Warning: PYTORCH_CUDA_ALLOC_CONF is deprecated, use PYTORCH_ALLOC_CONF instead (function operator())
[W912 09:40:33.490411704 AllocatorConfig.cpp:28] Warning: PYTORCH_CUDA_ALLOC_CONF is deprecated, use PYTORCH_ALLOC_CONF instead (function operator())
[W912 09:40:33.490435731 AllocatorConfig.cpp:28] Warning: PYTORCH_CUDA_ALLOC_CONF is deprecated, use PYTORCH_ALLOC_CONF instead (function operator())
[W912 09:40:33.490451678 AllocatorConfig.cpp:28] Warning: PYTORCH_CUDA_ALLOC_CONF is deprecated, use PYTORCH_ALLOC_CONF instead (function operator())
