accumulated_eval_time,accumulated_logging_time,accumulated_submission_time,global_step,preemption_count,score,test/loss,test/num_examples,test/ssim,total_duration,train/loss,train/ssim,validation/loss,validation/num_examples,validation/ssim
863.1295578479767,0.0,287.5438768863678,1,0,287.5438768863678,0.972127335459718,3581,0.2303450264034574,1151.3828299045565,0.9619275501796176,0.2149694306509835,0.975035899800401,3554,0.2097348463823772
870.0908143520355,0.0178718566894531,366.6099076271057,396,0,366.6099076271057,0.3127290394944673,3581,0.7128542186627339,1239.1205341815948,0.2923383031572614,0.7142125538417271,0.3109956568523143,3554,0.6955282010586663
877.7710404396057,0.0384631156921386,446.5274870395661,488,0,446.5274870395661,0.3044202133984047,3581,0.7220244568774434,1328.161094903946,0.2837794167654855,0.7247883932931083,0.3025929671562852,3554,0.7045097458409538
885.9159827232361,0.0600614547729492,526.0731747150421,570,0,526.0731747150421,0.300929500150534,3581,0.7262554323163921,1417.2319514751434,0.2800360577447073,0.7295732498168945,0.2991061320651027,3554,0.7090053955490293
893.2910943031311,0.0899300575256347,604.9083361625671,973,0,604.9083361625671,0.2948280639137112,3581,0.7321754163685074,1505.3128123283386,0.2738868679319109,0.7360741751534599,0.2931431312539568,3554,0.7148930727261537
900.6270995140076,0.1089718341827392,683.6833612918854,2280,0,683.6833612918854,0.2897612085158649,3581,0.7386240422542586,1593.3330116271973,0.2682916096278599,0.7434193066188267,0.2883309368075584,3554,0.7213348405845527
906.9516458511353,0.1276617050170898,762.4255638122559,3586,0,762.4255638122559,0.2884208894381806,3581,0.7397806593174043,1680.3714289665222,0.2668765613010951,0.7446199825831822,0.2870543506216587,3554,0.7224860247696258
913.4463186264038,0.14621686935424805,841.1767997741699,4894,0,841.1767997741699,0.2876028035879468,3581,0.7415149372338383,1767.633560180664,0.2660747936793736,0.746293204171317,0.2862753366310407,3554,0.724205794197559
