accumulated_eval_time,accumulated_logging_time,accumulated_submission_time,global_step,preemption_count,score,test/loss,test/num_examples,test/ssim,total_duration,train/loss,train/ssim,validation/loss,validation/num_examples,validation/ssim
385.3162007331848,0.0,209.6208968162537,1,0,209.6208968162537,0.9260998395394092,3581,0.269798570689926,595.5854053497314,0.9181669780186243,0.2559313774108886,0.9300565274162916,3554,0.2460163655278383
391.297327041626,0.3206825256347656,319.09749150276184,643,0,319.09749150276184,0.3048862690567404,3581,0.724271764172019,712.863600730896,0.285064629146031,0.7305870737348285,0.3027486291304692,3554,0.7069088362144766
397.2388198375702,0.3711030483245849,429.2442009449005,952,0,429.2442009449005,0.3005354731351228,3581,0.7281304268622592,830.1889977455139,0.2807728563036237,0.7345339911324638,0.2985593917065278,3554,0.710827313854108
403.1671528816223,0.4234528541564941,538.7806842327118,1241,0,538.7806842327118,0.2979447940846656,3581,0.7304746813695546,946.8805568218232,0.2781086819512503,0.7370945385524205,0.2961225879950408,3554,0.7131432150613745
409.11521315574646,0.4729359149932861,648.7196238040924,1526,0,648.7196238040924,0.2960598116578818,3581,0.7324198297001536,1063.982427358627,0.2762167113167899,0.7390180315290179,0.2942756992011642,3554,0.7151480670986916
415.0897061824799,0.5229940414428711,758.0541276931763,1810,0,758.0541276931763,0.2947823855504747,3581,0.7335973088217328,1180.5150995254517,0.2748587982995169,0.7403139386858258,0.293058568195607,3554,0.7163308508019134
420.9000082015991,0.5725586414337158,866.9446563720703,3667,0,866.9446563720703,0.2906662877862329,3581,0.7377222695519757,1296.8730375766754,0.2703675201960972,0.7449156897408622,0.289163274985052,3554,0.720376550849395
426.7094647884369,0.6198492050170898,975.4783685207368,6940,0,975.4783685207368,0.2884347293004747,3581,0.7403566839308154,1413.2383136749268,0.2677873032433646,0.748042174748012,0.2870372113177933,3554,0.7230414893429938
432.52244901657104,0.6682956218719482,1084.0098059177399,10212,0,1084.0098059177399,0.28754788728707065,3581,0.7414715768770944,1529.6115934848785,0.26673572404044016,0.7493741852896554,0.28617584966982623,3554,0.7241639591833146
