accumulated_eval_time,accumulated_logging_time,accumulated_submission_time,global_step,preemption_count,score,test/loss,test/num_examples,test/ppl,total_duration,train/loss,train/ppl,validation/loss,validation/num_examples,validation/ppl
210.0171413421631,0.0,66.42039799690247,1,0,66.42039799690247,0.0,0,1.0,277.0800657272339,10.555484771728516,38387.40813803308,10.56718550191816,100000,38839.20687637896
390.494343996048,0.0714783668518066,2634.724765062332,6133,0,2634.724765062332,0.0,0,1.0,3029.3742763996124,3.511235427856445,33.48961624197436,3.5045275285725705,100000,33.265723035230806
571.2474553585052,0.1094450950622558,5203.485951662064,12267,0,5203.485951662064,0.0,0,1.0,5782.082525730133,3.364767074584961,28.926758737004896,3.354489065497123,100000,28.63097190155883
752.0943691730499,0.1426169872283935,7772.168460845947,18402,0,7772.168460845947,0.0,0,1.0,8534.736054182053,3.290039825439453,26.843932706027392,3.2795347716192453,100000,26.56341177172373
932.9809477329254,0.1756734848022461,10340.67691731453,24537,0,10340.67691731453,0.0,0,1.0,11287.209333896635,3.236084747314453,25.433946225355,3.2240855029171995,100000,25.1305818004542
1113.8898537158966,0.2086579799652099,12909.646122694016,30676,0,12909.646122694016,0.0,0,1.0,14040.053198575974,3.184682846069336,24.15962487065808,3.1736226972106776,100000,23.89388807636117
1294.7219517230988,0.2400996685028076,15478.397482395172,36815,0,15478.397482395172,0.0,0,1.0,16792.565495491028,3.135220718383789,22.993710416588726,3.122435586836637,100000,22.70160409200244
1475.2986781597137,0.27175140380859375,18047.212738990784,42954,0,18047.212738990784,0.0,0,1.0,19544.883652448654,3.0847185134887694,21.861312311373755,3.0699675186820654,100000,21.541202976976333
