accumulated_eval_time,accumulated_logging_time,accumulated_submission_time,global_step,preemption_count,score,test/loss,test/num_examples,test/ppl,total_duration,train/loss,train/ppl,validation/loss,validation/num_examples,validation/ppl
331.56597232818604,0.0,23.976256608963013,1,0,23.976256608963013,0.0,0,1.0,355.54231333732605,11.033058166503906,61886.55107597829,11.032726287841797,100000,61866.01565802664
662.2329275608063,0.3716053962707519,2594.753819465637,5844,0,2594.753819465637,0.0,0,1.0,3257.408578157425,3.5498788356781006,34.8090996111288,3.5520920753479004,100000,34.88622580915558
992.524317741394,0.4050438404083252,5166.022149562836,11728,0,5166.022149562836,0.0,0,1.0,6159.052821397781,3.381636381149292,29.41887223462997,3.382528781890869,100000,29.44513737580116
1323.0769867897034,0.4451470375061035,7737.010445356369,17613,0,7737.010445356369,0.0,0,1.0,9060.68362379074,3.309576749801636,27.37353716466467,3.309309244155884,100000,27.366215568256766
1653.8122181892395,0.4779174327850342,10308.267341852188,23499,0,10308.267341852188,0.0,0,1.0,11962.755619764328,3.260040760040283,26.050598944341026,3.260221481323242,100000,26.055307267438376
1984.3941526412964,0.5110948085784912,12879.35993862152,29383,0,12879.35993862152,0.0,0,1.0,14864.50982761383,3.2154369354248047,24.91417541911752,3.215178966522217,100000,24.9077491655482
2314.7019748687744,0.5416276454925537,15450.604312419891,35269,0,15450.604312419891,0.0,0,1.0,17766.13851571083,3.1649959087371826,23.688647116151696,3.164270401000977,100000,23.671467052296865
2645.197335958481,0.5744681358337402,18021.71687054634,41154,0,18021.71687054634,0.0,0,1.0,20667.825149297714,3.115750551223755,22.550349195656462,3.1133077144622803,100000,22.4953296029596
2975.628767490387,0.6072432994842529,20593.007669210434,47039,0,20593.007669210434,0.0,0,1.0,23569.626526594162,3.0581982135772705,21.28916405757626,3.055332899093628,100000,21.228251216355208
