accumulated_eval_time,accumulated_logging_time,accumulated_submission_time,global_step,preemption_count,score,test/loss,test/num_examples,test/ppl,total_duration,train/loss,train/ppl,validation/loss,validation/num_examples,validation/ppl
220.08728098869324,0.0,44.79646825790405,1,0,44.79646825790405,0.0,0,1.0,265.4640135765076,11.013096618652344,60663.447855259445,11.014388686860611,100000,60741.87982645398
402.1214201450348,0.0388789176940918,2613.4691846370697,6359,0,2613.4691846370697,0.0,0,1.0,3019.2725598812103,3.542133331298828,34.54052703538431,3.5349514466112533,100000,34.293349615470774
584.3823189735413,0.0849249362945556,5182.362316608429,12723,0,5182.362316608429,0.0,0,1.0,5773.204605102539,3.418835067749024,30.533824457921007,3.408869048213715,100000,30.23103507545768
766.3833949565887,0.1273958683013916,7751.402804851532,19093,0,7751.402804851532,0.0,0,1.0,8526.974583387375,3.344918823242188,28.35827354051208,3.335922826586477,100000,28.104306661924507
947.7547678947448,0.1733760833740234,10320.478389263151,25462,0,10320.478389263151,0.0,0,1.0,11280.128260612488,3.289061737060547,26.817689803434643,3.278982489310262,100000,26.54874531971976
1129.3785605430603,0.2167572975158691,12889.6912920475,31834,0,12889.6912920475,0.0,0,1.0,14033.667446136476,3.2345924377441406,25.396019210454327,3.224217251438619,100000,25.13389293556261
1311.035367012024,0.2602219581604004,15458.67686009407,38205,0,15458.67686009407,0.0,0,1.0,16787.01485991478,3.173929977416992,23.90123132337838,3.163326331721547,100000,23.64913009293135
1492.5998122692108,0.3080556392669678,18027.61917901039,44577,0,18027.61917901039,0.0,0,1.0,19540.202886343002,3.114230728149414,22.51610268552468,3.1016658382952365,100000,22.234960295720292
