accumulated_eval_time,accumulated_logging_time,accumulated_submission_time,global_step,preemption_count,score,test/loss,test/num_examples,test/ppl,total_duration,train/loss,train/ppl,validation/loss,validation/num_examples,validation/ppl
210.1578254699707,0.0,84.48149585723877,1,0,84.48149585723877,0.0,0,1.0,295.2910807132721,10.523577117919922,37181.890898124,10.535500919117649,100000,37627.89411592796
390.8400843143463,0.3012731075286865,2652.3376636505127,6130,0,2652.3376636505127,0.0,0,1.0,3047.640738248825,3.5117923736572267,33.50827333812352,3.5055075252757355,100000,33.298339313445915
571.789370059967,0.3416101932525635,5220.664514780045,12259,0,5220.664514780045,0.0,0,1.0,5800.213054418564,3.363015365600586,28.87613182858726,3.353172204683504,100000,28.593293710517376
752.5334532260895,0.3748719692230224,7789.390129804611,18392,0,7789.390129804611,0.0,0,1.0,8552.952361822128,3.2872520446777345,26.76920192178088,3.2762838300231776,100000,26.477195888793496
933.1899418830872,0.4075484275817871,10358.118542909622,24525,0,10358.118542909622,0.0,0,1.0,11305.423987865448,3.233102416992188,25.35820679245331,3.2212244994804986,100000,25.058785872727626
1113.7332875728607,0.4394807815551758,12926.91816329956,30663,0,12926.91816329956,0.0,0,1.0,14057.734925031662,3.1806236267089845,24.061754426830845,3.169996490868766,100000,23.80740081298829
1294.2899224758148,0.4731931686401367,15496.00831246376,36802,0,15496.00831246376,0.0,0,1.0,16810.27459168434,3.1323017120361327,22.926689494762837,3.119886471487372,100000,22.643808779314032
1474.9960765838623,0.5158605575561523,18064.77754664421,42941,0,18064.77754664421,0.0,0,1.0,19562.641697883606,3.0819625854492188,21.80114705143719,3.0670634316056584,100000,21.47873619618831
