torchrun --redirects 1:0,2:0,3:0 --standalone --nnodes=1 --nproc_per_node=4 submission_runner.py --framework=pytorch --workload=librispeech_deepspeech --submission_path=submissions_algorithms/submissions/self_tuning/ademamix_golden/submission.py --data_dir=/data/librispeech --experiment_dir=/experiment_runs --experiment_name=submissions_a100/ademamix_golden/study_2 --overwrite=True --save_checkpoints=False --rng_seed=-618110163 --librispeech_tokenizer_vocab_path=/data/librispeech/spm_model.vocab --torch_compile=true --tuning_ruleset=self 2>&1 | tee -a /logs/librispeech_deepspeech_pytorch_09-16-2026-18-08-25.log
W0916 18:08:50.605000 9 site-packages/torch/distributed/run.py:803] 
W0916 18:08:50.605000 9 site-packages/torch/distributed/run.py:803] *****************************************
W0916 18:08:50.605000 9 site-packages/torch/distributed/run.py:803] Setting OMP_NUM_THREADS environment variable for each process to be 1 in default, to avoid your system being overloaded, please further tune the variable for optimal performance in your application as needed. 
W0916 18:08:50.605000 9 site-packages/torch/distributed/run.py:803] *****************************************
2026-09-16 18:09:04.899136: E external/local_xla/xla/stream_executor/cuda/cuda_fft.cc:467] Unable to register cuFFT factory: Attempting to register factory for plugin cuFFT when one has already been registered
2026-09-16 18:09:04.899135: E external/local_xla/xla/stream_executor/cuda/cuda_fft.cc:467] Unable to register cuFFT factory: Attempting to register factory for plugin cuFFT when one has already been registered
2026-09-16 18:09:04.899172: E external/local_xla/xla/stream_executor/cuda/cuda_fft.cc:467] Unable to register cuFFT factory: Attempting to register factory for plugin cuFFT when one has already been registered
2026-09-16 18:09:04.899178: E external/local_xla/xla/stream_executor/cuda/cuda_fft.cc:467] Unable to register cuFFT factory: Attempting to register factory for plugin cuFFT when one has already been registered
WARNING: All log messages before absl::InitializeLog() is called are written to STDERR
WARNING: All log messages before absl::InitializeLog() is called are written to STDERR
WARNING: All log messages before absl::InitializeLog() is called are written to STDERR
E0000 00:00:1789582145.397329      38 cuda_dnn.cc:8579] Unable to register cuDNN factory: Attempting to register factory for plugin cuDNN when one has already been registered
E0000 00:00:1789582145.397307      40 cuda_dnn.cc:8579] Unable to register cuDNN factory: Attempting to register factory for plugin cuDNN when one has already been registered
E0000 00:00:1789582145.397329      39 cuda_dnn.cc:8579] Unable to register cuDNN factory: Attempting to register factory for plugin cuDNN when one has already been registered
WARNING: All log messages before absl::InitializeLog() is called are written to STDERR
E0000 00:00:1789582145.397375      41 cuda_dnn.cc:8579] Unable to register cuDNN factory: Attempting to register factory for plugin cuDNN when one has already been registered
E0000 00:00:1789582145.503062      40 cuda_blas.cc:1407] Unable to register cuBLAS factory: Attempting to register factory for plugin cuBLAS when one has already been registered
E0000 00:00:1789582145.503076      39 cuda_blas.cc:1407] Unable to register cuBLAS factory: Attempting to register factory for plugin cuBLAS when one has already been registered
E0000 00:00:1789582145.503078      38 cuda_blas.cc:1407] Unable to register cuBLAS factory: Attempting to register factory for plugin cuBLAS when one has already been registered
E0000 00:00:1789582145.503107      41 cuda_blas.cc:1407] Unable to register cuBLAS factory: Attempting to register factory for plugin cuBLAS when one has already been registered
W0000 00:00:1789582146.799692      39 computation_placer.cc:177] computation placer already registered. Please check linkage and avoid linking the same target more than once.
W0000 00:00:1789582146.799699      40 computation_placer.cc:177] computation placer already registered. Please check linkage and avoid linking the same target more than once.
W0000 00:00:1789582146.799708      41 computation_placer.cc:177] computation placer already registered. Please check linkage and avoid linking the same target more than once.
W0000 00:00:1789582146.799709      38 computation_placer.cc:177] computation placer already registered. Please check linkage and avoid linking the same target more than once.
W0000 00:00:1789582146.799736      39 computation_placer.cc:177] computation placer already registered. Please check linkage and avoid linking the same target more than once.
W0000 00:00:1789582146.799737      40 computation_placer.cc:177] computation placer already registered. Please check linkage and avoid linking the same target more than once.
W0000 00:00:1789582146.799738      41 computation_placer.cc:177] computation placer already registered. Please check linkage and avoid linking the same target more than once.
W0000 00:00:1789582146.799738      38 computation_placer.cc:177] computation placer already registered. Please check linkage and avoid linking the same target more than once.
W0000 00:00:1789582146.799739      39 computation_placer.cc:177] computation placer already registered. Please check linkage and avoid linking the same target more than once.
W0000 00:00:1789582146.799740      40 computation_placer.cc:177] computation placer already registered. Please check linkage and avoid linking the same target more than once.
W0000 00:00:1789582146.799741      41 computation_placer.cc:177] computation placer already registered. Please check linkage and avoid linking the same target more than once.
W0000 00:00:1789582146.799741      38 computation_placer.cc:177] computation placer already registered. Please check linkage and avoid linking the same target more than once.
W0000 00:00:1789582146.799742      39 computation_placer.cc:177] computation placer already registered. Please check linkage and avoid linking the same target more than once.
W0000 00:00:1789582146.799742      40 computation_placer.cc:177] computation placer already registered. Please check linkage and avoid linking the same target more than once.
W0000 00:00:1789582146.799743      41 computation_placer.cc:177] computation placer already registered. Please check linkage and avoid linking the same target more than once.
W0000 00:00:1789582146.799744      38 computation_placer.cc:177] computation placer already registered. Please check linkage and avoid linking the same target more than once.
W0000 00:00:1789582173.177277      41 gpu_device.cc:2341] Cannot dlopen some GPU libraries. Please make sure the missing libraries mentioned above are installed properly if you would like to use GPU. Follow the guide at https://www.tensorflow.org/install/gpu for how to download and setup the required libraries for your platform.
Skipping registering GPU devices...
W0000 00:00:1789582173.177242      38 gpu_device.cc:2341] Cannot dlopen some GPU libraries. Please make sure the missing libraries mentioned above are installed properly if you would like to use GPU. Follow the guide at https://www.tensorflow.org/install/gpu for how to download and setup the required libraries for your platform.
Skipping registering GPU devices...
W0000 00:00:1789582173.179833      39 gpu_device.cc:2341] Cannot dlopen some GPU libraries. Please make sure the missing libraries mentioned above are installed properly if you would like to use GPU. Follow the guide at https://www.tensorflow.org/install/gpu for how to download and setup the required libraries for your platform.
Skipping registering GPU devices...
W0000 00:00:1789582173.245970      40 gpu_device.cc:2341] Cannot dlopen some GPU libraries. Please make sure the missing libraries mentioned above are installed properly if you would like to use GPU. Follow the guide at https://www.tensorflow.org/install/gpu for how to download and setup the required libraries for your platform.
Skipping registering GPU devices...
/usr/local/lib/python3.11/site-packages/torch/__init__.py:1617: UserWarning: Please use the new API settings to control TF32 behavior, such as torch.backends.cudnn.conv.fp32_precision = 'tf32' or torch.backends.cuda.matmul.fp32_precision = 'ieee'. Old settings, e.g, torch.backends.cuda.matmul.allow_tf32 = True, torch.backends.cudnn.allow_tf32 = True, allowTF32CuDNN() and allowTF32CuBLAS() will be deprecated after Pytorch 2.9. Please see https://pytorch.org/docs/main/notes/cuda.html#tensorfloat-32-tf32-on-ampere-and-later-devices (Triggered internally at /pytorch/aten/src/ATen/Context.cpp:80.)
  _C._set_float32_matmul_precision(precision)
/usr/local/lib/python3.11/site-packages/torch/__init__.py:1617: UserWarning: Please use the new API settings to control TF32 behavior, such as torch.backends.cudnn.conv.fp32_precision = 'tf32' or torch.backends.cuda.matmul.fp32_precision = 'ieee'. Old settings, e.g, torch.backends.cuda.matmul.allow_tf32 = True, torch.backends.cudnn.allow_tf32 = True, allowTF32CuDNN() and allowTF32CuBLAS() will be deprecated after Pytorch 2.9. Please see https://pytorch.org/docs/main/notes/cuda.html#tensorfloat-32-tf32-on-ampere-and-later-devices (Triggered internally at /pytorch/aten/src/ATen/Context.cpp:80.)
  _C._set_float32_matmul_precision(precision)
/usr/local/lib/python3.11/site-packages/torch/__init__.py:1617: UserWarning: Please use the new API settings to control TF32 behavior, such as torch.backends.cudnn.conv.fp32_precision = 'tf32' or torch.backends.cuda.matmul.fp32_precision = 'ieee'. Old settings, e.g, torch.backends.cuda.matmul.allow_tf32 = True, torch.backends.cudnn.allow_tf32 = True, allowTF32CuDNN() and allowTF32CuBLAS() will be deprecated after Pytorch 2.9. Please see https://pytorch.org/docs/main/notes/cuda.html#tensorfloat-32-tf32-on-ampere-and-later-devices (Triggered internally at /pytorch/aten/src/ATen/Context.cpp:80.)
  _C._set_float32_matmul_precision(precision)
/usr/local/lib/python3.11/site-packages/torch/__init__.py:1617: UserWarning: Please use the new API settings to control TF32 behavior, such as torch.backends.cudnn.conv.fp32_precision = 'tf32' or torch.backends.cuda.matmul.fp32_precision = 'ieee'. Old settings, e.g, torch.backends.cuda.matmul.allow_tf32 = True, torch.backends.cudnn.allow_tf32 = True, allowTF32CuDNN() and allowTF32CuBLAS() will be deprecated after Pytorch 2.9. Please see https://pytorch.org/docs/main/notes/cuda.html#tensorfloat-32-tf32-on-ampere-and-later-devices (Triggered internally at /pytorch/aten/src/ATen/Context.cpp:80.)
  _C._set_float32_matmul_precision(precision)
/usr/local/lib/python3.11/site-packages/pydantic/_internal/_generate_schema.py:2249: UnsupportedFieldAttributeWarning: The 'repr' attribute with value False was provided to the `Field()` function, which has no effect in the context it was used. 'repr' is field-specific metadata, and can only be attached to a model field using `Annotated` metadata or by assignment. This may have happened because an `Annotated` type alias using the `type` statement was used, or if the `Field()` function was attached to a single member of a union type.
  warnings.warn(
/usr/local/lib/python3.11/site-packages/pydantic/_internal/_generate_schema.py:2249: UnsupportedFieldAttributeWarning: The 'repr' attribute with value False was provided to the `Field()` function, which has no effect in the context it was used. 'repr' is field-specific metadata, and can only be attached to a model field using `Annotated` metadata or by assignment. This may have happened because an `Annotated` type alias using the `type` statement was used, or if the `Field()` function was attached to a single member of a union type.
  warnings.warn(
/usr/local/lib/python3.11/site-packages/pydantic/_internal/_generate_schema.py:2249: UnsupportedFieldAttributeWarning: The 'repr' attribute with value False was provided to the `Field()` function, which has no effect in the context it was used. 'repr' is field-specific metadata, and can only be attached to a model field using `Annotated` metadata or by assignment. This may have happened because an `Annotated` type alias using the `type` statement was used, or if the `Field()` function was attached to a single member of a union type.
  warnings.warn(
/usr/local/lib/python3.11/site-packages/pydantic/_internal/_generate_schema.py:2249: UnsupportedFieldAttributeWarning: The 'repr' attribute with value False was provided to the `Field()` function, which has no effect in the context it was used. 'repr' is field-specific metadata, and can only be attached to a model field using `Annotated` metadata or by assignment. This may have happened because an `Annotated` type alias using the `type` statement was used, or if the `Field()` function was attached to a single member of a union type.
  warnings.warn(
/usr/local/lib/python3.11/site-packages/pydantic/_internal/_generate_schema.py:2249: UnsupportedFieldAttributeWarning: The 'frozen' attribute with value True was provided to the `Field()` function, which has no effect in the context it was used. 'frozen' is field-specific metadata, and can only be attached to a model field using `Annotated` metadata or by assignment. This may have happened because an `Annotated` type alias using the `type` statement was used, or if the `Field()` function was attached to a single member of a union type.
  warnings.warn(
/usr/local/lib/python3.11/site-packages/pydantic/_internal/_generate_schema.py:2249: UnsupportedFieldAttributeWarning: The 'frozen' attribute with value True was provided to the `Field()` function, which has no effect in the context it was used. 'frozen' is field-specific metadata, and can only be attached to a model field using `Annotated` metadata or by assignment. This may have happened because an `Annotated` type alias using the `type` statement was used, or if the `Field()` function was attached to a single member of a union type.
  warnings.warn(
/usr/local/lib/python3.11/site-packages/pydantic/_internal/_generate_schema.py:2249: UnsupportedFieldAttributeWarning: The 'frozen' attribute with value True was provided to the `Field()` function, which has no effect in the context it was used. 'frozen' is field-specific metadata, and can only be attached to a model field using `Annotated` metadata or by assignment. This may have happened because an `Annotated` type alias using the `type` statement was used, or if the `Field()` function was attached to a single member of a union type.
  warnings.warn(
/usr/local/lib/python3.11/site-packages/pydantic/_internal/_generate_schema.py:2249: UnsupportedFieldAttributeWarning: The 'frozen' attribute with value True was provided to the `Field()` function, which has no effect in the context it was used. 'frozen' is field-specific metadata, and can only be attached to a model field using `Annotated` metadata or by assignment. This may have happened because an `Annotated` type alias using the `type` statement was used, or if the `Field()` function was attached to a single member of a union type.
  warnings.warn(
/usr/local/lib/python3.11/site-packages/torch/distributed/distributed_c10d.py:4876: UserWarning: barrier(): using the device under current context. You can specify `device_id` in `init_process_group` to mute this warning.
  warnings.warn(  # warn only once
[rank0]:[W916 18:09:41.163120121 ProcessGroupNCCL.cpp:5068] Guessing device ID based on global rank. This can cause a hang if rank to GPU mapping is heterogeneous. You can specify device_id in init_process_group()
I0916 18:09:44.144944 140378530096320 logger_utils.py:84] Creating experiment directory at /experiment_runs/submissions_a100/ademamix_golden/study_2/librispeech_deepspeech_pytorch.
I0916 18:09:44.144947 139810648466624 logger_utils.py:84] Creating experiment directory at /experiment_runs/submissions_a100/ademamix_golden/study_2/librispeech_deepspeech_pytorch.
I0916 18:09:44.144957 140298741052608 logger_utils.py:84] Creating experiment directory at /experiment_runs/submissions_a100/ademamix_golden/study_2/librispeech_deepspeech_pytorch.
I0916 18:09:44.144971 140109961065664 logger_utils.py:84] Creating experiment directory at /experiment_runs/submissions_a100/ademamix_golden/study_2/librispeech_deepspeech_pytorch.
I0916 18:09:44.367525 140109961065664 submission_runner.py:741] Creating directory at /experiment_runs/submissions_a100/ademamix_golden/study_2/librispeech_deepspeech_pytorch/trial_1.
I0916 18:09:44.641062 140109961065664 submission_runner.py:242] Initializing dataset.
I0916 18:09:44.641255 140109961065664 input_pipeline.py:19] Loading split = train-clean-100
I0916 18:09:44.717093 140109961065664 input_pipeline.py:19] Loading split = train-clean-360
I0916 18:09:44.870586 140109961065664 input_pipeline.py:19] Loading split = train-other-500
I0916 18:09:45.386482 140109961065664 submission_runner.py:251] Initializing model.
W0916 18:09:58.443450 140109961065664 submission_runner.py:273] These workloads cannot be fully compiled under current PyTorch version. Proceeding without `torch.compile`.
W0916 18:09:58.445209 140298741052608 submission_runner.py:273] These workloads cannot be fully compiled under current PyTorch version. Proceeding without `torch.compile`.
W0916 18:09:58.445561 139810648466624 submission_runner.py:273] These workloads cannot be fully compiled under current PyTorch version. Proceeding without `torch.compile`.
W0916 18:09:58.446426 140378530096320 submission_runner.py:273] These workloads cannot be fully compiled under current PyTorch version. Proceeding without `torch.compile`.
I0916 18:10:02.296339 140109961065664 submission_runner.py:294] Initializing optimizer.
I0916 18:10:02.296917 140109961065664 submission_runner.py:299] Initializing metrics bundle.
I0916 18:10:02.297053 140109961065664 submission_runner.py:321] Initializing checkpoint and logger.
I0916 18:10:02.299300 140109961065664 submission_runner.py:344] Saving meta data to /experiment_runs/submissions_a100/ademamix_golden/study_2/librispeech_deepspeech_pytorch/trial_1/meta_data_0.json.
I0916 18:10:02.299417 140298741052608 logger_utils.py:283] Unable to record workload.train_mean information. Continuing without it.
I0916 18:10:02.299516 140109961065664 logger_utils.py:283] Unable to record workload.train_mean information. Continuing without it.
I0916 18:10:02.299466 140378530096320 logger_utils.py:283] Unable to record workload.train_mean information. Continuing without it.
I0916 18:10:02.299482 139810648466624 logger_utils.py:283] Unable to record workload.train_mean information. Continuing without it.
I0916 18:10:02.299575 140109961065664 logger_utils.py:283] Unable to record workload.train_stddev information. Continuing without it.
I0916 18:10:02.299576 140298741052608 logger_utils.py:283] Unable to record workload.train_stddev information. Continuing without it.
I0916 18:10:02.299625 140378530096320 logger_utils.py:283] Unable to record workload.train_stddev information. Continuing without it.
I0916 18:10:02.299639 139810648466624 logger_utils.py:283] Unable to record workload.train_stddev information. Continuing without it.
I0916 18:10:02.759625 140109961065664 submission_runner.py:348] Saving flags to /experiment_runs/submissions_a100/ademamix_golden/study_2/librispeech_deepspeech_pytorch/trial_1/flags_0.json.
I0916 18:10:02.773535 140109961065664 submission_runner.py:359] Starting training loop.
/usr/local/lib/python3.11/multiprocessing/popen_fork.py:66: RuntimeWarning: os.fork() was called. os.fork() is incompatible with multithreaded code, and JAX is multithreaded, so this will likely lead to a deadlock.
  self.pid = os.fork()
/usr/local/lib/python3.11/multiprocessing/popen_fork.py:66: RuntimeWarning: os.fork() was called. os.fork() is incompatible with multithreaded code, and JAX is multithreaded, so this will likely lead to a deadlock.
  self.pid = os.fork()
/usr/local/lib/python3.11/multiprocessing/popen_fork.py:66: RuntimeWarning: os.fork() was called. os.fork() is incompatible with multithreaded code, and JAX is multithreaded, so this will likely lead to a deadlock.
  self.pid = os.fork()
/usr/local/lib/python3.11/multiprocessing/popen_fork.py:66: RuntimeWarning: os.fork() was called. os.fork() is incompatible with multithreaded code, and JAX is multithreaded, so this will likely lead to a deadlock.
  self.pid = os.fork()
/algorithmic-efficiency/algoperf/workloads/librispeech_conformer/librispeech_pytorch/preprocessor.py:516: UserWarning: Specified kernel cache directory could not be created! This disables kernel caching. Specified directory is /root/.cache/torch/kernels. This warning will appear only once per process. (Triggered internally at /pytorch/aten/src/ATen/native/cuda/jit_utils.cpp:1487.)
  spectrum = torch.abs(spectrum)
/algorithmic-efficiency/algoperf/workloads/librispeech_conformer/librispeech_pytorch/preprocessor.py:516: UserWarning: Specified kernel cache directory could not be created! This disables kernel caching. Specified directory is /root/.cache/torch/kernels. This warning will appear only once per process. (Triggered internally at /pytorch/aten/src/ATen/native/cuda/jit_utils.cpp:1487.)
  spectrum = torch.abs(spectrum)
I0916 18:10:56.925746 140092989089536 logging_writer.py:48] [0] global_step=0, grad_norm=0.5, loss=33.4458
I0916 18:10:57.141695 140109961065664 submission.py:307] 0) loss = 33.446, grad_norm = 0.500
I0916 18:10:57.731207 140109961065664 spec.py:333] Evaluating on the training split.
I0916 18:10:57.732171 140109961065664 input_pipeline.py:19] Loading split = train-clean-100
I0916 18:10:57.756183 140109961065664 input_pipeline.py:19] Loading split = train-clean-360
I0916 18:10:57.845455 140109961065664 input_pipeline.py:19] Loading split = train-other-500
/usr/local/lib/python3.11/multiprocessing/popen_fork.py:66: RuntimeWarning: os.fork() was called. os.fork() is incompatible with multithreaded code, and JAX is multithreaded, so this will likely lead to a deadlock.
  self.pid = os.fork()
/usr/local/lib/python3.11/multiprocessing/popen_fork.py:66: RuntimeWarning: os.fork() was called. os.fork() is incompatible with multithreaded code, and JAX is multithreaded, so this will likely lead to a deadlock.
  self.pid = os.fork()
/usr/local/lib/python3.11/multiprocessing/popen_fork.py:66: RuntimeWarning: os.fork() was called. os.fork() is incompatible with multithreaded code, and JAX is multithreaded, so this will likely lead to a deadlock.
  self.pid = os.fork()
/usr/local/lib/python3.11/multiprocessing/popen_fork.py:66: RuntimeWarning: os.fork() was called. os.fork() is incompatible with multithreaded code, and JAX is multithreaded, so this will likely lead to a deadlock.
  self.pid = os.fork()
I0916 18:11:25.143550 140109961065664 spec.py:346] Evaluating on the validation split.
I0916 18:11:25.144684 140109961065664 input_pipeline.py:19] Loading split = dev-clean
I0916 18:11:25.147782 140109961065664 input_pipeline.py:19] Loading split = dev-other
/usr/local/lib/python3.11/multiprocessing/popen_fork.py:66: RuntimeWarning: os.fork() was called. os.fork() is incompatible with multithreaded code, and JAX is multithreaded, so this will likely lead to a deadlock.
  self.pid = os.fork()
/usr/local/lib/python3.11/multiprocessing/popen_fork.py:66: RuntimeWarning: os.fork() was called. os.fork() is incompatible with multithreaded code, and JAX is multithreaded, so this will likely lead to a deadlock.
  self.pid = os.fork()
/usr/local/lib/python3.11/multiprocessing/popen_fork.py:66: RuntimeWarning: os.fork() was called. os.fork() is incompatible with multithreaded code, and JAX is multithreaded, so this will likely lead to a deadlock.
  self.pid = os.fork()
/usr/local/lib/python3.11/multiprocessing/popen_fork.py:66: RuntimeWarning: os.fork() was called. os.fork() is incompatible with multithreaded code, and JAX is multithreaded, so this will likely lead to a deadlock.
  self.pid = os.fork()
I0916 18:11:51.861850 140109961065664 spec.py:363] Evaluating on the test split.
I0916 18:11:51.862965 140109961065664 input_pipeline.py:19] Loading split = test-clean
/usr/local/lib/python3.11/multiprocessing/popen_fork.py:66: RuntimeWarning: os.fork() was called. os.fork() is incompatible with multithreaded code, and JAX is multithreaded, so this will likely lead to a deadlock.
  self.pid = os.fork()
/usr/local/lib/python3.11/multiprocessing/popen_fork.py:66: RuntimeWarning: os.fork() was called. os.fork() is incompatible with multithreaded code, and JAX is multithreaded, so this will likely lead to a deadlock.
  self.pid = os.fork()
/usr/local/lib/python3.11/multiprocessing/popen_fork.py:66: RuntimeWarning: os.fork() was called. os.fork() is incompatible with multithreaded code, and JAX is multithreaded, so this will likely lead to a deadlock.
  self.pid = os.fork()
/usr/local/lib/python3.11/multiprocessing/popen_fork.py:66: RuntimeWarning: os.fork() was called. os.fork() is incompatible with multithreaded code, and JAX is multithreaded, so this will likely lead to a deadlock.
  self.pid = os.fork()
I0916 18:12:04.741157 140109961065664 submission_runner.py:516] Time since start: 121.97s, 	Step: 1, 	{'train/ctc_loss': 32.54331867872724, 'train/wer': 3.6115683326057315, 'validation/ctc_loss': 31.47319858850713, 'validation/wer': 3.283097571573408, 'validation/num_examples': 5348, 'test/ctc_loss': 31.595735208723145, 'test/wer': 3.6465785144110656, 'test/num_examples': 2472, 'score': 54.36974382400513, 'total_duration': 121.9671106338501, 'accumulated_submission_time': 54.36974382400513, 'accumulated_eval_time': 67.00936770439148, 'accumulated_logging_time': 0}
I0916 18:12:04.835572 140087195002624 logging_writer.py:48] [1] accumulated_eval_time=67.0094, accumulated_logging_time=0, accumulated_submission_time=54.3697, global_step=1, preemption_count=0, score=54.3697, test/ctc_loss=31.5957, test/num_examples=2472, test/wer=3.64658, total_duration=121.967, train/ctc_loss=32.5433, train/wer=3.61157, validation/ctc_loss=31.4732, validation/num_examples=5348, validation/wer=3.2831
I0916 18:12:06.591432 140087186609920 logging_writer.py:48] [1] global_step=1, grad_norm=0.5, loss=32.8723
I0916 18:12:06.594582 140109961065664 submission.py:307] 1) loss = 32.872, grad_norm = 0.500
I0916 18:12:07.375867 140087195002624 logging_writer.py:48] [2] global_step=2, grad_norm=0.5, loss=33.363
I0916 18:12:07.379040 140109961065664 submission.py:307] 2) loss = 33.363, grad_norm = 0.500
I0916 18:12:07.927351 140087186609920 logging_writer.py:48] [3] global_step=3, grad_norm=0.5, loss=33.3959
I0916 18:12:07.930530 140109961065664 submission.py:307] 3) loss = 33.396, grad_norm = 0.500
I0916 18:12:08.475486 140087195002624 logging_writer.py:48] [4] global_step=4, grad_norm=0.5, loss=32.8386
I0916 18:12:08.478661 140109961065664 submission.py:307] 4) loss = 32.839, grad_norm = 0.500
I0916 18:12:09.022360 140087186609920 logging_writer.py:48] [5] global_step=5, grad_norm=0.5, loss=33.0253
I0916 18:12:09.025453 140109961065664 submission.py:307] 5) loss = 33.025, grad_norm = 0.500
I0916 18:12:09.578828 140087195002624 logging_writer.py:48] [6] global_step=6, grad_norm=0.5, loss=32.9661
I0916 18:12:09.582128 140109961065664 submission.py:307] 6) loss = 32.966, grad_norm = 0.500
I0916 18:12:10.123870 140087186609920 logging_writer.py:48] [7] global_step=7, grad_norm=0.5, loss=31.8327
I0916 18:12:10.126935 140109961065664 submission.py:307] 7) loss = 31.833, grad_norm = 0.500
I0916 18:12:10.669741 140087195002624 logging_writer.py:48] [8] global_step=8, grad_norm=0.5, loss=31.9892
I0916 18:12:10.672911 140109961065664 submission.py:307] 8) loss = 31.989, grad_norm = 0.500
I0916 18:12:11.221827 140087186609920 logging_writer.py:48] [9] global_step=9, grad_norm=0.5, loss=31.3715
I0916 18:12:11.224921 140109961065664 submission.py:307] 9) loss = 31.371, grad_norm = 0.500
I0916 18:12:11.777651 140087195002624 logging_writer.py:48] [10] global_step=10, grad_norm=0.5, loss=31.153
I0916 18:12:11.780676 140109961065664 submission.py:307] 10) loss = 31.153, grad_norm = 0.500
I0916 18:12:12.329105 140087186609920 logging_writer.py:48] [11] global_step=11, grad_norm=0.5, loss=30.9121
I0916 18:12:12.332123 140109961065664 submission.py:307] 11) loss = 30.912, grad_norm = 0.500
I0916 18:12:12.890544 140087195002624 logging_writer.py:48] [12] global_step=12, grad_norm=0.5, loss=30.9181
I0916 18:12:12.893628 140109961065664 submission.py:307] 12) loss = 30.918, grad_norm = 0.500
I0916 18:12:13.441890 140087186609920 logging_writer.py:48] [13] global_step=13, grad_norm=0.5, loss=29.9979
I0916 18:12:13.444849 140109961065664 submission.py:307] 13) loss = 29.998, grad_norm = 0.500
I0916 18:12:13.992441 140087195002624 logging_writer.py:48] [14] global_step=14, grad_norm=0.5, loss=29.8516
I0916 18:12:13.995559 140109961065664 submission.py:307] 14) loss = 29.852, grad_norm = 0.500
I0916 18:12:14.537038 140087186609920 logging_writer.py:48] [15] global_step=15, grad_norm=0.5, loss=28.5759
I0916 18:12:14.540111 140109961065664 submission.py:307] 15) loss = 28.576, grad_norm = 0.500
I0916 18:12:15.083952 140087195002624 logging_writer.py:48] [16] global_step=16, grad_norm=0.5, loss=28.9803
I0916 18:12:15.086974 140109961065664 submission.py:307] 16) loss = 28.980, grad_norm = 0.500
I0916 18:12:15.628485 140087186609920 logging_writer.py:48] [17] global_step=17, grad_norm=0.5, loss=28.5636
I0916 18:12:15.631578 140109961065664 submission.py:307] 17) loss = 28.564, grad_norm = 0.500
I0916 18:12:16.177556 140087195002624 logging_writer.py:48] [18] global_step=18, grad_norm=0.5, loss=28.1272
I0916 18:12:16.181074 140109961065664 submission.py:307] 18) loss = 28.127, grad_norm = 0.500
I0916 18:12:16.734063 140087186609920 logging_writer.py:48] [19] global_step=19, grad_norm=0.5, loss=27.4139
I0916 18:12:16.736991 140109961065664 submission.py:307] 19) loss = 27.414, grad_norm = 0.500
I0916 18:12:17.282316 140087195002624 logging_writer.py:48] [20] global_step=20, grad_norm=0.5, loss=26.6362
I0916 18:12:17.285362 140109961065664 submission.py:307] 20) loss = 26.636, grad_norm = 0.500
I0916 18:12:17.834186 140087186609920 logging_writer.py:48] [21] global_step=21, grad_norm=0.5, loss=26.5062
I0916 18:12:17.837347 140109961065664 submission.py:307] 21) loss = 26.506, grad_norm = 0.500
I0916 18:12:18.385926 140087195002624 logging_writer.py:48] [22] global_step=22, grad_norm=0.5, loss=26.7518
I0916 18:12:18.388943 140109961065664 submission.py:307] 22) loss = 26.752, grad_norm = 0.500
I0916 18:12:18.936439 140087186609920 logging_writer.py:48] [23] global_step=23, grad_norm=0.5, loss=25.6558
I0916 18:12:18.939431 140109961065664 submission.py:307] 23) loss = 25.656, grad_norm = 0.500
I0916 18:12:19.486013 140087195002624 logging_writer.py:48] [24] global_step=24, grad_norm=0.5, loss=25.4281
I0916 18:12:19.489008 140109961065664 submission.py:307] 24) loss = 25.428, grad_norm = 0.500
I0916 18:12:20.034976 140087186609920 logging_writer.py:48] [25] global_step=25, grad_norm=0.5, loss=25.1867
I0916 18:12:20.038066 140109961065664 submission.py:307] 25) loss = 25.187, grad_norm = 0.500
I0916 18:12:20.583655 140087195002624 logging_writer.py:48] [26] global_step=26, grad_norm=0.5, loss=24.3208
I0916 18:12:20.586682 140109961065664 submission.py:307] 26) loss = 24.321, grad_norm = 0.500
I0916 18:12:21.127753 140087186609920 logging_writer.py:48] [27] global_step=27, grad_norm=0.5, loss=24.1046
I0916 18:12:21.130797 140109961065664 submission.py:307] 27) loss = 24.105, grad_norm = 0.500
I0916 18:12:21.682184 140087195002624 logging_writer.py:48] [28] global_step=28, grad_norm=0.5, loss=23.0272
I0916 18:12:21.685176 140109961065664 submission.py:307] 28) loss = 23.027, grad_norm = 0.500
I0916 18:12:22.226002 140087186609920 logging_writer.py:48] [29] global_step=29, grad_norm=0.5, loss=22.1892
I0916 18:12:22.229000 140109961065664 submission.py:307] 29) loss = 22.189, grad_norm = 0.500
I0916 18:12:22.778469 140087195002624 logging_writer.py:48] [30] global_step=30, grad_norm=0.5, loss=21.7974
I0916 18:12:22.781595 140109961065664 submission.py:307] 30) loss = 21.797, grad_norm = 0.500
I0916 18:12:23.321080 140087186609920 logging_writer.py:48] [31] global_step=31, grad_norm=0.5, loss=21.0968
I0916 18:12:23.324101 140109961065664 submission.py:307] 31) loss = 21.097, grad_norm = 0.500
I0916 18:12:23.872964 140087195002624 logging_writer.py:48] [32] global_step=32, grad_norm=0.5, loss=20.0563
I0916 18:12:23.875956 140109961065664 submission.py:307] 32) loss = 20.056, grad_norm = 0.500
I0916 18:12:24.424965 140087186609920 logging_writer.py:48] [33] global_step=33, grad_norm=0.5, loss=19.8208
I0916 18:12:24.427934 140109961065664 submission.py:307] 33) loss = 19.821, grad_norm = 0.500
I0916 18:12:24.973168 140087195002624 logging_writer.py:48] [34] global_step=34, grad_norm=0.5, loss=19.0232
I0916 18:12:24.976282 140109961065664 submission.py:307] 34) loss = 19.023, grad_norm = 0.500
I0916 18:12:25.528109 140087186609920 logging_writer.py:48] [35] global_step=35, grad_norm=0.5, loss=18.6837
I0916 18:12:25.531406 140109961065664 submission.py:307] 35) loss = 18.684, grad_norm = 0.500
I0916 18:12:26.081274 140087195002624 logging_writer.py:48] [36] global_step=36, grad_norm=0.5, loss=17.7114
I0916 18:12:26.084325 140109961065664 submission.py:307] 36) loss = 17.711, grad_norm = 0.500
I0916 18:12:26.626702 140087186609920 logging_writer.py:48] [37] global_step=37, grad_norm=0.5, loss=16.5658
I0916 18:12:26.629768 140109961065664 submission.py:307] 37) loss = 16.566, grad_norm = 0.500
I0916 18:12:27.180741 140087195002624 logging_writer.py:48] [38] global_step=38, grad_norm=0.5, loss=16.4611
I0916 18:12:27.183970 140109961065664 submission.py:307] 38) loss = 16.461, grad_norm = 0.500
I0916 18:12:27.731287 140087186609920 logging_writer.py:48] [39] global_step=39, grad_norm=0.5, loss=15.9341
I0916 18:12:27.734389 140109961065664 submission.py:307] 39) loss = 15.934, grad_norm = 0.500
I0916 18:12:28.280882 140087195002624 logging_writer.py:48] [40] global_step=40, grad_norm=0.5, loss=14.9558
I0916 18:12:28.284002 140109961065664 submission.py:307] 40) loss = 14.956, grad_norm = 0.500
I0916 18:12:28.828493 140087186609920 logging_writer.py:48] [41] global_step=41, grad_norm=0.5, loss=14.1912
I0916 18:12:28.831582 140109961065664 submission.py:307] 41) loss = 14.191, grad_norm = 0.500
I0916 18:12:29.381525 140087195002624 logging_writer.py:48] [42] global_step=42, grad_norm=0.5, loss=13.5887
I0916 18:12:29.384690 140109961065664 submission.py:307] 42) loss = 13.589, grad_norm = 0.500
I0916 18:12:29.936591 140087186609920 logging_writer.py:48] [43] global_step=43, grad_norm=0.5, loss=13.017
I0916 18:12:29.939555 140109961065664 submission.py:307] 43) loss = 13.017, grad_norm = 0.500
I0916 18:12:30.483808 140087195002624 logging_writer.py:48] [44] global_step=44, grad_norm=0.5, loss=12.4641
I0916 18:12:30.486806 140109961065664 submission.py:307] 44) loss = 12.464, grad_norm = 0.500
I0916 18:12:31.031445 140087186609920 logging_writer.py:48] [45] global_step=45, grad_norm=0.5, loss=11.8128
I0916 18:12:31.034511 140109961065664 submission.py:307] 45) loss = 11.813, grad_norm = 0.500
I0916 18:12:31.581750 140087195002624 logging_writer.py:48] [46] global_step=46, grad_norm=0.5, loss=11.2042
I0916 18:12:31.584806 140109961065664 submission.py:307] 46) loss = 11.204, grad_norm = 0.500
I0916 18:12:32.131595 140087186609920 logging_writer.py:48] [47] global_step=47, grad_norm=0.5, loss=10.9196
I0916 18:12:32.134587 140109961065664 submission.py:307] 47) loss = 10.920, grad_norm = 0.500
I0916 18:12:32.680202 140087195002624 logging_writer.py:48] [48] global_step=48, grad_norm=0.5, loss=10.9876
I0916 18:12:32.683294 140109961065664 submission.py:307] 48) loss = 10.988, grad_norm = 0.500
I0916 18:12:33.231607 140087186609920 logging_writer.py:48] [49] global_step=49, grad_norm=0.5, loss=10.5708
I0916 18:12:33.234710 140109961065664 submission.py:307] 49) loss = 10.571, grad_norm = 0.500
I0916 18:12:33.777042 140087195002624 logging_writer.py:48] [50] global_step=50, grad_norm=0.5, loss=10.0648
I0916 18:12:33.780093 140109961065664 submission.py:307] 50) loss = 10.065, grad_norm = 0.500
I0916 18:12:34.328243 140087186609920 logging_writer.py:48] [51] global_step=51, grad_norm=0.5, loss=9.5508
I0916 18:12:34.331255 140109961065664 submission.py:307] 51) loss = 9.551, grad_norm = 0.500
I0916 18:12:34.875115 140087195002624 logging_writer.py:48] [52] global_step=52, grad_norm=0.5, loss=9.38303
I0916 18:12:34.878137 140109961065664 submission.py:307] 52) loss = 9.383, grad_norm = 0.500
I0916 18:12:35.428138 140087186609920 logging_writer.py:48] [53] global_step=53, grad_norm=0.5, loss=9.17527
I0916 18:12:35.431313 140109961065664 submission.py:307] 53) loss = 9.175, grad_norm = 0.500
I0916 18:12:35.971004 140087195002624 logging_writer.py:48] [54] global_step=54, grad_norm=0.5, loss=9.06011
I0916 18:12:35.974272 140109961065664 submission.py:307] 54) loss = 9.060, grad_norm = 0.500
I0916 18:12:36.526288 140087186609920 logging_writer.py:48] [55] global_step=55, grad_norm=0.5, loss=8.94384
I0916 18:12:36.529536 140109961065664 submission.py:307] 55) loss = 8.944, grad_norm = 0.500
I0916 18:12:37.074756 140087195002624 logging_writer.py:48] [56] global_step=56, grad_norm=0.5, loss=8.52012
I0916 18:12:37.077885 140109961065664 submission.py:307] 56) loss = 8.520, grad_norm = 0.500
I0916 18:12:37.618908 140087186609920 logging_writer.py:48] [57] global_step=57, grad_norm=0.5, loss=8.46748
I0916 18:12:37.622031 140109961065664 submission.py:307] 57) loss = 8.467, grad_norm = 0.500
I0916 18:12:38.168297 140087195002624 logging_writer.py:48] [58] global_step=58, grad_norm=0.5, loss=8.03939
I0916 18:12:38.171314 140109961065664 submission.py:307] 58) loss = 8.039, grad_norm = 0.500
I0916 18:12:38.717208 140087186609920 logging_writer.py:48] [59] global_step=59, grad_norm=0.5, loss=8.03169
I0916 18:12:38.720336 140109961065664 submission.py:307] 59) loss = 8.032, grad_norm = 0.500
I0916 18:12:39.272641 140087195002624 logging_writer.py:48] [60] global_step=60, grad_norm=0.5, loss=7.8031
I0916 18:12:39.275678 140109961065664 submission.py:307] 60) loss = 7.803, grad_norm = 0.500
I0916 18:12:39.820654 140087186609920 logging_writer.py:48] [61] global_step=61, grad_norm=0.5, loss=7.60856
I0916 18:12:39.823842 140109961065664 submission.py:307] 61) loss = 7.609, grad_norm = 0.500
I0916 18:12:40.369334 140087195002624 logging_writer.py:48] [62] global_step=62, grad_norm=0.5, loss=7.6539
I0916 18:12:40.372505 140109961065664 submission.py:307] 62) loss = 7.654, grad_norm = 0.500
I0916 18:12:40.920117 140087186609920 logging_writer.py:48] [63] global_step=63, grad_norm=0.5, loss=7.5183
I0916 18:12:40.923329 140109961065664 submission.py:307] 63) loss = 7.518, grad_norm = 0.500
I0916 18:12:41.467074 140087195002624 logging_writer.py:48] [64] global_step=64, grad_norm=0.5, loss=7.34347
I0916 18:12:41.470131 140109961065664 submission.py:307] 64) loss = 7.343, grad_norm = 0.500
I0916 18:12:42.010636 140087186609920 logging_writer.py:48] [65] global_step=65, grad_norm=0.5, loss=7.27861
I0916 18:12:42.013685 140109961065664 submission.py:307] 65) loss = 7.279, grad_norm = 0.500
I0916 18:12:42.563350 140087195002624 logging_writer.py:48] [66] global_step=66, grad_norm=0.5, loss=7.35773
I0916 18:12:42.566619 140109961065664 submission.py:307] 66) loss = 7.358, grad_norm = 0.500
I0916 18:12:43.108328 140087186609920 logging_writer.py:48] [67] global_step=67, grad_norm=0.5, loss=7.29986
I0916 18:12:43.111443 140109961065664 submission.py:307] 67) loss = 7.300, grad_norm = 0.500
I0916 18:12:43.658131 140087195002624 logging_writer.py:48] [68] global_step=68, grad_norm=0.5, loss=7.15778
I0916 18:12:43.661543 140109961065664 submission.py:307] 68) loss = 7.158, grad_norm = 0.500
I0916 18:12:44.204164 140087186609920 logging_writer.py:48] [69] global_step=69, grad_norm=0.5, loss=7.14655
I0916 18:12:44.207491 140109961065664 submission.py:307] 69) loss = 7.147, grad_norm = 0.500
I0916 18:12:44.757632 140087195002624 logging_writer.py:48] [70] global_step=70, grad_norm=0.5, loss=7.03736
I0916 18:12:44.760766 140109961065664 submission.py:307] 70) loss = 7.037, grad_norm = 0.500
I0916 18:12:45.302175 140087186609920 logging_writer.py:48] [71] global_step=71, grad_norm=0.5, loss=7.12012
I0916 18:12:45.305293 140109961065664 submission.py:307] 71) loss = 7.120, grad_norm = 0.500
I0916 18:12:45.851920 140087195002624 logging_writer.py:48] [72] global_step=72, grad_norm=0.5, loss=7.04406
I0916 18:12:45.855090 140109961065664 submission.py:307] 72) loss = 7.044, grad_norm = 0.500
I0916 18:12:46.405373 140087186609920 logging_writer.py:48] [73] global_step=73, grad_norm=0.5, loss=7.03564
I0916 18:12:46.408394 140109961065664 submission.py:307] 73) loss = 7.036, grad_norm = 0.500
I0916 18:12:46.950013 140087195002624 logging_writer.py:48] [74] global_step=74, grad_norm=0.5, loss=6.93405
I0916 18:12:46.953042 140109961065664 submission.py:307] 74) loss = 6.934, grad_norm = 0.500
I0916 18:12:47.508461 140087186609920 logging_writer.py:48] [75] global_step=75, grad_norm=0.5, loss=6.91863
I0916 18:12:47.511645 140109961065664 submission.py:307] 75) loss = 6.919, grad_norm = 0.500
I0916 18:12:48.065047 140087195002624 logging_writer.py:48] [76] global_step=76, grad_norm=0.5, loss=6.86736
I0916 18:12:48.068058 140109961065664 submission.py:307] 76) loss = 6.867, grad_norm = 0.500
I0916 18:12:48.617405 140087186609920 logging_writer.py:48] [77] global_step=77, grad_norm=0.5, loss=6.95131
I0916 18:12:48.620342 140109961065664 submission.py:307] 77) loss = 6.951, grad_norm = 0.500
I0916 18:12:49.164760 140087195002624 logging_writer.py:48] [78] global_step=78, grad_norm=0.5, loss=6.87848
I0916 18:12:49.167762 140109961065664 submission.py:307] 78) loss = 6.878, grad_norm = 0.500
I0916 18:12:49.715335 140087186609920 logging_writer.py:48] [79] global_step=79, grad_norm=0.5, loss=6.81268
I0916 18:12:49.718436 140109961065664 submission.py:307] 79) loss = 6.813, grad_norm = 0.500
I0916 18:12:50.267109 140087195002624 logging_writer.py:48] [80] global_step=80, grad_norm=0.5, loss=6.77503
I0916 18:12:50.270277 140109961065664 submission.py:307] 80) loss = 6.775, grad_norm = 0.500
I0916 18:12:50.817227 140087186609920 logging_writer.py:48] [81] global_step=81, grad_norm=0.5, loss=6.67952
I0916 18:12:50.820400 140109961065664 submission.py:307] 81) loss = 6.680, grad_norm = 0.500
I0916 18:12:51.361932 140087195002624 logging_writer.py:48] [82] global_step=82, grad_norm=0.5, loss=6.73085
I0916 18:12:51.364939 140109961065664 submission.py:307] 82) loss = 6.731, grad_norm = 0.500
I0916 18:12:51.907779 140087186609920 logging_writer.py:48] [83] global_step=83, grad_norm=0.5, loss=6.71836
I0916 18:12:51.910872 140109961065664 submission.py:307] 83) loss = 6.718, grad_norm = 0.500
I0916 18:12:52.463570 140087195002624 logging_writer.py:48] [84] global_step=84, grad_norm=0.5, loss=6.65467
I0916 18:12:52.466636 140109961065664 submission.py:307] 84) loss = 6.655, grad_norm = 0.500
I0916 18:12:53.013191 140087186609920 logging_writer.py:48] [85] global_step=85, grad_norm=0.5, loss=6.57361
I0916 18:12:53.016291 140109961065664 submission.py:307] 85) loss = 6.574, grad_norm = 0.500
I0916 18:12:53.564555 140087195002624 logging_writer.py:48] [86] global_step=86, grad_norm=0.5, loss=6.63613
I0916 18:12:53.567737 140109961065664 submission.py:307] 86) loss = 6.636, grad_norm = 0.500
I0916 18:12:54.117468 140087186609920 logging_writer.py:48] [87] global_step=87, grad_norm=0.5, loss=6.57787
I0916 18:12:54.120408 140109961065664 submission.py:307] 87) loss = 6.578, grad_norm = 0.500
I0916 18:12:54.678016 140087195002624 logging_writer.py:48] [88] global_step=88, grad_norm=0.5, loss=6.5355
I0916 18:12:54.681066 140109961065664 submission.py:307] 88) loss = 6.536, grad_norm = 0.500
I0916 18:12:55.224258 140087186609920 logging_writer.py:48] [89] global_step=89, grad_norm=0.5, loss=6.53852
I0916 18:12:55.227237 140109961065664 submission.py:307] 89) loss = 6.539, grad_norm = 0.500
I0916 18:12:55.781403 140087195002624 logging_writer.py:48] [90] global_step=90, grad_norm=0.5, loss=6.46552
I0916 18:12:55.784550 140109961065664 submission.py:307] 90) loss = 6.466, grad_norm = 0.500
I0916 18:12:56.332598 140087186609920 logging_writer.py:48] [91] global_step=91, grad_norm=0.5, loss=6.51518
I0916 18:12:56.335608 140109961065664 submission.py:307] 91) loss = 6.515, grad_norm = 0.500
I0916 18:12:56.891229 140087195002624 logging_writer.py:48] [92] global_step=92, grad_norm=0.5, loss=6.50284
I0916 18:12:56.894268 140109961065664 submission.py:307] 92) loss = 6.503, grad_norm = 0.500
I0916 18:12:57.443939 140087186609920 logging_writer.py:48] [93] global_step=93, grad_norm=0.5, loss=6.43526
I0916 18:12:57.447015 140109961065664 submission.py:307] 93) loss = 6.435, grad_norm = 0.500
I0916 18:12:58.001436 140087195002624 logging_writer.py:48] [94] global_step=94, grad_norm=0.5, loss=6.37654
I0916 18:12:58.004537 140109961065664 submission.py:307] 94) loss = 6.377, grad_norm = 0.500
I0916 18:12:58.556436 140087186609920 logging_writer.py:48] [95] global_step=95, grad_norm=0.5, loss=6.34783
I0916 18:12:58.559534 140109961065664 submission.py:307] 95) loss = 6.348, grad_norm = 0.500
I0916 18:12:59.109855 140087195002624 logging_writer.py:48] [96] global_step=96, grad_norm=0.5, loss=6.39257
I0916 18:12:59.112868 140109961065664 submission.py:307] 96) loss = 6.393, grad_norm = 0.500
I0916 18:12:59.658155 140087186609920 logging_writer.py:48] [97] global_step=97, grad_norm=0.5, loss=6.31858
I0916 18:12:59.661388 140109961065664 submission.py:307] 97) loss = 6.319, grad_norm = 0.500
I0916 18:13:00.212704 140087195002624 logging_writer.py:48] [98] global_step=98, grad_norm=0.5, loss=6.30538
I0916 18:13:00.215799 140109961065664 submission.py:307] 98) loss = 6.305, grad_norm = 0.500
I0916 18:13:00.762246 140087186609920 logging_writer.py:48] [99] global_step=99, grad_norm=0.5, loss=6.26942
I0916 18:13:00.765244 140109961065664 submission.py:307] 99) loss = 6.269, grad_norm = 0.500
I0916 18:13:01.309019 140087195002624 logging_writer.py:48] [100] global_step=100, grad_norm=0.5, loss=6.30538
I0916 18:13:01.312143 140109961065664 submission.py:307] 100) loss = 6.305, grad_norm = 0.500
I0916 18:16:41.466311 140087186609920 logging_writer.py:48] [500] global_step=500, grad_norm=0.5, loss=4.64759
I0916 18:16:41.470275 140109961065664 submission.py:307] 500) loss = 4.648, grad_norm = 0.500
I0916 18:23:38.281201 140087195002624 logging_writer.py:48] [1000] global_step=1000, grad_norm=0.5, loss=3.06197
I0916 18:23:38.284799 140109961065664 submission.py:307] 1000) loss = 3.062, grad_norm = 0.500
/usr/local/lib/python3.11/multiprocessing/popen_fork.py:66: RuntimeWarning: os.fork() was called. os.fork() is incompatible with multithreaded code, and JAX is multithreaded, so this will likely lead to a deadlock.
  self.pid = os.fork()
I0916 18:28:24.930496 140087195002624 logging_writer.py:48] [1500] global_step=1500, grad_norm=0.5, loss=2.64044
I0916 18:28:24.937575 140109961065664 submission.py:307] 1500) loss = 2.640, grad_norm = 0.500
I0916 18:36:12.649199 140109961065664 spec.py:333] Evaluating on the training split.
/usr/local/lib/python3.11/multiprocessing/popen_fork.py:66: RuntimeWarning: os.fork() was called. os.fork() is incompatible with multithreaded code, and JAX is multithreaded, so this will likely lead to a deadlock.
  self.pid = os.fork()
I0916 18:36:25.865228 140109961065664 spec.py:346] Evaluating on the validation split.
I0916 18:36:45.400866 140109961065664 spec.py:363] Evaluating on the test split.
I0916 18:36:55.728207 140109961065664 submission_runner.py:516] Time since start: 1612.95s, 	Step: 1991, 	{'train/ctc_loss': 6.037100156652686, 'train/wer': 0.9414253453414609, 'validation/ctc_loss': 5.9608374303044, 'validation/wer': 0.8964901269733984, 'validation/num_examples': 5348, 'test/ctc_loss': 5.847129653526034, 'test/wer': 0.8991123839701014, 'test/num_examples': 2472, 'score': 1499.6107699871063, 'total_duration': 1612.9545664787292, 'accumulated_submission_time': 1499.6107699871063, 'accumulated_eval_time': 110.08822107315063, 'accumulated_logging_time': 0.10763931274414062}
I0916 18:36:55.930017 140087195002624 logging_writer.py:48] [1991] accumulated_eval_time=110.088, accumulated_logging_time=0.107639, accumulated_submission_time=1499.61, global_step=1991, preemption_count=0, score=1499.61, test/ctc_loss=5.84713, test/num_examples=2472, test/wer=0.899112, total_duration=1612.95, train/ctc_loss=6.0371, train/wer=0.941425, validation/ctc_loss=5.96084, validation/num_examples=5348, validation/wer=0.89649
I0916 18:37:03.025831 140087186609920 logging_writer.py:48] [2000] global_step=2000, grad_norm=0.5, loss=2.42904
I0916 18:37:03.029104 140109961065664 submission.py:307] 2000) loss = 2.429, grad_norm = 0.500
/usr/local/lib/python3.11/multiprocessing/popen_fork.py:66: RuntimeWarning: os.fork() was called. os.fork() is incompatible with multithreaded code, and JAX is multithreaded, so this will likely lead to a deadlock.
  self.pid = os.fork()
I0916 18:42:08.863101 140087113082624 logging_writer.py:48] [2500] global_step=2500, grad_norm=0.5, loss=2.22706
I0916 18:42:08.873274 140109961065664 submission.py:307] 2500) loss = 2.227, grad_norm = 0.500
I0916 18:49:47.660837 140087104689920 logging_writer.py:48] [3000] global_step=3000, grad_norm=0.5, loss=2.10497
I0916 18:49:47.664771 140109961065664 submission.py:307] 3000) loss = 2.105, grad_norm = 0.500
/usr/local/lib/python3.11/multiprocessing/popen_fork.py:66: RuntimeWarning: os.fork() was called. os.fork() is incompatible with multithreaded code, and JAX is multithreaded, so this will likely lead to a deadlock.
  self.pid = os.fork()
I0916 18:55:18.487609 140087195002624 logging_writer.py:48] [3500] global_step=3500, grad_norm=0.5, loss=2.00826
I0916 18:55:18.494603 140109961065664 submission.py:307] 3500) loss = 2.008, grad_norm = 0.500
I0916 19:01:03.975427 140109961065664 spec.py:333] Evaluating on the training split.
/usr/local/lib/python3.11/multiprocessing/popen_fork.py:66: RuntimeWarning: os.fork() was called. os.fork() is incompatible with multithreaded code, and JAX is multithreaded, so this will likely lead to a deadlock.
  self.pid = os.fork()
I0916 19:01:22.143468 140109961065664 spec.py:346] Evaluating on the validation split.
I0916 19:01:42.219096 140109961065664 spec.py:363] Evaluating on the test split.
I0916 19:01:52.522760 140109961065664 submission_runner.py:516] Time since start: 3109.75s, 	Step: 3933, 	{'train/ctc_loss': 1.6419855517374973, 'train/wer': 0.4234104591438011, 'validation/ctc_loss': 1.819571591822383, 'validation/wer': 0.43858446386327427, 'validation/num_examples': 5348, 'test/ctc_loss': 1.2938803511516872, 'test/wer': 0.349074807547783, 'test/num_examples': 2472, 'score': 2945.1600375175476, 'total_duration': 3109.749101638794, 'accumulated_submission_time': 2945.1600375175476, 'accumulated_eval_time': 158.6353361606598, 'accumulated_logging_time': 0.3192300796508789}
I0916 19:01:52.601986 140087195002624 logging_writer.py:48] [3933] accumulated_eval_time=158.635, accumulated_logging_time=0.31923, accumulated_submission_time=2945.16, global_step=3933, preemption_count=0, score=2945.16, test/ctc_loss=1.29388, test/num_examples=2472, test/wer=0.349075, total_duration=3109.75, train/ctc_loss=1.64199, train/wer=0.42341, validation/ctc_loss=1.81957, validation/num_examples=5348, validation/wer=0.438584
I0916 19:03:03.321179 140087186609920 logging_writer.py:48] [4000] global_step=4000, grad_norm=0.5, loss=1.93263
I0916 19:03:03.324830 140109961065664 submission.py:307] 4000) loss = 1.933, grad_norm = 0.500
/usr/local/lib/python3.11/multiprocessing/popen_fork.py:66: RuntimeWarning: os.fork() was called. os.fork() is incompatible with multithreaded code, and JAX is multithreaded, so this will likely lead to a deadlock.
  self.pid = os.fork()
I0916 19:08:48.288359 140087195002624 logging_writer.py:48] [4500] global_step=4500, grad_norm=0.5, loss=1.8837
I0916 19:08:48.295222 140109961065664 submission.py:307] 4500) loss = 1.884, grad_norm = 0.500
I0916 19:15:41.076898 140087186609920 logging_writer.py:48] [5000] global_step=5000, grad_norm=0.5, loss=1.88535
I0916 19:15:41.080799 140109961065664 submission.py:307] 5000) loss = 1.885, grad_norm = 0.500
/usr/local/lib/python3.11/multiprocessing/popen_fork.py:66: RuntimeWarning: os.fork() was called. os.fork() is incompatible with multithreaded code, and JAX is multithreaded, so this will likely lead to a deadlock.
  self.pid = os.fork()
I0916 19:21:46.521195 140087195002624 logging_writer.py:48] [5500] global_step=5500, grad_norm=0.5, loss=1.84784
I0916 19:21:46.528305 140109961065664 submission.py:307] 5500) loss = 1.848, grad_norm = 0.500
I0916 19:26:00.491144 140109961065664 spec.py:333] Evaluating on the training split.
/usr/local/lib/python3.11/multiprocessing/popen_fork.py:66: RuntimeWarning: os.fork() was called. os.fork() is incompatible with multithreaded code, and JAX is multithreaded, so this will likely lead to a deadlock.
  self.pid = os.fork()
I0916 19:26:19.325731 140109961065664 spec.py:346] Evaluating on the validation split.
I0916 19:26:39.310572 140109961065664 spec.py:363] Evaluating on the test split.
I0916 19:26:50.598206 140109961065664 submission_runner.py:516] Time since start: 4607.82s, 	Step: 5867, 	{'train/ctc_loss': 0.5884155970488655, 'train/wer': 0.19020054866579356, 'validation/ctc_loss': 0.8283974446516476, 'validation/wer': 0.23493458214647805, 'validation/num_examples': 5348, 'test/ctc_loss': 0.512976744467385, 'test/wer': 0.1638128897284342, 'test/num_examples': 2472, 'score': 4390.693488121033, 'total_duration': 4607.824376344681, 'accumulated_submission_time': 4390.693488121033, 'accumulated_eval_time': 208.74199318885803, 'accumulated_logging_time': 0.40804481506347656}
I0916 19:26:50.675309 140087195002624 logging_writer.py:48] [5867] accumulated_eval_time=208.742, accumulated_logging_time=0.408045, accumulated_submission_time=4390.69, global_step=5867, preemption_count=0, score=4390.69, test/ctc_loss=0.512977, test/num_examples=2472, test/wer=0.163813, total_duration=4607.82, train/ctc_loss=0.588416, train/wer=0.190201, validation/ctc_loss=0.828397, validation/num_examples=5348, validation/wer=0.234935
I0916 19:29:13.612985 140087186609920 logging_writer.py:48] [6000] global_step=6000, grad_norm=0.5, loss=1.7736
I0916 19:29:13.616657 140109961065664 submission.py:307] 6000) loss = 1.774, grad_norm = 0.500
/usr/local/lib/python3.11/multiprocessing/popen_fork.py:66: RuntimeWarning: os.fork() was called. os.fork() is incompatible with multithreaded code, and JAX is multithreaded, so this will likely lead to a deadlock.
  self.pid = os.fork()
I0916 19:35:32.240906 140087195002624 logging_writer.py:48] [6500] global_step=6500, grad_norm=0.5, loss=1.72951
I0916 19:35:32.248065 140109961065664 submission.py:307] 6500) loss = 1.730, grad_norm = 0.500
I0916 19:41:47.092361 140087186609920 logging_writer.py:48] [7000] global_step=7000, grad_norm=0.5, loss=1.69544
I0916 19:41:47.096176 140109961065664 submission.py:307] 7000) loss = 1.695, grad_norm = 0.500
/usr/local/lib/python3.11/multiprocessing/popen_fork.py:66: RuntimeWarning: os.fork() was called. os.fork() is incompatible with multithreaded code, and JAX is multithreaded, so this will likely lead to a deadlock.
  self.pid = os.fork()
I0916 19:48:21.707862 140087195002624 logging_writer.py:48] [7500] global_step=7500, grad_norm=0.5, loss=1.71441
I0916 19:48:21.714993 140109961065664 submission.py:307] 7500) loss = 1.714, grad_norm = 0.500
I0916 19:50:58.694969 140109961065664 spec.py:333] Evaluating on the training split.
/usr/local/lib/python3.11/multiprocessing/popen_fork.py:66: RuntimeWarning: os.fork() was called. os.fork() is incompatible with multithreaded code, and JAX is multithreaded, so this will likely lead to a deadlock.
  self.pid = os.fork()
I0916 19:51:15.332918 140109961065664 spec.py:346] Evaluating on the validation split.
I0916 19:51:35.651342 140109961065664 spec.py:363] Evaluating on the test split.
I0916 19:51:46.008849 140109961065664 submission_runner.py:516] Time since start: 6103.24s, 	Step: 7769, 	{'train/ctc_loss': 0.4873721933060454, 'train/wer': 0.16171627834279215, 'validation/ctc_loss': 0.7424400288200723, 'validation/wer': 0.2120600589002076, 'validation/num_examples': 5348, 'test/ctc_loss': 0.4462445157752113, 'test/wer': 0.14461844697662138, 'test/num_examples': 2472, 'score': 5836.115516662598, 'total_duration': 6103.2351706027985, 'accumulated_submission_time': 5836.115516662598, 'accumulated_eval_time': 256.05564308166504, 'accumulated_logging_time': 0.49970126152038574}
I0916 19:51:46.181147 140087195002624 logging_writer.py:48] [7769] accumulated_eval_time=256.056, accumulated_logging_time=0.499701, accumulated_submission_time=5836.12, global_step=7769, preemption_count=0, score=5836.12, test/ctc_loss=0.446245, test/num_examples=2472, test/wer=0.144618, total_duration=6103.24, train/ctc_loss=0.487372, train/wer=0.161716, validation/ctc_loss=0.74244, validation/num_examples=5348, validation/wer=0.21206
I0916 19:55:21.137408 140087186609920 logging_writer.py:48] [8000] global_step=8000, grad_norm=0.5, loss=1.56077
I0916 19:55:21.141041 140109961065664 submission.py:307] 8000) loss = 1.561, grad_norm = 0.500
/usr/local/lib/python3.11/multiprocessing/popen_fork.py:66: RuntimeWarning: os.fork() was called. os.fork() is incompatible with multithreaded code, and JAX is multithreaded, so this will likely lead to a deadlock.
  self.pid = os.fork()
I0916 20:02:15.229484 140087195002624 logging_writer.py:48] [8500] global_step=8500, grad_norm=0.5, loss=1.55321
I0916 20:02:15.236678 140109961065664 submission.py:307] 8500) loss = 1.553, grad_norm = 0.500
I0916 20:07:58.228713 140087186609920 logging_writer.py:48] [9000] global_step=9000, grad_norm=0.5, loss=1.65831
I0916 20:07:58.232606 140109961065664 submission.py:307] 9000) loss = 1.658, grad_norm = 0.500
/usr/local/lib/python3.11/multiprocessing/popen_fork.py:66: RuntimeWarning: os.fork() was called. os.fork() is incompatible with multithreaded code, and JAX is multithreaded, so this will likely lead to a deadlock.
  self.pid = os.fork()
I0916 20:15:05.433575 140087195002624 logging_writer.py:48] [9500] global_step=9500, grad_norm=0.5, loss=1.5993
I0916 20:15:05.440623 140109961065664 submission.py:307] 9500) loss = 1.599, grad_norm = 0.500
I0916 20:15:54.295756 140109961065664 spec.py:333] Evaluating on the training split.
/usr/local/lib/python3.11/multiprocessing/popen_fork.py:66: RuntimeWarning: os.fork() was called. os.fork() is incompatible with multithreaded code, and JAX is multithreaded, so this will likely lead to a deadlock.
  self.pid = os.fork()
I0916 20:16:09.245176 140109961065664 spec.py:346] Evaluating on the validation split.
I0916 20:16:29.113103 140109961065664 spec.py:363] Evaluating on the test split.
I0916 20:16:39.819638 140109961065664 submission_runner.py:516] Time since start: 7597.05s, 	Step: 9590, 	{'train/ctc_loss': 0.4252956714167804, 'train/wer': 0.1424644687697059, 'validation/ctc_loss': 0.6756669056566456, 'validation/wer': 0.19341476367498672, 'validation/num_examples': 5348, 'test/ctc_loss': 0.39390283244080265, 'test/wer': 0.128998842239961, 'test/num_examples': 2472, 'score': 7281.850630283356, 'total_duration': 7597.046008348465, 'accumulated_submission_time': 7281.850630283356, 'accumulated_eval_time': 301.57932806015015, 'accumulated_logging_time': 0.6819305419921875}
I0916 20:16:39.876712 140087195002624 logging_writer.py:48] [9590] accumulated_eval_time=301.579, accumulated_logging_time=0.681931, accumulated_submission_time=7281.85, global_step=9590, preemption_count=0, score=7281.85, test/ctc_loss=0.393903, test/num_examples=2472, test/wer=0.128999, total_duration=7597.05, train/ctc_loss=0.425296, train/wer=0.142464, validation/ctc_loss=0.675667, validation/num_examples=5348, validation/wer=0.193415
I0916 20:21:45.208678 140087186609920 logging_writer.py:48] [10000] global_step=10000, grad_norm=0.5, loss=1.68571
I0916 20:21:45.212584 140109961065664 submission.py:307] 10000) loss = 1.686, grad_norm = 0.500
/usr/local/lib/python3.11/multiprocessing/popen_fork.py:66: RuntimeWarning: os.fork() was called. os.fork() is incompatible with multithreaded code, and JAX is multithreaded, so this will likely lead to a deadlock.
  self.pid = os.fork()
I0916 20:29:08.147101 140087195002624 logging_writer.py:48] [10500] global_step=10500, grad_norm=0.5, loss=1.58566
I0916 20:29:08.154248 140109961065664 submission.py:307] 10500) loss = 1.586, grad_norm = 0.500
I0916 20:34:30.587596 140087186609920 logging_writer.py:48] [11000] global_step=11000, grad_norm=0.5, loss=1.51798
I0916 20:34:30.591294 140109961065664 submission.py:307] 11000) loss = 1.518, grad_norm = 0.500
/usr/local/lib/python3.11/multiprocessing/popen_fork.py:66: RuntimeWarning: os.fork() was called. os.fork() is incompatible with multithreaded code, and JAX is multithreaded, so this will likely lead to a deadlock.
  self.pid = os.fork()
I0916 20:40:48.058598 140109961065664 spec.py:333] Evaluating on the training split.
I0916 20:41:02.749731 140109961065664 spec.py:346] Evaluating on the validation split.
I0916 20:41:22.698508 140109961065664 spec.py:363] Evaluating on the test split.
I0916 20:41:33.099156 140109961065664 submission_runner.py:516] Time since start: 9090.33s, 	Step: 11351, 	{'train/ctc_loss': 0.38339447315006653, 'train/wer': 0.12967484275712646, 'validation/ctc_loss': 0.6379087945172794, 'validation/wer': 0.18445420750253463, 'validation/num_examples': 5348, 'test/ctc_loss': 0.36346412470159367, 'test/wer': 0.1171775028944001, 'test/num_examples': 2472, 'score': 8727.689821004868, 'total_duration': 9090.325487852097, 'accumulated_submission_time': 8727.689821004868, 'accumulated_eval_time': 346.61975502967834, 'accumulated_logging_time': 0.7487177848815918}
I0916 20:41:33.149096 140087195002624 logging_writer.py:48] [11351] accumulated_eval_time=346.62, accumulated_logging_time=0.748718, accumulated_submission_time=8727.69, global_step=11351, preemption_count=0, score=8727.69, test/ctc_loss=0.363464, test/num_examples=2472, test/wer=0.117178, total_duration=9090.33, train/ctc_loss=0.383394, train/wer=0.129675, validation/ctc_loss=0.637909, validation/num_examples=5348, validation/wer=0.184454
I0916 20:42:55.353090 140087186609920 logging_writer.py:48] [11500] global_step=11500, grad_norm=0.5, loss=1.50288
I0916 20:42:55.356727 140109961065664 submission.py:307] 11500) loss = 1.503, grad_norm = 0.500
I0916 20:48:16.566365 140087195002624 logging_writer.py:48] [12000] global_step=12000, grad_norm=0.5, loss=1.47386
I0916 20:48:16.569994 140109961065664 submission.py:307] 12000) loss = 1.474, grad_norm = 0.500
/usr/local/lib/python3.11/multiprocessing/popen_fork.py:66: RuntimeWarning: os.fork() was called. os.fork() is incompatible with multithreaded code, and JAX is multithreaded, so this will likely lead to a deadlock.
  self.pid = os.fork()
I0916 20:56:00.948086 140087113082624 logging_writer.py:48] [12500] global_step=12500, grad_norm=0.5, loss=1.51324
I0916 20:56:00.956786 140109961065664 submission.py:307] 12500) loss = 1.513, grad_norm = 0.500
I0916 21:01:03.630248 140087104689920 logging_writer.py:48] [13000] global_step=13000, grad_norm=0.5, loss=1.5206
I0916 21:01:03.634029 140109961065664 submission.py:307] 13000) loss = 1.521, grad_norm = 0.500
I0916 21:05:41.455753 140109961065664 spec.py:333] Evaluating on the training split.
/usr/local/lib/python3.11/multiprocessing/popen_fork.py:66: RuntimeWarning: os.fork() was called. os.fork() is incompatible with multithreaded code, and JAX is multithreaded, so this will likely lead to a deadlock.
  self.pid = os.fork()
I0916 21:05:56.894614 140109961065664 spec.py:346] Evaluating on the validation split.
I0916 21:06:16.748930 140109961065664 spec.py:363] Evaluating on the test split.
I0916 21:06:27.289433 140109961065664 submission_runner.py:516] Time since start: 10584.52s, 	Step: 13269, 	{'train/ctc_loss': 0.35512769088887763, 'train/wer': 0.12238804361300198, 'validation/ctc_loss': 0.6118201343366988, 'validation/wer': 0.17457635301501473, 'validation/num_examples': 5348, 'test/ctc_loss': 0.33827091667204334, 'test/wer': 0.11102309426604107, 'test/num_examples': 2472, 'score': 10173.496448755264, 'total_duration': 10584.515745162964, 'accumulated_submission_time': 10173.496448755264, 'accumulated_eval_time': 392.4531898498535, 'accumulated_logging_time': 0.8087592124938965}
I0916 21:06:27.486925 140087195002624 logging_writer.py:48] [13269] accumulated_eval_time=392.453, accumulated_logging_time=0.808759, accumulated_submission_time=10173.5, global_step=13269, preemption_count=0, score=10173.5, test/ctc_loss=0.338271, test/num_examples=2472, test/wer=0.111023, total_duration=10584.5, train/ctc_loss=0.355128, train/wer=0.122388, validation/ctc_loss=0.61182, validation/num_examples=5348, validation/wer=0.174576
/usr/local/lib/python3.11/multiprocessing/popen_fork.py:66: RuntimeWarning: os.fork() was called. os.fork() is incompatible with multithreaded code, and JAX is multithreaded, so this will likely lead to a deadlock.
  self.pid = os.fork()
I0916 21:09:45.724510 140087195002624 logging_writer.py:48] [13500] global_step=13500, grad_norm=0.5, loss=1.37534
I0916 21:09:45.731490 140109961065664 submission.py:307] 13500) loss = 1.375, grad_norm = 0.500
I0916 21:14:49.123866 140087186609920 logging_writer.py:48] [14000] global_step=14000, grad_norm=0.5, loss=1.39868
I0916 21:14:49.127690 140109961065664 submission.py:307] 14000) loss = 1.399, grad_norm = 0.500
/usr/local/lib/python3.11/multiprocessing/popen_fork.py:66: RuntimeWarning: os.fork() was called. os.fork() is incompatible with multithreaded code, and JAX is multithreaded, so this will likely lead to a deadlock.
  self.pid = os.fork()
I0916 21:22:43.365637 140087195002624 logging_writer.py:48] [14500] global_step=14500, grad_norm=0.5, loss=1.45877
I0916 21:22:43.372887 140109961065664 submission.py:307] 14500) loss = 1.459, grad_norm = 0.500
I0916 21:27:39.885377 140087186609920 logging_writer.py:48] [15000] global_step=15000, grad_norm=0.5, loss=1.45926
I0916 21:27:39.889184 140109961065664 submission.py:307] 15000) loss = 1.459, grad_norm = 0.500
I0916 21:30:35.533857 140109961065664 spec.py:333] Evaluating on the training split.
/usr/local/lib/python3.11/multiprocessing/popen_fork.py:66: RuntimeWarning: os.fork() was called. os.fork() is incompatible with multithreaded code, and JAX is multithreaded, so this will likely lead to a deadlock.
  self.pid = os.fork()
I0916 21:30:53.730270 140109961065664 spec.py:346] Evaluating on the validation split.
I0916 21:31:13.551105 140109961065664 spec.py:363] Evaluating on the test split.
I0916 21:31:23.998073 140109961065664 submission_runner.py:516] Time since start: 12081.22s, 	Step: 15193, 	{'train/ctc_loss': 0.3283039978018091, 'train/wer': 0.11291843851224258, 'validation/ctc_loss': 0.5931179421432339, 'validation/wer': 0.16854149567904214, 'validation/num_examples': 5348, 'test/ctc_loss': 0.32434942879379314, 'test/wer': 0.10529522880994455, 'test/num_examples': 2472, 'score': 11619.135604143143, 'total_duration': 12081.224436283112, 'accumulated_submission_time': 11619.135604143143, 'accumulated_eval_time': 440.9172077178955, 'accumulated_logging_time': 1.01652193069458}
I0916 21:31:24.079372 140087195002624 logging_writer.py:48] [15193] accumulated_eval_time=440.917, accumulated_logging_time=1.01652, accumulated_submission_time=11619.1, global_step=15193, preemption_count=0, score=11619.1, test/ctc_loss=0.324349, test/num_examples=2472, test/wer=0.105295, total_duration=12081.2, train/ctc_loss=0.328304, train/wer=0.112918, validation/ctc_loss=0.593118, validation/num_examples=5348, validation/wer=0.168541
/usr/local/lib/python3.11/multiprocessing/popen_fork.py:66: RuntimeWarning: os.fork() was called. os.fork() is incompatible with multithreaded code, and JAX is multithreaded, so this will likely lead to a deadlock.
  self.pid = os.fork()
I0916 21:36:39.469419 140087195002624 logging_writer.py:48] [15500] global_step=15500, grad_norm=0.5, loss=1.3529
I0916 21:36:39.476499 140109961065664 submission.py:307] 15500) loss = 1.353, grad_norm = 0.500
I0916 21:41:23.138920 140087186609920 logging_writer.py:48] [16000] global_step=16000, grad_norm=0.5, loss=1.38706
I0916 21:41:23.142918 140109961065664 submission.py:307] 16000) loss = 1.387, grad_norm = 0.500
/usr/local/lib/python3.11/multiprocessing/popen_fork.py:66: RuntimeWarning: os.fork() was called. os.fork() is incompatible with multithreaded code, and JAX is multithreaded, so this will likely lead to a deadlock.
  self.pid = os.fork()
I0916 21:49:27.961204 140087195002624 logging_writer.py:48] [16500] global_step=16500, grad_norm=0.5, loss=1.42073
I0916 21:49:27.968323 140109961065664 submission.py:307] 16500) loss = 1.421, grad_norm = 0.500
I0916 21:54:03.177615 140087186609920 logging_writer.py:48] [17000] global_step=17000, grad_norm=0.5, loss=1.37118
I0916 21:54:03.181572 140109961065664 submission.py:307] 17000) loss = 1.371, grad_norm = 0.500
I0916 21:55:32.822628 140109961065664 spec.py:333] Evaluating on the training split.
/usr/local/lib/python3.11/multiprocessing/popen_fork.py:66: RuntimeWarning: os.fork() was called. os.fork() is incompatible with multithreaded code, and JAX is multithreaded, so this will likely lead to a deadlock.
  self.pid = os.fork()
I0916 21:55:50.024690 140109961065664 spec.py:346] Evaluating on the validation split.
I0916 21:56:09.848051 140109961065664 spec.py:363] Evaluating on the test split.
I0916 21:56:20.315183 140109961065664 submission_runner.py:516] Time since start: 13577.54s, 	Step: 17119, 	{'train/ctc_loss': 0.3036698365674533, 'train/wer': 0.10576099083221498, 'validation/ctc_loss': 0.5600870449379647, 'validation/wer': 0.1598416453435041, 'validation/num_examples': 5348, 'test/ctc_loss': 0.30678115826021035, 'test/wer': 0.09930331281863791, 'test/num_examples': 2472, 'score': 13065.391492843628, 'total_duration': 13577.54152393341, 'accumulated_submission_time': 13065.391492843628, 'accumulated_eval_time': 488.40959787368774, 'accumulated_logging_time': 1.1076455116271973}
I0916 21:56:20.387634 140087195002624 logging_writer.py:48] [17119] accumulated_eval_time=488.41, accumulated_logging_time=1.10765, accumulated_submission_time=13065.4, global_step=17119, preemption_count=0, score=13065.4, test/ctc_loss=0.306781, test/num_examples=2472, test/wer=0.0993033, total_duration=13577.5, train/ctc_loss=0.30367, train/wer=0.105761, validation/ctc_loss=0.560087, validation/num_examples=5348, validation/wer=0.159842
I0916 22:03:10.977513 140087186609920 logging_writer.py:48] [17500] global_step=17500, grad_norm=0.5, loss=1.45792
I0916 22:03:10.981376 140109961065664 submission.py:307] 17500) loss = 1.458, grad_norm = 0.500
/usr/local/lib/python3.11/multiprocessing/popen_fork.py:66: RuntimeWarning: os.fork() was called. os.fork() is incompatible with multithreaded code, and JAX is multithreaded, so this will likely lead to a deadlock.
  self.pid = os.fork()
I0916 22:07:50.020411 140087195002624 logging_writer.py:48] [18000] global_step=18000, grad_norm=0.5, loss=1.37395
I0916 22:07:50.027199 140109961065664 submission.py:307] 18000) loss = 1.374, grad_norm = 0.500
I0916 22:15:39.291338 140087186609920 logging_writer.py:48] [18500] global_step=18500, grad_norm=0.5, loss=1.35524
I0916 22:15:39.295083 140109961065664 submission.py:307] 18500) loss = 1.355, grad_norm = 0.500
/usr/local/lib/python3.11/multiprocessing/popen_fork.py:66: RuntimeWarning: os.fork() was called. os.fork() is incompatible with multithreaded code, and JAX is multithreaded, so this will likely lead to a deadlock.
  self.pid = os.fork()
I0916 22:20:28.461816 140109961065664 spec.py:333] Evaluating on the training split.
I0916 22:20:44.186938 140109961065664 spec.py:346] Evaluating on the validation split.
I0916 22:21:04.058147 140109961065664 spec.py:363] Evaluating on the test split.
I0916 22:21:14.540283 140109961065664 submission_runner.py:516] Time since start: 15071.77s, 	Step: 18990, 	{'train/ctc_loss': 0.2967907781258949, 'train/wer': 0.10316318226160255, 'validation/ctc_loss': 0.5587584725675607, 'validation/wer': 0.15916574132187514, 'validation/num_examples': 5348, 'test/ctc_loss': 0.29955332299664494, 'test/wer': 0.09806430646111348, 'test/num_examples': 2472, 'score': 14511.024166345596, 'total_duration': 15071.766645908356, 'accumulated_submission_time': 14511.024166345596, 'accumulated_eval_time': 534.4881474971771, 'accumulated_logging_time': 1.189727783203125}
I0916 22:21:14.604496 140087195002624 logging_writer.py:48] [18990] accumulated_eval_time=534.488, accumulated_logging_time=1.18973, accumulated_submission_time=14511, global_step=18990, preemption_count=0, score=14511, test/ctc_loss=0.299553, test/num_examples=2472, test/wer=0.0980643, total_duration=15071.8, train/ctc_loss=0.296791, train/wer=0.103163, validation/ctc_loss=0.558758, validation/num_examples=5348, validation/wer=0.159166
I0916 22:21:22.244594 140087186609920 logging_writer.py:48] [19000] global_step=19000, grad_norm=0.5, loss=1.33257
I0916 22:21:22.247876 140109961065664 submission.py:307] 19000) loss = 1.333, grad_norm = 0.500
I0916 22:29:18.163352 140087195002624 logging_writer.py:48] [19500] global_step=19500, grad_norm=0.5, loss=1.45576
I0916 22:29:18.167100 140109961065664 submission.py:307] 19500) loss = 1.456, grad_norm = 0.500
/usr/local/lib/python3.11/multiprocessing/popen_fork.py:66: RuntimeWarning: os.fork() was called. os.fork() is incompatible with multithreaded code, and JAX is multithreaded, so this will likely lead to a deadlock.
  self.pid = os.fork()
I0916 22:34:32.645886 140087195002624 logging_writer.py:48] [20000] global_step=20000, grad_norm=0.5, loss=1.3754
I0916 22:34:32.652859 140109961065664 submission.py:307] 20000) loss = 1.375, grad_norm = 0.500
I0916 22:41:53.719961 140087186609920 logging_writer.py:48] [20500] global_step=20500, grad_norm=0.5, loss=1.39109
I0916 22:41:53.723837 140109961065664 submission.py:307] 20500) loss = 1.391, grad_norm = 0.500
/usr/local/lib/python3.11/multiprocessing/popen_fork.py:66: RuntimeWarning: os.fork() was called. os.fork() is incompatible with multithreaded code, and JAX is multithreaded, so this will likely lead to a deadlock.
  self.pid = os.fork()
I0916 22:45:22.873360 140109961065664 spec.py:333] Evaluating on the training split.
I0916 22:45:38.481454 140109961065664 spec.py:346] Evaluating on the validation split.
I0916 22:45:58.373758 140109961065664 spec.py:363] Evaluating on the test split.
I0916 22:46:08.660260 140109961065664 submission_runner.py:516] Time since start: 16565.89s, 	Step: 20770, 	{'train/ctc_loss': 0.2835062776879411, 'train/wer': 0.0986736085285732, 'validation/ctc_loss': 0.5481313652175005, 'validation/wer': 0.1545985612900111, 'validation/num_examples': 5348, 'test/ctc_loss': 0.29365324476579135, 'test/wer': 0.09554567058680154, 'test/num_examples': 2472, 'score': 15956.933192014694, 'total_duration': 16565.886620759964, 'accumulated_submission_time': 15956.933192014694, 'accumulated_eval_time': 580.2749526500702, 'accumulated_logging_time': 1.2638778686523438}
I0916 22:46:08.875057 140087195002624 logging_writer.py:48] [20770] accumulated_eval_time=580.275, accumulated_logging_time=1.26388, accumulated_submission_time=15956.9, global_step=20770, preemption_count=0, score=15956.9, test/ctc_loss=0.293653, test/num_examples=2472, test/wer=0.0955457, total_duration=16565.9, train/ctc_loss=0.283506, train/wer=0.0986736, validation/ctc_loss=0.548131, validation/num_examples=5348, validation/wer=0.154599
I0916 22:48:15.482375 140087186609920 logging_writer.py:48] [21000] global_step=21000, grad_norm=0.5, loss=1.3774
I0916 22:48:15.486050 140109961065664 submission.py:307] 21000) loss = 1.377, grad_norm = 0.500
I0916 22:55:33.122776 140087195002624 logging_writer.py:48] [21500] global_step=21500, grad_norm=0.5, loss=1.33048
I0916 22:55:33.269998 140109961065664 submission.py:307] 21500) loss = 1.330, grad_norm = 0.500
/usr/local/lib/python3.11/multiprocessing/popen_fork.py:66: RuntimeWarning: os.fork() was called. os.fork() is incompatible with multithreaded code, and JAX is multithreaded, so this will likely lead to a deadlock.
  self.pid = os.fork()
I0916 23:01:24.045986 140087195002624 logging_writer.py:48] [22000] global_step=22000, grad_norm=0.5, loss=1.30799
I0916 23:01:24.054826 140109961065664 submission.py:307] 22000) loss = 1.308, grad_norm = 0.500
I0916 23:08:13.134290 140087186609920 logging_writer.py:48] [22500] global_step=22500, grad_norm=0.5, loss=1.33827
I0916 23:08:13.138145 140109961065664 submission.py:307] 22500) loss = 1.338, grad_norm = 0.500
I0916 23:10:17.626431 140109961065664 spec.py:333] Evaluating on the training split.
/usr/local/lib/python3.11/multiprocessing/popen_fork.py:66: RuntimeWarning: os.fork() was called. os.fork() is incompatible with multithreaded code, and JAX is multithreaded, so this will likely lead to a deadlock.
  self.pid = os.fork()
I0916 23:10:33.388386 140109961065664 spec.py:346] Evaluating on the validation split.
I0916 23:10:54.055569 140109961065664 spec.py:363] Evaluating on the test split.
I0916 23:11:04.708451 140109961065664 submission_runner.py:516] Time since start: 18061.93s, 	Step: 22608, 	{'train/ctc_loss': 0.2634278618592821, 'train/wer': 0.09291207873192447, 'validation/ctc_loss': 0.5222968526314798, 'validation/wer': 0.148640950127939, 'validation/num_examples': 5348, 'test/ctc_loss': 0.2798856982708562, 'test/wer': 0.09060995673633539, 'test/num_examples': 2472, 'score': 17403.099194288254, 'total_duration': 18061.93473124504, 'accumulated_submission_time': 17403.099194288254, 'accumulated_eval_time': 627.3567457199097, 'accumulated_logging_time': 1.4887628555297852}
I0916 23:11:04.764576 140087195002624 logging_writer.py:48] [22608] accumulated_eval_time=627.357, accumulated_logging_time=1.48876, accumulated_submission_time=17403.1, global_step=22608, preemption_count=0, score=17403.1, test/ctc_loss=0.279886, test/num_examples=2472, test/wer=0.09061, total_duration=18061.9, train/ctc_loss=0.263428, train/wer=0.0929121, validation/ctc_loss=0.522297, validation/num_examples=5348, validation/wer=0.148641
/usr/local/lib/python3.11/multiprocessing/popen_fork.py:66: RuntimeWarning: os.fork() was called. os.fork() is incompatible with multithreaded code, and JAX is multithreaded, so this will likely lead to a deadlock.
  self.pid = os.fork()
I0916 23:15:11.187780 140087195002624 logging_writer.py:48] [23000] global_step=23000, grad_norm=0.5, loss=1.30225
I0916 23:15:11.195407 140109961065664 submission.py:307] 23000) loss = 1.302, grad_norm = 0.500
I0916 23:21:50.352147 140087186609920 logging_writer.py:48] [23500] global_step=23500, grad_norm=0.5, loss=1.29382
I0916 23:21:50.355928 140109961065664 submission.py:307] 23500) loss = 1.294, grad_norm = 0.500
/usr/local/lib/python3.11/multiprocessing/popen_fork.py:66: RuntimeWarning: os.fork() was called. os.fork() is incompatible with multithreaded code, and JAX is multithreaded, so this will likely lead to a deadlock.
  self.pid = os.fork()
I0916 23:28:16.428102 140087195002624 logging_writer.py:48] [24000] global_step=24000, grad_norm=0.5, loss=1.29155
I0916 23:28:16.435130 140109961065664 submission.py:307] 24000) loss = 1.292, grad_norm = 0.500
I0916 23:34:36.678757 140087186609920 logging_writer.py:48] [24500] global_step=24500, grad_norm=0.5, loss=1.32228
I0916 23:34:36.682705 140109961065664 submission.py:307] 24500) loss = 1.322, grad_norm = 0.500
I0916 23:35:12.580346 140109961065664 spec.py:333] Evaluating on the training split.
/usr/local/lib/python3.11/multiprocessing/popen_fork.py:66: RuntimeWarning: os.fork() was called. os.fork() is incompatible with multithreaded code, and JAX is multithreaded, so this will likely lead to a deadlock.
  self.pid = os.fork()
I0916 23:35:27.704670 140109961065664 spec.py:346] Evaluating on the validation split.
I0916 23:35:47.700914 140109961065664 spec.py:363] Evaluating on the test split.
I0916 23:35:58.279770 140109961065664 submission_runner.py:516] Time since start: 19555.51s, 	Step: 24531, 	{'train/ctc_loss': 0.24694506207152123, 'train/wer': 0.08706970427021521, 'validation/ctc_loss': 0.5107892791214587, 'validation/wer': 0.14457587022642784, 'validation/num_examples': 5348, 'test/ctc_loss': 0.27159272372411125, 'test/wer': 0.08733979241565616, 'test/num_examples': 2472, 'score': 18848.515809059143, 'total_duration': 19555.506080389023, 'accumulated_submission_time': 18848.515809059143, 'accumulated_eval_time': 673.05593085289, 'accumulated_logging_time': 1.5548083782196045}
I0916 23:35:58.336251 140087195002624 logging_writer.py:48] [24531] accumulated_eval_time=673.056, accumulated_logging_time=1.55481, accumulated_submission_time=18848.5, global_step=24531, preemption_count=0, score=18848.5, test/ctc_loss=0.271593, test/num_examples=2472, test/wer=0.0873398, total_duration=19555.5, train/ctc_loss=0.246945, train/wer=0.0870697, validation/ctc_loss=0.510789, validation/num_examples=5348, validation/wer=0.144576
/usr/local/lib/python3.11/multiprocessing/popen_fork.py:66: RuntimeWarning: os.fork() was called. os.fork() is incompatible with multithreaded code, and JAX is multithreaded, so this will likely lead to a deadlock.
  self.pid = os.fork()
I0916 23:42:05.682437 140087195002624 logging_writer.py:48] [25000] global_step=25000, grad_norm=0.5, loss=1.30206
I0916 23:42:05.689285 140109961065664 submission.py:307] 25000) loss = 1.302, grad_norm = 0.500
I0916 23:48:04.703043 140087186609920 logging_writer.py:48] [25500] global_step=25500, grad_norm=0.5, loss=1.26025
I0916 23:48:04.706995 140109961065664 submission.py:307] 25500) loss = 1.260, grad_norm = 0.500
/usr/local/lib/python3.11/multiprocessing/popen_fork.py:66: RuntimeWarning: os.fork() was called. os.fork() is incompatible with multithreaded code, and JAX is multithreaded, so this will likely lead to a deadlock.
  self.pid = os.fork()
I0916 23:54:59.194828 140087195002624 logging_writer.py:48] [26000] global_step=26000, grad_norm=0.5, loss=1.30992
I0916 23:54:59.201754 140109961065664 submission.py:307] 26000) loss = 1.310, grad_norm = 0.500
I0917 00:00:06.102139 140109961065664 spec.py:333] Evaluating on the training split.
/usr/local/lib/python3.11/multiprocessing/popen_fork.py:66: RuntimeWarning: os.fork() was called. os.fork() is incompatible with multithreaded code, and JAX is multithreaded, so this will likely lead to a deadlock.
  self.pid = os.fork()
I0917 00:00:23.197395 140109961065664 spec.py:346] Evaluating on the validation split.
I0917 00:00:43.140334 140109961065664 spec.py:363] Evaluating on the test split.
I0917 00:00:53.582236 140109961065664 submission_runner.py:516] Time since start: 21050.81s, 	Step: 26461, 	{'train/ctc_loss': 0.22989876530732561, 'train/wer': 0.08181480104127929, 'validation/ctc_loss': 0.4952058767204139, 'validation/wer': 0.1402500844880027, 'validation/num_examples': 5348, 'test/ctc_loss': 0.2620092929382541, 'test/wer': 0.08490240285987041, 'test/num_examples': 2472, 'score': 20293.84050965309, 'total_duration': 21050.80857372284, 'accumulated_submission_time': 20293.84050965309, 'accumulated_eval_time': 720.5358953475952, 'accumulated_logging_time': 1.6216716766357422}
I0917 00:00:53.744749 140087195002624 logging_writer.py:48] [26461] accumulated_eval_time=720.536, accumulated_logging_time=1.62167, accumulated_submission_time=20293.8, global_step=26461, preemption_count=0, score=20293.8, test/ctc_loss=0.262009, test/num_examples=2472, test/wer=0.0849024, total_duration=21050.8, train/ctc_loss=0.229899, train/wer=0.0818148, validation/ctc_loss=0.495206, validation/num_examples=5348, validation/wer=0.14025
I0917 00:01:32.122941 140087186609920 logging_writer.py:48] [26500] global_step=26500, grad_norm=0.5, loss=1.24665
I0917 00:01:32.126681 140109961065664 submission.py:307] 26500) loss = 1.247, grad_norm = 0.500
/usr/local/lib/python3.11/multiprocessing/popen_fork.py:66: RuntimeWarning: os.fork() was called. os.fork() is incompatible with multithreaded code, and JAX is multithreaded, so this will likely lead to a deadlock.
  self.pid = os.fork()
I0917 00:08:48.779618 140087195002624 logging_writer.py:48] [27000] global_step=27000, grad_norm=0.5, loss=1.27238
I0917 00:08:48.786599 140109961065664 submission.py:307] 27000) loss = 1.272, grad_norm = 0.500
I0917 00:14:15.959209 140087186609920 logging_writer.py:48] [27500] global_step=27500, grad_norm=0.5, loss=1.22208
I0917 00:14:15.963212 140109961065664 submission.py:307] 27500) loss = 1.222, grad_norm = 0.500
/usr/local/lib/python3.11/multiprocessing/popen_fork.py:66: RuntimeWarning: os.fork() was called. os.fork() is incompatible with multithreaded code, and JAX is multithreaded, so this will likely lead to a deadlock.
  self.pid = os.fork()
I0917 00:21:38.830723 140087195002624 logging_writer.py:48] [28000] global_step=28000, grad_norm=0.5, loss=1.20667
I0917 00:21:38.837832 140109961065664 submission.py:307] 28000) loss = 1.207, grad_norm = 0.500
I0917 00:25:01.695441 140109961065664 spec.py:333] Evaluating on the training split.
/usr/local/lib/python3.11/multiprocessing/popen_fork.py:66: RuntimeWarning: os.fork() was called. os.fork() is incompatible with multithreaded code, and JAX is multithreaded, so this will likely lead to a deadlock.
  self.pid = os.fork()
I0917 00:25:19.200227 140109961065664 spec.py:346] Evaluating on the validation split.
I0917 00:25:39.530007 140109961065664 spec.py:363] Evaluating on the test split.
I0917 00:25:50.035749 140109961065664 submission_runner.py:516] Time since start: 22547.26s, 	Step: 28356, 	{'train/ctc_loss': 0.21683521569221959, 'train/wer': 0.07815523253620493, 'validation/ctc_loss': 0.48093368165436007, 'validation/wer': 0.13559600251050066, 'validation/num_examples': 5348, 'test/ctc_loss': 0.2542665807068198, 'test/wer': 0.08171348485771739, 'test/num_examples': 2472, 'score': 21739.44190144539, 'total_duration': 22547.26208972931, 'accumulated_submission_time': 21739.44190144539, 'accumulated_eval_time': 768.8759837150574, 'accumulated_logging_time': 1.7939543724060059}
I0917 00:25:50.097358 140087195002624 logging_writer.py:48] [28356] accumulated_eval_time=768.876, accumulated_logging_time=1.79395, accumulated_submission_time=21739.4, global_step=28356, preemption_count=0, score=21739.4, test/ctc_loss=0.254267, test/num_examples=2472, test/wer=0.0817135, total_duration=22547.3, train/ctc_loss=0.216835, train/wer=0.0781552, validation/ctc_loss=0.480934, validation/num_examples=5348, validation/wer=0.135596
I0917 00:27:53.556892 140087186609920 logging_writer.py:48] [28500] global_step=28500, grad_norm=0.5, loss=1.17407
I0917 00:27:53.560758 140109961065664 submission.py:307] 28500) loss = 1.174, grad_norm = 0.500
/usr/local/lib/python3.11/multiprocessing/popen_fork.py:66: RuntimeWarning: os.fork() was called. os.fork() is incompatible with multithreaded code, and JAX is multithreaded, so this will likely lead to a deadlock.
  self.pid = os.fork()
I0917 00:35:35.044143 140087195002624 logging_writer.py:48] [29000] global_step=29000, grad_norm=0.5, loss=1.17926
I0917 00:35:35.051163 140109961065664 submission.py:307] 29000) loss = 1.179, grad_norm = 0.500
I0917 00:40:40.570804 140087186609920 logging_writer.py:48] [29500] global_step=29500, grad_norm=0.5, loss=1.28851
I0917 00:40:40.574606 140109961065664 submission.py:307] 29500) loss = 1.289, grad_norm = 0.500
/usr/local/lib/python3.11/multiprocessing/popen_fork.py:66: RuntimeWarning: os.fork() was called. os.fork() is incompatible with multithreaded code, and JAX is multithreaded, so this will likely lead to a deadlock.
  self.pid = os.fork()
I0917 00:48:24.971217 140087195002624 logging_writer.py:48] [30000] global_step=30000, grad_norm=0.5, loss=1.27297
I0917 00:48:24.978363 140109961065664 submission.py:307] 30000) loss = 1.273, grad_norm = 0.500
I0917 00:49:58.298101 140109961065664 spec.py:333] Evaluating on the training split.
/usr/local/lib/python3.11/multiprocessing/popen_fork.py:66: RuntimeWarning: os.fork() was called. os.fork() is incompatible with multithreaded code, and JAX is multithreaded, so this will likely lead to a deadlock.
  self.pid = os.fork()
I0917 00:50:13.756460 140109961065664 spec.py:346] Evaluating on the validation split.
I0917 00:50:33.932606 140109961065664 spec.py:363] Evaluating on the test split.
I0917 00:50:44.435421 140109961065664 submission_runner.py:516] Time since start: 24041.66s, 	Step: 30172, 	{'train/ctc_loss': 0.20342630375461115, 'train/wer': 0.07387585493233302, 'validation/ctc_loss': 0.4689482753478501, 'validation/wer': 0.13204267851108, 'validation/num_examples': 5348, 'test/ctc_loss': 0.2475520094038325, 'test/wer': 0.07915422582414235, 'test/num_examples': 2472, 'score': 23185.21777319908, 'total_duration': 24041.661779642105, 'accumulated_submission_time': 23185.21777319908, 'accumulated_eval_time': 815.013129234314, 'accumulated_logging_time': 1.8652231693267822}
I0917 00:50:44.496783 140087195002624 logging_writer.py:48] [30172] accumulated_eval_time=815.013, accumulated_logging_time=1.86522, accumulated_submission_time=23185.2, global_step=30172, preemption_count=0, score=23185.2, test/ctc_loss=0.247552, test/num_examples=2472, test/wer=0.0791542, total_duration=24041.7, train/ctc_loss=0.203426, train/wer=0.0738759, validation/ctc_loss=0.468948, validation/num_examples=5348, validation/wer=0.132043
I0917 00:54:23.084389 140087186609920 logging_writer.py:48] [30500] global_step=30500, grad_norm=0.5, loss=1.2352
I0917 00:54:23.088011 140109961065664 submission.py:307] 30500) loss = 1.235, grad_norm = 0.500
/usr/local/lib/python3.11/multiprocessing/popen_fork.py:66: RuntimeWarning: os.fork() was called. os.fork() is incompatible with multithreaded code, and JAX is multithreaded, so this will likely lead to a deadlock.
  self.pid = os.fork()
I0917 01:02:25.031562 140087195002624 logging_writer.py:48] [31000] global_step=31000, grad_norm=0.5, loss=1.19261
I0917 01:02:25.038805 140109961065664 submission.py:307] 31000) loss = 1.193, grad_norm = 0.500
I0917 01:07:15.937378 140087186609920 logging_writer.py:48] [31500] global_step=31500, grad_norm=0.5, loss=1.20402
I0917 01:07:15.941016 140109961065664 submission.py:307] 31500) loss = 1.204, grad_norm = 0.500
/usr/local/lib/python3.11/multiprocessing/popen_fork.py:66: RuntimeWarning: os.fork() was called. os.fork() is incompatible with multithreaded code, and JAX is multithreaded, so this will likely lead to a deadlock.
  self.pid = os.fork()
I0917 01:14:52.656457 140109961065664 spec.py:333] Evaluating on the training split.
I0917 01:15:07.703746 140109961065664 spec.py:346] Evaluating on the validation split.
I0917 01:15:27.771047 140109961065664 spec.py:363] Evaluating on the test split.
I0917 01:15:38.257524 140109961065664 submission_runner.py:516] Time since start: 25535.48s, 	Step: 31942, 	{'train/ctc_loss': 0.19449660059460644, 'train/wer': 0.07048576864412717, 'validation/ctc_loss': 0.458238463337603, 'validation/wer': 0.130237049196157, 'validation/num_examples': 5348, 'test/ctc_loss': 0.23996749790309052, 'test/wer': 0.07641216257388338, 'test/num_examples': 2472, 'score': 24630.957630872726, 'total_duration': 25535.483829259872, 'accumulated_submission_time': 24630.957630872726, 'accumulated_eval_time': 860.614027261734, 'accumulated_logging_time': 1.936441421508789}
I0917 01:15:38.482528 140087195002624 logging_writer.py:48] [31942] accumulated_eval_time=860.614, accumulated_logging_time=1.93644, accumulated_submission_time=24631, global_step=31942, preemption_count=0, score=24631, test/ctc_loss=0.239967, test/num_examples=2472, test/wer=0.0764122, total_duration=25535.5, train/ctc_loss=0.194497, train/wer=0.0704858, validation/ctc_loss=0.458238, validation/num_examples=5348, validation/wer=0.130237
I0917 01:16:12.079342 140087186609920 logging_writer.py:48] [32000] global_step=32000, grad_norm=0.5, loss=1.22527
I0917 01:16:12.082893 140109961065664 submission.py:307] 32000) loss = 1.225, grad_norm = 0.500
I0917 01:21:05.018368 140087195002624 logging_writer.py:48] [32500] global_step=32500, grad_norm=0.5, loss=1.12512
I0917 01:21:05.022045 140109961065664 submission.py:307] 32500) loss = 1.125, grad_norm = 0.500
/usr/local/lib/python3.11/multiprocessing/popen_fork.py:66: RuntimeWarning: os.fork() was called. os.fork() is incompatible with multithreaded code, and JAX is multithreaded, so this will likely lead to a deadlock.
  self.pid = os.fork()
I0917 01:29:17.442787 140087195002624 logging_writer.py:48] [33000] global_step=33000, grad_norm=0.5, loss=1.17444
I0917 01:29:17.449967 140109961065664 submission.py:307] 33000) loss = 1.174, grad_norm = 0.500
I0917 01:33:55.539505 140087186609920 logging_writer.py:48] [33500] global_step=33500, grad_norm=0.5, loss=1.23881
I0917 01:33:55.543333 140109961065664 submission.py:307] 33500) loss = 1.239, grad_norm = 0.500
I0917 01:39:46.794827 140109961065664 spec.py:333] Evaluating on the training split.
/usr/local/lib/python3.11/multiprocessing/popen_fork.py:66: RuntimeWarning: os.fork() was called. os.fork() is incompatible with multithreaded code, and JAX is multithreaded, so this will likely lead to a deadlock.
  self.pid = os.fork()
I0917 01:40:02.792612 140109961065664 spec.py:346] Evaluating on the validation split.
I0917 01:40:22.727773 140109961065664 spec.py:363] Evaluating on the test split.
I0917 01:40:33.925788 140109961065664 submission_runner.py:516] Time since start: 27031.15s, 	Step: 33864, 	{'train/ctc_loss': 0.18457960651540417, 'train/wer': 0.06688009658242652, 'validation/ctc_loss': 0.4528886589248041, 'validation/wer': 0.12742721962052816, 'validation/num_examples': 5348, 'test/ctc_loss': 0.23561499935479707, 'test/wer': 0.07531533727377979, 'test/num_examples': 2472, 'score': 26076.77673649788, 'total_duration': 27031.151938199997, 'accumulated_submission_time': 26076.77673649788, 'accumulated_eval_time': 907.7446002960205, 'accumulated_logging_time': 2.1716549396514893}
I0917 01:40:33.984266 140087195002624 logging_writer.py:48] [33864] accumulated_eval_time=907.745, accumulated_logging_time=2.17165, accumulated_submission_time=26076.8, global_step=33864, preemption_count=0, score=26076.8, test/ctc_loss=0.235615, test/num_examples=2472, test/wer=0.0753153, total_duration=27031.2, train/ctc_loss=0.18458, train/wer=0.0668801, validation/ctc_loss=0.452889, validation/num_examples=5348, validation/wer=0.127427
/usr/local/lib/python3.11/multiprocessing/popen_fork.py:66: RuntimeWarning: os.fork() was called. os.fork() is incompatible with multithreaded code, and JAX is multithreaded, so this will likely lead to a deadlock.
  self.pid = os.fork()
I0917 01:43:04.669377 140087195002624 logging_writer.py:48] [34000] global_step=34000, grad_norm=0.5, loss=1.14307
I0917 01:43:04.676477 140109961065664 submission.py:307] 34000) loss = 1.143, grad_norm = 0.500
I0917 01:47:44.519294 140087186609920 logging_writer.py:48] [34500] global_step=34500, grad_norm=0.5, loss=1.14011
I0917 01:47:44.523266 140109961065664 submission.py:307] 34500) loss = 1.140, grad_norm = 0.500
I0917 01:55:49.062460 140087195002624 logging_writer.py:48] [35000] global_step=35000, grad_norm=0.5, loss=1.13489
I0917 01:55:49.066283 140109961065664 submission.py:307] 35000) loss = 1.135, grad_norm = 0.500
/usr/local/lib/python3.11/multiprocessing/popen_fork.py:66: RuntimeWarning: os.fork() was called. os.fork() is incompatible with multithreaded code, and JAX is multithreaded, so this will likely lead to a deadlock.
  self.pid = os.fork()
I0917 02:00:31.149221 140087113082624 logging_writer.py:48] [35500] global_step=35500, grad_norm=0.5, loss=1.18646
I0917 02:00:31.157665 140109961065664 submission.py:307] 35500) loss = 1.186, grad_norm = 0.500
I0917 02:04:42.825839 140109961065664 spec.py:333] Evaluating on the training split.
/usr/local/lib/python3.11/multiprocessing/popen_fork.py:66: RuntimeWarning: os.fork() was called. os.fork() is incompatible with multithreaded code, and JAX is multithreaded, so this will likely lead to a deadlock.
  self.pid = os.fork()
I0917 02:04:59.324439 140109961065664 spec.py:346] Evaluating on the validation split.
I0917 02:05:19.531159 140109961065664 spec.py:363] Evaluating on the test split.
I0917 02:05:30.067019 140109961065664 submission_runner.py:516] Time since start: 28527.29s, 	Step: 35799, 	{'train/ctc_loss': 0.17938031387386932, 'train/wer': 0.06491826604362379, 'validation/ctc_loss': 0.44804351972197104, 'validation/wer': 0.1254381306425916, 'validation/num_examples': 5348, 'test/ctc_loss': 0.23311304862410479, 'test/wer': 0.07389352669957143, 'test/num_examples': 2472, 'score': 27523.128769874573, 'total_duration': 28527.29335784912, 'accumulated_submission_time': 27523.128769874573, 'accumulated_eval_time': 954.985598564148, 'accumulated_logging_time': 2.241617202758789}
I0917 02:05:30.128322 140087195002624 logging_writer.py:48] [35799] accumulated_eval_time=954.986, accumulated_logging_time=2.24162, accumulated_submission_time=27523.1, global_step=35799, preemption_count=0, score=27523.1, test/ctc_loss=0.233113, test/num_examples=2472, test/wer=0.0738935, total_duration=28527.3, train/ctc_loss=0.17938, train/wer=0.0649183, validation/ctc_loss=0.448044, validation/num_examples=5348, validation/wer=0.125438
I0917 02:09:15.024567 140087186609920 logging_writer.py:48] [36000] global_step=36000, grad_norm=0.5, loss=1.18189
I0917 02:09:15.028271 140109961065664 submission.py:307] 36000) loss = 1.182, grad_norm = 0.500
/usr/local/lib/python3.11/multiprocessing/popen_fork.py:66: RuntimeWarning: os.fork() was called. os.fork() is incompatible with multithreaded code, and JAX is multithreaded, so this will likely lead to a deadlock.
  self.pid = os.fork()
I0917 02:14:24.669151 140087195002624 logging_writer.py:48] [36500] global_step=36500, grad_norm=0.5, loss=1.14342
I0917 02:14:24.676054 140109961065664 submission.py:307] 36500) loss = 1.143, grad_norm = 0.500
I0917 02:21:56.319395 140087186609920 logging_writer.py:48] [37000] global_step=37000, grad_norm=0.5, loss=1.14881
I0917 02:21:56.323280 140109961065664 submission.py:307] 37000) loss = 1.149, grad_norm = 0.500
/usr/local/lib/python3.11/multiprocessing/popen_fork.py:66: RuntimeWarning: os.fork() was called. os.fork() is incompatible with multithreaded code, and JAX is multithreaded, so this will likely lead to a deadlock.
  self.pid = os.fork()
I0917 02:27:15.595944 140087195002624 logging_writer.py:48] [37500] global_step=37500, grad_norm=0.5, loss=1.20235
I0917 02:27:15.603093 140109961065664 submission.py:307] 37500) loss = 1.202, grad_norm = 0.500
I0917 02:29:38.367058 140109961065664 spec.py:333] Evaluating on the training split.
/usr/local/lib/python3.11/multiprocessing/popen_fork.py:66: RuntimeWarning: os.fork() was called. os.fork() is incompatible with multithreaded code, and JAX is multithreaded, so this will likely lead to a deadlock.
  self.pid = os.fork()
I0917 02:29:54.584780 140109961065664 spec.py:346] Evaluating on the validation split.
I0917 02:30:14.776410 140109961065664 spec.py:363] Evaluating on the test split.
I0917 02:30:25.462802 140109961065664 submission_runner.py:516] Time since start: 30022.69s, 	Step: 37709, 	{'train/ctc_loss': 0.17753223592231374, 'train/wer': 0.06433618445518781, 'validation/ctc_loss': 0.44627454258338356, 'validation/wer': 0.12461739004489934, 'validation/num_examples': 5348, 'test/ctc_loss': 0.23131225200012903, 'test/wer': 0.07326386773099344, 'test/num_examples': 2472, 'score': 28968.81560564041, 'total_duration': 30022.68916273117, 'accumulated_submission_time': 28968.81560564041, 'accumulated_eval_time': 1002.081166267395, 'accumulated_logging_time': 2.312926769256592}
I0917 02:30:25.616207 140087195002624 logging_writer.py:48] [37709] accumulated_eval_time=1002.08, accumulated_logging_time=2.31293, accumulated_submission_time=28968.8, global_step=37709, preemption_count=0, score=28968.8, test/ctc_loss=0.231312, test/num_examples=2472, test/wer=0.0732639, total_duration=30022.7, train/ctc_loss=0.177532, train/wer=0.0643362, validation/ctc_loss=0.446275, validation/num_examples=5348, validation/wer=0.124617
I0917 02:35:29.471710 140087186609920 logging_writer.py:48] [38000] global_step=38000, grad_norm=0.5, loss=1.13196
I0917 02:35:29.475798 140109961065664 submission.py:307] 38000) loss = 1.132, grad_norm = 0.500
/usr/local/lib/python3.11/multiprocessing/popen_fork.py:66: RuntimeWarning: os.fork() was called. os.fork() is incompatible with multithreaded code, and JAX is multithreaded, so this will likely lead to a deadlock.
  self.pid = os.fork()
I0917 02:41:09.254230 140087195002624 logging_writer.py:48] [38500] global_step=38500, grad_norm=0.5, loss=1.19337
I0917 02:41:09.262719 140109961065664 submission.py:307] 38500) loss = 1.193, grad_norm = 0.500
I0917 02:48:02.175139 140087186609920 logging_writer.py:48] [39000] global_step=39000, grad_norm=0.5, loss=1.19005
I0917 02:48:02.178977 140109961065664 submission.py:307] 39000) loss = 1.190, grad_norm = 0.500
/usr/local/lib/python3.11/multiprocessing/popen_fork.py:66: RuntimeWarning: os.fork() was called. os.fork() is incompatible with multithreaded code, and JAX is multithreaded, so this will likely lead to a deadlock.
  self.pid = os.fork()
I0917 02:53:57.926081 140087195002624 logging_writer.py:48] [39500] global_step=39500, grad_norm=0.5, loss=1.15635
I0917 02:53:57.933043 140109961065664 submission.py:307] 39500) loss = 1.156, grad_norm = 0.500
I0917 02:54:33.407117 140109961065664 spec.py:333] Evaluating on the training split.
/usr/local/lib/python3.11/multiprocessing/popen_fork.py:66: RuntimeWarning: os.fork() was called. os.fork() is incompatible with multithreaded code, and JAX is multithreaded, so this will likely lead to a deadlock.
  self.pid = os.fork()
I0917 02:54:50.225723 140109961065664 spec.py:346] Evaluating on the validation split.
I0917 02:55:10.417534 140109961065664 spec.py:363] Evaluating on the test split.
I0917 02:55:20.824186 140109961065664 submission_runner.py:516] Time since start: 31518.05s, 	Step: 39565, 	{'train/ctc_loss': 0.17711536396482894, 'train/wer': 0.06422300192410303, 'validation/ctc_loss': 0.446010584234353, 'validation/wer': 0.12444358615362333, 'validation/num_examples': 5348, 'test/ctc_loss': 0.23132034223982192, 'test/wer': 0.07328417931062499, 'test/num_examples': 2472, 'score': 30414.163591861725, 'total_duration': 31518.050532341003, 'accumulated_submission_time': 30414.163591861725, 'accumulated_eval_time': 1049.497998714447, 'accumulated_logging_time': 2.476557493209839}
I0917 02:55:20.878746 140087195002624 logging_writer.py:48] [39565] accumulated_eval_time=1049.5, accumulated_logging_time=2.47656, accumulated_submission_time=30414.2, global_step=39565, preemption_count=0, score=30414.2, test/ctc_loss=0.23132, test/num_examples=2472, test/wer=0.0732842, total_duration=31518.1, train/ctc_loss=0.177115, train/wer=0.064223, validation/ctc_loss=0.446011, validation/num_examples=5348, validation/wer=0.124444
I0917 03:01:48.832346 140087186609920 logging_writer.py:48] [40000] global_step=40000, grad_norm=0.5, loss=1.25737
I0917 03:01:48.836893 140109961065664 submission.py:307] 40000) loss = 1.257, grad_norm = 0.500
/usr/local/lib/python3.11/multiprocessing/popen_fork.py:66: RuntimeWarning: os.fork() was called. os.fork() is incompatible with multithreaded code, and JAX is multithreaded, so this will likely lead to a deadlock.
  self.pid = os.fork()
I0917 03:08:02.883858 140087113082624 logging_writer.py:48] [40500] global_step=40500, grad_norm=0.5, loss=1.16537
I0917 03:08:02.900558 140109961065664 submission.py:307] 40500) loss = 1.165, grad_norm = 0.500
I0917 03:14:25.148741 140087104689920 logging_writer.py:48] [41000] global_step=41000, grad_norm=0.5, loss=1.10718
I0917 03:14:25.152720 140109961065664 submission.py:307] 41000) loss = 1.107, grad_norm = 0.500
/usr/local/lib/python3.11/multiprocessing/popen_fork.py:66: RuntimeWarning: os.fork() was called. os.fork() is incompatible with multithreaded code, and JAX is multithreaded, so this will likely lead to a deadlock.
  self.pid = os.fork()
I0917 03:19:28.899509 140109961065664 spec.py:333] Evaluating on the training split.
I0917 03:19:45.435532 140109961065664 spec.py:346] Evaluating on the validation split.
I0917 03:20:05.219906 140109961065664 spec.py:363] Evaluating on the test split.
I0917 03:20:15.636233 140109961065664 submission_runner.py:516] Time since start: 33012.86s, 	Step: 41333, 	{'train/ctc_loss': 0.17631941461586403, 'train/wer': 0.06386189575349922, 'validation/ctc_loss': 0.4440256723898684, 'validation/wer': 0.12439530729493554, 'validation/num_examples': 5348, 'test/ctc_loss': 0.2310354196238467, 'test/wer': 0.07314199825320415, 'test/num_examples': 2472, 'score': 31859.80902147293, 'total_duration': 33012.86257123947, 'accumulated_submission_time': 31859.80902147293, 'accumulated_eval_time': 1096.234617948532, 'accumulated_logging_time': 2.5408711433410645}
I0917 03:20:15.689889 140087195002624 logging_writer.py:48] [41333] accumulated_eval_time=1096.23, accumulated_logging_time=2.54087, accumulated_submission_time=31859.8, global_step=41333, preemption_count=0, score=31859.8, test/ctc_loss=0.231035, test/num_examples=2472, test/wer=0.073142, total_duration=33012.9, train/ctc_loss=0.176319, train/wer=0.0638619, validation/ctc_loss=0.444026, validation/num_examples=5348, validation/wer=0.124395
I0917 03:21:48.303580 140087186609920 logging_writer.py:48] [41500] global_step=41500, grad_norm=0.5, loss=1.23946
I0917 03:21:48.307091 140109961065664 submission.py:307] 41500) loss = 1.239, grad_norm = 0.500
I0917 03:28:11.331256 140087195002624 logging_writer.py:48] [42000] global_step=42000, grad_norm=0.5, loss=1.18955
I0917 03:28:11.334992 140109961065664 submission.py:307] 42000) loss = 1.190, grad_norm = 0.500
/usr/local/lib/python3.11/multiprocessing/popen_fork.py:66: RuntimeWarning: os.fork() was called. os.fork() is incompatible with multithreaded code, and JAX is multithreaded, so this will likely lead to a deadlock.
  self.pid = os.fork()
I0917 03:34:56.505960 140087195002624 logging_writer.py:48] [42500] global_step=42500, grad_norm=0.5, loss=1.1515
I0917 03:34:56.513172 140109961065664 submission.py:307] 42500) loss = 1.152, grad_norm = 0.500
I0917 03:40:50.230519 140087186609920 logging_writer.py:48] [43000] global_step=43000, grad_norm=0.5, loss=1.12411
I0917 03:40:50.234323 140109961065664 submission.py:307] 43000) loss = 1.124, grad_norm = 0.500
I0917 03:44:23.767216 140109961065664 spec.py:333] Evaluating on the training split.
/usr/local/lib/python3.11/multiprocessing/popen_fork.py:66: RuntimeWarning: os.fork() was called. os.fork() is incompatible with multithreaded code, and JAX is multithreaded, so this will likely lead to a deadlock.
  self.pid = os.fork()
I0917 03:44:42.627083 140109961065664 spec.py:346] Evaluating on the validation split.
I0917 03:45:02.475934 140109961065664 spec.py:363] Evaluating on the test split.
I0917 03:45:13.836267 140109961065664 submission_runner.py:516] Time since start: 34511.06s, 	Step: 43191, 	{'train/ctc_loss': 0.17633806186517761, 'train/wer': 0.06415293654771721, 'validation/ctc_loss': 0.44561408259242513, 'validation/wer': 0.12432771689277265, 'validation/num_examples': 5348, 'test/ctc_loss': 0.23101117410800698, 'test/wer': 0.07281701297909939, 'test/num_examples': 2472, 'score': 33305.35944676399, 'total_duration': 34511.06227684021, 'accumulated_submission_time': 33305.35944676399, 'accumulated_eval_time': 1146.3031606674194, 'accumulated_logging_time': 2.6046295166015625}
I0917 03:45:14.011802 140087195002624 logging_writer.py:48] [43191] accumulated_eval_time=1146.3, accumulated_logging_time=2.60463, accumulated_submission_time=33305.4, global_step=43191, preemption_count=0, score=33305.4, test/ctc_loss=0.231011, test/num_examples=2472, test/wer=0.072817, total_duration=34511.1, train/ctc_loss=0.176338, train/wer=0.0641529, validation/ctc_loss=0.445614, validation/num_examples=5348, validation/wer=0.124328
/usr/local/lib/python3.11/multiprocessing/popen_fork.py:66: RuntimeWarning: os.fork() was called. os.fork() is incompatible with multithreaded code, and JAX is multithreaded, so this will likely lead to a deadlock.
  self.pid = os.fork()
I0917 03:48:42.449762 140087195002624 logging_writer.py:48] [43500] global_step=43500, grad_norm=0.5, loss=1.1478
I0917 03:48:42.456721 140109961065664 submission.py:307] 43500) loss = 1.148, grad_norm = 0.500
I0917 03:54:31.688767 140087186609920 logging_writer.py:48] [44000] global_step=44000, grad_norm=0.5, loss=1.21729
I0917 03:54:31.692675 140109961065664 submission.py:307] 44000) loss = 1.217, grad_norm = 0.500
/usr/local/lib/python3.11/multiprocessing/popen_fork.py:66: RuntimeWarning: os.fork() was called. os.fork() is incompatible with multithreaded code, and JAX is multithreaded, so this will likely lead to a deadlock.
  self.pid = os.fork()
I0917 04:01:40.721857 140087113082624 logging_writer.py:48] [44500] global_step=44500, grad_norm=0.5, loss=1.25674
I0917 04:01:40.730319 140109961065664 submission.py:307] 44500) loss = 1.257, grad_norm = 0.500
I0917 04:07:07.745018 140087104689920 logging_writer.py:48] [45000] global_step=45000, grad_norm=0.5, loss=1.1314
I0917 04:07:07.748782 140109961065664 submission.py:307] 45000) loss = 1.131, grad_norm = 0.500
I0917 04:09:24.053903 140109961065664 spec.py:333] Evaluating on the training split.
/usr/local/lib/python3.11/multiprocessing/popen_fork.py:66: RuntimeWarning: os.fork() was called. os.fork() is incompatible with multithreaded code, and JAX is multithreaded, so this will likely lead to a deadlock.
  self.pid = os.fork()
I0917 04:09:42.298315 140109961065664 spec.py:346] Evaluating on the validation split.
I0917 04:10:02.166182 140109961065664 spec.py:363] Evaluating on the test split.
I0917 04:10:12.593343 140109961065664 submission_runner.py:516] Time since start: 36009.82s, 	Step: 45127, 	{'train/ctc_loss': 0.17809340363754275, 'train/wer': 0.06470268027012897, 'validation/ctc_loss': 0.4487201674578059, 'validation/wer': 0.12503258822961424, 'validation/num_examples': 5348, 'test/ctc_loss': 0.23460470231950448, 'test/wer': 0.0750715983182012, 'test/num_examples': 2472, 'score': 34752.82623553276, 'total_duration': 36009.81967043877, 'accumulated_submission_time': 34752.82623553276, 'accumulated_eval_time': 1194.8423812389374, 'accumulated_logging_time': 2.794597625732422}
I0917 04:10:12.663690 140087195002624 logging_writer.py:48] [45127] accumulated_eval_time=1194.84, accumulated_logging_time=2.7946, accumulated_submission_time=34752.8, global_step=45127, preemption_count=0, score=34752.8, test/ctc_loss=0.234605, test/num_examples=2472, test/wer=0.0750716, total_duration=36009.8, train/ctc_loss=0.178093, train/wer=0.0647027, validation/ctc_loss=0.44872, validation/num_examples=5348, validation/wer=0.125033
/usr/local/lib/python3.11/multiprocessing/popen_fork.py:66: RuntimeWarning: os.fork() was called. os.fork() is incompatible with multithreaded code, and JAX is multithreaded, so this will likely lead to a deadlock.
  self.pid = os.fork()
I0917 04:15:31.060655 140087195002624 logging_writer.py:48] [45500] global_step=45500, grad_norm=0.5, loss=1.19026
I0917 04:15:31.067584 140109961065664 submission.py:307] 45500) loss = 1.190, grad_norm = 0.500
I0917 04:20:50.618110 140087186609920 logging_writer.py:48] [46000] global_step=46000, grad_norm=0.5, loss=1.17092
I0917 04:20:50.622110 140109961065664 submission.py:307] 46000) loss = 1.171, grad_norm = 0.500
/usr/local/lib/python3.11/multiprocessing/popen_fork.py:66: RuntimeWarning: os.fork() was called. os.fork() is incompatible with multithreaded code, and JAX is multithreaded, so this will likely lead to a deadlock.
  self.pid = os.fork()
I0917 04:28:23.816347 140087195002624 logging_writer.py:48] [46500] global_step=46500, grad_norm=0.5, loss=1.21225
I0917 04:28:23.823407 140109961065664 submission.py:307] 46500) loss = 1.212, grad_norm = 0.500
I0917 04:33:29.575380 140087186609920 logging_writer.py:48] [47000] global_step=47000, grad_norm=0.5, loss=1.31844
I0917 04:33:29.579245 140109961065664 submission.py:307] 47000) loss = 1.318, grad_norm = 0.500
I0917 04:34:20.838697 140109961065664 spec.py:333] Evaluating on the training split.
/usr/local/lib/python3.11/multiprocessing/popen_fork.py:66: RuntimeWarning: os.fork() was called. os.fork() is incompatible with multithreaded code, and JAX is multithreaded, so this will likely lead to a deadlock.
  self.pid = os.fork()
I0917 04:34:37.685787 140109961065664 spec.py:346] Evaluating on the validation split.
I0917 04:34:57.583198 140109961065664 spec.py:363] Evaluating on the test split.
I0917 04:35:08.187111 140109961065664 submission_runner.py:516] Time since start: 37505.41s, 	Step: 47058, 	{'train/ctc_loss': 0.1830817994424512, 'train/wer': 0.06686392764941441, 'validation/ctc_loss': 0.4555611084425859, 'validation/wer': 0.12799691015304399, 'validation/num_examples': 5348, 'test/ctc_loss': 0.2380288143589909, 'test/wer': 0.07456380882741251, 'test/num_examples': 2472, 'score': 36198.51755785942, 'total_duration': 37505.41343545914, 'accumulated_submission_time': 36198.51755785942, 'accumulated_eval_time': 1242.190561056137, 'accumulated_logging_time': 2.874882936477661}
I0917 04:35:08.297717 140087195002624 logging_writer.py:48] [47058] accumulated_eval_time=1242.19, accumulated_logging_time=2.87488, accumulated_submission_time=36198.5, global_step=47058, preemption_count=0, score=36198.5, test/ctc_loss=0.238029, test/num_examples=2472, test/wer=0.0745638, total_duration=37505.4, train/ctc_loss=0.183082, train/wer=0.0668639, validation/ctc_loss=0.455561, validation/num_examples=5348, validation/wer=0.127997
/usr/local/lib/python3.11/multiprocessing/popen_fork.py:66: RuntimeWarning: os.fork() was called. os.fork() is incompatible with multithreaded code, and JAX is multithreaded, so this will likely lead to a deadlock.
  self.pid = os.fork()
I0917 04:42:11.064790 140087195002624 logging_writer.py:48] [47500] global_step=47500, grad_norm=0.5, loss=1.15122
I0917 04:42:11.071672 140109961065664 submission.py:307] 47500) loss = 1.151, grad_norm = 0.500
I0917 04:47:06.411663 140087186609920 logging_writer.py:48] [48000] global_step=48000, grad_norm=0.5, loss=1.23485
I0917 04:47:06.415665 140109961065664 submission.py:307] 48000) loss = 1.235, grad_norm = 0.500
/usr/local/lib/python3.11/multiprocessing/popen_fork.py:66: RuntimeWarning: os.fork() was called. os.fork() is incompatible with multithreaded code, and JAX is multithreaded, so this will likely lead to a deadlock.
  self.pid = os.fork()
I0917 04:54:56.877376 140087195002624 logging_writer.py:48] [48500] global_step=48500, grad_norm=0.5, loss=1.23766
I0917 04:54:56.884296 140109961065664 submission.py:307] 48500) loss = 1.238, grad_norm = 0.500
I0917 04:59:16.278450 140109961065664 spec.py:333] Evaluating on the training split.
/usr/local/lib/python3.11/multiprocessing/popen_fork.py:66: RuntimeWarning: os.fork() was called. os.fork() is incompatible with multithreaded code, and JAX is multithreaded, so this will likely lead to a deadlock.
  self.pid = os.fork()
I0917 04:59:33.204295 140109961065664 spec.py:346] Evaluating on the validation split.
I0917 04:59:53.044098 140109961065664 spec.py:363] Evaluating on the test split.
I0917 05:00:03.320361 140109961065664 submission_runner.py:516] Time since start: 39000.55s, 	Step: 48961, 	{'train/ctc_loss': 0.19202384637087944, 'train/wer': 0.07039953433472926, 'validation/ctc_loss': 0.472720902871961, 'validation/wer': 0.13161782455462753, 'validation/num_examples': 5348, 'test/ctc_loss': 0.24601834190915542, 'test/wer': 0.0781589584221965, 'test/num_examples': 2472, 'score': 37644.09406256676, 'total_duration': 39000.54671049118, 'accumulated_submission_time': 37644.09406256676, 'accumulated_eval_time': 1289.2322795391083, 'accumulated_logging_time': 2.995460033416748}
I0917 05:00:03.515017 140087195002624 logging_writer.py:48] [48961] accumulated_eval_time=1289.23, accumulated_logging_time=2.99546, accumulated_submission_time=37644.1, global_step=48961, preemption_count=0, score=37644.1, test/ctc_loss=0.246018, test/num_examples=2472, test/wer=0.078159, total_duration=39000.5, train/ctc_loss=0.192024, train/wer=0.0703995, validation/ctc_loss=0.472721, validation/num_examples=5348, validation/wer=0.131618
I0917 05:00:34.002535 140087186609920 logging_writer.py:48] [49000] global_step=49000, grad_norm=0.5, loss=1.24168
I0917 05:00:34.005917 140109961065664 submission.py:307] 49000) loss = 1.242, grad_norm = 0.500
/usr/local/lib/python3.11/multiprocessing/popen_fork.py:66: RuntimeWarning: os.fork() was called. os.fork() is incompatible with multithreaded code, and JAX is multithreaded, so this will likely lead to a deadlock.
  self.pid = os.fork()
I0917 05:08:48.764239 140087113082624 logging_writer.py:48] [49500] global_step=49500, grad_norm=0.5, loss=1.19301
I0917 05:08:48.772869 140109961065664 submission.py:307] 49500) loss = 1.193, grad_norm = 0.500
I0917 05:13:32.082642 140087104689920 logging_writer.py:48] [50000] global_step=50000, grad_norm=0.5, loss=1.23516
I0917 05:13:32.086461 140109961065664 submission.py:307] 50000) loss = 1.235, grad_norm = 0.500
/usr/local/lib/python3.11/multiprocessing/popen_fork.py:66: RuntimeWarning: os.fork() was called. os.fork() is incompatible with multithreaded code, and JAX is multithreaded, so this will likely lead to a deadlock.
  self.pid = os.fork()
I0917 05:21:38.073406 140087195002624 logging_writer.py:48] [50500] global_step=50500, grad_norm=0.5, loss=1.17981
I0917 05:21:38.080475 140109961065664 submission.py:307] 50500) loss = 1.180, grad_norm = 0.500
I0917 05:24:11.467090 140109961065664 spec.py:333] Evaluating on the training split.
/usr/local/lib/python3.11/multiprocessing/popen_fork.py:66: RuntimeWarning: os.fork() was called. os.fork() is incompatible with multithreaded code, and JAX is multithreaded, so this will likely lead to a deadlock.
  self.pid = os.fork()
I0917 05:24:26.638488 140109961065664 spec.py:346] Evaluating on the validation split.
I0917 05:24:46.590098 140109961065664 spec.py:363] Evaluating on the test split.
I0917 05:24:56.977771 140109961065664 submission_runner.py:516] Time since start: 40494.20s, 	Step: 50783, 	{'train/ctc_loss': 0.20528400142334968, 'train/wer': 0.07593469906920843, 'validation/ctc_loss': 0.4910192353576452, 'validation/wer': 0.13853135711871772, 'validation/num_examples': 5348, 'test/ctc_loss': 0.2585415288889606, 'test/wer': 0.08281031015782098, 'test/num_examples': 2472, 'score': 39089.643002033234, 'total_duration': 40494.20410013199, 'accumulated_submission_time': 39089.643002033234, 'accumulated_eval_time': 1334.7426974773407, 'accumulated_logging_time': 3.2001163959503174}
I0917 05:24:57.037075 140087195002624 logging_writer.py:48] [50783] accumulated_eval_time=1334.74, accumulated_logging_time=3.20012, accumulated_submission_time=39089.6, global_step=50783, preemption_count=0, score=39089.6, test/ctc_loss=0.258542, test/num_examples=2472, test/wer=0.0828103, total_duration=40494.2, train/ctc_loss=0.205284, train/wer=0.0759347, validation/ctc_loss=0.491019, validation/num_examples=5348, validation/wer=0.138531
I0917 05:27:10.934328 140087186609920 logging_writer.py:48] [51000] global_step=51000, grad_norm=0.5, loss=1.26482
I0917 05:27:10.938003 140109961065664 submission.py:307] 51000) loss = 1.265, grad_norm = 0.500
/usr/local/lib/python3.11/multiprocessing/popen_fork.py:66: RuntimeWarning: os.fork() was called. os.fork() is incompatible with multithreaded code, and JAX is multithreaded, so this will likely lead to a deadlock.
  self.pid = os.fork()
I0917 05:35:37.395109 140087195002624 logging_writer.py:48] [51500] global_step=51500, grad_norm=0.5, loss=1.25562
I0917 05:35:37.402726 140109961065664 submission.py:307] 51500) loss = 1.256, grad_norm = 0.500
I0917 05:40:11.184337 140087186609920 logging_writer.py:48] [52000] global_step=52000, grad_norm=0.5, loss=1.23245
I0917 05:40:11.188227 140109961065664 submission.py:307] 52000) loss = 1.232, grad_norm = 0.500
I0917 05:48:14.689477 140087195002624 logging_writer.py:48] [52500] global_step=52500, grad_norm=0.5, loss=1.31018
I0917 05:48:14.693280 140109961065664 submission.py:307] 52500) loss = 1.310, grad_norm = 0.500
/usr/local/lib/python3.11/multiprocessing/popen_fork.py:66: RuntimeWarning: os.fork() was called. os.fork() is incompatible with multithreaded code, and JAX is multithreaded, so this will likely lead to a deadlock.
  self.pid = os.fork()
I0917 05:49:05.325536 140109961065664 spec.py:333] Evaluating on the training split.
I0917 05:49:20.524363 140109961065664 spec.py:346] Evaluating on the validation split.
I0917 05:49:40.444987 140109961065664 spec.py:363] Evaluating on the test split.
I0917 05:49:50.974487 140109961065664 submission_runner.py:516] Time since start: 41988.20s, 	Step: 52559, 	{'train/ctc_loss': 0.21611553977799114, 'train/wer': 0.07919543389331737, 'validation/ctc_loss': 0.49940767569883965, 'validation/wer': 0.14022111717279004, 'validation/num_examples': 5348, 'test/ctc_loss': 0.2638593114878379, 'test/wer': 0.08348059228566206, 'test/num_examples': 2472, 'score': 40535.483557224274, 'total_duration': 41988.20076799393, 'accumulated_submission_time': 40535.483557224274, 'accumulated_eval_time': 1380.3914070129395, 'accumulated_logging_time': 3.269481897354126}
I0917 05:49:51.026737 140087195002624 logging_writer.py:48] [52559] accumulated_eval_time=1380.39, accumulated_logging_time=3.26948, accumulated_submission_time=40535.5, global_step=52559, preemption_count=0, score=40535.5, test/ctc_loss=0.263859, test/num_examples=2472, test/wer=0.0834806, total_duration=41988.2, train/ctc_loss=0.216116, train/wer=0.0791954, validation/ctc_loss=0.499408, validation/num_examples=5348, validation/wer=0.140221
I0917 05:53:56.754701 140087186609920 logging_writer.py:48] [53000] global_step=53000, grad_norm=0.5, loss=1.42109
I0917 05:53:56.758505 140109961065664 submission.py:307] 53000) loss = 1.421, grad_norm = 0.500
I0917 06:01:48.264329 140087195002624 logging_writer.py:48] [53500] global_step=53500, grad_norm=0.5, loss=1.30733
I0917 06:01:48.268144 140109961065664 submission.py:307] 53500) loss = 1.307, grad_norm = 0.500
/usr/local/lib/python3.11/multiprocessing/popen_fork.py:66: RuntimeWarning: os.fork() was called. os.fork() is incompatible with multithreaded code, and JAX is multithreaded, so this will likely lead to a deadlock.
  self.pid = os.fork()
I0917 06:06:55.456576 140087195002624 logging_writer.py:48] [54000] global_step=54000, grad_norm=0.5, loss=1.2473
I0917 06:06:55.463955 140109961065664 submission.py:307] 54000) loss = 1.247, grad_norm = 0.500
I0917 06:14:01.563663 140109961065664 spec.py:333] Evaluating on the training split.
/usr/local/lib/python3.11/multiprocessing/popen_fork.py:66: RuntimeWarning: os.fork() was called. os.fork() is incompatible with multithreaded code, and JAX is multithreaded, so this will likely lead to a deadlock.
  self.pid = os.fork()
I0917 06:14:17.004713 140109961065664 spec.py:346] Evaluating on the validation split.
I0917 06:14:36.942864 140109961065664 spec.py:363] Evaluating on the test split.
I0917 06:14:47.547814 140109961065664 submission_runner.py:516] Time since start: 43484.77s, 	Step: 54474, 	{'train/ctc_loss': 0.23243013269156265, 'train/wer': 0.08429403743646957, 'validation/ctc_loss': 0.5142982916729455, 'validation/wer': 0.1447400183459663, 'validation/num_examples': 5348, 'test/ctc_loss': 0.27086775255661655, 'test/wer': 0.0870960534600776, 'test/num_examples': 2472, 'score': 41983.547627449036, 'total_duration': 43484.77414178848, 'accumulated_submission_time': 41983.547627449036, 'accumulated_eval_time': 1426.375376701355, 'accumulated_logging_time': 3.331726312637329}
I0917 06:14:47.776369 140087195002624 logging_writer.py:48] [54474] accumulated_eval_time=1426.38, accumulated_logging_time=3.33173, accumulated_submission_time=41983.5, global_step=54474, preemption_count=0, score=41983.5, test/ctc_loss=0.270868, test/num_examples=2472, test/wer=0.0870961, total_duration=43484.8, train/ctc_loss=0.23243, train/wer=0.084294, validation/ctc_loss=0.514298, validation/num_examples=5348, validation/wer=0.14474
I0917 06:15:14.615291 140087186609920 logging_writer.py:48] [54500] global_step=54500, grad_norm=0.5, loss=1.3073
I0917 06:15:14.618904 140109961065664 submission.py:307] 54500) loss = 1.307, grad_norm = 0.500
/usr/local/lib/python3.11/multiprocessing/popen_fork.py:66: RuntimeWarning: os.fork() was called. os.fork() is incompatible with multithreaded code, and JAX is multithreaded, so this will likely lead to a deadlock.
  self.pid = os.fork()
I0917 06:20:43.972286 140087195002624 logging_writer.py:48] [55000] global_step=55000, grad_norm=0.5, loss=1.26253
I0917 06:20:43.979401 140109961065664 submission.py:307] 55000) loss = 1.263, grad_norm = 0.500
I0917 06:27:55.778035 140087186609920 logging_writer.py:48] [55500] global_step=55500, grad_norm=0.5, loss=1.35444
I0917 06:27:55.782031 140109961065664 submission.py:307] 55500) loss = 1.354, grad_norm = 0.500
/usr/local/lib/python3.11/multiprocessing/popen_fork.py:66: RuntimeWarning: os.fork() was called. os.fork() is incompatible with multithreaded code, and JAX is multithreaded, so this will likely lead to a deadlock.
  self.pid = os.fork()
I0917 06:33:38.541101 140087195002624 logging_writer.py:48] [56000] global_step=56000, grad_norm=0.5, loss=1.23846
I0917 06:33:38.548239 140109961065664 submission.py:307] 56000) loss = 1.238, grad_norm = 0.500
I0917 06:38:55.380685 140109961065664 spec.py:333] Evaluating on the training split.
/usr/local/lib/python3.11/multiprocessing/popen_fork.py:66: RuntimeWarning: os.fork() was called. os.fork() is incompatible with multithreaded code, and JAX is multithreaded, so this will likely lead to a deadlock.
  self.pid = os.fork()
I0917 06:39:11.528729 140109961065664 spec.py:346] Evaluating on the validation split.
I0917 06:39:31.576321 140109961065664 spec.py:363] Evaluating on the test split.
I0917 06:39:42.299528 140109961065664 submission_runner.py:516] Time since start: 44979.53s, 	Step: 56411, 	{'train/ctc_loss': 0.25572556091768156, 'train/wer': 0.09282584442252656, 'validation/ctc_loss': 0.5407247361299478, 'validation/wer': 0.15061072756240043, 'validation/num_examples': 5348, 'test/ctc_loss': 0.2903184782082715, 'test/wer': 0.09408323685333009, 'test/num_examples': 2472, 'score': 43428.78943896294, 'total_duration': 44979.52585673332, 'accumulated_submission_time': 43428.78943896294, 'accumulated_eval_time': 1473.2940378189087, 'accumulated_logging_time': 3.570307731628418}
I0917 06:39:42.374689 140087195002624 logging_writer.py:48] [56411] accumulated_eval_time=1473.29, accumulated_logging_time=3.57031, accumulated_submission_time=43428.8, global_step=56411, preemption_count=0, score=43428.8, test/ctc_loss=0.290318, test/num_examples=2472, test/wer=0.0940832, total_duration=44979.5, train/ctc_loss=0.255726, train/wer=0.0928258, validation/ctc_loss=0.540725, validation/num_examples=5348, validation/wer=0.150611
I0917 06:41:20.096638 140087186609920 logging_writer.py:48] [56500] global_step=56500, grad_norm=0.5, loss=1.34657
I0917 06:41:20.100218 140109961065664 submission.py:307] 56500) loss = 1.347, grad_norm = 0.500
/usr/local/lib/python3.11/multiprocessing/popen_fork.py:66: RuntimeWarning: os.fork() was called. os.fork() is incompatible with multithreaded code, and JAX is multithreaded, so this will likely lead to a deadlock.
  self.pid = os.fork()
I0917 06:47:21.968769 140087195002624 logging_writer.py:48] [57000] global_step=57000, grad_norm=0.5, loss=1.27764
I0917 06:47:21.975896 140109961065664 submission.py:307] 57000) loss = 1.278, grad_norm = 0.500
I0917 06:53:54.458807 140087186609920 logging_writer.py:48] [57500] global_step=57500, grad_norm=0.5, loss=1.43779
I0917 06:53:54.462640 140109961065664 submission.py:307] 57500) loss = 1.438, grad_norm = 0.500
/usr/local/lib/python3.11/multiprocessing/popen_fork.py:66: RuntimeWarning: os.fork() was called. os.fork() is incompatible with multithreaded code, and JAX is multithreaded, so this will likely lead to a deadlock.
  self.pid = os.fork()
I0917 07:00:18.305011 140087195002624 logging_writer.py:48] [58000] global_step=58000, grad_norm=0.5, loss=1.3499
I0917 07:00:18.312382 140109961065664 submission.py:307] 58000) loss = 1.350, grad_norm = 0.500
I0917 07:03:50.187782 140109961065664 spec.py:333] Evaluating on the training split.
/usr/local/lib/python3.11/multiprocessing/popen_fork.py:66: RuntimeWarning: os.fork() was called. os.fork() is incompatible with multithreaded code, and JAX is multithreaded, so this will likely lead to a deadlock.
  self.pid = os.fork()
I0917 07:04:05.924451 140109961065664 spec.py:346] Evaluating on the validation split.
I0917 07:04:25.970553 140109961065664 spec.py:363] Evaluating on the test split.
I0917 07:04:36.706556 140109961065664 submission_runner.py:516] Time since start: 46473.93s, 	Step: 58326, 	{'train/ctc_loss': 0.26346462997119613, 'train/wer': 0.09424871052759229, 'validation/ctc_loss': 0.5477415839423849, 'validation/wer': 0.15239704533384832, 'validation/num_examples': 5348, 'test/ctc_loss': 0.2869752937689528, 'test/wer': 0.09400199053480389, 'test/num_examples': 2472, 'score': 44874.081411361694, 'total_duration': 46473.932918787, 'accumulated_submission_time': 44874.081411361694, 'accumulated_eval_time': 1519.8126411437988, 'accumulated_logging_time': 3.6556499004364014}
I0917 07:04:36.791791 140087195002624 logging_writer.py:48] [58326] accumulated_eval_time=1519.81, accumulated_logging_time=3.65565, accumulated_submission_time=44874.1, global_step=58326, preemption_count=0, score=44874.1, test/ctc_loss=0.286975, test/num_examples=2472, test/wer=0.094002, total_duration=46473.9, train/ctc_loss=0.263465, train/wer=0.0942487, validation/ctc_loss=0.547742, validation/num_examples=5348, validation/wer=0.152397
I0917 07:07:32.410651 140087186609920 logging_writer.py:48] [58500] global_step=58500, grad_norm=0.5, loss=1.35143
I0917 07:07:32.414596 140109961065664 submission.py:307] 58500) loss = 1.351, grad_norm = 0.500
/usr/local/lib/python3.11/multiprocessing/popen_fork.py:66: RuntimeWarning: os.fork() was called. os.fork() is incompatible with multithreaded code, and JAX is multithreaded, so this will likely lead to a deadlock.
  self.pid = os.fork()
I0917 07:14:09.622814 140087195002624 logging_writer.py:48] [59000] global_step=59000, grad_norm=0.5, loss=1.34242
I0917 07:14:09.629848 140109961065664 submission.py:307] 59000) loss = 1.342, grad_norm = 0.500
I0917 07:20:07.944331 140087186609920 logging_writer.py:48] [59500] global_step=59500, grad_norm=0.5, loss=1.40685
I0917 07:20:07.948222 140109961065664 submission.py:307] 59500) loss = 1.407, grad_norm = 0.500
/usr/local/lib/python3.11/multiprocessing/popen_fork.py:66: RuntimeWarning: os.fork() was called. os.fork() is incompatible with multithreaded code, and JAX is multithreaded, so this will likely lead to a deadlock.
  self.pid = os.fork()
I0917 07:27:01.806437 140087195002624 logging_writer.py:48] [60000] global_step=60000, grad_norm=0.5, loss=1.35449
I0917 07:27:01.813356 140109961065664 submission.py:307] 60000) loss = 1.354, grad_norm = 0.500
I0917 07:28:44.631356 140109961065664 spec.py:333] Evaluating on the training split.
/usr/local/lib/python3.11/multiprocessing/popen_fork.py:66: RuntimeWarning: os.fork() was called. os.fork() is incompatible with multithreaded code, and JAX is multithreaded, so this will likely lead to a deadlock.
  self.pid = os.fork()
I0917 07:29:00.300144 140109961065664 spec.py:346] Evaluating on the validation split.
I0917 07:29:20.198191 140109961065664 spec.py:363] Evaluating on the test split.
I0917 07:29:30.641041 140109961065664 submission_runner.py:516] Time since start: 47967.87s, 	Step: 60188, 	{'train/ctc_loss': 0.26306591835531523, 'train/wer': 0.09519728793096943, 'validation/ctc_loss': 0.535008598145218, 'validation/wer': 0.15052382561676242, 'validation/num_examples': 5348, 'test/ctc_loss': 0.2884309068326989, 'test/wer': 0.09318952734954197, 'test/num_examples': 2472, 'score': 46319.49430727959, 'total_duration': 47967.867362737656, 'accumulated_submission_time': 46319.49430727959, 'accumulated_eval_time': 1565.8220901489258, 'accumulated_logging_time': 3.750631093978882}
I0917 07:29:30.706529 140087195002624 logging_writer.py:48] [60188] accumulated_eval_time=1565.82, accumulated_logging_time=3.75063, accumulated_submission_time=46319.5, global_step=60188, preemption_count=0, score=46319.5, test/ctc_loss=0.288431, test/num_examples=2472, test/wer=0.0931895, total_duration=47967.9, train/ctc_loss=0.263066, train/wer=0.0951973, validation/ctc_loss=0.535009, validation/num_examples=5348, validation/wer=0.150524
I0917 07:33:52.601775 140087186609920 logging_writer.py:48] [60500] global_step=60500, grad_norm=0.5, loss=1.46788
I0917 07:33:52.605588 140109961065664 submission.py:307] 60500) loss = 1.468, grad_norm = 0.500
/usr/local/lib/python3.11/multiprocessing/popen_fork.py:66: RuntimeWarning: os.fork() was called. os.fork() is incompatible with multithreaded code, and JAX is multithreaded, so this will likely lead to a deadlock.
  self.pid = os.fork()
I0917 07:40:59.301207 140087113082624 logging_writer.py:48] [61000] global_step=61000, grad_norm=0.5, loss=1.3515
I0917 07:40:59.309723 140109961065664 submission.py:307] 61000) loss = 1.352, grad_norm = 0.500
I0917 07:46:29.409604 140087104689920 logging_writer.py:48] [61500] global_step=61500, grad_norm=0.5, loss=1.31355
I0917 07:46:29.413610 140109961065664 submission.py:307] 61500) loss = 1.314, grad_norm = 0.500
/usr/local/lib/python3.11/multiprocessing/popen_fork.py:66: RuntimeWarning: os.fork() was called. os.fork() is incompatible with multithreaded code, and JAX is multithreaded, so this will likely lead to a deadlock.
  self.pid = os.fork()
I0917 07:53:38.477574 140109961065664 spec.py:333] Evaluating on the training split.
I0917 07:53:54.259930 140109961065664 spec.py:346] Evaluating on the validation split.
I0917 07:54:14.036742 140109961065664 spec.py:363] Evaluating on the test split.
I0917 07:54:24.609246 140109961065664 submission_runner.py:516] Time since start: 49461.84s, 	Step: 61973, 	{'train/ctc_loss': 0.2825832322670844, 'train/wer': 0.0995575101999019, 'validation/ctc_loss': 0.5602312139749096, 'validation/wer': 0.15486892289866266, 'validation/num_examples': 5348, 'test/ctc_loss': 0.30500430471320733, 'test/wer': 0.0973534011740093, 'test/num_examples': 2472, 'score': 47764.89419078827, 'total_duration': 49461.83552980423, 'accumulated_submission_time': 47764.89419078827, 'accumulated_eval_time': 1611.953557252884, 'accumulated_logging_time': 3.8260538578033447}
I0917 07:54:24.814629 140087195002624 logging_writer.py:48] [61973] accumulated_eval_time=1611.95, accumulated_logging_time=3.82605, accumulated_submission_time=47764.9, global_step=61973, preemption_count=0, score=47764.9, test/ctc_loss=0.305004, test/num_examples=2472, test/wer=0.0973534, total_duration=49461.8, train/ctc_loss=0.282583, train/wer=0.0995575, validation/ctc_loss=0.560231, validation/num_examples=5348, validation/wer=0.154869
I0917 07:54:41.002780 140087186609920 logging_writer.py:48] [62000] global_step=62000, grad_norm=0.5, loss=1.36407
I0917 07:54:41.006200 140109961065664 submission.py:307] 62000) loss = 1.364, grad_norm = 0.500
I0917 08:00:14.540819 140087195002624 logging_writer.py:48] [62500] global_step=62500, grad_norm=0.5, loss=1.26974
I0917 08:00:14.544714 140109961065664 submission.py:307] 62500) loss = 1.270, grad_norm = 0.500
/usr/local/lib/python3.11/multiprocessing/popen_fork.py:66: RuntimeWarning: os.fork() was called. os.fork() is incompatible with multithreaded code, and JAX is multithreaded, so this will likely lead to a deadlock.
  self.pid = os.fork()
I0917 08:07:48.753083 140087195002624 logging_writer.py:48] [63000] global_step=63000, grad_norm=0.5, loss=1.2949
I0917 08:07:48.760031 140109961065664 submission.py:307] 63000) loss = 1.295, grad_norm = 0.500
I0917 08:12:58.788749 140087186609920 logging_writer.py:48] [63500] global_step=63500, grad_norm=0.5, loss=1.3678
I0917 08:12:58.792534 140109961065664 submission.py:307] 63500) loss = 1.368, grad_norm = 0.500
I0917 08:18:33.397385 140109961065664 spec.py:333] Evaluating on the training split.
/usr/local/lib/python3.11/multiprocessing/popen_fork.py:66: RuntimeWarning: os.fork() was called. os.fork() is incompatible with multithreaded code, and JAX is multithreaded, so this will likely lead to a deadlock.
  self.pid = os.fork()
I0917 08:18:48.697776 140109961065664 spec.py:346] Evaluating on the validation split.
I0917 08:19:08.868012 140109961065664 spec.py:363] Evaluating on the test split.
I0917 08:19:19.426285 140109961065664 submission_runner.py:516] Time since start: 50956.65s, 	Step: 63809, 	{'train/ctc_loss': 0.28190040342277695, 'train/wer': 0.10009108498930155, 'validation/ctc_loss': 0.5507110049979907, 'validation/wer': 0.15553517114855406, 'validation/num_examples': 5348, 'test/ctc_loss': 0.3006939207771469, 'test/wer': 0.09775963276664026, 'test/num_examples': 2472, 'score': 49210.938774585724, 'total_duration': 50956.652635097504, 'accumulated_submission_time': 49210.938774585724, 'accumulated_eval_time': 1657.9822750091553, 'accumulated_logging_time': 4.041477918624878}
I0917 08:19:19.493537 140087195002624 logging_writer.py:48] [63809] accumulated_eval_time=1657.98, accumulated_logging_time=4.04148, accumulated_submission_time=49210.9, global_step=63809, preemption_count=0, score=49210.9, test/ctc_loss=0.300694, test/num_examples=2472, test/wer=0.0977596, total_duration=50956.7, train/ctc_loss=0.2819, train/wer=0.100091, validation/ctc_loss=0.550711, validation/num_examples=5348, validation/wer=0.155535
/usr/local/lib/python3.11/multiprocessing/popen_fork.py:66: RuntimeWarning: os.fork() was called. os.fork() is incompatible with multithreaded code, and JAX is multithreaded, so this will likely lead to a deadlock.
  self.pid = os.fork()
I0917 08:21:33.807965 140087195002624 logging_writer.py:48] [64000] global_step=64000, grad_norm=0.5, loss=1.38026
I0917 08:21:33.814961 140109961065664 submission.py:307] 64000) loss = 1.380, grad_norm = 0.500
I0917 08:26:41.109752 140087186609920 logging_writer.py:48] [64500] global_step=64500, grad_norm=0.5, loss=1.38657
I0917 08:26:41.113654 140109961065664 submission.py:307] 64500) loss = 1.387, grad_norm = 0.500
/usr/local/lib/python3.11/multiprocessing/popen_fork.py:66: RuntimeWarning: os.fork() was called. os.fork() is incompatible with multithreaded code, and JAX is multithreaded, so this will likely lead to a deadlock.
  self.pid = os.fork()
I0917 08:34:30.125860 140087195002624 logging_writer.py:48] [65000] global_step=65000, grad_norm=0.5, loss=1.36659
I0917 08:34:30.132835 140109961065664 submission.py:307] 65000) loss = 1.367, grad_norm = 0.500
I0917 08:39:26.040396 140087186609920 logging_writer.py:48] [65500] global_step=65500, grad_norm=0.5, loss=1.3203
I0917 08:39:26.044239 140109961065664 submission.py:307] 65500) loss = 1.320, grad_norm = 0.500
I0917 08:43:28.263851 140109961065664 spec.py:333] Evaluating on the training split.
/usr/local/lib/python3.11/multiprocessing/popen_fork.py:66: RuntimeWarning: os.fork() was called. os.fork() is incompatible with multithreaded code, and JAX is multithreaded, so this will likely lead to a deadlock.
  self.pid = os.fork()
I0917 08:43:44.109250 140109961065664 spec.py:346] Evaluating on the validation split.
I0917 08:44:04.002876 140109961065664 spec.py:363] Evaluating on the test split.
I0917 08:44:14.504805 140109961065664 submission_runner.py:516] Time since start: 52451.73s, 	Step: 65748, 	{'train/ctc_loss': 0.29636972139404044, 'train/wer': 0.10388539460281015, 'validation/ctc_loss': 0.568032922144992, 'validation/wer': 0.16094240332158546, 'validation/num_examples': 5348, 'test/ctc_loss': 0.30728605474546744, 'test/wer': 0.09729246643511466, 'test/num_examples': 2472, 'score': 50657.33596086502, 'total_duration': 52451.73114442825, 'accumulated_submission_time': 50657.33596086502, 'accumulated_eval_time': 1704.2230117321014, 'accumulated_logging_time': 4.118767023086548}
I0917 08:44:14.556368 140087195002624 logging_writer.py:48] [65748] accumulated_eval_time=1704.22, accumulated_logging_time=4.11877, accumulated_submission_time=50657.3, global_step=65748, preemption_count=0, score=50657.3, test/ctc_loss=0.307286, test/num_examples=2472, test/wer=0.0972925, total_duration=52451.7, train/ctc_loss=0.29637, train/wer=0.103885, validation/ctc_loss=0.568033, validation/num_examples=5348, validation/wer=0.160942
/usr/local/lib/python3.11/multiprocessing/popen_fork.py:66: RuntimeWarning: os.fork() was called. os.fork() is incompatible with multithreaded code, and JAX is multithreaded, so this will likely lead to a deadlock.
  self.pid = os.fork()
I0917 08:48:14.363427 140087195002624 logging_writer.py:48] [66000] global_step=66000, grad_norm=0.5, loss=1.32185
I0917 08:48:14.370385 140109961065664 submission.py:307] 66000) loss = 1.322, grad_norm = 0.500
I0917 08:53:07.082302 140087186609920 logging_writer.py:48] [66500] global_step=66500, grad_norm=0.5, loss=1.43195
I0917 08:53:07.086178 140109961065664 submission.py:307] 66500) loss = 1.432, grad_norm = 0.500
/usr/local/lib/python3.11/multiprocessing/popen_fork.py:66: RuntimeWarning: os.fork() was called. os.fork() is incompatible with multithreaded code, and JAX is multithreaded, so this will likely lead to a deadlock.
  self.pid = os.fork()
I0917 09:01:08.479026 140087195002624 logging_writer.py:48] [67000] global_step=67000, grad_norm=0.5, loss=1.36342
I0917 09:01:08.486221 140109961065664 submission.py:307] 67000) loss = 1.363, grad_norm = 0.500
I0917 09:05:47.659230 140087186609920 logging_writer.py:48] [67500] global_step=67500, grad_norm=0.5, loss=1.36398
I0917 09:05:47.663017 140109961065664 submission.py:307] 67500) loss = 1.364, grad_norm = 0.500
I0917 09:08:22.719191 140109961065664 spec.py:333] Evaluating on the training split.
/usr/local/lib/python3.11/multiprocessing/popen_fork.py:66: RuntimeWarning: os.fork() was called. os.fork() is incompatible with multithreaded code, and JAX is multithreaded, so this will likely lead to a deadlock.
  self.pid = os.fork()
I0917 09:08:39.535580 140109961065664 spec.py:346] Evaluating on the validation split.
I0917 09:08:59.777420 140109961065664 spec.py:363] Evaluating on the test split.
I0917 09:09:10.142562 140109961065664 submission_runner.py:516] Time since start: 53947.37s, 	Step: 67681, 	{'train/ctc_loss': 0.3175066219448515, 'train/wer': 0.11081108757633083, 'validation/ctc_loss': 0.5771099793424754, 'validation/wer': 0.1646309081253319, 'validation/num_examples': 5348, 'test/ctc_loss': 0.31436808927188853, 'test/wer': 0.1023500497633701, 'test/num_examples': 2472, 'score': 52103.002204179764, 'total_duration': 53947.36892056465, 'accumulated_submission_time': 52103.002204179764, 'accumulated_eval_time': 1751.6461789608002, 'accumulated_logging_time': 4.180283546447754}
I0917 09:09:10.327973 140087195002624 logging_writer.py:48] [67681] accumulated_eval_time=1751.65, accumulated_logging_time=4.18028, accumulated_submission_time=52103, global_step=67681, preemption_count=0, score=52103, test/ctc_loss=0.314368, test/num_examples=2472, test/wer=0.10235, total_duration=53947.4, train/ctc_loss=0.317507, train/wer=0.110811, validation/ctc_loss=0.57711, validation/num_examples=5348, validation/wer=0.164631
/usr/local/lib/python3.11/multiprocessing/popen_fork.py:66: RuntimeWarning: os.fork() was called. os.fork() is incompatible with multithreaded code, and JAX is multithreaded, so this will likely lead to a deadlock.
  self.pid = os.fork()
I0917 09:14:55.784584 140087195002624 logging_writer.py:48] [68000] global_step=68000, grad_norm=0.5, loss=1.35765
I0917 09:14:55.792330 140109961065664 submission.py:307] 68000) loss = 1.358, grad_norm = 0.500
I0917 09:19:36.359497 140087186609920 logging_writer.py:48] [68500] global_step=68500, grad_norm=0.5, loss=1.27842
I0917 09:19:36.363913 140109961065664 submission.py:307] 68500) loss = 1.278, grad_norm = 0.500
I0917 09:27:37.772784 140087195002624 logging_writer.py:48] [69000] global_step=69000, grad_norm=0.5, loss=1.36234
I0917 09:27:37.776698 140109961065664 submission.py:307] 69000) loss = 1.362, grad_norm = 0.500
/usr/local/lib/python3.11/multiprocessing/popen_fork.py:66: RuntimeWarning: os.fork() was called. os.fork() is incompatible with multithreaded code, and JAX is multithreaded, so this will likely lead to a deadlock.
  self.pid = os.fork()
I0917 09:32:20.190827 140087195002624 logging_writer.py:48] [69500] global_step=69500, grad_norm=0.5, loss=1.38323
I0917 09:32:20.197958 140109961065664 submission.py:307] 69500) loss = 1.383, grad_norm = 0.500
I0917 09:33:18.487940 140109961065664 spec.py:333] Evaluating on the training split.
/usr/local/lib/python3.11/multiprocessing/popen_fork.py:66: RuntimeWarning: os.fork() was called. os.fork() is incompatible with multithreaded code, and JAX is multithreaded, so this will likely lead to a deadlock.
  self.pid = os.fork()
I0917 09:33:34.333158 140109961065664 spec.py:346] Evaluating on the validation split.
I0917 09:33:54.075917 140109961065664 spec.py:363] Evaluating on the test split.
I0917 09:34:04.327522 140109961065664 submission_runner.py:516] Time since start: 55441.55s, 	Step: 69583, 	{'train/ctc_loss': 0.3075975499856823, 'train/wer': 0.10689820578740009, 'validation/ctc_loss': 0.5708020566480811, 'validation/wer': 0.16114517452807417, 'validation/num_examples': 5348, 'test/ctc_loss': 0.3124170813439577, 'test/wer': 0.09954705177421648, 'test/num_examples': 2472, 'score': 53548.67119860649, 'total_duration': 55441.55384373665, 'accumulated_submission_time': 53548.67119860649, 'accumulated_eval_time': 1797.4855284690857, 'accumulated_logging_time': 4.3754332065582275}
I0917 09:34:04.398793 140087195002624 logging_writer.py:48] [69583] accumulated_eval_time=1797.49, accumulated_logging_time=4.37543, accumulated_submission_time=53548.7, global_step=69583, preemption_count=0, score=53548.7, test/ctc_loss=0.312417, test/num_examples=2472, test/wer=0.0995471, total_duration=55441.6, train/ctc_loss=0.307598, train/wer=0.106898, validation/ctc_loss=0.570802, validation/num_examples=5348, validation/wer=0.161145
I0917 09:41:13.084788 140087186609920 logging_writer.py:48] [70000] global_step=70000, grad_norm=0.5, loss=1.51756
I0917 09:41:13.088633 140109961065664 submission.py:307] 70000) loss = 1.518, grad_norm = 0.500
/usr/local/lib/python3.11/multiprocessing/popen_fork.py:66: RuntimeWarning: os.fork() was called. os.fork() is incompatible with multithreaded code, and JAX is multithreaded, so this will likely lead to a deadlock.
  self.pid = os.fork()
I0917 09:46:10.723540 140087195002624 logging_writer.py:48] [70500] global_step=70500, grad_norm=0.5, loss=1.47477
I0917 09:46:10.730435 140109961065664 submission.py:307] 70500) loss = 1.475, grad_norm = 0.500
I0917 09:53:43.478559 140087186609920 logging_writer.py:48] [71000] global_step=71000, grad_norm=0.5, loss=1.42896
I0917 09:53:43.482620 140109961065664 submission.py:307] 71000) loss = 1.429, grad_norm = 0.500
/usr/local/lib/python3.11/multiprocessing/popen_fork.py:66: RuntimeWarning: os.fork() was called. os.fork() is incompatible with multithreaded code, and JAX is multithreaded, so this will likely lead to a deadlock.
  self.pid = os.fork()
I0917 09:58:12.508666 140109961065664 spec.py:333] Evaluating on the training split.
I0917 09:58:27.958988 140109961065664 spec.py:346] Evaluating on the validation split.
I0917 09:58:48.585322 140109961065664 spec.py:363] Evaluating on the test split.
I0917 09:58:59.127866 140109961065664 submission_runner.py:516] Time since start: 56936.35s, 	Step: 71419, 	{'train/ctc_loss': 0.311029117607425, 'train/wer': 0.10914029783174609, 'validation/ctc_loss': 0.579972463174352, 'validation/wer': 0.16227489982136822, 'validation/num_examples': 5348, 'test/ctc_loss': 0.313425916591393, 'test/wer': 0.0993845591371641, 'test/num_examples': 2472, 'score': 54994.37272357941, 'total_duration': 56936.354231119156, 'accumulated_submission_time': 54994.37272357941, 'accumulated_eval_time': 1844.1046738624573, 'accumulated_logging_time': 4.456562280654907}
I0917 09:58:59.182763 140087195002624 logging_writer.py:48] [71419] accumulated_eval_time=1844.1, accumulated_logging_time=4.45656, accumulated_submission_time=54994.4, global_step=71419, preemption_count=0, score=54994.4, test/ctc_loss=0.313426, test/num_examples=2472, test/wer=0.0993846, total_duration=56936.4, train/ctc_loss=0.311029, train/wer=0.10914, validation/ctc_loss=0.579972, validation/num_examples=5348, validation/wer=0.162275
I0917 09:59:46.489027 140087186609920 logging_writer.py:48] [71500] global_step=71500, grad_norm=0.5, loss=1.41722
I0917 09:59:46.492449 140109961065664 submission.py:307] 71500) loss = 1.417, grad_norm = 0.500
I0917 10:07:23.259276 140087195002624 logging_writer.py:48] [72000] global_step=72000, grad_norm=0.5, loss=1.45371
I0917 10:07:23.263124 140109961065664 submission.py:307] 72000) loss = 1.454, grad_norm = 0.500
/usr/local/lib/python3.11/multiprocessing/popen_fork.py:66: RuntimeWarning: os.fork() was called. os.fork() is incompatible with multithreaded code, and JAX is multithreaded, so this will likely lead to a deadlock.
  self.pid = os.fork()
I0917 10:12:57.370534 140087195002624 logging_writer.py:48] [72500] global_step=72500, grad_norm=0.5, loss=1.34369
I0917 10:12:57.377456 140109961065664 submission.py:307] 72500) loss = 1.344, grad_norm = 0.500
I0917 10:20:00.174382 140087186609920 logging_writer.py:48] [73000] global_step=73000, grad_norm=0.5, loss=1.45069
I0917 10:20:00.178271 140109961065664 submission.py:307] 73000) loss = 1.451, grad_norm = 0.500
/usr/local/lib/python3.11/multiprocessing/popen_fork.py:66: RuntimeWarning: os.fork() was called. os.fork() is incompatible with multithreaded code, and JAX is multithreaded, so this will likely lead to a deadlock.
  self.pid = os.fork()
I0917 10:23:06.155323 140087195002624 logging_writer.py:48] [73196] global_step=73196, preemption_count=0, score=56439.8
I0917 10:23:07.083648 140109961065664 submission_runner.py:857] Final librispeech_deepspeech score: 56439.75518965721
