accumulated_eval_time,accumulated_logging_time,accumulated_submission_time,global_step,preemption_count,score,test/loss,test/num_examples,test/ssim,total_duration,train/loss,train/ssim,validation/loss,validation/num_examples,validation/ssim
84.24368214607239,0.0,86.98379254341125,1,0,86.98379254341125,0.8392428409051242,3581,0.2993701294592991,171.80388736724854,0.8317958286830357,0.2878815787179129,0.8396277054683103,3554,0.2757994781133493
90.49790167808531,0.0557997226715087,195.9371562004089,689,0,195.9371562004089,0.2930041336873429,3581,0.7334507971760681,288.74805998802185,0.2701737540108817,0.739577225276402,0.2914872478083673,3554,0.7163887603536508
99.1907765865326,0.0896472930908203,304.8339231014252,2127,0,304.8339231014252,0.2888616515550823,3581,0.7395391775822047,408.0359241962433,0.2649388142994472,0.7477724211556571,0.2874630148248452,3554,0.7221330718908272
105.11213493347168,0.12234354019165039,413.7577021121979,4016,0,413.7577021121979,0.28758821378237576,3581,0.7425208156983035,524.5626330375671,0.2635131563459124,0.7508318764822823,0.2862011292843451,3554,0.7253597261668191
