accumulated_eval_time,accumulated_logging_time,accumulated_submission_time,global_step,preemption_count,score,test/ctc_loss,test/num_examples,test/wer,total_duration,train/ctc_loss,train/wer,validation/ctc_loss,validation/num_examples,validation/wer
75.19183087348938,0.0,78.78000831604004,1,0,78.78000831604004,30.0802481809899,2472,4.350029451790466,154.65197134017944,31.24480589747058,4.428445542023184,30.05465551617884,5348,4.11003717472119
118.08681201934814,0.0466852188110351,1520.8586976528168,1031,0,1520.8586976528168,7.364317726846921,2472,0.9644953588040542,1641.916898727417,7.870362166914649,0.9899314073727556,7.548016944491321,5348,0.9450586588133056
164.1742660999298,0.1484162807464599,2960.151408910752,2206,0,2960.151408910752,5.729184846073889,2472,0.8425243231166087,3129.7021741867065,6.14492171648857,0.889136690256148,5.970534257748777,5348,0.849794814850577
210.93591165542605,0.2844448089599609,4399.090905427933,3388,0,4399.090905427933,4.419795529790702,2472,0.8097008104320274,4617.970053195953,4.820445438252401,0.8677701684626222,4.677271427499953,5348,0.8242456428330034
260.41925978660583,0.5180530548095703,5837.997745513916,4569,0,5837.997745513916,4.182761991992506,2472,0.8049682123778766,6109.067844867706,4.712319931015826,0.8766638199729111,4.52063918421431,5348,0.8277603437454738
308.58772015571594,0.7515676021575928,7278.722491979599,5731,0,7278.722491979599,2.7045682577925496,2472,0.6110129384762253,7600.599537372589,3.3691069677397536,0.7267010808370368,3.2947187533204576,5348,0.6814947134649737
362.7850971221924,0.9957096576690674,8717.897101163864,6888,0,8717.897101163864,1.176956378245024,2472,0.32088233501919444,9096.561826944351,1.57280546209252,0.40866192701222265,1.7562541798703692,5348,0.4225172596919809
