global_step,grad_norm,loss,train/accuracy,train/loss,validation/accuracy,validation/loss,validation/num_examples,test/accuracy,test/loss,test/num_examples,score,total_duration,accumulated_submission_time,accumulated_eval_time,accumulated_logging_time,preemption_count
0,0.33248731,6.907756,,,,,,,,,,,,,,
1,,,0.0009179687476716936,6.907756328582764,0.0009999999310821295,6.9077558517456055,50000.0,0.0010000000474974513,6.907756805419922,10000.0,40.861340284347534,164.7896327972412,40.861340284347534,123.92800521850586,0.0,0.0
