accumulated_eval_time,accumulated_logging_time,accumulated_submission_time,global_step,preemption_count,score,test/loss,test/num_examples,test/ppl,total_duration,train/loss,train/ppl,validation/loss,validation/num_examples,validation/ppl
218.47494173049927,0.0,45.00050735473633,1,0,45.00050735473633,0.0,0,1.0,264.08295488357544,11.023733520507813,61312.16303969419,11.02282308983376,100000,61256.367968396415
400.5624976158142,0.0446391105651855,2613.519317626953,6353,0,2613.519317626953,0.0,0,1.0,3018.136821269989,3.5387199401855467,34.4228276985674,3.531369884910486,100000,34.1707455559584
582.4616913795471,0.0909500122070312,5182.038029909134,12710,0,5182.038029909134,0.0,0,1.0,5771.700214624405,3.4162872314453123,30.456128292062186,3.406435446970908,100000,30.15755423871984
764.4613938331604,0.1391053199768066,7750.626728057861,19068,0,7750.626728057861,0.0,0,1.0,8525.400251626968,3.338718032836914,28.182973889913725,3.329422816596068,100000,27.92222080887589
946.3371875286102,0.1858389377593994,10319.273377895355,25427,0,10319.273377895355,0.0,0,1.0,11278.975162506104,3.284976577758789,26.708358737939893,3.2743809692695014,100000,26.42686137684092
1128.6084706783297,0.2355942726135254,12888.185138225555,31786,0,12888.185138225555,0.0,0,1.0,14033.067753791807,3.2297969818115235,25.274525261732123,3.218786527433664,100000,24.997767663809
1310.5553135871887,0.2852535247802734,15456.933503866196,38144,0,15456.933503866196,0.0,0,1.0,16786.638756752014,3.1707975387573244,23.826479321520903,3.161151856717551,100000,23.597761520756787
1492.350979566574,0.33269453048706055,18025.636202573776,44503,0,18025.636202573776,0.0,0,1.0,19540.096873044968,3.110968017578125,22.442758874146516,3.097423348585358,100000,22.14082852319187
