global_step,grad_norm,loss,train/accuracy,train/loss,validation/accuracy,validation/loss,validation/num_examples,test/accuracy,test/loss,test/num_examples,score,total_duration,accumulated_submission_time,accumulated_eval_time,accumulated_logging_time,preemption_count
0,0.67443293,6.9142685,,,,,,,,,,,,,,
1,,,0.0010762117,6.9101987,0.0011,6.910505,50000.0,0.0013000001,6.910612,10000.0,53.80131030082703,118.50065970420836,53.80131030082703,64.69926476478577,0.0,0.0
100,0.68602806,6.7963324,,,,,,,,,,,,,,
200,0.84898096,6.4846125,,,,,,,,,,,,,,
300,1.0689995,6.2019396,,,,,,,,,,,,,,
400,2.0354378,5.8884478,,,,,,,,,,,,,,
500,1.8697954,5.808592,,,,,,,,,,,,,,
600,3.9706166,5.630149,,,,,,,,,,,,,,
700,4.338664,5.4395885,,,,,,,,,,,,,,
800,3.2051055,5.242498,,,,,,,,,,,,,,
900,4.9889445,5.1435213,,,,,,,,,,,,,,
1000,4.439693,4.9768543,,,,,,,,,,,,,,
1100,5.249515,4.9530735,,,,,,,,,,,,,,
1200,5.5972114,4.8129625,,,,,,,,,,,,,,
1300,4.0549026,4.606395,,,,,,,,,,,,,,
1400,4.3791575,4.6074896,,,,,,,,,,,,,,
1500,3.115973,4.377636,,,,,,,,,,,,,,
1600,4.363248,4.354099,,,,,,,,,,,,,,
1700,5.2609315,4.3621297,,,,,,,,,,,,,,
1800,5.447823,4.281497,,,,,,,,,,,,,,
1900,4.8260546,4.0915337,,,,,,,,,,,,,,
2000,4.0353265,4.1480136,,,,,,,,,,,,,,
2100,5.71244,4.054986,,,,,,,,,,,,,,
2200,4.179816,3.8286698,,,,,,,,,,,,,,
2300,3.2952952,3.9000711,,,,,,,,,,,,,,
2400,5.1456447,3.8688622,,,,,,,,,,,,,,
2500,3.3030648,3.7171175,,,,,,,,,,,,,,
2600,4.0796523,3.5586543,,,,,,,,,,,,,,
2700,4.2946362,3.5536337,,,,,,,,,,,,,,
2800,3.4494917,3.4041233,,,,,,,,,,,,,,
2900,3.6309683,3.4493475,,,,,,,,,,,,,,
3000,4.5455294,3.3227613,,,,,,,,,,,,,,
3100,3.6274889,3.4171093,,,,,,,,,,,,,,
3200,2.8654137,3.2201793,,,,,,,,,,,,,,
3300,3.6515083,3.1870098,,,,,,,,,,,,,,
3400,3.556906,3.120121,,,,,,,,,,,,,,
3500,3.3634865,3.0035715,,,,,,,,,,,,,,
3600,3.3887494,3.0160909,,,,,,,,,,,,,,
3700,2.7773454,3.1409807,,,,,,,,,,,,,,
3800,3.0214849,2.888189,,,,,,,,,,,,,,
3900,3.201739,2.9495168,,,,,,,,,,,,,,
4000,2.9251468,2.7658713,,,,,,,,,,,,,,
4100,3.714607,2.8475485,,,,,,,,,,,,,,
4200,2.4411838,2.8455422,,,,,,,,,,,,,,
4300,3.9159207,2.7667332,,,,,,,,,,,,,,
4400,2.2171683,2.6653366,,,,,,,,,,,,,,
4500,3.2516491,2.6382704,,,,,,,,,,,,,,
4600,2.9541252,2.5777576,,,,,,,,,,,,,,
4700,2.4442534,2.6245637,,,,,,,,,,,,,,
4800,2.2688074,2.6449327,,,,,,,,,,,,,,
4900,2.9135249,2.580424,,,,,,,,,,,,,,
5000,3.0289237,2.5000772,,,,,,,,,,,,,,
5100,2.3814201,2.496798,,,,,,,,,,,,,,
5200,2.5973732,2.364229,,,,,,,,,,,,,,
5300,2.1166618,2.4033532,,,,,,,,,,,,,,
5400,2.644618,2.462356,,,,,,,,,,,,,,
5500,2.4153526,2.2745779,,,,,,,,,,,,,,
5600,2.4079883,2.4579966,,,,,,,,,,,,,,
5700,2.4223523,2.315286,,,,,,,,,,,,,,
5800,2.5749023,2.3781397,,,,,,,,,,,,,,
5900,2.4993236,2.2629445,,,,,,,,,,,,,,
6000,2.5902412,2.2581728,,,,,,,,,,,,,,
6100,2.0480173,2.2383144,,,,,,,,,,,,,,
6200,2.4927285,2.2575788,,,,,,,,,,,,,,
6300,2.9313102,2.2117476,,,,,,,,,,,,,,
6395,,,0.6256776,1.5689651,0.56868,1.8507421,50000.0,0.43960002,2.5965824,10000.0,2049.826003551483,2136.365298271179,2049.826003551483,86.44905090332031,0.0397703647613525,0.0
6400,2.3953588,2.382955,,,,,,,,,,,,,,
6500,2.4519715,2.1553526,,,,,,,,,,,,,,
6600,2.8765345,2.1879113,,,,,,,,,,,,,,
6700,2.594625,2.20575,,,,,,,,,,,,,,
6800,1.8977156,2.0885458,,,,,,,,,,,,,,
6900,2.2655647,2.1886926,,,,,,,,,,,,,,
7000,2.686015,2.0966115,,,,,,,,,,,,,,
7100,2.738533,2.06679,,,,,,,,,,,,,,
7200,2.5492182,2.0317254,,,,,,,,,,,,,,
7300,2.3847198,2.13496,,,,,,,,,,,,,,
7400,3.0261738,2.1404996,,,,,,,,,,,,,,
7500,2.278535,2.0511916,,,,,,,,,,,,,,
7600,2.905259,2.020915,,,,,,,,,,,,,,
7700,2.2522068,2.131455,,,,,,,,,,,,,,
7800,2.392212,2.1360214,,,,,,,,,,,,,,
7900,2.0255013,1.9763675,,,,,,,,,,,,,,
8000,2.2612088,1.9049281,,,,,,,,,,,,,,
8100,3.1012897,2.070899,,,,,,,,,,,,,,
8200,2.6022587,1.9978676,,,,,,,,,,,,,,
8300,2.656414,1.9280245,,,,,,,,,,,,,,
8400,2.0691564,2.0323985,,,,,,,,,,,,,,
8500,2.704132,1.9894758,,,,,,,,,,,,,,
8600,2.29189,1.8938234,,,,,,,,,,,,,,
8700,2.863911,1.8969879,,,,,,,,,,,,,,
8800,2.5532844,2.015044,,,,,,,,,,,,,,
8900,3.2368155,1.9592766,,,,,,,,,,,,,,
9000,2.3949528,1.885783,,,,,,,,,,,,,,
9100,2.3167434,1.8994564,,,,,,,,,,,,,,
9200,2.2682154,1.9154273,,,,,,,,,,,,,,
9300,1.7895999,1.7792566,,,,,,,,,,,,,,
9400,2.224772,1.8861719,,,,,,,,,,,,,,
9500,2.1679478,1.923791,,,,,,,,,,,,,,
9600,2.2273233,1.8005538,,,,,,,,,,,,,,
9700,1.8557897,1.798264,,,,,,,,,,,,,,
9800,2.2306025,1.8128015,,,,,,,,,,,,,,
9900,1.8674036,1.850894,,,,,,,,,,,,,,
10000,2.0161433,1.832628,,,,,,,,,,,,,,
10100,2.6098204,1.8939179,,,,,,,,,,,,,,
10200,2.4863982,1.8298337,,,,,,,,,,,,,,
10300,2.119717,1.7870027,,,,,,,,,,,,,,
10400,2.5513494,1.8501476,,,,,,,,,,,,,,
10500,2.1618452,1.7364336,,,,,,,,,,,,,,
10600,2.595633,1.7848547,,,,,,,,,,,,,,
10700,2.3014553,1.7393578,,,,,,,,,,,,,,
10800,2.168651,1.7244539,,,,,,,,,,,,,,
10900,2.1490104,1.7005545,,,,,,,,,,,,,,
11000,2.2833068,1.766995,,,,,,,,,,,,,,
11100,2.2306118,1.7051346,,,,,,,,,,,,,,
11200,2.110808,1.8363931,,,,,,,,,,,,,,
11300,2.2637734,1.7684381,,,,,,,,,,,,,,
11400,2.2170448,1.7492545,,,,,,,,,,,,,,
11500,2.2927787,1.7742791,,,,,,,,,,,,,,
11600,1.9491804,1.6919945,,,,,,,,,,,,,,
11700,2.3708863,1.6370404,,,,,,,,,,,,,,
11800,2.9548175,1.7830241,,,,,,,,,,,,,,
11900,2.252831,1.7220582,,,,,,,,,,,,,,
12000,2.3853114,1.7560424,,,,,,,,,,,,,,
12100,2.2072022,1.7237346,,,,,,,,,,,,,,
12200,2.3745134,1.6723918,,,,,,,,,,,,,,
12300,2.9911559,1.6431628,,,,,,,,,,,,,,
12400,2.4188967,1.7261488,,,,,,,,,,,,,,
12500,2.5256724,1.6804295,,,,,,,,,,,,,,
12600,2.2774715,1.7492124,,,,,,,,,,,,,,
12700,2.005841,1.6487701,,,,,,,,,,,,,,
12800,2.4042256,1.7982483,,,,,,,,,,,,,,
12900,2.1351812,1.6885521,,,,,,,,,,,,,,
13000,2.6341794,1.6708947,,,,,,,,,,,,,,
13100,2.1891923,1.5263959,,,,,,,,,,,,,,
13200,2.1122904,1.6569252,,,,,,,,,,,,,,
13300,2.6336148,1.6350236,,,,,,,,,,,,,,
13400,2.468625,1.5682065,,,,,,,,,,,,,,
13500,2.2449703,1.5940901,,,,,,,,,,,,,,
13600,2.6835952,1.667227,,,,,,,,,,,,,,
13700,2.424216,1.6533635,,,,,,,,,,,,,,
13740,,,0.75713485,0.9526457,0.66587996,1.383565,50000.0,0.5343,2.1114912,10000.0,4045.7496836185455,4154.4920818805695,4045.7496836185455,108.49990367889404,0.1349964141845703,0.0
13800,2.9247355,1.6157665,,,,,,,,,,,,,,
13900,2.487575,1.7263991,,,,,,,,,,,,,,
14000,2.3142705,1.5998975,,,,,,,,,,,,,,
14100,2.5474887,1.5780584,,,,,,,,,,,,,,
14200,2.2402697,1.6310773,,,,,,,,,,,,,,
14300,2.3761141,1.6258518,,,,,,,,,,,,,,
14400,2.4127097,1.5797105,,,,,,,,,,,,,,
14500,2.642176,1.6048231,,,,,,,,,,,,,,
14600,2.765029,1.6098766,,,,,,,,,,,,,,
14700,2.5833793,1.6327356,,,,,,,,,,,,,,
14800,2.366205,1.55035,,,,,,,,,,,,,,
14900,2.9328175,1.5539522,,,,,,,,,,,,,,
15000,2.5427914,1.5619895,,,,,,,,,,,,,,
15100,2.7473245,1.6411395,,,,,,,,,,,,,,
15200,2.8432212,1.5915171,,,,,,,,,,,,,,
15300,2.4642565,1.6505644,,,,,,,,,,,,,,
15400,2.5879326,1.6801741,,,,,,,,,,,,,,
15500,2.9296286,1.7180151,,,,,,,,,,,,,,
15600,2.6715076,1.5879294,,,,,,,,,,,,,,
15700,2.5941472,1.5102106,,,,,,,,,,,,,,
15800,2.5684788,1.66449,,,,,,,,,,,,,,
15900,2.932039,1.5827501,,,,,,,,,,,,,,
16000,2.9114008,1.6061723,,,,,,,,,,,,,,
16100,3.0662012,1.5521305,,,,,,,,,,,,,,
16200,2.7371128,1.5358162,,,,,,,,,,,,,,
16300,2.929517,1.5253419,,,,,,,,,,,,,,
16400,2.8044367,1.476129,,,,,,,,,,,,,,
16500,3.4758956,1.6188034,,,,,,,,,,,,,,
16600,2.8436186,1.4405282,,,,,,,,,,,,,,
16700,2.9456184,1.6323066,,,,,,,,,,,,,,
16800,3.1221704,1.5898852,,,,,,,,,,,,,,
16900,3.4443002,1.6145122,,,,,,,,,,,,,,
17000,3.114633,1.6092869,,,,,,,,,,,,,,
17100,2.8715944,1.4155016,,,,,,,,,,,,,,
17200,3.3373907,1.5409317,,,,,,,,,,,,,,
17300,2.9945621,1.4538702,,,,,,,,,,,,,,
17400,3.0368295,1.4843043,,,,,,,,,,,,,,
17500,3.0779912,1.4751956,,,,,,,,,,,,,,
17600,3.2113743,1.5701604,,,,,,,,,,,,,,
17700,3.4370143,1.6494673,,,,,,,,,,,,,,
17800,3.4256706,1.5263238,,,,,,,,,,,,,,
17900,3.5184605,1.5226723,,,,,,,,,,,,,,
18000,3.4431999,1.5015571,,,,,,,,,,,,,,
18100,3.6929986,1.4996834,,,,,,,,,,,,,,
18200,3.5989232,1.4192752,,,,,,,,,,,,,,
18300,3.999493,1.5664269,,,,,,,,,,,,,,
18400,4.0275784,1.5067592,,,,,,,,,,,,,,
18500,3.6771107,1.4374093,,,,,,,,,,,,,,
18600,4.272152,1.6163733,,,,,,,,,,,,,,
18700,4.046474,1.5734844,,,,,,,,,,,,,,
18800,4.3629484,1.5825697,,,,,,,,,,,,,,
18900,4.6702614,1.4524597,,,,,,,,,,,,,,
19000,4.4184666,1.5249208,,,,,,,,,,,,,,
19100,4.497393,1.4230453,,,,,,,,,,,,,,
19200,4.585563,1.4709618,,,,,,,,,,,,,,
19300,5.2894516,1.6386707,,,,,,,,,,,,,,
19400,4.795242,1.4674356,,,,,,,,,,,,,,
19500,5.482722,1.4683492,,,,,,,,,,,,,,
19600,5.387566,1.437956,,,,,,,,,,,,,,
19700,5.4920583,1.4219333,,,,,,,,,,,,,,
19800,5.954037,1.5483303,,,,,,,,,,,,,,
19900,6.324367,1.4933286,,,,,,,,,,,,,,
20000,6.676006,1.5251149,,,,,,,,,,,,,,
20100,7.1804256,1.6376086,,,,,,,,,,,,,,
20200,6.8913126,1.5392935,,,,,,,,,,,,,,
20300,6.9660645,1.4771256,,,,,,,,,,,,,,
20400,7.2111435,1.5515683,,,,,,,,,,,,,,
20500,7.457107,1.4731723,,,,,,,,,,,,,,
20600,7.4303656,1.4786524,,,,,,,,,,,,,,
20700,7.629821,1.4592505,,,,,,,,,,,,,,
20800,8.020671,1.4321133,,,,,,,,,,,,,,
20900,8.064123,1.4215634,,,,,,,,,,,,,,
21000,8.373721,1.4359391,,,,,,,,,,,,,,
21092,,,0.80626196,0.7468492,0.69604,1.2423426,50000.0,0.5665,1.966288,10000.0,6041.659068584442,6173.354122161865,6041.659068584442,131.3270001411438,0.2016239166259765,0.0
21100,9.557383,1.4255931,,,,,,,,,,,,,,
21200,9.634326,1.546961,,,,,,,,,,,,,,
21300,9.685497,1.6118386,,,,,,,,,,,,,,
21400,9.886862,1.5240147,,,,,,,,,,,,,,
21500,9.7975235,1.4754592,,,,,,,,,,,,,,
21600,10.452477,1.5948453,,,,,,,,,,,,,,
21700,11.104937,1.4480739,,,,,,,,,,,,,,
21800,11.443251,1.567525,,,,,,,,,,,,,,
21900,11.143262,1.4766202,,,,,,,,,,,,,,
22000,11.234718,1.4688125,,,,,,,,,,,,,,
22100,11.976441,1.5527772,,,,,,,,,,,,,,
22200,11.653145,1.5262766,,,,,,,,,,,,,,
22300,12.515902,1.4616196,,,,,,,,,,,,,,
22400,12.398321,1.5515943,,,,,,,,,,,,,,
22500,11.966619,1.5430887,,,,,,,,,,,,,,
22600,12.671228,1.5162046,,,,,,,,,,,,,,
22700,12.063148,1.43737,,,,,,,,,,,,,,
22800,12.623193,1.5195613,,,,,,,,,,,,,,
22900,12.841315,1.5209558,,,,,,,,,,,,,,
23000,12.794352,1.5264404,,,,,,,,,,,,,,
23100,14.1313505,1.5459316,,,,,,,,,,,,,,
23200,13.10057,1.5468302,,,,,,,,,,,,,,
23300,13.00319,1.4513229,,,,,,,,,,,,,,
23400,12.7899065,1.497438,,,,,,,,,,,,,,
23500,13.094699,1.4613187,,,,,,,,,,,,,,
23600,12.8479395,1.6071806,,,,,,,,,,,,,,
23700,13.217056,1.451887,,,,,,,,,,,,,,
23800,13.095944,1.526212,,,,,,,,,,,,,,
23900,12.245737,1.4961656,,,,,,,,,,,,,,
24000,13.137688,1.4849154,,,,,,,,,,,,,,
24100,12.375477,1.4814997,,,,,,,,,,,,,,
24200,12.37206,1.426897,,,,,,,,,,,,,,
24300,12.036983,1.3881594,,,,,,,,,,,,,,
24400,11.92641,1.4728968,,,,,,,,,,,,,,
24500,11.771098,1.4304404,,,,,,,,,,,,,,
24600,11.649035,1.5236187,,,,,,,,,,,,,,
24700,11.907681,1.4861745,,,,,,,,,,,,,,
24800,10.68249,1.3228707,,,,,,,,,,,,,,
24900,11.951889,1.5780934,,,,,,,,,,,,,,
25000,11.263922,1.5151592,,,,,,,,,,,,,,
25100,10.915551,1.4973717,,,,,,,,,,,,,,
25200,11.098624,1.4847349,,,,,,,,,,,,,,
25300,10.891446,1.4778204,,,,,,,,,,,,,,
25400,10.664565,1.4708545,,,,,,,,,,,,,,
25500,10.126752,1.4110153,,,,,,,,,,,,,,
25600,10.253349,1.383716,,,,,,,,,,,,,,
25700,9.889932,1.3123438,,,,,,,,,,,,,,
25800,9.558504,1.4940456,,,,,,,,,,,,,,
25900,9.501413,1.448665,,,,,,,,,,,,,,
26000,9.6988,1.4464637,,,,,,,,,,,,,,
26100,9.408886,1.447676,,,,,,,,,,,,,,
26200,9.650246,1.3825984,,,,,,,,,,,,,,
26300,9.363245,1.4882677,,,,,,,,,,,,,,
26400,9.168091,1.5331602,,,,,,,,,,,,,,
26500,9.169416,1.4329627,,,,,,,,,,,,,,
26600,9.049761,1.4842701,,,,,,,,,,,,,,
26700,8.756247,1.4040155,,,,,,,,,,,,,,
26800,9.146037,1.5803797,,,,,,,,,,,,,,
26900,8.695668,1.4477241,,,,,,,,,,,,,,
27000,8.426908,1.4665682,,,,,,,,,,,,,,
27100,8.216556,1.4632483,,,,,,,,,,,,,,
27200,8.094534,1.36522,,,,,,,,,,,,,,
27300,8.046776,1.351177,,,,,,,,,,,,,,
27400,7.874637,1.3922625,,,,,,,,,,,,,,
27500,7.0431967,1.3832042,,,,,,,,,,,,,,
27600,7.395363,1.4512374,,,,,,,,,,,,,,
27700,7.6031857,1.4768431,,,,,,,,,,,,,,
27800,7.716082,1.4309497,,,,,,,,,,,,,,
27900,7.284078,1.3665826,,,,,,,,,,,,,,
28000,7.0502796,1.3327098,,,,,,,,,,,,,,
28100,6.550111,1.2366924,,,,,,,,,,,,,,
28200,6.895546,1.3160229,,,,,,,,,,,,,,
28300,7.538845,1.4293623,,,,,,,,,,,,,,
28400,6.9126673,1.3876631,,,,,,,,,,,,,,
28443,,,0.82924104,0.63326895,0.71349996,1.1654677,50000.0,0.58580005,1.8870754,10000.0,8037.608729124069,8190.942818403244,8037.608729124069,152.86800980567932,0.2448570728302002,0.0
28500,6.8568554,1.3344162,,,,,,,,,,,,,,
28600,7.0242634,1.4856795,,,,,,,,,,,,,,
28700,6.6532207,1.4719828,,,,,,,,,,,,,,
28800,6.2598543,1.3663869,,,,,,,,,,,,,,
28900,6.5984015,1.3714626,,,,,,,,,,,,,,
29000,6.4800963,1.3752112,,,,,,,,,,,,,,
29100,6.5518923,1.385139,,,,,,,,,,,,,,
29200,6.235161,1.389632,,,,,,,,,,,,,,
29300,6.6323204,1.4930956,,,,,,,,,,,,,,
29400,5.875154,1.3274324,,,,,,,,,,,,,,
29500,6.2344327,1.3566339,,,,,,,,,,,,,,
29600,6.3889647,1.4252231,,,,,,,,,,,,,,
29700,5.952165,1.3801355,,,,,,,,,,,,,,
29800,6.346652,1.4509933,,,,,,,,,,,,,,
29900,5.93223,1.3031559,,,,,,,,,,,,,,
30000,5.5059834,1.1938716,,,,,,,,,,,,,,
30100,5.7550116,1.3663808,,,,,,,,,,,,,,
30200,5.7394986,1.3611279,,,,,,,,,,,,,,
30300,5.9506474,1.3464634,,,,,,,,,,,,,,
30400,5.5565534,1.3372282,,,,,,,,,,,,,,
30500,5.97622,1.312081,,,,,,,,,,,,,,
30600,5.419107,1.2911379,,,,,,,,,,,,,,
30700,5.577155,1.2933437,,,,,,,,,,,,,,
30800,5.660573,1.4083804,,,,,,,,,,,,,,
30900,5.1301847,1.2073398,,,,,,,,,,,,,,
31000,5.482844,1.4166117,,,,,,,,,,,,,,
31100,5.173871,1.2612526,,,,,,,,,,,,,,
31200,5.4598465,1.3581263,,,,,,,,,,,,,,
31300,5.2973504,1.3610317,,,,,,,,,,,,,,
31400,5.414575,1.346878,,,,,,,,,,,,,,
31500,5.036264,1.2264533,,,,,,,,,,,,,,
31600,5.2699614,1.346164,,,,,,,,,,,,,,
31700,5.4402323,1.2917888,,,,,,,,,,,,,,
31800,5.334868,1.3250829,,,,,,,,,,,,,,
31900,5.132401,1.4447329,,,,,,,,,,,,,,
32000,5.207422,1.3273389,,,,,,,,,,,,,,
32100,4.952977,1.2982454,,,,,,,,,,,,,,
32200,4.7783484,1.2664382,,,,,,,,,,,,,,
32300,4.936419,1.2475731,,,,,,,,,,,,,,
32400,5.110879,1.3842224,,,,,,,,,,,,,,
32500,4.8682923,1.2670761,,,,,,,,,,,,,,
32600,5.0672626,1.3139801,,,,,,,,,,,,,,
32700,5.010432,1.3385253,,,,,,,,,,,,,,
32800,4.581557,1.243595,,,,,,,,,,,,,,
32900,5.0270963,1.3686929,,,,,,,,,,,,,,
33000,5.2375674,1.37363,,,,,,,,,,,,,,
33100,4.7983227,1.4210114,,,,,,,,,,,,,,
33200,4.6094522,1.3469799,,,,,,,,,,,,,,
33300,4.5315213,1.3296075,,,,,,,,,,,,,,
33400,4.7060895,1.3575106,,,,,,,,,,,,,,
33500,4.759145,1.4054676,,,,,,,,,,,,,,
33600,4.575412,1.2726943,,,,,,,,,,,,,,
33700,4.5807476,1.2526944,,,,,,,,,,,,,,
33800,4.4947453,1.3171679,,,,,,,,,,,,,,
33900,4.5195184,1.2414218,,,,,,,,,,,,,,
34000,4.661246,1.2922688,,,,,,,,,,,,,,
34100,4.629753,1.3563446,,,,,,,,,,,,,,
34200,4.885884,1.301853,,,,,,,,,,,,,,
34300,4.390519,1.2564466,,,,,,,,,,,,,,
34400,4.2090483,1.2834184,,,,,,,,,,,,,,
34500,4.7766275,1.2690743,,,,,,,,,,,,,,
34600,4.430151,1.2343917,,,,,,,,,,,,,,
34700,4.621642,1.2821805,,,,,,,,,,,,,,
34800,4.6897693,1.3922069,,,,,,,,,,,,,,
34900,4.467527,1.3079548,,,,,,,,,,,,,,
35000,4.3583736,1.3244609,,,,,,,,,,,,,,
35100,4.3338265,1.2724457,,,,,,,,,,,,,,
35200,4.317161,1.2240956,,,,,,,,,,,,,,
35300,4.5857625,1.24436,,,,,,,,,,,,,,
35400,4.247714,1.3141418,,,,,,,,,,,,,,
35500,4.3560786,1.2321714,,,,,,,,,,,,,,
35600,4.1245217,1.1889051,,,,,,,,,,,,,,
35700,4.432794,1.2831471,,,,,,,,,,,,,,
35796,,,0.8547313,0.5380873,0.72433996,1.1205891,50000.0,0.6003,1.8511142,10000.0,10033.702872037888,10209.286883592606,10033.702872037888,174.9927954673767,0.3151042461395263,0.0
35800,4.720263,1.3348483,,,,,,,,,,,,,,
35900,4.24461,1.2421958,,,,,,,,,,,,,,
36000,4.55009,1.3328924,,,,,,,,,,,,,,
36100,4.172215,1.2736306,,,,,,,,,,,,,,
36200,4.5076027,1.4264014,,,,,,,,,,,,,,
36300,4.25438,1.2949915,,,,,,,,,,,,,,
36400,4.2810583,1.325943,,,,,,,,,,,,,,
36500,4.1195726,1.1970545,,,,,,,,,,,,,,
36600,4.1709924,1.268266,,,,,,,,,,,,,,
36700,4.2175097,1.2188754,,,,,,,,,,,,,,
36800,4.251856,1.2839425,,,,,,,,,,,,,,
36900,4.392795,1.2740784,,,,,,,,,,,,,,
37000,4.3447466,1.3322309,,,,,,,,,,,,,,
37100,4.1499,1.2270205,,,,,,,,,,,,,,
37200,4.3094363,1.2717118,,,,,,,,,,,,,,
37300,4.1960526,1.4266336,,,,,,,,,,,,,,
37400,4.1613145,1.2849329,,,,,,,,,,,,,,
37500,3.8893168,1.2044969,,,,,,,,,,,,,,
37600,4.477601,1.2356882,,,,,,,,,,,,,,
37700,4.040525,1.2609394,,,,,,,,,,,,,,
37800,4.063315,1.3086318,,,,,,,,,,,,,,
37900,4.1932855,1.2433574,,,,,,,,,,,,,,
38000,4.101161,1.3293921,,,,,,,,,,,,,,
38100,3.9735196,1.2837492,,,,,,,,,,,,,,
38200,3.9089363,1.1842885,,,,,,,,,,,,,,
38300,4.223768,1.2818279,,,,,,,,,,,,,,
38400,4.141959,1.287684,,,,,,,,,,,,,,
38500,4.3084264,1.3033929,,,,,,,,,,,,,,
38600,4.0902386,1.2827363,,,,,,,,,,,,,,
38700,4.0125623,1.2983997,,,,,,,,,,,,,,
38800,4.2160506,1.306865,,,,,,,,,,,,,,
38900,3.9346266,1.1754285,,,,,,,,,,,,,,
39000,3.8839405,1.250699,,,,,,,,,,,,,,
39100,4.1025615,1.3252113,,,,,,,,,,,,,,
39200,3.6854343,1.1950884,,,,,,,,,,,,,,
39300,3.9448538,1.267603,,,,,,,,,,,,,,
39400,4.269415,1.2683179,,,,,,,,,,,,,,
39500,3.9312425,1.193228,,,,,,,,,,,,,,
39600,4.0284758,1.2327142,,,,,,,,,,,,,,
39700,3.7256799,1.211329,,,,,,,,,,,,,,
39800,3.8251305,1.2429365,,,,,,,,,,,,,,
39900,3.7393782,1.2069926,,,,,,,,,,,,,,
40000,4.148505,1.274508,,,,,,,,,,,,,,
40100,4.037039,1.2353258,,,,,,,,,,,,,,
40200,3.8967595,1.2146053,,,,,,,,,,,,,,
40300,4.2701206,1.3373218,,,,,,,,,,,,,,
40400,3.6732392,1.1482446,,,,,,,,,,,,,,
40500,3.8309827,1.2190422,,,,,,,,,,,,,,
40600,4.0349503,1.2846187,,,,,,,,,,,,,,
40700,3.9151433,1.2480208,,,,,,,,,,,,,,
40800,3.9472353,1.2184482,,,,,,,,,,,,,,
40900,3.802208,1.1542077,,,,,,,,,,,,,,
41000,3.997094,1.2504532,,,,,,,,,,,,,,
41100,4.144732,1.2411139,,,,,,,,,,,,,,
41200,3.8910005,1.3247635,,,,,,,,,,,,,,
41300,3.8678012,1.322186,,,,,,,,,,,,,,
41400,3.790781,1.2397532,,,,,,,,,,,,,,
41500,3.8935764,1.316673,,,,,,,,,,,,,,
41600,3.8190613,1.2116675,,,,,,,,,,,,,,
41700,4.1057153,1.2219505,,,,,,,,,,,,,,
41800,3.9582517,1.2603569,,,,,,,,,,,,,,
41900,3.9973683,1.3004413,,,,,,,,,,,,,,
42000,3.8785512,1.3307416,,,,,,,,,,,,,,
42100,3.9055479,1.2393316,,,,,,,,,,,,,,
42200,4.066608,1.2006257,,,,,,,,,,,,,,
42300,3.814457,1.2279122,,,,,,,,,,,,,,
42400,4.1929526,1.1712867,,,,,,,,,,,,,,
42500,3.854583,1.1758785,,,,,,,,,,,,,,
42600,3.9803956,1.202991,,,,,,,,,,,,,,
42700,3.9088147,1.239029,,,,,,,,,,,,,,
42800,4.031144,1.2118125,,,,,,,,,,,,,,
42900,3.9245791,1.1612183,,,,,,,,,,,,,,
43000,3.6625364,1.1592093,,,,,,,,,,,,,,
43100,4.054053,1.1741749,,,,,,,,,,,,,,
43147,,,0.871313,0.46765828,0.72818,1.1009811,50000.0,0.6056,1.8409466,10000.0,12029.607981204988,12226.716282129288,12029.607981204988,196.35537314414967,0.4192686080932617,0.0
43200,3.878725,1.1969955,,,,,,,,,,,,,,
43300,3.9285033,1.1863334,,,,,,,,,,,,,,
43400,3.9330485,1.2109174,,,,,,,,,,,,,,
43500,4.3333216,1.2290897,,,,,,,,,,,,,,
43600,4.000523,1.3087717,,,,,,,,,,,,,,
43700,3.8765874,1.2098255,,,,,,,,,,,,,,
43800,3.9283855,1.3042747,,,,,,,,,,,,,,
43900,3.8389394,1.2098432,,,,,,,,,,,,,,
44000,3.8067799,1.157721,,,,,,,,,,,,,,
44100,3.9657662,1.2061086,,,,,,,,,,,,,,
44200,4.240312,1.2089682,,,,,,,,,,,,,,
44300,3.5896022,1.1802446,,,,,,,,,,,,,,
44400,3.4798841,1.0906482,,,,,,,,,,,,,,
44500,3.727335,1.1844299,,,,,,,,,,,,,,
44600,3.6461813,1.1912581,,,,,,,,,,,,,,
44700,4.1520276,1.22844,,,,,,,,,,,,,,
44800,3.6859236,1.2416346,,,,,,,,,,,,,,
44900,4.000932,1.2352442,,,,,,,,,,,,,,
45000,4.4288845,1.3219464,,,,,,,,,,,,,,
45100,3.5970035,1.1054151,,,,,,,,,,,,,,
45200,3.5812685,1.1448531,,,,,,,,,,,,,,
45300,4.2007127,1.2616429,,,,,,,,,,,,,,
45400,3.523731,1.1928092,,,,,,,,,,,,,,
45500,3.8673406,1.241123,,,,,,,,,,,,,,
45600,3.750519,1.2503902,,,,,,,,,,,,,,
45700,3.8615806,1.1768751,,,,,,,,,,,,,,
45800,3.8128326,1.1711885,,,,,,,,,,,,,,
45900,3.73112,1.2256352,,,,,,,,,,,,,,
46000,3.6924758,1.1618521,,,,,,,,,,,,,,
46100,3.806561,1.1767731,,,,,,,,,,,,,,
46200,3.9275806,1.2225554,,,,,,,,,,,,,,
46300,3.90748,1.176085,,,,,,,,,,,,,,
46400,3.7055101,1.1467383,,,,,,,,,,,,,,
46500,3.7572443,1.1796646,,,,,,,,,,,,,,
46600,3.9603329,1.3142532,,,,,,,,,,,,,,
46700,3.718492,1.335825,,,,,,,,,,,,,,
46800,4.0999575,1.2506394,,,,,,,,,,,,,,
46900,3.6402297,1.1925693,,,,,,,,,,,,,,
47000,3.8582342,1.1832149,,,,,,,,,,,,,,
47100,3.6134398,1.1921444,,,,,,,,,,,,,,
47200,3.48638,1.1003852,,,,,,,,,,,,,,
47300,3.907638,1.1034411,,,,,,,,,,,,,,
47400,3.609619,1.1048025,,,,,,,,,,,,,,
47500,4.064024,1.2876694,,,,,,,,,,,,,,
47600,3.8037753,1.234202,,,,,,,,,,,,,,
47700,3.8401964,1.2875459,,,,,,,,,,,,,,
47800,3.7443476,1.2515287,,,,,,,,,,,,,,
47900,3.7716393,1.1102865,,,,,,,,,,,,,,
48000,3.7963939,1.2691946,,,,,,,,,,,,,,
48100,3.6345663,1.2292393,,,,,,,,,,,,,,
48200,3.9440987,1.2371404,,,,,,,,,,,,,,
48300,3.7003124,1.1114054,,,,,,,,,,,,,,
48400,3.803473,1.2181332,,,,,,,,,,,,,,
48500,3.8531678,1.154243,,,,,,,,,,,,,,
48600,3.8309348,1.2079558,,,,,,,,,,,,,,
48700,3.8702538,1.141825,,,,,,,,,,,,,,
48800,3.6278715,1.2293398,,,,,,,,,,,,,,
48900,3.8061736,1.166743,,,,,,,,,,,,,,
49000,4.0323386,1.2822518,,,,,,,,,,,,,,
49100,4.057734,1.3354738,,,,,,,,,,,,,,
49200,3.8730445,1.2915927,,,,,,,,,,,,,,
49300,3.554855,1.081322,,,,,,,,,,,,,,
49400,3.8711817,1.2754942,,,,,,,,,,,,,,
49500,3.7301388,1.2191672,,,,,,,,,,,,,,
49600,3.763734,1.166129,,,,,,,,,,,,,,
49700,3.7555523,1.1636212,,,,,,,,,,,,,,
49800,4.0949926,1.2108474,,,,,,,,,,,,,,
49900,3.79191,1.1921856,,,,,,,,,,,,,,
50000,3.902987,1.2289088,,,,,,,,,,,,,,
50100,3.8318844,1.2076378,,,,,,,,,,,,,,
50200,3.9105802,1.214437,,,,,,,,,,,,,,
50300,4.017617,1.2429807,,,,,,,,,,,,,,
50400,4.0535426,1.1752005,,,,,,,,,,,,,,
50500,3.8965697,1.188702,,,,,,,,,,,,,,
50502,,,0.8854432,0.41532198,0.7328,1.0901387,50000.0,0.61230004,1.8371395,10000.0,14025.61386179924,14243.602019548416,14025.61386179924,217.0973782539368,0.5025744438171387,0.0
50600,3.8640666,1.166022,,,,,,,,,,,,,,
50700,4.0280957,1.2646285,,,,,,,,,,,,,,
50800,3.8004036,1.2110083,,,,,,,,,,,,,,
50900,4.1712875,1.221666,,,,,,,,,,,,,,
51000,3.6798563,1.2483498,,,,,,,,,,,,,,
51100,4.0799065,1.2520487,,,,,,,,,,,,,,
51200,3.7118425,1.1630173,,,,,,,,,,,,,,
51300,3.960953,1.1060419,,,,,,,,,,,,,,
51400,3.8259892,1.2153922,,,,,,,,,,,,,,
51500,3.918326,1.1542542,,,,,,,,,,,,,,
51600,3.7876623,1.2338355,,,,,,,,,,,,,,
51700,3.6581404,1.1320767,,,,,,,,,,,,,,
51800,3.8201616,1.0641094,,,,,,,,,,,,,,
51900,4.0517793,1.1623816,,,,,,,,,,,,,,
52000,4.00863,1.2615082,,,,,,,,,,,,,,
52100,4.1107445,1.1734048,,,,,,,,,,,,,,
52200,4.136712,1.2130182,,,,,,,,,,,,,,
52300,4.2606363,1.2912178,,,,,,,,,,,,,,
52400,3.8009052,1.0987062,,,,,,,,,,,,,,
52500,3.7023284,1.2087016,,,,,,,,,,,,,,
52600,4.2564816,1.276298,,,,,,,,,,,,,,
52700,3.839111,1.2562456,,,,,,,,,,,,,,
52800,3.7856464,1.1561302,,,,,,,,,,,,,,
52900,3.9264734,1.1729922,,,,,,,,,,,,,,
53000,4.021919,1.2395172,,,,,,,,,,,,,,
53100,3.881984,1.0995145,,,,,,,,,,,,,,
53200,4.120936,1.2103832,,,,,,,,,,,,,,
53300,4.0209293,1.3110694,,,,,,,,,,,,,,
53400,4.068738,1.198065,,,,,,,,,,,,,,
53500,3.9213939,1.112296,,,,,,,,,,,,,,
53600,3.740293,1.1453027,,,,,,,,,,,,,,
53700,3.9754703,1.167479,,,,,,,,,,,,,,
53800,3.921827,1.1551557,,,,,,,,,,,,,,
53900,3.861023,1.2060766,,,,,,,,,,,,,,
54000,3.7028055,1.1905566,,,,,,,,,,,,,,
54100,3.826962,1.1583554,,,,,,,,,,,,,,
54200,3.9701865,1.1822278,,,,,,,,,,,,,,
54300,3.6424434,1.0892633,,,,,,,,,,,,,,
54400,4.111021,1.2418785,,,,,,,,,,,,,,
54500,3.9327185,1.1298925,,,,,,,,,,,,,,
54600,3.8848248,1.1510432,,,,,,,,,,,,,,
54700,3.9794075,1.1345435,,,,,,,,,,,,,,
54800,4.4841633,1.2013738,,,,,,,,,,,,,,
54900,3.7404857,1.0867016,,,,,,,,,,,,,,
55000,3.9123907,1.2236469,,,,,,,,,,,,,,
55100,4.3716426,1.2296147,,,,,,,,,,,,,,
55200,3.7047322,1.1476979,,,,,,,,,,,,,,
55300,3.816472,1.2530737,,,,,,,,,,,,,,
55400,3.771028,1.1119556,,,,,,,,,,,,,,
55500,3.8951535,1.1224585,,,,,,,,,,,,,,
55600,4.360356,1.2300556,,,,,,,,,,,,,,
55700,3.8989036,1.2129848,,,,,,,,,,,,,,
55800,3.8862464,1.1935923,,,,,,,,,,,,,,
55900,3.786191,1.1556485,,,,,,,,,,,,,,
56000,4.165676,1.2139237,,,,,,,,,,,,,,
56100,4.0112224,1.151546,,,,,,,,,,,,,,
56200,4.1312814,1.2806158,,,,,,,,,,,,,,
56300,3.8533664,1.0993503,,,,,,,,,,,,,,
56400,4.043814,1.1235061,,,,,,,,,,,,,,
56500,4.089488,1.2926569,,,,,,,,,,,,,,
56600,3.7214637,1.2155168,,,,,,,,,,,,,,
56700,3.8828092,1.1416777,,,,,,,,,,,,,,
56800,4.081435,1.2013619,,,,,,,,,,,,,,
56900,3.9855316,1.2298651,,,,,,,,,,,,,,
57000,3.9699361,1.1900685,,,,,,,,,,,,,,
57100,4.2284517,1.2142601,,,,,,,,,,,,,,
57200,4.074763,1.2213061,,,,,,,,,,,,,,
57300,4.171146,1.1951604,,,,,,,,,,,,,,
57400,3.9170423,1.141633,,,,,,,,,,,,,,
57500,3.8793526,1.1436837,,,,,,,,,,,,,,
57600,4.2993712,1.2836177,,,,,,,,,,,,,,
57700,3.9988062,1.1603652,,,,,,,,,,,,,,
57800,3.765184,1.1006163,,,,,,,,,,,,,,
57855,,,0.89253825,0.3850234,0.73662,1.0837384,50000.0,0.609,1.840022,10000.0,16021.685701847076,16260.028512001038,16021.685701847076,237.31938290596008,0.5800423622131348,0.0
57900,4.0411186,1.2027671,,,,,,,,,,,,,,
58000,4.1641936,1.2515063,,,,,,,,,,,,,,
58100,3.8585994,1.1270262,,,,,,,,,,,,,,
58200,3.9867733,1.1456878,,,,,,,,,,,,,,
58300,4.2866106,1.2606316,,,,,,,,,,,,,,
58400,3.9092772,1.1484383,,,,,,,,,,,,,,
58500,4.1088157,1.1697139,,,,,,,,,,,,,,
58600,4.694065,1.2007215,,,,,,,,,,,,,,
58700,3.8600073,1.1486828,,,,,,,,,,,,,,
58800,3.7497315,1.0931408,,,,,,,,,,,,,,
58900,4.0204844,1.2458053,,,,,,,,,,,,,,
59000,4.5567074,1.228139,,,,,,,,,,,,,,
59100,4.1439185,1.0857952,,,,,,,,,,,,,,
59200,4.0446568,1.1223049,,,,,,,,,,,,,,
59300,4.290148,1.1408072,,,,,,,,,,,,,,
59400,4.181192,1.2643784,,,,,,,,,,,,,,
59500,4.127741,1.2178974,,,,,,,,,,,,,,
59600,3.9982023,1.0730668,,,,,,,,,,,,,,
59700,4.51132,1.2135177,,,,,,,,,,,,,,
59800,4.1749825,1.2108475,,,,,,,,,,,,,,
59900,4.146835,1.1923497,,,,,,,,,,,,,,
60000,3.7286127,1.1063026,,,,,,,,,,,,,,
60100,4.0545516,1.1324818,,,,,,,,,,,,,,
60200,4.18634,1.1639116,,,,,,,,,,,,,,
60300,4.0274634,1.1428424,,,,,,,,,,,,,,
60400,4.0977106,1.1667376,,,,,,,,,,,,,,
60500,4.1667304,1.2456499,,,,,,,,,,,,,,
60600,4.436457,1.1989213,,,,,,,,,,,,,,
60700,4.265892,1.2106388,,,,,,,,,,,,,,
60800,4.073124,1.1143284,,,,,,,,,,,,,,
60900,4.290305,1.1338751,,,,,,,,,,,,,,
61000,4.1896877,1.1182227,,,,,,,,,,,,,,
61100,4.0874505,1.1407794,,,,,,,,,,,,,,
61200,3.8766754,1.0659885,,,,,,,,,,,,,,
61300,4.286856,1.1069067,,,,,,,,,,,,,,
61400,4.276536,1.175674,,,,,,,,,,,,,,
61500,4.2735295,1.1471272,,,,,,,,,,,,,,
61600,4.194719,1.1037203,,,,,,,,,,,,,,
61700,4.015727,1.0487634,,,,,,,,,,,,,,
61800,4.5725975,1.1253948,,,,,,,,,,,,,,
61900,4.238475,1.1076355,,,,,,,,,,,,,,
62000,4.157261,1.1408571,,,,,,,,,,,,,,
62100,4.37157,1.263484,,,,,,,,,,,,,,
62200,4.365885,1.1170647,,,,,,,,,,,,,,
62300,4.323107,1.1869495,,,,,,,,,,,,,,
62400,4.6430287,1.2196738,,,,,,,,,,,,,,
62500,4.5388174,1.2222493,,,,,,,,,,,,,,
62600,3.9685667,1.0584579,,,,,,,,,,,,,,
62700,4.538475,1.1615205,,,,,,,,,,,,,,
62800,4.8223515,1.1555804,,,,,,,,,,,,,,
62900,4.3452463,1.0453455,,,,,,,,,,,,,,
63000,4.433429,1.2152523,,,,,,,,,,,,,,
63100,4.2220216,1.1546389,,,,,,,,,,,,,,
63200,4.4907217,1.1182039,,,,,,,,,,,,,,
63300,4.523039,1.0728405,,,,,,,,,,,,,,
63400,4.37359,1.1755,,,,,,,,,,,,,,
63500,4.2480044,1.0903472,,,,,,,,,,,,,,
63600,4.273742,1.1364958,,,,,,,,,,,,,,
63700,4.640417,1.1735934,,,,,,,,,,,,,,
63800,4.2348747,1.0893021,,,,,,,,,,,,,,
63900,4.455886,1.1877308,,,,,,,,,,,,,,
64000,4.4386563,1.139983,,,,,,,,,,,,,,
64100,4.408264,1.1444511,,,,,,,,,,,,,,
64200,4.317006,1.1207876,,,,,,,,,,,,,,
64300,4.4671597,1.1381729,,,,,,,,,,,,,,
64400,4.6067905,1.0970186,,,,,,,,,,,,,,
64500,4.512941,1.2085509,,,,,,,,,,,,,,
64600,4.5796494,1.1796603,,,,,,,,,,,,,,
64700,4.497619,1.2076114,,,,,,,,,,,,,,
64800,4.4055586,1.156302,,,,,,,,,,,,,,
64900,4.502172,1.0322864,,,,,,,,,,,,,,
65000,4.5340347,1.2412741,,,,,,,,,,,,,,
65100,4.6257486,1.1614686,,,,,,,,,,,,,,
65200,4.7350383,1.147482,,,,,,,,,,,,,,
65208,,,0.90124756,0.35447967,0.73748,1.0785924,50000.0,0.6104,1.8365499,10000.0,18017.576412677765,18276.52331066132,18017.576412677765,257.79344487190247,0.6483263969421387,0.0
65300,4.4084673,1.1686174,,,,,,,,,,,,,,
65400,4.625331,1.161104,,,,,,,,,,,,,,
65500,4.851145,1.2499616,,,,,,,,,,,,,,
65600,4.8405247,1.1195295,,,,,,,,,,,,,,
65700,4.6255918,1.1100072,,,,,,,,,,,,,,
65800,4.627632,1.1573273,,,,,,,,,,,,,,
65900,4.6867137,1.0334947,,,,,,,,,,,,,,
66000,4.385501,1.037397,,,,,,,,,,,,,,
66100,4.7385035,1.1736593,,,,,,,,,,,,,,
66200,4.7864466,1.1743108,,,,,,,,,,,,,,
66300,4.6372094,1.168529,,,,,,,,,,,,,,
66400,4.6159496,1.0552441,,,,,,,,,,,,,,
66500,4.2832046,1.115658,,,,,,,,,,,,,,
66600,4.3917117,1.0595005,,,,,,,,,,,,,,
66700,5.0789943,1.220778,,,,,,,,,,,,,,
66800,4.6484976,1.1116327,,,,,,,,,,,,,,
66900,4.7546296,1.1105635,,,,,,,,,,,,,,
67000,5.1559033,1.2200499,,,,,,,,,,,,,,
67100,4.4857783,1.0552616,,,,,,,,,,,,,,
67200,4.5000124,1.0578072,,,,,,,,,,,,,,
67300,4.6727366,1.1248643,,,,,,,,,,,,,,
67400,4.8452716,1.1648583,,,,,,,,,,,,,,
67500,4.82269,1.1714895,,,,,,,,,,,,,,
67600,5.0031233,1.1086652,,,,,,,,,,,,,,
67700,4.752123,1.1819581,,,,,,,,,,,,,,
67800,4.759059,1.1221896,,,,,,,,,,,,,,
67900,4.8130493,1.1828184,,,,,,,,,,,,,,
68000,4.950571,1.1001052,,,,,,,,,,,,,,
68100,4.8005114,1.1944144,,,,,,,,,,,,,,
68200,4.589383,1.043499,,,,,,,,,,,,,,
68300,4.951854,1.1029888,,,,,,,,,,,,,,
68400,4.902244,1.056746,,,,,,,,,,,,,,
68500,4.8468347,1.1349437,,,,,,,,,,,,,,
68600,4.81879,1.0974411,,,,,,,,,,,,,,
68700,4.9317784,1.1991532,,,,,,,,,,,,,,
68800,5.0510364,1.1476306,,,,,,,,,,,,,,
68900,4.8798795,1.1401823,,,,,,,,,,,,,,
69000,4.779599,1.1636689,,,,,,,,,,,,,,
69100,4.7336864,1.138608,,,,,,,,,,,,,,
69200,4.913373,1.0821601,,,,,,,,,,,,,,
69300,4.538521,1.0056187,,,,,,,,,,,,,,
69400,4.6859126,1.0542536,,,,,,,,,,,,,,
69500,5.2250147,1.2228357,,,,,,,,,,,,,,
69600,4.832305,1.0613253,,,,,,,,,,,,,,
69700,4.997441,1.0843691,,,,,,,,,,,,,,
69800,5.0918427,1.1361145,,,,,,,,,,,,,,
69900,5.0581775,1.0965068,,,,,,,,,,,,,,
70000,5.1162868,1.1150178,,,,,,,,,,,,,,
70100,5.034357,1.0822905,,,,,,,,,,,,,,
70200,5.0786953,1.2017645,,,,,,,,,,,,,,
70300,4.842858,1.0396072,,,,,,,,,,,,,,
70400,5.2811875,1.1442655,,,,,,,,,,,,,,
70500,4.997383,1.1571869,,,,,,,,,,,,,,
70600,5.00278,1.129809,,,,,,,,,,,,,,
70700,5.0608587,1.1777391,,,,,,,,,,,,,,
70800,4.895029,1.094354,,,,,,,,,,,,,,
70900,4.892038,1.1062815,,,,,,,,,,,,,,
71000,4.9099116,1.0888063,,,,,,,,,,,,,,
71100,4.90444,1.0683061,,,,,,,,,,,,,,
71200,5.0220814,1.1104038,,,,,,,,,,,,,,
71300,4.9022326,1.0629605,,,,,,,,,,,,,,
71400,4.8655915,1.0599872,,,,,,,,,,,,,,
71500,4.8503723,1.0402113,,,,,,,,,,,,,,
71600,5.1391363,1.1360918,,,,,,,,,,,,,,
71700,5.084836,1.119205,,,,,,,,,,,,,,
71800,5.1427546,1.0479193,,,,,,,,,,,,,,
71900,5.1192737,1.0521946,,,,,,,,,,,,,,
72000,5.2237387,1.1881578,,,,,,,,,,,,,,
72100,4.8104186,0.9835866,,,,,,,,,,,,,,
72200,4.9167366,1.0845034,,,,,,,,,,,,,,
72300,4.7851768,1.0774384,,,,,,,,,,,,,,
72400,5.1861305,1.0957171,,,,,,,,,,,,,,
72500,5.191675,1.2011657,,,,,,,,,,,,,,
72561,,,0.90824294,0.32824045,0.74074,1.0726177,50000.0,0.6108,1.8346378,10000.0,20013.38549757004,20291.634605646133,20013.38549757004,276.8868010044098,0.7893733978271484,0.0
72600,5.258336,1.1007556,,,,,,,,,,,,,,
72700,5.0652895,1.0494859,,,,,,,,,,,,,,
72800,5.3739157,1.0879582,,,,,,,,,,,,,,
72900,4.803307,1.0320947,,,,,,,,,,,,,,
73000,5.0737,1.1762636,,,,,,,,,,,,,,
73100,5.1512933,1.1518657,,,,,,,,,,,,,,
73200,4.900606,1.0374982,,,,,,,,,,,,,,
73300,5.0069017,1.0804923,,,,,,,,,,,,,,
73400,5.1760178,1.1005182,,,,,,,,,,,,,,
73500,4.8772206,1.0573528,,,,,,,,,,,,,,
73600,5.2385345,1.1672783,,,,,,,,,,,,,,
73700,5.4541426,1.1482525,,,,,,,,,,,,,,
73800,4.8899713,1.0302114,,,,,,,,,,,,,,
73900,5.2844167,1.1735618,,,,,,,,,,,,,,
74000,4.7198114,0.9710991,,,,,,,,,,,,,,
74100,5.173821,1.126299,,,,,,,,,,,,,,
74200,5.0290017,1.0381804,,,,,,,,,,,,,,
74300,4.8899302,1.1397886,,,,,,,,,,,,,,
74400,5.2251163,1.0749009,,,,,,,,,,,,,,
74500,5.0995727,1.0224376,,,,,,,,,,,,,,
74600,5.0235305,1.0671968,,,,,,,,,,,,,,
74700,5.1563416,1.127058,,,,,,,,,,,,,,
74800,5.0603385,1.1326286,,,,,,,,,,,,,,
74900,5.07063,1.0973759,,,,,,,,,,,,,,
75000,4.683627,0.99576885,,,,,,,,,,,,,,
75100,5.0944557,1.1114229,,,,,,,,,,,,,,
75200,4.899845,1.0775337,,,,,,,,,,,,,,
75300,5.0012064,1.1131666,,,,,,,,,,,,,,
75400,5.3528857,1.0816067,,,,,,,,,,,,,,
75500,5.195472,1.1168345,,,,,,,,,,,,,,
75600,5.0340986,1.0960524,,,,,,,,,,,,,,
75700,5.151156,1.1211767,,,,,,,,,,,,,,
75800,5.0416307,1.1007633,,,,,,,,,,,,,,
75900,5.4216394,1.099067,,,,,,,,,,,,,,
76000,5.1055465,1.1071829,,,,,,,,,,,,,,
76100,5.046035,1.131532,,,,,,,,,,,,,,
76200,5.1604214,1.1579454,,,,,,,,,,,,,,
76300,5.071198,1.0973086,,,,,,,,,,,,,,
76400,5.1009293,1.0875586,,,,,,,,,,,,,,
76500,4.8908205,1.0608569,,,,,,,,,,,,,,
76600,4.9293113,1.1246624,,,,,,,,,,,,,,
76700,4.898761,1.0388465,,,,,,,,,,,,,,
76800,5.1338625,1.1213703,,,,,,,,,,,,,,
76900,5.2416825,1.0789068,,,,,,,,,,,,,,
77000,4.978885,1.0525554,,,,,,,,,,,,,,
77100,5.049512,1.1005328,,,,,,,,,,,,,,
77200,4.9482617,1.0380824,,,,,,,,,,,,,,
77300,4.8550277,1.0551497,,,,,,,,,,,,,,
77400,5.11069,1.0439122,,,,,,,,,,,,,,
77500,5.245868,1.1588771,,,,,,,,,,,,,,
77600,5.253383,1.152617,,,,,,,,,,,,,,
77700,5.149882,1.1658428,,,,,,,,,,,,,,
77800,5.53518,1.1289995,,,,,,,,,,,,,,
77900,4.7782845,1.0319041,,,,,,,,,,,,,,
78000,5.1952286,1.0831815,,,,,,,,,,,,,,
78100,5.2418427,1.1263652,,,,,,,,,,,,,,
78200,5.0983324,1.1317368,,,,,,,,,,,,,,
78300,4.9898553,1.0627614,,,,,,,,,,,,,,
78400,5.1592226,1.1542898,,,,,,,,,,,,,,
78500,5.45102,1.1827098,,,,,,,,,,,,,,
78600,4.7515507,1.0387801,,,,,,,,,,,,,,
78700,5.461549,1.1650281,,,,,,,,,,,,,,
78800,5.046883,1.0634094,,,,,,,,,,,,,,
78900,5.1359444,1.1858069,,,,,,,,,,,,,,
79000,5.1330605,1.1476011,,,,,,,,,,,,,,
79100,5.210806,1.0379138,,,,,,,,,,,,,,
79200,5.2280936,1.0903552,,,,,,,,,,,,,,
79300,5.2425747,1.0695446,,,,,,,,,,,,,,
79400,4.6560235,0.9886162,,,,,,,,,,,,,,
79500,5.136066,1.1352735,,,,,,,,,,,,,,
79600,5.278378,1.1470916,,,,,,,,,,,,,,
79700,4.837241,1.0685762,,,,,,,,,,,,,,
79800,5.0131407,1.0356762,,,,,,,,,,,,,,
79900,5.1560364,1.0813891,,,,,,,,,,,,,,
79915,,,0.9136041,0.3116816,0.74292,1.0638095,50000.0,0.61490005,1.8260653,10000.0,22009.43017864228,22306.47315478325,22009.43017864228,295.5284707546234,0.8865344524383545,0.0
80000,4.7440934,0.93678975,,,,,,,,,,,,,,
80100,5.22695,1.0818908,,,,,,,,,,,,,,
80200,5.130754,1.0885625,,,,,,,,,,,,,,
80300,5.0934825,1.0991147,,,,,,,,,,,,,,
80400,5.289252,1.1376756,,,,,,,,,,,,,,
80500,5.154628,1.0619131,,,,,,,,,,,,,,
80600,5.1983066,1.1179153,,,,,,,,,,,,,,
80700,5.296384,1.109895,,,,,,,,,,,,,,
80800,5.3396597,1.1425439,,,,,,,,,,,,,,
80900,5.1314273,1.0713518,,,,,,,,,,,,,,
81000,5.270387,1.1071651,,,,,,,,,,,,,,
81100,4.7585826,1.0342025,,,,,,,,,,,,,,
81200,5.3766675,1.1756318,,,,,,,,,,,,,,
81300,4.837803,1.0759118,,,,,,,,,,,,,,
81400,5.1637363,1.1063645,,,,,,,,,,,,,,
81500,5.1806397,1.1112509,,,,,,,,,,,,,,
81600,5.208389,1.1078935,,,,,,,,,,,,,,
81700,5.0255475,1.0409093,,,,,,,,,,,,,,
81800,5.0255723,1.0438917,,,,,,,,,,,,,,
81900,5.1054144,1.1133626,,,,,,,,,,,,,,
82000,4.910178,0.953773,,,,,,,,,,,,,,
82100,4.8155484,1.0600984,,,,,,,,,,,,,,
82200,5.2933755,1.1484216,,,,,,,,,,,,,,
82300,5.317773,1.1451888,,,,,,,,,,,,,,
82400,5.1617775,1.0146054,,,,,,,,,,,,,,
82500,5.2499847,1.1282032,,,,,,,,,,,,,,
82600,5.494203,1.1245166,,,,,,,,,,,,,,
82700,4.862037,1.0237563,,,,,,,,,,,,,,
82800,5.129316,1.066969,,,,,,,,,,,,,,
82900,5.1616926,1.1265204,,,,,,,,,,,,,,
83000,4.93027,1.028163,,,,,,,,,,,,,,
83100,5.094122,1.0673697,,,,,,,,,,,,,,
83200,5.0204782,1.1077751,,,,,,,,,,,,,,
83300,5.2739244,1.126166,,,,,,,,,,,,,,
83400,4.917331,1.1006786,,,,,,,,,,,,,,
83500,4.8003197,1.0908208,,,,,,,,,,,,,,
83600,5.2559657,1.1403259,,,,,,,,,,,,,,
83700,4.9090343,1.0991261,,,,,,,,,,,,,,
83800,5.0416512,1.095657,,,,,,,,,,,,,,
83900,4.911158,1.0243654,,,,,,,,,,,,,,
84000,5.0859456,1.1317463,,,,,,,,,,,,,,
84100,4.9579935,1.0104325,,,,,,,,,,,,,,
84200,5.3667154,1.0703992,,,,,,,,,,,,,,
84300,5.2011833,1.0934944,,,,,,,,,,,,,,
84400,5.12627,1.1197023,,,,,,,,,,,,,,
84500,5.1120615,1.103268,,,,,,,,,,,,,,
84600,5.010058,1.0136958,,,,,,,,,,,,,,
84700,5.1651187,1.055744,,,,,,,,,,,,,,
84800,5.1577106,1.038613,,,,,,,,,,,,,,
84900,4.876096,1.1368645,,,,,,,,,,,,,,
85000,5.1595664,1.0806019,,,,,,,,,,,,,,
85100,5.0640054,1.0726846,,,,,,,,,,,,,,
85200,4.852942,1.0412897,,,,,,,,,,,,,,
85300,4.9304585,0.99379075,,,,,,,,,,,,,,
85400,5.173736,1.127548,,,,,,,,,,,,,,
85500,5.2388883,1.088276,,,,,,,,,,,,,,
85600,5.3128777,1.1555178,,,,,,,,,,,,,,
85700,4.9872317,1.1068981,,,,,,,,,,,,,,
85800,5.158889,1.0830414,,,,,,,,,,,,,,
85900,5.0162764,1.0491431,,,,,,,,,,,,,,
86000,4.799073,1.0986054,,,,,,,,,,,,,,
86100,4.9541516,1.0928743,,,,,,,,,,,,,,
86200,5.214902,1.0880508,,,,,,,,,,,,,,
86300,5.2477617,1.0971215,,,,,,,,,,,,,,
86400,5.1699476,1.1557715,,,,,,,,,,,,,,
86500,5.33322,1.1058385,,,,,,,,,,,,,,
86600,5.159791,1.0301131,,,,,,,,,,,,,,
86700,5.1269426,1.1231868,,,,,,,,,,,,,,
86800,5.1101766,1.0677825,,,,,,,,,,,,,,
86900,5.4838333,1.1991355,,,,,,,,,,,,,,
87000,4.789301,0.92575836,,,,,,,,,,,,,,
87100,5.1198225,1.1940184,,,,,,,,,,,,,,
87200,5.058359,1.0590508,,,,,,,,,,,,,,
87269,,,0.9151985,0.29835552,0.74513996,1.0610034,50000.0,0.6208,1.8269247,10000.0,24005.31016421318,24320.700825214382,24005.31016421318,313.69797587394714,0.9892408847808838,0.0
87300,4.862928,1.1477861,,,,,,,,,,,,,,
87400,5.1098256,1.054623,,,,,,,,,,,,,,
87500,5.0553155,1.0578077,,,,,,,,,,,,,,
87600,5.1514597,1.0553305,,,,,,,,,,,,,,
87700,5.165578,0.99610174,,,,,,,,,,,,,,
87800,5.2004113,1.1454986,,,,,,,,,,,,,,
87900,4.9592147,1.0364349,,,,,,,,,,,,,,
88000,5.0385513,1.0307946,,,,,,,,,,,,,,
88100,5.1889114,1.0788046,,,,,,,,,,,,,,
88200,5.192467,1.0401576,,,,,,,,,,,,,,
88300,4.826591,1.0877863,,,,,,,,,,,,,,
88400,4.988775,1.0236487,,,,,,,,,,,,,,
88500,4.84382,1.0654933,,,,,,,,,,,,,,
88600,5.049118,1.1243466,,,,,,,,,,,,,,
88700,4.9958515,1.0561825,,,,,,,,,,,,,,
88800,5.0792933,1.1354634,,,,,,,,,,,,,,
88900,4.8743825,1.0750494,,,,,,,,,,,,,,
89000,5.3274713,1.0396729,,,,,,,,,,,,,,
89100,5.02671,1.1076357,,,,,,,,,,,,,,
89200,5.340488,1.1309959,,,,,,,,,,,,,,
89300,4.976593,1.0540323,,,,,,,,,,,,,,
89400,5.0271416,0.9904266,,,,,,,,,,,,,,
89500,5.018741,1.0614214,,,,,,,,,,,,,,
89600,5.032221,1.0859385,,,,,,,,,,,,,,
89700,5.29699,1.1314268,,,,,,,,,,,,,,
89800,4.9846234,1.0617743,,,,,,,,,,,,,,
89900,5.439864,1.1386751,,,,,,,,,,,,,,
90000,5.298143,1.059113,,,,,,,,,,,,,,
90100,5.362574,1.1434476,,,,,,,,,,,,,,
90200,4.9388375,1.004425,,,,,,,,,,,,,,
90300,4.978389,1.0280626,,,,,,,,,,,,,,
90400,4.8184676,1.0145558,,,,,,,,,,,,,,
90500,4.9261484,1.0545144,,,,,,,,,,,,,,
90600,4.8675275,1.0103247,,,,,,,,,,,,,,
90700,4.8688664,1.0130285,,,,,,,,,,,,,,
90800,5.3724403,1.1501596,,,,,,,,,,,,,,
90900,4.8598576,0.9395515,,,,,,,,,,,,,,
91000,4.980844,1.0504813,,,,,,,,,,,,,,
91100,4.975203,1.0149034,,,,,,,,,,,,,,
91200,5.175694,1.0313646,,,,,,,,,,,,,,
91300,5.2188654,1.1493603,,,,,,,,,,,,,,
91400,5.179587,1.015121,,,,,,,,,,,,,,
91500,5.2081127,1.016558,,,,,,,,,,,,,,
91600,5.002887,1.0540466,,,,,,,,,,,,,,
91700,4.868175,1.0223155,,,,,,,,,,,,,,
91800,5.098212,1.1375864,,,,,,,,,,,,,,
91900,5.0538087,1.1145582,,,,,,,,,,,,,,
92000,4.5978723,0.9242792,,,,,,,,,,,,,,
92100,5.1257715,1.0540128,,,,,,,,,,,,,,
92200,5.078255,1.045655,,,,,,,,,,,,,,
92300,4.9044504,1.0198277,,,,,,,,,,,,,,
92400,5.063964,1.0782282,,,,,,,,,,,,,,
92500,4.838296,0.9733791,,,,,,,,,,,,,,
92600,5.093166,1.0777786,,,,,,,,,,,,,,
92700,4.637843,0.94434977,,,,,,,,,,,,,,
92800,4.997883,1.1145238,,,,,,,,,,,,,,
92900,5.2261677,1.1063461,,,,,,,,,,,,,,
93000,4.7695765,1.0636566,,,,,,,,,,,,,,
93100,4.958585,1.0632446,,,,,,,,,,,,,,
93200,4.8113713,1.010061,,,,,,,,,,,,,,
93300,5.170283,1.1700065,,,,,,,,,,,,,,
93400,4.8548226,1.0168759,,,,,,,,,,,,,,
93500,5.015551,1.0143862,,,,,,,,,,,,,,
93600,5.473679,1.0423561,,,,,,,,,,,,,,
93700,4.961535,1.0193022,,,,,,,,,,,,,,
93800,4.8922453,1.05266,,,,,,,,,,,,,,
93900,5.5182257,1.1046516,,,,,,,,,,,,,,
94000,4.83738,1.0223505,,,,,,,,,,,,,,
94100,4.932234,0.95822966,,,,,,,,,,,,,,
94200,5.0288033,0.95833933,,,,,,,,,,,,,,
94300,4.760734,0.99722826,,,,,,,,,,,,,,
94400,4.854794,0.97203505,,,,,,,,,,,,,,
94500,4.7557325,0.94368273,,,,,,,,,,,,,,
94600,4.9997635,1.1419841,,,,,,,,,,,,,,
94622,,,0.92352915,0.27080315,0.74688,1.0591964,50000.0,0.62310004,1.8336954,10000.0,26001.21587538719,26335.716311454773,26001.21587538719,332.67340207099915,1.0685644149780271,0.0
94700,4.9691696,1.0850737,,,,,,,,,,,,,,
94800,4.7277737,1.0311708,,,,,,,,,,,,,,
94900,4.923572,1.0282841,,,,,,,,,,,,,,
95000,5.050494,1.0497317,,,,,,,,,,,,,,
95100,4.819559,1.0059688,,,,,,,,,,,,,,
95200,4.90468,1.0477782,,,,,,,,,,,,,,
95300,5.0531363,1.0719063,,,,,,,,,,,,,,
95400,4.9477987,1.0192688,,,,,,,,,,,,,,
95500,4.88097,1.0594423,,,,,,,,,,,,,,
95600,4.917268,1.101958,,,,,,,,,,,,,,
95700,4.710489,0.99272484,,,,,,,,,,,,,,
95800,4.8233223,1.0685754,,,,,,,,,,,,,,
95900,5.090761,1.0772393,,,,,,,,,,,,,,
96000,4.746955,1.0085937,,,,,,,,,,,,,,
96100,4.6274376,1.0695044,,,,,,,,,,,,,,
96200,4.8477855,1.0295919,,,,,,,,,,,,,,
96300,4.771572,0.98099893,,,,,,,,,,,,,,
96400,4.886624,1.0275398,,,,,,,,,,,,,,
96500,5.03067,1.0479249,,,,,,,,,,,,,,
96600,5.052288,1.0560776,,,,,,,,,,,,,,
96700,5.1236095,1.0479873,,,,,,,,,,,,,,
96800,5.0657268,1.1321898,,,,,,,,,,,,,,
96900,4.683469,0.95377314,,,,,,,,,,,,,,
97000,4.904041,1.0468429,,,,,,,,,,,,,,
97100,4.7190385,1.0360827,,,,,,,,,,,,,,
97200,5.009496,1.0432553,,,,,,,,,,,,,,
97300,4.8171864,0.9815118,,,,,,,,,,,,,,
97400,5.0458364,1.1241887,,,,,,,,,,,,,,
97500,5.092387,1.1006452,,,,,,,,,,,,,,
97600,5.0740333,1.050188,,,,,,,,,,,,,,
97700,5.3151093,1.0676798,,,,,,,,,,,,,,
97800,4.849457,1.044003,,,,,,,,,,,,,,
97900,5.0650854,1.1033505,,,,,,,,,,,,,,
98000,4.7362,0.98365736,,,,,,,,,,,,,,
98100,5.020538,0.99303716,,,,,,,,,,,,,,
98200,5.194108,1.042319,,,,,,,,,,,,,,
98300,5.0406446,1.0631154,,,,,,,,,,,,,,
98400,4.684608,0.9492117,,,,,,,,,,,,,,
98500,4.9476743,1.0623978,,,,,,,,,,,,,,
98600,5.1444364,1.0962319,,,,,,,,,,,,,,
98700,4.6965632,0.98370206,,,,,,,,,,,,,,
98800,4.9901056,1.1075429,,,,,,,,,,,,,,
98900,4.737512,0.9301794,,,,,,,,,,,,,,
99000,5.16146,1.1184072,,,,,,,,,,,,,,
99100,5.05285,1.0586447,,,,,,,,,,,,,,
99200,4.9914284,0.99453163,,,,,,,,,,,,,,
99300,4.913522,1.0111423,,,,,,,,,,,,,,
99400,4.920143,0.9721001,,,,,,,,,,,,,,
99500,5.242607,1.0570776,,,,,,,,,,,,,,
99600,5.134933,1.0076547,,,,,,,,,,,,,,
99700,4.9838767,1.0705804,,,,,,,,,,,,,,
99800,4.4909244,0.9185853,,,,,,,,,,,,,,
99900,4.9475822,1.0613029,,,,,,,,,,,,,,
100000,5.1796713,1.046685,,,,,,,,,,,,,,
100100,5.167573,1.0297633,,,,,,,,,,,,,,
100200,4.947313,1.0366803,,,,,,,,,,,,,,
100300,5.108886,1.1061466,,,,,,,,,,,,,,
100400,5.1959453,1.1637647,,,,,,,,,,,,,,
100500,5.007674,1.066778,,,,,,,,,,,,,,
100600,4.8467016,1.0005419,,,,,,,,,,,,,,
100700,4.866467,1.0246458,,,,,,,,,,,,,,
100800,4.8468046,0.9701067,,,,,,,,,,,,,,
100900,4.77389,1.0356143,,,,,,,,,,,,,,
101000,5.1323776,1.0424933,,,,,,,,,,,,,,
101100,5.1154957,1.0250137,,,,,,,,,,,,,,
101200,4.720861,0.98213506,,,,,,,,,,,,,,
101300,5.073286,1.1464223,,,,,,,,,,,,,,
101400,4.4470882,0.9089693,,,,,,,,,,,,,,
101500,5.157323,0.9695748,,,,,,,,,,,,,,
101600,4.66383,0.95951235,,,,,,,,,,,,,,
101700,5.1077166,1.0426953,,,,,,,,,,,,,,
101800,4.8859043,1.03865,,,,,,,,,,,,,,
101900,4.858632,0.9904083,,,,,,,,,,,,,,
101975,,,0.92490435,0.26681402,0.74736,1.0602218,50000.0,0.62320006,1.8342712,10000.0,27997.165731191635,28350.35700964928,27997.165731191635,351.16429591178894,1.2089686393737793,0.0
102000,4.645664,0.9264372,,,,,,,,,,,,,,
102100,4.621422,1.036573,,,,,,,,,,,,,,
102200,5.0070853,0.9960358,,,,,,,,,,,,,,
102300,4.6336083,0.9069032,,,,,,,,,,,,,,
102400,4.990733,1.0679249,,,,,,,,,,,,,,
102500,5.2709804,1.088825,,,,,,,,,,,,,,
102600,4.9403863,0.9794909,,,,,,,,,,,,,,
102700,4.885138,0.9967936,,,,,,,,,,,,,,
102800,5.2392893,1.109434,,,,,,,,,,,,,,
102900,5.30014,1.0616695,,,,,,,,,,,,,,
103000,4.9516687,0.9739927,,,,,,,,,,,,,,
103100,5.196241,1.0499144,,,,,,,,,,,,,,
103200,4.5120735,0.94372284,,,,,,,,,,,,,,
103300,4.836172,1.1054214,,,,,,,,,,,,,,
103400,4.7342057,0.92712086,,,,,,,,,,,,,,
103500,5.192615,1.0347824,,,,,,,,,,,,,,
103600,4.911137,1.0092695,,,,,,,,,,,,,,
103700,4.8963842,0.97579145,,,,,,,,,,,,,,
103800,4.9961576,0.9974159,,,,,,,,,,,,,,
103900,4.7413955,1.0038204,,,,,,,,,,,,,,
104000,5.213546,1.0410833,,,,,,,,,,,,,,
104100,5.3066316,1.1378026,,,,,,,,,,,,,,
104200,5.1526685,1.0453546,,,,,,,,,,,,,,
104300,5.3145833,1.0001748,,,,,,,,,,,,,,
104400,5.121183,1.0586731,,,,,,,,,,,,,,
104500,4.836161,0.9595436,,,,,,,,,,,,,,
104600,5.1765924,1.1110246,,,,,,,,,,,,,,
104700,4.946266,0.98004025,,,,,,,,,,,,,,
104800,5.3294272,1.0546253,,,,,,,,,,,,,,
104900,5.0048714,0.96395385,,,,,,,,,,,,,,
105000,4.7124143,0.98645484,,,,,,,,,,,,,,
105100,4.9421115,1.0402874,,,,,,,,,,,,,,
105200,4.787493,1.0334847,,,,,,,,,,,,,,
105300,5.0030394,1.0254104,,,,,,,,,,,,,,
105400,5.2040896,1.1215822,,,,,,,,,,,,,,
105500,4.9027815,1.0522324,,,,,,,,,,,,,,
105600,4.746074,0.9647051,,,,,,,,,,,,,,
105700,4.6597223,1.0360446,,,,,,,,,,,,,,
105800,5.0231895,1.0234199,,,,,,,,,,,,,,
105900,5.107797,1.0907558,,,,,,,,,,,,,,
106000,5.2650723,1.0823858,,,,,,,,,,,,,,
106100,4.7014832,0.96844673,,,,,,,,,,,,,,
106200,4.8782535,1.0006012,,,,,,,,,,,,,,
106300,4.766509,0.99414396,,,,,,,,,,,,,,
106400,4.9070287,1.0326787,,,,,,,,,,,,,,
106500,4.875236,1.0046732,,,,,,,,,,,,,,
106600,5.2157555,1.0618668,,,,,,,,,,,,,,
106700,4.7685456,1.0029347,,,,,,,,,,,,,,
106800,4.507076,0.87173724,,,,,,,,,,,,,,
106900,4.9515243,1.0194901,,,,,,,,,,,,,,
107000,4.987048,1.0884076,,,,,,,,,,,,,,
107100,4.9011645,0.97172713,,,,,,,,,,,,,,
107200,4.888549,1.0147302,,,,,,,,,,,,,,
107300,4.9862623,1.0300823,,,,,,,,,,,,,,
107400,5.1018615,1.0646132,,,,,,,,,,,,,,
107500,4.7701735,0.9912981,,,,,,,,,,,,,,
107600,5.021111,1.079919,,,,,,,,,,,,,,
107700,5.038873,0.9219493,,,,,,,,,,,,,,
107800,4.963327,1.0245019,,,,,,,,,,,,,,
107900,5.3294125,1.0346425,,,,,,,,,,,,,,
108000,5.0048985,1.0173415,,,,,,,,,,,,,,
108100,4.9960732,1.0307862,,,,,,,,,,,,,,
108200,5.0001545,0.9875686,,,,,,,,,,,,,,
108300,4.5788946,0.9480152,,,,,,,,,,,,,,
108400,5.1168337,1.1127241,,,,,,,,,,,,,,
108500,4.9642553,1.0086931,,,,,,,,,,,,,,
108600,5.0293264,1.0711213,,,,,,,,,,,,,,
108700,4.65714,0.897216,,,,,,,,,,,,,,
108800,4.812422,0.93550104,,,,,,,,,,,,,,
108900,4.8442907,0.98310304,,,,,,,,,,,,,,
109000,5.013382,1.0371623,,,,,,,,,,,,,,
109100,5.1433935,1.0966556,,,,,,,,,,,,,,
109200,5.021624,0.99756014,,,,,,,,,,,,,,
109300,4.7771244,0.9853638,,,,,,,,,,,,,,
109331,,,0.9286312,0.24832252,0.7486,1.0602936,50000.0,0.6223,1.8452394,10000.0,29993.1374783516,30364.70661520958,29993.1374783516,369.42036747932434,1.274552583694458,0.0
109400,4.96728,1.0043333,,,,,,,,,,,,,,
109500,4.9576254,1.013037,,,,,,,,,,,,,,
109600,5.1412787,0.99784017,,,,,,,,,,,,,,
109700,4.833191,1.0193137,,,,,,,,,,,,,,
109800,4.864041,0.9834493,,,,,,,,,,,,,,
109900,4.7909245,0.9928283,,,,,,,,,,,,,,
110000,4.717839,1.0193734,,,,,,,,,,,,,,
110100,4.740448,0.97521764,,,,,,,,,,,,,,
110200,4.813823,1.0471191,,,,,,,,,,,,,,
110300,5.021089,1.0582752,,,,,,,,,,,,,,
110400,4.842183,1.0451837,,,,,,,,,,,,,,
110500,4.8494954,0.9751569,,,,,,,,,,,,,,
110600,4.3335795,0.81750965,,,,,,,,,,,,,,
110700,4.839282,1.0116155,,,,,,,,,,,,,,
110800,4.907031,1.0448642,,,,,,,,,,,,,,
110900,5.065103,1.0579635,,,,,,,,,,,,,,
111000,5.0447054,0.9934646,,,,,,,,,,,,,,
111100,4.8179727,1.0597149,,,,,,,,,,,,,,
111200,4.9289317,0.9584872,,,,,,,,,,,,,,
111300,5.229253,1.0294745,,,,,,,,,,,,,,
111400,5.0176597,1.0524282,,,,,,,,,,,,,,
111500,4.8487687,0.9565358,,,,,,,,,,,,,,
111600,4.630929,1.0005667,,,,,,,,,,,,,,
111700,5.05268,1.1076342,,,,,,,,,,,,,,
111800,5.1228495,1.0270578,,,,,,,,,,,,,,
111900,4.810208,0.95798445,,,,,,,,,,,,,,
112000,4.718741,1.0581936,,,,,,,,,,,,,,
112100,4.772494,0.9249016,,,,,,,,,,,,,,
112200,4.7397985,1.0316896,,,,,,,,,,,,,,
112300,4.75501,0.9556118,,,,,,,,,,,,,,
112400,5.3783255,1.0141996,,,,,,,,,,,,,,
112500,4.8861213,0.9980276,,,,,,,,,,,,,,
112600,4.76714,0.95725334,,,,,,,,,,,,,,
112700,5.0381923,1.026045,,,,,,,,,,,,,,
112800,5.116514,1.0376782,,,,,,,,,,,,,,
112900,4.992646,1.0483359,,,,,,,,,,,,,,
113000,4.848923,1.0418324,,,,,,,,,,,,,,
113100,5.0808325,1.0326092,,,,,,,,,,,,,,
113200,5.1217103,1.0551822,,,,,,,,,,,,,,
113300,4.8500824,0.98522496,,,,,,,,,,,,,,
113400,5.154114,1.0434041,,,,,,,,,,,,,,
113500,4.929071,0.97339314,,,,,,,,,,,,,,
113600,4.786121,1.0046653,,,,,,,,,,,,,,
113700,5.234892,1.0781702,,,,,,,,,,,,,,
113800,4.7960463,1.0695703,,,,,,,,,,,,,,
113900,5.1159163,1.0030917,,,,,,,,,,,,,,
114000,4.933364,1.0189523,,,,,,,,,,,,,,
114100,4.623847,1.0023763,,,,,,,,,,,,,,
114200,4.90004,1.0126176,,,,,,,,,,,,,,
114300,5.068505,1.1597884,,,,,,,,,,,,,,
114400,4.5535517,0.93160933,,,,,,,,,,,,,,
114500,4.8633084,1.0404313,,,,,,,,,,,,,,
114600,5.022075,1.0157124,,,,,,,,,,,,,,
114700,5.1019998,1.0295761,,,,,,,,,,,,,,
114800,4.7895436,0.9683779,,,,,,,,,,,,,,
114900,4.8700833,0.9704714,,,,,,,,,,,,,,
115000,5.077556,1.050014,,,,,,,,,,,,,,
115100,4.8273654,0.9857801,,,,,,,,,,,,,,
115200,4.79947,0.9691099,,,,,,,,,,,,,,
115300,5.004415,1.0687587,,,,,,,,,,,,,,
115400,4.708355,0.99877894,,,,,,,,,,,,,,
115500,4.9552655,0.9781686,,,,,,,,,,,,,,
115600,4.895992,0.95186394,,,,,,,,,,,,,,
115700,5.1625514,0.996286,,,,,,,,,,,,,,
115800,4.937767,1.0064547,,,,,,,,,,,,,,
115900,4.8091683,1.0216733,,,,,,,,,,,,,,
116000,5.3392725,1.0284873,,,,,,,,,,,,,,
116100,5.0206466,1.0193744,,,,,,,,,,,,,,
116200,4.8958063,1.0607626,,,,,,,,,,,,,,
116300,4.915205,1.0027375,,,,,,,,,,,,,,
116400,4.7652287,1.0136722,,,,,,,,,,,,,,
116500,4.9740157,0.9715111,,,,,,,,,,,,,,
116600,4.9411163,0.97437906,,,,,,,,,,,,,,
116686,,,0.93215877,0.23511541,0.74862,1.062171,50000.0,0.62310004,1.8545954,10000.0,31989.12622189521,32378.873791217804,31989.12622189521,387.4781656265259,1.3403329849243164,0.0
116700,4.850866,0.924694,,,,,,,,,,,,,,
116800,4.985006,0.96968275,,,,,,,,,,,,,,
116900,5.280363,1.0387361,,,,,,,,,,,,,,
117000,4.7266912,1.0884373,,,,,,,,,,,,,,
117100,4.657216,0.9450543,,,,,,,,,,,,,,
117200,4.849338,0.94724226,,,,,,,,,,,,,,
117300,4.7362237,0.98486173,,,,,,,,,,,,,,
117400,5.037086,1.0426064,,,,,,,,,,,,,,
117500,4.5763474,0.98888505,,,,,,,,,,,,,,
117600,5.159463,1.0366747,,,,,,,,,,,,,,
117700,4.8435826,1.0207684,,,,,,,,,,,,,,
117800,4.790757,1.0427068,,,,,,,,,,,,,,
117900,5.0247645,1.0566423,,,,,,,,,,,,,,
118000,5.0752654,1.0940913,,,,,,,,,,,,,,
118100,4.832977,0.8915735,,,,,,,,,,,,,,
118200,4.826442,0.9139772,,,,,,,,,,,,,,
118300,4.5998735,1.003947,,,,,,,,,,,,,,
118400,4.629039,0.9524575,,,,,,,,,,,,,,
118500,4.7909894,0.97438323,,,,,,,,,,,,,,
118600,4.7742586,1.0503862,,,,,,,,,,,,,,
118700,5.0690823,1.0420067,,,,,,,,,,,,,,
118800,5.2089214,1.0600954,,,,,,,,,,,,,,
118900,5.0889206,1.003732,,,,,,,,,,,,,,
119000,4.895788,1.0548812,,,,,,,,,,,,,,
119100,5.0212507,1.1313481,,,,,,,,,,,,,,
119200,5.0524583,1.0196854,,,,,,,,,,,,,,
119300,4.855984,1.032133,,,,,,,,,,,,,,
119400,4.8821883,0.9793161,,,,,,,,,,,,,,
119500,4.6826897,0.9560535,,,,,,,,,,,,,,
119600,5.3284545,1.133991,,,,,,,,,,,,,,
119700,4.931461,1.0062449,,,,,,,,,,,,,,
119800,4.8169236,0.979719,,,,,,,,,,,,,,
119900,5.1749744,1.0633664,,,,,,,,,,,,,,
120000,4.7674556,0.94644296,,,,,,,,,,,,,,
120100,4.982606,1.0156686,,,,,,,,,,,,,,
120200,4.888096,1.0156635,,,,,,,,,,,,,,
120300,4.875648,1.0243328,,,,,,,,,,,,,,
120400,5.199045,1.0804758,,,,,,,,,,,,,,
120500,5.0990853,1.05281,,,,,,,,,,,,,,
120600,5.0723586,1.1073802,,,,,,,,,,,,,,
120700,4.9479284,1.0029414,,,,,,,,,,,,,,
120800,5.0070677,1.0194285,,,,,,,,,,,,,,
120900,5.1572165,1.0549673,,,,,,,,,,,,,,
121000,4.975783,0.98916626,,,,,,,,,,,,,,
121100,4.987039,0.997976,,,,,,,,,,,,,,
121200,4.709308,0.95398337,,,,,,,,,,,,,,
121300,5.0469213,1.0125489,,,,,,,,,,,,,,
121400,4.8991303,0.97600126,,,,,,,,,,,,,,
121500,5.0322065,0.99742687,,,,,,,,,,,,,,
121600,5.0671477,0.9801316,,,,,,,,,,,,,,
121700,4.6738524,0.95026845,,,,,,,,,,,,,,
121800,4.7347016,0.9925257,,,,,,,,,,,,,,
121900,4.7652555,0.9965633,,,,,,,,,,,,,,
122000,5.245432,1.0742058,,,,,,,,,,,,,,
122100,5.1195865,0.991964,,,,,,,,,,,,,,
122200,5.021031,1.0741068,,,,,,,,,,,,,,
122300,4.888718,1.0632461,,,,,,,,,,,,,,
122400,5.155271,1.0432822,,,,,,,,,,,,,,
122500,4.75963,0.9929557,,,,,,,,,,,,,,
122600,4.835897,0.96253103,,,,,,,,,,,,,,
122700,4.894546,0.957472,,,,,,,,,,,,,,
122800,4.9423523,1.0315545,,,,,,,,,,,,,,
122900,4.8338995,0.9488271,,,,,,,,,,,,,,
123000,5.066993,1.0502018,,,,,,,,,,,,,,
123100,4.823648,1.0576289,,,,,,,,,,,,,,
123200,4.729123,0.9157568,,,,,,,,,,,,,,
123300,5.039592,1.0762786,,,,,,,,,,,,,,
123400,4.5189824,0.8206817,,,,,,,,,,,,,,
123500,4.942296,1.0297703,,,,,,,,,,,,,,
123600,4.629935,0.9277737,,,,,,,,,,,,,,
123700,4.9961586,1.0691513,,,,,,,,,,,,,,
123800,4.7485204,0.94534343,,,,,,,,,,,,,,
123900,4.9032364,0.9822508,,,,,,,,,,,,,,
124000,5.017119,1.0271432,,,,,,,,,,,,,,
124041,,,0.9368423,0.22361873,0.75012,1.0643718,50000.0,0.62140006,1.8547386,10000.0,33985.024151563644,34392.77033543587,33985.024151563644,405.35461807250977,1.407243728637695,0.0
124100,4.9597397,0.9920551,,,,,,,,,,,,,,
124200,4.7248783,0.95136106,,,,,,,,,,,,,,
124300,5.189523,1.1107758,,,,,,,,,,,,,,
124400,4.622126,0.9888363,,,,,,,,,,,,,,
124500,5.255875,0.9745399,,,,,,,,,,,,,,
124600,4.630988,0.9354743,,,,,,,,,,,,,,
124700,5.1358166,0.9921715,,,,,,,,,,,,,,
124800,4.9833026,1.0238392,,,,,,,,,,,,,,
124900,4.6937723,0.95476276,,,,,,,,,,,,,,
125000,4.958782,1.0629839,,,,,,,,,,,,,,
125100,5.2824063,1.0854396,,,,,,,,,,,,,,
125200,4.6630993,0.92152685,,,,,,,,,,,,,,
125300,4.6496344,0.9554889,,,,,,,,,,,,,,
125400,5.2143497,0.9384632,,,,,,,,,,,,,,
125500,4.932324,1.0501761,,,,,,,,,,,,,,
125600,4.680226,1.0079079,,,,,,,,,,,,,,
125700,4.7950587,0.9400353,,,,,,,,,,,,,,
125800,4.9333425,1.0056416,,,,,,,,,,,,,,
125900,4.708019,0.93551457,,,,,,,,,,,,,,
126000,4.999929,0.9737023,,,,,,,,,,,,,,
126100,4.926108,0.9490304,,,,,,,,,,,,,,
126200,4.8146534,0.9340658,,,,,,,,,,,,,,
126300,4.775745,0.96694434,,,,,,,,,,,,,,
126400,4.821079,0.9750714,,,,,,,,,,,,,,
126500,5.4730406,1.1141996,,,,,,,,,,,,,,
126600,5.07151,0.99188095,,,,,,,,,,,,,,
126700,4.7341676,0.9224956,,,,,,,,,,,,,,
126800,5.002106,1.0041763,,,,,,,,,,,,,,
126900,4.5831475,0.9289351,,,,,,,,,,,,,,
127000,4.907226,1.0300579,,,,,,,,,,,,,,
127100,5.2305956,1.0330253,,,,,,,,,,,,,,
127200,5.226077,1.0034273,,,,,,,,,,,,,,
127300,5.1292744,0.96000695,,,,,,,,,,,,,,
127400,4.566081,0.90412414,,,,,,,,,,,,,,
127500,4.8500886,0.94777226,,,,,,,,,,,,,,
127600,5.0995226,1.0162574,,,,,,,,,,,,,,
127700,5.2207727,1.0599383,,,,,,,,,,,,,,
127800,5.225055,1.0208986,,,,,,,,,,,,,,
127900,4.915736,0.9938912,,,,,,,,,,,,,,
128000,5.0379596,1.0021892,,,,,,,,,,,,,,
128100,4.761623,0.91196036,,,,,,,,,,,,,,
128200,5.160921,0.9853943,,,,,,,,,,,,,,
128300,4.720266,0.98202884,,,,,,,,,,,,,,
128400,4.8942814,0.92959917,,,,,,,,,,,,,,
128500,4.8365145,0.9874048,,,,,,,,,,,,,,
128600,4.7843843,0.9857383,,,,,,,,,,,,,,
128700,4.663295,0.95996463,,,,,,,,,,,,,,
128800,4.876372,1.0406973,,,,,,,,,,,,,,
128900,4.8326845,0.9893048,,,,,,,,,,,,,,
129000,5.0877404,0.9998128,,,,,,,,,,,,,,
129100,4.804135,0.97647995,,,,,,,,,,,,,,
129200,4.7708507,0.9617882,,,,,,,,,,,,,,
129300,5.032071,0.98279595,,,,,,,,,,,,,,
129400,5.333802,1.0095701,,,,,,,,,,,,,,
129500,4.8801146,1.0176944,,,,,,,,,,,,,,
129600,5.064136,1.061135,,,,,,,,,,,,,,
129700,5.0579967,1.0527387,,,,,,,,,,,,,,
129800,5.0375795,1.0226257,,,,,,,,,,,,,,
129900,4.582227,0.92814493,,,,,,,,,,,,,,
130000,4.9030395,0.9968441,,,,,,,,,,,,,,
130100,4.816661,1.0385652,,,,,,,,,,,,,,
130200,5.0727177,1.0414743,,,,,,,,,,,,,,
130300,5.1611953,1.058078,,,,,,,,,,,,,,
130400,4.9665074,1.0647693,,,,,,,,,,,,,,
130500,4.9490123,0.9918737,,,,,,,,,,,,,,
130600,4.729351,0.98637354,,,,,,,,,,,,,,
130700,4.9164696,0.90843236,,,,,,,,,,,,,,
130800,4.961255,0.98212695,,,,,,,,,,,,,,
130900,4.8681164,0.86855245,,,,,,,,,,,,,,
131000,4.792482,0.98988056,,,,,,,,,,,,,,
131100,5.009235,0.96191347,,,,,,,,,,,,,,
131200,4.6443815,0.9350121,,,,,,,,,,,,,,
131300,4.69996,0.8987126,,,,,,,,,,,,,,
131395,,,0.93939334,0.21290366,0.75088,1.0653294,50000.0,0.62280005,1.852586,10000.0,35980.980189561844,36406.970715522766,35980.980189561844,423.4676520824432,1.4830548763275146,0.0
131400,5.1747794,1.0998032,,,,,,,,,,,,,,
131500,4.8814726,0.9606101,,,,,,,,,,,,,,
131600,5.015367,0.94809824,,,,,,,,,,,,,,
131700,4.75671,0.9282273,,,,,,,,,,,,,,
131800,4.5502534,0.90294516,,,,,,,,,,,,,,
131900,4.6937284,0.90611315,,,,,,,,,,,,,,
132000,5.185933,1.1230513,,,,,,,,,,,,,,
132100,4.817813,0.9043565,,,,,,,,,,,,,,
132200,4.9089212,0.9540932,,,,,,,,,,,,,,
132300,4.884382,0.971203,,,,,,,,,,,,,,
132400,4.7487,0.9776037,,,,,,,,,,,,,,
132500,4.9269204,0.9731859,,,,,,,,,,,,,,
132600,4.861461,1.0152194,,,,,,,,,,,,,,
132700,5.075225,1.0098729,,,,,,,,,,,,,,
132800,4.839644,0.9747336,,,,,,,,,,,,,,
132900,4.9513845,0.9948178,,,,,,,,,,,,,,
133000,5.130737,1.0611969,,,,,,,,,,,,,,
133100,4.9789743,1.0231566,,,,,,,,,,,,,,
133200,5.06498,1.0556695,,,,,,,,,,,,,,
133300,4.9380293,0.9623418,,,,,,,,,,,,,,
133400,4.9530964,0.98247886,,,,,,,,,,,,,,
133500,4.558867,0.90809983,,,,,,,,,,,,,,
133600,4.6267333,0.9675575,,,,,,,,,,,,,,
133700,4.6693354,0.9381409,,,,,,,,,,,,,,
133800,5.0144677,0.98396873,,,,,,,,,,,,,,
133900,5.3446407,0.9836799,,,,,,,,,,,,,,
134000,4.737255,0.9720773,,,,,,,,,,,,,,
134100,4.7850847,0.99708056,,,,,,,,,,,,,,
134200,4.786213,1.0162544,,,,,,,,,,,,,,
134300,4.8675485,1.0083871,,,,,,,,,,,,,,
134400,4.8439765,0.98041755,,,,,,,,,,,,,,
134500,5.219333,1.008295,,,,,,,,,,,,,,
134600,4.9980903,0.97670937,,,,,,,,,,,,,,
134700,4.984532,1.0002126,,,,,,,,,,,,,,
134800,5.0577745,0.97026765,,,,,,,,,,,,,,
134900,4.8183475,0.9613228,,,,,,,,,,,,,,
135000,4.8867836,0.89829206,,,,,,,,,,,,,,
135100,4.7825046,1.0202123,,,,,,,,,,,,,,
135200,5.052027,1.0283599,,,,,,,,,,,,,,
135300,4.920061,0.9737001,,,,,,,,,,,,,,
135400,5.008422,0.968822,,,,,,,,,,,,,,
135500,4.7384715,0.8799198,,,,,,,,,,,,,,
135600,4.7763286,0.96937025,,,,,,,,,,,,,,
135700,5.0017643,0.9568836,,,,,,,,,,,,,,
135800,4.951026,1.0468212,,,,,,,,,,,,,,
135900,4.9958844,0.98721325,,,,,,,,,,,,,,
136000,5.0418997,0.9912666,,,,,,,,,,,,,,
136100,4.6972113,1.0048337,,,,,,,,,,,,,,
136200,4.8468723,0.9596787,,,,,,,,,,,,,,
136300,4.814752,0.9751401,,,,,,,,,,,,,,
136400,4.8599243,0.96838444,,,,,,,,,,,,,,
136500,4.7757616,0.99881935,,,,,,,,,,,,,,
136600,4.6547413,0.9687707,,,,,,,,,,,,,,
136700,5.1533966,0.9524313,,,,,,,,,,,,,,
136800,4.529002,0.90112495,,,,,,,,,,,,,,
136900,4.8090205,0.9874518,,,,,,,,,,,,,,
137000,4.746774,0.97569835,,,,,,,,,,,,,,
137100,4.814104,0.9646883,,,,,,,,,,,,,,
137200,4.543583,0.84824437,,,,,,,,,,,,,,
137300,4.9231887,1.02197,,,,,,,,,,,,,,
137400,4.854905,0.98111457,,,,,,,,,,,,,,
137500,4.905315,0.99713075,,,,,,,,,,,,,,
137600,5.0919056,1.0305725,,,,,,,,,,,,,,
137700,4.949118,0.9926078,,,,,,,,,,,,,,
137800,5.16623,1.0907676,,,,,,,,,,,,,,
137900,4.6921473,0.9595529,,,,,,,,,,,,,,
138000,4.794547,0.94504553,,,,,,,,,,,,,,
138100,4.727849,0.9876723,,,,,,,,,,,,,,
138200,4.7012596,0.91477424,,,,,,,,,,,,,,
138300,5.00467,0.9913434,,,,,,,,,,,,,,
138400,4.869284,0.9866593,,,,,,,,,,,,,,
138500,4.787543,0.97756207,,,,,,,,,,,,,,
138600,4.576642,0.8719697,,,,,,,,,,,,,,
138700,4.7889895,0.9597725,,,,,,,,,,,,,,
138749,,,0.93939334,0.21290293,0.75162,1.0644616,50000.0,0.6233,1.8521956,10000.0,37976.9183151722,38421.72024726868,37976.9183151722,442.1525115966797,1.554464340209961,0.0
138800,4.8717036,0.9902591,,,,,,,,,,,,,,
138900,4.8640165,0.9534199,,,,,,,,,,,,,,
139000,4.943868,1.013802,,,,,,,,,,,,,,
139100,4.882792,0.9475374,,,,,,,,,,,,,,
139200,5.117842,0.89593744,,,,,,,,,,,,,,
139300,4.8448205,0.9967928,,,,,,,,,,,,,,
139400,5.0009527,0.9310852,,,,,,,,,,,,,,
139500,5.344364,1.000068,,,,,,,,,,,,,,
139600,4.8953104,1.0049301,,,,,,,,,,,,,,
139700,4.812715,0.9203932,,,,,,,,,,,,,,
139800,4.8625474,0.96680605,,,,,,,,,,,,,,
139900,4.9193335,0.955411,,,,,,,,,,,,,,
140000,5.143237,0.97933555,,,,,,,,,,,,,,
140100,4.6883864,0.8688985,,,,,,,,,,,,,,
140200,4.8848243,0.9146054,,,,,,,,,,,,,,
140300,4.703448,0.9397494,,,,,,,,,,,,,,
140400,4.777933,0.95152897,,,,,,,,,,,,,,
140500,4.760321,0.88183403,,,,,,,,,,,,,,
140600,4.550999,0.89681685,,,,,,,,,,,,,,
140700,4.7918997,0.88125885,,,,,,,,,,,,,,
140800,5.1857934,1.0263419,,,,,,,,,,,,,,
140900,4.806961,0.986444,,,,,,,,,,,,,,
141000,4.9310784,1.022622,,,,,,,,,,,,,,
141100,4.7147126,0.8815237,,,,,,,,,,,,,,
141200,5.120867,1.0595367,,,,,,,,,,,,,,
141300,4.7986665,0.97729766,,,,,,,,,,,,,,
141400,5.009456,1.0006597,,,,,,,,,,,,,,
141500,4.8912573,0.92474955,,,,,,,,,,,,,,
141600,5.019778,1.0210985,,,,,,,,,,,,,,
141700,4.8890743,0.9506537,,,,,,,,,,,,,,
141800,4.7921286,0.90477765,,,,,,,,,,,,,,
141900,5.19428,1.0638078,,,,,,,,,,,,,,
142000,5.1026564,1.0972714,,,,,,,,,,,,,,
142100,4.7848997,0.8872174,,,,,,,,,,,,,,
142200,4.783771,1.0330267,,,,,,,,,,,,,,
142300,5.1482735,1.0364956,,,,,,,,,,,,,,
142400,4.9430556,0.94572777,,,,,,,,,,,,,,
142500,4.8587465,1.0003998,,,,,,,,,,,,,,
142600,4.9623494,1.0550195,,,,,,,,,,,,,,
142700,4.758121,0.9100339,,,,,,,,,,,,,,
142800,4.948895,1.0123061,,,,,,,,,,,,,,
142900,4.8999333,0.9546158,,,,,,,,,,,,,,
143000,4.8834243,0.9496175,,,,,,,,,,,,,,
143100,4.7923107,0.9300961,,,,,,,,,,,,,,
143200,4.9125767,0.9672505,,,,,,,,,,,,,,
143300,4.87308,0.90973693,,,,,,,,,,,,,,
143400,4.949477,0.97593343,,,,,,,,,,,,,,
143500,4.497638,0.9046101,,,,,,,,,,,,,,
143600,5.1304774,1.0155139,,,,,,,,,,,,,,
143700,5.00399,0.9180908,,,,,,,,,,,,,,
143800,4.9964314,0.9707123,,,,,,,,,,,,,,
143900,4.718487,0.992277,,,,,,,,,,,,,,
144000,5.0917745,0.9691386,,,,,,,,,,,,,,
144100,4.956174,1.018227,,,,,,,,,,,,,,
144200,5.032228,1.0013444,,,,,,,,,,,,,,
144300,4.616175,0.9184095,,,,,,,,,,,,,,
144400,4.902664,0.99306583,,,,,,,,,,,,,,
144500,4.8350472,0.91948694,,,,,,,,,,,,,,
144600,4.9404616,1.0046405,,,,,,,,,,,,,,
144700,4.536959,0.8735369,,,,,,,,,,,,,,
144800,5.001752,1.0408049,,,,,,,,,,,,,,
144900,4.9982414,0.9106251,,,,,,,,,,,,,,
145000,4.887908,0.9948021,,,,,,,,,,,,,,
145100,4.8067937,1.0001886,,,,,,,,,,,,,,
145200,5.2143536,1.0018325,,,,,,,,,,,,,,
145300,4.890803,0.9896284,,,,,,,,,,,,,,
145400,4.898375,1.0072888,,,,,,,,,,,,,,
145500,4.8903604,0.9560223,,,,,,,,,,,,,,
145600,4.8799415,1.0323952,,,,,,,,,,,,,,
145700,5.0522375,0.99542636,,,,,,,,,,,,,,
145800,5.049267,1.0674572,,,,,,,,,,,,,,
145900,4.948715,1.0172759,,,,,,,,,,,,,,
146000,5.1561975,1.0982478,,,,,,,,,,,,,,
146100,4.9815774,0.9525747,,,,,,,,,,,,,,
146103,,,0.9429807,0.20439605,0.7515,1.066416,50000.0,0.62600005,1.8532897,10000.0,39972.81428909302,40436.67267847061,39972.81428909302,461.0949785709381,1.613271951675415,0.0
146200,4.8038955,0.95624435,,,,,,,,,,,,,,
146300,4.9134593,0.9702866,,,,,,,,,,,,,,
146400,5.0551896,0.9564162,,,,,,,,,,,,,,
146500,5.2766466,0.91624653,,,,,,,,,,,,,,
146600,5.106797,1.0166812,,,,,,,,,,,,,,
146700,4.7569604,0.874712,,,,,,,,,,,,,,
146800,5.2172456,1.0309994,,,,,,,,,,,,,,
146900,5.080925,0.92441356,,,,,,,,,,,,,,
147000,5.0213284,1.0281836,,,,,,,,,,,,,,
147100,5.00534,0.9713713,,,,,,,,,,,,,,
147200,4.9248886,0.94448876,,,,,,,,,,,,,,
147300,4.7263513,0.92531,,,,,,,,,,,,,,
147400,4.7506776,0.9350608,,,,,,,,,,,,,,
147500,4.8813634,0.92773765,,,,,,,,,,,,,,
147600,5.020035,1.0242423,,,,,,,,,,,,,,
147700,4.9795218,0.9865715,,,,,,,,,,,,,,
147800,4.8781495,0.8695657,,,,,,,,,,,,,,
147900,5.064438,0.9221641,,,,,,,,,,,,,,
148000,5.002826,0.95648885,,,,,,,,,,,,,,
148100,4.8189783,0.9855359,,,,,,,,,,,,,,
148200,5.116714,0.99981964,,,,,,,,,,,,,,
148300,5.0236015,0.97416306,,,,,,,,,,,,,,
148400,5.208729,0.97097945,,,,,,,,,,,,,,
148500,4.755453,0.92025614,,,,,,,,,,,,,,
148600,4.887612,0.9601861,,,,,,,,,,,,,,
148700,4.778486,0.91506916,,,,,,,,,,,,,,
148800,4.9427943,0.9174061,,,,,,,,,,,,,,
148900,4.9997463,0.9616287,,,,,,,,,,,,,,
149000,4.6048717,0.89654386,,,,,,,,,,,,,,
149100,5.144637,0.9518136,,,,,,,,,,,,,,
149200,4.869402,0.89132726,,,,,,,,,,,,,,
149300,5.179067,1.0208237,,,,,,,,,,,,,,
149400,5.0708556,0.96085435,,,,,,,,,,,,,,
149500,5.0293846,0.9893565,,,,,,,,,,,,,,
149600,4.937864,0.91909885,,,,,,,,,,,,,,
149700,4.742585,0.9082565,,,,,,,,,,,,,,
149800,5.142239,0.9967792,,,,,,,,,,,,,,
149900,5.3548846,0.98734266,,,,,,,,,,,,,,
150000,4.6390815,0.94588614,,,,,,,,,,,,,,
150100,4.672127,0.9393328,,,,,,,,,,,,,,
150200,4.948758,0.98376966,,,,,,,,,,,,,,
150300,4.8815455,0.95514023,,,,,,,,,,,,,,
150400,5.178323,1.1292624,,,,,,,,,,,,,,
150500,4.8781,1.0007592,,,,,,,,,,,,,,
150600,5.0270824,0.92736584,,,,,,,,,,,,,,
150700,4.808567,0.9700811,,,,,,,,,,,,,,
150800,4.8211904,0.9482806,,,,,,,,,,,,,,
150900,5.027789,1.010655,,,,,,,,,,,,,,
151000,5.0265183,0.94293374,,,,,,,,,,,,,,
151100,5.158107,0.88594484,,,,,,,,,,,,,,
151200,4.905797,0.9547635,,,,,,,,,,,,,,
151300,4.807074,0.9206084,,,,,,,,,,,,,,
151400,4.8243117,0.9498526,,,,,,,,,,,,,,
151500,4.9171968,0.9390757,,,,,,,,,,,,,,
151600,5.0971723,0.9732065,,,,,,,,,,,,,,
151700,4.9729095,0.9788637,,,,,,,,,,,,,,
151800,4.8625555,0.9667123,,,,,,,,,,,,,,
151900,5.4912972,1.0652008,,,,,,,,,,,,,,
152000,4.955933,0.9750007,,,,,,,,,,,,,,
152100,4.49873,0.92735547,,,,,,,,,,,,,,
152200,4.7530427,0.9542336,,,,,,,,,,,,,,
152300,5.6092243,0.94556206,,,,,,,,,,,,,,
152400,5.0814023,0.9581666,,,,,,,,,,,,,,
152500,4.9004316,1.0175868,,,,,,,,,,,,,,
152600,5.101755,1.0552105,,,,,,,,,,,,,,
152700,5.0449004,0.94166934,,,,,,,,,,,,,,
152800,5.051442,0.9287148,,,,,,,,,,,,,,
152900,4.61209,0.8741386,,,,,,,,,,,,,,
153000,4.9225035,0.9936746,,,,,,,,,,,,,,
153100,4.998672,1.0102415,,,,,,,,,,,,,,
153200,4.8431015,0.82440287,,,,,,,,,,,,,,
153300,5.432654,1.0285845,,,,,,,,,,,,,,
153400,4.879928,0.9396484,,,,,,,,,,,,,,
153459,,,0.9436384,0.19484542,0.7524,1.0662144,50000.0,0.6261,1.8529103,10000.0,41968.87982940674,42451.374479055405,41968.87982940674,479.6059491634369,1.682976484298706,0.0
153500,5.0841136,1.0130479,,,,,,,,,,,,,,
153600,5.0804777,1.008426,,,,,,,,,,,,,,
153700,5.0858965,0.99277216,,,,,,,,,,,,,,
153800,4.9493628,0.9818705,,,,,,,,,,,,,,
153900,4.858595,0.9233124,,,,,,,,,,,,,,
154000,4.657139,0.87085885,,,,,,,,,,,,,,
154100,5.0590425,1.0081186,,,,,,,,,,,,,,
154200,5.4274087,1.0356488,,,,,,,,,,,,,,
154300,4.7981467,0.9370342,,,,,,,,,,,,,,
154400,4.6711125,0.8765662,,,,,,,,,,,,,,
154500,4.8528304,0.9968103,,,,,,,,,,,,,,
154600,4.988565,0.96603477,,,,,,,,,,,,,,
154700,4.607136,0.8240559,,,,,,,,,,,,,,
154800,4.7729225,0.88685834,,,,,,,,,,,,,,
154900,4.715194,0.9271548,,,,,,,,,,,,,,
155000,5.4120555,0.95471305,,,,,,,,,,,,,,
155100,5.200059,0.98184913,,,,,,,,,,,,,,
155200,4.8689237,0.9547142,,,,,,,,,,,,,,
155300,5.25053,1.0281522,,,,,,,,,,,,,,
155400,5.072221,1.065803,,,,,,,,,,,,,,
155500,5.155465,1.0150226,,,,,,,,,,,,,,
155600,5.028554,1.0055058,,,,,,,,,,,,,,
155700,4.7288203,0.94165444,,,,,,,,,,,,,,
155800,5.025787,0.9812809,,,,,,,,,,,,,,
155900,4.7158856,0.87852114,,,,,,,,,,,,,,
156000,5.6016517,1.0576088,,,,,,,,,,,,,,
156100,4.8797855,0.95251256,,,,,,,,,,,,,,
156200,4.7306504,0.96325415,,,,,,,,,,,,,,
156300,5.4593425,1.0482864,,,,,,,,,,,,,,
156400,5.184152,0.9838723,,,,,,,,,,,,,,
156500,5.0618687,0.90943366,,,,,,,,,,,,,,
156600,5.1330366,0.9722123,,,,,,,,,,,,,,
156700,5.04715,0.86827683,,,,,,,,,,,,,,
156800,4.84176,0.90902734,,,,,,,,,,,,,,
156900,5.3051186,0.9929329,,,,,,,,,,,,,,
157000,4.8152227,0.91003025,,,,,,,,,,,,,,
157100,4.7937055,0.970716,,,,,,,,,,,,,,
157200,4.8465967,0.92580765,,,,,,,,,,,,,,
157300,4.93716,0.9036329,,,,,,,,,,,,,,
157400,5.080944,1.0339336,,,,,,,,,,,,,,
157500,5.148934,0.98465395,,,,,,,,,,,,,,
157600,5.1306186,0.99608517,,,,,,,,,,,,,,
157700,5.2707496,1.0861318,,,,,,,,,,,,,,
157800,5.1779695,1.0285476,,,,,,,,,,,,,,
157900,4.8627353,0.9337355,,,,,,,,,,,,,,
158000,5.14918,0.9658537,,,,,,,,,,,,,,
158100,5.3401794,1.0032299,,,,,,,,,,,,,,
158200,5.1848583,0.9616742,,,,,,,,,,,,,,
158300,4.9770937,0.94022596,,,,,,,,,,,,,,
158400,5.1106796,1.0157773,,,,,,,,,,,,,,
158500,4.6623416,0.83289486,,,,,,,,,,,,,,
158600,5.057219,1.0304258,,,,,,,,,,,,,,
158700,4.930997,0.96001375,,,,,,,,,,,,,,
158800,5.361905,1.0094714,,,,,,,,,,,,,,
158900,5.0315576,0.91560423,,,,,,,,,,,,,,
159000,5.041659,0.97364795,,,,,,,,,,,,,,
159100,4.904654,0.9062264,,,,,,,,,,,,,,
159200,5.0043793,0.9613056,,,,,,,,,,,,,,
159300,4.8167806,0.9794607,,,,,,,,,,,,,,
159400,5.0650764,0.94073236,,,,,,,,,,,,,,
159500,5.1277013,0.9812685,,,,,,,,,,,,,,
159600,5.0197616,0.91981506,,,,,,,,,,,,,,
159700,4.7904115,0.96662843,,,,,,,,,,,,,,
159800,5.233886,0.95171833,,,,,,,,,,,,,,
159900,5.0686293,0.99520797,,,,,,,,,,,,,,
160000,4.8609715,0.94438887,,,,,,,,,,,,,,
160100,4.9655395,0.93812776,,,,,,,,,,,,,,
160200,5.004106,0.9026545,,,,,,,,,,,,,,
160300,5.2449565,1.0446203,,,,,,,,,,,,,,
160400,4.8209677,0.89405495,,,,,,,,,,,,,,
160500,4.867817,0.91132677,,,,,,,,,,,,,,
160600,5.097232,0.9306005,,,,,,,,,,,,,,
160700,4.905991,0.91726714,,,,,,,,,,,,,,
160800,5.203261,0.93875927,,,,,,,,,,,,,,
160803,,,0.94782364,0.18040912,0.75266,1.0689249,50000.0,0.62670004,1.859921,10000.0,43964.87986493111,44467.10048651695,43964.87986493111,499.2032101154328,1.7564749717712402,0.0
160900,5.037517,1.014205,,,,,,,,,,,,,,
161000,4.8889546,0.93165946,,,,,,,,,,,,,,
161100,5.1638823,0.93860114,,,,,,,,,,,,,,
161200,4.968267,0.90621024,,,,,,,,,,,,,,
161300,4.931264,0.98480034,,,,,,,,,,,,,,
161400,4.6721807,0.9350362,,,,,,,,,,,,,,
161500,4.6825995,0.8460815,,,,,,,,,,,,,,
161600,4.86004,0.8850826,,,,,,,,,,,,,,
161700,5.053499,0.95577586,,,,,,,,,,,,,,
161800,4.9206643,0.9078186,,,,,,,,,,,,,,
161900,5.013975,0.97029567,,,,,,,,,,,,,,
162000,5.036552,1.0147963,,,,,,,,,,,,,,
162100,5.0309877,0.9494567,,,,,,,,,,,,,,
162200,4.8815303,0.9614452,,,,,,,,,,,,,,
162300,5.1803293,0.98833287,,,,,,,,,,,,,,
162400,4.720633,0.9268122,,,,,,,,,,,,,,
162500,5.08119,0.97253275,,,,,,,,,,,,,,
162600,4.925674,0.91654664,,,,,,,,,,,,,,
162700,5.0532994,0.9621924,,,,,,,,,,,,,,
162800,5.2428427,1.0133158,,,,,,,,,,,,,,
162900,5.092437,0.9443873,,,,,,,,,,,,,,
163000,4.980007,0.9467978,,,,,,,,,,,,,,
163100,5.3279657,1.0417017,,,,,,,,,,,,,,
163200,4.902069,0.9210684,,,,,,,,,,,,,,
163300,4.991594,0.9212215,,,,,,,,,,,,,,
163400,5.028981,0.9454931,,,,,,,,,,,,,,
163500,5.0800457,0.93853545,,,,,,,,,,,,,,
163600,4.892621,0.9650777,,,,,,,,,,,,,,
163700,4.910309,0.9428973,,,,,,,,,,,,,,
163800,5.1525016,0.9682492,,,,,,,,,,,,,,
163900,5.2023206,0.9867276,,,,,,,,,,,,,,
164000,5.076255,0.9135781,,,,,,,,,,,,,,
164100,4.870944,0.9574759,,,,,,,,,,,,,,
164200,5.0169096,0.9958412,,,,,,,,,,,,,,
164300,4.996651,0.91204846,,,,,,,,,,,,,,
164400,4.6682386,0.853723,,,,,,,,,,,,,,
164500,5.567542,1.0777037,,,,,,,,,,,,,,
164600,5.2475615,1.0412563,,,,,,,,,,,,,,
164700,4.9088554,1.0104761,,,,,,,,,,,,,,
164800,5.1441245,0.95668614,,,,,,,,,,,,,,
164900,5.1075997,0.89963275,,,,,,,,,,,,,,
165000,5.097186,1.0018722,,,,,,,,,,,,,,
165100,5.0312595,0.9734193,,,,,,,,,,,,,,
165200,5.0014367,0.89739746,,,,,,,,,,,,,,
165300,5.1592975,0.9280201,,,,,,,,,,,,,,
165400,5.284389,1.0294299,,,,,,,,,,,,,,
165500,4.7996607,0.8889109,,,,,,,,,,,,,,
165600,5.0639925,0.94946563,,,,,,,,,,,,,,
165700,4.989663,0.98080516,,,,,,,,,,,,,,
165800,5.2751727,0.9803785,,,,,,,,,,,,,,
165900,5.366087,1.02744,,,,,,,,,,,,,,
166000,4.8082786,0.9155481,,,,,,,,,,,,,,
166100,5.000519,0.95377505,,,,,,,,,,,,,,
166200,5.0391293,0.9233691,,,,,,,,,,,,,,
166300,5.154555,0.934816,,,,,,,,,,,,,,
166400,5.1776624,0.9203296,,,,,,,,,,,,,,
166500,5.1614647,0.99396014,,,,,,,,,,,,,,
166600,5.198626,0.97853285,,,,,,,,,,,,,,
166700,5.176138,1.0715743,,,,,,,,,,,,,,
166800,5.161009,0.9538119,,,,,,,,,,,,,,
166900,5.189356,0.91116726,,,,,,,,,,,,,,
167000,5.27495,0.9589703,,,,,,,,,,,,,,
167100,5.406421,0.885055,,,,,,,,,,,,,,
167200,5.0418983,1.0291266,,,,,,,,,,,,,,
167300,5.2643137,0.92863333,,,,,,,,,,,,,,
167400,5.0245924,0.9725859,,,,,,,,,,,,,,
167500,4.800239,0.9462224,,,,,,,,,,,,,,
167600,4.937391,0.98827696,,,,,,,,,,,,,,
167700,4.8945403,0.90044415,,,,,,,,,,,,,,
167800,5.142029,0.8912182,,,,,,,,,,,,,,
167900,4.999546,0.97196114,,,,,,,,,,,,,,
167972,,,0.9487404,0.18130454,0.75286,1.0714159,50000.0,0.6251,1.8615223,10000.0,45960.7723968029,46516.528638362885,45960.7723968029,552.6016957759857,1.8376588821411133,0.0
168000,4.9667206,0.90568006,,,,,,,,,,,,,,
168100,4.865715,0.9361111,,,,,,,,,,,,,,
168200,5.3461957,1.0585035,,,,,,,,,,,,,,
168300,5.1579113,0.9996544,,,,,,,,,,,,,,
168400,4.634342,0.87394446,,,,,,,,,,,,,,
168500,5.052712,0.9680425,,,,,,,,,,,,,,
168600,5.0203314,0.8990182,,,,,,,,,,,,,,
168700,4.8133707,0.89501846,,,,,,,,,,,,,,
168800,4.8332806,0.94627297,,,,,,,,,,,,,,
168900,5.2632256,1.0312617,,,,,,,,,,,,,,
169000,4.633801,0.8590571,,,,,,,,,,,,,,
169100,4.5570154,0.88942057,,,,,,,,,,,,,,
169200,5.018108,0.898605,,,,,,,,,,,,,,
169300,4.9812727,0.9693943,,,,,,,,,,,,,,
169400,5.1240463,0.8985845,,,,,,,,,,,,,,
169500,4.8031077,0.992644,,,,,,,,,,,,,,
169600,5.298022,0.9705309,,,,,,,,,,,,,,
169700,5.0749555,0.94725716,,,,,,,,,,,,,,
169800,4.8649845,0.92673326,,,,,,,,,,,,,,
169900,4.832165,1.0206891,,,,,,,,,,,,,,
170000,4.9505887,0.9472445,,,,,,,,,,,,,,
170100,4.8602667,0.95381796,,,,,,,,,,,,,,
170200,4.934642,0.9659865,,,,,,,,,,,,,,
170300,4.848309,0.9136912,,,,,,,,,,,,,,
170400,4.8304887,0.9700785,,,,,,,,,,,,,,
170500,5.0400515,0.9494431,,,,,,,,,,,,,,
170600,4.8526382,0.9527172,,,,,,,,,,,,,,
170700,4.900259,0.9513532,,,,,,,,,,,,,,
170800,5.142589,0.9712235,,,,,,,,,,,,,,
170900,5.310713,0.97291136,,,,,,,,,,,,,,
171000,5.082428,0.90812534,,,,,,,,,,,,,,
171100,4.91624,0.939294,,,,,,,,,,,,,,
171200,4.984757,0.882973,,,,,,,,,,,,,,
171300,5.198333,0.952021,,,,,,,,,,,,,,
171400,4.9439793,0.95827705,,,,,,,,,,,,,,
171500,5.0407186,0.90364087,,,,,,,,,,,,,,
171600,4.8954487,0.8646008,,,,,,,,,,,,,,
171700,4.9831486,0.98488456,,,,,,,,,,,,,,
171800,4.9244237,0.9151436,,,,,,,,,,,,,,
171900,5.0485964,0.8485209,,,,,,,,,,,,,,
172000,5.5621595,0.98969007,,,,,,,,,,,,,,
172100,5.0107727,0.94153994,,,,,,,,,,,,,,
172200,4.9562173,0.8833257,,,,,,,,,,,,,,
172300,5.030798,0.97043717,,,,,,,,,,,,,,
172400,5.1187468,0.96976376,,,,,,,,,,,,,,
172500,5.2063456,0.9677541,,,,,,,,,,,,,,
172600,5.2370067,0.9463266,,,,,,,,,,,,,,
172658,,,0.94868064,0.17847335,0.75325996,1.0750405,50000.0,0.625,1.8682417,10000.0,47956.8501329422,48535.025040864944,47956.8501329422,574.862462759018,1.9537787437438965,0.0
172700,4.940844,0.87018794,,,,,,,,,,,,,,
172800,5.219758,0.9864238,,,,,,,,,,,,,,
172900,5.1726384,0.9566007,,,,,,,,,,,,,,
173000,4.9370575,0.9513858,,,,,,,,,,,,,,
173100,5.188773,1.0096965,,,,,,,,,,,,,,
173200,5.5011144,0.93564594,,,,,,,,,,,,,,
173300,5.1147885,1.0001646,,,,,,,,,,,,,,
173400,4.9102592,0.907464,,,,,,,,,,,,,,
173500,5.3325634,1.0502313,,,,,,,,,,,,,,
173600,4.833886,0.91871285,,,,,,,,,,,,,,
173700,5.04689,0.98549616,,,,,,,,,,,,,,
173800,4.963953,0.95398504,,,,,,,,,,,,,,
173900,5.0499053,0.89519405,,,,,,,,,,,,,,
174000,5.104269,0.95325047,,,,,,,,,,,,,,
174100,5.2159505,0.9204903,,,,,,,,,,,,,,
174200,5.1894455,0.9562033,,,,,,,,,,,,,,
174300,5.115742,0.9965088,,,,,,,,,,,,,,
174400,4.7565117,0.9150069,,,,,,,,,,,,,,
174500,5.12375,0.9469827,,,,,,,,,,,,,,
174600,4.8595777,0.8403811,,,,,,,,,,,,,,
174700,5.1539993,0.94129926,,,,,,,,,,,,,,
174800,5.2303467,0.95297694,,,,,,,,,,,,,,
174900,4.8271403,0.88603956,,,,,,,,,,,,,,
175000,4.649547,0.87792677,,,,,,,,,,,,,,
175100,4.9934826,0.9112837,,,,,,,,,,,,,,
175200,4.8498554,0.8608945,,,,,,,,,,,,,,
175300,5.3136797,0.97176397,,,,,,,,,,,,,,
175400,4.7701316,0.84880847,,,,,,,,,,,,,,
175500,5.0794625,0.9661242,,,,,,,,,,,,,,
175600,4.9380674,0.8713828,,,,,,,,,,,,,,
175700,5.0373516,0.89052814,,,,,,,,,,,,,,
175800,5.253012,0.9890426,,,,,,,,,,,,,,
175900,5.051005,0.86877954,,,,,,,,,,,,,,
176000,4.952812,0.900445,,,,,,,,,,,,,,
176100,4.9722347,0.92272365,,,,,,,,,,,,,,
176200,4.9814053,0.9230484,,,,,,,,,,,,,,
176300,5.3722734,0.9524778,,,,,,,,,,,,,,
176400,5.109136,0.9017881,,,,,,,,,,,,,,
176500,4.788116,0.8571448,,,,,,,,,,,,,,
176600,5.1439433,0.9455743,,,,,,,,,,,,,,
176700,5.3004303,0.97190344,,,,,,,,,,,,,,
176800,4.8940396,0.88531625,,,,,,,,,,,,,,
176900,5.3910832,0.9754826,,,,,,,,,,,,,,
177000,4.90068,0.95891047,,,,,,,,,,,,,,
177063,,,0.9486607,0.17960994,0.7531,1.074318,50000.0,0.62600005,1.8686966,10000.0,49952.47198367119,50553.51904273033,49952.47198367119,597.1016075611115,2.3890323638916016,0.0
177100,5.083138,0.87299967,,,,,,,,,,,,,,
177200,5.0645165,0.98934907,,,,,,,,,,,,,,
177300,5.158038,0.97984385,,,,,,,,,,,,,,
177400,4.817815,0.8882735,,,,,,,,,,,,,,
177500,5.0585246,0.9602864,,,,,,,,,,,,,,
177600,5.0784893,1.0060945,,,,,,,,,,,,,,
177700,5.125732,0.9528493,,,,,,,,,,,,,,
177800,5.3231044,0.9729432,,,,,,,,,,,,,,
177900,5.591818,1.1219244,,,,,,,,,,,,,,
178000,5.0245876,0.9472587,,,,,,,,,,,,,,
178100,5.0327716,0.9264954,,,,,,,,,,,,,,
178200,4.873851,0.86888224,,,,,,,,,,,,,,
178300,5.066472,0.96364945,,,,,,,,,,,,,,
178400,4.8289022,0.86538017,,,,,,,,,,,,,,
178500,5.3049726,0.91750336,,,,,,,,,,,,,,
178600,5.0984864,0.93344146,,,,,,,,,,,,,,
178700,5.105941,0.9509733,,,,,,,,,,,,,,
178800,4.9821053,0.9802786,,,,,,,,,,,,,,
178900,5.475266,1.0458037,,,,,,,,,,,,,,
179000,5.247165,0.9071815,,,,,,,,,,,,,,
179100,5.0495133,0.96467304,,,,,,,,,,,,,,
179200,4.89781,0.88850945,,,,,,,,,,,,,,
179300,4.8708215,0.9540775,,,,,,,,,,,,,,
179400,5.363085,1.0525954,,,,,,,,,,,,,,
179500,4.866728,0.84505343,,,,,,,,,,,,,,
179600,5.0781813,0.97084004,,,,,,,,,,,,,,
179700,5.0709515,0.8997239,,,,,,,,,,,,,,
179800,5.2242165,0.9835059,,,,,,,,,,,,,,
179900,4.855396,0.9756489,,,,,,,,,,,,,,
180000,4.952844,0.8926188,,,,,,,,,,,,,,
180100,5.116674,0.8991693,,,,,,,,,,,,,,
180200,5.0964427,0.9224396,,,,,,,,,,,,,,
180300,4.917978,0.9203802,,,,,,,,,,,,,,
180400,5.192339,0.94506943,,,,,,,,,,,,,,
180500,4.6337194,0.8726009,,,,,,,,,,,,,,
180600,5.154436,0.9764581,,,,,,,,,,,,,,
180700,5.0797834,0.880682,,,,,,,,,,,,,,
180800,5.22919,0.97558826,,,,,,,,,,,,,,
180900,4.8038435,0.8953628,,,,,,,,,,,,,,
181000,4.8384213,0.8455546,,,,,,,,,,,,,,
181100,5.175808,0.9235393,,,,,,,,,,,,,,
181200,4.8665957,0.8268726,,,,,,,,,,,,,,
181300,4.944615,0.9143164,,,,,,,,,,,,,,
181400,5.1056776,0.9457406,,,,,,,,,,,,,,
181500,4.8925104,0.9019402,,,,,,,,,,,,,,
181600,,,0.9502152,0.17258252,0.75378,1.0762789,50000.0,0.62560004,1.8692299,10000.0,51947.90822029114,52589.320518255234,51947.90822029114,636.8429207801819,2.812356948852539,0.0
181600,5.3622847,0.99221677,,,,,,,,,,,,,,
181700,4.872026,0.92770183,,,,,,,,,,,,,,
181800,5.053481,0.8754605,,,,,,,,,,,,,,
181900,5.119721,0.94041973,,,,,,,,,,,,,,
182000,4.9610143,0.9360741,,,,,,,,,,,,,,
182100,5.327876,1.000843,,,,,,,,,,,,,,
182200,4.8366427,0.8613524,,,,,,,,,,,,,,
182300,4.9496202,0.9395437,,,,,,,,,,,,,,
182400,5.1615825,0.97577775,,,,,,,,,,,,,,
182500,4.9494348,0.930107,,,,,,,,,,,,,,
182600,5.127139,0.9452971,,,,,,,,,,,,,,
182700,4.730691,0.86393654,,,,,,,,,,,,,,
182800,5.299928,1.0132122,,,,,,,,,,,,,,
182900,5.237121,0.9050325,,,,,,,,,,,,,,
183000,5.451279,0.95761466,,,,,,,,,,,,,,
183100,4.8097863,0.80775845,,,,,,,,,,,,,,
183200,4.9937406,0.9438605,,,,,,,,,,,,,,
183300,5.275067,0.98696387,,,,,,,,,,,,,,
183400,5.3849554,1.0459772,,,,,,,,,,,,,,
183500,5.105806,0.9955981,,,,,,,,,,,,,,
183600,5.012576,0.9461968,,,,,,,,,,,,,,
183700,5.06446,0.8691977,,,,,,,,,,,,,,
183800,5.1540456,0.98678195,,,,,,,,,,,,,,
183900,5.318316,1.0325848,,,,,,,,,,,,,,
184000,5.238353,0.9603834,,,,,,,,,,,,,,
184100,5.2783756,0.9775616,,,,,,,,,,,,,,
184200,5.2675366,1.0023177,,,,,,,,,,,,,,
184300,5.4626455,0.9463537,,,,,,,,,,,,,,
184400,5.30923,0.9429004,,,,,,,,,,,,,,
184500,4.915128,0.9007395,,,,,,,,,,,,,,
184600,4.8828964,0.86510515,,,,,,,,,,,,,,
184700,4.9021835,0.8582039,,,,,,,,,,,,,,
184800,5.1856465,0.9449484,,,,,,,,,,,,,,
184900,4.9250855,0.90337765,,,,,,,,,,,,,,
185000,4.9524736,0.848644,,,,,,,,,,,,,,
185100,5.4493804,1.0216895,,,,,,,,,,,,,,
185200,5.1339765,0.9937183,,,,,,,,,,,,,,
185300,4.6884546,0.8530359,,,,,,,,,,,,,,
185400,5.02691,0.8916329,,,,,,,,,,,,,,
185500,4.8696003,0.88487995,,,,,,,,,,,,,,
185600,5.6215706,0.972126,,,,,,,,,,,,,,
185700,5.1800814,0.8848181,,,,,,,,,,,,,,
185800,5.286177,0.96173334,,,,,,,,,,,,,,
185900,5.3633227,0.99414754,,,,,,,,,,,,,,
186000,4.957035,0.8803667,,,,,,,,,,,,,,
186073,,,0.9526666,0.16909547,0.7543,1.0771687,50000.0,0.62570006,1.869183,10000.0,53943.446397304535,54627.26826930046,53943.446397304535,678.5254654884338,3.305555582046509,0.0
186100,4.806111,0.92890656,,,,,,,,,,,,,,
186200,5.5011334,0.9749775,,,,,,,,,,,,,,
186300,4.9684978,0.94679016,,,,,,,,,,,,,,
186400,5.216027,0.8990528,,,,,,,,,,,,,,
186500,5.426215,1.0138754,,,,,,,,,,,,,,
186600,5.139348,0.9900546,,,,,,,,,,,,,,
186700,4.8914943,0.9578847,,,,,,,,,,,,,,
186800,4.9220734,0.8251274,,,,,,,,,,,,,,
186900,5.27943,0.9530755,,,,,,,,,,,,,,
187000,4.8181367,0.88959026,,,,,,,,,,,,,,
187100,5.0971355,0.93919635,,,,,,,,,,,,,,
187200,5.1756725,0.99206024,,,,,,,,,,,,,,
187300,4.809934,0.91358733,,,,,,,,,,,,,,
187400,5.164145,0.92586744,,,,,,,,,,,,,,
187500,5.077636,0.90955406,,,,,,,,,,,,,,
187600,5.17591,0.93907887,,,,,,,,,,,,,,
187700,5.1735115,1.0058075,,,,,,,,,,,,,,
187800,5.4866014,0.9529781,,,,,,,,,,,,,,
187900,5.3130198,0.9315965,,,,,,,,,,,,,,
188000,5.065372,0.961065,,,,,,,,,,,,,,
188100,5.4068046,1.0355916,,,,,,,,,,,,,,
188200,4.739466,0.85454494,,,,,,,,,,,,,,
188300,5.3673916,0.95074797,,,,,,,,,,,,,,
188400,5.148793,0.99228877,,,,,,,,,,,,,,
188500,5.1867743,1.0059931,,,,,,,,,,,,,,
188600,5.488479,1.0157907,,,,,,,,,,,,,,
188700,5.2515006,0.9174964,,,,,,,,,,,,,,
188800,5.016391,0.89245325,,,,,,,,,,,,,,
188900,5.1955414,0.9385728,,,,,,,,,,,,,,
189000,5.28581,1.0060282,,,,,,,,,,,,,,
189100,5.346924,0.9576769,,,,,,,,,,,,,,
189200,5.2016892,0.9643958,,,,,,,,,,,,,,
189300,5.363741,0.979339,,,,,,,,,,,,,,
189400,4.6979003,0.8371133,,,,,,,,,,,,,,
189500,5.0393295,0.91196537,,,,,,,,,,,,,,
189600,5.3069577,0.9534136,,,,,,,,,,,,,,
189700,5.4665856,0.9276847,,,,,,,,,,,,,,
189800,5.1327167,0.91830456,,,,,,,,,,,,,,
189900,5.4839506,1.0313573,,,,,,,,,,,,,,
190000,5.0383034,0.8895503,,,,,,,,,,,,,,
190100,5.2414007,0.9587568,,,,,,,,,,,,,,
190200,5.140752,0.9453199,,,,,,,,,,,,,,
190300,5.034205,0.8800328,,,,,,,,,,,,,,
190400,5.2709827,0.9857955,,,,,,,,,,,,,,
190500,5.0481987,0.8981488,,,,,,,,,,,,,,
190600,4.8335714,0.83755136,,,,,,,,,,,,,,
190646,,,0.9512117,0.16966121,0.75439996,1.0768428,50000.0,0.628,1.866245,10000.0,55938.98239707947,56643.01434922218,55938.98239707947,698.0477120876312,3.8167998790740967,0.0
190700,5.12762,0.92933977,,,,,,,,,,,,,,
190800,5.5687165,0.9613124,,,,,,,,,,,,,,
190900,5.2257323,0.89820874,,,,,,,,,,,,,,
191000,5.011116,0.93470347,,,,,,,,,,,,,,
191100,5.09822,0.940812,,,,,,,,,,,,,,
191200,5.050279,0.90928435,,,,,,,,,,,,,,
191300,5.2563705,0.9844318,,,,,,,,,,,,,,
191400,4.946031,0.93832785,,,,,,,,,,,,,,
191500,5.29481,0.93308747,,,,,,,,,,,,,,
191600,5.085925,0.9546743,,,,,,,,,,,,,,
191700,5.3063464,0.9143281,,,,,,,,,,,,,,
191800,4.9300823,0.9501845,,,,,,,,,,,,,,
191900,5.524637,0.9391636,,,,,,,,,,,,,,
192000,4.9932084,0.9396571,,,,,,,,,,,,,,
192100,5.27013,0.9398738,,,,,,,,,,,,,,
192200,4.7685385,0.87414956,,,,,,,,,,,,,,
192300,5.0682607,0.878118,,,,,,,,,,,,,,
192400,5.16956,0.96260196,,,,,,,,,,,,,,
192500,5.0937977,0.94473517,,,,,,,,,,,,,,
192600,4.9406357,0.82841796,,,,,,,,,,,,,,
192700,5.1646237,0.935638,,,,,,,,,,,,,,
192800,5.2365656,0.97320145,,,,,,,,,,,,,,
192900,5.301438,0.89290154,,,,,,,,,,,,,,
193000,5.0841575,0.86986995,,,,,,,,,,,,,,
193100,5.1571226,0.9262805,,,,,,,,,,,,,,
193200,4.918476,0.9366667,,,,,,,,,,,,,,
193300,5.151684,0.98081183,,,,,,,,,,,,,,
193400,5.007638,0.8987859,,,,,,,,,,,,,,
193500,4.9236155,0.8764314,,,,,,,,,,,,,,
193600,4.9784536,0.903165,,,,,,,,,,,,,,
193700,4.623264,0.817997,,,,,,,,,,,,,,
193800,5.2015805,0.96508807,,,,,,,,,,,,,,
193900,5.1869817,0.89804745,,,,,,,,,,,,,,
194000,5.27906,0.8967749,,,,,,,,,,,,,,
194100,5.283215,0.8775999,,,,,,,,,,,,,,
194200,5.1260552,0.9229586,,,,,,,,,,,,,,
194300,5.099612,0.8545802,,,,,,,,,,,,,,
194400,5.2809057,0.9352467,,,,,,,,,,,,,,
194500,5.1532326,0.9404499,,,,,,,,,,,,,,
194600,5.1550264,0.8865392,,,,,,,,,,,,,,
194700,5.1605744,0.9380514,,,,,,,,,,,,,,
194747,,,0.95336413,0.16278976,0.75426,1.0784762,50000.0,0.62960005,1.8696264,10000.0,57934.57347178459,58682.21131968498,57934.57347178459,740.9094491004944,4.328880071640015,0.0
194800,4.9595065,0.9924592,,,,,,,,,,,,,,
194900,5.2913914,1.012589,,,,,,,,,,,,,,
195000,5.354171,0.9368958,,,,,,,,,,,,,,
195100,5.3229213,0.98429227,,,,,,,,,,,,,,
195200,5.432538,0.90209436,,,,,,,,,,,,,,
195300,5.183285,0.8722374,,,,,,,,,,,,,,
195400,5.262555,0.95591605,,,,,,,,,,,,,,
195500,5.0275655,0.85013604,,,,,,,,,,,,,,
195600,5.0412455,0.9120882,,,,,,,,,,,,,,
195700,5.0854917,0.9187383,,,,,,,,,,,,,,
195800,4.833142,0.8784838,,,,,,,,,,,,,,
195900,4.9262476,0.86095774,,,,,,,,,,,,,,
196000,4.961814,0.9240525,,,,,,,,,,,,,,
196100,5.0567865,0.85896134,,,,,,,,,,,,,,
196200,4.812472,0.8642634,,,,,,,,,,,,,,
196300,5.1877766,0.93556845,,,,,,,,,,,,,,
196400,5.144963,0.9077987,,,,,,,,,,,,,,
196500,4.840472,0.8996868,,,,,,,,,,,,,,
196600,5.287327,0.946203,,,,,,,,,,,,,,
196700,5.3017445,0.95965517,,,,,,,,,,,,,,
196800,5.1461077,0.883515,,,,,,,,,,,,,,
196900,5.3053365,0.92152965,,,,,,,,,,,,,,
197000,5.017615,0.9195654,,,,,,,,,,,,,,
197100,5.0629888,0.8928728,,,,,,,,,,,,,,
197200,5.0612216,0.869267,,,,,,,,,,,,,,
197300,5.258444,0.9018351,,,,,,,,,,,,,,
197400,5.12415,0.9129344,,,,,,,,,,,,,,
197500,5.2068152,0.93061745,,,,,,,,,,,,,,
197600,5.14704,0.9926903,,,,,,,,,,,,,,
197700,4.949328,0.8642858,,,,,,,,,,,,,,
197800,5.0652146,0.95076144,,,,,,,,,,,,,,
197900,5.192774,0.9224343,,,,,,,,,,,,,,
198000,5.211414,0.88953817,,,,,,,,,,,,,,
198100,5.280054,0.87856174,,,,,,,,,,,,,,
198200,4.8758073,0.8343443,,,,,,,,,,,,,,
198300,5.231434,0.8687576,,,,,,,,,,,,,,
198400,5.2156715,0.9282453,,,,,,,,,,,,,,
198500,5.3147883,0.9560634,,,,,,,,,,,,,,
198524,,,0.95336413,0.16411076,0.75376,1.0798633,50000.0,0.62740004,1.8716532,10000.0,59930.2302134037,60715.90223026276,59930.2302134037,778.1086664199829,4.950573444366455,0.0
198600,5.133053,0.92875296,,,,,,,,,,,,,,
198700,5.2628565,0.9024969,,,,,,,,,,,,,,
198800,5.0888453,0.9036923,,,,,,,,,,,,,,
198900,5.255682,0.894297,,,,,,,,,,,,,,
199000,5.0226808,0.8936321,,,,,,,,,,,,,,
199100,5.193354,0.9531555,,,,,,,,,,,,,,
199200,5.160801,0.921322,,,,,,,,,,,,,,
199300,5.307107,0.9299092,,,,,,,,,,,,,,
199400,5.2866254,1.0115434,,,,,,,,,,,,,,
199500,5.4391394,0.9880577,,,,,,,,,,,,,,
199600,4.7511578,0.80689144,,,,,,,,,,,,,,
199700,4.882023,0.8971051,,,,,,,,,,,,,,
199800,5.3260326,0.9369749,,,,,,,,,,,,,,
199900,5.408931,0.9897218,,,,,,,,,,,,,,
200000,4.966437,0.82147586,,,,,,,,,,,,,,
200100,5.4767866,0.9113569,,,,,,,,,,,,,,
200200,5.2087917,0.92814857,,,,,,,,,,,,,,
200300,5.2099924,0.8563293,,,,,,,,,,,,,,
200400,5.0004306,0.925491,,,,,,,,,,,,,,
200500,5.0872517,0.9056902,,,,,,,,,,,,,,
200600,5.1423836,0.92560124,,,,,,,,,,,,,,
200700,5.265192,0.9384474,,,,,,,,,,,,,,
200800,5.086089,0.8874867,,,,,,,,,,,,,,
200900,5.225386,0.9089085,,,,,,,,,,,,,,
201000,5.085196,0.86008996,,,,,,,,,,,,,,
201100,5.925341,1.0941434,,,,,,,,,,,,,,
201200,5.199377,0.87072325,,,,,,,,,,,,,,
201300,5.1465263,0.9521708,,,,,,,,,,,,,,
201400,5.14943,0.93107176,,,,,,,,,,,,,,
201500,5.063366,0.84711754,,,,,,,,,,,,,,
201600,5.153683,0.8930843,,,,,,,,,,,,,,
201700,4.9915323,0.8199549,,,,,,,,,,,,,,
201800,5.29566,0.91758853,,,,,,,,,,,,,,
201900,5.5136347,0.9488141,,,,,,,,,,,,,,
202000,5.1116557,0.91496813,,,,,,,,,,,,,,
202100,5.138202,0.9242304,,,,,,,,,,,,,,
202200,5.155074,0.98455656,,,,,,,,,,,,,,
202300,5.196497,0.90852,,,,,,,,,,,,,,
202362,,,0.952826,0.16415659,0.75398,1.0797056,50000.0,0.62560004,1.869789,10000.0,61926.093482255936,62742.43178105354,61926.093482255936,808.0945663452148,5.439246416091919,0.0
202400,5.1221447,0.8791224,,,,,,,,,,,,,,
202500,5.0357637,0.8733915,,,,,,,,,,,,,,
202600,5.0075636,0.86243105,,,,,,,,,,,,,,
202700,4.734544,0.8612898,,,,,,,,,,,,,,
202800,4.852019,0.8549655,,,,,,,,,,,,,,
202900,5.375417,0.9270315,,,,,,,,,,,,,,
203000,5.422729,0.96705645,,,,,,,,,,,,,,
203100,5.0465183,0.9126134,,,,,,,,,,,,,,
203200,4.9898834,0.84088314,,,,,,,,,,,,,,
203300,4.943655,0.8968619,,,,,,,,,,,,,,
203400,4.7934556,0.7936607,,,,,,,,,,,,,,
203500,5.137631,0.8348447,,,,,,,,,,,,,,
203600,5.381656,0.895494,,,,,,,,,,,,,,
203700,4.9634905,0.9135277,,,,,,,,,,,,,,
203800,4.922465,0.8915773,,,,,,,,,,,,,,
203900,4.9560447,0.8133481,,,,,,,,,,,,,,
204000,5.0296316,0.87705815,,,,,,,,,,,,,,
204100,4.7747293,0.8761779,,,,,,,,,,,,,,
204200,4.8862424,0.8930196,,,,,,,,,,,,,,
204300,5.239153,0.90828204,,,,,,,,,,,,,,
204400,5.526373,0.98873806,,,,,,,,,,,,,,
204500,5.089106,0.9347708,,,,,,,,,,,,,,
204600,5.0705743,0.9702394,,,,,,,,,,,,,,
204700,5.0587535,0.91574323,,,,,,,,,,,,,,
204800,5.5886393,0.92564154,,,,,,,,,,,,,,
204900,5.469031,0.9574637,,,,,,,,,,,,,,
205000,5.0657516,0.9036243,,,,,,,,,,,,,,
205100,5.214702,0.9680282,,,,,,,,,,,,,,
205200,5.1035004,0.95822585,,,,,,,,,,,,,,
205300,5.0223727,0.88984895,,,,,,,,,,,,,,
205400,4.9859653,0.94779134,,,,,,,,,,,,,,
205500,5.104971,0.8947805,,,,,,,,,,,,,,
205600,5.211467,0.8741761,,,,,,,,,,,,,,
205700,5.073029,0.9650537,,,,,,,,,,,,,,
205800,4.9412413,0.86551404,,,,,,,,,,,,,,
205900,4.8720527,0.8863571,,,,,,,,,,,,,,
206000,5.331925,0.9609878,,,,,,,,,,,,,,
206100,5.2458935,0.96304,,,,,,,,,,,,,,
206200,5.1905055,0.8632318,,,,,,,,,,,,,,
206300,5.197038,0.9479949,,,,,,,,,,,,,,
206400,5.357416,0.89375925,,,,,,,,,,,,,,
206423,,,0.9546197,0.15765059,0.75356,1.0794744,50000.0,0.62600005,1.8705279,10000.0,63922.77934002876,64782.85824751854,63922.77934002876,851.0713455677032,5.971511363983154,0.0
206500,5.202617,0.9641247,,,,,,,,,,,,,,
206600,5.0297523,0.8831148,,,,,,,,,,,,,,
206700,5.016756,0.91999304,,,,,,,,,,,,,,
206800,5.523676,1.0044433,,,,,,,,,,,,,,
206900,5.0952888,0.86605144,,,,,,,,,,,,,,
207000,5.3254056,0.93756,,,,,,,,,,,,,,
207100,5.393423,0.9074574,,,,,,,,,,,,,,
207200,5.4114547,0.95175636,,,,,,,,,,,,,,
207300,5.2044616,0.90429926,,,,,,,,,,,,,,
207400,5.037196,0.86758554,,,,,,,,,,,,,,
207500,4.9890313,0.8920212,,,,,,,,,,,,,,
207600,5.3708296,1.0028641,,,,,,,,,,,,,,
207700,5.0735116,0.8668697,,,,,,,,,,,,,,
207800,5.030136,0.8774216,,,,,,,,,,,,,,
207900,5.343798,0.9863862,,,,,,,,,,,,,,
208000,5.057969,0.8948505,,,,,,,,,,,,,,
208100,5.2199235,0.9331372,,,,,,,,,,,,,,
208200,5.3312054,0.8658391,,,,,,,,,,,,,,
208300,5.390745,0.937488,,,,,,,,,,,,,,
208400,4.948375,0.87297475,,,,,,,,,,,,,,
208500,5.174789,0.882633,,,,,,,,,,,,,,
208600,5.17386,0.9117546,,,,,,,,,,,,,,
208700,5.0974035,0.8253373,,,,,,,,,,,,,,
208800,5.0444393,0.9232882,,,,,,,,,,,,,,
208900,5.1759224,0.9277604,,,,,,,,,,,,,,
209000,5.3943624,0.9403527,,,,,,,,,,,,,,
209100,5.283135,0.90747947,,,,,,,,,,,,,,
209200,5.3166466,0.91779137,,,,,,,,,,,,,,
209300,5.2632537,0.97015977,,,,,,,,,,,,,,
209400,5.1502895,0.86308366,,,,,,,,,,,,,,
209500,5.359417,0.93403816,,,,,,,,,,,,,,
209600,5.0812573,0.86940795,,,,,,,,,,,,,,
209700,5.250354,0.9725811,,,,,,,,,,,,,,
209800,4.957873,0.8607099,,,,,,,,,,,,,,
209900,5.0096216,0.93337053,,,,,,,,,,,,,,
210000,5.106468,0.91204023,,,,,,,,,,,,,,
210100,5.2892833,0.9164852,,,,,,,,,,,,,,
210200,4.9267,0.89021426,,,,,,,,,,,,,,
210203,,,0.9555166,0.15610996,0.75497997,1.0815759,50000.0,0.62740004,1.8746012,10000.0,65918.245708704,66816.03911733627,65918.245708704,887.9483625888824,6.512280464172363,0.0
210300,5.0991006,0.9033667,,,,,,,,,,,,,,
210400,4.975542,0.8824818,,,,,,,,,,,,,,
210500,4.950563,0.8531773,,,,,,,,,,,,,,
210600,5.150695,0.92282754,,,,,,,,,,,,,,
210700,5.025703,0.8377451,,,,,,,,,,,,,,
210800,5.244545,0.9158619,,,,,,,,,,,,,,
210900,4.9298596,0.8668631,,,,,,,,,,,,,,
211000,5.3297276,0.947093,,,,,,,,,,,,,,
211100,5.256029,0.944921,,,,,,,,,,,,,,
211200,5.128743,0.88420767,,,,,,,,,,,,,,
211300,4.7562246,0.85114443,,,,,,,,,,,,,,
211400,4.8288183,0.8599194,,,,,,,,,,,,,,
211500,5.161366,0.9285765,,,,,,,,,,,,,,
211600,5.312283,0.9032131,,,,,,,,,,,,,,
211700,5.2471294,0.95161283,,,,,,,,,,,,,,
211800,4.6070576,0.78942215,,,,,,,,,,,,,,
211900,4.8693075,0.86423904,,,,,,,,,,,,,,
212000,5.008451,0.9228736,,,,,,,,,,,,,,
212100,5.093581,0.9539192,,,,,,,,,,,,,,
212200,5.2038674,0.84322804,,,,,,,,,,,,,,
212300,4.937999,0.8450959,,,,,,,,,,,,,,
212400,5.025061,0.87524486,,,,,,,,,,,,,,
212500,5.1533237,0.9192015,,,,,,,,,,,,,,
212600,5.2352915,0.89203435,,,,,,,,,,,,,,
212700,4.9230843,0.9090395,,,,,,,,,,,,,,
212800,5.1715546,0.97210497,,,,,,,,,,,,,,
212900,5.6140428,1.0218351,,,,,,,,,,,,,,
213000,5.3892365,0.9390974,,,,,,,,,,,,,,
213100,5.2904835,0.92497176,,,,,,,,,,,,,,
213200,5.2461147,0.9054976,,,,,,,,,,,,,,
213300,5.0451307,0.9203429,,,,,,,,,,,,,,
213400,5.138781,0.9174758,,,,,,,,,,,,,,
213500,5.1516633,0.8971946,,,,,,,,,,,,,,
213600,5.1948037,0.847513,,,,,,,,,,,,,,
213700,5.5992546,0.9677801,,,,,,,,,,,,,,
213800,5.409973,1.0112439,,,,,,,,,,,,,,
213900,5.297396,0.94353426,,,,,,,,,,,,,,
214000,5.1148205,0.84335357,,,,,,,,,,,,,,
214100,5.1926603,0.9423616,,,,,,,,,,,,,,
214153,,,0.95475924,0.15814532,0.755,1.0817531,50000.0,0.6273,1.8760587,10000.0,67914.09925222397,68851.28239226341,67914.09925222397,926.6902208328248,6.9625163078308105,0.0
214200,5.2917466,0.9927454,,,,,,,,,,,,,,
214300,5.6022754,1.0039091,,,,,,,,,,,,,,
214400,5.1976666,0.93714803,,,,,,,,,,,,,,
214500,5.1773973,0.89852417,,,,,,,,,,,,,,
214600,5.1690435,0.88738334,,,,,,,,,,,,,,
214700,4.870616,0.9196385,,,,,,,,,,,,,,
214800,5.2861586,0.9480227,,,,,,,,,,,,,,
214900,5.2074304,0.949932,,,,,,,,,,,,,,
215000,4.9909267,0.82817924,,,,,,,,,,,,,,
215100,5.1498685,0.93578124,,,,,,,,,,,,,,
215200,5.2484097,0.96252596,,,,,,,,,,,,,,
215300,5.1366496,0.8769013,,,,,,,,,,,,,,
215400,4.964019,1.0062419,,,,,,,,,,,,,,
215500,5.2173567,0.9428893,,,,,,,,,,,,,,
215600,4.984161,0.9021591,,,,,,,,,,,,,,
215700,4.7887807,0.8354585,,,,,,,,,,,,,,
215800,5.3459225,0.9986333,,,,,,,,,,,,,,
215900,5.213535,0.968246,,,,,,,,,,,,,,
216000,5.1514626,0.87382996,,,,,,,,,,,,,,
216100,5.0868134,0.9186927,,,,,,,,,,,,,,
216200,4.8486238,0.87616646,,,,,,,,,,,,,,
216300,5.241093,0.9542791,,,,,,,,,,,,,,
216400,5.071016,0.91855276,,,,,,,,,,,,,,
216500,4.9845977,0.8720291,,,,,,,,,,,,,,
216600,5.314584,0.9751673,,,,,,,,,,,,,,
216700,5.4660068,0.9345519,,,,,,,,,,,,,,
216800,4.942785,0.89656883,,,,,,,,,,,,,,
216900,5.5095687,0.95720077,,,,,,,,,,,,,,
217000,5.091161,0.8252367,,,,,,,,,,,,,,
217100,5.339502,0.99270403,,,,,,,,,,,,,,
217200,5.141699,0.8244808,,,,,,,,,,,,,,
217300,5.125891,0.8821708,,,,,,,,,,,,,,
217400,5.2151203,0.9937551,,,,,,,,,,,,,,
217500,5.033257,0.9200014,,,,,,,,,,,,,,
217600,5.2486687,0.91758037,,,,,,,,,,,,,,
217700,5.173307,0.9010352,,,,,,,,,,,,,,
217800,5.019109,0.8735447,,,,,,,,,,,,,,
217900,5.224678,0.972515,,,,,,,,,,,,,,
218000,4.9832873,0.83363205,,,,,,,,,,,,,,
218100,5.2645698,0.9488639,,,,,,,,,,,,,,
218200,5.136441,0.9232617,,,,,,,,,,,,,,
218254,,,0.9552176,0.1577096,0.75531995,1.0797553,50000.0,0.6268,1.8753902,10000.0,69909.51558828354,70886.89947223663,69909.51558828354,966.0391397476196,7.543886661529541,0.0
218300,5.4268985,0.94647425,,,,,,,,,,,,,,
218400,5.343848,0.97700936,,,,,,,,,,,,,,
218500,4.8014956,0.8362555,,,,,,,,,,,,,,
218600,4.985343,0.8454726,,,,,,,,,,,,,,
218700,5.2321396,0.9690249,,,,,,,,,,,,,,
218800,5.3343315,0.9308944,,,,,,,,,,,,,,
218900,4.9964848,0.85133684,,,,,,,,,,,,,,
219000,4.888138,0.86753213,,,,,,,,,,,,,,
219100,4.959918,0.87138593,,,,,,,,,,,,,,
219200,5.2617183,0.9448763,,,,,,,,,,,,,,
219300,5.0698447,0.9205812,,,,,,,,,,,,,,
219400,5.3723154,0.9106943,,,,,,,,,,,,,,
219500,4.9379086,0.83488,,,,,,,,,,,,,,
219600,4.8095202,0.8052026,,,,,,,,,,,,,,
219700,5.252196,0.9424095,,,,,,,,,,,,,,
219800,5.2140045,0.9356333,,,,,,,,,,,,,,
219900,4.871048,0.85361814,,,,,,,,,,,,,,
220000,5.3911495,0.90551126,,,,,,,,,,,,,,
220100,5.3659606,0.98565114,,,,,,,,,,,,,,
220200,5.1067834,0.94768775,,,,,,,,,,,,,,
220300,5.1661787,0.8866359,,,,,,,,,,,,,,
220400,5.1295385,0.816411,,,,,,,,,,,,,,
220500,5.283845,0.9678706,,,,,,,,,,,,,,
220600,5.3216476,0.9417847,,,,,,,,,,,,,,
220700,5.230552,0.9197606,,,,,,,,,,,,,,
220800,4.8966675,0.85373527,,,,,,,,,,,,,,
220900,5.252561,0.92070806,,,,,,,,,,,,,,
221000,4.995283,0.9387848,,,,,,,,,,,,,,
221100,5.125157,0.87103236,,,,,,,,,,,,,,
221200,5.203973,0.9590159,,,,,,,,,,,,,,
221300,5.342173,0.968451,,,,,,,,,,,,,,
221400,5.202019,0.91973424,,,,,,,,,,,,,,
221500,5.204736,0.9113171,,,,,,,,,,,,,,
221600,5.098733,0.86884457,,,,,,,,,,,,,,
221700,5.2412615,0.9510134,,,,,,,,,,,,,,
221800,5.0428386,0.79964787,,,,,,,,,,,,,,
221900,4.9967546,0.8620137,,,,,,,,,,,,,,
222000,5.202873,0.90192646,,,,,,,,,,,,,,
222100,5.173943,0.9671159,,,,,,,,,,,,,,
222200,5.0981956,0.883572,,,,,,,,,,,,,,
222300,5.321023,0.94663143,,,,,,,,,,,,,,
222400,5.031403,0.8883345,,,,,,,,,,,,,,
222500,5.149908,0.9178548,,,,,,,,,,,,,,
222600,5.175168,0.9811259,,,,,,,,,,,,,,
222700,5.2673497,0.9873952,,,,,,,,,,,,,,
222739,,,0.9566725,0.15274695,0.75558,1.0793678,50000.0,0.62960005,1.8752167,10000.0,71905.1672899723,72943.8052880764,71905.1672899723,1026.6069040298462,8.02806806564331,0.0
222800,5.141963,0.9152887,,,,,,,,,,,,,,
222900,5.4617386,0.93590474,,,,,,,,,,,,,,
223000,5.5231447,1.0342784,,,,,,,,,,,,,,
223100,5.295791,0.8724558,,,,,,,,,,,,,,
223200,5.2390695,0.98032534,,,,,,,,,,,,,,
223300,5.258751,0.9197937,,,,,,,,,,,,,,
223400,5.413966,0.8461739,,,,,,,,,,,,,,
223500,5.1575365,0.8890392,,,,,,,,,,,,,,
223600,5.0507317,0.7874511,,,,,,,,,,,,,,
223700,5.3357506,0.9271593,,,,,,,,,,,,,,
223800,5.2322583,0.8846102,,,,,,,,,,,,,,
223900,4.881684,0.8007798,,,,,,,,,,,,,,
224000,5.07036,0.9312651,,,,,,,,,,,,,,
224100,5.3233924,0.90660787,,,,,,,,,,,,,,
224200,5.2659435,0.8690326,,,,,,,,,,,,,,
224300,4.8875666,0.874951,,,,,,,,,,,,,,
224400,5.4927917,0.95420754,,,,,,,,,,,,,,
224500,5.074966,0.9694768,,,,,,,,,,,,,,
224600,5.061837,0.8681415,,,,,,,,,,,,,,
224700,4.8266916,0.9221982,,,,,,,,,,,,,,
224800,5.0937104,0.8912603,,,,,,,,,,,,,,
224900,5.3226247,0.9293591,,,,,,,,,,,,,,
225000,5.0970793,0.91157293,,,,,,,,,,,,,,
225100,5.352235,0.87344575,,,,,,,,,,,,,,
225200,5.176937,0.9769225,,,,,,,,,,,,,,
225300,5.121141,0.8887336,,,,,,,,,,,,,,
225400,5.0264564,0.83654314,,,,,,,,,,,,,,
225500,5.1422844,0.8570677,,,,,,,,,,,,,,
225600,4.682515,0.8323725,,,,,,,,,,,,,,
225700,5.272064,0.9946851,,,,,,,,,,,,,,
225800,5.2402496,0.95334065,,,,,,,,,,,,,,
225900,4.85673,0.8267614,,,,,,,,,,,,,,
226000,5.1493626,0.848969,,,,,,,,,,,,,,
226100,5.2821727,0.89263916,,,,,,,,,,,,,,
226200,4.9914985,0.92471546,,,,,,,,,,,,,,
226300,4.9621434,0.87933826,,,,,,,,,,,,,,
226400,5.3296995,0.9033814,,,,,,,,,,,,,,
226500,4.7214913,0.82227784,,,,,,,,,,,,,,
226600,5.4829183,0.9126917,,,,,,,,,,,,,,
226700,5.2204704,0.92302835,,,,,,,,,,,,,,
226800,5.1331015,0.8413694,,,,,,,,,,,,,,
226900,5.2668324,0.9465717,,,,,,,,,,,,,,
227000,5.1211357,0.90181327,,,,,,,,,,,,,,
227100,4.928009,0.80934536,,,,,,,,,,,,,,
227200,5.2099333,0.9842455,,,,,,,,,,,,,,
227300,5.702542,0.96097934,,,,,,,,,,,,,,
227400,5.278942,0.8967426,,,,,,,,,,,,,,
227500,5.137077,0.8735411,,,,,,,,,,,,,,
227600,5.0428905,0.9307991,,,,,,,,,,,,,,
227700,4.9755206,0.8814067,,,,,,,,,,,,,,
227800,5.2408104,0.92633194,,,,,,,,,,,,,,
227900,4.9232216,0.85464,,,,,,,,,,,,,,
228000,5.2129774,0.9212754,,,,,,,,,,,,,,
228100,4.9102592,0.8728088,,,,,,,,,,,,,,
228137,,,0.9572704,0.15046822,0.75606,1.0797607,50000.0,0.62750006,1.8712056,10000.0,73900.43143868446,74975.94643807411,73900.43143868446,1062.7228429317474,8.600809574127197,0.0
228200,5.1091957,0.8472911,,,,,,,,,,,,,,
228300,5.1608415,0.8259518,,,,,,,,,,,,,,
228400,5.53806,0.88425875,,,,,,,,,,,,,,
228500,5.0425005,0.8998209,,,,,,,,,,,,,,
228600,5.172793,0.8756397,,,,,,,,,,,,,,
228700,5.0258646,0.92053074,,,,,,,,,,,,,,
228800,5.226393,0.89777696,,,,,,,,,,,,,,
228900,5.2634997,0.92194855,,,,,,,,,,,,,,
229000,5.470121,1.0005717,,,,,,,,,,,,,,
229100,5.2195783,0.9156084,,,,,,,,,,,,,,
229200,5.2831693,0.8812978,,,,,,,,,,,,,,
229300,5.058711,0.88246477,,,,,,,,,,,,,,
229400,5.296087,0.94772744,,,,,,,,,,,,,,
229500,4.9236646,0.8533449,,,,,,,,,,,,,,
229600,5.516074,0.92220116,,,,,,,,,,,,,,
229700,5.2705626,0.9427632,,,,,,,,,,,,,,
229800,5.4425116,0.88754857,,,,,,,,,,,,,,
229900,5.295756,0.92271644,,,,,,,,,,,,,,
230000,5.1278286,0.8649423,,,,,,,,,,,,,,
230100,5.3026915,0.8674869,,,,,,,,,,,,,,
230200,5.287762,0.9079925,,,,,,,,,,,,,,
230300,5.022534,0.88804805,,,,,,,,,,,,,,
230400,5.0455403,0.8570906,,,,,,,,,,,,,,
230500,5.3729205,0.91844285,,,,,,,,,,,,,,
230600,5.5879207,0.9265112,,,,,,,,,,,,,,
230700,5.2360554,1.0084689,,,,,,,,,,,,,,
230800,5.7318,0.9543077,,,,,,,,,,,,,,
230900,4.967644,0.8564641,,,,,,,,,,,,,,
231000,5.014541,0.8100097,,,,,,,,,,,,,,
231100,5.3106923,0.9450332,,,,,,,,,,,,,,
231200,4.8723235,0.8590765,,,,,,,,,,,,,,
231300,4.9945297,0.8368402,,,,,,,,,,,,,,
231400,5.3622727,0.91525435,,,,,,,,,,,,,,
231500,5.3965096,0.93379396,,,,,,,,,,,,,,
231600,5.255953,0.899748,,,,,,,,,,,,,,
231700,4.880582,0.86575806,,,,,,,,,,,,,,
231800,5.106797,0.8131549,,,,,,,,,,,,,,
231900,5.183786,0.88945377,,,,,,,,,,,,,,
232000,5.1100135,0.88869536,,,,,,,,,,,,,,
232100,5.211853,1.00143,,,,,,,,,,,,,,
232200,5.416667,0.92512167,,,,,,,,,,,,,,
232300,5.3013425,0.84346706,,,,,,,,,,,,,,
232400,5.119885,0.87672114,,,,,,,,,,,,,,
232500,5.257817,0.8869935,,,,,,,,,,,,,,
232600,5.246023,0.95179915,,,,,,,,,,,,,,
232700,5.0456595,0.89704335,,,,,,,,,,,,,,
232800,5.2052245,0.9111097,,,,,,,,,,,,,,
232900,5.3666906,0.8691924,,,,,,,,,,,,,,
233000,5.299233,0.87305593,,,,,,,,,,,,,,
233100,5.417654,0.9946203,,,,,,,,,,,,,,
233200,5.1496534,0.9320715,,,,,,,,,,,,,,
233300,5.062997,0.8981925,,,,,,,,,,,,,,
233400,5.3445034,0.94381523,,,,,,,,,,,,,,
233500,5.3762116,0.952442,,,,,,,,,,,,,,
233600,5.2252254,0.8655857,,,,,,,,,,,,,,
233700,5.041961,0.9015316,,,,,,,,,,,,,,
233800,5.2122483,0.8341057,,,,,,,,,,,,,,
233900,5.126074,0.8901229,,,,,,,,,,,,,,
234000,5.7034073,1.0235174,,,,,,,,,,,,,,
234100,4.9448104,0.8790635,,,,,,,,,,,,,,
234169,,,,,,,,,,,75895.78674530983,,,,,0.0
