torchrun --redirects 1:0,2:0,3:0 --standalone --nnodes=1 --nproc_per_node=4 submission_runner.py --framework=pytorch --workload=imagenet_resnet --submission_path=submissions_algorithms/submissions/self_tuning/ademamix_golden/submission.py --data_dir=/data/imagenet/pytorch --experiment_dir=/experiment_runs --experiment_name=submissions_a100/ademamix_golden/study_0 --overwrite=True --save_checkpoints=False --rng_seed=-1820589156 --imagenet_v2_data_dir=/data/imagenet/pytorch --torch_compile=true --tuning_ruleset=self 2>&1 | tee -a /logs/imagenet_resnet_pytorch_09-12-2026-02-32-07.log
W0912 02:32:09.324000 9 site-packages/torch/distributed/run.py:803] 
W0912 02:32:09.324000 9 site-packages/torch/distributed/run.py:803] *****************************************
W0912 02:32:09.324000 9 site-packages/torch/distributed/run.py:803] Setting OMP_NUM_THREADS environment variable for each process to be 1 in default, to avoid your system being overloaded, please further tune the variable for optimal performance in your application as needed. 
W0912 02:32:09.324000 9 site-packages/torch/distributed/run.py:803] *****************************************
2026-09-12 02:32:10.931606: E external/local_xla/xla/stream_executor/cuda/cuda_fft.cc:467] Unable to register cuFFT factory: Attempting to register factory for plugin cuFFT when one has already been registered
2026-09-12 02:32:10.931605: E external/local_xla/xla/stream_executor/cuda/cuda_fft.cc:467] Unable to register cuFFT factory: Attempting to register factory for plugin cuFFT when one has already been registered
2026-09-12 02:32:10.931608: E external/local_xla/xla/stream_executor/cuda/cuda_fft.cc:467] Unable to register cuFFT factory: Attempting to register factory for plugin cuFFT when one has already been registered
2026-09-12 02:32:10.931631: E external/local_xla/xla/stream_executor/cuda/cuda_fft.cc:467] Unable to register cuFFT factory: Attempting to register factory for plugin cuFFT when one has already been registered
WARNING: All log messages before absl::InitializeLog() is called are written to STDERR
WARNING: All log messages before absl::InitializeLog() is called are written to STDERR
WARNING: All log messages before absl::InitializeLog() is called are written to STDERR
E0000 00:00:1789180330.952607      39 cuda_dnn.cc:8579] Unable to register cuDNN factory: Attempting to register factory for plugin cuDNN when one has already been registered
E0000 00:00:1789180330.952610      40 cuda_dnn.cc:8579] Unable to register cuDNN factory: Attempting to register factory for plugin cuDNN when one has already been registered
E0000 00:00:1789180330.952607      41 cuda_dnn.cc:8579] Unable to register cuDNN factory: Attempting to register factory for plugin cuDNN when one has already been registered
WARNING: All log messages before absl::InitializeLog() is called are written to STDERR
E0000 00:00:1789180330.952978      38 cuda_dnn.cc:8579] Unable to register cuDNN factory: Attempting to register factory for plugin cuDNN when one has already been registered
E0000 00:00:1789180330.959503      41 cuda_blas.cc:1407] Unable to register cuBLAS factory: Attempting to register factory for plugin cuBLAS when one has already been registered
E0000 00:00:1789180330.959503      40 cuda_blas.cc:1407] Unable to register cuBLAS factory: Attempting to register factory for plugin cuBLAS when one has already been registered
E0000 00:00:1789180330.959531      39 cuda_blas.cc:1407] Unable to register cuBLAS factory: Attempting to register factory for plugin cuBLAS when one has already been registered
E0000 00:00:1789180330.960099      38 cuda_blas.cc:1407] Unable to register cuBLAS factory: Attempting to register factory for plugin cuBLAS when one has already been registered
W0000 00:00:1789180330.976578      41 computation_placer.cc:177] computation placer already registered. Please check linkage and avoid linking the same target more than once.
W0000 00:00:1789180330.976581      40 computation_placer.cc:177] computation placer already registered. Please check linkage and avoid linking the same target more than once.
W0000 00:00:1789180330.976604      40 computation_placer.cc:177] computation placer already registered. Please check linkage and avoid linking the same target more than once.
W0000 00:00:1789180330.976606      40 computation_placer.cc:177] computation placer already registered. Please check linkage and avoid linking the same target more than once.
W0000 00:00:1789180330.976606      41 computation_placer.cc:177] computation placer already registered. Please check linkage and avoid linking the same target more than once.
W0000 00:00:1789180330.976608      40 computation_placer.cc:177] computation placer already registered. Please check linkage and avoid linking the same target more than once.
W0000 00:00:1789180330.976592      39 computation_placer.cc:177] computation placer already registered. Please check linkage and avoid linking the same target more than once.
W0000 00:00:1789180330.976608      41 computation_placer.cc:177] computation placer already registered. Please check linkage and avoid linking the same target more than once.
W0000 00:00:1789180330.976611      41 computation_placer.cc:177] computation placer already registered. Please check linkage and avoid linking the same target more than once.
W0000 00:00:1789180330.976612      39 computation_placer.cc:177] computation placer already registered. Please check linkage and avoid linking the same target more than once.
W0000 00:00:1789180330.976614      39 computation_placer.cc:177] computation placer already registered. Please check linkage and avoid linking the same target more than once.
W0000 00:00:1789180330.976616      39 computation_placer.cc:177] computation placer already registered. Please check linkage and avoid linking the same target more than once.
W0000 00:00:1789180330.976962      38 computation_placer.cc:177] computation placer already registered. Please check linkage and avoid linking the same target more than once.
W0000 00:00:1789180330.976989      38 computation_placer.cc:177] computation placer already registered. Please check linkage and avoid linking the same target more than once.
W0000 00:00:1789180330.976991      38 computation_placer.cc:177] computation placer already registered. Please check linkage and avoid linking the same target more than once.
W0000 00:00:1789180330.976993      38 computation_placer.cc:177] computation placer already registered. Please check linkage and avoid linking the same target more than once.
W0000 00:00:1789180336.533657      39 gpu_device.cc:2341] Cannot dlopen some GPU libraries. Please make sure the missing libraries mentioned above are installed properly if you would like to use GPU. Follow the guide at https://www.tensorflow.org/install/gpu for how to download and setup the required libraries for your platform.
Skipping registering GPU devices...
W0000 00:00:1789180336.628509      41 gpu_device.cc:2341] Cannot dlopen some GPU libraries. Please make sure the missing libraries mentioned above are installed properly if you would like to use GPU. Follow the guide at https://www.tensorflow.org/install/gpu for how to download and setup the required libraries for your platform.
Skipping registering GPU devices...
W0000 00:00:1789180336.720993      40 gpu_device.cc:2341] Cannot dlopen some GPU libraries. Please make sure the missing libraries mentioned above are installed properly if you would like to use GPU. Follow the guide at https://www.tensorflow.org/install/gpu for how to download and setup the required libraries for your platform.
Skipping registering GPU devices...
W0000 00:00:1789180336.823714      38 gpu_device.cc:2341] Cannot dlopen some GPU libraries. Please make sure the missing libraries mentioned above are installed properly if you would like to use GPU. Follow the guide at https://www.tensorflow.org/install/gpu for how to download and setup the required libraries for your platform.
Skipping registering GPU devices...
/usr/local/lib/python3.11/site-packages/torch/__init__.py:1617: UserWarning: Please use the new API settings to control TF32 behavior, such as torch.backends.cudnn.conv.fp32_precision = 'tf32' or torch.backends.cuda.matmul.fp32_precision = 'ieee'. Old settings, e.g, torch.backends.cuda.matmul.allow_tf32 = True, torch.backends.cudnn.allow_tf32 = True, allowTF32CuDNN() and allowTF32CuBLAS() will be deprecated after Pytorch 2.9. Please see https://pytorch.org/docs/main/notes/cuda.html#tensorfloat-32-tf32-on-ampere-and-later-devices (Triggered internally at /pytorch/aten/src/ATen/Context.cpp:80.)
  _C._set_float32_matmul_precision(precision)
/usr/local/lib/python3.11/site-packages/torch/__init__.py:1617: UserWarning: Please use the new API settings to control TF32 behavior, such as torch.backends.cudnn.conv.fp32_precision = 'tf32' or torch.backends.cuda.matmul.fp32_precision = 'ieee'. Old settings, e.g, torch.backends.cuda.matmul.allow_tf32 = True, torch.backends.cudnn.allow_tf32 = True, allowTF32CuDNN() and allowTF32CuBLAS() will be deprecated after Pytorch 2.9. Please see https://pytorch.org/docs/main/notes/cuda.html#tensorfloat-32-tf32-on-ampere-and-later-devices (Triggered internally at /pytorch/aten/src/ATen/Context.cpp:80.)
  _C._set_float32_matmul_precision(precision)
/usr/local/lib/python3.11/site-packages/torch/__init__.py:1617: UserWarning: Please use the new API settings to control TF32 behavior, such as torch.backends.cudnn.conv.fp32_precision = 'tf32' or torch.backends.cuda.matmul.fp32_precision = 'ieee'. Old settings, e.g, torch.backends.cuda.matmul.allow_tf32 = True, torch.backends.cudnn.allow_tf32 = True, allowTF32CuDNN() and allowTF32CuBLAS() will be deprecated after Pytorch 2.9. Please see https://pytorch.org/docs/main/notes/cuda.html#tensorfloat-32-tf32-on-ampere-and-later-devices (Triggered internally at /pytorch/aten/src/ATen/Context.cpp:80.)
  _C._set_float32_matmul_precision(precision)
/usr/local/lib/python3.11/site-packages/torch/__init__.py:1617: UserWarning: Please use the new API settings to control TF32 behavior, such as torch.backends.cudnn.conv.fp32_precision = 'tf32' or torch.backends.cuda.matmul.fp32_precision = 'ieee'. Old settings, e.g, torch.backends.cuda.matmul.allow_tf32 = True, torch.backends.cudnn.allow_tf32 = True, allowTF32CuDNN() and allowTF32CuBLAS() will be deprecated after Pytorch 2.9. Please see https://pytorch.org/docs/main/notes/cuda.html#tensorfloat-32-tf32-on-ampere-and-later-devices (Triggered internally at /pytorch/aten/src/ATen/Context.cpp:80.)
  _C._set_float32_matmul_precision(precision)
/usr/local/lib/python3.11/site-packages/pydantic/_internal/_generate_schema.py:2249: UnsupportedFieldAttributeWarning: The 'repr' attribute with value False was provided to the `Field()` function, which has no effect in the context it was used. 'repr' is field-specific metadata, and can only be attached to a model field using `Annotated` metadata or by assignment. This may have happened because an `Annotated` type alias using the `type` statement was used, or if the `Field()` function was attached to a single member of a union type.
  warnings.warn(
/usr/local/lib/python3.11/site-packages/pydantic/_internal/_generate_schema.py:2249: UnsupportedFieldAttributeWarning: The 'frozen' attribute with value True was provided to the `Field()` function, which has no effect in the context it was used. 'frozen' is field-specific metadata, and can only be attached to a model field using `Annotated` metadata or by assignment. This may have happened because an `Annotated` type alias using the `type` statement was used, or if the `Field()` function was attached to a single member of a union type.
  warnings.warn(
/usr/local/lib/python3.11/site-packages/pydantic/_internal/_generate_schema.py:2249: UnsupportedFieldAttributeWarning: The 'repr' attribute with value False was provided to the `Field()` function, which has no effect in the context it was used. 'repr' is field-specific metadata, and can only be attached to a model field using `Annotated` metadata or by assignment. This may have happened because an `Annotated` type alias using the `type` statement was used, or if the `Field()` function was attached to a single member of a union type.
  warnings.warn(
/usr/local/lib/python3.11/site-packages/pydantic/_internal/_generate_schema.py:2249: UnsupportedFieldAttributeWarning: The 'frozen' attribute with value True was provided to the `Field()` function, which has no effect in the context it was used. 'frozen' is field-specific metadata, and can only be attached to a model field using `Annotated` metadata or by assignment. This may have happened because an `Annotated` type alias using the `type` statement was used, or if the `Field()` function was attached to a single member of a union type.
  warnings.warn(
/usr/local/lib/python3.11/site-packages/pydantic/_internal/_generate_schema.py:2249: UnsupportedFieldAttributeWarning: The 'repr' attribute with value False was provided to the `Field()` function, which has no effect in the context it was used. 'repr' is field-specific metadata, and can only be attached to a model field using `Annotated` metadata or by assignment. This may have happened because an `Annotated` type alias using the `type` statement was used, or if the `Field()` function was attached to a single member of a union type.
  warnings.warn(
/usr/local/lib/python3.11/site-packages/pydantic/_internal/_generate_schema.py:2249: UnsupportedFieldAttributeWarning: The 'frozen' attribute with value True was provided to the `Field()` function, which has no effect in the context it was used. 'frozen' is field-specific metadata, and can only be attached to a model field using `Annotated` metadata or by assignment. This may have happened because an `Annotated` type alias using the `type` statement was used, or if the `Field()` function was attached to a single member of a union type.
  warnings.warn(
/usr/local/lib/python3.11/site-packages/pydantic/_internal/_generate_schema.py:2249: UnsupportedFieldAttributeWarning: The 'repr' attribute with value False was provided to the `Field()` function, which has no effect in the context it was used. 'repr' is field-specific metadata, and can only be attached to a model field using `Annotated` metadata or by assignment. This may have happened because an `Annotated` type alias using the `type` statement was used, or if the `Field()` function was attached to a single member of a union type.
  warnings.warn(
/usr/local/lib/python3.11/site-packages/pydantic/_internal/_generate_schema.py:2249: UnsupportedFieldAttributeWarning: The 'frozen' attribute with value True was provided to the `Field()` function, which has no effect in the context it was used. 'frozen' is field-specific metadata, and can only be attached to a model field using `Annotated` metadata or by assignment. This may have happened because an `Annotated` type alias using the `type` statement was used, or if the `Field()` function was attached to a single member of a union type.
  warnings.warn(
/usr/local/lib/python3.11/site-packages/torch/distributed/distributed_c10d.py:4876: UserWarning: barrier(): using the device under current context. You can specify `device_id` in `init_process_group` to mute this warning.
  warnings.warn(  # warn only once
[rank0]:[W912 02:32:20.667773719 ProcessGroupNCCL.cpp:5068] Guessing device ID based on global rank. This can cause a hang if rank to GPU mapping is heterogeneous. You can specify device_id in init_process_group()
I0912 02:32:21.088945 140668420674752 logger_utils.py:84] Creating experiment directory at /experiment_runs/submissions_a100/ademamix_golden/study_0/imagenet_resnet_pytorch.
I0912 02:32:21.088946 140529412666560 logger_utils.py:84] Creating experiment directory at /experiment_runs/submissions_a100/ademamix_golden/study_0/imagenet_resnet_pytorch.
I0912 02:32:21.088951 140411597268160 logger_utils.py:84] Creating experiment directory at /experiment_runs/submissions_a100/ademamix_golden/study_0/imagenet_resnet_pytorch.
I0912 02:32:21.088978 139848747422912 logger_utils.py:84] Creating experiment directory at /experiment_runs/submissions_a100/ademamix_golden/study_0/imagenet_resnet_pytorch.
I0912 02:32:21.112514 140411597268160 submission_runner.py:741] Creating directory at /experiment_runs/submissions_a100/ademamix_golden/study_0/imagenet_resnet_pytorch/trial_1.
I0912 02:32:21.417241 140411597268160 submission_runner.py:242] Initializing dataset.
I0912 02:32:54.753580 140411597268160 submission_runner.py:251] Initializing model.
I0912 02:32:55.209222 140411597268160 submission_runner.py:290] Performing `torch.compile`.
I0912 02:32:56.262224 140411597268160 submission_runner.py:294] Initializing optimizer.
I0912 02:32:56.263072 140411597268160 submission_runner.py:299] Initializing metrics bundle.
I0912 02:32:56.263222 140411597268160 submission_runner.py:321] Initializing checkpoint and logger.
I0912 02:32:56.263715 140411597268160 submission_runner.py:344] Saving meta data to /experiment_runs/submissions_a100/ademamix_golden/study_0/imagenet_resnet_pytorch/trial_1/meta_data_0.json.
I0912 02:32:56.491293 140411597268160 submission_runner.py:348] Saving flags to /experiment_runs/submissions_a100/ademamix_golden/study_0/imagenet_resnet_pytorch/trial_1/flags_0.json.
I0912 02:32:56.526838 140411597268160 submission_runner.py:359] Starting training loop.
/usr/local/lib/python3.11/multiprocessing/popen_fork.py:66: RuntimeWarning: os.fork() was called. os.fork() is incompatible with multithreaded code, and JAX is multithreaded, so this will likely lead to a deadlock.
  self.pid = os.fork()
/usr/local/lib/python3.11/multiprocessing/popen_fork.py:66: RuntimeWarning: os.fork() was called. os.fork() is incompatible with multithreaded code, and JAX is multithreaded, so this will likely lead to a deadlock.
  self.pid = os.fork()
/usr/local/lib/python3.11/multiprocessing/popen_fork.py:66: RuntimeWarning: os.fork() was called. os.fork() is incompatible with multithreaded code, and JAX is multithreaded, so this will likely lead to a deadlock.
  self.pid = os.fork()
/usr/local/lib/python3.11/multiprocessing/popen_fork.py:66: RuntimeWarning: os.fork() was called. os.fork() is incompatible with multithreaded code, and JAX is multithreaded, so this will likely lead to a deadlock.
  self.pid = os.fork()
[rank0]:W0912 02:33:25.222000 38 site-packages/torch/_logging/_internal.py:1199] [0/0] Profiler function <class 'torch.autograd.profiler.record_function'> will be ignored
[rank3]:W0912 02:33:25.643000 41 site-packages/torch/_logging/_internal.py:1199] [0/0] Profiler function <class 'torch.autograd.profiler.record_function'> will be ignored
[rank2]:W0912 02:33:26.682000 40 site-packages/torch/_logging/_internal.py:1199] [0/0] Profiler function <class 'torch.autograd.profiler.record_function'> will be ignored
[rank1]:W0912 02:33:27.171000 39 site-packages/torch/_logging/_internal.py:1199] [0/0] Profiler function <class 'torch.autograd.profiler.record_function'> will be ignored
/usr/local/lib/python3.11/site-packages/torch/autograd/graph.py:841: UserWarning: Grad strides do not match bucket view strides. This may indicate grad was not created according to the gradient layout contract, or that the param's strides changed since DDP was constructed.  This is not an error, but may impair performance.
grad.sizes() = [2048, 512, 1, 1], strides() = [512, 1, 512, 512]
bucket_view.sizes() = [2048, 512, 1, 1], strides() = [512, 1, 1, 1] (Triggered internally at /pytorch/torch/csrc/distributed/c10d/reducer.cpp:334.)
  return Variable._execution_engine.run_backward(  # Calls into the C++ engine to run the backward pass
/usr/local/lib/python3.11/site-packages/torch/autograd/graph.py:841: UserWarning: Grad strides do not match bucket view strides. This may indicate grad was not created according to the gradient layout contract, or that the param's strides changed since DDP was constructed.  This is not an error, but may impair performance.
grad.sizes() = [2048, 512, 1, 1], strides() = [512, 1, 512, 512]
bucket_view.sizes() = [2048, 512, 1, 1], strides() = [512, 1, 1, 1] (Triggered internally at /pytorch/torch/csrc/distributed/c10d/reducer.cpp:334.)
  return Variable._execution_engine.run_backward(  # Calls into the C++ engine to run the backward pass
/usr/local/lib/python3.11/site-packages/torch/autograd/graph.py:841: UserWarning: Grad strides do not match bucket view strides. This may indicate grad was not created according to the gradient layout contract, or that the param's strides changed since DDP was constructed.  This is not an error, but may impair performance.
grad.sizes() = [2048, 512, 1, 1], strides() = [512, 1, 512, 512]
bucket_view.sizes() = [2048, 512, 1, 1], strides() = [512, 1, 1, 1] (Triggered internally at /pytorch/torch/csrc/distributed/c10d/reducer.cpp:334.)
  return Variable._execution_engine.run_backward(  # Calls into the C++ engine to run the backward pass
/usr/local/lib/python3.11/site-packages/torch/autograd/graph.py:841: UserWarning: Grad strides do not match bucket view strides. This may indicate grad was not created according to the gradient layout contract, or that the param's strides changed since DDP was constructed.  This is not an error, but may impair performance.
grad.sizes() = [2048, 512, 1, 1], strides() = [512, 1, 512, 512]
bucket_view.sizes() = [2048, 512, 1, 1], strides() = [512, 1, 1, 1] (Triggered internally at /pytorch/torch/csrc/distributed/c10d/reducer.cpp:334.)
  return Variable._execution_engine.run_backward(  # Calls into the C++ engine to run the backward pass
I0912 02:34:58.034810 140387592111872 logging_writer.py:48] [0] global_step=0, grad_norm=0.499999, loss=6.92814
I0912 02:34:58.071020 140411597268160 submission.py:307] 0) loss = 6.928, grad_norm = 0.500
I0912 02:34:58.724097 140411597268160 spec.py:333] Evaluating on the training split.
/usr/local/lib/python3.11/site-packages/torch/distributed/distributed_c10d.py:4876: UserWarning: barrier(): using the device under current context. You can specify `device_id` in `init_process_group` to mute this warning.
  warnings.warn(  # warn only once
/usr/local/lib/python3.11/multiprocessing/popen_fork.py:66: RuntimeWarning: os.fork() was called. os.fork() is incompatible with multithreaded code, and JAX is multithreaded, so this will likely lead to a deadlock.
  self.pid = os.fork()
/usr/local/lib/python3.11/multiprocessing/popen_fork.py:66: RuntimeWarning: os.fork() was called. os.fork() is incompatible with multithreaded code, and JAX is multithreaded, so this will likely lead to a deadlock.
  self.pid = os.fork()
/usr/local/lib/python3.11/multiprocessing/popen_fork.py:66: RuntimeWarning: os.fork() was called. os.fork() is incompatible with multithreaded code, and JAX is multithreaded, so this will likely lead to a deadlock.
  self.pid = os.fork()
/usr/local/lib/python3.11/multiprocessing/popen_fork.py:66: RuntimeWarning: os.fork() was called. os.fork() is incompatible with multithreaded code, and JAX is multithreaded, so this will likely lead to a deadlock.
  self.pid = os.fork()
/usr/local/lib/python3.11/site-packages/torch/_dynamo/variables/functions.py:1598: UserWarning: Dynamo does not know how to trace the builtin `torch._C._distributed_c10d.pybind11_detail_function_record_v1_system_libstdcpp_gxx_abi_1xxx_use_cxx11_abi_1._broadcast_coalesced.` This function is either a Python builtin (e.g. _warnings.warn) or a third-party C/C++ Python extension (perhaps created with pybind).
If it is a Python builtin, please file an issue on GitHub so the PyTorch team can add support for it and see the next case for a workaround.
If it is a third-party C/C++ Python extension, please either wrap it into a PyTorch-understood custom operator (see https://pytorch.org/tutorials/advanced/custom_ops_landing_page.html for more details) or, if it is traceable, use `torch.compiler.allow_in_graph`.
  torch._dynamo.utils.warn_once(explanation + "\n" + "\n".join(hints))
/usr/local/lib/python3.11/site-packages/torch/_dynamo/variables/functions.py:1598: UserWarning: Dynamo does not know how to trace the builtin `torch._C._distributed_c10d.pybind11_detail_function_record_v1_system_libstdcpp_gxx_abi_1xxx_use_cxx11_abi_1._broadcast_coalesced.` This function is either a Python builtin (e.g. _warnings.warn) or a third-party C/C++ Python extension (perhaps created with pybind).
If it is a Python builtin, please file an issue on GitHub so the PyTorch team can add support for it and see the next case for a workaround.
If it is a third-party C/C++ Python extension, please either wrap it into a PyTorch-understood custom operator (see https://pytorch.org/tutorials/advanced/custom_ops_landing_page.html for more details) or, if it is traceable, use `torch.compiler.allow_in_graph`.
  torch._dynamo.utils.warn_once(explanation + "\n" + "\n".join(hints))
/usr/local/lib/python3.11/site-packages/torch/_dynamo/variables/functions.py:1598: UserWarning: Dynamo does not know how to trace the builtin `torch._C._distributed_c10d.pybind11_detail_function_record_v1_system_libstdcpp_gxx_abi_1xxx_use_cxx11_abi_1._broadcast_coalesced.` This function is either a Python builtin (e.g. _warnings.warn) or a third-party C/C++ Python extension (perhaps created with pybind).
If it is a Python builtin, please file an issue on GitHub so the PyTorch team can add support for it and see the next case for a workaround.
If it is a third-party C/C++ Python extension, please either wrap it into a PyTorch-understood custom operator (see https://pytorch.org/tutorials/advanced/custom_ops_landing_page.html for more details) or, if it is traceable, use `torch.compiler.allow_in_graph`.
  torch._dynamo.utils.warn_once(explanation + "\n" + "\n".join(hints))
/usr/local/lib/python3.11/site-packages/torch/_dynamo/variables/functions.py:1598: UserWarning: Dynamo does not know how to trace the builtin `torch._C._distributed_c10d.pybind11_detail_function_record_v1_system_libstdcpp_gxx_abi_1xxx_use_cxx11_abi_1._broadcast_coalesced.` This function is either a Python builtin (e.g. _warnings.warn) or a third-party C/C++ Python extension (perhaps created with pybind).
If it is a Python builtin, please file an issue on GitHub so the PyTorch team can add support for it and see the next case for a workaround.
If it is a third-party C/C++ Python extension, please either wrap it into a PyTorch-understood custom operator (see https://pytorch.org/tutorials/advanced/custom_ops_landing_page.html for more details) or, if it is traceable, use `torch.compiler.allow_in_graph`.
  torch._dynamo.utils.warn_once(explanation + "\n" + "\n".join(hints))
I0912 02:36:18.575976 140411597268160 spec.py:346] Evaluating on the validation split.
/usr/local/lib/python3.11/site-packages/torch/distributed/distributed_c10d.py:4876: UserWarning: barrier(): using the device under current context. You can specify `device_id` in `init_process_group` to mute this warning.
  warnings.warn(  # warn only once
/usr/local/lib/python3.11/multiprocessing/popen_fork.py:66: RuntimeWarning: os.fork() was called. os.fork() is incompatible with multithreaded code, and JAX is multithreaded, so this will likely lead to a deadlock.
  self.pid = os.fork()
/usr/local/lib/python3.11/multiprocessing/popen_fork.py:66: RuntimeWarning: os.fork() was called. os.fork() is incompatible with multithreaded code, and JAX is multithreaded, so this will likely lead to a deadlock.
  self.pid = os.fork()
/usr/local/lib/python3.11/multiprocessing/popen_fork.py:66: RuntimeWarning: os.fork() was called. os.fork() is incompatible with multithreaded code, and JAX is multithreaded, so this will likely lead to a deadlock.
  self.pid = os.fork()
/usr/local/lib/python3.11/multiprocessing/popen_fork.py:66: RuntimeWarning: os.fork() was called. os.fork() is incompatible with multithreaded code, and JAX is multithreaded, so this will likely lead to a deadlock.
  self.pid = os.fork()
I0912 02:37:55.627950 140411597268160 spec.py:363] Evaluating on the test split.
I0912 02:37:56.073336 140411597268160 dataset_info.py:707] Load dataset info from /data/imagenet/pytorch/imagenet_v2/matched-frequency/3.0.0
I0912 02:37:56.116652 140411597268160 reader.py:262] Creating a tf.data.Dataset reading 16 files located in folders: /data/imagenet/pytorch/imagenet_v2/matched-frequency/3.0.0.
I0912 02:37:56.182181 140411597268160 logging_logger.py:49] Constructing tf.data.Dataset imagenet_v2 for split test, from /data/imagenet/pytorch/imagenet_v2/matched-frequency/3.0.0
I0912 02:38:21.345586 140411597268160 submission_runner.py:516] Time since start: 324.82s, 	Step: 1, 	{'train/accuracy': 0.0011957908163265306, 'train/loss': 6.911289137236926, 'validation/accuracy': 0.00114, 'validation/loss': 6.91032625, 'validation/num_examples': 50000, 'test/accuracy': 0.0016, 'test/loss': 6.91218828125, 'test/num_examples': 10000, 'score': 121.5451877117157, 'total_duration': 324.81873393058777, 'accumulated_submission_time': 121.5451877117157, 'accumulated_eval_time': 202.62144112586975, 'accumulated_logging_time': 0}
I0912 02:38:21.366865 140365747074816 logging_writer.py:48] [1] accumulated_eval_time=202.621, accumulated_logging_time=0, accumulated_submission_time=121.545, global_step=1, preemption_count=0, score=121.545, test/accuracy=0.0016, test/loss=6.91219, test/num_examples=10000, total_duration=324.819, train/accuracy=0.00119579, train/loss=6.91129, validation/accuracy=0.00114, validation/loss=6.91033, validation/num_examples=50000
I0912 02:38:22.555369 140365738682112 logging_writer.py:48] [1] global_step=1, grad_norm=0.499999, loss=6.93104
I0912 02:38:22.558347 140411597268160 submission.py:307] 1) loss = 6.931, grad_norm = 0.500
I0912 02:38:22.817467 140365747074816 logging_writer.py:48] [2] global_step=2, grad_norm=0.499999, loss=6.92149
I0912 02:38:22.820424 140411597268160 submission.py:307] 2) loss = 6.921, grad_norm = 0.500
I0912 02:38:23.079396 140365738682112 logging_writer.py:48] [3] global_step=3, grad_norm=0.499999, loss=6.93266
I0912 02:38:23.082298 140411597268160 submission.py:307] 3) loss = 6.933, grad_norm = 0.500
I0912 02:38:23.340991 140365747074816 logging_writer.py:48] [4] global_step=4, grad_norm=0.499999, loss=6.92965
I0912 02:38:23.344075 140411597268160 submission.py:307] 4) loss = 6.930, grad_norm = 0.500
I0912 02:38:23.604111 140365738682112 logging_writer.py:48] [5] global_step=5, grad_norm=0.499999, loss=6.92256
I0912 02:38:23.607084 140411597268160 submission.py:307] 5) loss = 6.923, grad_norm = 0.500
I0912 02:38:23.867379 140365747074816 logging_writer.py:48] [6] global_step=6, grad_norm=0.499999, loss=6.93221
I0912 02:38:23.870442 140411597268160 submission.py:307] 6) loss = 6.932, grad_norm = 0.500
I0912 02:38:24.131381 140365738682112 logging_writer.py:48] [7] global_step=7, grad_norm=0.499999, loss=6.9191
I0912 02:38:24.134384 140411597268160 submission.py:307] 7) loss = 6.919, grad_norm = 0.500
I0912 02:38:24.394356 140365747074816 logging_writer.py:48] [8] global_step=8, grad_norm=0.499999, loss=6.92509
I0912 02:38:24.397657 140411597268160 submission.py:307] 8) loss = 6.925, grad_norm = 0.500
I0912 02:38:24.656562 140365738682112 logging_writer.py:48] [9] global_step=9, grad_norm=0.499999, loss=6.91818
I0912 02:38:24.659570 140411597268160 submission.py:307] 9) loss = 6.918, grad_norm = 0.500
I0912 02:38:24.918540 140365747074816 logging_writer.py:48] [10] global_step=10, grad_norm=0.499999, loss=6.92987
I0912 02:38:24.921458 140411597268160 submission.py:307] 10) loss = 6.930, grad_norm = 0.500
I0912 02:38:25.180310 140365738682112 logging_writer.py:48] [11] global_step=11, grad_norm=0.499999, loss=6.92611
I0912 02:38:25.183328 140411597268160 submission.py:307] 11) loss = 6.926, grad_norm = 0.500
I0912 02:38:25.442640 140365747074816 logging_writer.py:48] [12] global_step=12, grad_norm=0.499999, loss=6.92024
I0912 02:38:25.445622 140411597268160 submission.py:307] 12) loss = 6.920, grad_norm = 0.500
I0912 02:38:25.704308 140365738682112 logging_writer.py:48] [13] global_step=13, grad_norm=0.499999, loss=6.92541
I0912 02:38:25.707240 140411597268160 submission.py:307] 13) loss = 6.925, grad_norm = 0.500
I0912 02:38:25.965911 140365747074816 logging_writer.py:48] [14] global_step=14, grad_norm=0.499999, loss=6.92676
I0912 02:38:25.968998 140411597268160 submission.py:307] 14) loss = 6.927, grad_norm = 0.500
I0912 02:38:26.227665 140365738682112 logging_writer.py:48] [15] global_step=15, grad_norm=0.499999, loss=6.92614
I0912 02:38:26.230667 140411597268160 submission.py:307] 15) loss = 6.926, grad_norm = 0.500
I0912 02:38:26.489265 140365747074816 logging_writer.py:48] [16] global_step=16, grad_norm=0.499999, loss=6.93205
I0912 02:38:26.492265 140411597268160 submission.py:307] 16) loss = 6.932, grad_norm = 0.500
I0912 02:38:26.751127 140365738682112 logging_writer.py:48] [17] global_step=17, grad_norm=0.499999, loss=6.93207
I0912 02:38:26.754011 140411597268160 submission.py:307] 17) loss = 6.932, grad_norm = 0.500
I0912 02:38:27.013071 140365747074816 logging_writer.py:48] [18] global_step=18, grad_norm=0.499999, loss=6.92948
I0912 02:38:27.016137 140411597268160 submission.py:307] 18) loss = 6.929, grad_norm = 0.500
I0912 02:38:27.275420 140365738682112 logging_writer.py:48] [19] global_step=19, grad_norm=0.499999, loss=6.92564
I0912 02:38:27.278362 140411597268160 submission.py:307] 19) loss = 6.926, grad_norm = 0.500
I0912 02:38:27.537663 140365747074816 logging_writer.py:48] [20] global_step=20, grad_norm=0.499999, loss=6.93512
I0912 02:38:27.540674 140411597268160 submission.py:307] 20) loss = 6.935, grad_norm = 0.500
I0912 02:38:27.799605 140365738682112 logging_writer.py:48] [21] global_step=21, grad_norm=0.499999, loss=6.91925
I0912 02:38:27.802658 140411597268160 submission.py:307] 21) loss = 6.919, grad_norm = 0.500
I0912 02:38:28.061448 140365747074816 logging_writer.py:48] [22] global_step=22, grad_norm=0.499999, loss=6.92099
I0912 02:38:28.064429 140411597268160 submission.py:307] 22) loss = 6.921, grad_norm = 0.500
I0912 02:38:28.323855 140365738682112 logging_writer.py:48] [23] global_step=23, grad_norm=0.499999, loss=6.91962
I0912 02:38:28.326852 140411597268160 submission.py:307] 23) loss = 6.920, grad_norm = 0.500
I0912 02:38:28.585771 140365747074816 logging_writer.py:48] [24] global_step=24, grad_norm=0.499999, loss=6.91426
I0912 02:38:28.588707 140411597268160 submission.py:307] 24) loss = 6.914, grad_norm = 0.500
I0912 02:38:28.847956 140365738682112 logging_writer.py:48] [25] global_step=25, grad_norm=0.499999, loss=6.93002
I0912 02:38:28.851093 140411597268160 submission.py:307] 25) loss = 6.930, grad_norm = 0.500
I0912 02:38:29.109904 140365747074816 logging_writer.py:48] [26] global_step=26, grad_norm=0.499999, loss=6.93594
I0912 02:38:29.113031 140411597268160 submission.py:307] 26) loss = 6.936, grad_norm = 0.500
I0912 02:38:29.371826 140365738682112 logging_writer.py:48] [27] global_step=27, grad_norm=0.499999, loss=6.93353
I0912 02:38:29.374820 140411597268160 submission.py:307] 27) loss = 6.934, grad_norm = 0.500
I0912 02:38:29.633743 140365747074816 logging_writer.py:48] [28] global_step=28, grad_norm=0.499999, loss=6.91684
I0912 02:38:29.636802 140411597268160 submission.py:307] 28) loss = 6.917, grad_norm = 0.500
I0912 02:38:29.896265 140365738682112 logging_writer.py:48] [29] global_step=29, grad_norm=0.499999, loss=6.92017
I0912 02:38:29.899287 140411597268160 submission.py:307] 29) loss = 6.920, grad_norm = 0.500
I0912 02:38:30.159683 140365747074816 logging_writer.py:48] [30] global_step=30, grad_norm=0.499999, loss=6.93183
I0912 02:38:30.162990 140411597268160 submission.py:307] 30) loss = 6.932, grad_norm = 0.500
I0912 02:38:30.422250 140365738682112 logging_writer.py:48] [31] global_step=31, grad_norm=0.499999, loss=6.9318
I0912 02:38:30.425200 140411597268160 submission.py:307] 31) loss = 6.932, grad_norm = 0.500
I0912 02:38:30.684316 140365747074816 logging_writer.py:48] [32] global_step=32, grad_norm=0.499999, loss=6.93248
I0912 02:38:30.687351 140411597268160 submission.py:307] 32) loss = 6.932, grad_norm = 0.500
I0912 02:38:30.946295 140365738682112 logging_writer.py:48] [33] global_step=33, grad_norm=0.499999, loss=6.92219
I0912 02:38:30.949324 140411597268160 submission.py:307] 33) loss = 6.922, grad_norm = 0.500
I0912 02:38:31.208665 140365747074816 logging_writer.py:48] [34] global_step=34, grad_norm=0.499999, loss=6.92312
I0912 02:38:31.211554 140411597268160 submission.py:307] 34) loss = 6.923, grad_norm = 0.500
I0912 02:38:31.470623 140365738682112 logging_writer.py:48] [35] global_step=35, grad_norm=0.499999, loss=6.92905
I0912 02:38:31.473595 140411597268160 submission.py:307] 35) loss = 6.929, grad_norm = 0.500
I0912 02:38:31.732302 140365747074816 logging_writer.py:48] [36] global_step=36, grad_norm=0.499999, loss=6.93064
I0912 02:38:31.735313 140411597268160 submission.py:307] 36) loss = 6.931, grad_norm = 0.500
I0912 02:38:31.993920 140365738682112 logging_writer.py:48] [37] global_step=37, grad_norm=0.499999, loss=6.90401
I0912 02:38:31.996848 140411597268160 submission.py:307] 37) loss = 6.904, grad_norm = 0.500
I0912 02:38:32.256559 140365747074816 logging_writer.py:48] [38] global_step=38, grad_norm=0.499999, loss=6.92166
I0912 02:38:32.259405 140411597268160 submission.py:307] 38) loss = 6.922, grad_norm = 0.500
I0912 02:38:32.518979 140365738682112 logging_writer.py:48] [39] global_step=39, grad_norm=0.499999, loss=6.92987
I0912 02:38:32.521927 140411597268160 submission.py:307] 39) loss = 6.930, grad_norm = 0.500
I0912 02:38:32.781454 140365747074816 logging_writer.py:48] [40] global_step=40, grad_norm=0.499999, loss=6.91581
I0912 02:38:32.784436 140411597268160 submission.py:307] 40) loss = 6.916, grad_norm = 0.500
I0912 02:38:33.043664 140365738682112 logging_writer.py:48] [41] global_step=41, grad_norm=0.499999, loss=6.91545
I0912 02:38:33.046778 140411597268160 submission.py:307] 41) loss = 6.915, grad_norm = 0.500
I0912 02:38:33.306539 140365747074816 logging_writer.py:48] [42] global_step=42, grad_norm=0.499999, loss=6.91909
I0912 02:38:33.309576 140411597268160 submission.py:307] 42) loss = 6.919, grad_norm = 0.500
I0912 02:38:33.568822 140365738682112 logging_writer.py:48] [43] global_step=43, grad_norm=0.499999, loss=6.92009
I0912 02:38:33.571876 140411597268160 submission.py:307] 43) loss = 6.920, grad_norm = 0.500
I0912 02:38:33.832051 140365747074816 logging_writer.py:48] [44] global_step=44, grad_norm=0.499999, loss=6.9202
I0912 02:38:33.835126 140411597268160 submission.py:307] 44) loss = 6.920, grad_norm = 0.500
I0912 02:38:34.094856 140365738682112 logging_writer.py:48] [45] global_step=45, grad_norm=0.499999, loss=6.91003
I0912 02:38:34.097841 140411597268160 submission.py:307] 45) loss = 6.910, grad_norm = 0.500
I0912 02:38:34.357120 140365747074816 logging_writer.py:48] [46] global_step=46, grad_norm=0.499999, loss=6.91529
I0912 02:38:34.360122 140411597268160 submission.py:307] 46) loss = 6.915, grad_norm = 0.500
I0912 02:38:34.619514 140365738682112 logging_writer.py:48] [47] global_step=47, grad_norm=0.499999, loss=6.91196
I0912 02:38:34.622498 140411597268160 submission.py:307] 47) loss = 6.912, grad_norm = 0.500
I0912 02:38:34.882484 140365747074816 logging_writer.py:48] [48] global_step=48, grad_norm=0.499999, loss=6.93097
I0912 02:38:34.885418 140411597268160 submission.py:307] 48) loss = 6.931, grad_norm = 0.500
I0912 02:38:35.145526 140365738682112 logging_writer.py:48] [49] global_step=49, grad_norm=0.499999, loss=6.91686
I0912 02:38:35.148556 140411597268160 submission.py:307] 49) loss = 6.917, grad_norm = 0.500
I0912 02:38:35.407958 140365747074816 logging_writer.py:48] [50] global_step=50, grad_norm=0.499999, loss=6.92076
I0912 02:38:35.410942 140411597268160 submission.py:307] 50) loss = 6.921, grad_norm = 0.500
I0912 02:38:35.670437 140365738682112 logging_writer.py:48] [51] global_step=51, grad_norm=0.499999, loss=6.92678
I0912 02:38:35.673431 140411597268160 submission.py:307] 51) loss = 6.927, grad_norm = 0.500
I0912 02:38:35.932661 140365747074816 logging_writer.py:48] [52] global_step=52, grad_norm=0.499999, loss=6.92405
I0912 02:38:35.935594 140411597268160 submission.py:307] 52) loss = 6.924, grad_norm = 0.500
I0912 02:38:36.195304 140365738682112 logging_writer.py:48] [53] global_step=53, grad_norm=0.499999, loss=6.91638
I0912 02:38:36.198312 140411597268160 submission.py:307] 53) loss = 6.916, grad_norm = 0.500
I0912 02:38:36.457595 140365747074816 logging_writer.py:48] [54] global_step=54, grad_norm=0.499999, loss=6.91635
I0912 02:38:36.460558 140411597268160 submission.py:307] 54) loss = 6.916, grad_norm = 0.500
I0912 02:38:36.720117 140365738682112 logging_writer.py:48] [55] global_step=55, grad_norm=0.499999, loss=6.91303
I0912 02:38:36.723048 140411597268160 submission.py:307] 55) loss = 6.913, grad_norm = 0.500
I0912 02:38:36.983814 140365747074816 logging_writer.py:48] [56] global_step=56, grad_norm=0.499999, loss=6.90619
I0912 02:38:36.986791 140411597268160 submission.py:307] 56) loss = 6.906, grad_norm = 0.500
I0912 02:38:37.246570 140365738682112 logging_writer.py:48] [57] global_step=57, grad_norm=0.499999, loss=6.92586
I0912 02:38:37.249859 140411597268160 submission.py:307] 57) loss = 6.926, grad_norm = 0.500
I0912 02:38:37.510348 140365747074816 logging_writer.py:48] [58] global_step=58, grad_norm=0.499999, loss=6.9206
I0912 02:38:37.513278 140411597268160 submission.py:307] 58) loss = 6.921, grad_norm = 0.500
I0912 02:38:37.773495 140365738682112 logging_writer.py:48] [59] global_step=59, grad_norm=0.499999, loss=6.91145
I0912 02:38:37.776460 140411597268160 submission.py:307] 59) loss = 6.911, grad_norm = 0.500
I0912 02:38:38.036027 140365747074816 logging_writer.py:48] [60] global_step=60, grad_norm=0.499999, loss=6.91159
I0912 02:38:38.039075 140411597268160 submission.py:307] 60) loss = 6.912, grad_norm = 0.500
I0912 02:38:38.298507 140365738682112 logging_writer.py:48] [61] global_step=61, grad_norm=0.499999, loss=6.92187
I0912 02:38:38.301882 140411597268160 submission.py:307] 61) loss = 6.922, grad_norm = 0.500
I0912 02:38:38.561384 140365747074816 logging_writer.py:48] [62] global_step=62, grad_norm=0.499999, loss=6.92803
I0912 02:38:38.564410 140411597268160 submission.py:307] 62) loss = 6.928, grad_norm = 0.500
I0912 02:38:38.824300 140365738682112 logging_writer.py:48] [63] global_step=63, grad_norm=0.499999, loss=6.91927
I0912 02:38:38.827292 140411597268160 submission.py:307] 63) loss = 6.919, grad_norm = 0.500
I0912 02:38:39.087221 140365747074816 logging_writer.py:48] [64] global_step=64, grad_norm=0.499999, loss=6.90711
I0912 02:38:39.090292 140411597268160 submission.py:307] 64) loss = 6.907, grad_norm = 0.500
I0912 02:38:39.350845 140365738682112 logging_writer.py:48] [65] global_step=65, grad_norm=0.499999, loss=6.92607
I0912 02:38:39.354483 140411597268160 submission.py:307] 65) loss = 6.926, grad_norm = 0.500
I0912 02:38:39.616002 140365747074816 logging_writer.py:48] [66] global_step=66, grad_norm=0.499999, loss=6.91703
I0912 02:38:39.619063 140411597268160 submission.py:307] 66) loss = 6.917, grad_norm = 0.500
I0912 02:38:39.887074 140365738682112 logging_writer.py:48] [67] global_step=67, grad_norm=0.499999, loss=6.92048
I0912 02:38:39.890105 140411597268160 submission.py:307] 67) loss = 6.920, grad_norm = 0.500
I0912 02:38:40.150065 140365747074816 logging_writer.py:48] [68] global_step=68, grad_norm=0.499999, loss=6.91559
I0912 02:38:40.153307 140411597268160 submission.py:307] 68) loss = 6.916, grad_norm = 0.500
I0912 02:38:40.413673 140365738682112 logging_writer.py:48] [69] global_step=69, grad_norm=0.499999, loss=6.90996
I0912 02:38:40.416627 140411597268160 submission.py:307] 69) loss = 6.910, grad_norm = 0.500
I0912 02:38:40.676397 140365747074816 logging_writer.py:48] [70] global_step=70, grad_norm=0.499999, loss=6.91126
I0912 02:38:40.679311 140411597268160 submission.py:307] 70) loss = 6.911, grad_norm = 0.500
I0912 02:38:40.938129 140365738682112 logging_writer.py:48] [71] global_step=71, grad_norm=0.499999, loss=6.91909
I0912 02:38:40.940920 140411597268160 submission.py:307] 71) loss = 6.919, grad_norm = 0.500
I0912 02:38:41.199319 140365747074816 logging_writer.py:48] [72] global_step=72, grad_norm=0.499999, loss=6.90152
I0912 02:38:41.202225 140411597268160 submission.py:307] 72) loss = 6.902, grad_norm = 0.500
I0912 02:38:41.461254 140365738682112 logging_writer.py:48] [73] global_step=73, grad_norm=0.499999, loss=6.91619
I0912 02:38:41.464277 140411597268160 submission.py:307] 73) loss = 6.916, grad_norm = 0.500
I0912 02:38:41.724230 140365747074816 logging_writer.py:48] [74] global_step=74, grad_norm=0.499999, loss=6.90636
I0912 02:38:41.727515 140411597268160 submission.py:307] 74) loss = 6.906, grad_norm = 0.500
I0912 02:38:41.987362 140365738682112 logging_writer.py:48] [75] global_step=75, grad_norm=0.499999, loss=6.91094
I0912 02:38:41.990484 140411597268160 submission.py:307] 75) loss = 6.911, grad_norm = 0.500
I0912 02:38:42.250418 140365747074816 logging_writer.py:48] [76] global_step=76, grad_norm=0.499999, loss=6.90916
I0912 02:38:42.253541 140411597268160 submission.py:307] 76) loss = 6.909, grad_norm = 0.500
I0912 02:38:42.513445 140365738682112 logging_writer.py:48] [77] global_step=77, grad_norm=0.499999, loss=6.91733
I0912 02:38:42.516496 140411597268160 submission.py:307] 77) loss = 6.917, grad_norm = 0.500
I0912 02:38:42.776799 140365747074816 logging_writer.py:48] [78] global_step=78, grad_norm=0.499999, loss=6.90287
I0912 02:38:42.779844 140411597268160 submission.py:307] 78) loss = 6.903, grad_norm = 0.500
I0912 02:38:43.040030 140365738682112 logging_writer.py:48] [79] global_step=79, grad_norm=0.499999, loss=6.9043
I0912 02:38:43.043076 140411597268160 submission.py:307] 79) loss = 6.904, grad_norm = 0.500
I0912 02:38:43.303137 140365747074816 logging_writer.py:48] [80] global_step=80, grad_norm=0.499999, loss=6.90734
I0912 02:38:43.306214 140411597268160 submission.py:307] 80) loss = 6.907, grad_norm = 0.500
I0912 02:38:43.566268 140365738682112 logging_writer.py:48] [81] global_step=81, grad_norm=0.499999, loss=6.91185
I0912 02:38:43.569247 140411597268160 submission.py:307] 81) loss = 6.912, grad_norm = 0.500
I0912 02:38:43.828976 140365747074816 logging_writer.py:48] [82] global_step=82, grad_norm=0.499999, loss=6.91119
I0912 02:38:43.831926 140411597268160 submission.py:307] 82) loss = 6.911, grad_norm = 0.500
I0912 02:38:44.092671 140365738682112 logging_writer.py:48] [83] global_step=83, grad_norm=0.499999, loss=6.90543
I0912 02:38:44.095762 140411597268160 submission.py:307] 83) loss = 6.905, grad_norm = 0.500
I0912 02:38:44.357494 140365747074816 logging_writer.py:48] [84] global_step=84, grad_norm=0.499999, loss=6.9087
I0912 02:38:44.360662 140411597268160 submission.py:307] 84) loss = 6.909, grad_norm = 0.500
I0912 02:38:44.912037 140365738682112 logging_writer.py:48] [85] global_step=85, grad_norm=0.499999, loss=6.91426
I0912 02:38:44.915230 140411597268160 submission.py:307] 85) loss = 6.914, grad_norm = 0.500
I0912 02:38:46.736515 140365747074816 logging_writer.py:48] [86] global_step=86, grad_norm=0.499999, loss=6.9002
I0912 02:38:46.739618 140411597268160 submission.py:307] 86) loss = 6.900, grad_norm = 0.500
I0912 02:38:47.160993 140365738682112 logging_writer.py:48] [87] global_step=87, grad_norm=0.499999, loss=6.90078
I0912 02:38:47.163943 140411597268160 submission.py:307] 87) loss = 6.901, grad_norm = 0.500
I0912 02:38:48.044039 140365747074816 logging_writer.py:48] [88] global_step=88, grad_norm=0.499999, loss=6.90052
I0912 02:38:48.047094 140411597268160 submission.py:307] 88) loss = 6.901, grad_norm = 0.500
I0912 02:38:49.323218 140365738682112 logging_writer.py:48] [89] global_step=89, grad_norm=0.499999, loss=6.89638
I0912 02:38:49.326290 140411597268160 submission.py:307] 89) loss = 6.896, grad_norm = 0.500
I0912 02:38:49.633637 140365747074816 logging_writer.py:48] [90] global_step=90, grad_norm=0.499999, loss=6.9082
I0912 02:38:49.636749 140411597268160 submission.py:307] 90) loss = 6.908, grad_norm = 0.500
I0912 02:38:49.944223 140365738682112 logging_writer.py:48] [91] global_step=91, grad_norm=0.499999, loss=6.89871
I0912 02:38:49.947265 140411597268160 submission.py:307] 91) loss = 6.899, grad_norm = 0.500
I0912 02:38:50.821380 140365747074816 logging_writer.py:48] [92] global_step=92, grad_norm=0.499999, loss=6.89956
I0912 02:38:50.824684 140411597268160 submission.py:307] 92) loss = 6.900, grad_norm = 0.500
I0912 02:38:51.781520 140365738682112 logging_writer.py:48] [93] global_step=93, grad_norm=0.499999, loss=6.90244
I0912 02:38:51.784580 140411597268160 submission.py:307] 93) loss = 6.902, grad_norm = 0.500
I0912 02:38:52.044495 140365747074816 logging_writer.py:48] [94] global_step=94, grad_norm=0.499999, loss=6.90585
I0912 02:38:52.047451 140411597268160 submission.py:307] 94) loss = 6.906, grad_norm = 0.500
I0912 02:38:52.308879 140365738682112 logging_writer.py:48] [95] global_step=95, grad_norm=0.499999, loss=6.89077
I0912 02:38:52.311914 140411597268160 submission.py:307] 95) loss = 6.891, grad_norm = 0.500
I0912 02:38:52.572834 140365747074816 logging_writer.py:48] [96] global_step=96, grad_norm=0.499999, loss=6.89881
I0912 02:38:52.575872 140411597268160 submission.py:307] 96) loss = 6.899, grad_norm = 0.500
I0912 02:38:53.556813 140365738682112 logging_writer.py:48] [97] global_step=97, grad_norm=0.499999, loss=6.89056
I0912 02:38:53.559810 140411597268160 submission.py:307] 97) loss = 6.891, grad_norm = 0.500
I0912 02:38:53.820208 140365747074816 logging_writer.py:48] [98] global_step=98, grad_norm=0.499999, loss=6.89676
I0912 02:38:53.823245 140411597268160 submission.py:307] 98) loss = 6.897, grad_norm = 0.500
I0912 02:38:54.083617 140365738682112 logging_writer.py:48] [99] global_step=99, grad_norm=0.499999, loss=6.88992
I0912 02:38:54.086741 140411597268160 submission.py:307] 99) loss = 6.890, grad_norm = 0.500
I0912 02:38:54.347286 140365747074816 logging_writer.py:48] [100] global_step=100, grad_norm=0.499999, loss=6.90119
I0912 02:38:54.350398 140411597268160 submission.py:307] 100) loss = 6.901, grad_norm = 0.500
I0912 02:47:46.123917 140365738682112 logging_writer.py:48] [500] global_step=500, grad_norm=0.499999, loss=6.43374
I0912 02:47:46.127413 140411597268160 submission.py:307] 500) loss = 6.434, grad_norm = 0.500
I0912 02:59:00.241076 140365747074816 logging_writer.py:48] [1000] global_step=1000, grad_norm=0.5, loss=5.89494
I0912 02:59:00.297229 140411597268160 submission.py:307] 1000) loss = 5.895, grad_norm = 0.500
I0912 03:06:42.219419 140365738682112 logging_writer.py:48] [1500] global_step=1500, grad_norm=0.5, loss=5.48464
I0912 03:06:42.223515 140411597268160 submission.py:307] 1500) loss = 5.485, grad_norm = 0.500
I0912 03:11:38.220852 140411597268160 spec.py:333] Evaluating on the training split.
/usr/local/lib/python3.11/multiprocessing/popen_fork.py:66: RuntimeWarning: os.fork() was called. os.fork() is incompatible with multithreaded code, and JAX is multithreaded, so this will likely lead to a deadlock.
  self.pid = os.fork()
/usr/local/lib/python3.11/multiprocessing/popen_fork.py:66: RuntimeWarning: os.fork() was called. os.fork() is incompatible with multithreaded code, and JAX is multithreaded, so this will likely lead to a deadlock.
  self.pid = os.fork()
/usr/local/lib/python3.11/multiprocessing/popen_fork.py:66: RuntimeWarning: os.fork() was called. os.fork() is incompatible with multithreaded code, and JAX is multithreaded, so this will likely lead to a deadlock.
  self.pid = os.fork()
/usr/local/lib/python3.11/multiprocessing/popen_fork.py:66: RuntimeWarning: os.fork() was called. os.fork() is incompatible with multithreaded code, and JAX is multithreaded, so this will likely lead to a deadlock.
  self.pid = os.fork()
I0912 03:12:16.007895 140411597268160 spec.py:346] Evaluating on the validation split.
I0912 03:13:44.075619 140411597268160 spec.py:363] Evaluating on the test split.
I0912 03:13:44.951102 140411597268160 submission_runner.py:516] Time since start: 2448.42s, 	Step: 1911, 	{'train/accuracy': 0.07583306760204081, 'train/loss': 5.683907645089286, 'validation/accuracy': 0.08448, 'validation/loss': 5.369495, 'validation/num_examples': 50000, 'test/accuracy': 0.0581, 'test/loss': 5.43460625, 'test/num_examples': 10000, 'score': 2115.945389509201, 'total_duration': 2448.4243199825287, 'accumulated_submission_time': 2115.945389509201, 'accumulated_eval_time': 329.35181760787964, 'accumulated_logging_time': 0.029718637466430664}
I0912 03:13:44.997947 140365839365888 logging_writer.py:48] [1911] accumulated_eval_time=329.352, accumulated_logging_time=0.0297186, accumulated_submission_time=2115.95, global_step=1911, preemption_count=0, score=2115.95, test/accuracy=0.0581, test/loss=5.43461, test/num_examples=10000, total_duration=2448.42, train/accuracy=0.0758331, train/loss=5.68391, validation/accuracy=0.08448, validation/loss=5.36949, validation/num_examples=50000
I0912 03:14:10.635920 140365847758592 logging_writer.py:48] [2000] global_step=2000, grad_norm=0.5, loss=5.12814
I0912 03:14:10.639244 140411597268160 submission.py:307] 2000) loss = 5.128, grad_norm = 0.500
I0912 03:23:48.854026 140365839365888 logging_writer.py:48] [2500] global_step=2500, grad_norm=0.5, loss=4.87233
I0912 03:23:48.857718 140411597268160 submission.py:307] 2500) loss = 4.872, grad_norm = 0.500
I0912 03:28:00.849395 140365847758592 logging_writer.py:48] [3000] global_step=3000, grad_norm=0.5, loss=4.49501
I0912 03:28:00.853180 140411597268160 submission.py:307] 3000) loss = 4.495, grad_norm = 0.500
I0912 03:34:31.384675 140365839365888 logging_writer.py:48] [3500] global_step=3500, grad_norm=0.5, loss=4.1441
I0912 03:34:31.388359 140411597268160 submission.py:307] 3500) loss = 4.144, grad_norm = 0.500
I0912 03:40:20.930792 140365847758592 logging_writer.py:48] [4000] global_step=4000, grad_norm=0.5, loss=4.10915
I0912 03:40:20.935146 140411597268160 submission.py:307] 4000) loss = 4.109, grad_norm = 0.500
I0912 03:44:43.052899 140365839365888 logging_writer.py:48] [4500] global_step=4500, grad_norm=0.5, loss=3.50798
I0912 03:44:43.056727 140411597268160 submission.py:307] 4500) loss = 3.508, grad_norm = 0.500
I0912 03:47:06.185666 140411597268160 spec.py:333] Evaluating on the training split.
/usr/local/lib/python3.11/multiprocessing/popen_fork.py:66: RuntimeWarning: os.fork() was called. os.fork() is incompatible with multithreaded code, and JAX is multithreaded, so this will likely lead to a deadlock.
  self.pid = os.fork()
I0912 03:47:44.843172 140411597268160 spec.py:346] Evaluating on the validation split.
I0912 03:49:02.638890 140411597268160 spec.py:363] Evaluating on the test split.
I0912 03:49:03.499738 140411597268160 submission_runner.py:516] Time since start: 4566.97s, 	Step: 4679, 	{'train/accuracy': 0.25296954719387754, 'train/loss': 4.5554351806640625, 'validation/accuracy': 0.2422, 'validation/loss': 4.4598834375, 'validation/num_examples': 50000, 'test/accuracy': 0.1978, 'test/loss': 4.166992578125, 'test/num_examples': 10000, 'score': 4113.932512521744, 'total_duration': 4566.972930669785, 'accumulated_submission_time': 4113.932512521744, 'accumulated_eval_time': 446.66592741012573, 'accumulated_logging_time': 0.08526349067687988}
I0912 03:49:03.527028 140390032176896 logging_writer.py:48] [4679] accumulated_eval_time=446.666, accumulated_logging_time=0.0852635, accumulated_submission_time=4113.93, global_step=4679, preemption_count=0, score=4113.93, test/accuracy=0.1978, test/loss=4.16699, test/num_examples=10000, total_duration=4566.97, train/accuracy=0.25297, train/loss=4.55544, validation/accuracy=0.2422, validation/loss=4.45988, validation/num_examples=50000
I0912 03:53:18.030342 140390057355008 logging_writer.py:48] [5000] global_step=5000, grad_norm=0.5, loss=3.5122
I0912 03:53:18.033706 140411597268160 submission.py:307] 5000) loss = 3.512, grad_norm = 0.500
I0912 03:57:03.876074 140390032176896 logging_writer.py:48] [5500] global_step=5500, grad_norm=0.5, loss=3.25643
I0912 03:57:03.879774 140411597268160 submission.py:307] 5500) loss = 3.256, grad_norm = 0.500
I0912 04:03:15.567810 140390057355008 logging_writer.py:48] [6000] global_step=6000, grad_norm=0.5, loss=3.06537
I0912 04:03:15.571560 140411597268160 submission.py:307] 6000) loss = 3.065, grad_norm = 0.500
I0912 04:08:49.576063 140390032176896 logging_writer.py:48] [6500] global_step=6500, grad_norm=0.5, loss=2.8919
I0912 04:08:49.598608 140411597268160 submission.py:307] 6500) loss = 2.892, grad_norm = 0.500
I0912 04:12:58.402226 140390057355008 logging_writer.py:48] [7000] global_step=7000, grad_norm=0.5, loss=2.77565
I0912 04:12:58.405893 140411597268160 submission.py:307] 7000) loss = 2.776, grad_norm = 0.500
I0912 04:20:22.834767 140390032176896 logging_writer.py:48] [7500] global_step=7500, grad_norm=0.5, loss=2.69047
I0912 04:20:22.838172 140411597268160 submission.py:307] 7500) loss = 2.690, grad_norm = 0.500
I0912 04:22:20.737914 140411597268160 spec.py:333] Evaluating on the training split.
/usr/local/lib/python3.11/multiprocessing/popen_fork.py:66: RuntimeWarning: os.fork() was called. os.fork() is incompatible with multithreaded code, and JAX is multithreaded, so this will likely lead to a deadlock.
  self.pid = os.fork()
I0912 04:22:57.099447 140411597268160 spec.py:346] Evaluating on the validation split.
I0912 04:24:04.476374 140411597268160 spec.py:363] Evaluating on the test split.
I0912 04:24:05.337543 140411597268160 submission_runner.py:516] Time since start: 6668.81s, 	Step: 7813, 	{'train/accuracy': 0.4213966836734694, 'train/loss': 4.301740373883929, 'validation/accuracy': 0.41084, 'validation/loss': 3.6116853125, 'validation/num_examples': 50000, 'test/accuracy': 0.3349, 'test/loss': 3.22026875, 'test/num_examples': 10000, 'score': 6106.99627327919, 'total_duration': 6668.810752868652, 'accumulated_submission_time': 6106.99627327919, 'accumulated_eval_time': 551.2657015323639, 'accumulated_logging_time': 0.12171149253845215}
I0912 04:24:05.375317 140389956642560 logging_writer.py:48] [7813] accumulated_eval_time=551.266, accumulated_logging_time=0.121711, accumulated_submission_time=6107, global_step=7813, preemption_count=0, score=6107, test/accuracy=0.3349, test/loss=3.22027, test/num_examples=10000, total_duration=6668.81, train/accuracy=0.421397, train/loss=4.30174, validation/accuracy=0.41084, validation/loss=3.61169, validation/num_examples=50000
I0912 04:25:31.665254 140389998606080 logging_writer.py:48] [8000] global_step=8000, grad_norm=0.5, loss=2.61492
I0912 04:25:31.669346 140411597268160 submission.py:307] 8000) loss = 2.615, grad_norm = 0.500
I0912 04:32:18.463148 140389956642560 logging_writer.py:48] [8500] global_step=8500, grad_norm=0.5, loss=2.42746
I0912 04:32:18.466725 140411597268160 submission.py:307] 8500) loss = 2.427, grad_norm = 0.500
I0912 04:38:03.624253 140389998606080 logging_writer.py:48] [9000] global_step=9000, grad_norm=0.5, loss=2.34893
I0912 04:38:03.628562 140411597268160 submission.py:307] 9000) loss = 2.349, grad_norm = 0.500
I0912 04:42:06.731182 140389956642560 logging_writer.py:48] [9500] global_step=9500, grad_norm=0.5, loss=2.29932
I0912 04:42:06.734905 140411597268160 submission.py:307] 9500) loss = 2.299, grad_norm = 0.500
I0912 04:49:44.175283 140389998606080 logging_writer.py:48] [10000] global_step=10000, grad_norm=0.5, loss=2.16737
I0912 04:49:44.178716 140411597268160 submission.py:307] 10000) loss = 2.167, grad_norm = 0.500
I0912 04:53:03.599763 140389956642560 logging_writer.py:48] [10500] global_step=10500, grad_norm=0.5, loss=2.20973
I0912 04:53:03.603459 140411597268160 submission.py:307] 10500) loss = 2.210, grad_norm = 0.500
I0912 04:57:22.849833 140411597268160 spec.py:333] Evaluating on the training split.
/usr/local/lib/python3.11/multiprocessing/popen_fork.py:66: RuntimeWarning: os.fork() was called. os.fork() is incompatible with multithreaded code, and JAX is multithreaded, so this will likely lead to a deadlock.
  self.pid = os.fork()
I0912 04:58:07.795703 140411597268160 spec.py:346] Evaluating on the validation split.
I0912 04:59:31.852421 140411597268160 spec.py:363] Evaluating on the test split.
I0912 04:59:32.712664 140411597268160 submission_runner.py:516] Time since start: 8796.19s, 	Step: 10908, 	{'train/accuracy': 0.5089684311224489, 'train/loss': 3.690275542590083, 'validation/accuracy': 0.48904, 'validation/loss': 3.393254375, 'validation/num_examples': 50000, 'test/accuracy': 0.4208, 'test/loss': 2.76146171875, 'test/num_examples': 10000, 'score': 8100.409832239151, 'total_duration': 8796.185854911804, 'accumulated_submission_time': 8100.409832239151, 'accumulated_eval_time': 681.1285533905029, 'accumulated_logging_time': 0.16855692863464355}
I0912 04:59:32.874666 140389998606080 logging_writer.py:48] [10908] accumulated_eval_time=681.129, accumulated_logging_time=0.168557, accumulated_submission_time=8100.41, global_step=10908, preemption_count=0, score=8100.41, test/accuracy=0.4208, test/loss=2.76146, test/num_examples=10000, total_duration=8796.19, train/accuracy=0.508968, train/loss=3.69028, validation/accuracy=0.48904, validation/loss=3.39325, validation/num_examples=50000
I0912 04:59:57.993101 140390090925824 logging_writer.py:48] [11000] global_step=11000, grad_norm=0.5, loss=2.08185
I0912 04:59:57.996586 140411597268160 submission.py:307] 11000) loss = 2.082, grad_norm = 0.500
I0912 05:05:54.775126 140389998606080 logging_writer.py:48] [11500] global_step=11500, grad_norm=0.5, loss=1.99497
I0912 05:05:54.779197 140411597268160 submission.py:307] 11500) loss = 1.995, grad_norm = 0.500
I0912 05:10:41.637249 140390090925824 logging_writer.py:48] [12000] global_step=12000, grad_norm=0.5, loss=1.93865
I0912 05:10:41.880523 140411597268160 submission.py:307] 12000) loss = 1.939, grad_norm = 0.500
I0912 05:18:06.822578 140389998606080 logging_writer.py:48] [12500] global_step=12500, grad_norm=0.5, loss=2.01359
I0912 05:18:06.826203 140411597268160 submission.py:307] 12500) loss = 2.014, grad_norm = 0.500
I0912 05:21:28.235772 140390090925824 logging_writer.py:48] [13000] global_step=13000, grad_norm=0.5, loss=1.92042
I0912 05:21:28.239844 140411597268160 submission.py:307] 13000) loss = 1.920, grad_norm = 0.500
I0912 05:27:37.189276 140389998606080 logging_writer.py:48] [13500] global_step=13500, grad_norm=0.5, loss=1.87883
I0912 05:27:37.193219 140411597268160 submission.py:307] 13500) loss = 1.879, grad_norm = 0.500
I0912 05:32:49.749197 140411597268160 spec.py:333] Evaluating on the training split.
/usr/local/lib/python3.11/multiprocessing/popen_fork.py:66: RuntimeWarning: os.fork() was called. os.fork() is incompatible with multithreaded code, and JAX is multithreaded, so this will likely lead to a deadlock.
  self.pid = os.fork()
I0912 05:33:26.754551 140411597268160 spec.py:346] Evaluating on the validation split.
I0912 05:34:30.106068 140411597268160 spec.py:363] Evaluating on the test split.
I0912 05:34:30.966756 140411597268160 submission_runner.py:516] Time since start: 10894.44s, 	Step: 13975, 	{'train/accuracy': 0.5401785714285714, 'train/loss': 3.8735943229830996, 'validation/accuracy': 0.49856, 'validation/loss': 3.5946475, 'validation/num_examples': 50000, 'test/accuracy': 0.4468, 'test/loss': 2.5407837890625, 'test/num_examples': 10000, 'score': 10093.10680270195, 'total_duration': 10894.439922094345, 'accumulated_submission_time': 10093.10680270195, 'accumulated_eval_time': 782.3462271690369, 'accumulated_logging_time': 0.3399162292480469}
I0912 05:34:31.147236 140390032176896 logging_writer.py:48] [13975] accumulated_eval_time=782.346, accumulated_logging_time=0.339916, accumulated_submission_time=10093.1, global_step=13975, preemption_count=0, score=10093.1, test/accuracy=0.4468, test/loss=2.54078, test/num_examples=10000, total_duration=10894.4, train/accuracy=0.540179, train/loss=3.87359, validation/accuracy=0.49856, validation/loss=3.59465, validation/num_examples=50000
I0912 05:34:38.444366 140387201582848 logging_writer.py:48] [14000] global_step=14000, grad_norm=0.5, loss=1.88969
I0912 05:34:38.447612 140411597268160 submission.py:307] 14000) loss = 1.890, grad_norm = 0.500
I0912 05:39:38.896566 140390032176896 logging_writer.py:48] [14500] global_step=14500, grad_norm=0.5, loss=1.85006
I0912 05:39:38.900315 140411597268160 submission.py:307] 14500) loss = 1.850, grad_norm = 0.500
I0912 05:47:37.360103 140387201582848 logging_writer.py:48] [15000] global_step=15000, grad_norm=0.5, loss=1.83286
I0912 05:47:37.363782 140411597268160 submission.py:307] 15000) loss = 1.833, grad_norm = 0.500
I0912 05:50:55.466366 140390032176896 logging_writer.py:48] [15500] global_step=15500, grad_norm=0.5, loss=1.56411
I0912 05:50:55.479660 140411597268160 submission.py:307] 15500) loss = 1.564, grad_norm = 0.500
I0912 05:57:00.021948 140387201582848 logging_writer.py:48] [16000] global_step=16000, grad_norm=0.5, loss=1.71383
I0912 05:57:00.025738 140411597268160 submission.py:307] 16000) loss = 1.714, grad_norm = 0.500
I0912 06:02:36.445130 140390032176896 logging_writer.py:48] [16500] global_step=16500, grad_norm=0.5, loss=1.73643
I0912 06:02:36.449640 140411597268160 submission.py:307] 16500) loss = 1.736, grad_norm = 0.500
I0912 06:06:42.274240 140387201582848 logging_writer.py:48] [17000] global_step=17000, grad_norm=0.5, loss=1.64329
I0912 06:06:42.278045 140411597268160 submission.py:307] 17000) loss = 1.643, grad_norm = 0.500
I0912 06:07:48.185406 140411597268160 spec.py:333] Evaluating on the training split.
/usr/local/lib/python3.11/multiprocessing/popen_fork.py:66: RuntimeWarning: os.fork() was called. os.fork() is incompatible with multithreaded code, and JAX is multithreaded, so this will likely lead to a deadlock.
  self.pid = os.fork()
I0912 06:08:37.514891 140411597268160 spec.py:346] Evaluating on the validation split.
I0912 06:10:01.031489 140411597268160 spec.py:363] Evaluating on the test split.
I0912 06:10:01.899573 140411597268160 submission_runner.py:516] Time since start: 13025.37s, 	Step: 17094, 	{'train/accuracy': 0.5809351084183674, 'train/loss': 3.8067963269292093, 'validation/accuracy': 0.55234, 'validation/loss': 3.24312875, 'validation/num_examples': 50000, 'test/accuracy': 0.4778, 'test/loss': 2.466045703125, 'test/num_examples': 10000, 'score': 12085.535720586777, 'total_duration': 13025.37265920639, 'accumulated_submission_time': 12085.535720586777, 'accumulated_eval_time': 916.0604431629181, 'accumulated_logging_time': 0.5296454429626465}
I0912 06:10:02.068071 140389948249856 logging_writer.py:48] [17094] accumulated_eval_time=916.06, accumulated_logging_time=0.529645, accumulated_submission_time=12085.5, global_step=17094, preemption_count=0, score=12085.5, test/accuracy=0.4778, test/loss=2.46605, test/num_examples=10000, total_duration=13025.4, train/accuracy=0.580935, train/loss=3.8068, validation/accuracy=0.55234, validation/loss=3.24313, validation/num_examples=50000
I0912 06:15:45.113210 140389956642560 logging_writer.py:48] [17500] global_step=17500, grad_norm=0.5, loss=1.64958
I0912 06:15:45.117088 140411597268160 submission.py:307] 17500) loss = 1.650, grad_norm = 0.500
I0912 06:19:38.560119 140389948249856 logging_writer.py:48] [18000] global_step=18000, grad_norm=0.5, loss=1.65079
I0912 06:19:38.563951 140411597268160 submission.py:307] 18000) loss = 1.651, grad_norm = 0.500
I0912 06:25:44.914324 140389956642560 logging_writer.py:48] [18500] global_step=18500, grad_norm=0.5, loss=1.64359
I0912 06:25:44.918113 140411597268160 submission.py:307] 18500) loss = 1.644, grad_norm = 0.500
I0912 06:31:22.554381 140389948249856 logging_writer.py:48] [19000] global_step=19000, grad_norm=0.5, loss=1.57858
I0912 06:31:22.558492 140411597268160 submission.py:307] 19000) loss = 1.579, grad_norm = 0.500
I0912 06:35:30.080452 140389956642560 logging_writer.py:48] [19500] global_step=19500, grad_norm=0.5, loss=1.48226
I0912 06:35:30.084338 140411597268160 submission.py:307] 19500) loss = 1.482, grad_norm = 0.500
I0912 06:43:06.606143 140389948249856 logging_writer.py:48] [20000] global_step=20000, grad_norm=0.5, loss=1.51576
I0912 06:43:06.609808 140411597268160 submission.py:307] 20000) loss = 1.516, grad_norm = 0.500
I0912 06:43:22.338344 140411597268160 spec.py:333] Evaluating on the training split.
/usr/local/lib/python3.11/multiprocessing/popen_fork.py:66: RuntimeWarning: os.fork() was called. os.fork() is incompatible with multithreaded code, and JAX is multithreaded, so this will likely lead to a deadlock.
  self.pid = os.fork()
I0912 06:43:56.813261 140411597268160 spec.py:346] Evaluating on the validation split.
I0912 06:45:00.156944 140411597268160 spec.py:363] Evaluating on the test split.
I0912 06:45:01.016211 140411597268160 submission_runner.py:516] Time since start: 15124.49s, 	Step: 20017, 	{'train/accuracy': 0.5847417091836735, 'train/loss': 4.2652899294483415, 'validation/accuracy': 0.57624, 'validation/loss': 3.0346875, 'validation/num_examples': 50000, 'test/accuracy': 0.4969, 'test/loss': 2.292778125, 'test/num_examples': 10000, 'score': 14080.839374542236, 'total_duration': 15124.489433050156, 'accumulated_submission_time': 14080.839374542236, 'accumulated_eval_time': 1014.7383263111115, 'accumulated_logging_time': 0.7073013782501221}
I0912 06:45:01.346475 140390015391488 logging_writer.py:48] [20017] accumulated_eval_time=1014.74, accumulated_logging_time=0.707301, accumulated_submission_time=14080.8, global_step=20017, preemption_count=0, score=14080.8, test/accuracy=0.4969, test/loss=2.29278, test/num_examples=10000, total_duration=15124.5, train/accuracy=0.584742, train/loss=4.26529, validation/accuracy=0.57624, validation/loss=3.03469, validation/num_examples=50000
I0912 06:48:41.889471 140389956642560 logging_writer.py:48] [20500] global_step=20500, grad_norm=0.5, loss=1.58148
I0912 06:48:41.893105 140411597268160 submission.py:307] 20500) loss = 1.581, grad_norm = 0.500
I0912 06:55:14.242882 140390015391488 logging_writer.py:48] [21000] global_step=21000, grad_norm=0.5, loss=1.55771
I0912 06:55:14.246562 140411597268160 submission.py:307] 21000) loss = 1.558, grad_norm = 0.500
I0912 07:00:59.930811 140389956642560 logging_writer.py:48] [21500] global_step=21500, grad_norm=0.5, loss=1.57106
I0912 07:00:59.935037 140411597268160 submission.py:307] 21500) loss = 1.571, grad_norm = 0.500
I0912 07:05:03.747782 140390015391488 logging_writer.py:48] [22000] global_step=22000, grad_norm=0.5, loss=1.57535
I0912 07:05:03.751996 140411597268160 submission.py:307] 22000) loss = 1.575, grad_norm = 0.500
I0912 07:12:49.273973 140389956642560 logging_writer.py:48] [22500] global_step=22500, grad_norm=0.5, loss=1.59154
I0912 07:12:49.277454 140411597268160 submission.py:307] 22500) loss = 1.592, grad_norm = 0.500
I0912 07:16:04.824135 140390015391488 logging_writer.py:48] [23000] global_step=23000, grad_norm=0.5, loss=1.50118
I0912 07:16:04.830001 140411597268160 submission.py:307] 23000) loss = 1.501, grad_norm = 0.500
I0912 07:18:23.155270 140411597268160 spec.py:333] Evaluating on the training split.
/usr/local/lib/python3.11/multiprocessing/popen_fork.py:66: RuntimeWarning: os.fork() was called. os.fork() is incompatible with multithreaded code, and JAX is multithreaded, so this will likely lead to a deadlock.
  self.pid = os.fork()
I0912 07:19:13.467746 140411597268160 spec.py:346] Evaluating on the validation split.
I0912 07:20:24.017364 140411597268160 spec.py:363] Evaluating on the test split.
I0912 07:20:24.878654 140411597268160 submission_runner.py:516] Time since start: 17248.35s, 	Step: 23241, 	{'train/accuracy': 0.6491749043367347, 'train/loss': 3.4248445471938775, 'validation/accuracy': 0.57928, 'validation/loss': 3.2999325, 'validation/num_examples': 50000, 'test/accuracy': 0.5222, 'test/loss': 2.24196796875, 'test/num_examples': 10000, 'score': 16076.302437067032, 'total_duration': 17248.351852178574, 'accumulated_submission_time': 16076.302437067032, 'accumulated_eval_time': 1136.4618639945984, 'accumulated_logging_time': 1.0467360019683838}
I0912 07:20:25.158334 140390015391488 logging_writer.py:48] [23241] accumulated_eval_time=1136.46, accumulated_logging_time=1.04674, accumulated_submission_time=16076.3, global_step=23241, preemption_count=0, score=16076.3, test/accuracy=0.5222, test/loss=2.24197, test/num_examples=10000, total_duration=17248.4, train/accuracy=0.649175, train/loss=3.42484, validation/accuracy=0.57928, validation/loss=3.29993, validation/num_examples=50000
I0912 07:23:26.238917 140389956642560 logging_writer.py:48] [23500] global_step=23500, grad_norm=0.5, loss=1.4331
I0912 07:23:26.242650 140411597268160 submission.py:307] 23500) loss = 1.433, grad_norm = 0.500
I0912 07:29:25.694653 140390015391488 logging_writer.py:48] [24000] global_step=24000, grad_norm=0.5, loss=1.37061
I0912 07:29:25.698428 140411597268160 submission.py:307] 24000) loss = 1.371, grad_norm = 0.500
I0912 07:33:56.169110 140389956642560 logging_writer.py:48] [24500] global_step=24500, grad_norm=0.5, loss=1.43221
I0912 07:33:56.172845 140411597268160 submission.py:307] 24500) loss = 1.432, grad_norm = 0.500
I0912 07:41:34.140637 140390015391488 logging_writer.py:48] [25000] global_step=25000, grad_norm=0.5, loss=1.48358
I0912 07:41:34.144263 140411597268160 submission.py:307] 25000) loss = 1.484, grad_norm = 0.500
I0912 07:44:49.670446 140389956642560 logging_writer.py:48] [25500] global_step=25500, grad_norm=0.5, loss=1.3948
I0912 07:44:49.674674 140411597268160 submission.py:307] 25500) loss = 1.395, grad_norm = 0.500
I0912 07:50:40.910932 140390015391488 logging_writer.py:48] [26000] global_step=26000, grad_norm=0.5, loss=1.37053
I0912 07:50:40.914976 140411597268160 submission.py:307] 26000) loss = 1.371, grad_norm = 0.500
I0912 07:53:43.412984 140411597268160 spec.py:333] Evaluating on the training split.
/usr/local/lib/python3.11/multiprocessing/popen_fork.py:66: RuntimeWarning: os.fork() was called. os.fork() is incompatible with multithreaded code, and JAX is multithreaded, so this will likely lead to a deadlock.
  self.pid = os.fork()
I0912 07:54:16.253231 140411597268160 spec.py:346] Evaluating on the validation split.
I0912 07:55:37.937105 140411597268160 spec.py:363] Evaluating on the test split.
I0912 07:55:38.797984 140411597268160 submission_runner.py:516] Time since start: 19362.27s, 	Step: 26171, 	{'train/accuracy': 0.6524035395408163, 'train/loss': 3.653707387496014, 'validation/accuracy': 0.58686, 'validation/loss': 3.1516565625, 'validation/num_examples': 50000, 'test/accuracy': 0.5141, 'test/loss': 2.249761328125, 'test/num_examples': 10000, 'score': 18069.759664535522, 'total_duration': 19362.27117872238, 'accumulated_submission_time': 18069.759664535522, 'accumulated_eval_time': 1251.8468353748322, 'accumulated_logging_time': 1.3355841636657715}
I0912 07:55:39.078921 140390032176896 logging_writer.py:48] [26171] accumulated_eval_time=1251.85, accumulated_logging_time=1.33558, accumulated_submission_time=18069.8, global_step=26171, preemption_count=0, score=18069.8, test/accuracy=0.5141, test/loss=2.24976, test/num_examples=10000, total_duration=19362.3, train/accuracy=0.652404, train/loss=3.65371, validation/accuracy=0.58686, validation/loss=3.15166, validation/num_examples=50000
I0912 07:58:06.174318 140390074140416 logging_writer.py:48] [26500] global_step=26500, grad_norm=0.5, loss=1.42252
I0912 07:58:06.178192 140411597268160 submission.py:307] 26500) loss = 1.423, grad_norm = 0.500
I0912 08:02:56.178029 140390032176896 logging_writer.py:48] [27000] global_step=27000, grad_norm=0.5, loss=1.34756
I0912 08:02:56.181740 140411597268160 submission.py:307] 27000) loss = 1.348, grad_norm = 0.500
I0912 08:10:45.957686 140390074140416 logging_writer.py:48] [27500] global_step=27500, grad_norm=0.5, loss=1.38758
I0912 08:10:45.961304 140411597268160 submission.py:307] 27500) loss = 1.388, grad_norm = 0.500
I0912 08:13:59.211448 140390032176896 logging_writer.py:48] [28000] global_step=28000, grad_norm=0.5, loss=1.26935
I0912 08:13:59.215339 140411597268160 submission.py:307] 28000) loss = 1.269, grad_norm = 0.500
I0912 08:19:58.922701 140390074140416 logging_writer.py:48] [28500] global_step=28500, grad_norm=0.5, loss=1.34166
I0912 08:19:58.926676 140411597268160 submission.py:307] 28500) loss = 1.342, grad_norm = 0.500
I0912 08:25:45.745038 140390032176896 logging_writer.py:48] [29000] global_step=29000, grad_norm=0.5, loss=1.3954
I0912 08:25:45.749183 140411597268160 submission.py:307] 29000) loss = 1.395, grad_norm = 0.500
I0912 08:28:58.422637 140411597268160 spec.py:333] Evaluating on the training split.
/usr/local/lib/python3.11/multiprocessing/popen_fork.py:66: RuntimeWarning: os.fork() was called. os.fork() is incompatible with multithreaded code, and JAX is multithreaded, so this will likely lead to a deadlock.
  self.pid = os.fork()
I0912 08:29:49.711627 140411597268160 spec.py:346] Evaluating on the validation split.
I0912 08:30:57.344729 140411597268160 spec.py:363] Evaluating on the test split.
I0912 08:30:58.207037 140411597268160 submission_runner.py:516] Time since start: 21481.68s, 	Step: 29427, 	{'train/accuracy': 0.6569674744897959, 'train/loss': 3.933512784996811, 'validation/accuracy': 0.5849, 'validation/loss': 3.3899871875, 'validation/num_examples': 50000, 'test/accuracy': 0.5272, 'test/loss': 2.18953828125, 'test/num_examples': 10000, 'score': 20062.942791700363, 'total_duration': 21481.680223941803, 'accumulated_submission_time': 20062.942791700363, 'accumulated_eval_time': 1371.63134431839, 'accumulated_logging_time': 1.625967264175415}
I0912 08:30:58.556024 140390074140416 logging_writer.py:48] [29427] accumulated_eval_time=1371.63, accumulated_logging_time=1.62597, accumulated_submission_time=20062.9, global_step=29427, preemption_count=0, score=20062.9, test/accuracy=0.5272, test/loss=2.18954, test/num_examples=10000, total_duration=21481.7, train/accuracy=0.656967, train/loss=3.93351, validation/accuracy=0.5849, validation/loss=3.38999, validation/num_examples=50000
I0912 08:31:17.662498 140390048962304 logging_writer.py:48] [29500] global_step=29500, grad_norm=0.5, loss=1.29524
I0912 08:31:17.665755 140411597268160 submission.py:307] 29500) loss = 1.295, grad_norm = 0.500
I0912 08:39:13.066409 140390074140416 logging_writer.py:48] [30000] global_step=30000, grad_norm=0.5, loss=1.22878
I0912 08:39:13.070300 140411597268160 submission.py:307] 30000) loss = 1.229, grad_norm = 0.500
I0912 08:42:59.630696 140390048962304 logging_writer.py:48] [30500] global_step=30500, grad_norm=0.5, loss=1.28857
I0912 08:42:59.649686 140411597268160 submission.py:307] 30500) loss = 1.289, grad_norm = 0.500
I0912 08:49:00.883738 140390074140416 logging_writer.py:48] [31000] global_step=31000, grad_norm=0.5, loss=1.20288
I0912 08:49:00.887800 140411597268160 submission.py:307] 31000) loss = 1.203, grad_norm = 0.500
I0912 08:54:41.180439 140390048962304 logging_writer.py:48] [31500] global_step=31500, grad_norm=0.5, loss=1.24869
I0912 08:54:41.184336 140411597268160 submission.py:307] 31500) loss = 1.249, grad_norm = 0.500
I0912 08:58:42.249289 140390074140416 logging_writer.py:48] [32000] global_step=32000, grad_norm=0.5, loss=1.24254
I0912 08:58:42.261965 140411597268160 submission.py:307] 32000) loss = 1.243, grad_norm = 0.500
I0912 09:04:22.461272 140411597268160 spec.py:333] Evaluating on the training split.
/usr/local/lib/python3.11/multiprocessing/popen_fork.py:66: RuntimeWarning: os.fork() was called. os.fork() is incompatible with multithreaded code, and JAX is multithreaded, so this will likely lead to a deadlock.
  self.pid = os.fork()
I0912 09:04:57.132308 140411597268160 spec.py:346] Evaluating on the validation split.
I0912 09:06:19.475575 140411597268160 spec.py:363] Evaluating on the test split.
I0912 09:06:20.339448 140411597268160 submission_runner.py:516] Time since start: 23603.81s, 	Step: 32376, 	{'train/accuracy': 0.6981425382653061, 'train/loss': 3.257666451590402, 'validation/accuracy': 0.60376, 'validation/loss': 3.2073090625, 'validation/num_examples': 50000, 'test/accuracy': 0.5364, 'test/loss': 2.1774421875, 'test/num_examples': 10000, 'score': 22062.18269753456, 'total_duration': 23603.81263756752, 'accumulated_submission_time': 22062.18269753456, 'accumulated_eval_time': 1489.5095262527466, 'accumulated_logging_time': 1.9843802452087402}
I0912 09:06:20.628329 140390006998784 logging_writer.py:48] [32376] accumulated_eval_time=1489.51, accumulated_logging_time=1.98438, accumulated_submission_time=22062.2, global_step=32376, preemption_count=0, score=22062.2, test/accuracy=0.5364, test/loss=2.17744, test/num_examples=10000, total_duration=23603.8, train/accuracy=0.698143, train/loss=3.25767, validation/accuracy=0.60376, validation/loss=3.20731, validation/num_examples=50000
I0912 09:07:25.083255 140390032176896 logging_writer.py:48] [32500] global_step=32500, grad_norm=0.5, loss=1.39656
I0912 09:07:25.086865 140411597268160 submission.py:307] 32500) loss = 1.397, grad_norm = 0.500
I0912 09:11:24.388059 140390006998784 logging_writer.py:48] [33000] global_step=33000, grad_norm=0.5, loss=1.31089
I0912 09:11:24.392092 140411597268160 submission.py:307] 33000) loss = 1.311, grad_norm = 0.500
I0912 09:17:43.949941 140390032176896 logging_writer.py:48] [33500] global_step=33500, grad_norm=0.5, loss=1.30154
I0912 09:17:43.953905 140411597268160 submission.py:307] 33500) loss = 1.302, grad_norm = 0.500
I0912 09:23:30.555980 140390006998784 logging_writer.py:48] [34000] global_step=34000, grad_norm=0.5, loss=1.19926
I0912 09:23:30.560881 140411597268160 submission.py:307] 34000) loss = 1.199, grad_norm = 0.500
I0912 09:27:29.165418 140390032176896 logging_writer.py:48] [34500] global_step=34500, grad_norm=0.5, loss=1.18876
I0912 09:27:29.169198 140411597268160 submission.py:307] 34500) loss = 1.189, grad_norm = 0.500
I0912 09:35:17.686077 140390006998784 logging_writer.py:48] [35000] global_step=35000, grad_norm=0.5, loss=1.1084
I0912 09:35:17.689872 140411597268160 submission.py:307] 35000) loss = 1.108, grad_norm = 0.500
I0912 09:38:33.608143 140390032176896 logging_writer.py:48] [35500] global_step=35500, grad_norm=0.5, loss=1.13249
I0912 09:38:33.612173 140411597268160 submission.py:307] 35500) loss = 1.132, grad_norm = 0.500
I0912 09:39:41.115972 140411597268160 spec.py:333] Evaluating on the training split.
/usr/local/lib/python3.11/multiprocessing/popen_fork.py:66: RuntimeWarning: os.fork() was called. os.fork() is incompatible with multithreaded code, and JAX is multithreaded, so this will likely lead to a deadlock.
  self.pid = os.fork()
I0912 09:40:29.560142 140411597268160 spec.py:346] Evaluating on the validation split.
I0912 09:41:34.767449 140411597268160 spec.py:363] Evaluating on the test split.
I0912 09:41:35.628476 140411597268160 submission_runner.py:516] Time since start: 25719.10s, 	Step: 35628, 	{'train/accuracy': 0.7033641581632653, 'train/loss': 3.4684765874123085, 'validation/accuracy': 0.59992, 'validation/loss': 3.4122078125, 'validation/num_examples': 50000, 'test/accuracy': 0.5405, 'test/loss': 2.2027775390625, 'test/num_examples': 10000, 'score': 24057.024208545685, 'total_duration': 25719.101647377014, 'accumulated_submission_time': 24057.024208545685, 'accumulated_eval_time': 1604.0221438407898, 'accumulated_logging_time': 2.28261399269104}
I0912 09:41:35.896652 140390074140416 logging_writer.py:48] [35628] accumulated_eval_time=1604.02, accumulated_logging_time=2.28261, accumulated_submission_time=24057, global_step=35628, preemption_count=0, score=24057, test/accuracy=0.5405, test/loss=2.20278, test/num_examples=10000, total_duration=25719.1, train/accuracy=0.703364, train/loss=3.46848, validation/accuracy=0.59992, validation/loss=3.41221, validation/num_examples=50000
I0912 09:46:24.672150 140389981820672 logging_writer.py:48] [36000] global_step=36000, grad_norm=0.5, loss=1.21751
I0912 09:46:24.676049 140411597268160 submission.py:307] 36000) loss = 1.218, grad_norm = 0.500
I0912 09:52:32.382977 140390074140416 logging_writer.py:48] [36500] global_step=36500, grad_norm=0.5, loss=1.21008
I0912 09:52:32.386729 140411597268160 submission.py:307] 36500) loss = 1.210, grad_norm = 0.500
I0912 09:56:40.369260 140389981820672 logging_writer.py:48] [37000] global_step=37000, grad_norm=0.5, loss=1.26711
I0912 09:56:40.372937 140411597268160 submission.py:307] 37000) loss = 1.267, grad_norm = 0.500
I0912 10:04:20.785290 140390074140416 logging_writer.py:48] [37500] global_step=37500, grad_norm=0.5, loss=1.23464
I0912 10:04:20.789542 140411597268160 submission.py:307] 37500) loss = 1.235, grad_norm = 0.500
I0912 10:07:39.496489 140389981820672 logging_writer.py:48] [38000] global_step=38000, grad_norm=0.5, loss=1.18985
I0912 10:07:39.506016 140411597268160 submission.py:307] 38000) loss = 1.190, grad_norm = 0.500
I0912 10:13:25.123973 140390074140416 logging_writer.py:48] [38500] global_step=38500, grad_norm=0.5, loss=1.19881
I0912 10:13:25.127667 140411597268160 submission.py:307] 38500) loss = 1.199, grad_norm = 0.500
I0912 10:14:59.146352 140411597268160 spec.py:333] Evaluating on the training split.
/usr/local/lib/python3.11/multiprocessing/popen_fork.py:66: RuntimeWarning: os.fork() was called. os.fork() is incompatible with multithreaded code, and JAX is multithreaded, so this will likely lead to a deadlock.
  self.pid = os.fork()
I0912 10:15:35.438714 140411597268160 spec.py:346] Evaluating on the validation split.
I0912 10:16:57.590619 140411597268160 spec.py:363] Evaluating on the test split.
I0912 10:16:58.451422 140411597268160 submission_runner.py:516] Time since start: 27841.92s, 	Step: 38590, 	{'train/accuracy': 0.7145448022959183, 'train/loss': 3.2748126594387754, 'validation/accuracy': 0.58636, 'validation/loss': 3.774430625, 'validation/num_examples': 50000, 'test/accuracy': 0.5371, 'test/loss': 2.18135625, 'test/num_examples': 10000, 'score': 26055.084835529327, 'total_duration': 27841.924547433853, 'accumulated_submission_time': 26055.084835529327, 'accumulated_eval_time': 1723.3271679878235, 'accumulated_logging_time': 2.5602216720581055}
I0912 10:16:58.716041 140390074140416 logging_writer.py:48] [38590] accumulated_eval_time=1723.33, accumulated_logging_time=2.56022, accumulated_submission_time=26055.1, global_step=38590, preemption_count=0, score=26055.1, test/accuracy=0.5371, test/loss=2.18136, test/num_examples=10000, total_duration=27841.9, train/accuracy=0.714545, train/loss=3.27481, validation/accuracy=0.58636, validation/loss=3.77443, validation/num_examples=50000
I0912 10:20:36.792065 140389981820672 logging_writer.py:48] [39000] global_step=39000, grad_norm=0.5, loss=1.1588
I0912 10:20:36.795934 140411597268160 submission.py:307] 39000) loss = 1.159, grad_norm = 0.500
I0912 10:25:19.440005 140390074140416 logging_writer.py:48] [39500] global_step=39500, grad_norm=0.5, loss=1.13516
I0912 10:25:19.443716 140411597268160 submission.py:307] 39500) loss = 1.135, grad_norm = 0.500
I0912 10:32:53.599249 140389981820672 logging_writer.py:48] [40000] global_step=40000, grad_norm=0.5, loss=1.16973
I0912 10:32:53.603075 140411597268160 submission.py:307] 40000) loss = 1.170, grad_norm = 0.500
I0912 10:36:11.743956 140390074140416 logging_writer.py:48] [40500] global_step=40500, grad_norm=0.5, loss=1.12799
I0912 10:36:11.747908 140411597268160 submission.py:307] 40500) loss = 1.128, grad_norm = 0.500
I0912 10:42:12.952219 140389981820672 logging_writer.py:48] [41000] global_step=41000, grad_norm=0.5, loss=1.09516
I0912 10:42:12.956135 140411597268160 submission.py:307] 41000) loss = 1.095, grad_norm = 0.500
I0912 10:47:55.406685 140390074140416 logging_writer.py:48] [41500] global_step=41500, grad_norm=0.5, loss=1.04219
I0912 10:47:55.426812 140411597268160 submission.py:307] 41500) loss = 1.042, grad_norm = 0.500
I0912 10:50:16.815170 140411597268160 spec.py:333] Evaluating on the training split.
/usr/local/lib/python3.11/multiprocessing/popen_fork.py:66: RuntimeWarning: os.fork() was called. os.fork() is incompatible with multithreaded code, and JAX is multithreaded, so this will likely lead to a deadlock.
  self.pid = os.fork()
I0912 10:51:02.569355 140411597268160 spec.py:346] Evaluating on the validation split.
I0912 10:52:08.109826 140411597268160 spec.py:363] Evaluating on the test split.
I0912 10:52:08.969816 140411597268160 submission_runner.py:516] Time since start: 29952.44s, 	Step: 41831, 	{'train/accuracy': 0.7114158163265306, 'train/loss': 3.6007372797751915, 'validation/accuracy': 0.60598, 'validation/loss': 3.3401575, 'validation/num_examples': 50000, 'test/accuracy': 0.5336, 'test/loss': 2.324109765625, 'test/num_examples': 10000, 'score': 28047.74717950821, 'total_duration': 29952.44298005104, 'accumulated_submission_time': 28047.74717950821, 'accumulated_eval_time': 1835.4817848205566, 'accumulated_logging_time': 2.8340516090393066}
I0912 10:52:09.233293 140390057355008 logging_writer.py:48] [41831] accumulated_eval_time=1835.48, accumulated_logging_time=2.83405, accumulated_submission_time=28047.7, global_step=41831, preemption_count=0, score=28047.7, test/accuracy=0.5336, test/loss=2.32411, test/num_examples=10000, total_duration=29952.4, train/accuracy=0.711416, train/loss=3.60074, validation/accuracy=0.60598, validation/loss=3.34016, validation/num_examples=50000
I0912 10:53:41.870361 140387592111872 logging_writer.py:48] [42000] global_step=42000, grad_norm=0.5, loss=1.16584
I0912 10:53:41.873884 140411597268160 submission.py:307] 42000) loss = 1.166, grad_norm = 0.500
I0912 11:01:45.830002 140390057355008 logging_writer.py:48] [42500] global_step=42500, grad_norm=0.5, loss=1.15302
I0912 11:01:45.833853 140411597268160 submission.py:307] 42500) loss = 1.153, grad_norm = 0.500
I0912 11:05:29.741174 140387592111872 logging_writer.py:48] [43000] global_step=43000, grad_norm=0.5, loss=1.08829
I0912 11:05:29.745390 140411597268160 submission.py:307] 43000) loss = 1.088, grad_norm = 0.500
I0912 11:11:18.825171 140390057355008 logging_writer.py:48] [43500] global_step=43500, grad_norm=0.499999, loss=1.01242
I0912 11:11:18.828914 140411597268160 submission.py:307] 43500) loss = 1.012, grad_norm = 0.500
I0912 11:17:08.680450 140387592111872 logging_writer.py:48] [44000] global_step=44000, grad_norm=0.5, loss=1.18415
I0912 11:17:08.709759 140411597268160 submission.py:307] 44000) loss = 1.184, grad_norm = 0.500
I0912 11:21:07.674860 140390057355008 logging_writer.py:48] [44500] global_step=44500, grad_norm=0.5, loss=1.13658
I0912 11:21:07.678689 140411597268160 submission.py:307] 44500) loss = 1.137, grad_norm = 0.500
I0912 11:25:30.011585 140411597268160 spec.py:333] Evaluating on the training split.
/usr/local/lib/python3.11/multiprocessing/popen_fork.py:66: RuntimeWarning: os.fork() was called. os.fork() is incompatible with multithreaded code, and JAX is multithreaded, so this will likely lead to a deadlock.
  self.pid = os.fork()
I0912 11:26:06.703409 140411597268160 spec.py:346] Evaluating on the validation split.
I0912 11:27:32.962009 140411597268160 spec.py:363] Evaluating on the test split.
I0912 11:27:33.821370 140411597268160 submission_runner.py:516] Time since start: 32077.29s, 	Step: 44812, 	{'train/accuracy': 0.6891940369897959, 'train/loss': 4.2108745964206, 'validation/accuracy': 0.60408, 'validation/loss': 3.409203125, 'validation/num_examples': 50000, 'test/accuracy': 0.5384, 'test/loss': 2.2525880859375, 'test/num_examples': 10000, 'score': 30044.303684949875, 'total_duration': 32077.29454255104, 'accumulated_submission_time': 30044.303684949875, 'accumulated_eval_time': 1959.2915556430817, 'accumulated_logging_time': 3.106719970703125}
I0912 11:27:34.145036 140390023784192 logging_writer.py:48] [44812] accumulated_eval_time=1959.29, accumulated_logging_time=3.10672, accumulated_submission_time=30044.3, global_step=44812, preemption_count=0, score=30044.3, test/accuracy=0.5384, test/loss=2.25259, test/num_examples=10000, total_duration=32077.3, train/accuracy=0.689194, train/loss=4.21087, validation/accuracy=0.60408, validation/loss=3.4092, validation/num_examples=50000
I0912 11:29:43.727505 140390090925824 logging_writer.py:48] [45000] global_step=45000, grad_norm=0.5, loss=1.10668
I0912 11:29:43.731285 140411597268160 submission.py:307] 45000) loss = 1.107, grad_norm = 0.500
I0912 11:33:42.819882 140390023784192 logging_writer.py:48] [45500] global_step=45500, grad_norm=0.5, loss=1.04179
I0912 11:33:42.824192 140411597268160 submission.py:307] 45500) loss = 1.042, grad_norm = 0.500
I0912 11:39:58.769370 140390090925824 logging_writer.py:48] [46000] global_step=46000, grad_norm=0.5, loss=1.09551
I0912 11:39:58.772987 140411597268160 submission.py:307] 46000) loss = 1.096, grad_norm = 0.500
I0912 11:45:37.915518 140390023784192 logging_writer.py:48] [46500] global_step=46500, grad_norm=0.5, loss=1.16539
I0912 11:45:37.941281 140411597268160 submission.py:307] 46500) loss = 1.165, grad_norm = 0.500
I0912 11:49:32.425969 140390090925824 logging_writer.py:48] [47000] global_step=47000, grad_norm=0.5, loss=1.16554
I0912 11:49:32.429961 140411597268160 submission.py:307] 47000) loss = 1.166, grad_norm = 0.500
I0912 11:57:18.975907 140390023784192 logging_writer.py:48] [47500] global_step=47500, grad_norm=0.5, loss=1.11733
I0912 11:57:18.979775 140411597268160 submission.py:307] 47500) loss = 1.117, grad_norm = 0.500
I0912 12:00:38.738486 140390090925824 logging_writer.py:48] [48000] global_step=48000, grad_norm=0.5, loss=1.0503
I0912 12:00:38.749795 140411597268160 submission.py:307] 48000) loss = 1.050, grad_norm = 0.500
I0912 12:00:52.449037 140411597268160 spec.py:333] Evaluating on the training split.
/usr/local/lib/python3.11/multiprocessing/popen_fork.py:66: RuntimeWarning: os.fork() was called. os.fork() is incompatible with multithreaded code, and JAX is multithreaded, so this will likely lead to a deadlock.
  self.pid = os.fork()
I0912 12:01:37.086400 140411597268160 spec.py:346] Evaluating on the validation split.
I0912 12:02:41.366892 140411597268160 spec.py:363] Evaluating on the test split.
I0912 12:02:42.229760 140411597268160 submission_runner.py:516] Time since start: 34185.70s, 	Step: 48029, 	{'train/accuracy': 0.7480269451530612, 'train/loss': 3.264349489795918, 'validation/accuracy': 0.61424, 'validation/loss': 3.2800534375, 'validation/num_examples': 50000, 'test/accuracy': 0.5376, 'test/loss': 2.3202591796875, 'test/num_examples': 10000, 'score': 32036.41220641136, 'total_duration': 34185.70292234421, 'accumulated_submission_time': 32036.41220641136, 'accumulated_eval_time': 2069.0723991394043, 'accumulated_logging_time': 3.439774990081787}
I0912 12:02:42.476204 140390099318528 logging_writer.py:48] [48029] accumulated_eval_time=2069.07, accumulated_logging_time=3.43977, accumulated_submission_time=32036.4, global_step=48029, preemption_count=0, score=32036.4, test/accuracy=0.5376, test/loss=2.32026, test/num_examples=10000, total_duration=34185.7, train/accuracy=0.748027, train/loss=3.26435, validation/accuracy=0.61424, validation/loss=3.28005, validation/num_examples=50000
I0912 12:08:47.799653 140390065747712 logging_writer.py:48] [48500] global_step=48500, grad_norm=0.5, loss=1.0829
I0912 12:08:47.803405 140411597268160 submission.py:307] 48500) loss = 1.083, grad_norm = 0.500
I0912 12:14:58.389255 140390099318528 logging_writer.py:48] [49000] global_step=49000, grad_norm=0.5, loss=0.97979
I0912 12:14:58.398181 140411597268160 submission.py:307] 49000) loss = 0.980, grad_norm = 0.500
I0912 12:18:53.610754 140390065747712 logging_writer.py:48] [49500] global_step=49500, grad_norm=0.5, loss=1.01272
I0912 12:18:53.614845 140411597268160 submission.py:307] 49500) loss = 1.013, grad_norm = 0.500
I0912 12:26:42.442766 140390099318528 logging_writer.py:48] [50000] global_step=50000, grad_norm=0.5, loss=1.03465
I0912 12:26:42.446735 140411597268160 submission.py:307] 50000) loss = 1.035, grad_norm = 0.500
I0912 12:30:01.584906 140390065747712 logging_writer.py:48] [50500] global_step=50500, grad_norm=0.5, loss=1.02815
I0912 12:30:01.589099 140411597268160 submission.py:307] 50500) loss = 1.028, grad_norm = 0.500
I0912 12:35:28.667245 140390099318528 logging_writer.py:48] [51000] global_step=51000, grad_norm=0.5, loss=1.03032
I0912 12:35:28.671214 140411597268160 submission.py:307] 51000) loss = 1.030, grad_norm = 0.500
I0912 12:36:05.920046 140411597268160 spec.py:333] Evaluating on the training split.
/usr/local/lib/python3.11/multiprocessing/popen_fork.py:66: RuntimeWarning: os.fork() was called. os.fork() is incompatible with multithreaded code, and JAX is multithreaded, so this will likely lead to a deadlock.
  self.pid = os.fork()
I0912 12:36:44.760134 140411597268160 spec.py:346] Evaluating on the validation split.
I0912 12:38:05.309909 140411597268160 spec.py:363] Evaluating on the test split.
I0912 12:38:06.171114 140411597268160 submission_runner.py:516] Time since start: 36309.64s, 	Step: 51025, 	{'train/accuracy': 0.7228156887755102, 'train/loss': 4.107982090541294, 'validation/accuracy': 0.60628, 'validation/loss': 3.646350625, 'validation/num_examples': 50000, 'test/accuracy': 0.5283, 'test/loss': 2.405058984375, 'test/num_examples': 10000, 'score': 34034.62011766434, 'total_duration': 36309.644293785095, 'accumulated_submission_time': 34034.62011766434, 'accumulated_eval_time': 2189.3234827518463, 'accumulated_logging_time': 3.695246696472168}
I0912 12:38:06.438312 140390040569600 logging_writer.py:48] [51025] accumulated_eval_time=2189.32, accumulated_logging_time=3.69525, accumulated_submission_time=34034.6, global_step=51025, preemption_count=0, score=34034.6, test/accuracy=0.5283, test/loss=2.40506, test/num_examples=10000, total_duration=36309.6, train/accuracy=0.722816, train/loss=4.10798, validation/accuracy=0.60628, validation/loss=3.64635, validation/num_examples=50000
I0912 12:42:53.748374 140389965035264 logging_writer.py:48] [51500] global_step=51500, grad_norm=0.5, loss=0.928383
I0912 12:42:53.752352 140411597268160 submission.py:307] 51500) loss = 0.928, grad_norm = 0.500
I0912 12:47:35.377418 140390040569600 logging_writer.py:48] [52000] global_step=52000, grad_norm=0.5, loss=0.985892
I0912 12:47:35.381439 140411597268160 submission.py:307] 52000) loss = 0.986, grad_norm = 0.500
I0912 12:55:07.519468 140389965035264 logging_writer.py:48] [52500] global_step=52500, grad_norm=0.5, loss=1.10443
I0912 12:55:07.523492 140411597268160 submission.py:307] 52500) loss = 1.104, grad_norm = 0.500
I0912 12:58:30.884187 140390040569600 logging_writer.py:48] [53000] global_step=53000, grad_norm=0.5, loss=0.923953
I0912 12:58:30.888213 140411597268160 submission.py:307] 53000) loss = 0.924, grad_norm = 0.500
I0912 13:04:17.658897 140389965035264 logging_writer.py:48] [53500] global_step=53500, grad_norm=0.5, loss=1.02128
I0912 13:04:17.662841 140411597268160 submission.py:307] 53500) loss = 1.021, grad_norm = 0.500
I0912 13:10:15.694733 140390040569600 logging_writer.py:48] [54000] global_step=54000, grad_norm=0.5, loss=1.03617
I0912 13:10:15.700197 140411597268160 submission.py:307] 54000) loss = 1.036, grad_norm = 0.500
I0912 13:11:26.522406 140411597268160 spec.py:333] Evaluating on the training split.
/usr/local/lib/python3.11/multiprocessing/popen_fork.py:66: RuntimeWarning: os.fork() was called. os.fork() is incompatible with multithreaded code, and JAX is multithreaded, so this will likely lead to a deadlock.
  self.pid = os.fork()
I0912 13:12:03.528717 140411597268160 spec.py:346] Evaluating on the validation split.
I0912 13:13:07.376857 140411597268160 spec.py:363] Evaluating on the test split.
I0912 13:13:08.267889 140411597268160 submission_runner.py:516] Time since start: 38411.74s, 	Step: 54173, 	{'train/accuracy': 0.7489038584183674, 'train/loss': 3.6770060013751595, 'validation/accuracy': 0.61914, 'validation/loss': 3.423630625, 'validation/num_examples': 50000, 'test/accuracy': 0.5371, 'test/loss': 2.37350625, 'test/num_examples': 10000, 'score': 36030.59577226639, 'total_duration': 38411.74111676216, 'accumulated_submission_time': 36030.59577226639, 'accumulated_eval_time': 2291.069113969803, 'accumulated_logging_time': 3.971768617630005}
I0912 13:13:08.600744 140389973427968 logging_writer.py:48] [54173] accumulated_eval_time=2291.07, accumulated_logging_time=3.97177, accumulated_submission_time=36030.6, global_step=54173, preemption_count=0, score=36030.6, test/accuracy=0.5371, test/loss=2.37351, test/num_examples=10000, total_duration=38411.7, train/accuracy=0.748904, train/loss=3.67701, validation/accuracy=0.61914, validation/loss=3.42363, validation/num_examples=50000
I0912 13:16:32.585056 140389990213376 logging_writer.py:48] [54500] global_step=54500, grad_norm=0.5, loss=1.02592
I0912 13:16:32.588675 140411597268160 submission.py:307] 54500) loss = 1.026, grad_norm = 0.500
I0912 13:24:24.783674 140389973427968 logging_writer.py:48] [55000] global_step=55000, grad_norm=0.5, loss=1.02704
I0912 13:24:24.787261 140411597268160 submission.py:307] 55000) loss = 1.027, grad_norm = 0.500
I0912 13:27:57.065122 140389990213376 logging_writer.py:48] [55500] global_step=55500, grad_norm=0.5, loss=0.896029
I0912 13:27:57.069220 140411597268160 submission.py:307] 55500) loss = 0.896, grad_norm = 0.500
I0912 13:33:43.842901 140389973427968 logging_writer.py:48] [56000] global_step=56000, grad_norm=0.5, loss=1.02966
I0912 13:33:43.847269 140411597268160 submission.py:307] 56000) loss = 1.030, grad_norm = 0.500
I0912 13:39:49.577824 140389990213376 logging_writer.py:48] [56500] global_step=56500, grad_norm=0.499999, loss=0.950858
I0912 13:39:49.587805 140411597268160 submission.py:307] 56500) loss = 0.951, grad_norm = 0.500
I0912 13:43:51.006364 140389973427968 logging_writer.py:48] [57000] global_step=57000, grad_norm=0.5, loss=0.96523
I0912 13:43:51.010324 140411597268160 submission.py:307] 57000) loss = 0.965, grad_norm = 0.500
I0912 13:46:28.971043 140411597268160 spec.py:333] Evaluating on the training split.
/usr/local/lib/python3.11/multiprocessing/popen_fork.py:66: RuntimeWarning: os.fork() was called. os.fork() is incompatible with multithreaded code, and JAX is multithreaded, so this will likely lead to a deadlock.
  self.pid = os.fork()
I0912 13:47:15.429677 140411597268160 spec.py:346] Evaluating on the validation split.
I0912 13:48:31.763104 140411597268160 spec.py:363] Evaluating on the test split.
I0912 13:48:32.656969 140411597268160 submission_runner.py:516] Time since start: 40536.13s, 	Step: 57207, 	{'train/accuracy': 0.7190489477040817, 'train/loss': 4.503145178970025, 'validation/accuracy': 0.60846, 'validation/loss': 3.6531325, 'validation/num_examples': 50000, 'test/accuracy': 0.5381, 'test/loss': 2.3990828125, 'test/num_examples': 10000, 'score': 38026.40539455414, 'total_duration': 40536.130140542984, 'accumulated_submission_time': 38026.40539455414, 'accumulated_eval_time': 2414.7549934387207, 'accumulated_logging_time': 4.314009189605713}
I0912 13:48:32.889740 140387201582848 logging_writer.py:48] [57207] accumulated_eval_time=2414.75, accumulated_logging_time=4.31401, accumulated_submission_time=38026.4, global_step=57207, preemption_count=0, score=38026.4, test/accuracy=0.5381, test/loss=2.39908, test/num_examples=10000, total_duration=40536.1, train/accuracy=0.719049, train/loss=4.50315, validation/accuracy=0.60846, validation/loss=3.65313, validation/num_examples=50000
I0912 13:52:23.445089 140390074140416 logging_writer.py:48] [57500] global_step=57500, grad_norm=0.5, loss=0.96894
I0912 13:52:23.448817 140411597268160 submission.py:307] 57500) loss = 0.969, grad_norm = 0.500
I0912 13:56:28.221646 140387201582848 logging_writer.py:48] [58000] global_step=58000, grad_norm=0.5, loss=0.989908
I0912 13:56:28.225420 140411597268160 submission.py:307] 58000) loss = 0.990, grad_norm = 0.500
I0912 14:02:36.311983 140390074140416 logging_writer.py:48] [58500] global_step=58500, grad_norm=0.5, loss=0.978405
I0912 14:02:36.315675 140411597268160 submission.py:307] 58500) loss = 0.978, grad_norm = 0.500
I0912 14:08:27.124010 140387201582848 logging_writer.py:48] [59000] global_step=59000, grad_norm=0.5, loss=0.965366
I0912 14:08:27.128525 140411597268160 submission.py:307] 59000) loss = 0.965, grad_norm = 0.500
I0912 14:12:29.719625 140390074140416 logging_writer.py:48] [59500] global_step=59500, grad_norm=0.5, loss=0.989736
I0912 14:12:29.723464 140411597268160 submission.py:307] 59500) loss = 0.990, grad_norm = 0.500
I0912 14:20:12.757153 140387201582848 logging_writer.py:48] [60000] global_step=60000, grad_norm=0.5, loss=1.02305
I0912 14:20:12.761043 140411597268160 submission.py:307] 60000) loss = 1.023, grad_norm = 0.500
I0912 14:21:51.121289 140411597268160 spec.py:333] Evaluating on the training split.
/usr/local/lib/python3.11/multiprocessing/popen_fork.py:66: RuntimeWarning: os.fork() was called. os.fork() is incompatible with multithreaded code, and JAX is multithreaded, so this will likely lead to a deadlock.
  self.pid = os.fork()
I0912 14:22:27.348691 140411597268160 spec.py:346] Evaluating on the validation split.
I0912 14:23:30.747842 140411597268160 spec.py:363] Evaluating on the test split.
I0912 14:23:31.645980 140411597268160 submission_runner.py:516] Time since start: 42635.12s, 	Step: 60240, 	{'train/accuracy': 0.7339365433673469, 'train/loss': 4.250097780811544, 'validation/accuracy': 0.60516, 'validation/loss': 3.680009375, 'validation/num_examples': 50000, 'test/accuracy': 0.5419, 'test/loss': 2.3658654296875, 'test/num_examples': 10000, 'score': 40019.40243244171, 'total_duration': 42635.11920881271, 'accumulated_submission_time': 40019.40243244171, 'accumulated_eval_time': 2515.279800891876, 'accumulated_logging_time': 4.556050777435303}
I0912 14:23:31.907611 140389948249856 logging_writer.py:48] [60240] accumulated_eval_time=2515.28, accumulated_logging_time=4.55605, accumulated_submission_time=40019.4, global_step=60240, preemption_count=0, score=40019.4, test/accuracy=0.5419, test/loss=2.36587, test/num_examples=10000, total_duration=42635.1, train/accuracy=0.733937, train/loss=4.2501, validation/accuracy=0.60516, validation/loss=3.68001, validation/num_examples=50000
I0912 14:25:38.272238 140390065747712 logging_writer.py:48] [60500] global_step=60500, grad_norm=0.5, loss=0.980697
I0912 14:25:38.276071 140411597268160 submission.py:307] 60500) loss = 0.981, grad_norm = 0.500
I0912 14:32:03.568670 140389948249856 logging_writer.py:48] [61000] global_step=61000, grad_norm=0.5, loss=1.00782
I0912 14:32:03.572427 140411597268160 submission.py:307] 61000) loss = 1.008, grad_norm = 0.500
I0912 14:38:12.435132 140390065747712 logging_writer.py:48] [61500] global_step=61500, grad_norm=0.499999, loss=0.893844
I0912 14:38:12.440210 140411597268160 submission.py:307] 61500) loss = 0.894, grad_norm = 0.500
I0912 14:42:07.450584 140389948249856 logging_writer.py:48] [62000] global_step=62000, grad_norm=0.5, loss=0.999146
I0912 14:42:07.454456 140411597268160 submission.py:307] 62000) loss = 0.999, grad_norm = 0.500
I0912 14:49:51.564681 140390065747712 logging_writer.py:48] [62500] global_step=62500, grad_norm=0.5, loss=0.926066
I0912 14:49:51.568420 140411597268160 submission.py:307] 62500) loss = 0.926, grad_norm = 0.500
I0912 14:53:19.429129 140389948249856 logging_writer.py:48] [63000] global_step=63000, grad_norm=0.5, loss=0.98849
I0912 14:53:19.433715 140411597268160 submission.py:307] 63000) loss = 0.988, grad_norm = 0.500
I0912 14:56:55.668468 140411597268160 spec.py:333] Evaluating on the training split.
/usr/local/lib/python3.11/multiprocessing/popen_fork.py:66: RuntimeWarning: os.fork() was called. os.fork() is incompatible with multithreaded code, and JAX is multithreaded, so this will likely lead to a deadlock.
  self.pid = os.fork()
I0912 14:57:41.647223 140411597268160 spec.py:346] Evaluating on the validation split.
I0912 14:58:52.168135 140411597268160 spec.py:363] Evaluating on the test split.
I0912 14:58:53.030497 140411597268160 submission_runner.py:516] Time since start: 44756.50s, 	Step: 63355, 	{'train/accuracy': 0.7662228954081632, 'train/loss': 3.4690078423947703, 'validation/accuracy': 0.60764, 'validation/loss': 3.729314375, 'validation/num_examples': 50000, 'test/accuracy': 0.5399, 'test/loss': 2.441900390625, 'test/num_examples': 10000, 'score': 42017.28895163536, 'total_duration': 44756.503669023514, 'accumulated_submission_time': 42017.28895163536, 'accumulated_eval_time': 2632.6418223381042, 'accumulated_logging_time': 4.827040195465088}
I0912 14:58:53.253135 140390057355008 logging_writer.py:48] [63355] accumulated_eval_time=2632.64, accumulated_logging_time=4.82704, accumulated_submission_time=42017.3, global_step=63355, preemption_count=0, score=42017.3, test/accuracy=0.5399, test/loss=2.4419, test/num_examples=10000, total_duration=44756.5, train/accuracy=0.766223, train/loss=3.46901, validation/accuracy=0.60764, validation/loss=3.72931, validation/num_examples=50000
I0912 15:00:13.164971 140389990213376 logging_writer.py:48] [63500] global_step=63500, grad_norm=0.5, loss=0.869769
I0912 15:00:13.168719 140411597268160 submission.py:307] 63500) loss = 0.870, grad_norm = 0.500
I0912 15:06:28.748045 140390057355008 logging_writer.py:48] [64000] global_step=64000, grad_norm=0.5, loss=0.828772
I0912 15:06:28.752855 140411597268160 submission.py:307] 64000) loss = 0.829, grad_norm = 0.500
I0912 15:10:59.171285 140389990213376 logging_writer.py:48] [64500] global_step=64500, grad_norm=0.5, loss=0.901852
I0912 15:10:59.175330 140411597268160 submission.py:307] 64500) loss = 0.902, grad_norm = 0.500
I0912 15:18:35.111548 140390057355008 logging_writer.py:48] [65000] global_step=65000, grad_norm=0.5, loss=0.96482
I0912 15:18:35.115343 140411597268160 submission.py:307] 65000) loss = 0.965, grad_norm = 0.500
I0912 15:21:59.742727 140389990213376 logging_writer.py:48] [65500] global_step=65500, grad_norm=0.5, loss=0.857888
I0912 15:21:59.747727 140411597268160 submission.py:307] 65500) loss = 0.858, grad_norm = 0.500
I0912 15:27:45.841111 140390057355008 logging_writer.py:48] [66000] global_step=66000, grad_norm=0.5, loss=0.938355
I0912 15:27:45.844874 140411597268160 submission.py:307] 66000) loss = 0.938, grad_norm = 0.500
I0912 15:32:11.306126 140411597268160 spec.py:333] Evaluating on the training split.
/usr/local/lib/python3.11/multiprocessing/popen_fork.py:66: RuntimeWarning: os.fork() was called. os.fork() is incompatible with multithreaded code, and JAX is multithreaded, so this will likely lead to a deadlock.
  self.pid = os.fork()
I0912 15:32:35.599513 140411597268160 spec.py:346] Evaluating on the validation split.
I0912 15:33:39.217180 140411597268160 spec.py:363] Evaluating on the test split.
I0912 15:33:40.108738 140411597268160 submission_runner.py:516] Time since start: 46843.58s, 	Step: 66260, 	{'train/accuracy': 0.7411910076530612, 'train/loss': 4.541734967912946, 'validation/accuracy': 0.61386, 'validation/loss': 3.7965825, 'validation/num_examples': 50000, 'test/accuracy': 0.5465, 'test/loss': 2.424560546875, 'test/num_examples': 10000, 'score': 44011.472423791885, 'total_duration': 46843.58191680908, 'accumulated_submission_time': 44011.472423791885, 'accumulated_eval_time': 2721.444454908371, 'accumulated_logging_time': 5.059232711791992}
I0912 15:33:40.369746 140389956642560 logging_writer.py:48] [66260] accumulated_eval_time=2721.44, accumulated_logging_time=5.05923, accumulated_submission_time=44011.5, global_step=66260, preemption_count=0, score=44011.5, test/accuracy=0.5465, test/loss=2.42456, test/num_examples=10000, total_duration=46843.6, train/accuracy=0.741191, train/loss=4.54173, validation/accuracy=0.61386, validation/loss=3.79658, validation/num_examples=50000
I0912 15:35:36.918537 140390074140416 logging_writer.py:48] [66500] global_step=66500, grad_norm=0.5, loss=0.836715
I0912 15:35:36.922784 140411597268160 submission.py:307] 66500) loss = 0.837, grad_norm = 0.500
I0912 15:40:21.909274 140389956642560 logging_writer.py:48] [67000] global_step=67000, grad_norm=0.5, loss=0.878646
I0912 15:40:21.913088 140411597268160 submission.py:307] 67000) loss = 0.879, grad_norm = 0.500
I0912 15:48:11.632773 140390074140416 logging_writer.py:48] [67500] global_step=67500, grad_norm=0.5, loss=0.867609
I0912 15:48:11.636595 140411597268160 submission.py:307] 67500) loss = 0.868, grad_norm = 0.500
I0912 15:51:41.039981 140389956642560 logging_writer.py:48] [68000] global_step=68000, grad_norm=0.5, loss=0.898535
I0912 15:51:41.044165 140411597268160 submission.py:307] 68000) loss = 0.899, grad_norm = 0.500
I0912 15:57:34.580519 140390074140416 logging_writer.py:48] [68500] global_step=68500, grad_norm=0.5, loss=0.954628
I0912 15:57:34.584280 140411597268160 submission.py:307] 68500) loss = 0.955, grad_norm = 0.500
I0912 16:03:35.914745 140389956642560 logging_writer.py:48] [69000] global_step=69000, grad_norm=0.5, loss=0.889634
I0912 16:03:35.921107 140411597268160 submission.py:307] 69000) loss = 0.890, grad_norm = 0.500
I0912 16:06:58.850305 140411597268160 spec.py:333] Evaluating on the training split.
/usr/local/lib/python3.11/multiprocessing/popen_fork.py:66: RuntimeWarning: os.fork() was called. os.fork() is incompatible with multithreaded code, and JAX is multithreaded, so this will likely lead to a deadlock.
  self.pid = os.fork()
I0912 16:07:52.106948 140411597268160 spec.py:346] Evaluating on the validation split.
I0912 16:09:00.997643 140411597268160 spec.py:363] Evaluating on the test split.
I0912 16:09:01.857810 140411597268160 submission_runner.py:516] Time since start: 48965.33s, 	Step: 69453, 	{'train/accuracy': 0.7394571109693877, 'train/loss': 4.600998236208546, 'validation/accuracy': 0.60794, 'validation/loss': 3.766720625, 'validation/num_examples': 50000, 'test/accuracy': 0.5419, 'test/loss': 2.48736328125, 'test/num_examples': 10000, 'score': 46004.137469530106, 'total_duration': 48965.33098864555, 'accumulated_submission_time': 46004.137469530106, 'accumulated_eval_time': 2844.452032327652, 'accumulated_logging_time': 5.329614877700806}
I0912 16:09:02.165881 140387592111872 logging_writer.py:48] [69453] accumulated_eval_time=2844.45, accumulated_logging_time=5.32961, accumulated_submission_time=46004.1, global_step=69453, preemption_count=0, score=46004.1, test/accuracy=0.5419, test/loss=2.48736, test/num_examples=10000, total_duration=48965.3, train/accuracy=0.739457, train/loss=4.601, validation/accuracy=0.60794, validation/loss=3.76672, validation/num_examples=50000
I0912 16:09:14.886339 140390099318528 logging_writer.py:48] [69500] global_step=69500, grad_norm=0.5, loss=0.900206
I0912 16:09:14.889638 140411597268160 submission.py:307] 69500) loss = 0.900, grad_norm = 0.500
I0912 16:16:54.347544 140387592111872 logging_writer.py:48] [70000] global_step=70000, grad_norm=0.5, loss=0.838184
I0912 16:16:54.351400 140411597268160 submission.py:307] 70000) loss = 0.838, grad_norm = 0.500
I0912 16:20:56.077470 140390099318528 logging_writer.py:48] [70500] global_step=70500, grad_norm=0.5, loss=0.842395
I0912 16:20:56.082274 140411597268160 submission.py:307] 70500) loss = 0.842, grad_norm = 0.500
I0912 16:26:44.143733 140387592111872 logging_writer.py:48] [71000] global_step=71000, grad_norm=0.5, loss=0.79205
I0912 16:26:44.147678 140411597268160 submission.py:307] 71000) loss = 0.792, grad_norm = 0.500
I0912 16:32:44.129396 140390099318528 logging_writer.py:48] [71500] global_step=71500, grad_norm=0.5, loss=0.818705
I0912 16:32:44.135083 140411597268160 submission.py:307] 71500) loss = 0.819, grad_norm = 0.500
I0912 16:36:38.243186 140387592111872 logging_writer.py:48] [72000] global_step=72000, grad_norm=0.5, loss=0.921557
I0912 16:36:38.247169 140411597268160 submission.py:307] 72000) loss = 0.922, grad_norm = 0.500
I0912 16:42:20.253082 140411597268160 spec.py:333] Evaluating on the training split.
/usr/local/lib/python3.11/multiprocessing/popen_fork.py:66: RuntimeWarning: os.fork() was called. os.fork() is incompatible with multithreaded code, and JAX is multithreaded, so this will likely lead to a deadlock.
  self.pid = os.fork()
I0912 16:42:54.063579 140411597268160 spec.py:346] Evaluating on the validation split.
I0912 16:44:20.689672 140411597268160 spec.py:363] Evaluating on the test split.
I0912 16:44:21.551105 140411597268160 submission_runner.py:516] Time since start: 51085.02s, 	Step: 72390, 	{'train/accuracy': 0.7686344068877551, 'train/loss': 4.249235192123725, 'validation/accuracy': 0.61002, 'validation/loss': 3.8339628125, 'validation/num_examples': 50000, 'test/accuracy': 0.5405, 'test/loss': 2.52101484375, 'test/num_examples': 10000, 'score': 47997.16594219208, 'total_duration': 51085.02428627014, 'accumulated_submission_time': 47997.16594219208, 'accumulated_eval_time': 2965.7500581741333, 'accumulated_logging_time': 5.646993637084961}
I0912 16:44:21.797071 140390006998784 logging_writer.py:48] [72390] accumulated_eval_time=2965.75, accumulated_logging_time=5.64699, accumulated_submission_time=47997.2, global_step=72390, preemption_count=0, score=47997.2, test/accuracy=0.5405, test/loss=2.52101, test/num_examples=10000, total_duration=51085, train/accuracy=0.768634, train/loss=4.24924, validation/accuracy=0.61002, validation/loss=3.83396, validation/num_examples=50000
I0912 16:45:08.882872 140390048962304 logging_writer.py:48] [72500] global_step=72500, grad_norm=0.5, loss=0.916
I0912 16:45:08.886598 140411597268160 submission.py:307] 72500) loss = 0.916, grad_norm = 0.500
I0912 16:49:27.241153 140390006998784 logging_writer.py:48] [73000] global_step=73000, grad_norm=0.5, loss=0.886878
I0912 16:49:27.245145 140411597268160 submission.py:307] 73000) loss = 0.887, grad_norm = 0.500
I0912 16:55:42.412860 140390048962304 logging_writer.py:48] [73500] global_step=73500, grad_norm=0.5, loss=0.912614
I0912 16:55:42.417026 140411597268160 submission.py:307] 73500) loss = 0.913, grad_norm = 0.500
I0912 17:01:38.306741 140390006998784 logging_writer.py:48] [74000] global_step=74000, grad_norm=0.5, loss=0.899296
I0912 17:01:38.311408 140411597268160 submission.py:307] 74000) loss = 0.899, grad_norm = 0.500
I0912 17:05:30.164259 140390048962304 logging_writer.py:48] [74500] global_step=74500, grad_norm=0.5, loss=0.911122
I0912 17:05:30.168349 140411597268160 submission.py:307] 74500) loss = 0.911, grad_norm = 0.500
I0912 17:13:17.559234 140390006998784 logging_writer.py:48] [75000] global_step=75000, grad_norm=0.5, loss=0.832376
I0912 17:13:17.563047 140411597268160 submission.py:307] 75000) loss = 0.832, grad_norm = 0.500
I0912 17:16:46.970399 140390048962304 logging_writer.py:48] [75500] global_step=75500, grad_norm=0.5, loss=0.842876
I0912 17:16:46.974355 140411597268160 submission.py:307] 75500) loss = 0.843, grad_norm = 0.500
I0912 17:17:40.244601 140411597268160 spec.py:333] Evaluating on the training split.
/usr/local/lib/python3.11/multiprocessing/popen_fork.py:66: RuntimeWarning: os.fork() was called. os.fork() is incompatible with multithreaded code, and JAX is multithreaded, so this will likely lead to a deadlock.
  self.pid = os.fork()
I0912 17:18:26.533801 140411597268160 spec.py:346] Evaluating on the validation split.
I0912 17:19:31.502663 140411597268160 spec.py:363] Evaluating on the test split.
I0912 17:19:32.363318 140411597268160 submission_runner.py:516] Time since start: 53195.84s, 	Step: 75606, 	{'train/accuracy': 0.7893813775510204, 'train/loss': 3.65380859375, 'validation/accuracy': 0.60568, 'validation/loss': 3.93482125, 'validation/num_examples': 50000, 'test/accuracy': 0.5424, 'test/loss': 2.534219921875, 'test/num_examples': 10000, 'score': 49989.45276546478, 'total_duration': 53195.83649134636, 'accumulated_submission_time': 49989.45276546478, 'accumulated_eval_time': 3077.8687732219696, 'accumulated_logging_time': 5.9023377895355225}
I0912 17:19:32.633461 140390006998784 logging_writer.py:48] [75606] accumulated_eval_time=3077.87, accumulated_logging_time=5.90234, accumulated_submission_time=49989.5, global_step=75606, preemption_count=0, score=49989.5, test/accuracy=0.5424, test/loss=2.53422, test/num_examples=10000, total_duration=53195.8, train/accuracy=0.789381, train/loss=3.65381, validation/accuracy=0.60568, validation/loss=3.93482, validation/num_examples=50000
I0912 17:24:34.267189 140389981820672 logging_writer.py:48] [76000] global_step=76000, grad_norm=0.5, loss=0.822129
I0912 17:24:34.271057 140411597268160 submission.py:307] 76000) loss = 0.822, grad_norm = 0.500
I0912 17:30:59.714081 140390006998784 logging_writer.py:48] [76500] global_step=76500, grad_norm=0.5, loss=0.814313
I0912 17:30:59.718319 140411597268160 submission.py:307] 76500) loss = 0.814, grad_norm = 0.500
I0912 17:34:55.771270 140389981820672 logging_writer.py:48] [77000] global_step=77000, grad_norm=0.5, loss=0.843721
I0912 17:34:55.774919 140411597268160 submission.py:307] 77000) loss = 0.844, grad_norm = 0.500
I0912 17:42:39.764246 140390006998784 logging_writer.py:48] [77500] global_step=77500, grad_norm=0.5, loss=0.771653
I0912 17:42:39.767951 140411597268160 submission.py:307] 77500) loss = 0.772, grad_norm = 0.500
I0912 17:46:09.614822 140389981820672 logging_writer.py:48] [78000] global_step=78000, grad_norm=0.5, loss=0.801329
I0912 17:46:09.618901 140411597268160 submission.py:307] 78000) loss = 0.801, grad_norm = 0.500
I0912 17:51:33.375078 140390006998784 logging_writer.py:48] [78500] global_step=78500, grad_norm=0.5, loss=0.860907
I0912 17:51:33.378917 140411597268160 submission.py:307] 78500) loss = 0.861, grad_norm = 0.500
I0912 17:52:50.067901 140411597268160 spec.py:333] Evaluating on the training split.
/usr/local/lib/python3.11/multiprocessing/popen_fork.py:66: RuntimeWarning: os.fork() was called. os.fork() is incompatible with multithreaded code, and JAX is multithreaded, so this will likely lead to a deadlock.
  self.pid = os.fork()
I0912 17:53:27.471028 140411597268160 spec.py:346] Evaluating on the validation split.
I0912 17:54:47.410161 140411597268160 spec.py:363] Evaluating on the test split.
I0912 17:54:48.271432 140411597268160 submission_runner.py:516] Time since start: 55311.74s, 	Step: 78568, 	{'train/accuracy': 0.8084143813775511, 'train/loss': 3.4343616719148597, 'validation/accuracy': 0.60452, 'validation/loss': 4.179504375, 'validation/num_examples': 50000, 'test/accuracy': 0.5439, 'test/loss': 2.54808125, 'test/num_examples': 10000, 'score': 51982.49979019165, 'total_duration': 55311.744655132294, 'accumulated_submission_time': 51982.49979019165, 'accumulated_eval_time': 3196.0724246501923, 'accumulated_logging_time': 6.18151068687439}
I0912 17:54:48.650378 140390082533120 logging_writer.py:48] [78568] accumulated_eval_time=3196.07, accumulated_logging_time=6.18151, accumulated_submission_time=51982.5, global_step=78568, preemption_count=0, score=51982.5, test/accuracy=0.5439, test/loss=2.54808, test/num_examples=10000, total_duration=55311.7, train/accuracy=0.808414, train/loss=3.43436, validation/accuracy=0.60452, validation/loss=4.1795, validation/num_examples=50000
I0912 17:59:07.265183 140389973427968 logging_writer.py:48] [79000] global_step=79000, grad_norm=0.5, loss=0.743133
I0912 17:59:07.269454 140411597268160 submission.py:307] 79000) loss = 0.743, grad_norm = 0.500
I0912 18:03:38.991789 140390082533120 logging_writer.py:48] [79500] global_step=79500, grad_norm=0.5, loss=0.810817
I0912 18:03:38.995506 140411597268160 submission.py:307] 79500) loss = 0.811, grad_norm = 0.500
I0912 18:11:12.327372 140389973427968 logging_writer.py:48] [80000] global_step=80000, grad_norm=0.5, loss=0.878504
I0912 18:11:12.331257 140411597268160 submission.py:307] 80000) loss = 0.879, grad_norm = 0.500
I0912 18:14:41.537234 140390082533120 logging_writer.py:48] [80500] global_step=80500, grad_norm=0.5, loss=0.846268
I0912 18:14:41.542546 140411597268160 submission.py:307] 80500) loss = 0.846, grad_norm = 0.500
I0912 18:20:09.721250 140389973427968 logging_writer.py:48] [81000] global_step=81000, grad_norm=0.5, loss=0.793304
I0912 18:20:09.724951 140411597268160 submission.py:307] 81000) loss = 0.793, grad_norm = 0.500
I0912 18:26:29.179116 140390082533120 logging_writer.py:48] [81500] global_step=81500, grad_norm=0.5, loss=0.726836
I0912 18:26:29.201896 140411597268160 submission.py:307] 81500) loss = 0.727, grad_norm = 0.500
I0912 18:28:06.737611 140411597268160 spec.py:333] Evaluating on the training split.
/usr/local/lib/python3.11/multiprocessing/popen_fork.py:66: RuntimeWarning: os.fork() was called. os.fork() is incompatible with multithreaded code, and JAX is multithreaded, so this will likely lead to a deadlock.
  self.pid = os.fork()
I0912 18:28:52.440334 140411597268160 spec.py:346] Evaluating on the validation split.
I0912 18:29:56.453804 140411597268160 spec.py:363] Evaluating on the test split.
I0912 18:29:57.314420 140411597268160 submission_runner.py:516] Time since start: 57420.79s, 	Step: 81755, 	{'train/accuracy': 0.7738360969387755, 'train/loss': 4.3157329948581, 'validation/accuracy': 0.60878, 'validation/loss': 3.9008559375, 'validation/num_examples': 50000, 'test/accuracy': 0.5395, 'test/loss': 2.718340625, 'test/num_examples': 10000, 'score': 53974.51514530182, 'total_duration': 57420.78761053085, 'accumulated_submission_time': 53974.51514530182, 'accumulated_eval_time': 3306.6501145362854, 'accumulated_logging_time': 6.569916725158691}
I0912 18:29:57.578937 140389981820672 logging_writer.py:48] [81755] accumulated_eval_time=3306.65, accumulated_logging_time=6.56992, accumulated_submission_time=53974.5, global_step=81755, preemption_count=0, score=53974.5, test/accuracy=0.5395, test/loss=2.71834, test/num_examples=10000, total_duration=57420.8, train/accuracy=0.773836, train/loss=4.31573, validation/accuracy=0.60878, validation/loss=3.90086, validation/num_examples=50000
I0912 18:32:22.610202 140390032176896 logging_writer.py:48] [82000] global_step=82000, grad_norm=0.5, loss=0.772175
I0912 18:32:22.613736 140411597268160 submission.py:307] 82000) loss = 0.772, grad_norm = 0.500
I0912 18:40:15.254025 140389981820672 logging_writer.py:48] [82500] global_step=82500, grad_norm=0.499999, loss=0.854074
I0912 18:40:15.257753 140411597268160 submission.py:307] 82500) loss = 0.854, grad_norm = 0.500
I0912 18:44:06.837411 140390032176896 logging_writer.py:48] [83000] global_step=83000, grad_norm=0.5, loss=0.811201
I0912 18:44:06.841682 140411597268160 submission.py:307] 83000) loss = 0.811, grad_norm = 0.500
I0912 18:49:39.439405 140389981820672 logging_writer.py:48] [83500] global_step=83500, grad_norm=0.5, loss=0.816516
I0912 18:49:39.443061 140411597268160 submission.py:307] 83500) loss = 0.817, grad_norm = 0.500
I0912 18:55:57.647045 140390032176896 logging_writer.py:48] [84000] global_step=84000, grad_norm=0.5, loss=0.758524
I0912 18:55:57.652825 140411597268160 submission.py:307] 84000) loss = 0.759, grad_norm = 0.500
I0912 18:59:48.859996 140389981820672 logging_writer.py:48] [84500] global_step=84500, grad_norm=0.5, loss=0.846753
I0912 18:59:48.863786 140411597268160 submission.py:307] 84500) loss = 0.847, grad_norm = 0.500
I0912 19:03:15.488720 140411597268160 spec.py:333] Evaluating on the training split.
/usr/local/lib/python3.11/multiprocessing/popen_fork.py:66: RuntimeWarning: os.fork() was called. os.fork() is incompatible with multithreaded code, and JAX is multithreaded, so this will likely lead to a deadlock.
  self.pid = os.fork()
I0912 19:03:56.898503 140411597268160 spec.py:346] Evaluating on the validation split.
I0912 19:05:18.848312 140411597268160 spec.py:363] Evaluating on the test split.
I0912 19:05:19.709894 140411597268160 submission_runner.py:516] Time since start: 59543.18s, 	Step: 84769, 	{'train/accuracy': 0.7844985650510204, 'train/loss': 4.187828219666773, 'validation/accuracy': 0.5956, 'validation/loss': 4.42532375, 'validation/num_examples': 50000, 'test/accuracy': 0.5363, 'test/loss': 2.6479666015625, 'test/num_examples': 10000, 'score': 55967.39384794235, 'total_duration': 59543.1830201149, 'accumulated_submission_time': 55967.39384794235, 'accumulated_eval_time': 3430.871250152588, 'accumulated_logging_time': 6.843689918518066}
I0912 19:05:20.037100 140390090925824 logging_writer.py:48] [84769] accumulated_eval_time=3430.87, accumulated_logging_time=6.84369, accumulated_submission_time=55967.4, global_step=84769, preemption_count=0, score=55967.4, test/accuracy=0.5363, test/loss=2.64797, test/num_examples=10000, total_duration=59543.2, train/accuracy=0.784499, train/loss=4.18783, validation/accuracy=0.5956, validation/loss=4.42532, validation/num_examples=50000
I0912 19:08:09.541769 140390015391488 logging_writer.py:48] [85000] global_step=85000, grad_norm=0.5, loss=0.738188
I0912 19:08:09.545428 140411597268160 submission.py:307] 85000) loss = 0.738, grad_norm = 0.500
I0912 19:12:23.777981 140390090925824 logging_writer.py:48] [85500] global_step=85500, grad_norm=0.5, loss=0.801883
I0912 19:12:23.782583 140411597268160 submission.py:307] 85500) loss = 0.802, grad_norm = 0.500
I0912 19:18:26.098675 140390015391488 logging_writer.py:48] [86000] global_step=86000, grad_norm=0.5, loss=0.769278
I0912 19:18:26.102424 140411597268160 submission.py:307] 86000) loss = 0.769, grad_norm = 0.500
I0912 19:24:30.399685 140390090925824 logging_writer.py:48] [86500] global_step=86500, grad_norm=0.5, loss=0.754439
I0912 19:24:30.407392 140411597268160 submission.py:307] 86500) loss = 0.754, grad_norm = 0.500
I0912 19:28:20.195382 140390015391488 logging_writer.py:48] [87000] global_step=87000, grad_norm=0.5, loss=0.73879
I0912 19:28:20.199224 140411597268160 submission.py:307] 87000) loss = 0.739, grad_norm = 0.500
I0912 19:35:59.039781 140390090925824 logging_writer.py:48] [87500] global_step=87500, grad_norm=0.5, loss=0.775342
I0912 19:35:59.043557 140411597268160 submission.py:307] 87500) loss = 0.775, grad_norm = 0.500
I0912 19:38:37.612382 140411597268160 spec.py:333] Evaluating on the training split.
/usr/local/lib/python3.11/multiprocessing/popen_fork.py:66: RuntimeWarning: os.fork() was called. os.fork() is incompatible with multithreaded code, and JAX is multithreaded, so this will likely lead to a deadlock.
  self.pid = os.fork()
I0912 19:39:15.221458 140411597268160 spec.py:346] Evaluating on the validation split.
I0912 19:40:19.317577 140411597268160 spec.py:363] Evaluating on the test split.
I0912 19:40:20.209088 140411597268160 submission_runner.py:516] Time since start: 61643.68s, 	Step: 87863, 	{'train/accuracy': 0.8123604910714286, 'train/loss': 3.558631741270727, 'validation/accuracy': 0.60924, 'validation/loss': 4.02082625, 'validation/num_examples': 50000, 'test/accuracy': 0.5439, 'test/loss': 2.617235546875, 'test/num_examples': 10000, 'score': 57960.61058306694, 'total_duration': 61643.68226647377, 'accumulated_submission_time': 57960.61058306694, 'accumulated_eval_time': 3533.468069791794, 'accumulated_logging_time': 7.181390047073364}
I0912 19:40:20.575733 140389973427968 logging_writer.py:48] [87863] accumulated_eval_time=3533.47, accumulated_logging_time=7.18139, accumulated_submission_time=57960.6, global_step=87863, preemption_count=0, score=57960.6, test/accuracy=0.5439, test/loss=2.61724, test/num_examples=10000, total_duration=61643.7, train/accuracy=0.81236, train/loss=3.55863, validation/accuracy=0.60924, validation/loss=4.02083, validation/num_examples=50000
I0912 19:41:11.181840 140389981820672 logging_writer.py:48] [88000] global_step=88000, grad_norm=0.5, loss=0.771352
I0912 19:41:11.186013 140411597268160 submission.py:307] 88000) loss = 0.771, grad_norm = 0.500
I0912 19:47:45.553315 140389973427968 logging_writer.py:48] [88500] global_step=88500, grad_norm=0.5, loss=0.789712
I0912 19:47:45.557054 140411597268160 submission.py:307] 88500) loss = 0.790, grad_norm = 0.500
I0912 19:54:15.370921 140389981820672 logging_writer.py:48] [89000] global_step=89000, grad_norm=0.5, loss=0.712802
I0912 19:54:15.390014 140411597268160 submission.py:307] 89000) loss = 0.713, grad_norm = 0.500
I0912 19:57:58.570518 140389973427968 logging_writer.py:48] [89500] global_step=89500, grad_norm=0.5, loss=0.664049
I0912 19:57:58.574433 140411597268160 submission.py:307] 89500) loss = 0.664, grad_norm = 0.500
I0912 20:05:40.286255 140389981820672 logging_writer.py:48] [90000] global_step=90000, grad_norm=0.5, loss=0.784235
I0912 20:05:40.290140 140411597268160 submission.py:307] 90000) loss = 0.784, grad_norm = 0.500
I0912 20:09:19.642434 140389973427968 logging_writer.py:48] [90500] global_step=90500, grad_norm=0.5, loss=0.844771
I0912 20:09:19.653460 140411597268160 submission.py:307] 90500) loss = 0.845, grad_norm = 0.500
I0912 20:13:37.863559 140411597268160 spec.py:333] Evaluating on the training split.
/usr/local/lib/python3.11/multiprocessing/popen_fork.py:66: RuntimeWarning: os.fork() was called. os.fork() is incompatible with multithreaded code, and JAX is multithreaded, so this will likely lead to a deadlock.
  self.pid = os.fork()
I0912 20:14:26.049382 140411597268160 spec.py:346] Evaluating on the validation split.
I0912 20:15:44.211918 140411597268160 spec.py:363] Evaluating on the test split.
I0912 20:15:45.111709 140411597268160 submission_runner.py:516] Time since start: 63768.58s, 	Step: 90929, 	{'train/accuracy': 0.8195352359693877, 'train/loss': 3.6061793736049106, 'validation/accuracy': 0.60892, 'validation/loss': 4.214265, 'validation/num_examples': 50000, 'test/accuracy': 0.5419, 'test/loss': 2.7006576171875, 'test/num_examples': 10000, 'score': 59953.10913348198, 'total_duration': 63768.584854602814, 'accumulated_submission_time': 59953.10913348198, 'accumulated_eval_time': 3660.7162594795227, 'accumulated_logging_time': 7.5574729442596436}
I0912 20:15:45.383143 140389981820672 logging_writer.py:48] [90929] accumulated_eval_time=3660.72, accumulated_logging_time=7.55747, accumulated_submission_time=59953.1, global_step=90929, preemption_count=0, score=59953.1, test/accuracy=0.5419, test/loss=2.70066, test/num_examples=10000, total_duration=63768.6, train/accuracy=0.819535, train/loss=3.60618, validation/accuracy=0.60892, validation/loss=4.21427, validation/num_examples=50000
I0912 20:16:04.532231 140390032176896 logging_writer.py:48] [91000] global_step=91000, grad_norm=0.5, loss=0.747529
I0912 20:16:04.536923 140411597268160 submission.py:307] 91000) loss = 0.748, grad_norm = 0.500
I0912 20:22:23.753712 140389981820672 logging_writer.py:48] [91500] global_step=91500, grad_norm=0.5, loss=0.776157
I0912 20:22:23.779552 140411597268160 submission.py:307] 91500) loss = 0.776, grad_norm = 0.500
I0912 20:26:51.011304 140390032176896 logging_writer.py:48] [92000] global_step=92000, grad_norm=0.5, loss=0.663301
I0912 20:26:51.015775 140411597268160 submission.py:307] 92000) loss = 0.663, grad_norm = 0.500
I0912 20:34:15.056970 140389981820672 logging_writer.py:48] [92500] global_step=92500, grad_norm=0.5, loss=0.73193
I0912 20:34:15.060732 140411597268160 submission.py:307] 92500) loss = 0.732, grad_norm = 0.500
I0912 20:37:55.642435 140390032176896 logging_writer.py:48] [93000] global_step=93000, grad_norm=0.5, loss=0.739122
I0912 20:37:55.646772 140411597268160 submission.py:307] 93000) loss = 0.739, grad_norm = 0.500
I0912 20:43:24.937524 140389981820672 logging_writer.py:48] [93500] global_step=93500, grad_norm=0.5, loss=0.718059
I0912 20:43:24.941393 140411597268160 submission.py:307] 93500) loss = 0.718, grad_norm = 0.500
I0912 20:49:05.089445 140411597268160 spec.py:333] Evaluating on the training split.
/usr/local/lib/python3.11/multiprocessing/popen_fork.py:66: RuntimeWarning: os.fork() was called. os.fork() is incompatible with multithreaded code, and JAX is multithreaded, so this will likely lead to a deadlock.
  self.pid = os.fork()
I0912 20:49:39.025316 140411597268160 spec.py:346] Evaluating on the validation split.
I0912 20:50:42.332840 140411597268160 spec.py:363] Evaluating on the test split.
I0912 20:50:43.243312 140411597268160 submission_runner.py:516] Time since start: 65866.72s, 	Step: 93885, 	{'train/accuracy': 0.7375438456632653, 'train/loss': 6.002884845344388, 'validation/accuracy': 0.61222, 'validation/loss': 4.09152, 'validation/num_examples': 50000, 'test/accuracy': 0.5458, 'test/loss': 2.68063203125, 'test/num_examples': 10000, 'score': 61947.415028095245, 'total_duration': 65866.71648287773, 'accumulated_submission_time': 61947.415028095245, 'accumulated_eval_time': 3758.8702669143677, 'accumulated_logging_time': 7.838247060775757}
I0912 20:50:43.524527 140390015391488 logging_writer.py:48] [93885] accumulated_eval_time=3758.87, accumulated_logging_time=7.83825, accumulated_submission_time=61947.4, global_step=93885, preemption_count=0, score=61947.4, test/accuracy=0.5458, test/loss=2.68063, test/num_examples=10000, total_duration=65866.7, train/accuracy=0.737544, train/loss=6.00288, validation/accuracy=0.61222, validation/loss=4.09152, validation/num_examples=50000
I0912 20:51:13.475622 140390090925824 logging_writer.py:48] [94000] global_step=94000, grad_norm=0.499999, loss=0.633835
I0912 20:51:13.479498 140411597268160 submission.py:307] 94000) loss = 0.634, grad_norm = 0.500
I0912 20:56:17.357203 140390015391488 logging_writer.py:48] [94500] global_step=94500, grad_norm=0.5, loss=0.771777
I0912 20:56:17.360852 140411597268160 submission.py:307] 94500) loss = 0.772, grad_norm = 0.500
I0912 21:04:07.920850 140390090925824 logging_writer.py:48] [95000] global_step=95000, grad_norm=0.5, loss=0.741306
I0912 21:04:07.924740 140411597268160 submission.py:307] 95000) loss = 0.741, grad_norm = 0.500
I0912 21:07:47.700174 140390015391488 logging_writer.py:48] [95500] global_step=95500, grad_norm=0.5, loss=0.69903
I0912 21:07:47.704528 140411597268160 submission.py:307] 95500) loss = 0.699, grad_norm = 0.500
I0912 21:13:27.182260 140390090925824 logging_writer.py:48] [96000] global_step=96000, grad_norm=0.5, loss=0.644758
I0912 21:13:27.186219 140411597268160 submission.py:307] 96000) loss = 0.645, grad_norm = 0.500
I0912 21:19:44.716487 140390015391488 logging_writer.py:48] [96500] global_step=96500, grad_norm=0.5, loss=0.700516
I0912 21:19:44.745740 140411597268160 submission.py:307] 96500) loss = 0.701, grad_norm = 0.500
I0912 21:23:32.569347 140390090925824 logging_writer.py:48] [97000] global_step=97000, grad_norm=0.5, loss=0.652286
I0912 21:23:32.573282 140411597268160 submission.py:307] 97000) loss = 0.652, grad_norm = 0.500
I0912 21:24:02.003875 140411597268160 spec.py:333] Evaluating on the training split.
/usr/local/lib/python3.11/multiprocessing/popen_fork.py:66: RuntimeWarning: os.fork() was called. os.fork() is incompatible with multithreaded code, and JAX is multithreaded, so this will likely lead to a deadlock.
  self.pid = os.fork()
I0912 21:24:48.429954 140411597268160 spec.py:346] Evaluating on the validation split.
I0912 21:25:55.742979 140411597268160 spec.py:363] Evaluating on the test split.
I0912 21:25:56.604556 140411597268160 submission_runner.py:516] Time since start: 67980.08s, 	Step: 97041, 	{'train/accuracy': 0.7970145089285714, 'train/loss': 4.257398644272162, 'validation/accuracy': 0.60598, 'validation/loss': 4.1292421875, 'validation/num_examples': 50000, 'test/accuracy': 0.5379, 'test/loss': 2.7065611328125, 'test/num_examples': 10000, 'score': 63939.98579668999, 'total_duration': 67980.07772994041, 'accumulated_submission_time': 63939.98579668999, 'accumulated_eval_time': 3873.47101354599, 'accumulated_logging_time': 8.128909587860107}
I0912 21:25:56.983042 140389973427968 logging_writer.py:48] [97041] accumulated_eval_time=3873.47, accumulated_logging_time=8.12891, accumulated_submission_time=63940, global_step=97041, preemption_count=0, score=63940, test/accuracy=0.5379, test/loss=2.70656, test/num_examples=10000, total_duration=67980.1, train/accuracy=0.797015, train/loss=4.2574, validation/accuracy=0.60598, validation/loss=4.12924, validation/num_examples=50000
I0912 21:32:16.640394 140390074140416 logging_writer.py:48] [97500] global_step=97500, grad_norm=0.5, loss=0.756342
I0912 21:32:16.644330 140411597268160 submission.py:307] 97500) loss = 0.756, grad_norm = 0.500
I0912 21:36:43.067152 140389973427968 logging_writer.py:48] [98000] global_step=98000, grad_norm=0.5, loss=0.670761
I0912 21:36:43.071080 140411597268160 submission.py:307] 98000) loss = 0.671, grad_norm = 0.500
I0912 21:42:27.130776 140390074140416 logging_writer.py:48] [98500] global_step=98500, grad_norm=0.5, loss=0.759739
I0912 21:42:27.134737 140411597268160 submission.py:307] 98500) loss = 0.760, grad_norm = 0.500
I0912 21:48:33.973226 140389973427968 logging_writer.py:48] [99000] global_step=99000, grad_norm=0.5, loss=0.638876
I0912 21:48:33.983992 140411597268160 submission.py:307] 99000) loss = 0.639, grad_norm = 0.500
I0912 21:52:21.624979 140390074140416 logging_writer.py:48] [99500] global_step=99500, grad_norm=0.5, loss=0.633305
I0912 21:52:21.629065 140411597268160 submission.py:307] 99500) loss = 0.633, grad_norm = 0.500
I0912 21:59:21.734226 140411597268160 spec.py:333] Evaluating on the training split.
/usr/local/lib/python3.11/multiprocessing/popen_fork.py:66: RuntimeWarning: os.fork() was called. os.fork() is incompatible with multithreaded code, and JAX is multithreaded, so this will likely lead to a deadlock.
  self.pid = os.fork()
I0912 21:59:54.362386 140411597268160 spec.py:346] Evaluating on the validation split.
I0912 22:01:16.475771 140411597268160 spec.py:363] Evaluating on the test split.
I0912 22:01:17.340138 140411597268160 submission_runner.py:516] Time since start: 70100.81s, 	Step: 99969, 	{'train/accuracy': 0.7916533801020408, 'train/loss': 4.6550697793765945, 'validation/accuracy': 0.60732, 'validation/loss': 4.32330125, 'validation/num_examples': 50000, 'test/accuracy': 0.537, 'test/loss': 2.738551953125, 'test/num_examples': 10000, 'score': 65939.92808747292, 'total_duration': 70100.81326365471, 'accumulated_submission_time': 65939.92808747292, 'accumulated_eval_time': 3989.0768382549286, 'accumulated_logging_time': 8.517204523086548}
I0912 22:01:17.641635 140390090925824 logging_writer.py:48] [99969] accumulated_eval_time=3989.08, accumulated_logging_time=8.5172, accumulated_submission_time=65939.9, global_step=99969, preemption_count=0, score=65939.9, test/accuracy=0.537, test/loss=2.73855, test/num_examples=10000, total_duration=70100.8, train/accuracy=0.791653, train/loss=4.65507, validation/accuracy=0.60732, validation/loss=4.3233, validation/num_examples=50000
I0912 22:01:26.448365 140389965035264 logging_writer.py:48] [100000] global_step=100000, grad_norm=0.5, loss=0.639177
I0912 22:01:26.451858 140411597268160 submission.py:307] 100000) loss = 0.639, grad_norm = 0.500
I0912 22:05:26.235613 140390090925824 logging_writer.py:48] [100500] global_step=100500, grad_norm=0.5, loss=0.665361
I0912 22:05:26.239381 140411597268160 submission.py:307] 100500) loss = 0.665, grad_norm = 0.500
I0912 22:11:35.435483 140389965035264 logging_writer.py:48] [101000] global_step=101000, grad_norm=0.5, loss=0.707853
I0912 22:11:35.439387 140411597268160 submission.py:307] 101000) loss = 0.708, grad_norm = 0.500
I0912 22:17:47.307735 140390090925824 logging_writer.py:48] [101500] global_step=101500, grad_norm=0.5, loss=0.632475
I0912 22:17:47.333054 140411597268160 submission.py:307] 101500) loss = 0.632, grad_norm = 0.500
I0912 22:21:37.281486 140389965035264 logging_writer.py:48] [102000] global_step=102000, grad_norm=0.5, loss=0.755266
I0912 22:21:37.285415 140411597268160 submission.py:307] 102000) loss = 0.755, grad_norm = 0.500
I0912 22:29:17.549704 140390090925824 logging_writer.py:48] [102500] global_step=102500, grad_norm=0.5, loss=0.700239
I0912 22:29:17.553570 140411597268160 submission.py:307] 102500) loss = 0.700, grad_norm = 0.500
I0912 22:32:51.801691 140389965035264 logging_writer.py:48] [103000] global_step=103000, grad_norm=0.5, loss=0.673738
I0912 22:32:51.807988 140411597268160 submission.py:307] 103000) loss = 0.674, grad_norm = 0.500
I0912 22:34:36.071446 140411597268160 spec.py:333] Evaluating on the training split.
/usr/local/lib/python3.11/multiprocessing/popen_fork.py:66: RuntimeWarning: os.fork() was called. os.fork() is incompatible with multithreaded code, and JAX is multithreaded, so this will likely lead to a deadlock.
  self.pid = os.fork()
I0912 22:35:27.349787 140411597268160 spec.py:346] Evaluating on the validation split.
I0912 22:36:34.580155 140411597268160 spec.py:363] Evaluating on the test split.
I0912 22:36:35.442712 140411597268160 submission_runner.py:516] Time since start: 72218.92s, 	Step: 103202, 	{'train/accuracy': 0.8127391581632653, 'train/loss': 4.210806710379464, 'validation/accuracy': 0.61348, 'validation/loss': 4.36987, 'validation/num_examples': 50000, 'test/accuracy': 0.5385, 'test/loss': 2.759041015625, 'test/num_examples': 10000, 'score': 67932.3721754551, 'total_duration': 72218.91586017609, 'accumulated_submission_time': 67932.3721754551, 'accumulated_eval_time': 4108.448180913925, 'accumulated_logging_time': 8.829198837280273}
I0912 22:36:35.772975 140390099318528 logging_writer.py:48] [103202] accumulated_eval_time=4108.45, accumulated_logging_time=8.8292, accumulated_submission_time=67932.4, global_step=103202, preemption_count=0, score=67932.4, test/accuracy=0.5385, test/loss=2.75904, test/num_examples=10000, total_duration=72218.9, train/accuracy=0.812739, train/loss=4.21081, validation/accuracy=0.61348, validation/loss=4.36987, validation/num_examples=50000
I0912 22:40:13.748826 140390040569600 logging_writer.py:48] [103500] global_step=103500, grad_norm=0.5, loss=0.704589
I0912 22:40:13.753278 140411597268160 submission.py:307] 103500) loss = 0.705, grad_norm = 0.500
I0912 22:46:49.848510 140390099318528 logging_writer.py:48] [104000] global_step=104000, grad_norm=0.5, loss=0.654107
I0912 22:46:49.852579 140411597268160 submission.py:307] 104000) loss = 0.654, grad_norm = 0.500
I0912 22:50:58.179289 140390040569600 logging_writer.py:48] [104500] global_step=104500, grad_norm=0.5, loss=0.650874
I0912 22:50:58.183341 140411597268160 submission.py:307] 104500) loss = 0.651, grad_norm = 0.500
I0912 22:58:29.806497 140390099318528 logging_writer.py:48] [105000] global_step=105000, grad_norm=0.5, loss=0.736743
I0912 22:58:29.810378 140411597268160 submission.py:307] 105000) loss = 0.737, grad_norm = 0.500
I0912 23:02:15.560140 140390040569600 logging_writer.py:48] [105500] global_step=105500, grad_norm=0.5, loss=0.697499
I0912 23:02:15.564248 140411597268160 submission.py:307] 105500) loss = 0.697, grad_norm = 0.500
I0912 23:07:33.144525 140390099318528 logging_writer.py:48] [106000] global_step=106000, grad_norm=0.5, loss=0.658913
I0912 23:07:33.148342 140411597268160 submission.py:307] 106000) loss = 0.659, grad_norm = 0.500
I0912 23:09:53.513531 140411597268160 spec.py:333] Evaluating on the training split.
/usr/local/lib/python3.11/multiprocessing/popen_fork.py:66: RuntimeWarning: os.fork() was called. os.fork() is incompatible with multithreaded code, and JAX is multithreaded, so this will likely lead to a deadlock.
  self.pid = os.fork()
I0912 23:10:28.987664 140411597268160 spec.py:346] Evaluating on the validation split.
I0912 23:11:54.337498 140411597268160 spec.py:363] Evaluating on the test split.
I0912 23:11:55.215873 140411597268160 submission_runner.py:516] Time since start: 74338.69s, 	Step: 106137, 	{'train/accuracy': 0.8254145408163265, 'train/loss': 3.80894812759088, 'validation/accuracy': 0.60976, 'validation/loss': 4.3623375, 'validation/num_examples': 50000, 'test/accuracy': 0.5392, 'test/loss': 2.8169044921875, 'test/num_examples': 10000, 'score': 69925.38329291344, 'total_duration': 74338.68905472755, 'accumulated_submission_time': 69925.38329291344, 'accumulated_eval_time': 4230.150585651398, 'accumulated_logging_time': 9.16890573501587}
I0912 23:11:55.526952 140387201582848 logging_writer.py:48] [106137] accumulated_eval_time=4230.15, accumulated_logging_time=9.16891, accumulated_submission_time=69925.4, global_step=106137, preemption_count=0, score=69925.4, test/accuracy=0.5392, test/loss=2.8169, test/num_examples=10000, total_duration=74338.7, train/accuracy=0.825415, train/loss=3.80895, validation/accuracy=0.60976, validation/loss=4.36234, validation/num_examples=50000
I0912 23:15:20.469683 140390023784192 logging_writer.py:48] [106500] global_step=106500, grad_norm=0.5, loss=0.547094
I0912 23:15:20.473444 140411597268160 submission.py:307] 106500) loss = 0.547, grad_norm = 0.500
I0912 23:19:53.510751 140387201582848 logging_writer.py:48] [107000] global_step=107000, grad_norm=0.5, loss=0.638036
I0912 23:19:53.514527 140411597268160 submission.py:307] 107000) loss = 0.638, grad_norm = 0.500
I0912 23:27:26.550165 140390023784192 logging_writer.py:48] [107500] global_step=107500, grad_norm=0.5, loss=0.69401
I0912 23:27:26.554257 140411597268160 submission.py:307] 107500) loss = 0.694, grad_norm = 0.500
I0912 23:31:10.385007 140387201582848 logging_writer.py:48] [108000] global_step=108000, grad_norm=0.499999, loss=0.607678
I0912 23:31:10.389440 140411597268160 submission.py:307] 108000) loss = 0.608, grad_norm = 0.500
I0912 23:36:47.712199 140390023784192 logging_writer.py:48] [108500] global_step=108500, grad_norm=0.5, loss=0.644092
I0912 23:36:47.715909 140411597268160 submission.py:307] 108500) loss = 0.644, grad_norm = 0.500
I0912 23:43:10.777082 140387201582848 logging_writer.py:48] [109000] global_step=109000, grad_norm=0.5, loss=0.676606
I0912 23:43:10.806806 140411597268160 submission.py:307] 109000) loss = 0.677, grad_norm = 0.500
I0912 23:45:13.158087 140411597268160 spec.py:333] Evaluating on the training split.
/usr/local/lib/python3.11/multiprocessing/popen_fork.py:66: RuntimeWarning: os.fork() was called. os.fork() is incompatible with multithreaded code, and JAX is multithreaded, so this will likely lead to a deadlock.
  self.pid = os.fork()
I0912 23:45:57.115120 140411597268160 spec.py:346] Evaluating on the validation split.
I0912 23:47:01.889712 140411597268160 spec.py:363] Evaluating on the test split.
I0912 23:47:02.886205 140411597268160 submission_runner.py:516] Time since start: 76446.36s, 	Step: 109305, 	{'train/accuracy': 0.8047472895408163, 'train/loss': 4.569540218431122, 'validation/accuracy': 0.6078, 'validation/loss': 4.565165, 'validation/num_examples': 50000, 'test/accuracy': 0.5423, 'test/loss': 2.781318359375, 'test/num_examples': 10000, 'score': 71917.54116845131, 'total_duration': 76446.3592095375, 'accumulated_submission_time': 71917.54116845131, 'accumulated_eval_time': 4339.878563404083, 'accumulated_logging_time': 9.489476919174194}
I0912 23:47:03.153156 140390074140416 logging_writer.py:48] [109305] accumulated_eval_time=4339.88, accumulated_logging_time=9.48948, accumulated_submission_time=71917.5, global_step=109305, preemption_count=0, score=71917.5, test/accuracy=0.5423, test/loss=2.78132, test/num_examples=10000, total_duration=76446.4, train/accuracy=0.804747, train/loss=4.56954, validation/accuracy=0.6078, validation/loss=4.56517, validation/num_examples=50000
I0912 23:48:51.713505 140390065747712 logging_writer.py:48] [109500] global_step=109500, grad_norm=0.5, loss=0.589508
I0912 23:48:51.717286 140411597268160 submission.py:307] 109500) loss = 0.590, grad_norm = 0.500
I0912 23:56:41.332116 140390074140416 logging_writer.py:48] [110000] global_step=110000, grad_norm=0.5, loss=0.634296
I0912 23:56:41.336154 140411597268160 submission.py:307] 110000) loss = 0.634, grad_norm = 0.500
I0913 00:00:49.300246 140390065747712 logging_writer.py:48] [110500] global_step=110500, grad_norm=0.5, loss=0.653423
I0913 00:00:49.305255 140411597268160 submission.py:307] 110500) loss = 0.653, grad_norm = 0.500
I0913 00:06:09.733582 140390074140416 logging_writer.py:48] [111000] global_step=111000, grad_norm=0.5, loss=0.654046
I0913 00:06:09.737373 140411597268160 submission.py:307] 111000) loss = 0.654, grad_norm = 0.500
I0913 00:12:40.306806 140390065747712 logging_writer.py:48] [111500] global_step=111500, grad_norm=0.5, loss=0.549371
I0913 00:12:40.324527 140411597268160 submission.py:307] 111500) loss = 0.549, grad_norm = 0.500
I0913 00:16:31.726883 140390074140416 logging_writer.py:48] [112000] global_step=112000, grad_norm=0.5, loss=0.550006
I0913 00:16:31.730891 140411597268160 submission.py:307] 112000) loss = 0.550, grad_norm = 0.500
I0913 00:20:23.015877 140411597268160 spec.py:333] Evaluating on the training split.
/usr/local/lib/python3.11/multiprocessing/popen_fork.py:66: RuntimeWarning: os.fork() was called. os.fork() is incompatible with multithreaded code, and JAX is multithreaded, so this will likely lead to a deadlock.
  self.pid = os.fork()
I0913 00:21:03.254778 140411597268160 spec.py:346] Evaluating on the validation split.
I0913 00:22:25.655730 140411597268160 spec.py:363] Evaluating on the test split.
I0913 00:22:26.515308 140411597268160 submission_runner.py:516] Time since start: 78569.99s, 	Step: 112302, 	{'train/accuracy': 0.8119818239795918, 'train/loss': 4.524528036312181, 'validation/accuracy': 0.60438, 'validation/loss': 4.533105, 'validation/num_examples': 50000, 'test/accuracy': 0.5399, 'test/loss': 2.811767578125, 'test/num_examples': 10000, 'score': 73911.98550271988, 'total_duration': 78569.98849368095, 'accumulated_submission_time': 73911.98550271988, 'accumulated_eval_time': 4463.378042936325, 'accumulated_logging_time': 9.768167972564697}
I0913 00:22:26.916514 140390099318528 logging_writer.py:48] [112302] accumulated_eval_time=4463.38, accumulated_logging_time=9.76817, accumulated_submission_time=73912, global_step=112302, preemption_count=0, score=73912, test/accuracy=0.5399, test/loss=2.81177, test/num_examples=10000, total_duration=78570, train/accuracy=0.811982, train/loss=4.52453, validation/accuracy=0.60438, validation/loss=4.5331, validation/num_examples=50000
I0913 00:24:38.122423 140390048962304 logging_writer.py:48] [112500] global_step=112500, grad_norm=0.5, loss=0.612583
I0913 00:24:38.126334 140411597268160 submission.py:307] 112500) loss = 0.613, grad_norm = 0.500
I0913 00:29:10.678386 140390099318528 logging_writer.py:48] [113000] global_step=113000, grad_norm=0.5, loss=0.545379
I0913 00:29:10.682664 140411597268160 submission.py:307] 113000) loss = 0.545, grad_norm = 0.500
I0913 00:35:00.759061 140390048962304 logging_writer.py:48] [113500] global_step=113500, grad_norm=0.5, loss=0.661439
I0913 00:35:00.762892 140411597268160 submission.py:307] 113500) loss = 0.661, grad_norm = 0.500
I0913 00:41:18.659321 140390099318528 logging_writer.py:48] [114000] global_step=114000, grad_norm=0.5, loss=0.634262
I0913 00:41:18.664089 140411597268160 submission.py:307] 114000) loss = 0.634, grad_norm = 0.500
I0913 00:44:58.789774 140390048962304 logging_writer.py:48] [114500] global_step=114500, grad_norm=0.5, loss=0.598286
I0913 00:44:58.794031 140411597268160 submission.py:307] 114500) loss = 0.598, grad_norm = 0.500
I0913 00:52:23.200891 140390099318528 logging_writer.py:48] [115000] global_step=115000, grad_norm=0.5, loss=0.619005
I0913 00:52:23.205124 140411597268160 submission.py:307] 115000) loss = 0.619, grad_norm = 0.500
I0913 00:55:42.840517 140390048962304 logging_writer.py:48] [115412] global_step=115412, preemption_count=0, score=75904.2
I0913 00:55:48.253401 140411597268160 submission_runner.py:857] Final imagenet_resnet score: 75904.17921590805
