accumulated_eval_time,accumulated_logging_time,accumulated_submission_time,global_step,preemption_count,score,test/loss,test/num_examples,test/ppl,total_duration,train/loss,train/ppl,validation/loss,validation/num_examples,validation/ppl
220.4012830257416,0.0,45.30120277404785,1,0,45.30120277404785,0.0,0,1.0,266.29153513908386,11.063111114501954,63774.65379783826,11.063716332320972,100000,63813.26303703969
402.1314270496368,0.0384209156036376,2613.741951227188,6320,0,2613.741951227188,0.0,0,1.0,3019.858745574951,3.5455177307128904,34.657624014547494,3.539336611852621,100000,34.44406182767969
584.0462629795074,0.0859086513519287,5182.289000034332,12651,0,5182.289000034332,0.0,0,1.0,5773.398318529129,3.41069450378418,30.28627088675833,3.401488945612212,100000,30.008748193768696
766.2307357788086,0.1339972019195556,7751.174019575119,18984,0,7751.174019575119,0.0,0,1.0,8527.43597126007,3.3437515258789063,28.32519031531835,3.335188219309463,100000,28.08366861509302
948.1319918632508,0.1801631450653076,10320.136803627014,25318,0,10320.136803627014,0.0,0,1.0,11281.268933057783,3.288149642944336,26.793240697992125,3.2778813588954603,100000,26.51952777788752
1130.2858231067655,0.2268316745758056,12888.66524362564,31648,0,12888.66524362564,0.0,0,1.0,14035.03331565857,3.234752655029297,25.400088417675963,3.224559422953964,100000,25.14249450931773
1311.9611546993256,0.2730128765106201,15457.322835206984,37979,0,15457.322835206984,0.0,0,1.0,16788.46398472786,3.17358341217041,23.892949422443596,3.1635283253077047,100000,23.653907548019728
1493.862710237503,0.31742119789123535,18025.89689064026,44311,0,18025.89689064026,0.0,0,1.0,19541.944390296936,3.1145137786865233,22.522476782536657,3.102226862212276,100000,22.247438140097902
