submission,score
schedule_free_adamw,0.5056116722783399
schedule_free_adamw_v2,0.6374859708193034
cautious_nadamw,0.39057239057238985
lion,0.3759820426487086
nadamw,0.4124579124579117
nadamw_baselinev05,0.5140291806958482
