submission,score
nadamw_baselinev05,0.5190796857463533
lion,0.38383838383838315
nadamw,0.4124579124579117
schedule_free_adamw_v2,0.6459034792368118
cautious_nadamw,0.3961840628507287
