submission,score
schedule_free_adamw,0.5056116722783399
schedule_free_adamw_v2,0.6324354657687983
cautious_nadamw,0.38383838383838315
lion,0.37037037037036963
muon,0.301346801346801
ademamix,0.5993265993265987
nadamw,0.4057239057239049
nadamw_baselinev05,0.5089786756453433
