submission,score
nadamw_baselinev05,0.5140291806958482
lion,0.3759820426487086
nadamw,0.4124579124579117
schedule_free_adamw_v2,0.6374859708193034
schedule_free_adamw,0.5056116722783399
cautious_nadamw,0.39057239057238985
muon,0.30583613916947217
