torchrun --redirects 1:0,2:0,3:0 --standalone --nnodes=1 --nproc_per_node=4 submission_runner.py --framework=pytorch --workload=imagenet_resnet --submission_path=submissions_algorithms/submissions/self_tuning/ademamix_golden/submission.py --data_dir=/data/imagenet/pytorch --experiment_dir=/experiment_runs --experiment_name=submissions_a100/ademamix_golden/study_1 --overwrite=True --save_checkpoints=False --rng_seed=-1054496255 --imagenet_v2_data_dir=/data/imagenet/pytorch --torch_compile=true --tuning_ruleset=self 2>&1 | tee -a /logs/imagenet_resnet_pytorch_09-12-2026-11-08-18.log
W0912 11:08:21.756000 9 site-packages/torch/distributed/run.py:803] 
W0912 11:08:21.756000 9 site-packages/torch/distributed/run.py:803] *****************************************
W0912 11:08:21.756000 9 site-packages/torch/distributed/run.py:803] Setting OMP_NUM_THREADS environment variable for each process to be 1 in default, to avoid your system being overloaded, please further tune the variable for optimal performance in your application as needed. 
W0912 11:08:21.756000 9 site-packages/torch/distributed/run.py:803] *****************************************
2026-09-12 11:08:30.525326: E external/local_xla/xla/stream_executor/cuda/cuda_fft.cc:467] Unable to register cuFFT factory: Attempting to register factory for plugin cuFFT when one has already been registered
2026-09-12 11:08:30.525326: E external/local_xla/xla/stream_executor/cuda/cuda_fft.cc:467] Unable to register cuFFT factory: Attempting to register factory for plugin cuFFT when one has already been registered
2026-09-12 11:08:30.525325: E external/local_xla/xla/stream_executor/cuda/cuda_fft.cc:467] Unable to register cuFFT factory: Attempting to register factory for plugin cuFFT when one has already been registered
2026-09-12 11:08:30.525327: E external/local_xla/xla/stream_executor/cuda/cuda_fft.cc:467] Unable to register cuFFT factory: Attempting to register factory for plugin cuFFT when one has already been registered
WARNING: All log messages before absl::InitializeLog() is called are written to STDERR
WARNING: All log messages before absl::InitializeLog() is called are written to STDERR
WARNING: All log messages before absl::InitializeLog() is called are written to STDERR
WARNING: All log messages before absl::InitializeLog() is called are written to STDERR
E0000 00:00:1789211310.552408      38 cuda_dnn.cc:8579] Unable to register cuDNN factory: Attempting to register factory for plugin cuDNN when one has already been registered
E0000 00:00:1789211310.552407      39 cuda_dnn.cc:8579] Unable to register cuDNN factory: Attempting to register factory for plugin cuDNN when one has already been registered
E0000 00:00:1789211310.552408      41 cuda_dnn.cc:8579] Unable to register cuDNN factory: Attempting to register factory for plugin cuDNN when one has already been registered
E0000 00:00:1789211310.552417      40 cuda_dnn.cc:8579] Unable to register cuDNN factory: Attempting to register factory for plugin cuDNN when one has already been registered
E0000 00:00:1789211310.566856      41 cuda_blas.cc:1407] Unable to register cuBLAS factory: Attempting to register factory for plugin cuBLAS when one has already been registered
E0000 00:00:1789211310.566856      39 cuda_blas.cc:1407] Unable to register cuBLAS factory: Attempting to register factory for plugin cuBLAS when one has already been registered
E0000 00:00:1789211310.566858      38 cuda_blas.cc:1407] Unable to register cuBLAS factory: Attempting to register factory for plugin cuBLAS when one has already been registered
E0000 00:00:1789211310.566875      40 cuda_blas.cc:1407] Unable to register cuBLAS factory: Attempting to register factory for plugin cuBLAS when one has already been registered
W0000 00:00:1789211310.624657      41 computation_placer.cc:177] computation placer already registered. Please check linkage and avoid linking the same target more than once.
W0000 00:00:1789211310.624657      38 computation_placer.cc:177] computation placer already registered. Please check linkage and avoid linking the same target more than once.
W0000 00:00:1789211310.624657      40 computation_placer.cc:177] computation placer already registered. Please check linkage and avoid linking the same target more than once.
W0000 00:00:1789211310.624657      39 computation_placer.cc:177] computation placer already registered. Please check linkage and avoid linking the same target more than once.
W0000 00:00:1789211310.624688      38 computation_placer.cc:177] computation placer already registered. Please check linkage and avoid linking the same target more than once.
W0000 00:00:1789211310.624688      40 computation_placer.cc:177] computation placer already registered. Please check linkage and avoid linking the same target more than once.
W0000 00:00:1789211310.624688      39 computation_placer.cc:177] computation placer already registered. Please check linkage and avoid linking the same target more than once.
W0000 00:00:1789211310.624690      38 computation_placer.cc:177] computation placer already registered. Please check linkage and avoid linking the same target more than once.
W0000 00:00:1789211310.624691      40 computation_placer.cc:177] computation placer already registered. Please check linkage and avoid linking the same target more than once.
W0000 00:00:1789211310.624691      41 computation_placer.cc:177] computation placer already registered. Please check linkage and avoid linking the same target more than once.
W0000 00:00:1789211310.624691      39 computation_placer.cc:177] computation placer already registered. Please check linkage and avoid linking the same target more than once.
W0000 00:00:1789211310.624692      38 computation_placer.cc:177] computation placer already registered. Please check linkage and avoid linking the same target more than once.
W0000 00:00:1789211310.624693      40 computation_placer.cc:177] computation placer already registered. Please check linkage and avoid linking the same target more than once.
W0000 00:00:1789211310.624693      41 computation_placer.cc:177] computation placer already registered. Please check linkage and avoid linking the same target more than once.
W0000 00:00:1789211310.624694      39 computation_placer.cc:177] computation placer already registered. Please check linkage and avoid linking the same target more than once.
W0000 00:00:1789211310.624696      41 computation_placer.cc:177] computation placer already registered. Please check linkage and avoid linking the same target more than once.
W0000 00:00:1789211333.565215      39 gpu_device.cc:2341] Cannot dlopen some GPU libraries. Please make sure the missing libraries mentioned above are installed properly if you would like to use GPU. Follow the guide at https://www.tensorflow.org/install/gpu for how to download and setup the required libraries for your platform.
Skipping registering GPU devices...
W0000 00:00:1789211333.567302      38 gpu_device.cc:2341] Cannot dlopen some GPU libraries. Please make sure the missing libraries mentioned above are installed properly if you would like to use GPU. Follow the guide at https://www.tensorflow.org/install/gpu for how to download and setup the required libraries for your platform.
Skipping registering GPU devices...
W0000 00:00:1789211333.579603      41 gpu_device.cc:2341] Cannot dlopen some GPU libraries. Please make sure the missing libraries mentioned above are installed properly if you would like to use GPU. Follow the guide at https://www.tensorflow.org/install/gpu for how to download and setup the required libraries for your platform.
Skipping registering GPU devices...
W0000 00:00:1789211333.641822      40 gpu_device.cc:2341] Cannot dlopen some GPU libraries. Please make sure the missing libraries mentioned above are installed properly if you would like to use GPU. Follow the guide at https://www.tensorflow.org/install/gpu for how to download and setup the required libraries for your platform.
Skipping registering GPU devices...
/usr/local/lib/python3.11/site-packages/torch/__init__.py:1617: UserWarning: Please use the new API settings to control TF32 behavior, such as torch.backends.cudnn.conv.fp32_precision = 'tf32' or torch.backends.cuda.matmul.fp32_precision = 'ieee'. Old settings, e.g, torch.backends.cuda.matmul.allow_tf32 = True, torch.backends.cudnn.allow_tf32 = True, allowTF32CuDNN() and allowTF32CuBLAS() will be deprecated after Pytorch 2.9. Please see https://pytorch.org/docs/main/notes/cuda.html#tensorfloat-32-tf32-on-ampere-and-later-devices (Triggered internally at /pytorch/aten/src/ATen/Context.cpp:80.)
  _C._set_float32_matmul_precision(precision)
/usr/local/lib/python3.11/site-packages/torch/__init__.py:1617: UserWarning: Please use the new API settings to control TF32 behavior, such as torch.backends.cudnn.conv.fp32_precision = 'tf32' or torch.backends.cuda.matmul.fp32_precision = 'ieee'. Old settings, e.g, torch.backends.cuda.matmul.allow_tf32 = True, torch.backends.cudnn.allow_tf32 = True, allowTF32CuDNN() and allowTF32CuBLAS() will be deprecated after Pytorch 2.9. Please see https://pytorch.org/docs/main/notes/cuda.html#tensorfloat-32-tf32-on-ampere-and-later-devices (Triggered internally at /pytorch/aten/src/ATen/Context.cpp:80.)
  _C._set_float32_matmul_precision(precision)
/usr/local/lib/python3.11/site-packages/torch/__init__.py:1617: UserWarning: Please use the new API settings to control TF32 behavior, such as torch.backends.cudnn.conv.fp32_precision = 'tf32' or torch.backends.cuda.matmul.fp32_precision = 'ieee'. Old settings, e.g, torch.backends.cuda.matmul.allow_tf32 = True, torch.backends.cudnn.allow_tf32 = True, allowTF32CuDNN() and allowTF32CuBLAS() will be deprecated after Pytorch 2.9. Please see https://pytorch.org/docs/main/notes/cuda.html#tensorfloat-32-tf32-on-ampere-and-later-devices (Triggered internally at /pytorch/aten/src/ATen/Context.cpp:80.)
  _C._set_float32_matmul_precision(precision)
/usr/local/lib/python3.11/site-packages/torch/__init__.py:1617: UserWarning: Please use the new API settings to control TF32 behavior, such as torch.backends.cudnn.conv.fp32_precision = 'tf32' or torch.backends.cuda.matmul.fp32_precision = 'ieee'. Old settings, e.g, torch.backends.cuda.matmul.allow_tf32 = True, torch.backends.cudnn.allow_tf32 = True, allowTF32CuDNN() and allowTF32CuBLAS() will be deprecated after Pytorch 2.9. Please see https://pytorch.org/docs/main/notes/cuda.html#tensorfloat-32-tf32-on-ampere-and-later-devices (Triggered internally at /pytorch/aten/src/ATen/Context.cpp:80.)
  _C._set_float32_matmul_precision(precision)
/usr/local/lib/python3.11/site-packages/pydantic/_internal/_generate_schema.py:2249: UnsupportedFieldAttributeWarning: The 'repr' attribute with value False was provided to the `Field()` function, which has no effect in the context it was used. 'repr' is field-specific metadata, and can only be attached to a model field using `Annotated` metadata or by assignment. This may have happened because an `Annotated` type alias using the `type` statement was used, or if the `Field()` function was attached to a single member of a union type.
  warnings.warn(
/usr/local/lib/python3.11/site-packages/pydantic/_internal/_generate_schema.py:2249: UnsupportedFieldAttributeWarning: The 'repr' attribute with value False was provided to the `Field()` function, which has no effect in the context it was used. 'repr' is field-specific metadata, and can only be attached to a model field using `Annotated` metadata or by assignment. This may have happened because an `Annotated` type alias using the `type` statement was used, or if the `Field()` function was attached to a single member of a union type.
  warnings.warn(
/usr/local/lib/python3.11/site-packages/pydantic/_internal/_generate_schema.py:2249: UnsupportedFieldAttributeWarning: The 'repr' attribute with value False was provided to the `Field()` function, which has no effect in the context it was used. 'repr' is field-specific metadata, and can only be attached to a model field using `Annotated` metadata or by assignment. This may have happened because an `Annotated` type alias using the `type` statement was used, or if the `Field()` function was attached to a single member of a union type.
  warnings.warn(
/usr/local/lib/python3.11/site-packages/pydantic/_internal/_generate_schema.py:2249: UnsupportedFieldAttributeWarning: The 'repr' attribute with value False was provided to the `Field()` function, which has no effect in the context it was used. 'repr' is field-specific metadata, and can only be attached to a model field using `Annotated` metadata or by assignment. This may have happened because an `Annotated` type alias using the `type` statement was used, or if the `Field()` function was attached to a single member of a union type.
  warnings.warn(
/usr/local/lib/python3.11/site-packages/pydantic/_internal/_generate_schema.py:2249: UnsupportedFieldAttributeWarning: The 'frozen' attribute with value True was provided to the `Field()` function, which has no effect in the context it was used. 'frozen' is field-specific metadata, and can only be attached to a model field using `Annotated` metadata or by assignment. This may have happened because an `Annotated` type alias using the `type` statement was used, or if the `Field()` function was attached to a single member of a union type.
  warnings.warn(
/usr/local/lib/python3.11/site-packages/pydantic/_internal/_generate_schema.py:2249: UnsupportedFieldAttributeWarning: The 'frozen' attribute with value True was provided to the `Field()` function, which has no effect in the context it was used. 'frozen' is field-specific metadata, and can only be attached to a model field using `Annotated` metadata or by assignment. This may have happened because an `Annotated` type alias using the `type` statement was used, or if the `Field()` function was attached to a single member of a union type.
  warnings.warn(
/usr/local/lib/python3.11/site-packages/pydantic/_internal/_generate_schema.py:2249: UnsupportedFieldAttributeWarning: The 'frozen' attribute with value True was provided to the `Field()` function, which has no effect in the context it was used. 'frozen' is field-specific metadata, and can only be attached to a model field using `Annotated` metadata or by assignment. This may have happened because an `Annotated` type alias using the `type` statement was used, or if the `Field()` function was attached to a single member of a union type.
  warnings.warn(
/usr/local/lib/python3.11/site-packages/pydantic/_internal/_generate_schema.py:2249: UnsupportedFieldAttributeWarning: The 'frozen' attribute with value True was provided to the `Field()` function, which has no effect in the context it was used. 'frozen' is field-specific metadata, and can only be attached to a model field using `Annotated` metadata or by assignment. This may have happened because an `Annotated` type alias using the `type` statement was used, or if the `Field()` function was attached to a single member of a union type.
  warnings.warn(
/usr/local/lib/python3.11/site-packages/torch/distributed/distributed_c10d.py:4876: UserWarning: barrier(): using the device under current context. You can specify `device_id` in `init_process_group` to mute this warning.
  warnings.warn(  # warn only once
[rank0]:[W912 11:09:08.243851434 ProcessGroupNCCL.cpp:5068] Guessing device ID based on global rank. This can cause a hang if rank to GPU mapping is heterogeneous. You can specify device_id in init_process_group()
I0912 11:09:09.341496 140000775775424 logger_utils.py:84] Creating experiment directory at /experiment_runs/submissions_a100/ademamix_golden/study_1/imagenet_resnet_pytorch.
I0912 11:09:09.341499 140058249217216 logger_utils.py:84] Creating experiment directory at /experiment_runs/submissions_a100/ademamix_golden/study_1/imagenet_resnet_pytorch.
I0912 11:09:09.341495 140225541866688 logger_utils.py:84] Creating experiment directory at /experiment_runs/submissions_a100/ademamix_golden/study_1/imagenet_resnet_pytorch.
I0912 11:09:09.341510 140599000147136 logger_utils.py:84] Creating experiment directory at /experiment_runs/submissions_a100/ademamix_golden/study_1/imagenet_resnet_pytorch.
I0912 11:09:09.366657 140000775775424 submission_runner.py:741] Creating directory at /experiment_runs/submissions_a100/ademamix_golden/study_1/imagenet_resnet_pytorch/trial_1.
I0912 11:09:09.674688 140000775775424 submission_runner.py:242] Initializing dataset.
I0912 11:09:30.042046 140000775775424 submission_runner.py:251] Initializing model.
I0912 11:09:30.613112 140000775775424 submission_runner.py:290] Performing `torch.compile`.
I0912 11:09:34.420109 140000775775424 submission_runner.py:294] Initializing optimizer.
I0912 11:09:34.420954 140000775775424 submission_runner.py:299] Initializing metrics bundle.
I0912 11:09:34.421108 140000775775424 submission_runner.py:321] Initializing checkpoint and logger.
I0912 11:09:34.423401 140000775775424 submission_runner.py:344] Saving meta data to /experiment_runs/submissions_a100/ademamix_golden/study_1/imagenet_resnet_pytorch/trial_1/meta_data_0.json.
I0912 11:09:34.782319 140000775775424 submission_runner.py:348] Saving flags to /experiment_runs/submissions_a100/ademamix_golden/study_1/imagenet_resnet_pytorch/trial_1/flags_0.json.
I0912 11:09:34.822401 140000775775424 submission_runner.py:359] Starting training loop.
/usr/local/lib/python3.11/multiprocessing/popen_fork.py:66: RuntimeWarning: os.fork() was called. os.fork() is incompatible with multithreaded code, and JAX is multithreaded, so this will likely lead to a deadlock.
  self.pid = os.fork()
/usr/local/lib/python3.11/multiprocessing/popen_fork.py:66: RuntimeWarning: os.fork() was called. os.fork() is incompatible with multithreaded code, and JAX is multithreaded, so this will likely lead to a deadlock.
  self.pid = os.fork()
/usr/local/lib/python3.11/multiprocessing/popen_fork.py:66: RuntimeWarning: os.fork() was called. os.fork() is incompatible with multithreaded code, and JAX is multithreaded, so this will likely lead to a deadlock.
  self.pid = os.fork()
/usr/local/lib/python3.11/multiprocessing/popen_fork.py:66: RuntimeWarning: os.fork() was called. os.fork() is incompatible with multithreaded code, and JAX is multithreaded, so this will likely lead to a deadlock.
  self.pid = os.fork()
[rank2]:W0912 11:10:01.099000 40 site-packages/torch/_logging/_internal.py:1199] [0/0] Profiler function <class 'torch.autograd.profiler.record_function'> will be ignored
[rank3]:W0912 11:10:01.317000 41 site-packages/torch/_logging/_internal.py:1199] [0/0] Profiler function <class 'torch.autograd.profiler.record_function'> will be ignored
[rank0]:W0912 11:10:01.930000 38 site-packages/torch/_logging/_internal.py:1199] [0/0] Profiler function <class 'torch.autograd.profiler.record_function'> will be ignored
[rank1]:W0912 11:10:02.282000 39 site-packages/torch/_logging/_internal.py:1199] [0/0] Profiler function <class 'torch.autograd.profiler.record_function'> will be ignored
/usr/local/lib/python3.11/site-packages/torch/autograd/graph.py:841: UserWarning: Grad strides do not match bucket view strides. This may indicate grad was not created according to the gradient layout contract, or that the param's strides changed since DDP was constructed.  This is not an error, but may impair performance.
grad.sizes() = [2048, 512, 1, 1], strides() = [512, 1, 512, 512]
bucket_view.sizes() = [2048, 512, 1, 1], strides() = [512, 1, 1, 1] (Triggered internally at /pytorch/torch/csrc/distributed/c10d/reducer.cpp:334.)
  return Variable._execution_engine.run_backward(  # Calls into the C++ engine to run the backward pass
/usr/local/lib/python3.11/site-packages/torch/autograd/graph.py:841: UserWarning: Grad strides do not match bucket view strides. This may indicate grad was not created according to the gradient layout contract, or that the param's strides changed since DDP was constructed.  This is not an error, but may impair performance.
grad.sizes() = [2048, 512, 1, 1], strides() = [512, 1, 512, 512]
bucket_view.sizes() = [2048, 512, 1, 1], strides() = [512, 1, 1, 1] (Triggered internally at /pytorch/torch/csrc/distributed/c10d/reducer.cpp:334.)
  return Variable._execution_engine.run_backward(  # Calls into the C++ engine to run the backward pass
/usr/local/lib/python3.11/site-packages/torch/autograd/graph.py:841: UserWarning: Grad strides do not match bucket view strides. This may indicate grad was not created according to the gradient layout contract, or that the param's strides changed since DDP was constructed.  This is not an error, but may impair performance.
grad.sizes() = [2048, 512, 1, 1], strides() = [512, 1, 512, 512]
bucket_view.sizes() = [2048, 512, 1, 1], strides() = [512, 1, 1, 1] (Triggered internally at /pytorch/torch/csrc/distributed/c10d/reducer.cpp:334.)
  return Variable._execution_engine.run_backward(  # Calls into the C++ engine to run the backward pass
/usr/local/lib/python3.11/site-packages/torch/autograd/graph.py:841: UserWarning: Grad strides do not match bucket view strides. This may indicate grad was not created according to the gradient layout contract, or that the param's strides changed since DDP was constructed.  This is not an error, but may impair performance.
grad.sizes() = [2048, 512, 1, 1], strides() = [512, 1, 512, 512]
bucket_view.sizes() = [2048, 512, 1, 1], strides() = [512, 1, 1, 1] (Triggered internally at /pytorch/torch/csrc/distributed/c10d/reducer.cpp:334.)
  return Variable._execution_engine.run_backward(  # Calls into the C++ engine to run the backward pass
I0912 11:12:38.901675 139981372782336 logging_writer.py:48] [0] global_step=0, grad_norm=0.499999, loss=6.92365
I0912 11:12:39.143537 140000775775424 submission.py:307] 0) loss = 6.924, grad_norm = 0.500
I0912 11:12:39.811351 140000775775424 spec.py:333] Evaluating on the training split.
/usr/local/lib/python3.11/site-packages/torch/distributed/distributed_c10d.py:4876: UserWarning: barrier(): using the device under current context. You can specify `device_id` in `init_process_group` to mute this warning.
  warnings.warn(  # warn only once
/usr/local/lib/python3.11/multiprocessing/popen_fork.py:66: RuntimeWarning: os.fork() was called. os.fork() is incompatible with multithreaded code, and JAX is multithreaded, so this will likely lead to a deadlock.
  self.pid = os.fork()
/usr/local/lib/python3.11/multiprocessing/popen_fork.py:66: RuntimeWarning: os.fork() was called. os.fork() is incompatible with multithreaded code, and JAX is multithreaded, so this will likely lead to a deadlock.
  self.pid = os.fork()
/usr/local/lib/python3.11/multiprocessing/popen_fork.py:66: RuntimeWarning: os.fork() was called. os.fork() is incompatible with multithreaded code, and JAX is multithreaded, so this will likely lead to a deadlock.
  self.pid = os.fork()
/usr/local/lib/python3.11/multiprocessing/popen_fork.py:66: RuntimeWarning: os.fork() was called. os.fork() is incompatible with multithreaded code, and JAX is multithreaded, so this will likely lead to a deadlock.
  self.pid = os.fork()
/usr/local/lib/python3.11/site-packages/torch/_dynamo/variables/functions.py:1598: UserWarning: Dynamo does not know how to trace the builtin `torch._C._distributed_c10d.pybind11_detail_function_record_v1_system_libstdcpp_gxx_abi_1xxx_use_cxx11_abi_1._broadcast_coalesced.` This function is either a Python builtin (e.g. _warnings.warn) or a third-party C/C++ Python extension (perhaps created with pybind).
If it is a Python builtin, please file an issue on GitHub so the PyTorch team can add support for it and see the next case for a workaround.
If it is a third-party C/C++ Python extension, please either wrap it into a PyTorch-understood custom operator (see https://pytorch.org/tutorials/advanced/custom_ops_landing_page.html for more details) or, if it is traceable, use `torch.compiler.allow_in_graph`.
  torch._dynamo.utils.warn_once(explanation + "\n" + "\n".join(hints))
/usr/local/lib/python3.11/site-packages/torch/_dynamo/variables/functions.py:1598: UserWarning: Dynamo does not know how to trace the builtin `torch._C._distributed_c10d.pybind11_detail_function_record_v1_system_libstdcpp_gxx_abi_1xxx_use_cxx11_abi_1._broadcast_coalesced.` This function is either a Python builtin (e.g. _warnings.warn) or a third-party C/C++ Python extension (perhaps created with pybind).
If it is a Python builtin, please file an issue on GitHub so the PyTorch team can add support for it and see the next case for a workaround.
If it is a third-party C/C++ Python extension, please either wrap it into a PyTorch-understood custom operator (see https://pytorch.org/tutorials/advanced/custom_ops_landing_page.html for more details) or, if it is traceable, use `torch.compiler.allow_in_graph`.
  torch._dynamo.utils.warn_once(explanation + "\n" + "\n".join(hints))
/usr/local/lib/python3.11/site-packages/torch/_dynamo/variables/functions.py:1598: UserWarning: Dynamo does not know how to trace the builtin `torch._C._distributed_c10d.pybind11_detail_function_record_v1_system_libstdcpp_gxx_abi_1xxx_use_cxx11_abi_1._broadcast_coalesced.` This function is either a Python builtin (e.g. _warnings.warn) or a third-party C/C++ Python extension (perhaps created with pybind).
If it is a Python builtin, please file an issue on GitHub so the PyTorch team can add support for it and see the next case for a workaround.
If it is a third-party C/C++ Python extension, please either wrap it into a PyTorch-understood custom operator (see https://pytorch.org/tutorials/advanced/custom_ops_landing_page.html for more details) or, if it is traceable, use `torch.compiler.allow_in_graph`.
  torch._dynamo.utils.warn_once(explanation + "\n" + "\n".join(hints))
/usr/local/lib/python3.11/site-packages/torch/_dynamo/variables/functions.py:1598: UserWarning: Dynamo does not know how to trace the builtin `torch._C._distributed_c10d.pybind11_detail_function_record_v1_system_libstdcpp_gxx_abi_1xxx_use_cxx11_abi_1._broadcast_coalesced.` This function is either a Python builtin (e.g. _warnings.warn) or a third-party C/C++ Python extension (perhaps created with pybind).
If it is a Python builtin, please file an issue on GitHub so the PyTorch team can add support for it and see the next case for a workaround.
If it is a third-party C/C++ Python extension, please either wrap it into a PyTorch-understood custom operator (see https://pytorch.org/tutorials/advanced/custom_ops_landing_page.html for more details) or, if it is traceable, use `torch.compiler.allow_in_graph`.
  torch._dynamo.utils.warn_once(explanation + "\n" + "\n".join(hints))
I0912 11:14:01.136288 140000775775424 spec.py:346] Evaluating on the validation split.
/usr/local/lib/python3.11/site-packages/torch/distributed/distributed_c10d.py:4876: UserWarning: barrier(): using the device under current context. You can specify `device_id` in `init_process_group` to mute this warning.
  warnings.warn(  # warn only once
/usr/local/lib/python3.11/multiprocessing/popen_fork.py:66: RuntimeWarning: os.fork() was called. os.fork() is incompatible with multithreaded code, and JAX is multithreaded, so this will likely lead to a deadlock.
  self.pid = os.fork()
/usr/local/lib/python3.11/multiprocessing/popen_fork.py:66: RuntimeWarning: os.fork() was called. os.fork() is incompatible with multithreaded code, and JAX is multithreaded, so this will likely lead to a deadlock.
  self.pid = os.fork()
/usr/local/lib/python3.11/multiprocessing/popen_fork.py:66: RuntimeWarning: os.fork() was called. os.fork() is incompatible with multithreaded code, and JAX is multithreaded, so this will likely lead to a deadlock.
  self.pid = os.fork()
/usr/local/lib/python3.11/multiprocessing/popen_fork.py:66: RuntimeWarning: os.fork() was called. os.fork() is incompatible with multithreaded code, and JAX is multithreaded, so this will likely lead to a deadlock.
  self.pid = os.fork()
I0912 11:15:38.706774 140000775775424 spec.py:363] Evaluating on the test split.
I0912 11:15:39.791303 140000775775424 dataset_info.py:707] Load dataset info from /data/imagenet/pytorch/imagenet_v2/matched-frequency/3.0.0
I0912 11:15:39.801545 140000775775424 reader.py:262] Creating a tf.data.Dataset reading 16 files located in folders: /data/imagenet/pytorch/imagenet_v2/matched-frequency/3.0.0.
I0912 11:15:39.898643 140000775775424 logging_logger.py:49] Constructing tf.data.Dataset imagenet_v2 for split test, from /data/imagenet/pytorch/imagenet_v2/matched-frequency/3.0.0
I0912 11:16:11.048904 140000775775424 submission_runner.py:516] Time since start: 396.23s, 	Step: 1, 	{'train/accuracy': 0.001136001275510204, 'train/loss': 6.911248654735331, 'validation/accuracy': 0.00026, 'validation/loss': 6.914865, 'validation/num_examples': 50000, 'test/accuracy': 0.0008, 'test/loss': 6.91190625, 'test/num_examples': 10000, 'score': 184.32222723960876, 'total_duration': 396.2264976501465, 'accumulated_submission_time': 184.32222723960876, 'accumulated_eval_time': 211.23752093315125, 'accumulated_logging_time': 0}
I0912 11:16:11.307137 139942265014016 logging_writer.py:48] [1] accumulated_eval_time=211.238, accumulated_logging_time=0, accumulated_submission_time=184.322, global_step=1, preemption_count=0, score=184.322, test/accuracy=0.0008, test/loss=6.91191, test/num_examples=10000, total_duration=396.226, train/accuracy=0.001136, train/loss=6.91125, validation/accuracy=0.00026, validation/loss=6.91486, validation/num_examples=50000
I0912 11:16:12.807030 139942256621312 logging_writer.py:48] [1] global_step=1, grad_norm=0.499999, loss=6.92678
I0912 11:16:12.810521 140000775775424 submission.py:307] 1) loss = 6.927, grad_norm = 0.500
I0912 11:16:13.084067 139942265014016 logging_writer.py:48] [2] global_step=2, grad_norm=0.499999, loss=6.93172
I0912 11:16:13.089263 140000775775424 submission.py:307] 2) loss = 6.932, grad_norm = 0.500
I0912 11:16:13.366216 139942256621312 logging_writer.py:48] [3] global_step=3, grad_norm=0.499999, loss=6.9365
I0912 11:16:13.370569 140000775775424 submission.py:307] 3) loss = 6.936, grad_norm = 0.500
I0912 11:16:13.647101 139942265014016 logging_writer.py:48] [4] global_step=4, grad_norm=0.499999, loss=6.92616
I0912 11:16:13.650180 140000775775424 submission.py:307] 4) loss = 6.926, grad_norm = 0.500
I0912 11:16:13.926536 139942256621312 logging_writer.py:48] [5] global_step=5, grad_norm=0.499999, loss=6.92195
I0912 11:16:13.929568 140000775775424 submission.py:307] 5) loss = 6.922, grad_norm = 0.500
I0912 11:16:14.247255 139942265014016 logging_writer.py:48] [6] global_step=6, grad_norm=0.499999, loss=6.92696
I0912 11:16:14.250463 140000775775424 submission.py:307] 6) loss = 6.927, grad_norm = 0.500
I0912 11:16:14.526139 139942256621312 logging_writer.py:48] [7] global_step=7, grad_norm=0.499999, loss=6.92254
I0912 11:16:14.531712 140000775775424 submission.py:307] 7) loss = 6.923, grad_norm = 0.500
I0912 11:16:14.805750 139942265014016 logging_writer.py:48] [8] global_step=8, grad_norm=0.499999, loss=6.92882
I0912 11:16:14.810229 140000775775424 submission.py:307] 8) loss = 6.929, grad_norm = 0.500
I0912 11:16:15.077357 139942256621312 logging_writer.py:48] [9] global_step=9, grad_norm=0.499999, loss=6.92124
I0912 11:16:15.081458 140000775775424 submission.py:307] 9) loss = 6.921, grad_norm = 0.500
I0912 11:16:15.358593 139942265014016 logging_writer.py:48] [10] global_step=10, grad_norm=0.499999, loss=6.9284
I0912 11:16:15.362551 140000775775424 submission.py:307] 10) loss = 6.928, grad_norm = 0.500
I0912 11:16:15.657039 139942256621312 logging_writer.py:48] [11] global_step=11, grad_norm=0.499999, loss=6.92496
I0912 11:16:15.660885 140000775775424 submission.py:307] 11) loss = 6.925, grad_norm = 0.500
I0912 11:16:15.934102 139942265014016 logging_writer.py:48] [12] global_step=12, grad_norm=0.499999, loss=6.91983
I0912 11:16:15.937209 140000775775424 submission.py:307] 12) loss = 6.920, grad_norm = 0.500
I0912 11:16:16.232520 139942256621312 logging_writer.py:48] [13] global_step=13, grad_norm=0.499999, loss=6.92718
I0912 11:16:16.236246 140000775775424 submission.py:307] 13) loss = 6.927, grad_norm = 0.500
I0912 11:16:16.508719 139942265014016 logging_writer.py:48] [14] global_step=14, grad_norm=0.499999, loss=6.9309
I0912 11:16:16.513473 140000775775424 submission.py:307] 14) loss = 6.931, grad_norm = 0.500
I0912 11:16:16.781800 139942256621312 logging_writer.py:48] [15] global_step=15, grad_norm=0.499999, loss=6.92414
I0912 11:16:16.785180 140000775775424 submission.py:307] 15) loss = 6.924, grad_norm = 0.500
I0912 11:16:17.086954 139942265014016 logging_writer.py:48] [16] global_step=16, grad_norm=0.499999, loss=6.92805
I0912 11:16:17.091365 140000775775424 submission.py:307] 16) loss = 6.928, grad_norm = 0.500
I0912 11:16:17.369531 139942256621312 logging_writer.py:48] [17] global_step=17, grad_norm=0.499999, loss=6.92559
I0912 11:16:17.372584 140000775775424 submission.py:307] 17) loss = 6.926, grad_norm = 0.500
I0912 11:16:17.654225 139942265014016 logging_writer.py:48] [18] global_step=18, grad_norm=0.499999, loss=6.92554
I0912 11:16:17.657337 140000775775424 submission.py:307] 18) loss = 6.926, grad_norm = 0.500
I0912 11:16:17.933720 139942256621312 logging_writer.py:48] [19] global_step=19, grad_norm=0.499999, loss=6.92525
I0912 11:16:17.936938 140000775775424 submission.py:307] 19) loss = 6.925, grad_norm = 0.500
I0912 11:16:18.213970 139942265014016 logging_writer.py:48] [20] global_step=20, grad_norm=0.499999, loss=6.91782
I0912 11:16:18.219237 140000775775424 submission.py:307] 20) loss = 6.918, grad_norm = 0.500
I0912 11:16:18.506658 139942256621312 logging_writer.py:48] [21] global_step=21, grad_norm=0.499999, loss=6.92134
I0912 11:16:18.510620 140000775775424 submission.py:307] 21) loss = 6.921, grad_norm = 0.500
I0912 11:16:18.783497 139942265014016 logging_writer.py:48] [22] global_step=22, grad_norm=0.499999, loss=6.91442
I0912 11:16:18.787189 140000775775424 submission.py:307] 22) loss = 6.914, grad_norm = 0.500
I0912 11:16:19.058640 139942256621312 logging_writer.py:48] [23] global_step=23, grad_norm=0.499999, loss=6.93052
I0912 11:16:19.062879 140000775775424 submission.py:307] 23) loss = 6.931, grad_norm = 0.500
I0912 11:16:19.340230 139942265014016 logging_writer.py:48] [24] global_step=24, grad_norm=0.499999, loss=6.93953
I0912 11:16:19.344379 140000775775424 submission.py:307] 24) loss = 6.940, grad_norm = 0.500
I0912 11:16:19.608510 139942256621312 logging_writer.py:48] [25] global_step=25, grad_norm=0.499999, loss=6.92371
I0912 11:16:19.612462 140000775775424 submission.py:307] 25) loss = 6.924, grad_norm = 0.500
I0912 11:16:19.912442 139942265014016 logging_writer.py:48] [26] global_step=26, grad_norm=0.499999, loss=6.92816
I0912 11:16:19.917130 140000775775424 submission.py:307] 26) loss = 6.928, grad_norm = 0.500
I0912 11:16:20.186724 139942256621312 logging_writer.py:48] [27] global_step=27, grad_norm=0.499999, loss=6.92449
I0912 11:16:20.189734 140000775775424 submission.py:307] 27) loss = 6.924, grad_norm = 0.500
I0912 11:16:20.461868 139942265014016 logging_writer.py:48] [28] global_step=28, grad_norm=0.499999, loss=6.92281
I0912 11:16:20.465828 140000775775424 submission.py:307] 28) loss = 6.923, grad_norm = 0.500
I0912 11:16:20.753783 139942256621312 logging_writer.py:48] [29] global_step=29, grad_norm=0.499999, loss=6.91998
I0912 11:16:20.758304 140000775775424 submission.py:307] 29) loss = 6.920, grad_norm = 0.500
I0912 11:16:21.046257 139942265014016 logging_writer.py:48] [30] global_step=30, grad_norm=0.499999, loss=6.92918
I0912 11:16:21.050020 140000775775424 submission.py:307] 30) loss = 6.929, grad_norm = 0.500
I0912 11:16:21.355234 139942256621312 logging_writer.py:48] [31] global_step=31, grad_norm=0.499999, loss=6.91952
I0912 11:16:21.358339 140000775775424 submission.py:307] 31) loss = 6.920, grad_norm = 0.500
I0912 11:16:21.636452 139942265014016 logging_writer.py:48] [32] global_step=32, grad_norm=0.499999, loss=6.91052
I0912 11:16:21.639483 140000775775424 submission.py:307] 32) loss = 6.911, grad_norm = 0.500
I0912 11:16:21.919319 139942256621312 logging_writer.py:48] [33] global_step=33, grad_norm=0.499999, loss=6.92861
I0912 11:16:21.923393 140000775775424 submission.py:307] 33) loss = 6.929, grad_norm = 0.500
I0912 11:16:22.202774 139942265014016 logging_writer.py:48] [34] global_step=34, grad_norm=0.499999, loss=6.91866
I0912 11:16:22.206728 140000775775424 submission.py:307] 34) loss = 6.919, grad_norm = 0.500
I0912 11:16:22.482451 139942256621312 logging_writer.py:48] [35] global_step=35, grad_norm=0.499999, loss=6.91346
I0912 11:16:22.487232 140000775775424 submission.py:307] 35) loss = 6.913, grad_norm = 0.500
I0912 11:16:22.766621 139942265014016 logging_writer.py:48] [36] global_step=36, grad_norm=0.499999, loss=6.92678
I0912 11:16:22.771980 140000775775424 submission.py:307] 36) loss = 6.927, grad_norm = 0.500
I0912 11:16:23.050116 139942256621312 logging_writer.py:48] [37] global_step=37, grad_norm=0.499999, loss=6.91432
I0912 11:16:23.055119 140000775775424 submission.py:307] 37) loss = 6.914, grad_norm = 0.500
I0912 11:16:23.331223 139942265014016 logging_writer.py:48] [38] global_step=38, grad_norm=0.499999, loss=6.92983
I0912 11:16:23.335253 140000775775424 submission.py:307] 38) loss = 6.930, grad_norm = 0.500
I0912 11:16:23.602872 139942256621312 logging_writer.py:48] [39] global_step=39, grad_norm=0.499999, loss=6.92583
I0912 11:16:23.606024 140000775775424 submission.py:307] 39) loss = 6.926, grad_norm = 0.500
I0912 11:16:23.929395 139942265014016 logging_writer.py:48] [40] global_step=40, grad_norm=0.499999, loss=6.91779
I0912 11:16:23.934859 140000775775424 submission.py:307] 40) loss = 6.918, grad_norm = 0.500
I0912 11:16:24.205585 139942256621312 logging_writer.py:48] [41] global_step=41, grad_norm=0.499999, loss=6.91508
I0912 11:16:24.208703 140000775775424 submission.py:307] 41) loss = 6.915, grad_norm = 0.500
I0912 11:16:24.511403 139942265014016 logging_writer.py:48] [42] global_step=42, grad_norm=0.499999, loss=6.91497
I0912 11:16:24.516593 140000775775424 submission.py:307] 42) loss = 6.915, grad_norm = 0.500
I0912 11:16:24.803310 139942256621312 logging_writer.py:48] [43] global_step=43, grad_norm=0.499999, loss=6.91586
I0912 11:16:24.807439 140000775775424 submission.py:307] 43) loss = 6.916, grad_norm = 0.500
I0912 11:16:25.095148 139942265014016 logging_writer.py:48] [44] global_step=44, grad_norm=0.499999, loss=6.91515
I0912 11:16:25.098777 140000775775424 submission.py:307] 44) loss = 6.915, grad_norm = 0.500
I0912 11:16:25.368489 139942256621312 logging_writer.py:48] [45] global_step=45, grad_norm=0.499999, loss=6.91594
I0912 11:16:25.372681 140000775775424 submission.py:307] 45) loss = 6.916, grad_norm = 0.500
I0912 11:16:25.646971 139942265014016 logging_writer.py:48] [46] global_step=46, grad_norm=0.499999, loss=6.91891
I0912 11:16:25.651124 140000775775424 submission.py:307] 46) loss = 6.919, grad_norm = 0.500
I0912 11:16:25.925606 139942256621312 logging_writer.py:48] [47] global_step=47, grad_norm=0.499999, loss=6.90707
I0912 11:16:25.929436 140000775775424 submission.py:307] 47) loss = 6.907, grad_norm = 0.500
I0912 11:16:26.200562 139942265014016 logging_writer.py:48] [48] global_step=48, grad_norm=0.499999, loss=6.91347
I0912 11:16:26.204526 140000775775424 submission.py:307] 48) loss = 6.913, grad_norm = 0.500
I0912 11:16:26.477167 139942256621312 logging_writer.py:48] [49] global_step=49, grad_norm=0.499999, loss=6.91043
I0912 11:16:26.481086 140000775775424 submission.py:307] 49) loss = 6.910, grad_norm = 0.500
I0912 11:16:26.748716 139942265014016 logging_writer.py:48] [50] global_step=50, grad_norm=0.499999, loss=6.92285
I0912 11:16:26.751804 140000775775424 submission.py:307] 50) loss = 6.923, grad_norm = 0.500
I0912 11:16:27.040188 139942256621312 logging_writer.py:48] [51] global_step=51, grad_norm=0.499999, loss=6.91683
I0912 11:16:27.046046 140000775775424 submission.py:307] 51) loss = 6.917, grad_norm = 0.500
I0912 11:16:27.330578 139942265014016 logging_writer.py:48] [52] global_step=52, grad_norm=0.499999, loss=6.92897
I0912 11:16:27.334135 140000775775424 submission.py:307] 52) loss = 6.929, grad_norm = 0.500
I0912 11:16:27.607597 139942256621312 logging_writer.py:48] [53] global_step=53, grad_norm=0.499999, loss=6.91682
I0912 11:16:27.611332 140000775775424 submission.py:307] 53) loss = 6.917, grad_norm = 0.500
I0912 11:16:27.899820 139942265014016 logging_writer.py:48] [54] global_step=54, grad_norm=0.499999, loss=6.91465
I0912 11:16:27.905354 140000775775424 submission.py:307] 54) loss = 6.915, grad_norm = 0.500
I0912 11:16:28.181487 139942256621312 logging_writer.py:48] [55] global_step=55, grad_norm=0.499999, loss=6.91
I0912 11:16:28.185490 140000775775424 submission.py:307] 55) loss = 6.910, grad_norm = 0.500
I0912 11:16:28.470348 139942265014016 logging_writer.py:48] [56] global_step=56, grad_norm=0.499999, loss=6.91071
I0912 11:16:28.475771 140000775775424 submission.py:307] 56) loss = 6.911, grad_norm = 0.500
I0912 11:16:28.756020 139942256621312 logging_writer.py:48] [57] global_step=57, grad_norm=0.499999, loss=6.9202
I0912 11:16:28.759985 140000775775424 submission.py:307] 57) loss = 6.920, grad_norm = 0.500
I0912 11:16:29.031830 139942265014016 logging_writer.py:48] [58] global_step=58, grad_norm=0.499999, loss=6.91423
I0912 11:16:29.036106 140000775775424 submission.py:307] 58) loss = 6.914, grad_norm = 0.500
I0912 11:16:29.312865 139942256621312 logging_writer.py:48] [59] global_step=59, grad_norm=0.499999, loss=6.92204
I0912 11:16:29.316504 140000775775424 submission.py:307] 59) loss = 6.922, grad_norm = 0.500
I0912 11:16:29.593719 139942265014016 logging_writer.py:48] [60] global_step=60, grad_norm=0.499999, loss=6.90433
I0912 11:16:29.598121 140000775775424 submission.py:307] 60) loss = 6.904, grad_norm = 0.500
I0912 11:16:29.889207 139942256621312 logging_writer.py:48] [61] global_step=61, grad_norm=0.499999, loss=6.91722
I0912 11:16:29.893238 140000775775424 submission.py:307] 61) loss = 6.917, grad_norm = 0.500
I0912 11:16:30.165102 139942265014016 logging_writer.py:48] [62] global_step=62, grad_norm=0.499999, loss=6.92559
I0912 11:16:30.168304 140000775775424 submission.py:307] 62) loss = 6.926, grad_norm = 0.500
I0912 11:16:30.453688 139942256621312 logging_writer.py:48] [63] global_step=63, grad_norm=0.499999, loss=6.91311
I0912 11:16:30.457470 140000775775424 submission.py:307] 63) loss = 6.913, grad_norm = 0.500
I0912 11:16:30.748289 139942265014016 logging_writer.py:48] [64] global_step=64, grad_norm=0.499999, loss=6.91004
I0912 11:16:30.751413 140000775775424 submission.py:307] 64) loss = 6.910, grad_norm = 0.500
I0912 11:16:31.052122 139942256621312 logging_writer.py:48] [65] global_step=65, grad_norm=0.499999, loss=6.91243
I0912 11:16:31.055550 140000775775424 submission.py:307] 65) loss = 6.912, grad_norm = 0.500
I0912 11:16:31.332252 139942265014016 logging_writer.py:48] [66] global_step=66, grad_norm=0.499999, loss=6.90598
I0912 11:16:31.335224 140000775775424 submission.py:307] 66) loss = 6.906, grad_norm = 0.500
I0912 11:16:31.600108 139942256621312 logging_writer.py:48] [67] global_step=67, grad_norm=0.499999, loss=6.91894
I0912 11:16:31.603868 140000775775424 submission.py:307] 67) loss = 6.919, grad_norm = 0.500
I0912 11:16:31.909038 139942265014016 logging_writer.py:48] [68] global_step=68, grad_norm=0.499999, loss=6.91329
I0912 11:16:31.915854 140000775775424 submission.py:307] 68) loss = 6.913, grad_norm = 0.500
I0912 11:16:32.195249 139942256621312 logging_writer.py:48] [69] global_step=69, grad_norm=0.499999, loss=6.90046
I0912 11:16:32.198371 140000775775424 submission.py:307] 69) loss = 6.900, grad_norm = 0.500
I0912 11:16:32.492755 139942265014016 logging_writer.py:48] [70] global_step=70, grad_norm=0.499999, loss=6.90539
I0912 11:16:32.499216 140000775775424 submission.py:307] 70) loss = 6.905, grad_norm = 0.500
I0912 11:16:32.811412 139942256621312 logging_writer.py:48] [71] global_step=71, grad_norm=0.499999, loss=6.90368
I0912 11:16:32.816704 140000775775424 submission.py:307] 71) loss = 6.904, grad_norm = 0.500
I0912 11:16:33.103363 139942265014016 logging_writer.py:48] [72] global_step=72, grad_norm=0.499999, loss=6.91204
I0912 11:16:33.106916 140000775775424 submission.py:307] 72) loss = 6.912, grad_norm = 0.500
I0912 11:16:33.372416 139942256621312 logging_writer.py:48] [73] global_step=73, grad_norm=0.499999, loss=6.89907
I0912 11:16:33.375894 140000775775424 submission.py:307] 73) loss = 6.899, grad_norm = 0.500
I0912 11:16:33.662171 139942265014016 logging_writer.py:48] [74] global_step=74, grad_norm=0.499999, loss=6.90736
I0912 11:16:33.666282 140000775775424 submission.py:307] 74) loss = 6.907, grad_norm = 0.500
I0912 11:16:33.933192 139942256621312 logging_writer.py:48] [75] global_step=75, grad_norm=0.499999, loss=6.90346
I0912 11:16:33.936245 140000775775424 submission.py:307] 75) loss = 6.903, grad_norm = 0.500
I0912 11:16:34.212422 139942265014016 logging_writer.py:48] [76] global_step=76, grad_norm=0.499999, loss=6.90935
I0912 11:16:34.216536 140000775775424 submission.py:307] 76) loss = 6.909, grad_norm = 0.500
I0912 11:16:34.483164 139942256621312 logging_writer.py:48] [77] global_step=77, grad_norm=0.499999, loss=6.90791
I0912 11:16:34.487215 140000775775424 submission.py:307] 77) loss = 6.908, grad_norm = 0.500
I0912 11:16:34.785627 139942265014016 logging_writer.py:48] [78] global_step=78, grad_norm=0.499999, loss=6.90445
I0912 11:16:34.788721 140000775775424 submission.py:307] 78) loss = 6.904, grad_norm = 0.500
I0912 11:16:35.070803 139942256621312 logging_writer.py:48] [79] global_step=79, grad_norm=0.499999, loss=6.9104
I0912 11:16:35.073938 140000775775424 submission.py:307] 79) loss = 6.910, grad_norm = 0.500
I0912 11:16:35.347639 139942265014016 logging_writer.py:48] [80] global_step=80, grad_norm=0.499999, loss=6.90399
I0912 11:16:35.351634 140000775775424 submission.py:307] 80) loss = 6.904, grad_norm = 0.500
I0912 11:16:35.620605 139942256621312 logging_writer.py:48] [81] global_step=81, grad_norm=0.499999, loss=6.90272
I0912 11:16:35.624792 140000775775424 submission.py:307] 81) loss = 6.903, grad_norm = 0.500
I0912 11:16:35.916166 139942265014016 logging_writer.py:48] [82] global_step=82, grad_norm=0.499999, loss=6.8948
I0912 11:16:35.921264 140000775775424 submission.py:307] 82) loss = 6.895, grad_norm = 0.500
I0912 11:16:36.197182 139942256621312 logging_writer.py:48] [83] global_step=83, grad_norm=0.499999, loss=6.90069
I0912 11:16:36.201523 140000775775424 submission.py:307] 83) loss = 6.901, grad_norm = 0.500
I0912 11:16:36.496111 139942265014016 logging_writer.py:48] [84] global_step=84, grad_norm=0.499999, loss=6.91487
I0912 11:16:36.499847 140000775775424 submission.py:307] 84) loss = 6.915, grad_norm = 0.500
I0912 11:16:36.788243 139942256621312 logging_writer.py:48] [85] global_step=85, grad_norm=0.499999, loss=6.90298
I0912 11:16:36.802633 140000775775424 submission.py:307] 85) loss = 6.903, grad_norm = 0.500
I0912 11:16:37.100510 139942265014016 logging_writer.py:48] [86] global_step=86, grad_norm=0.499999, loss=6.90312
I0912 11:16:37.104278 140000775775424 submission.py:307] 86) loss = 6.903, grad_norm = 0.500
I0912 11:16:37.442716 139942256621312 logging_writer.py:48] [87] global_step=87, grad_norm=0.499999, loss=6.89799
I0912 11:16:37.445843 140000775775424 submission.py:307] 87) loss = 6.898, grad_norm = 0.500
I0912 11:16:37.715318 139942265014016 logging_writer.py:48] [88] global_step=88, grad_norm=0.499999, loss=6.90098
I0912 11:16:37.719301 140000775775424 submission.py:307] 88) loss = 6.901, grad_norm = 0.500
I0912 11:16:38.218379 139942256621312 logging_writer.py:48] [89] global_step=89, grad_norm=0.499999, loss=6.90558
I0912 11:16:38.222650 140000775775424 submission.py:307] 89) loss = 6.906, grad_norm = 0.500
I0912 11:16:39.020801 139942265014016 logging_writer.py:48] [90] global_step=90, grad_norm=0.499999, loss=6.91078
I0912 11:16:39.025449 140000775775424 submission.py:307] 90) loss = 6.911, grad_norm = 0.500
I0912 11:16:39.758610 139942256621312 logging_writer.py:48] [91] global_step=91, grad_norm=0.499999, loss=6.89075
I0912 11:16:39.763246 140000775775424 submission.py:307] 91) loss = 6.891, grad_norm = 0.500
I0912 11:16:40.042510 139942265014016 logging_writer.py:48] [92] global_step=92, grad_norm=0.499999, loss=6.89716
I0912 11:16:40.045489 140000775775424 submission.py:307] 92) loss = 6.897, grad_norm = 0.500
I0912 11:16:41.165437 139942256621312 logging_writer.py:48] [93] global_step=93, grad_norm=0.499999, loss=6.90299
I0912 11:16:41.168352 140000775775424 submission.py:307] 93) loss = 6.903, grad_norm = 0.500
I0912 11:16:41.486337 139942265014016 logging_writer.py:48] [94] global_step=94, grad_norm=0.499999, loss=6.90172
I0912 11:16:41.490314 140000775775424 submission.py:307] 94) loss = 6.902, grad_norm = 0.500
I0912 11:16:41.777461 139942256621312 logging_writer.py:48] [95] global_step=95, grad_norm=0.499999, loss=6.89168
I0912 11:16:41.780592 140000775775424 submission.py:307] 95) loss = 6.892, grad_norm = 0.500
I0912 11:16:42.406313 139942265014016 logging_writer.py:48] [96] global_step=96, grad_norm=0.499999, loss=6.90136
I0912 11:16:42.414755 140000775775424 submission.py:307] 96) loss = 6.901, grad_norm = 0.500
I0912 11:16:42.695647 139942256621312 logging_writer.py:48] [97] global_step=97, grad_norm=0.499999, loss=6.89476
I0912 11:16:42.699487 140000775775424 submission.py:307] 97) loss = 6.895, grad_norm = 0.500
I0912 11:16:42.971039 139942265014016 logging_writer.py:48] [98] global_step=98, grad_norm=0.499999, loss=6.8911
I0912 11:16:42.974951 140000775775424 submission.py:307] 98) loss = 6.891, grad_norm = 0.500
I0912 11:16:43.672982 139942256621312 logging_writer.py:48] [99] global_step=99, grad_norm=0.499999, loss=6.89461
I0912 11:16:43.675972 140000775775424 submission.py:307] 99) loss = 6.895, grad_norm = 0.500
I0912 11:16:43.948969 139942265014016 logging_writer.py:48] [100] global_step=100, grad_norm=0.499999, loss=6.90312
I0912 11:16:43.952006 140000775775424 submission.py:307] 100) loss = 6.903, grad_norm = 0.500
I0912 11:25:34.730641 139942256621312 logging_writer.py:48] [500] global_step=500, grad_norm=0.499999, loss=6.46561
I0912 11:25:34.734242 140000775775424 submission.py:307] 500) loss = 6.466, grad_norm = 0.500
I0912 11:36:53.972299 139942265014016 logging_writer.py:48] [1000] global_step=1000, grad_norm=0.5, loss=5.86202
I0912 11:36:53.976931 140000775775424 submission.py:307] 1000) loss = 5.862, grad_norm = 0.500
I0912 11:45:09.106918 139942256621312 logging_writer.py:48] [1500] global_step=1500, grad_norm=0.5, loss=5.43814
I0912 11:45:09.111641 140000775775424 submission.py:307] 1500) loss = 5.438, grad_norm = 0.500
I0912 11:49:30.842081 140000775775424 spec.py:333] Evaluating on the training split.
/usr/local/lib/python3.11/multiprocessing/popen_fork.py:66: RuntimeWarning: os.fork() was called. os.fork() is incompatible with multithreaded code, and JAX is multithreaded, so this will likely lead to a deadlock.
  self.pid = os.fork()
/usr/local/lib/python3.11/multiprocessing/popen_fork.py:66: RuntimeWarning: os.fork() was called. os.fork() is incompatible with multithreaded code, and JAX is multithreaded, so this will likely lead to a deadlock.
  self.pid = os.fork()
/usr/local/lib/python3.11/multiprocessing/popen_fork.py:66: RuntimeWarning: os.fork() was called. os.fork() is incompatible with multithreaded code, and JAX is multithreaded, so this will likely lead to a deadlock.
  self.pid = os.fork()
/usr/local/lib/python3.11/multiprocessing/popen_fork.py:66: RuntimeWarning: os.fork() was called. os.fork() is incompatible with multithreaded code, and JAX is multithreaded, so this will likely lead to a deadlock.
  self.pid = os.fork()
I0912 11:50:31.678468 140000775775424 spec.py:346] Evaluating on the validation split.
I0912 11:51:47.565795 140000775775424 spec.py:363] Evaluating on the test split.
I0912 11:51:49.044447 140000775775424 submission_runner.py:516] Time since start: 2534.22s, 	Step: 1811, 	{'train/accuracy': 0.07148836096938775, 'train/loss': 5.665470045440051, 'validation/accuracy': 0.07132, 'validation/loss': 5.70609875, 'validation/num_examples': 50000, 'test/accuracy': 0.0544, 'test/loss': 5.50634375, 'test/num_examples': 10000, 'score': 2180.3810358047485, 'total_duration': 2534.2220618724823, 'accumulated_submission_time': 2180.3810358047485, 'accumulated_eval_time': 349.44077491760254, 'accumulated_logging_time': 0.26671886444091797}
I0912 11:51:49.158292 139944555128576 logging_writer.py:48] [1811] accumulated_eval_time=349.441, accumulated_logging_time=0.266719, accumulated_submission_time=2180.38, global_step=1811, preemption_count=0, score=2180.38, test/accuracy=0.0544, test/loss=5.50634, test/num_examples=10000, total_duration=2534.22, train/accuracy=0.0714884, train/loss=5.66547, validation/accuracy=0.07132, validation/loss=5.7061, validation/num_examples=50000
I0912 11:54:08.145461 139944563521280 logging_writer.py:48] [2000] global_step=2000, grad_norm=0.5, loss=5.15686
I0912 11:54:08.149200 140000775775424 submission.py:307] 2000) loss = 5.157, grad_norm = 0.500
I0912 12:03:49.853128 139944555128576 logging_writer.py:48] [2500] global_step=2500, grad_norm=0.5, loss=4.85382
I0912 12:03:49.857685 140000775775424 submission.py:307] 2500) loss = 4.854, grad_norm = 0.500
I0912 12:08:23.441281 139944563521280 logging_writer.py:48] [3000] global_step=3000, grad_norm=0.5, loss=4.50813
I0912 12:08:23.447348 140000775775424 submission.py:307] 3000) loss = 4.508, grad_norm = 0.500
I0912 12:15:56.371632 139944555128576 logging_writer.py:48] [3500] global_step=3500, grad_norm=0.5, loss=4.09681
I0912 12:15:56.377136 140000775775424 submission.py:307] 3500) loss = 4.097, grad_norm = 0.500
I0912 12:22:10.921234 139944563521280 logging_writer.py:48] [4000] global_step=4000, grad_norm=0.5, loss=4.00937
I0912 12:22:10.926397 140000775775424 submission.py:307] 4000) loss = 4.009, grad_norm = 0.500
I0912 12:25:06.405956 140000775775424 spec.py:333] Evaluating on the training split.
/usr/local/lib/python3.11/multiprocessing/popen_fork.py:66: RuntimeWarning: os.fork() was called. os.fork() is incompatible with multithreaded code, and JAX is multithreaded, so this will likely lead to a deadlock.
  self.pid = os.fork()
I0912 12:26:04.564444 140000775775424 spec.py:346] Evaluating on the validation split.
I0912 12:27:08.893774 140000775775424 spec.py:363] Evaluating on the test split.
I0912 12:27:09.893508 140000775775424 submission_runner.py:516] Time since start: 4655.07s, 	Step: 4341, 	{'train/accuracy': 0.22741948341836735, 'train/loss': 4.783149252132493, 'validation/accuracy': 0.2126, 'validation/loss': 4.719998125, 'validation/num_examples': 50000, 'test/accuracy': 0.1697, 'test/loss': 4.324318359375, 'test/num_examples': 10000, 'score': 4173.907923221588, 'total_duration': 4655.071031808853, 'accumulated_submission_time': 4173.907923221588, 'accumulated_eval_time': 472.92827701568604, 'accumulated_logging_time': 0.38912487030029297}
I0912 12:27:10.126995 139977715283712 logging_writer.py:48] [4341] accumulated_eval_time=472.928, accumulated_logging_time=0.389125, accumulated_submission_time=4173.91, global_step=4341, preemption_count=0, score=4173.91, test/accuracy=0.1697, test/loss=4.32432, test/num_examples=10000, total_duration=4655.07, train/accuracy=0.227419, train/loss=4.78315, validation/accuracy=0.2126, validation/loss=4.72, validation/num_examples=50000
I0912 12:28:35.474146 139977799210752 logging_writer.py:48] [4500] global_step=4500, grad_norm=0.5, loss=3.51828
I0912 12:28:35.478185 140000775775424 submission.py:307] 4500) loss = 3.518, grad_norm = 0.500
I0912 12:36:56.176650 139977715283712 logging_writer.py:48] [5000] global_step=5000, grad_norm=0.5, loss=3.45812
I0912 12:36:56.181142 140000775775424 submission.py:307] 5000) loss = 3.458, grad_norm = 0.500
I0912 12:40:46.564275 139977799210752 logging_writer.py:48] [5500] global_step=5500, grad_norm=0.5, loss=3.32824
I0912 12:40:46.568633 140000775775424 submission.py:307] 5500) loss = 3.328, grad_norm = 0.500
I0912 12:47:00.664054 139977715283712 logging_writer.py:48] [6000] global_step=6000, grad_norm=0.5, loss=3.00161
I0912 12:47:00.671276 140000775775424 submission.py:307] 6000) loss = 3.002, grad_norm = 0.500
I0912 12:52:46.949220 139977799210752 logging_writer.py:48] [6500] global_step=6500, grad_norm=0.5, loss=2.86401
I0912 12:52:46.960209 140000775775424 submission.py:307] 6500) loss = 2.864, grad_norm = 0.500
I0912 12:57:12.569653 139977715283712 logging_writer.py:48] [7000] global_step=7000, grad_norm=0.5, loss=2.88004
I0912 12:57:12.574150 140000775775424 submission.py:307] 7000) loss = 2.880, grad_norm = 0.500
I0912 13:00:29.667662 140000775775424 spec.py:333] Evaluating on the training split.
/usr/local/lib/python3.11/multiprocessing/popen_fork.py:66: RuntimeWarning: os.fork() was called. os.fork() is incompatible with multithreaded code, and JAX is multithreaded, so this will likely lead to a deadlock.
  self.pid = os.fork()
I0912 13:01:10.570861 140000775775424 spec.py:346] Evaluating on the validation split.
I0912 13:02:31.662859 140000775775424 spec.py:363] Evaluating on the test split.
I0912 13:02:32.813108 140000775775424 submission_runner.py:516] Time since start: 6777.99s, 	Step: 7220, 	{'train/accuracy': 0.3622249681122449, 'train/loss': 4.767920046436544, 'validation/accuracy': 0.36892, 'validation/loss': 3.9849725, 'validation/num_examples': 50000, 'test/accuracy': 0.3084, 'test/loss': 3.45687734375, 'test/num_examples': 10000, 'score': 6168.158279180527, 'total_duration': 6777.990676403046, 'accumulated_submission_time': 6168.158279180527, 'accumulated_eval_time': 596.0737833976746, 'accumulated_logging_time': 0.6317288875579834}
I0912 13:02:33.063308 139977740461824 logging_writer.py:48] [7220] accumulated_eval_time=596.074, accumulated_logging_time=0.631729, accumulated_submission_time=6168.16, global_step=7220, preemption_count=0, score=6168.16, test/accuracy=0.3084, test/loss=3.45688, test/num_examples=10000, total_duration=6777.99, train/accuracy=0.362225, train/loss=4.76792, validation/accuracy=0.36892, validation/loss=3.98497, validation/num_examples=50000
I0912 13:06:09.640642 139977807603456 logging_writer.py:48] [7500] global_step=7500, grad_norm=0.5, loss=2.69043
I0912 13:06:09.644170 140000775775424 submission.py:307] 7500) loss = 2.690, grad_norm = 0.500
I0912 13:10:09.756854 139977740461824 logging_writer.py:48] [8000] global_step=8000, grad_norm=0.5, loss=2.58819
I0912 13:10:09.761046 140000775775424 submission.py:307] 8000) loss = 2.588, grad_norm = 0.500
I0912 13:16:41.855081 139977807603456 logging_writer.py:48] [8500] global_step=8500, grad_norm=0.5, loss=2.43703
I0912 13:16:41.861273 140000775775424 submission.py:307] 8500) loss = 2.437, grad_norm = 0.500
I0912 13:22:21.202527 139977740461824 logging_writer.py:48] [9000] global_step=9000, grad_norm=0.5, loss=2.45517
I0912 13:22:21.209443 140000775775424 submission.py:307] 9000) loss = 2.455, grad_norm = 0.500
I0912 13:26:48.680655 139977807603456 logging_writer.py:48] [9500] global_step=9500, grad_norm=0.5, loss=2.29047
I0912 13:26:48.687087 140000775775424 submission.py:307] 9500) loss = 2.290, grad_norm = 0.500
I0912 13:34:34.755501 139977740461824 logging_writer.py:48] [10000] global_step=10000, grad_norm=0.5, loss=2.15092
I0912 13:34:34.760844 140000775775424 submission.py:307] 10000) loss = 2.151, grad_norm = 0.500
I0912 13:35:50.267681 140000775775424 spec.py:333] Evaluating on the training split.
/usr/local/lib/python3.11/multiprocessing/popen_fork.py:66: RuntimeWarning: os.fork() was called. os.fork() is incompatible with multithreaded code, and JAX is multithreaded, so this will likely lead to a deadlock.
  self.pid = os.fork()
I0912 13:36:30.124269 140000775775424 spec.py:346] Evaluating on the validation split.
I0912 13:37:36.985527 140000775775424 spec.py:363] Evaluating on the test split.
I0912 13:37:37.881951 140000775775424 submission_runner.py:516] Time since start: 8883.06s, 	Step: 10186, 	{'train/accuracy': 0.4917091836734694, 'train/loss': 3.8733293182995854, 'validation/accuracy': 0.46566, 'validation/loss': 3.754048125, 'validation/num_examples': 50000, 'test/accuracy': 0.3987, 'test/loss': 2.8301828125, 'test/num_examples': 10000, 'score': 8158.115170717239, 'total_duration': 8883.059608697891, 'accumulated_submission_time': 8158.115170717239, 'accumulated_eval_time': 703.6881942749023, 'accumulated_logging_time': 0.8909380435943604}
I0912 13:37:38.097396 139977757247232 logging_writer.py:48] [10186] accumulated_eval_time=703.688, accumulated_logging_time=0.890938, accumulated_submission_time=8158.12, global_step=10186, preemption_count=0, score=8158.12, test/accuracy=0.3987, test/loss=2.83018, test/num_examples=10000, total_duration=8883.06, train/accuracy=0.491709, train/loss=3.87333, validation/accuracy=0.46566, validation/loss=3.75405, validation/num_examples=50000
I0912 13:40:15.818460 139977782425344 logging_writer.py:48] [10500] global_step=10500, grad_norm=0.5, loss=2.26976
I0912 13:40:15.823584 140000775775424 submission.py:307] 10500) loss = 2.270, grad_norm = 0.500
I0912 13:47:05.082211 139977757247232 logging_writer.py:48] [11000] global_step=11000, grad_norm=0.5, loss=2.10826
I0912 13:47:05.085886 140000775775424 submission.py:307] 11000) loss = 2.108, grad_norm = 0.500
I0912 13:53:02.253979 139977782425344 logging_writer.py:48] [11500] global_step=11500, grad_norm=0.5, loss=1.98107
I0912 13:53:02.290371 140000775775424 submission.py:307] 11500) loss = 1.981, grad_norm = 0.500
I0912 13:57:31.250774 139977757247232 logging_writer.py:48] [12000] global_step=12000, grad_norm=0.5, loss=1.98456
I0912 13:57:31.350964 140000775775424 submission.py:307] 12000) loss = 1.985, grad_norm = 0.500
I0912 14:05:24.893883 139977782425344 logging_writer.py:48] [12500] global_step=12500, grad_norm=0.5, loss=2.10933
I0912 14:05:25.169235 140000775775424 submission.py:307] 12500) loss = 2.109, grad_norm = 0.500
I0912 14:08:57.062365 139977757247232 logging_writer.py:48] [13000] global_step=13000, grad_norm=0.5, loss=1.94113
I0912 14:08:57.066840 140000775775424 submission.py:307] 13000) loss = 1.941, grad_norm = 0.500
I0912 14:10:58.820405 140000775775424 spec.py:333] Evaluating on the training split.
/usr/local/lib/python3.11/multiprocessing/popen_fork.py:66: RuntimeWarning: os.fork() was called. os.fork() is incompatible with multithreaded code, and JAX is multithreaded, so this will likely lead to a deadlock.
  self.pid = os.fork()
I0912 14:11:49.656169 140000775775424 spec.py:346] Evaluating on the validation split.
I0912 14:12:57.041985 140000775775424 spec.py:363] Evaluating on the test split.
I0912 14:12:57.978430 140000775775424 submission_runner.py:516] Time since start: 11003.16s, 	Step: 13198, 	{'train/accuracy': 0.5372090242346939, 'train/loss': 4.049487055564414, 'validation/accuracy': 0.50746, 'validation/loss': 3.7652409375, 'validation/num_examples': 50000, 'test/accuracy': 0.4514, 'test/loss': 2.54749296875, 'test/num_examples': 10000, 'score': 10148.827378749847, 'total_duration': 11003.156066417694, 'accumulated_submission_time': 10148.827378749847, 'accumulated_eval_time': 822.8465011119843, 'accumulated_logging_time': 1.123784065246582}
I0912 14:12:58.274718 139977815996160 logging_writer.py:48] [13198] accumulated_eval_time=822.847, accumulated_logging_time=1.12378, accumulated_submission_time=10148.8, global_step=13198, preemption_count=0, score=10148.8, test/accuracy=0.4514, test/loss=2.54749, test/num_examples=10000, total_duration=11003.2, train/accuracy=0.537209, train/loss=4.04949, validation/accuracy=0.50746, validation/loss=3.76524, validation/num_examples=50000
I0912 14:16:50.859838 139977723676416 logging_writer.py:48] [13500] global_step=13500, grad_norm=0.5, loss=1.85869
I0912 14:16:50.863660 140000775775424 submission.py:307] 13500) loss = 1.859, grad_norm = 0.500
I0912 14:22:48.834769 139977815996160 logging_writer.py:48] [14000] global_step=14000, grad_norm=0.5, loss=1.85497
I0912 14:22:48.839486 140000775775424 submission.py:307] 14000) loss = 1.855, grad_norm = 0.500
I0912 14:27:37.860855 139977723676416 logging_writer.py:48] [14500] global_step=14500, grad_norm=0.5, loss=1.91415
I0912 14:27:38.582486 140000775775424 submission.py:307] 14500) loss = 1.914, grad_norm = 0.500
I0912 14:35:21.219466 139977815996160 logging_writer.py:48] [15000] global_step=15000, grad_norm=0.5, loss=1.80982
I0912 14:35:21.224141 140000775775424 submission.py:307] 15000) loss = 1.810, grad_norm = 0.500
I0912 14:38:50.342396 139977723676416 logging_writer.py:48] [15500] global_step=15500, grad_norm=0.5, loss=1.72106
I0912 14:38:50.347497 140000775775424 submission.py:307] 15500) loss = 1.721, grad_norm = 0.500
I0912 14:45:16.210345 139977815996160 logging_writer.py:48] [16000] global_step=16000, grad_norm=0.5, loss=1.76659
I0912 14:45:16.214293 140000775775424 submission.py:307] 16000) loss = 1.767, grad_norm = 0.500
I0912 14:46:20.472733 140000775775424 spec.py:333] Evaluating on the training split.
/usr/local/lib/python3.11/multiprocessing/popen_fork.py:66: RuntimeWarning: os.fork() was called. os.fork() is incompatible with multithreaded code, and JAX is multithreaded, so this will likely lead to a deadlock.
  self.pid = os.fork()
I0912 14:46:59.044920 140000775775424 spec.py:346] Evaluating on the validation split.
I0912 14:48:13.977795 140000775775424 spec.py:363] Evaluating on the test split.
I0912 14:48:15.027339 140000775775424 submission_runner.py:516] Time since start: 13120.20s, 	Step: 16058, 	{'train/accuracy': 0.5820910395408163, 'train/loss': 3.6331323117625955, 'validation/accuracy': 0.53814, 'validation/loss': 3.2271865625, 'validation/num_examples': 50000, 'test/accuracy': 0.4753, 'test/loss': 2.3972625, 'test/num_examples': 10000, 'score': 12142.09969496727, 'total_duration': 13120.20466184616, 'accumulated_submission_time': 12142.09969496727, 'accumulated_eval_time': 937.401035785675, 'accumulated_logging_time': 1.4320638179779053}
I0912 14:48:15.340585 139977757247232 logging_writer.py:48] [16058] accumulated_eval_time=937.401, accumulated_logging_time=1.43206, accumulated_submission_time=12142.1, global_step=16058, preemption_count=0, score=12142.1, test/accuracy=0.4753, test/loss=2.39726, test/num_examples=10000, total_duration=13120.2, train/accuracy=0.582091, train/loss=3.63313, validation/accuracy=0.53814, validation/loss=3.22719, validation/num_examples=50000
I0912 14:52:24.174791 139977740461824 logging_writer.py:48] [16500] global_step=16500, grad_norm=0.5, loss=1.79579
I0912 14:52:24.179014 140000775775424 submission.py:307] 16500) loss = 1.796, grad_norm = 0.500
I0912 14:57:31.722265 139977757247232 logging_writer.py:48] [17000] global_step=17000, grad_norm=0.5, loss=1.72101
I0912 14:57:31.730538 140000775775424 submission.py:307] 17000) loss = 1.721, grad_norm = 0.500
I0912 15:05:25.588392 139977740461824 logging_writer.py:48] [17500] global_step=17500, grad_norm=0.5, loss=1.70501
I0912 15:05:25.594466 140000775775424 submission.py:307] 17500) loss = 1.705, grad_norm = 0.500
I0912 15:08:58.894270 139977757247232 logging_writer.py:48] [18000] global_step=18000, grad_norm=0.5, loss=1.61612
I0912 15:08:58.898634 140000775775424 submission.py:307] 18000) loss = 1.616, grad_norm = 0.500
I0912 15:15:29.202468 139977740461824 logging_writer.py:48] [18500] global_step=18500, grad_norm=0.5, loss=1.73051
I0912 15:15:29.207477 140000775775424 submission.py:307] 18500) loss = 1.731, grad_norm = 0.500
I0912 15:21:20.172914 139977757247232 logging_writer.py:48] [19000] global_step=19000, grad_norm=0.5, loss=1.60282
I0912 15:21:20.184099 140000775775424 submission.py:307] 19000) loss = 1.603, grad_norm = 0.500
I0912 15:21:33.611403 140000775775424 spec.py:333] Evaluating on the training split.
/usr/local/lib/python3.11/multiprocessing/popen_fork.py:66: RuntimeWarning: os.fork() was called. os.fork() is incompatible with multithreaded code, and JAX is multithreaded, so this will likely lead to a deadlock.
  self.pid = os.fork()
I0912 15:22:17.191391 140000775775424 spec.py:346] Evaluating on the validation split.
I0912 15:23:24.351184 140000775775424 spec.py:363] Evaluating on the test split.
I0912 15:23:25.304350 140000775775424 submission_runner.py:516] Time since start: 15230.48s, 	Step: 19027, 	{'train/accuracy': 0.6128427933673469, 'train/loss': 3.5851770517777424, 'validation/accuracy': 0.55534, 'validation/loss': 3.4209021875, 'validation/num_examples': 50000, 'test/accuracy': 0.4994, 'test/loss': 2.3539578125, 'test/num_examples': 10000, 'score': 14133.677445173264, 'total_duration': 15230.481875181198, 'accumulated_submission_time': 14133.677445173264, 'accumulated_eval_time': 1049.0939209461212, 'accumulated_logging_time': 1.754276990890503}
I0912 15:23:25.644815 139977841174272 logging_writer.py:48] [19027] accumulated_eval_time=1049.09, accumulated_logging_time=1.75428, accumulated_submission_time=14133.7, global_step=19027, preemption_count=0, score=14133.7, test/accuracy=0.4994, test/loss=2.35396, test/num_examples=10000, total_duration=15230.5, train/accuracy=0.612843, train/loss=3.58518, validation/accuracy=0.55534, validation/loss=3.4209, validation/num_examples=50000
I0912 15:28:15.335289 139977790818048 logging_writer.py:48] [19500] global_step=19500, grad_norm=0.5, loss=1.53031
I0912 15:28:15.339933 140000775775424 submission.py:307] 19500) loss = 1.530, grad_norm = 0.500
I0912 15:36:33.865808 139977841174272 logging_writer.py:48] [20000] global_step=20000, grad_norm=0.5, loss=1.59319
I0912 15:36:33.870478 140000775775424 submission.py:307] 20000) loss = 1.593, grad_norm = 0.500
I0912 15:40:06.108171 139977790818048 logging_writer.py:48] [20500] global_step=20500, grad_norm=0.5, loss=1.59517
I0912 15:40:06.125305 140000775775424 submission.py:307] 20500) loss = 1.595, grad_norm = 0.500
I0912 15:46:36.377521 139977841174272 logging_writer.py:48] [21000] global_step=21000, grad_norm=0.5, loss=1.52382
I0912 15:46:36.381595 140000775775424 submission.py:307] 21000) loss = 1.524, grad_norm = 0.500
I0912 15:52:26.839221 139977790818048 logging_writer.py:48] [21500] global_step=21500, grad_norm=0.5, loss=1.53113
I0912 15:52:26.857593 140000775775424 submission.py:307] 21500) loss = 1.531, grad_norm = 0.500
I0912 15:56:43.006755 140000775775424 spec.py:333] Evaluating on the training split.
/usr/local/lib/python3.11/multiprocessing/popen_fork.py:66: RuntimeWarning: os.fork() was called. os.fork() is incompatible with multithreaded code, and JAX is multithreaded, so this will likely lead to a deadlock.
  self.pid = os.fork()
I0912 15:57:36.036365 140000775775424 spec.py:346] Evaluating on the validation split.
I0912 15:58:46.088955 140000775775424 spec.py:363] Evaluating on the test split.
I0912 15:58:47.337822 140000775775424 submission_runner.py:516] Time since start: 17352.52s, 	Step: 21984, 	{'train/accuracy': 0.6188815369897959, 'train/loss': 3.9348521329918684, 'validation/accuracy': 0.5705, 'validation/loss': 3.4900921875, 'validation/num_examples': 50000, 'test/accuracy': 0.515, 'test/loss': 2.26014921875, 'test/num_examples': 10000, 'score': 16124.675315141678, 'total_duration': 17352.515357732773, 'accumulated_submission_time': 16124.675315141678, 'accumulated_eval_time': 1173.4251527786255, 'accumulated_logging_time': 2.109804153442383}
I0912 15:58:47.695386 139977757247232 logging_writer.py:48] [21984] accumulated_eval_time=1173.43, accumulated_logging_time=2.1098, accumulated_submission_time=16124.7, global_step=21984, preemption_count=0, score=16124.7, test/accuracy=0.515, test/loss=2.26015, test/num_examples=10000, total_duration=17352.5, train/accuracy=0.618882, train/loss=3.93485, validation/accuracy=0.5705, validation/loss=3.49009, validation/num_examples=50000
I0912 15:58:55.061501 139977832781568 logging_writer.py:48] [22000] global_step=22000, grad_norm=0.5, loss=1.47937
I0912 15:58:55.064711 140000775775424 submission.py:307] 22000) loss = 1.479, grad_norm = 0.500
I0912 16:06:15.315718 139977757247232 logging_writer.py:48] [22500] global_step=22500, grad_norm=0.5, loss=1.5886
I0912 16:06:15.319531 140000775775424 submission.py:307] 22500) loss = 1.589, grad_norm = 0.500
I0912 16:10:21.304990 139977832781568 logging_writer.py:48] [23000] global_step=23000, grad_norm=0.5, loss=1.53766
I0912 16:10:21.310106 140000775775424 submission.py:307] 23000) loss = 1.538, grad_norm = 0.500
I0912 16:16:41.367340 139977757247232 logging_writer.py:48] [23500] global_step=23500, grad_norm=0.5, loss=1.42024
I0912 16:16:41.373373 140000775775424 submission.py:307] 23500) loss = 1.420, grad_norm = 0.500
I0912 16:22:30.220772 139977832781568 logging_writer.py:48] [24000] global_step=24000, grad_norm=0.5, loss=1.3955
I0912 16:22:30.230311 140000775775424 submission.py:307] 24000) loss = 1.395, grad_norm = 0.500
I0912 16:27:02.606581 139977757247232 logging_writer.py:48] [24500] global_step=24500, grad_norm=0.5, loss=1.43699
I0912 16:27:02.611894 140000775775424 submission.py:307] 24500) loss = 1.437, grad_norm = 0.500
I0912 16:32:08.598855 140000775775424 spec.py:333] Evaluating on the training split.
/usr/local/lib/python3.11/multiprocessing/popen_fork.py:66: RuntimeWarning: os.fork() was called. os.fork() is incompatible with multithreaded code, and JAX is multithreaded, so this will likely lead to a deadlock.
  self.pid = os.fork()
I0912 16:32:47.715197 140000775775424 spec.py:346] Evaluating on the validation split.
I0912 16:34:08.340837 140000775775424 spec.py:363] Evaluating on the test split.
I0912 16:34:09.310796 140000775775424 submission_runner.py:516] Time since start: 19474.49s, 	Step: 24826, 	{'train/accuracy': 0.6424784757653061, 'train/loss': 3.722700780751754, 'validation/accuracy': 0.58654, 'validation/loss': 3.1755021875, 'validation/num_examples': 50000, 'test/accuracy': 0.5172, 'test/loss': 2.265676171875, 'test/num_examples': 10000, 'score': 18115.26232433319, 'total_duration': 19474.487339258194, 'accumulated_submission_time': 18115.26232433319, 'accumulated_eval_time': 1294.1361372470856, 'accumulated_logging_time': 2.48134183883667}
I0912 16:34:09.722120 139977732069120 logging_writer.py:48] [24826] accumulated_eval_time=1294.14, accumulated_logging_time=2.48134, accumulated_submission_time=18115.3, global_step=24826, preemption_count=0, score=18115.3, test/accuracy=0.5172, test/loss=2.26568, test/num_examples=10000, total_duration=19474.5, train/accuracy=0.642478, train/loss=3.7227, validation/accuracy=0.58654, validation/loss=3.1755, validation/num_examples=50000
I0912 16:36:06.614065 139977832781568 logging_writer.py:48] [25000] global_step=25000, grad_norm=0.5, loss=1.46616
I0912 16:36:06.617811 140000775775424 submission.py:307] 25000) loss = 1.466, grad_norm = 0.500
I0912 16:40:17.375005 139977732069120 logging_writer.py:48] [25500] global_step=25500, grad_norm=0.5, loss=1.44165
I0912 16:40:17.382875 140000775775424 submission.py:307] 25500) loss = 1.442, grad_norm = 0.500
I0912 16:47:03.384861 139977832781568 logging_writer.py:48] [26000] global_step=26000, grad_norm=0.5, loss=1.39321
I0912 16:47:03.390290 140000775775424 submission.py:307] 26000) loss = 1.393, grad_norm = 0.500
I0912 16:52:51.506302 139977732069120 logging_writer.py:48] [26500] global_step=26500, grad_norm=0.5, loss=1.40953
I0912 16:52:51.512306 140000775775424 submission.py:307] 26500) loss = 1.410, grad_norm = 0.500
I0912 16:57:17.871438 139977832781568 logging_writer.py:48] [27000] global_step=27000, grad_norm=0.5, loss=1.4462
I0912 16:57:17.875375 140000775775424 submission.py:307] 27000) loss = 1.446, grad_norm = 0.500
I0912 17:05:24.409037 139977732069120 logging_writer.py:48] [27500] global_step=27500, grad_norm=0.5, loss=1.2602
I0912 17:05:24.415585 140000775775424 submission.py:307] 27500) loss = 1.260, grad_norm = 0.500
I0912 17:07:26.973580 140000775775424 spec.py:333] Evaluating on the training split.
/usr/local/lib/python3.11/multiprocessing/popen_fork.py:66: RuntimeWarning: os.fork() was called. os.fork() is incompatible with multithreaded code, and JAX is multithreaded, so this will likely lead to a deadlock.
  self.pid = os.fork()
I0912 17:08:13.285521 140000775775424 spec.py:346] Evaluating on the validation split.
I0912 17:09:20.006819 140000775775424 spec.py:363] Evaluating on the test split.
I0912 17:09:20.998187 140000775775424 submission_runner.py:516] Time since start: 21586.18s, 	Step: 27803, 	{'train/accuracy': 0.6767976721938775, 'train/loss': 3.3712301448899873, 'validation/accuracy': 0.582, 'validation/loss': 3.53975875, 'validation/num_examples': 50000, 'test/accuracy': 0.5188, 'test/loss': 2.329924609375, 'test/num_examples': 10000, 'score': 20106.77537536621, 'total_duration': 21586.175618886948, 'accumulated_submission_time': 20106.77537536621, 'accumulated_eval_time': 1408.1605834960938, 'accumulated_logging_time': 2.901373863220215}
I0912 17:09:21.392075 139977698498304 logging_writer.py:48] [27803] accumulated_eval_time=1408.16, accumulated_logging_time=2.90137, accumulated_submission_time=20106.8, global_step=27803, preemption_count=0, score=20106.8, test/accuracy=0.5188, test/loss=2.32992, test/num_examples=10000, total_duration=21586.2, train/accuracy=0.676798, train/loss=3.37123, validation/accuracy=0.582, validation/loss=3.53976, validation/num_examples=50000
I0912 17:10:53.588807 139977832781568 logging_writer.py:48] [28000] global_step=28000, grad_norm=0.5, loss=1.42421
I0912 17:10:53.596899 140000775775424 submission.py:307] 28000) loss = 1.424, grad_norm = 0.500
I0912 17:17:55.825262 139977698498304 logging_writer.py:48] [28500] global_step=28500, grad_norm=0.5, loss=1.42829
I0912 17:17:55.829233 140000775775424 submission.py:307] 28500) loss = 1.428, grad_norm = 0.500
I0912 17:24:01.392967 139977832781568 logging_writer.py:48] [29000] global_step=29000, grad_norm=0.5, loss=1.28602
I0912 17:24:01.397018 140000775775424 submission.py:307] 29000) loss = 1.286, grad_norm = 0.500
I0912 17:28:34.232821 139977698498304 logging_writer.py:48] [29500] global_step=29500, grad_norm=0.5, loss=1.28162
I0912 17:28:34.237620 140000775775424 submission.py:307] 29500) loss = 1.282, grad_norm = 0.500
I0912 17:36:38.697960 139977832781568 logging_writer.py:48] [30000] global_step=30000, grad_norm=0.5, loss=1.28172
I0912 17:36:38.701691 140000775775424 submission.py:307] 30000) loss = 1.282, grad_norm = 0.500
I0912 17:40:08.177314 139977698498304 logging_writer.py:48] [30500] global_step=30500, grad_norm=0.5, loss=1.28083
I0912 17:40:08.181256 140000775775424 submission.py:307] 30500) loss = 1.281, grad_norm = 0.500
I0912 17:42:41.416619 140000775775424 spec.py:333] Evaluating on the training split.
/usr/local/lib/python3.11/multiprocessing/popen_fork.py:66: RuntimeWarning: os.fork() was called. os.fork() is incompatible with multithreaded code, and JAX is multithreaded, so this will likely lead to a deadlock.
  self.pid = os.fork()
I0912 17:43:34.126795 140000775775424 spec.py:346] Evaluating on the validation split.
I0912 17:44:42.532206 140000775775424 spec.py:363] Evaluating on the test split.
I0912 17:44:43.762040 140000775775424 submission_runner.py:516] Time since start: 23708.94s, 	Step: 30744, 	{'train/accuracy': 0.682258450255102, 'train/loss': 3.395152812101403, 'validation/accuracy': 0.597, 'validation/loss': 3.24307375, 'validation/num_examples': 50000, 'test/accuracy': 0.5315, 'test/loss': 2.2064314453125, 'test/num_examples': 10000, 'score': 22101.098651885986, 'total_duration': 23708.939203500748, 'accumulated_submission_time': 22101.098651885986, 'accumulated_eval_time': 1530.5059394836426, 'accumulated_logging_time': 3.3105220794677734}
I0912 17:44:44.098983 139977706891008 logging_writer.py:48] [30744] accumulated_eval_time=1530.51, accumulated_logging_time=3.31052, accumulated_submission_time=22101.1, global_step=30744, preemption_count=0, score=22101.1, test/accuracy=0.5315, test/loss=2.20643, test/num_examples=10000, total_duration=23708.9, train/accuracy=0.682258, train/loss=3.39515, validation/accuracy=0.597, validation/loss=3.24307, validation/num_examples=50000
I0912 17:47:49.147865 139977807603456 logging_writer.py:48] [31000] global_step=31000, grad_norm=0.5, loss=1.2526
I0912 17:47:49.152586 140000775775424 submission.py:307] 31000) loss = 1.253, grad_norm = 0.500
I0912 17:54:04.390127 139977706891008 logging_writer.py:48] [31500] global_step=31500, grad_norm=0.5, loss=1.21339
I0912 17:54:04.395957 140000775775424 submission.py:307] 31500) loss = 1.213, grad_norm = 0.500
I0912 17:58:52.366230 139977807603456 logging_writer.py:48] [32000] global_step=32000, grad_norm=0.5, loss=1.24288
I0912 17:58:52.370923 140000775775424 submission.py:307] 32000) loss = 1.243, grad_norm = 0.500
I0912 18:06:46.374420 139977706891008 logging_writer.py:48] [32500] global_step=32500, grad_norm=0.5, loss=1.40237
I0912 18:06:46.378443 140000775775424 submission.py:307] 32500) loss = 1.402, grad_norm = 0.500
I0912 18:10:14.608919 139977807603456 logging_writer.py:48] [33000] global_step=33000, grad_norm=0.5, loss=1.29882
I0912 18:10:14.614486 140000775775424 submission.py:307] 33000) loss = 1.299, grad_norm = 0.500
I0912 18:16:28.503386 139977706891008 logging_writer.py:48] [33500] global_step=33500, grad_norm=0.5, loss=1.27991
I0912 18:16:28.509570 140000775775424 submission.py:307] 33500) loss = 1.280, grad_norm = 0.500
I0912 18:18:12.254811 140000775775424 spec.py:333] Evaluating on the training split.
/usr/local/lib/python3.11/multiprocessing/popen_fork.py:66: RuntimeWarning: os.fork() was called. os.fork() is incompatible with multithreaded code, and JAX is multithreaded, so this will likely lead to a deadlock.
  self.pid = os.fork()
I0912 18:18:51.352938 140000775775424 spec.py:346] Evaluating on the validation split.
I0912 18:20:15.720007 140000775775424 spec.py:363] Evaluating on the test split.
I0912 18:20:16.890708 140000775775424 submission_runner.py:516] Time since start: 25842.07s, 	Step: 33587, 	{'train/accuracy': 0.6550542091836735, 'train/loss': 4.210914456114477, 'validation/accuracy': 0.5883, 'validation/loss': 3.418475625, 'validation/num_examples': 50000, 'test/accuracy': 0.5299, 'test/loss': 2.2689298828125, 'test/num_examples': 10000, 'score': 24099.835663318634, 'total_duration': 25842.068258285522, 'accumulated_submission_time': 24099.835663318634, 'accumulated_eval_time': 1655.1419308185577, 'accumulated_logging_time': 3.6563520431518555}
I0912 18:20:17.203388 139965144938240 logging_writer.py:48] [33587] accumulated_eval_time=1655.14, accumulated_logging_time=3.65635, accumulated_submission_time=24099.8, global_step=33587, preemption_count=0, score=24099.8, test/accuracy=0.5299, test/loss=2.26893, test/num_examples=10000, total_duration=25842.1, train/accuracy=0.655054, train/loss=4.21091, validation/accuracy=0.5883, validation/loss=3.41848, validation/num_examples=50000
I0912 18:24:05.130343 139977807603456 logging_writer.py:48] [34000] global_step=34000, grad_norm=0.5, loss=1.23143
I0912 18:24:05.137028 140000775775424 submission.py:307] 34000) loss = 1.231, grad_norm = 0.500
I0912 18:29:18.446489 139965144938240 logging_writer.py:48] [34500] global_step=34500, grad_norm=0.5, loss=1.22161
I0912 18:29:18.451255 140000775775424 submission.py:307] 34500) loss = 1.222, grad_norm = 0.500
I0912 18:37:13.455294 139977807603456 logging_writer.py:48] [35000] global_step=35000, grad_norm=0.5, loss=1.22477
I0912 18:37:13.459369 140000775775424 submission.py:307] 35000) loss = 1.225, grad_norm = 0.500
I0912 18:40:43.710355 139965144938240 logging_writer.py:48] [35500] global_step=35500, grad_norm=0.5, loss=1.24787
I0912 18:40:43.716703 140000775775424 submission.py:307] 35500) loss = 1.248, grad_norm = 0.500
I0912 18:47:08.432425 139977807603456 logging_writer.py:48] [36000] global_step=36000, grad_norm=0.5, loss=1.14906
I0912 18:47:08.437962 140000775775424 submission.py:307] 36000) loss = 1.149, grad_norm = 0.500
I0912 18:53:10.313524 139965144938240 logging_writer.py:48] [36500] global_step=36500, grad_norm=0.5, loss=1.24151
I0912 18:53:10.320133 140000775775424 submission.py:307] 36500) loss = 1.242, grad_norm = 0.500
I0912 18:53:36.266494 140000775775424 spec.py:333] Evaluating on the training split.
/usr/local/lib/python3.11/multiprocessing/popen_fork.py:66: RuntimeWarning: os.fork() was called. os.fork() is incompatible with multithreaded code, and JAX is multithreaded, so this will likely lead to a deadlock.
  self.pid = os.fork()
I0912 18:54:20.166743 140000775775424 spec.py:346] Evaluating on the validation split.
I0912 18:55:26.925627 140000775775424 spec.py:363] Evaluating on the test split.
I0912 18:55:27.919239 140000775775424 submission_runner.py:516] Time since start: 27953.10s, 	Step: 36561, 	{'train/accuracy': 0.6913066007653061, 'train/loss': 3.5630960269850127, 'validation/accuracy': 0.5924, 'validation/loss': 3.4600703125, 'validation/num_examples': 50000, 'test/accuracy': 0.5332, 'test/loss': 2.25507109375, 'test/num_examples': 10000, 'score': 26091.93958926201, 'total_duration': 27953.096845149994, 'accumulated_submission_time': 26091.93958926201, 'accumulated_eval_time': 1766.7947697639465, 'accumulated_logging_time': 3.978273391723633}
I0912 18:55:28.232630 139977841174272 logging_writer.py:48] [36561] accumulated_eval_time=1766.79, accumulated_logging_time=3.97827, accumulated_submission_time=26091.9, global_step=36561, preemption_count=0, score=26091.9, test/accuracy=0.5332, test/loss=2.25507, test/num_examples=10000, total_duration=27953.1, train/accuracy=0.691307, train/loss=3.5631, validation/accuracy=0.5924, validation/loss=3.46007, validation/num_examples=50000
I0912 18:59:54.373818 139977706891008 logging_writer.py:48] [37000] global_step=37000, grad_norm=0.5, loss=1.15111
I0912 18:59:54.378173 140000775775424 submission.py:307] 37000) loss = 1.151, grad_norm = 0.500
I0912 19:08:19.627212 139977841174272 logging_writer.py:48] [37500] global_step=37500, grad_norm=0.5, loss=1.22178
I0912 19:08:19.631018 140000775775424 submission.py:307] 37500) loss = 1.222, grad_norm = 0.500
I0912 19:11:57.092137 139977706891008 logging_writer.py:48] [38000] global_step=38000, grad_norm=0.5, loss=1.16999
I0912 19:11:57.096110 140000775775424 submission.py:307] 38000) loss = 1.170, grad_norm = 0.500
I0912 19:18:19.582246 139977841174272 logging_writer.py:48] [38500] global_step=38500, grad_norm=0.5, loss=1.20513
I0912 19:18:19.588173 140000775775424 submission.py:307] 38500) loss = 1.205, grad_norm = 0.500
I0912 19:24:15.695069 139977706891008 logging_writer.py:48] [39000] global_step=39000, grad_norm=0.5, loss=1.06604
I0912 19:24:15.738178 140000775775424 submission.py:307] 39000) loss = 1.066, grad_norm = 0.500
I0912 19:28:35.901168 139977841174272 logging_writer.py:48] [39500] global_step=39500, grad_norm=0.5, loss=1.18123
I0912 19:28:35.906233 140000775775424 submission.py:307] 39500) loss = 1.181, grad_norm = 0.500
I0912 19:28:46.807513 140000775775424 spec.py:333] Evaluating on the training split.
/usr/local/lib/python3.11/multiprocessing/popen_fork.py:66: RuntimeWarning: os.fork() was called. os.fork() is incompatible with multithreaded code, and JAX is multithreaded, so this will likely lead to a deadlock.
  self.pid = os.fork()
I0912 19:29:38.108703 140000775775424 spec.py:346] Evaluating on the validation split.
I0912 19:30:48.067546 140000775775424 spec.py:363] Evaluating on the test split.
I0912 19:30:49.346199 140000775775424 submission_runner.py:516] Time since start: 30074.52s, 	Step: 39508, 	{'train/accuracy': 0.6902901785714286, 'train/loss': 4.021324313416773, 'validation/accuracy': 0.58788, 'validation/loss': 3.737465, 'validation/num_examples': 50000, 'test/accuracy': 0.5406, 'test/loss': 2.2091263671875, 'test/num_examples': 10000, 'score': 28084.79198908806, 'total_duration': 30074.523801088333, 'accumulated_submission_time': 28084.79198908806, 'accumulated_eval_time': 1889.3335394859314, 'accumulated_logging_time': 4.304686069488525}
I0912 19:30:49.631033 139977748854528 logging_writer.py:48] [39508] accumulated_eval_time=1889.33, accumulated_logging_time=4.30469, accumulated_submission_time=28084.8, global_step=39508, preemption_count=0, score=28084.8, test/accuracy=0.5406, test/loss=2.20913, test/num_examples=10000, total_duration=30074.5, train/accuracy=0.69029, train/loss=4.02132, validation/accuracy=0.58788, validation/loss=3.73746, validation/num_examples=50000
I0912 19:38:01.770733 139977799210752 logging_writer.py:48] [40000] global_step=40000, grad_norm=0.5, loss=1.18884
I0912 19:38:01.775496 140000775775424 submission.py:307] 40000) loss = 1.189, grad_norm = 0.500
I0912 19:42:15.337757 139977748854528 logging_writer.py:48] [40500] global_step=40500, grad_norm=0.5, loss=1.21566
I0912 19:42:15.341996 140000775775424 submission.py:307] 40500) loss = 1.216, grad_norm = 0.500
I0912 19:48:41.120955 139977799210752 logging_writer.py:48] [41000] global_step=41000, grad_norm=0.5, loss=1.16538
I0912 19:48:41.136950 140000775775424 submission.py:307] 41000) loss = 1.165, grad_norm = 0.500
I0912 19:54:31.011373 139977748854528 logging_writer.py:48] [41500] global_step=41500, grad_norm=0.5, loss=1.07511
I0912 19:54:31.018791 140000775775424 submission.py:307] 41500) loss = 1.075, grad_norm = 0.500
I0912 19:58:51.731662 139977799210752 logging_writer.py:48] [42000] global_step=42000, grad_norm=0.5, loss=1.12688
I0912 19:58:51.736583 140000775775424 submission.py:307] 42000) loss = 1.127, grad_norm = 0.500
I0912 20:04:10.870386 140000775775424 spec.py:333] Evaluating on the training split.
/usr/local/lib/python3.11/multiprocessing/popen_fork.py:66: RuntimeWarning: os.fork() was called. os.fork() is incompatible with multithreaded code, and JAX is multithreaded, so this will likely lead to a deadlock.
  self.pid = os.fork()
I0912 20:04:48.594920 140000775775424 spec.py:346] Evaluating on the validation split.
I0912 20:06:09.908089 140000775775424 spec.py:363] Evaluating on the test split.
I0912 20:06:11.206268 140000775775424 submission_runner.py:516] Time since start: 32196.38s, 	Step: 42336, 	{'train/accuracy': 0.6846500318877551, 'train/loss': 4.242830237563775, 'validation/accuracy': 0.59668, 'validation/loss': 3.5448959375, 'validation/num_examples': 50000, 'test/accuracy': 0.5405, 'test/loss': 2.2322970703125, 'test/num_examples': 10000, 'score': 30076.157195091248, 'total_duration': 32196.383840560913, 'accumulated_submission_time': 30076.157195091248, 'accumulated_eval_time': 2009.6694073677063, 'accumulated_logging_time': 4.598609685897827}
I0912 20:06:11.543324 139977832781568 logging_writer.py:48] [42336] accumulated_eval_time=2009.67, accumulated_logging_time=4.59861, accumulated_submission_time=30076.2, global_step=42336, preemption_count=0, score=30076.2, test/accuracy=0.5405, test/loss=2.2323, test/num_examples=10000, total_duration=32196.4, train/accuracy=0.68465, train/loss=4.24283, validation/accuracy=0.59668, validation/loss=3.5449, validation/num_examples=50000
I0912 20:08:00.214353 139977740461824 logging_writer.py:48] [42500] global_step=42500, grad_norm=0.5, loss=1.14311
I0912 20:08:00.222933 140000775775424 submission.py:307] 42500) loss = 1.143, grad_norm = 0.500
I0912 20:12:17.094392 139977832781568 logging_writer.py:48] [43000] global_step=43000, grad_norm=0.5, loss=1.11903
I0912 20:12:17.099488 140000775775424 submission.py:307] 43000) loss = 1.119, grad_norm = 0.500
I0912 20:18:55.848701 139977740461824 logging_writer.py:48] [43500] global_step=43500, grad_norm=0.5, loss=1.09288
I0912 20:18:55.854842 140000775775424 submission.py:307] 43500) loss = 1.093, grad_norm = 0.500
I0912 20:24:48.797559 139977832781568 logging_writer.py:48] [44000] global_step=44000, grad_norm=0.5, loss=1.03837
I0912 20:24:48.803272 140000775775424 submission.py:307] 44000) loss = 1.038, grad_norm = 0.500
I0912 20:29:15.029472 139977740461824 logging_writer.py:48] [44500] global_step=44500, grad_norm=0.5, loss=1.15076
I0912 20:29:15.035613 140000775775424 submission.py:307] 44500) loss = 1.151, grad_norm = 0.500
I0912 20:37:18.456120 139977832781568 logging_writer.py:48] [45000] global_step=45000, grad_norm=0.5, loss=1.16221
I0912 20:37:18.461033 140000775775424 submission.py:307] 45000) loss = 1.162, grad_norm = 0.500
I0912 20:39:28.409649 140000775775424 spec.py:333] Evaluating on the training split.
/usr/local/lib/python3.11/multiprocessing/popen_fork.py:66: RuntimeWarning: os.fork() was called. os.fork() is incompatible with multithreaded code, and JAX is multithreaded, so this will likely lead to a deadlock.
  self.pid = os.fork()
I0912 20:40:13.635707 140000775775424 spec.py:346] Evaluating on the validation split.
I0912 20:41:21.026120 140000775775424 spec.py:363] Evaluating on the test split.
I0912 20:41:22.186751 140000775775424 submission_runner.py:516] Time since start: 34307.36s, 	Step: 45304, 	{'train/accuracy': 0.7406927614795918, 'train/loss': 3.3303010901626275, 'validation/accuracy': 0.59918, 'validation/loss': 3.6826671875, 'validation/num_examples': 50000, 'test/accuracy': 0.5385, 'test/loss': 2.3156078125, 'test/num_examples': 10000, 'score': 32065.929864406586, 'total_duration': 34307.3638010025, 'accumulated_submission_time': 32065.929864406586, 'accumulated_eval_time': 2123.4460899829865, 'accumulated_logging_time': 4.944806337356567}
I0912 20:41:22.619170 139977824388864 logging_writer.py:48] [45304] accumulated_eval_time=2123.45, accumulated_logging_time=4.94481, accumulated_submission_time=32065.9, global_step=45304, preemption_count=0, score=32065.9, test/accuracy=0.5385, test/loss=2.31561, test/num_examples=10000, total_duration=34307.4, train/accuracy=0.740693, train/loss=3.3303, validation/accuracy=0.59918, validation/loss=3.68267, validation/num_examples=50000
I0912 20:42:53.409019 139977790818048 logging_writer.py:48] [45500] global_step=45500, grad_norm=0.5, loss=1.06046
I0912 20:42:53.416018 140000775775424 submission.py:307] 45500) loss = 1.060, grad_norm = 0.500
I0912 20:49:54.633343 139977824388864 logging_writer.py:48] [46000] global_step=46000, grad_norm=0.5, loss=1.08674
I0912 20:49:54.639168 140000775775424 submission.py:307] 46000) loss = 1.087, grad_norm = 0.500
I0912 20:56:04.911655 139977790818048 logging_writer.py:48] [46500] global_step=46500, grad_norm=0.5, loss=1.13727
I0912 20:56:04.917118 140000775775424 submission.py:307] 46500) loss = 1.137, grad_norm = 0.500
I0912 21:00:27.712263 139977824388864 logging_writer.py:48] [47000] global_step=47000, grad_norm=0.5, loss=1.07242
I0912 21:00:27.719282 140000775775424 submission.py:307] 47000) loss = 1.072, grad_norm = 0.500
I0912 21:08:39.006733 139977790818048 logging_writer.py:48] [47500] global_step=47500, grad_norm=0.5, loss=1.16482
I0912 21:08:39.010653 140000775775424 submission.py:307] 47500) loss = 1.165, grad_norm = 0.500
I0912 21:12:12.185183 139977824388864 logging_writer.py:48] [48000] global_step=48000, grad_norm=0.5, loss=1.02686
I0912 21:12:12.189825 140000775775424 submission.py:307] 48000) loss = 1.027, grad_norm = 0.500
I0912 21:14:39.705406 140000775775424 spec.py:333] Evaluating on the training split.
/usr/local/lib/python3.11/multiprocessing/popen_fork.py:66: RuntimeWarning: os.fork() was called. os.fork() is incompatible with multithreaded code, and JAX is multithreaded, so this will likely lead to a deadlock.
  self.pid = os.fork()
I0912 21:15:35.165803 140000775775424 spec.py:346] Evaluating on the validation split.
I0912 21:16:43.608438 140000775775424 spec.py:363] Evaluating on the test split.
I0912 21:16:44.674572 140000775775424 submission_runner.py:516] Time since start: 36429.85s, 	Step: 48241, 	{'train/accuracy': 0.7526307397959183, 'train/loss': 3.0826932946029975, 'validation/accuracy': 0.6075, 'validation/loss': 3.48755375, 'validation/num_examples': 50000, 'test/accuracy': 0.5486, 'test/loss': 2.253125, 'test/num_examples': 10000, 'score': 34056.41480588913, 'total_duration': 36429.851751089096, 'accumulated_submission_time': 34056.41480588913, 'accumulated_eval_time': 2248.4152448177338, 'accumulated_logging_time': 5.388753175735474}
I0912 21:16:44.997959 139977723676416 logging_writer.py:48] [48241] accumulated_eval_time=2248.42, accumulated_logging_time=5.38875, accumulated_submission_time=34056.4, global_step=48241, preemption_count=0, score=34056.4, test/accuracy=0.5486, test/loss=2.25312, test/num_examples=10000, total_duration=36429.9, train/accuracy=0.752631, train/loss=3.08269, validation/accuracy=0.6075, validation/loss=3.48755, validation/num_examples=50000
I0912 21:19:50.992052 139977782425344 logging_writer.py:48] [48500] global_step=48500, grad_norm=0.5, loss=1.06412
I0912 21:19:50.997551 140000775775424 submission.py:307] 48500) loss = 1.064, grad_norm = 0.500
I0912 21:26:14.240628 139977723676416 logging_writer.py:48] [49000] global_step=49000, grad_norm=0.5, loss=0.982907
I0912 21:26:14.259660 140000775775424 submission.py:307] 49000) loss = 0.983, grad_norm = 0.500
I0912 21:30:55.390226 139977782425344 logging_writer.py:48] [49500] global_step=49500, grad_norm=0.5, loss=0.9992
I0912 21:30:55.395956 140000775775424 submission.py:307] 49500) loss = 0.999, grad_norm = 0.500
I0912 21:38:56.210087 139977723676416 logging_writer.py:48] [50000] global_step=50000, grad_norm=0.5, loss=1.09904
I0912 21:38:56.213953 140000775775424 submission.py:307] 50000) loss = 1.099, grad_norm = 0.500
I0912 21:42:32.934859 139977782425344 logging_writer.py:48] [50500] global_step=50500, grad_norm=0.499999, loss=0.933484
I0912 21:42:32.943152 140000775775424 submission.py:307] 50500) loss = 0.933, grad_norm = 0.500
I0912 21:48:51.441699 139977723676416 logging_writer.py:48] [51000] global_step=51000, grad_norm=0.5, loss=1.10099
I0912 21:48:51.445698 140000775775424 submission.py:307] 51000) loss = 1.101, grad_norm = 0.500
I0912 21:50:07.626468 140000775775424 spec.py:333] Evaluating on the training split.
/usr/local/lib/python3.11/multiprocessing/popen_fork.py:66: RuntimeWarning: os.fork() was called. os.fork() is incompatible with multithreaded code, and JAX is multithreaded, so this will likely lead to a deadlock.
  self.pid = os.fork()
I0912 21:50:47.261206 140000775775424 spec.py:346] Evaluating on the validation split.
I0912 21:51:59.545866 140000775775424 spec.py:363] Evaluating on the test split.
I0912 21:52:00.677315 140000775775424 submission_runner.py:516] Time since start: 38545.85s, 	Step: 51065, 	{'train/accuracy': 0.7146045918367347, 'train/loss': 4.287095050422513, 'validation/accuracy': 0.59812, 'validation/loss': 3.8641540625, 'validation/num_examples': 50000, 'test/accuracy': 0.551, 'test/loss': 2.254645703125, 'test/num_examples': 10000, 'score': 36049.56338047981, 'total_duration': 38545.85446166992, 'accumulated_submission_time': 36049.56338047981, 'accumulated_eval_time': 2361.465857744217, 'accumulated_logging_time': 5.720783233642578}
I0912 21:52:01.066843 139981372782336 logging_writer.py:48] [51065] accumulated_eval_time=2361.47, accumulated_logging_time=5.72078, accumulated_submission_time=36049.6, global_step=51065, preemption_count=0, score=36049.6, test/accuracy=0.551, test/loss=2.25465, test/num_examples=10000, total_duration=38545.9, train/accuracy=0.714605, train/loss=4.2871, validation/accuracy=0.59812, validation/loss=3.86415, validation/num_examples=50000
I0912 21:56:21.033245 139977757247232 logging_writer.py:48] [51500] global_step=51500, grad_norm=0.5, loss=0.983306
I0912 21:56:21.040655 140000775775424 submission.py:307] 51500) loss = 0.983, grad_norm = 0.500
I0912 22:01:28.128259 139981372782336 logging_writer.py:48] [52000] global_step=52000, grad_norm=0.5, loss=1.00985
I0912 22:01:28.132316 140000775775424 submission.py:307] 52000) loss = 1.010, grad_norm = 0.500
I0912 22:09:21.184303 139977757247232 logging_writer.py:48] [52500] global_step=52500, grad_norm=0.5, loss=1.09602
I0912 22:09:21.189157 140000775775424 submission.py:307] 52500) loss = 1.096, grad_norm = 0.500
I0912 22:12:50.300360 139981372782336 logging_writer.py:48] [53000] global_step=53000, grad_norm=0.5, loss=0.994163
I0912 22:12:50.306233 140000775775424 submission.py:307] 53000) loss = 0.994, grad_norm = 0.500
I0912 22:19:06.608829 139977757247232 logging_writer.py:48] [53500] global_step=53500, grad_norm=0.5, loss=0.981594
I0912 22:19:06.612667 140000775775424 submission.py:307] 53500) loss = 0.982, grad_norm = 0.500
I0912 22:25:18.002866 140000775775424 spec.py:333] Evaluating on the training split.
/usr/local/lib/python3.11/multiprocessing/popen_fork.py:66: RuntimeWarning: os.fork() was called. os.fork() is incompatible with multithreaded code, and JAX is multithreaded, so this will likely lead to a deadlock.
  self.pid = os.fork()
I0912 22:25:59.027443 140000775775424 spec.py:346] Evaluating on the validation split.
I0912 22:27:06.062156 140000775775424 spec.py:363] Evaluating on the test split.
I0912 22:27:07.149380 140000775775424 submission_runner.py:516] Time since start: 40652.33s, 	Step: 53993, 	{'train/accuracy': 0.6931202168367347, 'train/loss': 4.989987743144133, 'validation/accuracy': 0.60402, 'validation/loss': 3.70380375, 'validation/num_examples': 50000, 'test/accuracy': 0.5426, 'test/loss': 2.3408603515625, 'test/num_examples': 10000, 'score': 38040.11103129387, 'total_duration': 40652.326677560806, 'accumulated_submission_time': 38040.11103129387, 'accumulated_eval_time': 2470.6195392608643, 'accumulated_logging_time': 6.12224555015564}
I0912 22:27:07.529785 139977706891008 logging_writer.py:48] [53993] accumulated_eval_time=2470.62, accumulated_logging_time=6.12225, accumulated_submission_time=38040.1, global_step=53993, preemption_count=0, score=38040.1, test/accuracy=0.5426, test/loss=2.34086, test/num_examples=10000, total_duration=40652.3, train/accuracy=0.69312, train/loss=4.98999, validation/accuracy=0.60402, validation/loss=3.7038, validation/num_examples=50000
I0912 22:27:11.123795 139977748854528 logging_writer.py:48] [54000] global_step=54000, grad_norm=0.5, loss=1.07409
I0912 22:27:11.127067 140000775775424 submission.py:307] 54000) loss = 1.074, grad_norm = 0.500
I0912 22:32:14.428778 139977706891008 logging_writer.py:48] [54500] global_step=54500, grad_norm=0.5, loss=1.03183
I0912 22:32:14.433471 140000775775424 submission.py:307] 54500) loss = 1.032, grad_norm = 0.500
I0912 22:40:34.640470 139977748854528 logging_writer.py:48] [55000] global_step=55000, grad_norm=0.5, loss=1.07491
I0912 22:40:34.645375 140000775775424 submission.py:307] 55000) loss = 1.075, grad_norm = 0.500
I0912 22:44:16.141507 139977706891008 logging_writer.py:48] [55500] global_step=55500, grad_norm=0.5, loss=0.950578
I0912 22:44:16.149398 140000775775424 submission.py:307] 55500) loss = 0.951, grad_norm = 0.500
I0912 22:50:37.462334 139977748854528 logging_writer.py:48] [56000] global_step=56000, grad_norm=0.5, loss=0.965331
I0912 22:50:37.466215 140000775775424 submission.py:307] 56000) loss = 0.965, grad_norm = 0.500
I0912 22:56:46.725200 139977706891008 logging_writer.py:48] [56500] global_step=56500, grad_norm=0.499999, loss=0.923452
I0912 22:56:46.733721 140000775775424 submission.py:307] 56500) loss = 0.923, grad_norm = 0.500
I0912 23:00:25.570307 140000775775424 spec.py:333] Evaluating on the training split.
/usr/local/lib/python3.11/multiprocessing/popen_fork.py:66: RuntimeWarning: os.fork() was called. os.fork() is incompatible with multithreaded code, and JAX is multithreaded, so this will likely lead to a deadlock.
  self.pid = os.fork()
I0912 23:01:19.725131 140000775775424 spec.py:346] Evaluating on the validation split.
I0912 23:02:27.392586 140000775775424 spec.py:363] Evaluating on the test split.
I0912 23:02:28.513334 140000775775424 submission_runner.py:516] Time since start: 42773.69s, 	Step: 56938, 	{'train/accuracy': 0.7349131058673469, 'train/loss': 4.022158875757334, 'validation/accuracy': 0.60598, 'validation/loss': 3.7986165625, 'validation/num_examples': 50000, 'test/accuracy': 0.5461, 'test/loss': 2.324066796875, 'test/num_examples': 10000, 'score': 40032.12872648239, 'total_duration': 42773.69043254852, 'accumulated_submission_time': 40032.12872648239, 'accumulated_eval_time': 2593.562024831772, 'accumulated_logging_time': 6.515619516372681}
I0912 23:02:28.794502 139977748854528 logging_writer.py:48] [56938] accumulated_eval_time=2593.56, accumulated_logging_time=6.51562, accumulated_submission_time=40032.1, global_step=56938, preemption_count=0, score=40032.1, test/accuracy=0.5461, test/loss=2.32407, test/num_examples=10000, total_duration=42773.7, train/accuracy=0.734913, train/loss=4.02216, validation/accuracy=0.60598, validation/loss=3.79862, validation/num_examples=50000
I0912 23:02:49.719710 139977757247232 logging_writer.py:48] [57000] global_step=57000, grad_norm=0.5, loss=1.02598
I0912 23:02:49.724359 140000775775424 submission.py:307] 57000) loss = 1.026, grad_norm = 0.500
I0912 23:10:42.430212 139977748854528 logging_writer.py:48] [57500] global_step=57500, grad_norm=0.5, loss=0.979313
I0912 23:10:42.435361 140000775775424 submission.py:307] 57500) loss = 0.979, grad_norm = 0.500
I0912 23:14:51.382319 139977757247232 logging_writer.py:48] [58000] global_step=58000, grad_norm=0.5, loss=0.916976
I0912 23:14:51.386700 140000775775424 submission.py:307] 58000) loss = 0.917, grad_norm = 0.500
I0912 23:21:10.922512 139977748854528 logging_writer.py:48] [58500] global_step=58500, grad_norm=0.5, loss=1.03138
I0912 23:21:10.926496 140000775775424 submission.py:307] 58500) loss = 1.031, grad_norm = 0.500
I0912 23:27:12.664704 139977757247232 logging_writer.py:48] [59000] global_step=59000, grad_norm=0.5, loss=0.968239
I0912 23:27:12.668807 140000775775424 submission.py:307] 59000) loss = 0.968, grad_norm = 0.500
I0912 23:31:35.604093 139977748854528 logging_writer.py:48] [59500] global_step=59500, grad_norm=0.5, loss=1.0205
I0912 23:31:35.608190 140000775775424 submission.py:307] 59500) loss = 1.021, grad_norm = 0.500
I0912 23:35:48.796160 140000775775424 spec.py:333] Evaluating on the training split.
/usr/local/lib/python3.11/multiprocessing/popen_fork.py:66: RuntimeWarning: os.fork() was called. os.fork() is incompatible with multithreaded code, and JAX is multithreaded, so this will likely lead to a deadlock.
  self.pid = os.fork()
I0912 23:36:32.487381 140000775775424 spec.py:346] Evaluating on the validation split.
I0912 23:37:52.501773 140000775775424 spec.py:363] Evaluating on the test split.
I0912 23:37:53.499625 140000775775424 submission_runner.py:516] Time since start: 44898.68s, 	Step: 59780, 	{'train/accuracy': 0.7512755102040817, 'train/loss': 3.751901743363361, 'validation/accuracy': 0.60982, 'validation/loss': 3.62400375, 'validation/num_examples': 50000, 'test/accuracy': 0.544, 'test/loss': 2.335040625, 'test/num_examples': 10000, 'score': 42026.04635977745, 'total_duration': 44898.67599797249, 'accumulated_submission_time': 42026.04635977745, 'accumulated_eval_time': 2718.264631986618, 'accumulated_logging_time': 6.805363655090332}
I0912 23:37:53.862483 139977757247232 logging_writer.py:48] [59780] accumulated_eval_time=2718.26, accumulated_logging_time=6.80536, accumulated_submission_time=42026, global_step=59780, preemption_count=0, score=42026, test/accuracy=0.544, test/loss=2.33504, test/num_examples=10000, total_duration=44898.7, train/accuracy=0.751276, train/loss=3.7519, validation/accuracy=0.60982, validation/loss=3.624, validation/num_examples=50000
I0912 23:40:40.608777 139977832781568 logging_writer.py:48] [60000] global_step=60000, grad_norm=0.5, loss=1.01784
I0912 23:40:40.615422 140000775775424 submission.py:307] 60000) loss = 1.018, grad_norm = 0.500
I0912 23:44:56.553373 139977757247232 logging_writer.py:48] [60500] global_step=60500, grad_norm=0.5, loss=0.929709
I0912 23:44:56.557208 140000775775424 submission.py:307] 60500) loss = 0.930, grad_norm = 0.500
I0912 23:51:31.523284 139977832781568 logging_writer.py:48] [61000] global_step=61000, grad_norm=0.5, loss=0.883312
I0912 23:51:31.527040 140000775775424 submission.py:307] 61000) loss = 0.883, grad_norm = 0.500
I0912 23:57:35.893241 139977757247232 logging_writer.py:48] [61500] global_step=61500, grad_norm=0.5, loss=0.869233
I0912 23:57:35.898113 140000775775424 submission.py:307] 61500) loss = 0.869, grad_norm = 0.500
I0913 00:01:55.907558 139977832781568 logging_writer.py:48] [62000] global_step=62000, grad_norm=0.5, loss=0.978815
I0913 00:01:55.911541 140000775775424 submission.py:307] 62000) loss = 0.979, grad_norm = 0.500
I0913 00:10:01.386270 139977757247232 logging_writer.py:48] [62500] global_step=62500, grad_norm=0.5, loss=0.898184
I0913 00:10:01.390040 140000775775424 submission.py:307] 62500) loss = 0.898, grad_norm = 0.500
I0913 00:11:14.200325 140000775775424 spec.py:333] Evaluating on the training split.
/usr/local/lib/python3.11/multiprocessing/popen_fork.py:66: RuntimeWarning: os.fork() was called. os.fork() is incompatible with multithreaded code, and JAX is multithreaded, so this will likely lead to a deadlock.
  self.pid = os.fork()
I0913 00:11:50.966895 140000775775424 spec.py:346] Evaluating on the validation split.
I0913 00:12:58.398634 140000775775424 spec.py:363] Evaluating on the test split.
I0913 00:12:59.452566 140000775775424 submission_runner.py:516] Time since start: 47004.63s, 	Step: 62641, 	{'train/accuracy': 0.7533880739795918, 'train/loss': 3.9760337362484055, 'validation/accuracy': 0.5953, 'validation/loss': 4.1124975, 'validation/num_examples': 50000, 'test/accuracy': 0.5445, 'test/loss': 2.4248345703125, 'test/num_examples': 10000, 'score': 44017.4248752594, 'total_duration': 47004.629635334015, 'accumulated_submission_time': 44017.4248752594, 'accumulated_eval_time': 2823.5164263248444, 'accumulated_logging_time': 7.177429914474487}
I0913 00:12:59.804372 139977799210752 logging_writer.py:48] [62641] accumulated_eval_time=2823.52, accumulated_logging_time=7.17743, accumulated_submission_time=44017.4, global_step=62641, preemption_count=0, score=44017.4, test/accuracy=0.5445, test/loss=2.42483, test/num_examples=10000, total_duration=47004.6, train/accuracy=0.753388, train/loss=3.97603, validation/accuracy=0.5953, validation/loss=4.1125, validation/num_examples=50000
I0913 00:15:56.360311 139965144938240 logging_writer.py:48] [63000] global_step=63000, grad_norm=0.5, loss=0.928835
I0913 00:15:56.365406 140000775775424 submission.py:307] 63000) loss = 0.929, grad_norm = 0.500
I0913 00:22:35.888167 139977799210752 logging_writer.py:48] [63500] global_step=63500, grad_norm=0.5, loss=0.938958
I0913 00:22:35.892018 140000775775424 submission.py:307] 63500) loss = 0.939, grad_norm = 0.500
I0913 00:29:05.031001 139965144938240 logging_writer.py:48] [64000] global_step=64000, grad_norm=0.5, loss=0.847355
I0913 00:29:05.036792 140000775775424 submission.py:307] 64000) loss = 0.847, grad_norm = 0.500
I0913 00:33:19.473836 139977799210752 logging_writer.py:48] [64500] global_step=64500, grad_norm=0.5, loss=0.902039
I0913 00:33:19.480113 140000775775424 submission.py:307] 64500) loss = 0.902, grad_norm = 0.500
I0913 00:41:27.202098 139965144938240 logging_writer.py:48] [65000] global_step=65000, grad_norm=0.5, loss=1.05563
I0913 00:41:27.208215 140000775775424 submission.py:307] 65000) loss = 1.056, grad_norm = 0.500
I0913 00:45:08.065379 139977799210752 logging_writer.py:48] [65500] global_step=65500, grad_norm=0.5, loss=0.9703
I0913 00:45:08.071282 140000775775424 submission.py:307] 65500) loss = 0.970, grad_norm = 0.500
I0913 00:46:20.594476 140000775775424 spec.py:333] Evaluating on the training split.
/usr/local/lib/python3.11/multiprocessing/popen_fork.py:66: RuntimeWarning: os.fork() was called. os.fork() is incompatible with multithreaded code, and JAX is multithreaded, so this will likely lead to a deadlock.
  self.pid = os.fork()
I0913 00:47:07.200145 140000775775424 spec.py:346] Evaluating on the validation split.
I0913 00:48:15.022639 140000775775424 spec.py:363] Evaluating on the test split.
I0913 00:48:16.010275 140000775775424 submission_runner.py:516] Time since start: 49121.19s, 	Step: 65621, 	{'train/accuracy': 0.7441804846938775, 'train/loss': 4.294895094268176, 'validation/accuracy': 0.60682, 'validation/loss': 3.9011953125, 'validation/num_examples': 50000, 'test/accuracy': 0.546, 'test/loss': 2.451838671875, 'test/num_examples': 10000, 'score': 46007.35127186775, 'total_duration': 49121.18770194054, 'accumulated_submission_time': 46007.35127186775, 'accumulated_eval_time': 2938.9320743083954, 'accumulated_logging_time': 7.538053512573242}
I0913 00:48:16.354599 139977715283712 logging_writer.py:48] [65621] accumulated_eval_time=2938.93, accumulated_logging_time=7.53805, accumulated_submission_time=46007.4, global_step=65621, preemption_count=0, score=46007.4, test/accuracy=0.546, test/loss=2.45184, test/num_examples=10000, total_duration=49121.2, train/accuracy=0.74418, train/loss=4.2949, validation/accuracy=0.60682, validation/loss=3.9012, validation/num_examples=50000
I0913 00:53:09.572074 139981372782336 logging_writer.py:48] [66000] global_step=66000, grad_norm=0.5, loss=1.03735
I0913 00:53:09.577845 140000775775424 submission.py:307] 66000) loss = 1.037, grad_norm = 0.500
I0913 00:59:40.696490 139977715283712 logging_writer.py:48] [66500] global_step=66500, grad_norm=0.5, loss=0.822102
I0913 00:59:40.714273 140000775775424 submission.py:307] 66500) loss = 0.822, grad_norm = 0.500
I0913 01:03:57.718021 139981372782336 logging_writer.py:48] [67000] global_step=67000, grad_norm=0.5, loss=0.879154
I0913 01:03:57.730172 140000775775424 submission.py:307] 67000) loss = 0.879, grad_norm = 0.500
I0913 01:11:55.212043 139977715283712 logging_writer.py:48] [67500] global_step=67500, grad_norm=0.5, loss=0.832335
I0913 01:11:55.217998 140000775775424 submission.py:307] 67500) loss = 0.832, grad_norm = 0.500
I0913 01:15:39.817698 139981372782336 logging_writer.py:48] [68000] global_step=68000, grad_norm=0.5, loss=0.854876
I0913 01:15:39.821733 140000775775424 submission.py:307] 68000) loss = 0.855, grad_norm = 0.500
I0913 01:21:37.267016 140000775775424 spec.py:333] Evaluating on the training split.
/usr/local/lib/python3.11/multiprocessing/popen_fork.py:66: RuntimeWarning: os.fork() was called. os.fork() is incompatible with multithreaded code, and JAX is multithreaded, so this will likely lead to a deadlock.
  self.pid = os.fork()
I0913 01:22:23.091344 140000775775424 spec.py:346] Evaluating on the validation split.
I0913 01:23:44.917098 140000775775424 spec.py:363] Evaluating on the test split.
I0913 01:23:45.934671 140000775775424 submission_runner.py:516] Time since start: 51251.11s, 	Step: 68491, 	{'train/accuracy': 0.7308673469387755, 'train/loss': 4.70134127869898, 'validation/accuracy': 0.60286, 'validation/loss': 3.9544271875, 'validation/num_examples': 50000, 'test/accuracy': 0.5418, 'test/loss': 2.4661576171875, 'test/num_examples': 10000, 'score': 47999.289845228195, 'total_duration': 51251.1121070385, 'accumulated_submission_time': 47999.289845228195, 'accumulated_eval_time': 3067.5996243953705, 'accumulated_logging_time': 7.8918163776397705}
I0913 01:23:46.344092 139981372782336 logging_writer.py:48] [68491] accumulated_eval_time=3067.6, accumulated_logging_time=7.89182, accumulated_submission_time=47999.3, global_step=68491, preemption_count=0, score=47999.3, test/accuracy=0.5418, test/loss=2.46616, test/num_examples=10000, total_duration=51251.1, train/accuracy=0.730867, train/loss=4.70134, validation/accuracy=0.60286, validation/loss=3.95443, validation/num_examples=50000
I0913 01:23:50.531060 139977740461824 logging_writer.py:48] [68500] global_step=68500, grad_norm=0.5, loss=0.895563
I0913 01:23:50.535244 140000775775424 submission.py:307] 68500) loss = 0.896, grad_norm = 0.500
I0913 01:29:24.206279 139981372782336 logging_writer.py:48] [69000] global_step=69000, grad_norm=0.5, loss=0.845775
I0913 01:29:24.213917 140000775775424 submission.py:307] 69000) loss = 0.846, grad_norm = 0.500
I0913 01:34:20.056565 139977740461824 logging_writer.py:48] [69500] global_step=69500, grad_norm=0.5, loss=0.948744
I0913 01:34:20.060950 140000775775424 submission.py:307] 69500) loss = 0.949, grad_norm = 0.500
I0913 01:42:08.441695 139981372782336 logging_writer.py:48] [70000] global_step=70000, grad_norm=0.5, loss=0.919155
I0913 01:42:08.446732 140000775775424 submission.py:307] 70000) loss = 0.919, grad_norm = 0.500
I0913 01:45:53.725349 139977740461824 logging_writer.py:48] [70500] global_step=70500, grad_norm=0.5, loss=0.861036
I0913 01:45:53.736145 140000775775424 submission.py:307] 70500) loss = 0.861, grad_norm = 0.500
I0913 01:52:06.299637 139981372782336 logging_writer.py:48] [71000] global_step=71000, grad_norm=0.5, loss=0.869785
I0913 01:52:06.304679 140000775775424 submission.py:307] 71000) loss = 0.870, grad_norm = 0.500
I0913 01:57:13.981459 140000775775424 spec.py:333] Evaluating on the training split.
/usr/local/lib/python3.11/multiprocessing/popen_fork.py:66: RuntimeWarning: os.fork() was called. os.fork() is incompatible with multithreaded code, and JAX is multithreaded, so this will likely lead to a deadlock.
  self.pid = os.fork()
I0913 01:57:49.563395 140000775775424 spec.py:346] Evaluating on the validation split.
I0913 01:58:56.603223 140000775775424 spec.py:363] Evaluating on the test split.
I0913 01:58:57.582027 140000775775424 submission_runner.py:516] Time since start: 53362.76s, 	Step: 71308, 	{'train/accuracy': 0.7486049107142857, 'train/loss': 4.223421057876275, 'validation/accuracy': 0.5905, 'validation/loss': 4.304688125, 'validation/num_examples': 50000, 'test/accuracy': 0.5403, 'test/loss': 2.485997265625, 'test/num_examples': 10000, 'score': 49997.043336868286, 'total_duration': 53362.75940608978, 'accumulated_submission_time': 49997.043336868286, 'accumulated_eval_time': 3171.210006713867, 'accumulated_logging_time': 8.32323670387268}
I0913 01:58:57.925559 139977723676416 logging_writer.py:48] [71308] accumulated_eval_time=3171.21, accumulated_logging_time=8.32324, accumulated_submission_time=49997, global_step=71308, preemption_count=0, score=49997, test/accuracy=0.5403, test/loss=2.486, test/num_examples=10000, total_duration=53362.8, train/accuracy=0.748605, train/loss=4.22342, validation/accuracy=0.5905, validation/loss=4.30469, validation/num_examples=50000
I0913 02:00:10.107468 139977715283712 logging_writer.py:48] [71500] global_step=71500, grad_norm=0.5, loss=0.783187
I0913 02:00:10.111557 140000775775424 submission.py:307] 71500) loss = 0.783, grad_norm = 0.500
I0913 02:05:20.460700 139977723676416 logging_writer.py:48] [72000] global_step=72000, grad_norm=0.5, loss=0.817897
I0913 02:05:20.464778 140000775775424 submission.py:307] 72000) loss = 0.818, grad_norm = 0.500
I0913 02:13:34.424981 139977715283712 logging_writer.py:48] [72500] global_step=72500, grad_norm=0.5, loss=0.886132
I0913 02:13:34.429627 140000775775424 submission.py:307] 72500) loss = 0.886, grad_norm = 0.500
I0913 02:17:23.823337 139977723676416 logging_writer.py:48] [73000] global_step=73000, grad_norm=0.5, loss=0.788032
I0913 02:17:23.852191 140000775775424 submission.py:307] 73000) loss = 0.788, grad_norm = 0.500
I0913 02:23:39.669979 139977715283712 logging_writer.py:48] [73500] global_step=73500, grad_norm=0.5, loss=0.85083
I0913 02:23:39.675583 140000775775424 submission.py:307] 73500) loss = 0.851, grad_norm = 0.500
I0913 02:30:01.359055 139977723676416 logging_writer.py:48] [74000] global_step=74000, grad_norm=0.5, loss=0.76729
I0913 02:30:01.366202 140000775775424 submission.py:307] 74000) loss = 0.767, grad_norm = 0.500
I0913 02:32:18.911372 140000775775424 spec.py:333] Evaluating on the training split.
/usr/local/lib/python3.11/multiprocessing/popen_fork.py:66: RuntimeWarning: os.fork() was called. os.fork() is incompatible with multithreaded code, and JAX is multithreaded, so this will likely lead to a deadlock.
  self.pid = os.fork()
I0913 02:33:05.666545 140000775775424 spec.py:346] Evaluating on the validation split.
I0913 02:34:13.306517 140000775775424 spec.py:363] Evaluating on the test split.
I0913 02:34:14.327202 140000775775424 submission_runner.py:516] Time since start: 55479.50s, 	Step: 74295, 	{'train/accuracy': 0.7805325255102041, 'train/loss': 3.9461757114955356, 'validation/accuracy': 0.60874, 'validation/loss': 3.9354934375, 'validation/num_examples': 50000, 'test/accuracy': 0.5505, 'test/loss': 2.4941072265625, 'test/num_examples': 10000, 'score': 51987.919023275375, 'total_duration': 55479.50464963913, 'accumulated_submission_time': 51987.919023275375, 'accumulated_eval_time': 3286.6257762908936, 'accumulated_logging_time': 8.68415379524231}
I0913 02:34:14.713402 139977698498304 logging_writer.py:48] [74295] accumulated_eval_time=3286.63, accumulated_logging_time=8.68415, accumulated_submission_time=51987.9, global_step=74295, preemption_count=0, score=51987.9, test/accuracy=0.5505, test/loss=2.49411, test/num_examples=10000, total_duration=55479.5, train/accuracy=0.780533, train/loss=3.94618, validation/accuracy=0.60874, validation/loss=3.93549, validation/num_examples=50000
I0913 02:36:16.468868 139977757247232 logging_writer.py:48] [74500] global_step=74500, grad_norm=0.5, loss=0.913088
I0913 02:36:16.473266 140000775775424 submission.py:307] 74500) loss = 0.913, grad_norm = 0.500
I0913 02:44:23.578018 139977698498304 logging_writer.py:48] [75000] global_step=75000, grad_norm=0.5, loss=0.773218
I0913 02:44:23.582363 140000775775424 submission.py:307] 75000) loss = 0.773, grad_norm = 0.500
I0913 02:48:18.813770 139977757247232 logging_writer.py:48] [75500] global_step=75500, grad_norm=0.5, loss=0.842224
I0913 02:48:18.819859 140000775775424 submission.py:307] 75500) loss = 0.842, grad_norm = 0.500
I0913 02:54:25.863495 139977698498304 logging_writer.py:48] [76000] global_step=76000, grad_norm=0.5, loss=0.782979
I0913 02:54:25.872312 140000775775424 submission.py:307] 76000) loss = 0.783, grad_norm = 0.500
I0913 03:00:45.468243 139977757247232 logging_writer.py:48] [76500] global_step=76500, grad_norm=0.5, loss=0.760953
I0913 03:00:45.495341 140000775775424 submission.py:307] 76500) loss = 0.761, grad_norm = 0.500
I0913 03:04:56.288933 139977698498304 logging_writer.py:48] [77000] global_step=77000, grad_norm=0.5, loss=0.833703
I0913 03:04:56.293898 140000775775424 submission.py:307] 77000) loss = 0.834, grad_norm = 0.500
I0913 03:07:31.920144 140000775775424 spec.py:333] Evaluating on the training split.
/usr/local/lib/python3.11/multiprocessing/popen_fork.py:66: RuntimeWarning: os.fork() was called. os.fork() is incompatible with multithreaded code, and JAX is multithreaded, so this will likely lead to a deadlock.
  self.pid = os.fork()
I0913 03:08:21.490815 140000775775424 spec.py:346] Evaluating on the validation split.
I0913 03:09:39.255182 140000775775424 spec.py:363] Evaluating on the test split.
I0913 03:09:40.224300 140000775775424 submission_runner.py:516] Time since start: 57605.40s, 	Step: 77189, 	{'train/accuracy': 0.7568160076530612, 'train/loss': 4.696759905133929, 'validation/accuracy': 0.6149, 'validation/loss': 4.01059, 'validation/num_examples': 50000, 'test/accuracy': 0.5454, 'test/loss': 2.54879609375, 'test/num_examples': 10000, 'score': 53978.819489479065, 'total_duration': 57605.40187692642, 'accumulated_submission_time': 53978.819489479065, 'accumulated_eval_time': 3414.930118083954, 'accumulated_logging_time': 9.079579591751099}
I0913 03:09:40.576480 139981372782336 logging_writer.py:48] [77189] accumulated_eval_time=3414.93, accumulated_logging_time=9.07958, accumulated_submission_time=53978.8, global_step=77189, preemption_count=0, score=53978.8, test/accuracy=0.5454, test/loss=2.5488, test/num_examples=10000, total_duration=57605.4, train/accuracy=0.756816, train/loss=4.69676, validation/accuracy=0.6149, validation/loss=4.01059, validation/num_examples=50000
I0913 03:13:53.057813 139965144938240 logging_writer.py:48] [77500] global_step=77500, grad_norm=0.5, loss=0.916613
I0913 03:13:53.065736 140000775775424 submission.py:307] 77500) loss = 0.917, grad_norm = 0.500
I0913 03:18:15.925543 139981372782336 logging_writer.py:48] [78000] global_step=78000, grad_norm=0.5, loss=0.745283
I0913 03:18:15.929738 140000775775424 submission.py:307] 78000) loss = 0.745, grad_norm = 0.500
I0913 03:24:32.684141 139965144938240 logging_writer.py:48] [78500] global_step=78500, grad_norm=0.5, loss=0.732007
I0913 03:24:32.688148 140000775775424 submission.py:307] 78500) loss = 0.732, grad_norm = 0.500
I0913 03:30:51.234443 139981372782336 logging_writer.py:48] [79000] global_step=79000, grad_norm=0.5, loss=0.79025
I0913 03:30:51.263784 140000775775424 submission.py:307] 79000) loss = 0.790, grad_norm = 0.500
I0913 03:35:00.547186 139965144938240 logging_writer.py:48] [79500] global_step=79500, grad_norm=0.5, loss=0.8016
I0913 03:35:00.552347 140000775775424 submission.py:307] 79500) loss = 0.802, grad_norm = 0.500
I0913 03:42:55.137576 139981372782336 logging_writer.py:48] [80000] global_step=80000, grad_norm=0.5, loss=0.848419
I0913 03:42:55.144645 140000775775424 submission.py:307] 80000) loss = 0.848, grad_norm = 0.500
I0913 03:43:01.241533 140000775775424 spec.py:333] Evaluating on the training split.
/usr/local/lib/python3.11/multiprocessing/popen_fork.py:66: RuntimeWarning: os.fork() was called. os.fork() is incompatible with multithreaded code, and JAX is multithreaded, so this will likely lead to a deadlock.
  self.pid = os.fork()
I0913 03:43:39.682132 140000775775424 spec.py:346] Evaluating on the validation split.
I0913 03:44:48.085533 140000775775424 spec.py:363] Evaluating on the test split.
I0913 03:44:49.039283 140000775775424 submission_runner.py:516] Time since start: 59714.22s, 	Step: 80005, 	{'train/accuracy': 0.7893415178571429, 'train/loss': 3.8998624840561225, 'validation/accuracy': 0.5997, 'validation/loss': 4.322921875, 'validation/num_examples': 50000, 'test/accuracy': 0.5462, 'test/loss': 2.54585859375, 'test/num_examples': 10000, 'score': 55970.49907040596, 'total_duration': 59714.21665263176, 'accumulated_submission_time': 55970.49907040596, 'accumulated_eval_time': 3522.727690935135, 'accumulated_logging_time': 9.445403337478638}
I0913 03:44:49.351073 139977748854528 logging_writer.py:48] [80005] accumulated_eval_time=3522.73, accumulated_logging_time=9.4454, accumulated_submission_time=55970.5, global_step=80005, preemption_count=0, score=55970.5, test/accuracy=0.5462, test/loss=2.54586, test/num_examples=10000, total_duration=59714.2, train/accuracy=0.789342, train/loss=3.89986, validation/accuracy=0.5997, validation/loss=4.32292, validation/num_examples=50000
I0913 03:49:05.641778 139977698498304 logging_writer.py:48] [80500] global_step=80500, grad_norm=0.5, loss=0.738146
I0913 03:49:05.646796 140000775775424 submission.py:307] 80500) loss = 0.738, grad_norm = 0.500
I0913 03:55:38.135170 139977748854528 logging_writer.py:48] [81000] global_step=81000, grad_norm=0.5, loss=0.795125
I0913 03:55:38.141772 140000775775424 submission.py:307] 81000) loss = 0.795, grad_norm = 0.500
I0913 04:02:00.777566 139977698498304 logging_writer.py:48] [81500] global_step=81500, grad_norm=0.5, loss=0.755148
I0913 04:02:00.795143 140000775775424 submission.py:307] 81500) loss = 0.755, grad_norm = 0.500
I0913 04:06:11.434671 139977748854528 logging_writer.py:48] [82000] global_step=82000, grad_norm=0.5, loss=0.839809
I0913 04:06:11.439753 140000775775424 submission.py:307] 82000) loss = 0.840, grad_norm = 0.500
I0913 04:14:29.823797 139977698498304 logging_writer.py:48] [82500] global_step=82500, grad_norm=0.5, loss=0.740099
I0913 04:14:29.828452 140000775775424 submission.py:307] 82500) loss = 0.740, grad_norm = 0.500
I0913 04:18:10.110389 140000775775424 spec.py:333] Evaluating on the training split.
/usr/local/lib/python3.11/multiprocessing/popen_fork.py:66: RuntimeWarning: os.fork() was called. os.fork() is incompatible with multithreaded code, and JAX is multithreaded, so this will likely lead to a deadlock.
  self.pid = os.fork()
I0913 04:18:50.390659 140000775775424 spec.py:346] Evaluating on the validation split.
I0913 04:19:58.305800 140000775775424 spec.py:363] Evaluating on the test split.
I0913 04:19:59.433410 140000775775424 submission_runner.py:516] Time since start: 61824.61s, 	Step: 82971, 	{'train/accuracy': 0.7889827806122449, 'train/loss': 4.016093974210778, 'validation/accuracy': 0.60164, 'validation/loss': 4.40888375, 'validation/num_examples': 50000, 'test/accuracy': 0.5315, 'test/loss': 2.653146484375, 'test/num_examples': 10000, 'score': 57962.18090510368, 'total_duration': 61824.61091375351, 'accumulated_submission_time': 57962.18090510368, 'accumulated_eval_time': 3632.050837993622, 'accumulated_logging_time': 9.765913724899292}
I0913 04:19:59.779326 139977832781568 logging_writer.py:48] [82971] accumulated_eval_time=3632.05, accumulated_logging_time=9.76591, accumulated_submission_time=57962.2, global_step=82971, preemption_count=0, score=57962.2, test/accuracy=0.5315, test/loss=2.65315, test/num_examples=10000, total_duration=61824.6, train/accuracy=0.788983, train/loss=4.01609, validation/accuracy=0.60164, validation/loss=4.40888, validation/num_examples=50000
I0913 04:20:11.834341 139977732069120 logging_writer.py:48] [83000] global_step=83000, grad_norm=0.5, loss=0.718881
I0913 04:20:11.837844 140000775775424 submission.py:307] 83000) loss = 0.719, grad_norm = 0.500
I0913 04:26:40.242443 139977832781568 logging_writer.py:48] [83500] global_step=83500, grad_norm=0.5, loss=0.803197
I0913 04:26:40.246356 140000775775424 submission.py:307] 83500) loss = 0.803, grad_norm = 0.500
I0913 04:33:09.199049 139977732069120 logging_writer.py:48] [84000] global_step=84000, grad_norm=0.499999, loss=0.767785
I0913 04:33:09.207163 140000775775424 submission.py:307] 84000) loss = 0.768, grad_norm = 0.500
I0913 04:37:19.928745 139977832781568 logging_writer.py:48] [84500] global_step=84500, grad_norm=0.5, loss=0.74794
I0913 04:37:19.934039 140000775775424 submission.py:307] 84500) loss = 0.748, grad_norm = 0.500
I0913 04:45:22.230025 139977732069120 logging_writer.py:48] [85000] global_step=85000, grad_norm=0.5, loss=0.740031
I0913 04:45:22.235213 140000775775424 submission.py:307] 85000) loss = 0.740, grad_norm = 0.500
I0913 04:49:06.159022 139977832781568 logging_writer.py:48] [85500] global_step=85500, grad_norm=0.5, loss=0.762469
I0913 04:49:06.162990 140000775775424 submission.py:307] 85500) loss = 0.762, grad_norm = 0.500
I0913 04:53:20.396013 140000775775424 spec.py:333] Evaluating on the training split.
/usr/local/lib/python3.11/multiprocessing/popen_fork.py:66: RuntimeWarning: os.fork() was called. os.fork() is incompatible with multithreaded code, and JAX is multithreaded, so this will likely lead to a deadlock.
  self.pid = os.fork()
I0913 04:54:13.328716 140000775775424 spec.py:346] Evaluating on the validation split.
I0913 04:55:25.281908 140000775775424 spec.py:363] Evaluating on the test split.
I0913 04:55:26.223115 140000775775424 submission_runner.py:516] Time since start: 63951.40s, 	Step: 85892, 	{'train/accuracy': 0.7917928890306123, 'train/loss': 4.0056451291454085, 'validation/accuracy': 0.60622, 'validation/loss': 4.4052428125, 'validation/num_examples': 50000, 'test/accuracy': 0.5408, 'test/loss': 2.61608125, 'test/num_examples': 10000, 'score': 59955.80336523056, 'total_duration': 63951.40026164055, 'accumulated_submission_time': 59955.80336523056, 'accumulated_eval_time': 3757.8778371810913, 'accumulated_logging_time': 10.12097978591919}
I0913 04:55:26.595241 139977715283712 logging_writer.py:48] [85892] accumulated_eval_time=3757.88, accumulated_logging_time=10.121, accumulated_submission_time=59955.8, global_step=85892, preemption_count=0, score=59955.8, test/accuracy=0.5408, test/loss=2.61608, test/num_examples=10000, total_duration=63951.4, train/accuracy=0.791793, train/loss=4.00565, validation/accuracy=0.60622, validation/loss=4.40524, validation/num_examples=50000
I0913 04:56:10.125471 139965144938240 logging_writer.py:48] [86000] global_step=86000, grad_norm=0.5, loss=0.817747
I0913 04:56:10.128568 140000775775424 submission.py:307] 86000) loss = 0.818, grad_norm = 0.500
I0913 05:02:50.547089 139977715283712 logging_writer.py:48] [86500] global_step=86500, grad_norm=0.5, loss=0.697027
I0913 05:02:50.552119 140000775775424 submission.py:307] 86500) loss = 0.697, grad_norm = 0.500
I0913 05:07:38.245735 139965144938240 logging_writer.py:48] [87000] global_step=87000, grad_norm=0.5, loss=0.78917
I0913 05:07:38.251219 140000775775424 submission.py:307] 87000) loss = 0.789, grad_norm = 0.500
I0913 05:15:23.313135 139977715283712 logging_writer.py:48] [87500] global_step=87500, grad_norm=0.5, loss=0.723695
I0913 05:15:23.318255 140000775775424 submission.py:307] 87500) loss = 0.724, grad_norm = 0.500
I0913 05:19:09.922038 139965144938240 logging_writer.py:48] [88000] global_step=88000, grad_norm=0.499999, loss=0.738832
I0913 05:19:09.927072 140000775775424 submission.py:307] 88000) loss = 0.739, grad_norm = 0.500
I0913 05:25:12.368015 139977715283712 logging_writer.py:48] [88500] global_step=88500, grad_norm=0.5, loss=0.786888
I0913 05:25:12.373621 140000775775424 submission.py:307] 88500) loss = 0.787, grad_norm = 0.500
I0913 05:28:52.178941 140000775775424 spec.py:333] Evaluating on the training split.
/usr/local/lib/python3.11/multiprocessing/popen_fork.py:66: RuntimeWarning: os.fork() was called. os.fork() is incompatible with multithreaded code, and JAX is multithreaded, so this will likely lead to a deadlock.
  self.pid = os.fork()
I0913 05:29:29.792267 140000775775424 spec.py:346] Evaluating on the validation split.
I0913 05:30:54.588155 140000775775424 spec.py:363] Evaluating on the test split.
I0913 05:30:55.531375 140000775775424 submission_runner.py:516] Time since start: 66080.71s, 	Step: 88710, 	{'train/accuracy': 0.7699697066326531, 'train/loss': 4.780690407266422, 'validation/accuracy': 0.60596, 'validation/loss': 4.3524725, 'validation/num_examples': 50000, 'test/accuracy': 0.5423, 'test/loss': 2.61897421875, 'test/num_examples': 10000, 'score': 61952.93928551674, 'total_duration': 66080.70891070366, 'accumulated_submission_time': 61952.93928551674, 'accumulated_eval_time': 3881.2304060459137, 'accumulated_logging_time': 10.505954504013062}
I0913 05:30:55.884940 139977841174272 logging_writer.py:48] [88710] accumulated_eval_time=3881.23, accumulated_logging_time=10.506, accumulated_submission_time=61952.9, global_step=88710, preemption_count=0, score=61952.9, test/accuracy=0.5423, test/loss=2.61897, test/num_examples=10000, total_duration=66080.7, train/accuracy=0.76997, train/loss=4.78069, validation/accuracy=0.60596, validation/loss=4.35247, validation/num_examples=50000
I0913 05:33:12.268613 139977732069120 logging_writer.py:48] [89000] global_step=89000, grad_norm=0.5, loss=0.70986
I0913 05:33:12.283486 140000775775424 submission.py:307] 89000) loss = 0.710, grad_norm = 0.500
I0913 05:38:02.196398 139977841174272 logging_writer.py:48] [89500] global_step=89500, grad_norm=0.5, loss=0.777562
I0913 05:38:02.200525 140000775775424 submission.py:307] 89500) loss = 0.778, grad_norm = 0.500
I0913 05:46:03.207736 139977732069120 logging_writer.py:48] [90000] global_step=90000, grad_norm=0.5, loss=0.823879
I0913 05:46:03.211688 140000775775424 submission.py:307] 90000) loss = 0.824, grad_norm = 0.500
I0913 05:49:55.428700 139977841174272 logging_writer.py:48] [90500] global_step=90500, grad_norm=0.5, loss=0.719666
I0913 05:49:55.433883 140000775775424 submission.py:307] 90500) loss = 0.720, grad_norm = 0.500
I0913 05:56:04.075578 139977732069120 logging_writer.py:48] [91000] global_step=91000, grad_norm=0.5, loss=0.873964
I0913 05:56:04.080886 140000775775424 submission.py:307] 91000) loss = 0.874, grad_norm = 0.500
I0913 06:02:30.601145 139977841174272 logging_writer.py:48] [91500] global_step=91500, grad_norm=0.5, loss=0.744396
I0913 06:02:30.626551 140000775775424 submission.py:307] 91500) loss = 0.744, grad_norm = 0.500
I0913 06:04:17.191857 140000775775424 spec.py:333] Evaluating on the training split.
/usr/local/lib/python3.11/multiprocessing/popen_fork.py:66: RuntimeWarning: os.fork() was called. os.fork() is incompatible with multithreaded code, and JAX is multithreaded, so this will likely lead to a deadlock.
  self.pid = os.fork()
I0913 06:05:08.757254 140000775775424 spec.py:346] Evaluating on the validation split.
I0913 06:06:16.001237 140000775775424 spec.py:363] Evaluating on the test split.
I0913 06:06:16.949918 140000775775424 submission_runner.py:516] Time since start: 68202.13s, 	Step: 91743, 	{'train/accuracy': 0.7998046875, 'train/loss': 4.096698683135363, 'validation/accuracy': 0.59458, 'validation/loss': 4.7257515625, 'validation/num_examples': 50000, 'test/accuracy': 0.5388, 'test/loss': 2.69848046875, 'test/num_examples': 10000, 'score': 63943.923169612885, 'total_duration': 68202.12734985352, 'accumulated_submission_time': 63943.923169612885, 'accumulated_eval_time': 4000.9886140823364, 'accumulated_logging_time': 10.871410131454468}
I0913 06:06:17.308762 139977799210752 logging_writer.py:48] [91743] accumulated_eval_time=4000.99, accumulated_logging_time=10.8714, accumulated_submission_time=63943.9, global_step=91743, preemption_count=0, score=63943.9, test/accuracy=0.5388, test/loss=2.69848, test/num_examples=10000, total_duration=68202.1, train/accuracy=0.799805, train/loss=4.0967, validation/accuracy=0.59458, validation/loss=4.72575, validation/num_examples=50000
I0913 06:08:54.678261 139981372782336 logging_writer.py:48] [92000] global_step=92000, grad_norm=0.5, loss=0.714592
I0913 06:08:54.683308 140000775775424 submission.py:307] 92000) loss = 0.715, grad_norm = 0.500
I0913 06:17:00.779650 139977799210752 logging_writer.py:48] [92500] global_step=92500, grad_norm=0.5, loss=0.680729
I0913 06:17:00.783483 140000775775424 submission.py:307] 92500) loss = 0.681, grad_norm = 0.500
I0913 06:21:04.311223 139981372782336 logging_writer.py:48] [93000] global_step=93000, grad_norm=0.5, loss=0.714446
I0913 06:21:04.317244 140000775775424 submission.py:307] 93000) loss = 0.714, grad_norm = 0.500
I0913 06:27:10.365570 139977799210752 logging_writer.py:48] [93500] global_step=93500, grad_norm=0.5, loss=0.729626
I0913 06:27:10.370434 140000775775424 submission.py:307] 93500) loss = 0.730, grad_norm = 0.500
I0913 06:33:34.546448 139981372782336 logging_writer.py:48] [94000] global_step=94000, grad_norm=0.5, loss=0.69949
I0913 06:33:34.567515 140000775775424 submission.py:307] 94000) loss = 0.699, grad_norm = 0.500
I0913 06:37:44.171612 139977799210752 logging_writer.py:48] [94500] global_step=94500, grad_norm=0.5, loss=0.695173
I0913 06:37:44.177286 140000775775424 submission.py:307] 94500) loss = 0.695, grad_norm = 0.500
I0913 06:39:39.906518 140000775775424 spec.py:333] Evaluating on the training split.
/usr/local/lib/python3.11/multiprocessing/popen_fork.py:66: RuntimeWarning: os.fork() was called. os.fork() is incompatible with multithreaded code, and JAX is multithreaded, so this will likely lead to a deadlock.
  self.pid = os.fork()
I0913 06:40:32.791809 140000775775424 spec.py:346] Evaluating on the validation split.
I0913 06:41:45.024685 140000775775424 spec.py:363] Evaluating on the test split.
I0913 06:41:45.952360 140000775775424 submission_runner.py:516] Time since start: 70331.13s, 	Step: 94645, 	{'train/accuracy': 0.7890824298469388, 'train/loss': 4.5770973672672195, 'validation/accuracy': 0.61568, 'validation/loss': 4.1705865625, 'validation/num_examples': 50000, 'test/accuracy': 0.5426, 'test/loss': 2.6647490234375, 'test/num_examples': 10000, 'score': 65940.45378279686, 'total_duration': 70331.12963294983, 'accumulated_submission_time': 65940.45378279686, 'accumulated_eval_time': 4127.034431934357, 'accumulated_logging_time': 11.24164605140686}
I0913 06:41:46.391641 139977849566976 logging_writer.py:48] [94645] accumulated_eval_time=4127.03, accumulated_logging_time=11.2416, accumulated_submission_time=65940.5, global_step=94645, preemption_count=0, score=65940.5, test/accuracy=0.5426, test/loss=2.66475, test/num_examples=10000, total_duration=70331.1, train/accuracy=0.789082, train/loss=4.5771, validation/accuracy=0.61568, validation/loss=4.17059, validation/num_examples=50000
I0913 06:46:42.812168 139977815996160 logging_writer.py:48] [95000] global_step=95000, grad_norm=0.5, loss=0.75794
I0913 06:46:42.817381 140000775775424 submission.py:307] 95000) loss = 0.758, grad_norm = 0.500
I0913 06:51:20.623584 139977849566976 logging_writer.py:48] [95500] global_step=95500, grad_norm=0.5, loss=0.691851
I0913 06:51:20.627477 140000775775424 submission.py:307] 95500) loss = 0.692, grad_norm = 0.500
I0913 06:57:27.721843 139977815996160 logging_writer.py:48] [96000] global_step=96000, grad_norm=0.5, loss=0.639298
I0913 06:57:27.727766 140000775775424 submission.py:307] 96000) loss = 0.639, grad_norm = 0.500
I0913 07:03:56.080560 139977849566976 logging_writer.py:48] [96500] global_step=96500, grad_norm=0.5, loss=0.651977
I0913 07:03:56.088548 140000775775424 submission.py:307] 96500) loss = 0.652, grad_norm = 0.500
I0913 07:08:07.584525 139977815996160 logging_writer.py:48] [97000] global_step=97000, grad_norm=0.5, loss=0.783772
I0913 07:08:07.589147 140000775775424 submission.py:307] 97000) loss = 0.784, grad_norm = 0.500
I0913 07:15:06.957711 140000775775424 spec.py:333] Evaluating on the training split.
/usr/local/lib/python3.11/multiprocessing/popen_fork.py:66: RuntimeWarning: os.fork() was called. os.fork() is incompatible with multithreaded code, and JAX is multithreaded, so this will likely lead to a deadlock.
  self.pid = os.fork()
I0913 07:15:45.888704 140000775775424 spec.py:346] Evaluating on the validation split.
I0913 07:17:09.127393 140000775775424 spec.py:363] Evaluating on the test split.
I0913 07:17:10.076625 140000775775424 submission_runner.py:516] Time since start: 72455.25s, 	Step: 97447, 	{'train/accuracy': 0.8005221619897959, 'train/loss': 4.370849609375, 'validation/accuracy': 0.59172, 'validation/loss': 5.0194925, 'validation/num_examples': 50000, 'test/accuracy': 0.5414, 'test/loss': 2.73567109375, 'test/num_examples': 10000, 'score': 67931.78388285637, 'total_duration': 72455.25379180908, 'accumulated_submission_time': 67931.78388285637, 'accumulated_eval_time': 4250.153058290482, 'accumulated_logging_time': 11.692513704299927}
I0913 07:17:10.476279 139977774032640 logging_writer.py:48] [97447] accumulated_eval_time=4250.15, accumulated_logging_time=11.6925, accumulated_submission_time=67931.8, global_step=97447, preemption_count=0, score=67931.8, test/accuracy=0.5414, test/loss=2.73567, test/num_examples=10000, total_duration=72455.3, train/accuracy=0.800522, train/loss=4.37085, validation/accuracy=0.59172, validation/loss=5.01949, validation/num_examples=50000
I0913 07:17:26.278968 139977732069120 logging_writer.py:48] [97500] global_step=97500, grad_norm=0.5, loss=0.726028
I0913 07:17:26.283252 140000775775424 submission.py:307] 97500) loss = 0.726, grad_norm = 0.500
I0913 07:21:46.618813 139977774032640 logging_writer.py:48] [98000] global_step=98000, grad_norm=0.5, loss=0.637176
I0913 07:21:46.623472 140000775775424 submission.py:307] 98000) loss = 0.637, grad_norm = 0.500
I0913 07:28:18.708159 139977732069120 logging_writer.py:48] [98500] global_step=98500, grad_norm=0.5, loss=0.66364
I0913 07:28:18.712160 140000775775424 submission.py:307] 98500) loss = 0.664, grad_norm = 0.500
I0913 07:34:46.487302 139977774032640 logging_writer.py:48] [99000] global_step=99000, grad_norm=0.5, loss=0.610662
I0913 07:34:46.498198 140000775775424 submission.py:307] 99000) loss = 0.611, grad_norm = 0.500
I0913 07:38:56.351129 139977732069120 logging_writer.py:48] [99500] global_step=99500, grad_norm=0.5, loss=0.618113
I0913 07:38:56.357746 140000775775424 submission.py:307] 99500) loss = 0.618, grad_norm = 0.500
I0913 07:47:04.727615 139977774032640 logging_writer.py:48] [100000] global_step=100000, grad_norm=0.5, loss=0.788582
I0913 07:47:04.731643 140000775775424 submission.py:307] 100000) loss = 0.789, grad_norm = 0.500
I0913 07:50:27.594517 140000775775424 spec.py:333] Evaluating on the training split.
/usr/local/lib/python3.11/multiprocessing/popen_fork.py:66: RuntimeWarning: os.fork() was called. os.fork() is incompatible with multithreaded code, and JAX is multithreaded, so this will likely lead to a deadlock.
  self.pid = os.fork()
I0913 07:51:17.768687 140000775775424 spec.py:346] Evaluating on the validation split.
I0913 07:52:24.730157 140000775775424 spec.py:363] Evaluating on the test split.
I0913 07:52:25.978285 140000775775424 submission_runner.py:516] Time since start: 74571.16s, 	Step: 100449, 	{'train/accuracy': 0.8359574298469388, 'train/loss': 3.3949999128069197, 'validation/accuracy': 0.59442, 'validation/loss': 4.782189375, 'validation/num_examples': 50000, 'test/accuracy': 0.5364, 'test/loss': 2.7882865234375, 'test/num_examples': 10000, 'score': 69922.41740727425, 'total_duration': 74571.15584874153, 'accumulated_submission_time': 69922.41740727425, 'accumulated_eval_time': 4368.536885738373, 'accumulated_logging_time': 12.103090524673462}
I0913 07:52:26.317004 139977723676416 logging_writer.py:48] [100449] accumulated_eval_time=4368.54, accumulated_logging_time=12.1031, accumulated_submission_time=69922.4, global_step=100449, preemption_count=0, score=69922.4, test/accuracy=0.5364, test/loss=2.78829, test/num_examples=10000, total_duration=74571.2, train/accuracy=0.835957, train/loss=3.395, validation/accuracy=0.59442, validation/loss=4.78219, validation/num_examples=50000
I0913 07:52:44.267974 139977815996160 logging_writer.py:48] [100500] global_step=100500, grad_norm=0.5, loss=0.620102
I0913 07:52:44.273667 140000775775424 submission.py:307] 100500) loss = 0.620, grad_norm = 0.500
I0913 07:59:14.757636 139977723676416 logging_writer.py:48] [101000] global_step=101000, grad_norm=0.5, loss=0.690663
I0913 07:59:14.762608 140000775775424 submission.py:307] 101000) loss = 0.691, grad_norm = 0.500
I0913 08:05:55.621662 139977815996160 logging_writer.py:48] [101500] global_step=101500, grad_norm=0.5, loss=0.60999
I0913 08:05:55.627659 140000775775424 submission.py:307] 101500) loss = 0.610, grad_norm = 0.500
I0913 08:10:03.696566 139977723676416 logging_writer.py:48] [102000] global_step=102000, grad_norm=0.5, loss=0.701143
I0913 08:10:03.702738 140000775775424 submission.py:307] 102000) loss = 0.701, grad_norm = 0.500
I0913 08:18:04.925536 139977815996160 logging_writer.py:48] [102500] global_step=102500, grad_norm=0.5, loss=0.692208
I0913 08:18:04.931221 140000775775424 submission.py:307] 102500) loss = 0.692, grad_norm = 0.500
I0913 08:21:56.699437 139977723676416 logging_writer.py:48] [103000] global_step=103000, grad_norm=0.5, loss=0.662734
I0913 08:21:56.703483 140000775775424 submission.py:307] 103000) loss = 0.663, grad_norm = 0.500
I0913 08:25:52.559943 140000775775424 spec.py:333] Evaluating on the training split.
/usr/local/lib/python3.11/multiprocessing/popen_fork.py:66: RuntimeWarning: os.fork() was called. os.fork() is incompatible with multithreaded code, and JAX is multithreaded, so this will likely lead to a deadlock.
  self.pid = os.fork()
I0913 08:26:41.684019 140000775775424 spec.py:346] Evaluating on the validation split.
I0913 08:27:49.203456 140000775775424 spec.py:363] Evaluating on the test split.
I0913 08:27:50.359293 140000775775424 submission_runner.py:516] Time since start: 76695.54s, 	Step: 103364, 	{'train/accuracy': 0.8005022321428571, 'train/loss': 4.6372011145766905, 'validation/accuracy': 0.60828, 'validation/loss': 4.66229375, 'validation/num_examples': 50000, 'test/accuracy': 0.5409, 'test/loss': 2.81368828125, 'test/num_examples': 10000, 'score': 71921.09128928185, 'total_duration': 76695.53641319275, 'accumulated_submission_time': 71921.09128928185, 'accumulated_eval_time': 4486.3357853889465, 'accumulated_logging_time': 12.450941801071167}
I0913 08:27:50.754010 139977740461824 logging_writer.py:48] [103364] accumulated_eval_time=4486.34, accumulated_logging_time=12.4509, accumulated_submission_time=71921.1, global_step=103364, preemption_count=0, score=71921.1, test/accuracy=0.5409, test/loss=2.81369, test/num_examples=10000, total_duration=76695.5, train/accuracy=0.800502, train/loss=4.6372, validation/accuracy=0.60828, validation/loss=4.66229, validation/num_examples=50000
I0913 08:28:59.599461 139981372782336 logging_writer.py:48] [103500] global_step=103500, grad_norm=0.5, loss=0.69253
I0913 08:28:59.604003 140000775775424 submission.py:307] 103500) loss = 0.693, grad_norm = 0.500
I0913 08:35:48.737771 139977740461824 logging_writer.py:48] [104000] global_step=104000, grad_norm=0.5, loss=0.658222
I0913 08:35:48.746842 140000775775424 submission.py:307] 104000) loss = 0.658, grad_norm = 0.500
I0913 08:40:26.814197 139981372782336 logging_writer.py:48] [104500] global_step=104500, grad_norm=0.5, loss=0.789505
I0913 08:40:26.819159 140000775775424 submission.py:307] 104500) loss = 0.790, grad_norm = 0.500
I0913 08:48:09.426779 139977740461824 logging_writer.py:48] [105000] global_step=105000, grad_norm=0.5, loss=0.670804
I0913 08:48:09.432027 140000775775424 submission.py:307] 105000) loss = 0.671, grad_norm = 0.500
I0913 08:52:07.422962 139981372782336 logging_writer.py:48] [105500] global_step=105500, grad_norm=0.5, loss=0.641659
I0913 08:52:07.439069 140000775775424 submission.py:307] 105500) loss = 0.642, grad_norm = 0.500
I0913 08:57:54.190269 139977740461824 logging_writer.py:48] [106000] global_step=106000, grad_norm=0.5, loss=0.653852
I0913 08:57:54.194163 140000775775424 submission.py:307] 106000) loss = 0.654, grad_norm = 0.500
I0913 09:01:14.792334 140000775775424 spec.py:333] Evaluating on the training split.
/usr/local/lib/python3.11/multiprocessing/popen_fork.py:66: RuntimeWarning: os.fork() was called. os.fork() is incompatible with multithreaded code, and JAX is multithreaded, so this will likely lead to a deadlock.
  self.pid = os.fork()
I0913 09:01:53.041376 140000775775424 spec.py:346] Evaluating on the validation split.
I0913 09:03:18.960484 140000775775424 spec.py:363] Evaluating on the test split.
I0913 09:03:19.981229 140000775775424 submission_runner.py:516] Time since start: 78825.16s, 	Step: 106184, 	{'train/accuracy': 0.7851363201530612, 'train/loss': 5.05701866928412, 'validation/accuracy': 0.61554, 'validation/loss': 4.266904375, 'validation/num_examples': 50000, 'test/accuracy': 0.5441, 'test/loss': 2.7782767578125, 'test/num_examples': 10000, 'score': 73916.09183645248, 'total_duration': 78825.1583442688, 'accumulated_submission_time': 73916.09183645248, 'accumulated_eval_time': 4611.524318695068, 'accumulated_logging_time': 12.854808330535889}
I0913 09:03:20.378318 139977824388864 logging_writer.py:48] [106184] accumulated_eval_time=4611.52, accumulated_logging_time=12.8548, accumulated_submission_time=73916.1, global_step=106184, preemption_count=0, score=73916.1, test/accuracy=0.5441, test/loss=2.77828, test/num_examples=10000, total_duration=78825.2, train/accuracy=0.785136, train/loss=5.05702, validation/accuracy=0.61554, validation/loss=4.2669, validation/num_examples=50000
I0913 09:06:06.853802 139977715283712 logging_writer.py:48] [106500] global_step=106500, grad_norm=0.5, loss=0.552604
I0913 09:06:06.857723 140000775775424 submission.py:307] 106500) loss = 0.553, grad_norm = 0.500
I0913 09:10:56.014981 139977824388864 logging_writer.py:48] [107000] global_step=107000, grad_norm=0.5, loss=0.730043
I0913 09:10:56.021245 140000775775424 submission.py:307] 107000) loss = 0.730, grad_norm = 0.500
I0913 09:18:48.490345 139977715283712 logging_writer.py:48] [107500] global_step=107500, grad_norm=0.5, loss=0.711751
I0913 09:18:48.494432 140000775775424 submission.py:307] 107500) loss = 0.712, grad_norm = 0.500
I0913 09:22:44.633194 139977824388864 logging_writer.py:48] [108000] global_step=108000, grad_norm=0.5, loss=0.634528
I0913 09:22:44.640312 140000775775424 submission.py:307] 108000) loss = 0.635, grad_norm = 0.500
I0913 09:28:41.944233 139977715283712 logging_writer.py:48] [108500] global_step=108500, grad_norm=0.5, loss=0.590555
I0913 09:28:41.949335 140000775775424 submission.py:307] 108500) loss = 0.591, grad_norm = 0.500
I0913 09:35:24.181925 139977824388864 logging_writer.py:48] [109000] global_step=109000, grad_norm=0.5, loss=0.62977
I0913 09:35:24.187888 140000775775424 submission.py:307] 109000) loss = 0.630, grad_norm = 0.500
I0913 09:36:36.266973 139977715283712 logging_writer.py:48] [109186] global_step=109186, preemption_count=0, score=75906.5
I0913 09:36:41.754626 140000775775424 submission_runner.py:857] Final imagenet_resnet score: 75906.49300265312
