torchrun --redirects 1:0,2:0,3:0 --standalone --nnodes=1 --nproc_per_node=4 submission_runner.py --framework=pytorch --workload=imagenet_vit --submission_path=submissions_algorithms/submissions/self_tuning/ademamix_golden/submission.py --data_dir=/data/imagenet/pytorch --experiment_dir=/experiment_runs --experiment_name=submissions_a100/ademamix_golden/study_2 --overwrite=True --save_checkpoints=False --rng_seed=-83011591 --imagenet_v2_data_dir=/data/imagenet/pytorch --torch_compile=true --tuning_ruleset=self 2>&1 | tee -a /logs/imagenet_vit_pytorch_09-15-2026-10-03-35.log
W0915 10:03:36.777000 9 site-packages/torch/distributed/run.py:803] 
W0915 10:03:36.777000 9 site-packages/torch/distributed/run.py:803] *****************************************
W0915 10:03:36.777000 9 site-packages/torch/distributed/run.py:803] Setting OMP_NUM_THREADS environment variable for each process to be 1 in default, to avoid your system being overloaded, please further tune the variable for optimal performance in your application as needed. 
W0915 10:03:36.777000 9 site-packages/torch/distributed/run.py:803] *****************************************
2026-09-15 10:03:38.256595: E external/local_xla/xla/stream_executor/cuda/cuda_fft.cc:467] Unable to register cuFFT factory: Attempting to register factory for plugin cuFFT when one has already been registered
2026-09-15 10:03:38.256595: E external/local_xla/xla/stream_executor/cuda/cuda_fft.cc:467] Unable to register cuFFT factory: Attempting to register factory for plugin cuFFT when one has already been registered
2026-09-15 10:03:38.256636: E external/local_xla/xla/stream_executor/cuda/cuda_fft.cc:467] Unable to register cuFFT factory: Attempting to register factory for plugin cuFFT when one has already been registered
2026-09-15 10:03:38.256898: E external/local_xla/xla/stream_executor/cuda/cuda_fft.cc:467] Unable to register cuFFT factory: Attempting to register factory for plugin cuFFT when one has already been registered
WARNING: All log messages before absl::InitializeLog() is called are written to STDERR
WARNING: All log messages before absl::InitializeLog() is called are written to STDERR
WARNING: All log messages before absl::InitializeLog() is called are written to STDERR
WARNING: All log messages before absl::InitializeLog() is called are written to STDERR
E0000 00:00:1789466618.281143      39 cuda_dnn.cc:8579] Unable to register cuDNN factory: Attempting to register factory for plugin cuDNN when one has already been registered
E0000 00:00:1789466618.281124      38 cuda_dnn.cc:8579] Unable to register cuDNN factory: Attempting to register factory for plugin cuDNN when one has already been registered
E0000 00:00:1789466618.281124      40 cuda_dnn.cc:8579] Unable to register cuDNN factory: Attempting to register factory for plugin cuDNN when one has already been registered
E0000 00:00:1789466618.281125      41 cuda_dnn.cc:8579] Unable to register cuDNN factory: Attempting to register factory for plugin cuDNN when one has already been registered
E0000 00:00:1789466618.289127      41 cuda_blas.cc:1407] Unable to register cuBLAS factory: Attempting to register factory for plugin cuBLAS when one has already been registered
E0000 00:00:1789466618.289129      39 cuda_blas.cc:1407] Unable to register cuBLAS factory: Attempting to register factory for plugin cuBLAS when one has already been registered
E0000 00:00:1789466618.289127      40 cuda_blas.cc:1407] Unable to register cuBLAS factory: Attempting to register factory for plugin cuBLAS when one has already been registered
E0000 00:00:1789466618.289129      38 cuda_blas.cc:1407] Unable to register cuBLAS factory: Attempting to register factory for plugin cuBLAS when one has already been registered
W0000 00:00:1789466618.315559      40 computation_placer.cc:177] computation placer already registered. Please check linkage and avoid linking the same target more than once.
W0000 00:00:1789466618.315559      39 computation_placer.cc:177] computation placer already registered. Please check linkage and avoid linking the same target more than once.
W0000 00:00:1789466618.315559      41 computation_placer.cc:177] computation placer already registered. Please check linkage and avoid linking the same target more than once.
W0000 00:00:1789466618.315559      38 computation_placer.cc:177] computation placer already registered. Please check linkage and avoid linking the same target more than once.
W0000 00:00:1789466618.315588      41 computation_placer.cc:177] computation placer already registered. Please check linkage and avoid linking the same target more than once.
W0000 00:00:1789466618.315588      39 computation_placer.cc:177] computation placer already registered. Please check linkage and avoid linking the same target more than once.
W0000 00:00:1789466618.315589      38 computation_placer.cc:177] computation placer already registered. Please check linkage and avoid linking the same target more than once.
W0000 00:00:1789466618.315591      41 computation_placer.cc:177] computation placer already registered. Please check linkage and avoid linking the same target more than once.
W0000 00:00:1789466618.315591      39 computation_placer.cc:177] computation placer already registered. Please check linkage and avoid linking the same target more than once.
W0000 00:00:1789466618.315591      38 computation_placer.cc:177] computation placer already registered. Please check linkage and avoid linking the same target more than once.
W0000 00:00:1789466618.315593      41 computation_placer.cc:177] computation placer already registered. Please check linkage and avoid linking the same target more than once.
W0000 00:00:1789466618.315593      39 computation_placer.cc:177] computation placer already registered. Please check linkage and avoid linking the same target more than once.
W0000 00:00:1789466618.315593      40 computation_placer.cc:177] computation placer already registered. Please check linkage and avoid linking the same target more than once.
W0000 00:00:1789466618.315594      38 computation_placer.cc:177] computation placer already registered. Please check linkage and avoid linking the same target more than once.
W0000 00:00:1789466618.315596      40 computation_placer.cc:177] computation placer already registered. Please check linkage and avoid linking the same target more than once.
W0000 00:00:1789466618.315598      40 computation_placer.cc:177] computation placer already registered. Please check linkage and avoid linking the same target more than once.
W0000 00:00:1789466624.048957      41 gpu_device.cc:2341] Cannot dlopen some GPU libraries. Please make sure the missing libraries mentioned above are installed properly if you would like to use GPU. Follow the guide at https://www.tensorflow.org/install/gpu for how to download and setup the required libraries for your platform.
Skipping registering GPU devices...
W0000 00:00:1789466624.381930      38 gpu_device.cc:2341] Cannot dlopen some GPU libraries. Please make sure the missing libraries mentioned above are installed properly if you would like to use GPU. Follow the guide at https://www.tensorflow.org/install/gpu for how to download and setup the required libraries for your platform.
Skipping registering GPU devices...
W0000 00:00:1789466624.453678      39 gpu_device.cc:2341] Cannot dlopen some GPU libraries. Please make sure the missing libraries mentioned above are installed properly if you would like to use GPU. Follow the guide at https://www.tensorflow.org/install/gpu for how to download and setup the required libraries for your platform.
Skipping registering GPU devices...
W0000 00:00:1789466624.506958      40 gpu_device.cc:2341] Cannot dlopen some GPU libraries. Please make sure the missing libraries mentioned above are installed properly if you would like to use GPU. Follow the guide at https://www.tensorflow.org/install/gpu for how to download and setup the required libraries for your platform.
Skipping registering GPU devices...
/usr/local/lib/python3.11/site-packages/torch/__init__.py:1617: UserWarning: Please use the new API settings to control TF32 behavior, such as torch.backends.cudnn.conv.fp32_precision = 'tf32' or torch.backends.cuda.matmul.fp32_precision = 'ieee'. Old settings, e.g, torch.backends.cuda.matmul.allow_tf32 = True, torch.backends.cudnn.allow_tf32 = True, allowTF32CuDNN() and allowTF32CuBLAS() will be deprecated after Pytorch 2.9. Please see https://pytorch.org/docs/main/notes/cuda.html#tensorfloat-32-tf32-on-ampere-and-later-devices (Triggered internally at /pytorch/aten/src/ATen/Context.cpp:80.)
  _C._set_float32_matmul_precision(precision)
/usr/local/lib/python3.11/site-packages/torch/__init__.py:1617: UserWarning: Please use the new API settings to control TF32 behavior, such as torch.backends.cudnn.conv.fp32_precision = 'tf32' or torch.backends.cuda.matmul.fp32_precision = 'ieee'. Old settings, e.g, torch.backends.cuda.matmul.allow_tf32 = True, torch.backends.cudnn.allow_tf32 = True, allowTF32CuDNN() and allowTF32CuBLAS() will be deprecated after Pytorch 2.9. Please see https://pytorch.org/docs/main/notes/cuda.html#tensorfloat-32-tf32-on-ampere-and-later-devices (Triggered internally at /pytorch/aten/src/ATen/Context.cpp:80.)
  _C._set_float32_matmul_precision(precision)
/usr/local/lib/python3.11/site-packages/torch/__init__.py:1617: UserWarning: Please use the new API settings to control TF32 behavior, such as torch.backends.cudnn.conv.fp32_precision = 'tf32' or torch.backends.cuda.matmul.fp32_precision = 'ieee'. Old settings, e.g, torch.backends.cuda.matmul.allow_tf32 = True, torch.backends.cudnn.allow_tf32 = True, allowTF32CuDNN() and allowTF32CuBLAS() will be deprecated after Pytorch 2.9. Please see https://pytorch.org/docs/main/notes/cuda.html#tensorfloat-32-tf32-on-ampere-and-later-devices (Triggered internally at /pytorch/aten/src/ATen/Context.cpp:80.)
  _C._set_float32_matmul_precision(precision)
/usr/local/lib/python3.11/site-packages/torch/__init__.py:1617: UserWarning: Please use the new API settings to control TF32 behavior, such as torch.backends.cudnn.conv.fp32_precision = 'tf32' or torch.backends.cuda.matmul.fp32_precision = 'ieee'. Old settings, e.g, torch.backends.cuda.matmul.allow_tf32 = True, torch.backends.cudnn.allow_tf32 = True, allowTF32CuDNN() and allowTF32CuBLAS() will be deprecated after Pytorch 2.9. Please see https://pytorch.org/docs/main/notes/cuda.html#tensorfloat-32-tf32-on-ampere-and-later-devices (Triggered internally at /pytorch/aten/src/ATen/Context.cpp:80.)
  _C._set_float32_matmul_precision(precision)
/usr/local/lib/python3.11/site-packages/pydantic/_internal/_generate_schema.py:2249: UnsupportedFieldAttributeWarning: The 'repr' attribute with value False was provided to the `Field()` function, which has no effect in the context it was used. 'repr' is field-specific metadata, and can only be attached to a model field using `Annotated` metadata or by assignment. This may have happened because an `Annotated` type alias using the `type` statement was used, or if the `Field()` function was attached to a single member of a union type.
  warnings.warn(
/usr/local/lib/python3.11/site-packages/pydantic/_internal/_generate_schema.py:2249: UnsupportedFieldAttributeWarning: The 'frozen' attribute with value True was provided to the `Field()` function, which has no effect in the context it was used. 'frozen' is field-specific metadata, and can only be attached to a model field using `Annotated` metadata or by assignment. This may have happened because an `Annotated` type alias using the `type` statement was used, or if the `Field()` function was attached to a single member of a union type.
  warnings.warn(
/usr/local/lib/python3.11/site-packages/pydantic/_internal/_generate_schema.py:2249: UnsupportedFieldAttributeWarning: The 'repr' attribute with value False was provided to the `Field()` function, which has no effect in the context it was used. 'repr' is field-specific metadata, and can only be attached to a model field using `Annotated` metadata or by assignment. This may have happened because an `Annotated` type alias using the `type` statement was used, or if the `Field()` function was attached to a single member of a union type.
  warnings.warn(
/usr/local/lib/python3.11/site-packages/pydantic/_internal/_generate_schema.py:2249: UnsupportedFieldAttributeWarning: The 'frozen' attribute with value True was provided to the `Field()` function, which has no effect in the context it was used. 'frozen' is field-specific metadata, and can only be attached to a model field using `Annotated` metadata or by assignment. This may have happened because an `Annotated` type alias using the `type` statement was used, or if the `Field()` function was attached to a single member of a union type.
  warnings.warn(
/usr/local/lib/python3.11/site-packages/pydantic/_internal/_generate_schema.py:2249: UnsupportedFieldAttributeWarning: The 'repr' attribute with value False was provided to the `Field()` function, which has no effect in the context it was used. 'repr' is field-specific metadata, and can only be attached to a model field using `Annotated` metadata or by assignment. This may have happened because an `Annotated` type alias using the `type` statement was used, or if the `Field()` function was attached to a single member of a union type.
  warnings.warn(
/usr/local/lib/python3.11/site-packages/pydantic/_internal/_generate_schema.py:2249: UnsupportedFieldAttributeWarning: The 'frozen' attribute with value True was provided to the `Field()` function, which has no effect in the context it was used. 'frozen' is field-specific metadata, and can only be attached to a model field using `Annotated` metadata or by assignment. This may have happened because an `Annotated` type alias using the `type` statement was used, or if the `Field()` function was attached to a single member of a union type.
  warnings.warn(
/usr/local/lib/python3.11/site-packages/pydantic/_internal/_generate_schema.py:2249: UnsupportedFieldAttributeWarning: The 'repr' attribute with value False was provided to the `Field()` function, which has no effect in the context it was used. 'repr' is field-specific metadata, and can only be attached to a model field using `Annotated` metadata or by assignment. This may have happened because an `Annotated` type alias using the `type` statement was used, or if the `Field()` function was attached to a single member of a union type.
  warnings.warn(
/usr/local/lib/python3.11/site-packages/pydantic/_internal/_generate_schema.py:2249: UnsupportedFieldAttributeWarning: The 'frozen' attribute with value True was provided to the `Field()` function, which has no effect in the context it was used. 'frozen' is field-specific metadata, and can only be attached to a model field using `Annotated` metadata or by assignment. This may have happened because an `Annotated` type alias using the `type` statement was used, or if the `Field()` function was attached to a single member of a union type.
  warnings.warn(
/usr/local/lib/python3.11/site-packages/torch/distributed/distributed_c10d.py:4876: UserWarning: barrier(): using the device under current context. You can specify `device_id` in `init_process_group` to mute this warning.
  warnings.warn(  # warn only once
[rank0]:[W915 10:03:49.775062069 ProcessGroupNCCL.cpp:5068] Guessing device ID based on global rank. This can cause a hang if rank to GPU mapping is heterogeneous. You can specify device_id in init_process_group()
I0915 10:03:49.786661 140652717921472 logger_utils.py:84] Creating experiment directory at /experiment_runs/submissions_a100/ademamix_golden/study_2/imagenet_vit_pytorch.
I0915 10:03:49.786661 139691287286976 logger_utils.py:84] Creating experiment directory at /experiment_runs/submissions_a100/ademamix_golden/study_2/imagenet_vit_pytorch.
I0915 10:03:49.786661 140633339442368 logger_utils.py:84] Creating experiment directory at /experiment_runs/submissions_a100/ademamix_golden/study_2/imagenet_vit_pytorch.
I0915 10:03:49.786700 140042512016576 logger_utils.py:84] Creating experiment directory at /experiment_runs/submissions_a100/ademamix_golden/study_2/imagenet_vit_pytorch.
I0915 10:03:49.810455 139691287286976 submission_runner.py:741] Creating directory at /experiment_runs/submissions_a100/ademamix_golden/study_2/imagenet_vit_pytorch/trial_1.
I0915 10:03:50.142045 139691287286976 submission_runner.py:242] Initializing dataset.
I0915 10:04:20.350748 139691287286976 submission_runner.py:251] Initializing model.
I0915 10:04:20.723613 139691287286976 submission_runner.py:290] Performing `torch.compile`.
I0915 10:04:21.790481 139691287286976 submission_runner.py:294] Initializing optimizer.
I0915 10:04:21.791396 139691287286976 submission_runner.py:299] Initializing metrics bundle.
I0915 10:04:21.791550 139691287286976 submission_runner.py:321] Initializing checkpoint and logger.
I0915 10:04:21.792900 139691287286976 submission_runner.py:344] Saving meta data to /experiment_runs/submissions_a100/ademamix_golden/study_2/imagenet_vit_pytorch/trial_1/meta_data_0.json.
I0915 10:04:22.005602 139691287286976 submission_runner.py:348] Saving flags to /experiment_runs/submissions_a100/ademamix_golden/study_2/imagenet_vit_pytorch/trial_1/flags_0.json.
I0915 10:04:22.047821 139691287286976 submission_runner.py:359] Starting training loop.
/usr/local/lib/python3.11/multiprocessing/popen_fork.py:66: RuntimeWarning: os.fork() was called. os.fork() is incompatible with multithreaded code, and JAX is multithreaded, so this will likely lead to a deadlock.
  self.pid = os.fork()
/usr/local/lib/python3.11/multiprocessing/popen_fork.py:66: RuntimeWarning: os.fork() was called. os.fork() is incompatible with multithreaded code, and JAX is multithreaded, so this will likely lead to a deadlock.
  self.pid = os.fork()
/usr/local/lib/python3.11/multiprocessing/popen_fork.py:66: RuntimeWarning: os.fork() was called. os.fork() is incompatible with multithreaded code, and JAX is multithreaded, so this will likely lead to a deadlock.
  self.pid = os.fork()
/usr/local/lib/python3.11/multiprocessing/popen_fork.py:66: RuntimeWarning: os.fork() was called. os.fork() is incompatible with multithreaded code, and JAX is multithreaded, so this will likely lead to a deadlock.
  self.pid = os.fork()
[rank0]:W0915 10:04:47.947000 38 site-packages/torch/_logging/_internal.py:1199] [0/0] Profiler function <class 'torch.autograd.profiler.record_function'> will be ignored
[rank1]:W0915 10:04:49.152000 39 site-packages/torch/_logging/_internal.py:1199] [0/0] Profiler function <class 'torch.autograd.profiler.record_function'> will be ignored
[rank2]:W0915 10:04:49.370000 40 site-packages/torch/_logging/_internal.py:1199] [0/0] Profiler function <class 'torch.autograd.profiler.record_function'> will be ignored
[rank3]:W0915 10:04:49.518000 41 site-packages/torch/_logging/_internal.py:1199] [0/0] Profiler function <class 'torch.autograd.profiler.record_function'> will be ignored
I0915 10:06:23.166832 139666346989312 logging_writer.py:48] [0] global_step=0, grad_norm=0.355771, loss=6.90776
I0915 10:06:23.371384 139691287286976 submission.py:307] 0) loss = 6.908, grad_norm = 0.356
I0915 10:06:24.105358 139691287286976 spec.py:333] Evaluating on the training split.
/usr/local/lib/python3.11/site-packages/torch/distributed/distributed_c10d.py:4876: UserWarning: barrier(): using the device under current context. You can specify `device_id` in `init_process_group` to mute this warning.
  warnings.warn(  # warn only once
/usr/local/lib/python3.11/multiprocessing/popen_fork.py:66: RuntimeWarning: os.fork() was called. os.fork() is incompatible with multithreaded code, and JAX is multithreaded, so this will likely lead to a deadlock.
  self.pid = os.fork()
/usr/local/lib/python3.11/multiprocessing/popen_fork.py:66: RuntimeWarning: os.fork() was called. os.fork() is incompatible with multithreaded code, and JAX is multithreaded, so this will likely lead to a deadlock.
  self.pid = os.fork()
/usr/local/lib/python3.11/multiprocessing/popen_fork.py:66: RuntimeWarning: os.fork() was called. os.fork() is incompatible with multithreaded code, and JAX is multithreaded, so this will likely lead to a deadlock.
  self.pid = os.fork()
/usr/local/lib/python3.11/multiprocessing/popen_fork.py:66: RuntimeWarning: os.fork() was called. os.fork() is incompatible with multithreaded code, and JAX is multithreaded, so this will likely lead to a deadlock.
  self.pid = os.fork()
I0915 10:08:43.142538 139691287286976 spec.py:346] Evaluating on the validation split.
/usr/local/lib/python3.11/site-packages/torch/distributed/distributed_c10d.py:4876: UserWarning: barrier(): using the device under current context. You can specify `device_id` in `init_process_group` to mute this warning.
  warnings.warn(  # warn only once
/usr/local/lib/python3.11/multiprocessing/popen_fork.py:66: RuntimeWarning: os.fork() was called. os.fork() is incompatible with multithreaded code, and JAX is multithreaded, so this will likely lead to a deadlock.
  self.pid = os.fork()
/usr/local/lib/python3.11/multiprocessing/popen_fork.py:66: RuntimeWarning: os.fork() was called. os.fork() is incompatible with multithreaded code, and JAX is multithreaded, so this will likely lead to a deadlock.
  self.pid = os.fork()
/usr/local/lib/python3.11/multiprocessing/popen_fork.py:66: RuntimeWarning: os.fork() was called. os.fork() is incompatible with multithreaded code, and JAX is multithreaded, so this will likely lead to a deadlock.
  self.pid = os.fork()
/usr/local/lib/python3.11/multiprocessing/popen_fork.py:66: RuntimeWarning: os.fork() was called. os.fork() is incompatible with multithreaded code, and JAX is multithreaded, so this will likely lead to a deadlock.
  self.pid = os.fork()
I0915 10:09:52.200263 139691287286976 spec.py:363] Evaluating on the test split.
I0915 10:09:53.523038 139691287286976 dataset_info.py:707] Load dataset info from /data/imagenet/pytorch/imagenet_v2/matched-frequency/3.0.0
I0915 10:09:53.583471 139691287286976 reader.py:262] Creating a tf.data.Dataset reading 16 files located in folders: /data/imagenet/pytorch/imagenet_v2/matched-frequency/3.0.0.
I0915 10:09:53.866560 139691287286976 logging_logger.py:49] Constructing tf.data.Dataset imagenet_v2 for split test, from /data/imagenet/pytorch/imagenet_v2/matched-frequency/3.0.0
I0915 10:10:51.006578 139691287286976 submission_runner.py:516] Time since start: 388.96s, 	Step: 1, 	{'train/accuracy': 0.00228515625, 'train/loss': 6.90775634765625, 'validation/accuracy': 0.00176, 'validation/loss': 6.90775625, 'validation/num_examples': 50000, 'test/accuracy': 0.0013, 'test/loss': 6.90775546875, 'test/num_examples': 10000, 'score': 121.32478308677673, 'total_duration': 388.9585015773773, 'accumulated_submission_time': 121.32478308677673, 'accumulated_eval_time': 266.90091943740845, 'accumulated_logging_time': 0}
I0915 10:10:51.214229 139636869428992 logging_writer.py:48] [1] accumulated_eval_time=266.901, accumulated_logging_time=0, accumulated_submission_time=121.325, global_step=1, preemption_count=0, score=121.325, test/accuracy=0.0013, test/loss=6.90776, test/num_examples=10000, total_duration=388.959, train/accuracy=0.00228516, train/loss=6.90776, validation/accuracy=0.00176, validation/loss=6.90776, validation/num_examples=50000
I0915 10:10:52.607192 139636861036288 logging_writer.py:48] [1] global_step=1, grad_norm=0.372583, loss=6.90776
I0915 10:10:52.610348 139691287286976 submission.py:307] 1) loss = 6.908, grad_norm = 0.373
I0915 10:10:52.853782 139636869428992 logging_writer.py:48] [2] global_step=2, grad_norm=0.384194, loss=6.90775
I0915 10:10:52.856992 139691287286976 submission.py:307] 2) loss = 6.908, grad_norm = 0.384
I0915 10:10:53.137900 139636861036288 logging_writer.py:48] [3] global_step=3, grad_norm=0.370934, loss=6.90775
I0915 10:10:53.143202 139691287286976 submission.py:307] 3) loss = 6.908, grad_norm = 0.371
I0915 10:10:53.369396 139636869428992 logging_writer.py:48] [4] global_step=4, grad_norm=0.366719, loss=6.90775
I0915 10:10:53.373034 139691287286976 submission.py:307] 4) loss = 6.908, grad_norm = 0.367
I0915 10:10:53.608224 139636861036288 logging_writer.py:48] [5] global_step=5, grad_norm=0.372001, loss=6.90776
I0915 10:10:53.613502 139691287286976 submission.py:307] 5) loss = 6.908, grad_norm = 0.372
I0915 10:10:53.851601 139636869428992 logging_writer.py:48] [6] global_step=6, grad_norm=0.381048, loss=6.90775
I0915 10:10:53.855516 139691287286976 submission.py:307] 6) loss = 6.908, grad_norm = 0.381
I0915 10:10:54.072277 139636861036288 logging_writer.py:48] [7] global_step=7, grad_norm=0.373081, loss=6.90775
I0915 10:10:54.075582 139691287286976 submission.py:307] 7) loss = 6.908, grad_norm = 0.373
I0915 10:10:54.328791 139636869428992 logging_writer.py:48] [8] global_step=8, grad_norm=0.366912, loss=6.90775
I0915 10:10:54.332634 139691287286976 submission.py:307] 8) loss = 6.908, grad_norm = 0.367
I0915 10:10:54.557727 139636861036288 logging_writer.py:48] [9] global_step=9, grad_norm=0.369815, loss=6.90775
I0915 10:10:54.561085 139691287286976 submission.py:307] 9) loss = 6.908, grad_norm = 0.370
I0915 10:10:54.787293 139636869428992 logging_writer.py:48] [10] global_step=10, grad_norm=0.382893, loss=6.90773
I0915 10:10:54.790517 139691287286976 submission.py:307] 10) loss = 6.908, grad_norm = 0.383
I0915 10:10:55.027123 139636861036288 logging_writer.py:48] [11] global_step=11, grad_norm=0.361936, loss=6.90773
I0915 10:10:55.031357 139691287286976 submission.py:307] 11) loss = 6.908, grad_norm = 0.362
I0915 10:10:55.251970 139636869428992 logging_writer.py:48] [12] global_step=12, grad_norm=0.372869, loss=6.90774
I0915 10:10:55.255452 139691287286976 submission.py:307] 12) loss = 6.908, grad_norm = 0.373
I0915 10:10:55.473790 139636861036288 logging_writer.py:48] [13] global_step=13, grad_norm=0.372539, loss=6.90773
I0915 10:10:55.477120 139691287286976 submission.py:307] 13) loss = 6.908, grad_norm = 0.373
I0915 10:10:55.701698 139636869428992 logging_writer.py:48] [14] global_step=14, grad_norm=0.368976, loss=6.90775
I0915 10:10:55.704685 139691287286976 submission.py:307] 14) loss = 6.908, grad_norm = 0.369
I0915 10:10:55.935691 139636861036288 logging_writer.py:48] [15] global_step=15, grad_norm=0.374493, loss=6.90772
I0915 10:10:55.939882 139691287286976 submission.py:307] 15) loss = 6.908, grad_norm = 0.374
I0915 10:10:56.168128 139636869428992 logging_writer.py:48] [16] global_step=16, grad_norm=0.371814, loss=6.90772
I0915 10:10:56.171278 139691287286976 submission.py:307] 16) loss = 6.908, grad_norm = 0.372
I0915 10:10:56.439300 139636861036288 logging_writer.py:48] [17] global_step=17, grad_norm=0.362865, loss=6.90771
I0915 10:10:56.445005 139691287286976 submission.py:307] 17) loss = 6.908, grad_norm = 0.363
I0915 10:10:56.678069 139636869428992 logging_writer.py:48] [18] global_step=18, grad_norm=0.378814, loss=6.90773
I0915 10:10:56.682251 139691287286976 submission.py:307] 18) loss = 6.908, grad_norm = 0.379
I0915 10:10:56.926976 139636861036288 logging_writer.py:48] [19] global_step=19, grad_norm=0.358103, loss=6.90773
I0915 10:10:56.931608 139691287286976 submission.py:307] 19) loss = 6.908, grad_norm = 0.358
I0915 10:10:57.159617 139636869428992 logging_writer.py:48] [20] global_step=20, grad_norm=0.365492, loss=6.9077
I0915 10:10:57.164705 139691287286976 submission.py:307] 20) loss = 6.908, grad_norm = 0.365
I0915 10:10:57.423389 139636861036288 logging_writer.py:48] [21] global_step=21, grad_norm=0.365922, loss=6.90768
I0915 10:10:57.426636 139691287286976 submission.py:307] 21) loss = 6.908, grad_norm = 0.366
I0915 10:10:57.668408 139636869428992 logging_writer.py:48] [22] global_step=22, grad_norm=0.378326, loss=6.90769
I0915 10:10:57.672965 139691287286976 submission.py:307] 22) loss = 6.908, grad_norm = 0.378
I0915 10:10:57.906202 139636861036288 logging_writer.py:48] [23] global_step=23, grad_norm=0.366921, loss=6.90765
I0915 10:10:57.910501 139691287286976 submission.py:307] 23) loss = 6.908, grad_norm = 0.367
I0915 10:10:58.137078 139636869428992 logging_writer.py:48] [24] global_step=24, grad_norm=0.377155, loss=6.90761
I0915 10:10:58.140903 139691287286976 submission.py:307] 24) loss = 6.908, grad_norm = 0.377
I0915 10:10:58.357828 139636861036288 logging_writer.py:48] [25] global_step=25, grad_norm=0.364849, loss=6.90761
I0915 10:10:58.361873 139691287286976 submission.py:307] 25) loss = 6.908, grad_norm = 0.365
I0915 10:10:58.620797 139636869428992 logging_writer.py:48] [26] global_step=26, grad_norm=0.381582, loss=6.90758
I0915 10:10:58.625208 139691287286976 submission.py:307] 26) loss = 6.908, grad_norm = 0.382
I0915 10:10:58.859295 139636861036288 logging_writer.py:48] [27] global_step=27, grad_norm=0.380305, loss=6.90762
I0915 10:10:58.865814 139691287286976 submission.py:307] 27) loss = 6.908, grad_norm = 0.380
I0915 10:10:59.104299 139636869428992 logging_writer.py:48] [28] global_step=28, grad_norm=0.378252, loss=6.90762
I0915 10:10:59.107610 139691287286976 submission.py:307] 28) loss = 6.908, grad_norm = 0.378
I0915 10:10:59.334153 139636861036288 logging_writer.py:48] [29] global_step=29, grad_norm=0.362416, loss=6.90768
I0915 10:10:59.337617 139691287286976 submission.py:307] 29) loss = 6.908, grad_norm = 0.362
I0915 10:10:59.567507 139636869428992 logging_writer.py:48] [30] global_step=30, grad_norm=0.38648, loss=6.9075
I0915 10:10:59.571588 139691287286976 submission.py:307] 30) loss = 6.908, grad_norm = 0.386
I0915 10:10:59.807234 139636861036288 logging_writer.py:48] [31] global_step=31, grad_norm=0.354129, loss=6.90766
I0915 10:10:59.811094 139691287286976 submission.py:307] 31) loss = 6.908, grad_norm = 0.354
I0915 10:11:00.054845 139636869428992 logging_writer.py:48] [32] global_step=32, grad_norm=0.373492, loss=6.90758
I0915 10:11:00.058091 139691287286976 submission.py:307] 32) loss = 6.908, grad_norm = 0.373
I0915 10:11:00.298706 139636861036288 logging_writer.py:48] [33] global_step=33, grad_norm=0.367698, loss=6.90751
I0915 10:11:00.302046 139691287286976 submission.py:307] 33) loss = 6.908, grad_norm = 0.368
I0915 10:11:00.537246 139636869428992 logging_writer.py:48] [34] global_step=34, grad_norm=0.371406, loss=6.90744
I0915 10:11:00.541452 139691287286976 submission.py:307] 34) loss = 6.907, grad_norm = 0.371
I0915 10:11:00.776149 139636861036288 logging_writer.py:48] [35] global_step=35, grad_norm=0.362586, loss=6.90749
I0915 10:11:00.780712 139691287286976 submission.py:307] 35) loss = 6.907, grad_norm = 0.363
I0915 10:11:01.005133 139636869428992 logging_writer.py:48] [36] global_step=36, grad_norm=0.388578, loss=6.9074
I0915 10:11:01.009266 139691287286976 submission.py:307] 36) loss = 6.907, grad_norm = 0.389
I0915 10:11:01.231917 139636861036288 logging_writer.py:48] [37] global_step=37, grad_norm=0.373371, loss=6.90743
I0915 10:11:01.235490 139691287286976 submission.py:307] 37) loss = 6.907, grad_norm = 0.373
I0915 10:11:01.456712 139636869428992 logging_writer.py:48] [38] global_step=38, grad_norm=0.365087, loss=6.9074
I0915 10:11:01.462503 139691287286976 submission.py:307] 38) loss = 6.907, grad_norm = 0.365
I0915 10:11:01.720508 139636861036288 logging_writer.py:48] [39] global_step=39, grad_norm=0.353478, loss=6.90749
I0915 10:11:01.724551 139691287286976 submission.py:307] 39) loss = 6.907, grad_norm = 0.353
I0915 10:11:01.967991 139636869428992 logging_writer.py:48] [40] global_step=40, grad_norm=0.397177, loss=6.90731
I0915 10:11:01.972762 139691287286976 submission.py:307] 40) loss = 6.907, grad_norm = 0.397
I0915 10:11:02.216075 139636861036288 logging_writer.py:48] [41] global_step=41, grad_norm=0.3675, loss=6.90731
I0915 10:11:02.219244 139691287286976 submission.py:307] 41) loss = 6.907, grad_norm = 0.367
I0915 10:11:02.447047 139636869428992 logging_writer.py:48] [42] global_step=42, grad_norm=0.386728, loss=6.90726
I0915 10:11:02.451175 139691287286976 submission.py:307] 42) loss = 6.907, grad_norm = 0.387
I0915 10:11:02.697481 139636861036288 logging_writer.py:48] [43] global_step=43, grad_norm=0.39392, loss=6.9072
I0915 10:11:02.703216 139691287286976 submission.py:307] 43) loss = 6.907, grad_norm = 0.394
I0915 10:11:02.934882 139636869428992 logging_writer.py:48] [44] global_step=44, grad_norm=0.388716, loss=6.90702
I0915 10:11:02.938201 139691287286976 submission.py:307] 44) loss = 6.907, grad_norm = 0.389
I0915 10:11:03.169985 139636861036288 logging_writer.py:48] [45] global_step=45, grad_norm=0.342717, loss=6.90734
I0915 10:11:03.174925 139691287286976 submission.py:307] 45) loss = 6.907, grad_norm = 0.343
I0915 10:11:03.404135 139636869428992 logging_writer.py:48] [46] global_step=46, grad_norm=0.396949, loss=6.90697
I0915 10:11:03.407431 139691287286976 submission.py:307] 46) loss = 6.907, grad_norm = 0.397
I0915 10:11:03.639158 139636861036288 logging_writer.py:48] [47] global_step=47, grad_norm=0.405188, loss=6.90681
I0915 10:11:03.644064 139691287286976 submission.py:307] 47) loss = 6.907, grad_norm = 0.405
I0915 10:11:03.876662 139636869428992 logging_writer.py:48] [48] global_step=48, grad_norm=0.367676, loss=6.90704
I0915 10:11:03.881566 139691287286976 submission.py:307] 48) loss = 6.907, grad_norm = 0.368
I0915 10:11:04.124765 139636861036288 logging_writer.py:48] [49] global_step=49, grad_norm=0.365599, loss=6.90705
I0915 10:11:04.128780 139691287286976 submission.py:307] 49) loss = 6.907, grad_norm = 0.366
I0915 10:11:04.378962 139636869428992 logging_writer.py:48] [50] global_step=50, grad_norm=0.402577, loss=6.90669
I0915 10:11:04.383030 139691287286976 submission.py:307] 50) loss = 6.907, grad_norm = 0.403
I0915 10:11:04.611482 139636861036288 logging_writer.py:48] [51] global_step=51, grad_norm=0.400657, loss=6.9067
I0915 10:11:04.615106 139691287286976 submission.py:307] 51) loss = 6.907, grad_norm = 0.401
I0915 10:11:04.846317 139636869428992 logging_writer.py:48] [52] global_step=52, grad_norm=0.348868, loss=6.90706
I0915 10:11:04.849545 139691287286976 submission.py:307] 52) loss = 6.907, grad_norm = 0.349
I0915 10:11:05.088209 139636861036288 logging_writer.py:48] [53] global_step=53, grad_norm=0.412752, loss=6.90645
I0915 10:11:05.091908 139691287286976 submission.py:307] 53) loss = 6.906, grad_norm = 0.413
I0915 10:11:05.316556 139636869428992 logging_writer.py:48] [54] global_step=54, grad_norm=0.400848, loss=6.90649
I0915 10:11:05.320831 139691287286976 submission.py:307] 54) loss = 6.906, grad_norm = 0.401
I0915 10:11:05.556851 139636861036288 logging_writer.py:48] [55] global_step=55, grad_norm=0.355345, loss=6.90691
I0915 10:11:05.560146 139691287286976 submission.py:307] 55) loss = 6.907, grad_norm = 0.355
I0915 10:11:05.786701 139636869428992 logging_writer.py:48] [56] global_step=56, grad_norm=0.408288, loss=6.90637
I0915 10:11:05.790567 139691287286976 submission.py:307] 56) loss = 6.906, grad_norm = 0.408
I0915 10:11:06.063601 139636861036288 logging_writer.py:48] [57] global_step=57, grad_norm=0.422104, loss=6.90623
I0915 10:11:06.068234 139691287286976 submission.py:307] 57) loss = 6.906, grad_norm = 0.422
I0915 10:11:06.310164 139636869428992 logging_writer.py:48] [58] global_step=58, grad_norm=0.41864, loss=6.90615
I0915 10:11:06.314331 139691287286976 submission.py:307] 58) loss = 6.906, grad_norm = 0.419
I0915 10:11:06.545895 139636861036288 logging_writer.py:48] [59] global_step=59, grad_norm=0.42563, loss=6.90594
I0915 10:11:06.549475 139691287286976 submission.py:307] 59) loss = 6.906, grad_norm = 0.426
I0915 10:11:06.782954 139636869428992 logging_writer.py:48] [60] global_step=60, grad_norm=0.41163, loss=6.90599
I0915 10:11:06.786541 139691287286976 submission.py:307] 60) loss = 6.906, grad_norm = 0.412
I0915 10:11:07.018548 139636861036288 logging_writer.py:48] [61] global_step=61, grad_norm=0.429331, loss=6.90546
I0915 10:11:07.022010 139691287286976 submission.py:307] 61) loss = 6.905, grad_norm = 0.429
I0915 10:11:07.253911 139636869428992 logging_writer.py:48] [62] global_step=62, grad_norm=0.39019, loss=6.90603
I0915 10:11:07.258144 139691287286976 submission.py:307] 62) loss = 6.906, grad_norm = 0.390
I0915 10:11:07.486762 139636861036288 logging_writer.py:48] [63] global_step=63, grad_norm=0.385807, loss=6.90562
I0915 10:11:07.490262 139691287286976 submission.py:307] 63) loss = 6.906, grad_norm = 0.386
I0915 10:11:07.728010 139636869428992 logging_writer.py:48] [64] global_step=64, grad_norm=0.415746, loss=6.90516
I0915 10:11:07.732982 139691287286976 submission.py:307] 64) loss = 6.905, grad_norm = 0.416
I0915 10:11:07.968692 139636861036288 logging_writer.py:48] [65] global_step=65, grad_norm=0.396844, loss=6.90581
I0915 10:11:07.972476 139691287286976 submission.py:307] 65) loss = 6.906, grad_norm = 0.397
I0915 10:11:08.212708 139636869428992 logging_writer.py:48] [66] global_step=66, grad_norm=0.436445, loss=6.90461
I0915 10:11:08.221841 139691287286976 submission.py:307] 66) loss = 6.905, grad_norm = 0.436
I0915 10:11:08.455787 139636861036288 logging_writer.py:48] [67] global_step=67, grad_norm=0.410208, loss=6.90474
I0915 10:11:08.461363 139691287286976 submission.py:307] 67) loss = 6.905, grad_norm = 0.410
I0915 10:11:08.696157 139636869428992 logging_writer.py:48] [68] global_step=68, grad_norm=0.443854, loss=6.90439
I0915 10:11:08.700528 139691287286976 submission.py:307] 68) loss = 6.904, grad_norm = 0.444
I0915 10:11:08.927692 139636861036288 logging_writer.py:48] [69] global_step=69, grad_norm=0.446615, loss=6.90464
I0915 10:11:08.932035 139691287286976 submission.py:307] 69) loss = 6.905, grad_norm = 0.447
I0915 10:11:09.167318 139636869428992 logging_writer.py:48] [70] global_step=70, grad_norm=0.387827, loss=6.90487
I0915 10:11:09.177654 139691287286976 submission.py:307] 70) loss = 6.905, grad_norm = 0.388
I0915 10:11:09.404481 139636861036288 logging_writer.py:48] [71] global_step=71, grad_norm=0.462122, loss=6.90431
I0915 10:11:09.407954 139691287286976 submission.py:307] 71) loss = 6.904, grad_norm = 0.462
I0915 10:11:09.625653 139636869428992 logging_writer.py:48] [72] global_step=72, grad_norm=0.466788, loss=6.90334
I0915 10:11:09.628872 139691287286976 submission.py:307] 72) loss = 6.903, grad_norm = 0.467
I0915 10:11:09.892927 139636861036288 logging_writer.py:48] [73] global_step=73, grad_norm=0.464832, loss=6.90385
I0915 10:11:09.897360 139691287286976 submission.py:307] 73) loss = 6.904, grad_norm = 0.465
I0915 10:11:10.128032 139636869428992 logging_writer.py:48] [74] global_step=74, grad_norm=0.462631, loss=6.90372
I0915 10:11:10.132266 139691287286976 submission.py:307] 74) loss = 6.904, grad_norm = 0.463
I0915 10:11:10.359502 139636861036288 logging_writer.py:48] [75] global_step=75, grad_norm=0.392963, loss=6.90435
I0915 10:11:10.364439 139691287286976 submission.py:307] 75) loss = 6.904, grad_norm = 0.393
I0915 10:11:10.598786 139636869428992 logging_writer.py:48] [76] global_step=76, grad_norm=0.397234, loss=6.90422
I0915 10:11:10.603067 139691287286976 submission.py:307] 76) loss = 6.904, grad_norm = 0.397
I0915 10:11:10.832473 139636861036288 logging_writer.py:48] [77] global_step=77, grad_norm=0.408307, loss=6.9036
I0915 10:11:10.837189 139691287286976 submission.py:307] 77) loss = 6.904, grad_norm = 0.408
I0915 10:11:11.069481 139636869428992 logging_writer.py:48] [78] global_step=78, grad_norm=0.488536, loss=6.90255
I0915 10:11:11.073813 139691287286976 submission.py:307] 78) loss = 6.903, grad_norm = 0.489
I0915 10:11:11.338258 139636861036288 logging_writer.py:48] [79] global_step=79, grad_norm=0.481768, loss=6.90454
I0915 10:11:11.344104 139691287286976 submission.py:307] 79) loss = 6.905, grad_norm = 0.482
I0915 10:11:11.583511 139636869428992 logging_writer.py:48] [80] global_step=80, grad_norm=0.470298, loss=6.90317
I0915 10:11:11.587335 139691287286976 submission.py:307] 80) loss = 6.903, grad_norm = 0.470
I0915 10:11:14.424469 139636861036288 logging_writer.py:48] [81] global_step=81, grad_norm=0.395503, loss=6.90481
I0915 10:11:14.427571 139691287286976 submission.py:307] 81) loss = 6.905, grad_norm = 0.396
I0915 10:11:15.132951 139636869428992 logging_writer.py:48] [82] global_step=82, grad_norm=0.463576, loss=6.90225
I0915 10:11:15.136680 139691287286976 submission.py:307] 82) loss = 6.902, grad_norm = 0.464
I0915 10:11:16.257138 139636861036288 logging_writer.py:48] [83] global_step=83, grad_norm=0.447937, loss=6.90294
I0915 10:11:16.262010 139691287286976 submission.py:307] 83) loss = 6.903, grad_norm = 0.448
I0915 10:11:17.118424 139636869428992 logging_writer.py:48] [84] global_step=84, grad_norm=0.40616, loss=6.90327
I0915 10:11:17.125005 139691287286976 submission.py:307] 84) loss = 6.903, grad_norm = 0.406
I0915 10:11:17.558773 139636861036288 logging_writer.py:48] [85] global_step=85, grad_norm=0.405441, loss=6.90382
I0915 10:11:17.562744 139691287286976 submission.py:307] 85) loss = 6.904, grad_norm = 0.405
I0915 10:11:19.511405 139636869428992 logging_writer.py:48] [86] global_step=86, grad_norm=0.499999, loss=6.90129
I0915 10:11:19.517011 139691287286976 submission.py:307] 86) loss = 6.901, grad_norm = 0.500
I0915 10:11:19.761618 139636861036288 logging_writer.py:48] [87] global_step=87, grad_norm=0.477676, loss=6.90119
I0915 10:11:19.767492 139691287286976 submission.py:307] 87) loss = 6.901, grad_norm = 0.478
I0915 10:11:19.988319 139636869428992 logging_writer.py:48] [88] global_step=88, grad_norm=0.462895, loss=6.9016
I0915 10:11:19.994410 139691287286976 submission.py:307] 88) loss = 6.902, grad_norm = 0.463
I0915 10:11:20.532126 139636861036288 logging_writer.py:48] [89] global_step=89, grad_norm=0.410352, loss=6.90217
I0915 10:11:20.535303 139691287286976 submission.py:307] 89) loss = 6.902, grad_norm = 0.410
I0915 10:11:20.810440 139636869428992 logging_writer.py:48] [90] global_step=90, grad_norm=0.490264, loss=6.90056
I0915 10:11:20.815313 139691287286976 submission.py:307] 90) loss = 6.901, grad_norm = 0.490
I0915 10:11:21.035767 139636861036288 logging_writer.py:48] [91] global_step=91, grad_norm=0.451432, loss=6.90049
I0915 10:11:21.038952 139691287286976 submission.py:307] 91) loss = 6.900, grad_norm = 0.451
I0915 10:11:21.605236 139636869428992 logging_writer.py:48] [92] global_step=92, grad_norm=0.493652, loss=6.89988
I0915 10:11:21.608393 139691287286976 submission.py:307] 92) loss = 6.900, grad_norm = 0.494
I0915 10:11:22.155008 139636861036288 logging_writer.py:48] [93] global_step=93, grad_norm=0.48032, loss=6.90036
I0915 10:11:22.159046 139691287286976 submission.py:307] 93) loss = 6.900, grad_norm = 0.480
I0915 10:11:22.423153 139636869428992 logging_writer.py:48] [94] global_step=94, grad_norm=0.497711, loss=6.90046
I0915 10:11:22.426506 139691287286976 submission.py:307] 94) loss = 6.900, grad_norm = 0.498
I0915 10:11:22.667288 139636861036288 logging_writer.py:48] [95] global_step=95, grad_norm=0.499999, loss=6.89987
I0915 10:11:22.670613 139691287286976 submission.py:307] 95) loss = 6.900, grad_norm = 0.500
I0915 10:11:22.930868 139636869428992 logging_writer.py:48] [96] global_step=96, grad_norm=0.499999, loss=6.89761
I0915 10:11:22.935100 139691287286976 submission.py:307] 96) loss = 6.898, grad_norm = 0.500
I0915 10:11:23.772529 139636861036288 logging_writer.py:48] [97] global_step=97, grad_norm=0.447004, loss=6.90155
I0915 10:11:23.777789 139691287286976 submission.py:307] 97) loss = 6.902, grad_norm = 0.447
I0915 10:11:24.038126 139636869428992 logging_writer.py:48] [98] global_step=98, grad_norm=0.483873, loss=6.89845
I0915 10:11:24.043197 139691287286976 submission.py:307] 98) loss = 6.898, grad_norm = 0.484
I0915 10:11:24.296544 139636861036288 logging_writer.py:48] [99] global_step=99, grad_norm=0.47556, loss=6.89836
I0915 10:11:24.299815 139691287286976 submission.py:307] 99) loss = 6.898, grad_norm = 0.476
I0915 10:11:24.547358 139636869428992 logging_writer.py:48] [100] global_step=100, grad_norm=0.49111, loss=6.89835
I0915 10:11:24.551347 139691287286976 submission.py:307] 100) loss = 6.898, grad_norm = 0.491
I0915 10:19:31.096694 139636861036288 logging_writer.py:48] [500] global_step=500, grad_norm=0.499999, loss=6.73335
I0915 10:19:31.100468 139691287286976 submission.py:307] 500) loss = 6.733, grad_norm = 0.500
I0915 10:29:42.646139 139636869428992 logging_writer.py:48] [1000] global_step=1000, grad_norm=0.5, loss=6.41502
I0915 10:29:42.650444 139691287286976 submission.py:307] 1000) loss = 6.415, grad_norm = 0.500
I0915 10:37:51.073716 139636861036288 logging_writer.py:48] [1500] global_step=1500, grad_norm=0.5, loss=6.23349
I0915 10:37:51.077718 139691287286976 submission.py:307] 1500) loss = 6.233, grad_norm = 0.500
I0915 10:46:06.811997 139636869428992 logging_writer.py:48] [2000] global_step=2000, grad_norm=0.5, loss=5.98352
I0915 10:46:06.816135 139691287286976 submission.py:307] 2000) loss = 5.984, grad_norm = 0.500
I0915 10:53:45.373596 139691287286976 spec.py:333] Evaluating on the training split.
/usr/local/lib/python3.11/multiprocessing/popen_fork.py:66: RuntimeWarning: os.fork() was called. os.fork() is incompatible with multithreaded code, and JAX is multithreaded, so this will likely lead to a deadlock.
  self.pid = os.fork()
/usr/local/lib/python3.11/multiprocessing/popen_fork.py:66: RuntimeWarning: os.fork() was called. os.fork() is incompatible with multithreaded code, and JAX is multithreaded, so this will likely lead to a deadlock.
  self.pid = os.fork()
/usr/local/lib/python3.11/multiprocessing/popen_fork.py:66: RuntimeWarning: os.fork() was called. os.fork() is incompatible with multithreaded code, and JAX is multithreaded, so this will likely lead to a deadlock.
  self.pid = os.fork()
/usr/local/lib/python3.11/multiprocessing/popen_fork.py:66: RuntimeWarning: os.fork() was called. os.fork() is incompatible with multithreaded code, and JAX is multithreaded, so this will likely lead to a deadlock.
  self.pid = os.fork()
I0915 10:55:23.518404 139691287286976 spec.py:346] Evaluating on the validation split.
I0915 10:56:29.782043 139691287286976 spec.py:363] Evaluating on the test split.
I0915 10:56:31.892200 139691287286976 submission_runner.py:516] Time since start: 3129.84s, 	Step: 2371, 	{'train/accuracy': 0.055859375, 'train/loss': 5.700372314453125, 'validation/accuracy': 0.0493, 'validation/loss': 5.87810625, 'validation/num_examples': 50000, 'test/accuracy': 0.0486, 'test/loss': 5.6401859375, 'test/num_examples': 10000, 'score': 2692.0896463394165, 'total_duration': 3129.844084262848, 'accumulated_submission_time': 2692.0896463394165, 'accumulated_eval_time': 433.4192156791687, 'accumulated_logging_time': 0.23308897018432617}
I0915 10:56:31.950789 139630921901824 logging_writer.py:48] [2371] accumulated_eval_time=433.419, accumulated_logging_time=0.233089, accumulated_submission_time=2692.09, global_step=2371, preemption_count=0, score=2692.09, test/accuracy=0.0486, test/loss=5.64019, test/num_examples=10000, total_duration=3129.84, train/accuracy=0.0558594, train/loss=5.70037, validation/accuracy=0.0493, validation/loss=5.87811, validation/num_examples=50000
I0915 10:57:34.248839 139630930294528 logging_writer.py:48] [2500] global_step=2500, grad_norm=0.5, loss=6.51827
I0915 10:57:34.252084 139691287286976 submission.py:307] 2500) loss = 6.518, grad_norm = 0.500
I0915 11:04:10.102490 139630921901824 logging_writer.py:48] [3000] global_step=3000, grad_norm=0.5, loss=5.58079
I0915 11:04:10.106484 139691287286976 submission.py:307] 3000) loss = 5.581, grad_norm = 0.500
I0915 11:12:47.484114 139630930294528 logging_writer.py:48] [3500] global_step=3500, grad_norm=0.499999, loss=6.14454
I0915 11:12:47.488231 139691287286976 submission.py:307] 3500) loss = 6.145, grad_norm = 0.500
I0915 11:19:21.642633 139630921901824 logging_writer.py:48] [4000] global_step=4000, grad_norm=0.5, loss=5.22803
I0915 11:19:21.647924 139691287286976 submission.py:307] 4000) loss = 5.228, grad_norm = 0.500
I0915 11:25:01.792281 139630930294528 logging_writer.py:48] [4500] global_step=4500, grad_norm=0.5, loss=4.97837
I0915 11:25:01.796690 139691287286976 submission.py:307] 4500) loss = 4.978, grad_norm = 0.500
I0915 11:33:52.858487 139630921901824 logging_writer.py:48] [5000] global_step=5000, grad_norm=0.5, loss=4.9876
I0915 11:33:52.862213 139691287286976 submission.py:307] 5000) loss = 4.988, grad_norm = 0.500
I0915 11:38:07.826397 139630930294528 logging_writer.py:48] [5500] global_step=5500, grad_norm=0.5, loss=4.65183
I0915 11:38:07.830463 139691287286976 submission.py:307] 5500) loss = 4.652, grad_norm = 0.500
I0915 11:39:26.510539 139691287286976 spec.py:333] Evaluating on the training split.
/usr/local/lib/python3.11/multiprocessing/popen_fork.py:66: RuntimeWarning: os.fork() was called. os.fork() is incompatible with multithreaded code, and JAX is multithreaded, so this will likely lead to a deadlock.
  self.pid = os.fork()
I0915 11:40:49.685362 139691287286976 spec.py:346] Evaluating on the validation split.
I0915 11:41:55.598844 139691287286976 spec.py:363] Evaluating on the test split.
I0915 11:41:56.541747 139691287286976 submission_runner.py:516] Time since start: 5854.49s, 	Step: 5610, 	{'train/accuracy': 0.189765625, 'train/loss': 4.9383306884765625, 'validation/accuracy': 0.17356, 'validation/loss': 4.7599465625, 'validation/num_examples': 50000, 'test/accuracy': 0.1741, 'test/loss': 4.29425546875, 'test/num_examples': 10000, 'score': 5262.350856781006, 'total_duration': 5854.4937126636505, 'accumulated_submission_time': 5262.350856781006, 'accumulated_eval_time': 583.4502947330475, 'accumulated_logging_time': 0.3073396682739258}
I0915 11:41:56.648062 139670583207680 logging_writer.py:48] [5610] accumulated_eval_time=583.45, accumulated_logging_time=0.30734, accumulated_submission_time=5262.35, global_step=5610, preemption_count=0, score=5262.35, test/accuracy=0.1741, test/loss=4.29426, test/num_examples=10000, total_duration=5854.49, train/accuracy=0.189766, train/loss=4.93833, validation/accuracy=0.17356, validation/loss=4.75995, validation/num_examples=50000
I0915 11:47:49.085018 139671086556928 logging_writer.py:48] [6000] global_step=6000, grad_norm=0.5, loss=4.45667
I0915 11:47:49.091848 139691287286976 submission.py:307] 6000) loss = 4.457, grad_norm = 0.500
I0915 11:54:34.254230 139670583207680 logging_writer.py:48] [6500] global_step=6500, grad_norm=0.5, loss=4.45879
I0915 11:54:34.259073 139691287286976 submission.py:307] 6500) loss = 4.459, grad_norm = 0.500
I0915 12:00:07.991342 139671086556928 logging_writer.py:48] [7000] global_step=7000, grad_norm=0.5, loss=4.19093
I0915 12:00:07.995583 139691287286976 submission.py:307] 7000) loss = 4.191, grad_norm = 0.500
I0915 12:08:51.215572 139670583207680 logging_writer.py:48] [7500] global_step=7500, grad_norm=0.5, loss=4.19564
I0915 12:08:51.221849 139691287286976 submission.py:307] 7500) loss = 4.196, grad_norm = 0.500
I0915 12:13:11.912562 139671086556928 logging_writer.py:48] [8000] global_step=8000, grad_norm=0.5, loss=4.29967
I0915 12:13:11.919200 139691287286976 submission.py:307] 8000) loss = 4.300, grad_norm = 0.500
I0915 12:20:12.050013 139670583207680 logging_writer.py:48] [8500] global_step=8500, grad_norm=0.5, loss=5.9518
I0915 12:20:12.053866 139691287286976 submission.py:307] 8500) loss = 5.952, grad_norm = 0.500
I0915 12:24:52.323828 139691287286976 spec.py:333] Evaluating on the training split.
/usr/local/lib/python3.11/multiprocessing/popen_fork.py:66: RuntimeWarning: os.fork() was called. os.fork() is incompatible with multithreaded code, and JAX is multithreaded, so this will likely lead to a deadlock.
  self.pid = os.fork()
I0915 12:26:08.354708 139691287286976 spec.py:346] Evaluating on the validation split.
I0915 12:27:13.761843 139691287286976 spec.py:363] Evaluating on the test split.
I0915 12:27:14.730298 139691287286976 submission_runner.py:516] Time since start: 8572.68s, 	Step: 8777, 	{'train/accuracy': 0.324140625, 'train/loss': 4.036053466796875, 'validation/accuracy': 0.287, 'validation/loss': 4.09793375, 'validation/num_examples': 50000, 'test/accuracy': 0.2762, 'test/loss': 3.52323125, 'test/num_examples': 10000, 'score': 7834.110359668732, 'total_duration': 8572.682470083237, 'accumulated_submission_time': 7834.110359668732, 'accumulated_eval_time': 725.8568375110626, 'accumulated_logging_time': 0.42612242698669434}
I0915 12:27:14.866101 139671044593408 logging_writer.py:48] [8777] accumulated_eval_time=725.857, accumulated_logging_time=0.426122, accumulated_submission_time=7834.11, global_step=8777, preemption_count=0, score=7834.11, test/accuracy=0.2762, test/loss=3.52323, test/num_examples=10000, total_duration=8572.68, train/accuracy=0.324141, train/loss=4.03605, validation/accuracy=0.287, validation/loss=4.09793, validation/num_examples=50000
I0915 12:29:36.914781 139670952273664 logging_writer.py:48] [9000] global_step=9000, grad_norm=0.5, loss=3.82983
I0915 12:29:36.918842 139691287286976 submission.py:307] 9000) loss = 3.830, grad_norm = 0.500
I0915 12:37:03.341185 139671044593408 logging_writer.py:48] [9500] global_step=9500, grad_norm=0.5, loss=4.93496
I0915 12:37:03.346070 139691287286976 submission.py:307] 9500) loss = 4.935, grad_norm = 0.500
I0915 12:46:07.764296 139670952273664 logging_writer.py:48] [10000] global_step=10000, grad_norm=0.5, loss=3.53752
I0915 12:46:08.278967 139691287286976 submission.py:307] 10000) loss = 3.538, grad_norm = 0.500
I0915 12:50:24.221281 139671044593408 logging_writer.py:48] [10500] global_step=10500, grad_norm=0.5, loss=3.91813
I0915 12:50:24.448169 139691287286976 submission.py:307] 10500) loss = 3.918, grad_norm = 0.500
I0915 12:58:09.106225 139670952273664 logging_writer.py:48] [11000] global_step=11000, grad_norm=0.5, loss=5.31797
I0915 12:58:09.110142 139691287286976 submission.py:307] 11000) loss = 5.318, grad_norm = 0.500
I0915 13:04:49.306410 139671044593408 logging_writer.py:48] [11500] global_step=11500, grad_norm=0.5, loss=3.14241
I0915 13:04:49.311098 139691287286976 submission.py:307] 11500) loss = 3.142, grad_norm = 0.500
I0915 13:10:03.071184 139670952273664 logging_writer.py:48] [12000] global_step=12000, grad_norm=0.5, loss=3.16615
I0915 13:10:03.075547 139691287286976 submission.py:307] 12000) loss = 3.166, grad_norm = 0.500
I0915 13:10:20.947241 139691287286976 spec.py:333] Evaluating on the training split.
/usr/local/lib/python3.11/multiprocessing/popen_fork.py:66: RuntimeWarning: os.fork() was called. os.fork() is incompatible with multithreaded code, and JAX is multithreaded, so this will likely lead to a deadlock.
  self.pid = os.fork()
I0915 13:11:33.649076 139691287286976 spec.py:346] Evaluating on the validation split.
I0915 13:12:39.425945 139691287286976 spec.py:363] Evaluating on the test split.
I0915 13:12:40.336635 139691287286976 submission_runner.py:516] Time since start: 11298.29s, 	Step: 12004, 	{'train/accuracy': 0.40556640625, 'train/loss': 3.7709576416015627, 'validation/accuracy': 0.36128, 'validation/loss': 3.826253125, 'validation/num_examples': 50000, 'test/accuracy': 0.3526, 'test/loss': 3.036040234375, 'test/num_examples': 10000, 'score': 10411.95853638649, 'total_duration': 11298.288755893707, 'accumulated_submission_time': 10411.95853638649, 'accumulated_eval_time': 865.246161699295, 'accumulated_logging_time': 0.5769710540771484}
I0915 13:12:40.601176 139671027808000 logging_writer.py:48] [12004] accumulated_eval_time=865.246, accumulated_logging_time=0.576971, accumulated_submission_time=10412, global_step=12004, preemption_count=0, score=10412, test/accuracy=0.3526, test/loss=3.03604, test/num_examples=10000, total_duration=11298.3, train/accuracy=0.405566, train/loss=3.77096, validation/accuracy=0.36128, validation/loss=3.82625, validation/num_examples=50000
I0915 13:20:37.020191 139670985844480 logging_writer.py:48] [12500] global_step=12500, grad_norm=0.5, loss=3.82578
I0915 13:20:37.025835 139691287286976 submission.py:307] 12500) loss = 3.826, grad_norm = 0.500
I0915 13:25:30.641490 139671027808000 logging_writer.py:48] [13000] global_step=13000, grad_norm=0.5, loss=3.13331
I0915 13:25:30.645596 139691287286976 submission.py:307] 13000) loss = 3.133, grad_norm = 0.500
I0915 13:32:59.616824 139670985844480 logging_writer.py:48] [13500] global_step=13500, grad_norm=0.5, loss=3.37895
I0915 13:32:59.625049 139691287286976 submission.py:307] 13500) loss = 3.379, grad_norm = 0.500
I0915 13:39:27.625791 139671027808000 logging_writer.py:48] [14000] global_step=14000, grad_norm=0.5, loss=2.89204
I0915 13:39:27.633557 139691287286976 submission.py:307] 14000) loss = 2.892, grad_norm = 0.500
I0915 13:44:50.447182 139670985844480 logging_writer.py:48] [14500] global_step=14500, grad_norm=0.5, loss=2.91157
I0915 13:44:50.451058 139691287286976 submission.py:307] 14500) loss = 2.912, grad_norm = 0.500
I0915 13:53:22.006879 139671027808000 logging_writer.py:48] [15000] global_step=15000, grad_norm=0.5, loss=3.89145
I0915 13:53:22.010751 139691287286976 submission.py:307] 15000) loss = 3.891, grad_norm = 0.500
I0915 13:55:36.313232 139691287286976 spec.py:333] Evaluating on the training split.
/usr/local/lib/python3.11/multiprocessing/popen_fork.py:66: RuntimeWarning: os.fork() was called. os.fork() is incompatible with multithreaded code, and JAX is multithreaded, so this will likely lead to a deadlock.
  self.pid = os.fork()
I0915 13:56:52.935414 139691287286976 spec.py:346] Evaluating on the validation split.
I0915 13:57:59.113830 139691287286976 spec.py:363] Evaluating on the test split.
I0915 13:58:00.037979 139691287286976 submission_runner.py:516] Time since start: 14017.99s, 	Step: 15268, 	{'train/accuracy': 0.479921875, 'train/loss': 3.2422940063476564, 'validation/accuracy': 0.41712, 'validation/loss': 3.508525, 'validation/num_examples': 50000, 'test/accuracy': 0.4116, 'test/loss': 2.7012171875, 'test/num_examples': 10000, 'score': 12979.315444469452, 'total_duration': 14017.990199327469, 'accumulated_submission_time': 12979.315444469452, 'accumulated_eval_time': 1008.971207857132, 'accumulated_logging_time': 0.8551476001739502}
I0915 13:58:00.329049 139671933810432 logging_writer.py:48] [15268] accumulated_eval_time=1008.97, accumulated_logging_time=0.855148, accumulated_submission_time=12979.3, global_step=15268, preemption_count=0, score=12979.3, test/accuracy=0.4116, test/loss=2.70122, test/num_examples=10000, total_duration=14018, train/accuracy=0.479922, train/loss=3.24229, validation/accuracy=0.41712, validation/loss=3.50853, validation/num_examples=50000
I0915 14:00:49.118320 139670960666368 logging_writer.py:48] [15500] global_step=15500, grad_norm=0.5, loss=2.65176
I0915 14:00:49.125400 139691287286976 submission.py:307] 15500) loss = 2.652, grad_norm = 0.500
I0915 14:09:26.849026 139671933810432 logging_writer.py:48] [16000] global_step=16000, grad_norm=0.5, loss=2.68837
I0915 14:09:26.852895 139691287286976 submission.py:307] 16000) loss = 2.688, grad_norm = 0.500
I0915 14:16:24.526199 139670960666368 logging_writer.py:48] [16500] global_step=16500, grad_norm=0.5, loss=3.24386
I0915 14:16:24.545804 139691287286976 submission.py:307] 16500) loss = 3.244, grad_norm = 0.500
I0915 14:21:43.870905 139671933810432 logging_writer.py:48] [17000] global_step=17000, grad_norm=0.5, loss=3.99592
I0915 14:21:43.875227 139691287286976 submission.py:307] 17000) loss = 3.996, grad_norm = 0.500
I0915 14:30:45.230170 139670960666368 logging_writer.py:48] [17500] global_step=17500, grad_norm=0.5, loss=2.80049
I0915 14:30:45.235483 139691287286976 submission.py:307] 17500) loss = 2.800, grad_norm = 0.500
I0915 14:35:14.400601 139671933810432 logging_writer.py:48] [18000] global_step=18000, grad_norm=0.5, loss=4.22366
I0915 14:35:14.406405 139691287286976 submission.py:307] 18000) loss = 4.224, grad_norm = 0.500
I0915 14:40:56.146348 139691287286976 spec.py:333] Evaluating on the training split.
/usr/local/lib/python3.11/multiprocessing/popen_fork.py:66: RuntimeWarning: os.fork() was called. os.fork() is incompatible with multithreaded code, and JAX is multithreaded, so this will likely lead to a deadlock.
  self.pid = os.fork()
I0915 14:42:26.379940 139691287286976 spec.py:346] Evaluating on the validation split.
I0915 14:43:32.281650 139691287286976 spec.py:363] Evaluating on the test split.
I0915 14:43:33.188815 139691287286976 submission_runner.py:516] Time since start: 16751.14s, 	Step: 18417, 	{'train/accuracy': 0.54462890625, 'train/loss': 2.800125732421875, 'validation/accuracy': 0.46806, 'validation/loss': 3.2255234375, 'validation/num_examples': 50000, 'test/accuracy': 0.4518, 'test/loss': 2.47650390625, 'test/num_examples': 10000, 'score': 15546.428710222244, 'total_duration': 16751.14104294777, 'accumulated_submission_time': 15546.428710222244, 'accumulated_eval_time': 1166.0138342380524, 'accumulated_logging_time': 1.1592702865600586}
I0915 14:43:33.725684 139670943880960 logging_writer.py:48] [18417] accumulated_eval_time=1166.01, accumulated_logging_time=1.15927, accumulated_submission_time=15546.4, global_step=18417, preemption_count=0, score=15546.4, test/accuracy=0.4518, test/loss=2.4765, test/num_examples=10000, total_duration=16751.1, train/accuracy=0.544629, train/loss=2.80013, validation/accuracy=0.46806, validation/loss=3.22552, validation/num_examples=50000
I0915 14:43:57.572397 139671027808000 logging_writer.py:48] [18500] global_step=18500, grad_norm=0.5, loss=2.86881
I0915 14:43:57.577773 139691287286976 submission.py:307] 18500) loss = 2.869, grad_norm = 0.500
I0915 14:51:18.535990 139670943880960 logging_writer.py:48] [19000] global_step=19000, grad_norm=0.5, loss=5.03151
I0915 14:51:18.541355 139691287286976 submission.py:307] 19000) loss = 5.032, grad_norm = 0.500
I0915 14:57:11.733577 139671027808000 logging_writer.py:48] [19500] global_step=19500, grad_norm=0.499999, loss=4.90259
I0915 14:57:11.737531 139691287286976 submission.py:307] 19500) loss = 4.903, grad_norm = 0.500
I0915 15:05:44.798869 139670943880960 logging_writer.py:48] [20000] global_step=20000, grad_norm=0.5, loss=2.42998
I0915 15:05:44.802844 139691287286976 submission.py:307] 20000) loss = 2.430, grad_norm = 0.500
I0915 15:10:08.871207 139671027808000 logging_writer.py:48] [20500] global_step=20500, grad_norm=0.5, loss=2.52971
I0915 15:10:08.876605 139691287286976 submission.py:307] 20500) loss = 2.530, grad_norm = 0.500
I0915 15:17:30.004780 139670943880960 logging_writer.py:48] [21000] global_step=21000, grad_norm=0.5, loss=2.42083
I0915 15:17:30.008783 139691287286976 submission.py:307] 21000) loss = 2.421, grad_norm = 0.500
I0915 15:23:56.325068 139671027808000 logging_writer.py:48] [21500] global_step=21500, grad_norm=0.499999, loss=4.718
I0915 15:23:56.330977 139691287286976 submission.py:307] 21500) loss = 4.718, grad_norm = 0.500
I0915 15:26:30.278908 139691287286976 spec.py:333] Evaluating on the training split.
/usr/local/lib/python3.11/multiprocessing/popen_fork.py:66: RuntimeWarning: os.fork() was called. os.fork() is incompatible with multithreaded code, and JAX is multithreaded, so this will likely lead to a deadlock.
  self.pid = os.fork()
I0915 15:27:50.347056 139691287286976 spec.py:346] Evaluating on the validation split.
I0915 15:28:56.177633 139691287286976 spec.py:363] Evaluating on the test split.
I0915 15:28:57.118380 139691287286976 submission_runner.py:516] Time since start: 19475.07s, 	Step: 21768, 	{'train/accuracy': 0.54513671875, 'train/loss': 3.107976379394531, 'validation/accuracy': 0.49176, 'validation/loss': 3.171916875, 'validation/num_examples': 50000, 'test/accuracy': 0.4811, 'test/loss': 2.323434375, 'test/num_examples': 10000, 'score': 18114.06486916542, 'total_duration': 19475.07040452957, 'accumulated_submission_time': 18114.06486916542, 'accumulated_eval_time': 1312.8532564640045, 'accumulated_logging_time': 2.128077268600464}
I0915 15:28:57.392161 139671086556928 logging_writer.py:48] [21768] accumulated_eval_time=1312.85, accumulated_logging_time=2.12808, accumulated_submission_time=18114.1, global_step=21768, preemption_count=0, score=18114.1, test/accuracy=0.4811, test/loss=2.32343, test/num_examples=10000, total_duration=19475.1, train/accuracy=0.545137, train/loss=3.10798, validation/accuracy=0.49176, validation/loss=3.17192, validation/num_examples=50000
I0915 15:31:53.773188 139671069771520 logging_writer.py:48] [22000] global_step=22000, grad_norm=0.499999, loss=5.04309
I0915 15:31:53.778100 139691287286976 submission.py:307] 22000) loss = 5.043, grad_norm = 0.500
I0915 15:41:02.335211 139671086556928 logging_writer.py:48] [22500] global_step=22500, grad_norm=0.5, loss=2.34218
I0915 15:41:02.339263 139691287286976 submission.py:307] 22500) loss = 2.342, grad_norm = 0.500
I0915 15:45:34.944192 139671069771520 logging_writer.py:48] [23000] global_step=23000, grad_norm=0.5, loss=3.8108
I0915 15:45:34.948409 139691287286976 submission.py:307] 23000) loss = 3.811, grad_norm = 0.500
I0915 15:52:59.512782 139671086556928 logging_writer.py:48] [23500] global_step=23500, grad_norm=0.5, loss=2.23757
I0915 15:52:59.517780 139691287286976 submission.py:307] 23500) loss = 2.238, grad_norm = 0.500
I0915 15:59:41.999502 139671069771520 logging_writer.py:48] [24000] global_step=24000, grad_norm=0.5, loss=4.44578
I0915 15:59:42.004189 139691287286976 submission.py:307] 24000) loss = 4.446, grad_norm = 0.500
I0915 16:05:01.050482 139671086556928 logging_writer.py:48] [24500] global_step=24500, grad_norm=0.5, loss=2.23962
I0915 16:05:01.054578 139691287286976 submission.py:307] 24500) loss = 2.240, grad_norm = 0.500
I0915 16:11:52.997965 139691287286976 spec.py:333] Evaluating on the training split.
/usr/local/lib/python3.11/multiprocessing/popen_fork.py:66: RuntimeWarning: os.fork() was called. os.fork() is incompatible with multithreaded code, and JAX is multithreaded, so this will likely lead to a deadlock.
  self.pid = os.fork()
I0915 16:13:25.409240 139691287286976 spec.py:346] Evaluating on the validation split.
I0915 16:14:30.914354 139691287286976 spec.py:363] Evaluating on the test split.
I0915 16:14:31.824035 139691287286976 submission_runner.py:516] Time since start: 22209.78s, 	Step: 24895, 	{'train/accuracy': 0.56482421875, 'train/loss': 3.1704031372070314, 'validation/accuracy': 0.5066, 'validation/loss': 3.2526559375, 'validation/num_examples': 50000, 'test/accuracy': 0.502, 'test/loss': 2.215092578125, 'test/num_examples': 10000, 'score': 20681.5164604187, 'total_duration': 22209.776253461838, 'accumulated_submission_time': 20681.5164604187, 'accumulated_eval_time': 1471.6794302463531, 'accumulated_logging_time': 2.4110121726989746}
I0915 16:14:32.297312 139671061378816 logging_writer.py:48] [24895] accumulated_eval_time=1471.68, accumulated_logging_time=2.41101, accumulated_submission_time=20681.5, global_step=24895, preemption_count=0, score=20681.5, test/accuracy=0.502, test/loss=2.21509, test/num_examples=10000, total_duration=22209.8, train/accuracy=0.564824, train/loss=3.1704, validation/accuracy=0.5066, validation/loss=3.25266, validation/num_examples=50000
I0915 16:15:21.922931 139670969059072 logging_writer.py:48] [25000] global_step=25000, grad_norm=0.5, loss=3.16885
I0915 16:15:21.927366 139691287286976 submission.py:307] 25000) loss = 3.169, grad_norm = 0.500
I0915 16:21:38.714220 139671061378816 logging_writer.py:48] [25500] global_step=25500, grad_norm=0.499999, loss=3.69297
I0915 16:21:38.718883 139691287286976 submission.py:307] 25500) loss = 3.693, grad_norm = 0.500
I0915 16:29:27.411288 139670969059072 logging_writer.py:48] [26000] global_step=26000, grad_norm=0.5, loss=2.14704
I0915 16:29:27.416929 139691287286976 submission.py:307] 26000) loss = 2.147, grad_norm = 0.500
I0915 16:35:58.626034 139671061378816 logging_writer.py:48] [26500] global_step=26500, grad_norm=0.5, loss=2.22875
I0915 16:35:58.630178 139691287286976 submission.py:307] 26500) loss = 2.229, grad_norm = 0.500
I0915 16:41:26.042199 139670969059072 logging_writer.py:48] [27000] global_step=27000, grad_norm=0.5, loss=2.0943
I0915 16:41:26.047396 139691287286976 submission.py:307] 27000) loss = 2.094, grad_norm = 0.500
I0915 16:50:23.463670 139671061378816 logging_writer.py:48] [27500] global_step=27500, grad_norm=0.5, loss=2.36753
I0915 16:50:23.468730 139691287286976 submission.py:307] 27500) loss = 2.368, grad_norm = 0.500
I0915 16:54:40.580807 139670969059072 logging_writer.py:48] [28000] global_step=28000, grad_norm=0.5, loss=2.39649
I0915 16:54:40.584845 139691287286976 submission.py:307] 28000) loss = 2.396, grad_norm = 0.500
I0915 16:57:28.206183 139691287286976 spec.py:333] Evaluating on the training split.
/usr/local/lib/python3.11/multiprocessing/popen_fork.py:66: RuntimeWarning: os.fork() was called. os.fork() is incompatible with multithreaded code, and JAX is multithreaded, so this will likely lead to a deadlock.
  self.pid = os.fork()
I0915 16:58:46.999575 139691287286976 spec.py:346] Evaluating on the validation split.
I0915 16:59:52.820522 139691287286976 spec.py:363] Evaluating on the test split.
I0915 16:59:53.742830 139691287286976 submission_runner.py:516] Time since start: 24931.70s, 	Step: 28226, 	{'train/accuracy': 0.5911328125, 'train/loss': 2.883991394042969, 'validation/accuracy': 0.5363, 'validation/loss': 2.76262, 'validation/num_examples': 50000, 'test/accuracy': 0.5237, 'test/loss': 2.1259302734375, 'test/num_examples': 10000, 'score': 23248.10187292099, 'total_duration': 24931.695034742355, 'accumulated_submission_time': 23248.10187292099, 'accumulated_eval_time': 1617.216381072998, 'accumulated_logging_time': 3.4876534938812256}
I0915 16:59:54.272203 139670994237184 logging_writer.py:48] [28226] accumulated_eval_time=1617.22, accumulated_logging_time=3.48765, accumulated_submission_time=23248.1, global_step=28226, preemption_count=0, score=23248.1, test/accuracy=0.5237, test/loss=2.12593, test/num_examples=10000, total_duration=24931.7, train/accuracy=0.591133, train/loss=2.88399, validation/accuracy=0.5363, validation/loss=2.76262, validation/num_examples=50000
I0915 17:03:41.194243 139671069771520 logging_writer.py:48] [28500] global_step=28500, grad_norm=0.5, loss=3.46755
I0915 17:03:41.198414 139691287286976 submission.py:307] 28500) loss = 3.468, grad_norm = 0.500
I0915 17:10:43.868266 139670994237184 logging_writer.py:48] [29000] global_step=29000, grad_norm=0.5, loss=3.9469
I0915 17:10:43.874256 139691287286976 submission.py:307] 29000) loss = 3.947, grad_norm = 0.500
I0915 17:16:22.639120 139671069771520 logging_writer.py:48] [29500] global_step=29500, grad_norm=0.5, loss=2.25698
I0915 17:16:22.643159 139691287286976 submission.py:307] 29500) loss = 2.257, grad_norm = 0.500
I0915 17:25:12.275688 139670994237184 logging_writer.py:48] [30000] global_step=30000, grad_norm=0.5, loss=3.45464
I0915 17:25:12.280821 139691287286976 submission.py:307] 30000) loss = 3.455, grad_norm = 0.500
I0915 17:29:28.616524 139671069771520 logging_writer.py:48] [30500] global_step=30500, grad_norm=0.499999, loss=4.51562
I0915 17:29:28.627384 139691287286976 submission.py:307] 30500) loss = 4.516, grad_norm = 0.500
I0915 17:36:34.779054 139670994237184 logging_writer.py:48] [31000] global_step=31000, grad_norm=0.5, loss=2.37183
I0915 17:36:34.783256 139691287286976 submission.py:307] 31000) loss = 2.372, grad_norm = 0.500
I0915 17:42:50.803843 139691287286976 spec.py:333] Evaluating on the training split.
/usr/local/lib/python3.11/multiprocessing/popen_fork.py:66: RuntimeWarning: os.fork() was called. os.fork() is incompatible with multithreaded code, and JAX is multithreaded, so this will likely lead to a deadlock.
  self.pid = os.fork()
I0915 17:44:03.441494 139691287286976 spec.py:346] Evaluating on the validation split.
I0915 17:45:09.233392 139691287286976 spec.py:363] Evaluating on the test split.
I0915 17:45:10.144285 139691287286976 submission_runner.py:516] Time since start: 27648.10s, 	Step: 31455, 	{'train/accuracy': 0.663359375, 'train/loss': 2.111064910888672, 'validation/accuracy': 0.5554, 'validation/loss': 2.83841125, 'validation/num_examples': 50000, 'test/accuracy': 0.5334, 'test/loss': 2.0450654296875, 'test/num_examples': 10000, 'score': 25816.279580831528, 'total_duration': 27648.096289157867, 'accumulated_submission_time': 25816.279580831528, 'accumulated_eval_time': 1756.5567178726196, 'accumulated_logging_time': 4.6141135692596436}
I0915 17:45:10.444992 139671086556928 logging_writer.py:48] [31455] accumulated_eval_time=1756.56, accumulated_logging_time=4.61411, accumulated_submission_time=25816.3, global_step=31455, preemption_count=0, score=25816.3, test/accuracy=0.5334, test/loss=2.04507, test/num_examples=10000, total_duration=27648.1, train/accuracy=0.663359, train/loss=2.11106, validation/accuracy=0.5554, validation/loss=2.83841, validation/num_examples=50000
I0915 17:45:22.200914 139670977451776 logging_writer.py:48] [31500] global_step=31500, grad_norm=0.5, loss=4.4791
I0915 17:45:22.210267 139691287286976 submission.py:307] 31500) loss = 4.479, grad_norm = 0.500
I0915 17:53:30.562304 139671086556928 logging_writer.py:48] [32000] global_step=32000, grad_norm=0.5, loss=4.62178
I0915 17:53:30.569060 139691287286976 submission.py:307] 32000) loss = 4.622, grad_norm = 0.500
I0915 18:03:14.439668 139670977451776 logging_writer.py:48] [32500] global_step=32500, grad_norm=0.5, loss=2.12143
I0915 18:03:14.443482 139691287286976 submission.py:307] 32500) loss = 2.121, grad_norm = 0.500
I0915 18:07:58.146758 139671086556928 logging_writer.py:48] [33000] global_step=33000, grad_norm=0.5, loss=4.30037
I0915 18:07:58.161393 139691287286976 submission.py:307] 33000) loss = 4.300, grad_norm = 0.500
I0915 18:16:02.523919 139670977451776 logging_writer.py:48] [33500] global_step=33500, grad_norm=0.5, loss=2.13373
I0915 18:16:02.529477 139691287286976 submission.py:307] 33500) loss = 2.134, grad_norm = 0.500
I0915 18:23:20.921843 139671086556928 logging_writer.py:48] [34000] global_step=34000, grad_norm=0.5, loss=1.793
I0915 18:23:20.926731 139691287286976 submission.py:307] 34000) loss = 1.793, grad_norm = 0.500
I0915 18:28:07.042795 139691287286976 spec.py:333] Evaluating on the training split.
/usr/local/lib/python3.11/multiprocessing/popen_fork.py:66: RuntimeWarning: os.fork() was called. os.fork() is incompatible with multithreaded code, and JAX is multithreaded, so this will likely lead to a deadlock.
  self.pid = os.fork()
I0915 18:29:31.721522 139691287286976 spec.py:346] Evaluating on the validation split.
I0915 18:30:37.823447 139691287286976 spec.py:363] Evaluating on the test split.
I0915 18:30:38.809768 139691287286976 submission_runner.py:516] Time since start: 30376.76s, 	Step: 34457, 	{'train/accuracy': 0.625390625, 'train/loss': 2.8165191650390624, 'validation/accuracy': 0.5694, 'validation/loss': 2.614239375, 'validation/num_examples': 50000, 'test/accuracy': 0.5457, 'test/loss': 2.0043236328125, 'test/num_examples': 10000, 'score': 28384.168689012527, 'total_duration': 30376.761737585068, 'accumulated_submission_time': 28384.168689012527, 'accumulated_eval_time': 1908.323546409607, 'accumulated_logging_time': 4.924053430557251}
I0915 18:30:39.114791 139671061378816 logging_writer.py:48] [34457] accumulated_eval_time=1908.32, accumulated_logging_time=4.92405, accumulated_submission_time=28384.2, global_step=34457, preemption_count=0, score=28384.2, test/accuracy=0.5457, test/loss=2.00432, test/num_examples=10000, total_duration=30376.8, train/accuracy=0.625391, train/loss=2.81652, validation/accuracy=0.5694, validation/loss=2.61424, validation/num_examples=50000
I0915 18:30:50.921443 139670985844480 logging_writer.py:48] [34500] global_step=34500, grad_norm=0.5, loss=2.01293
I0915 18:30:50.924866 139691287286976 submission.py:307] 34500) loss = 2.013, grad_norm = 0.500
I0915 18:39:39.535209 139671061378816 logging_writer.py:48] [35000] global_step=35000, grad_norm=0.5, loss=2.04595
I0915 18:39:39.539450 139691287286976 submission.py:307] 35000) loss = 2.046, grad_norm = 0.500
I0915 18:44:24.029840 139670985844480 logging_writer.py:48] [35500] global_step=35500, grad_norm=0.499999, loss=2.01742
I0915 18:44:24.039645 139691287286976 submission.py:307] 35500) loss = 2.017, grad_norm = 0.500
I0915 18:51:47.008340 139671061378816 logging_writer.py:48] [36000] global_step=36000, grad_norm=0.5, loss=3.21395
I0915 18:51:47.013662 139691287286976 submission.py:307] 36000) loss = 3.214, grad_norm = 0.500
I0915 18:58:30.586603 139670985844480 logging_writer.py:48] [36500] global_step=36500, grad_norm=0.499999, loss=2.3543
I0915 18:58:30.590941 139691287286976 submission.py:307] 36500) loss = 2.354, grad_norm = 0.500
I0915 19:03:46.500214 139671061378816 logging_writer.py:48] [37000] global_step=37000, grad_norm=0.5, loss=2.36029
I0915 19:03:46.512952 139691287286976 submission.py:307] 37000) loss = 2.360, grad_norm = 0.500
I0915 19:12:23.498025 139670985844480 logging_writer.py:48] [37500] global_step=37500, grad_norm=0.5, loss=1.91785
I0915 19:12:23.503496 139691287286976 submission.py:307] 37500) loss = 1.918, grad_norm = 0.500
I0915 19:13:34.903562 139691287286976 spec.py:333] Evaluating on the training split.
/usr/local/lib/python3.11/multiprocessing/popen_fork.py:66: RuntimeWarning: os.fork() was called. os.fork() is incompatible with multithreaded code, and JAX is multithreaded, so this will likely lead to a deadlock.
  self.pid = os.fork()
I0915 19:14:50.731727 139691287286976 spec.py:346] Evaluating on the validation split.
I0915 19:15:56.774115 139691287286976 spec.py:363] Evaluating on the test split.
I0915 19:15:57.763630 139691287286976 submission_runner.py:516] Time since start: 33095.72s, 	Step: 37631, 	{'train/accuracy': 0.65158203125, 'train/loss': 2.6507022094726564, 'validation/accuracy': 0.57466, 'validation/loss': 2.8467275, 'validation/num_examples': 50000, 'test/accuracy': 0.5491, 'test/loss': 1.96443515625, 'test/num_examples': 10000, 'score': 30951.68151497841, 'total_duration': 33095.715420007706, 'accumulated_submission_time': 30951.68151497841, 'accumulated_eval_time': 2051.183312892914, 'accumulated_logging_time': 5.2484130859375}
I0915 19:15:58.120376 139671094949632 logging_writer.py:48] [37631] accumulated_eval_time=2051.18, accumulated_logging_time=5.24841, accumulated_submission_time=30951.7, global_step=37631, preemption_count=0, score=30951.7, test/accuracy=0.5491, test/loss=1.96444, test/num_examples=10000, total_duration=33095.7, train/accuracy=0.651582, train/loss=2.6507, validation/accuracy=0.57466, validation/loss=2.84673, validation/num_examples=50000
I0915 19:20:53.476018 139670943880960 logging_writer.py:48] [38000] global_step=38000, grad_norm=0.5, loss=1.81286
I0915 19:20:53.481690 139691287286976 submission.py:307] 38000) loss = 1.813, grad_norm = 0.500
I0915 19:29:26.034503 139671094949632 logging_writer.py:48] [38500] global_step=38500, grad_norm=0.5, loss=1.87005
I0915 19:29:26.038473 139691287286976 submission.py:307] 38500) loss = 1.870, grad_norm = 0.500
I0915 19:36:17.148438 139670943880960 logging_writer.py:48] [39000] global_step=39000, grad_norm=0.5, loss=1.82001
I0915 19:36:17.160721 139691287286976 submission.py:307] 39000) loss = 1.820, grad_norm = 0.500
I0915 19:41:31.909519 139671094949632 logging_writer.py:48] [39500] global_step=39500, grad_norm=0.5, loss=1.96536
I0915 19:41:31.913450 139691287286976 submission.py:307] 39500) loss = 1.965, grad_norm = 0.500
I0915 19:50:51.049668 139670943880960 logging_writer.py:48] [40000] global_step=40000, grad_norm=0.5, loss=3.18047
I0915 19:50:51.057209 139691287286976 submission.py:307] 40000) loss = 3.180, grad_norm = 0.500
I0915 19:55:22.960525 139671094949632 logging_writer.py:48] [40500] global_step=40500, grad_norm=0.5, loss=4.40528
I0915 19:55:22.964886 139691287286976 submission.py:307] 40500) loss = 4.405, grad_norm = 0.500
I0915 19:58:58.874383 139691287286976 spec.py:333] Evaluating on the training split.
/usr/local/lib/python3.11/multiprocessing/popen_fork.py:66: RuntimeWarning: os.fork() was called. os.fork() is incompatible with multithreaded code, and JAX is multithreaded, so this will likely lead to a deadlock.
  self.pid = os.fork()
I0915 20:00:20.242134 139691287286976 spec.py:346] Evaluating on the validation split.
I0915 20:01:26.068674 139691287286976 spec.py:363] Evaluating on the test split.
I0915 20:01:26.993849 139691287286976 submission_runner.py:516] Time since start: 35824.95s, 	Step: 40793, 	{'train/accuracy': 0.66376953125, 'train/loss': 2.469996032714844, 'validation/accuracy': 0.56806, 'validation/loss': 2.9299578125, 'validation/num_examples': 50000, 'test/accuracy': 0.5644, 'test/loss': 1.912332421875, 'test/num_examples': 10000, 'score': 33523.692170619965, 'total_duration': 35824.94554591179, 'accumulated_submission_time': 33523.692170619965, 'accumulated_eval_time': 2199.3028275966644, 'accumulated_logging_time': 5.618121862411499}
I0915 20:01:27.306797 139670960666368 logging_writer.py:48] [40793] accumulated_eval_time=2199.3, accumulated_logging_time=5.61812, accumulated_submission_time=33523.7, global_step=40793, preemption_count=0, score=33523.7, test/accuracy=0.5644, test/loss=1.91233, test/num_examples=10000, total_duration=35824.9, train/accuracy=0.66377, train/loss=2.47, validation/accuracy=0.56806, validation/loss=2.92996, validation/num_examples=50000
I0915 20:04:08.394834 139671002629888 logging_writer.py:48] [41000] global_step=41000, grad_norm=0.5, loss=1.93251
I0915 20:04:08.400298 139691287286976 submission.py:307] 41000) loss = 1.933, grad_norm = 0.500
I0915 20:11:16.130718 139670960666368 logging_writer.py:48] [41500] global_step=41500, grad_norm=0.5, loss=3.18761
I0915 20:11:16.135981 139691287286976 submission.py:307] 41500) loss = 3.188, grad_norm = 0.500
I0915 20:16:54.021459 139671002629888 logging_writer.py:48] [42000] global_step=42000, grad_norm=0.5, loss=3.6043
I0915 20:16:54.026351 139691287286976 submission.py:307] 42000) loss = 3.604, grad_norm = 0.500
I0915 20:25:40.529762 139670960666368 logging_writer.py:48] [42500] global_step=42500, grad_norm=0.5, loss=1.71735
I0915 20:25:40.538944 139691287286976 submission.py:307] 42500) loss = 1.717, grad_norm = 0.500
I0915 20:30:08.677961 139671002629888 logging_writer.py:48] [43000] global_step=43000, grad_norm=0.5, loss=1.85781
I0915 20:30:08.698942 139691287286976 submission.py:307] 43000) loss = 1.858, grad_norm = 0.500
I0915 20:37:15.762866 139670960666368 logging_writer.py:48] [43500] global_step=43500, grad_norm=0.499999, loss=3.047
I0915 20:37:15.766803 139691287286976 submission.py:307] 43500) loss = 3.047, grad_norm = 0.500
I0915 20:43:52.677520 139671002629888 logging_writer.py:48] [44000] global_step=44000, grad_norm=0.5, loss=1.88634
I0915 20:43:52.692064 139691287286976 submission.py:307] 44000) loss = 1.886, grad_norm = 0.500
I0915 20:44:22.752334 139691287286976 spec.py:333] Evaluating on the training split.
/usr/local/lib/python3.11/multiprocessing/popen_fork.py:66: RuntimeWarning: os.fork() was called. os.fork() is incompatible with multithreaded code, and JAX is multithreaded, so this will likely lead to a deadlock.
  self.pid = os.fork()
I0915 20:45:35.690452 139691287286976 spec.py:346] Evaluating on the validation split.
I0915 20:46:41.784549 139691287286976 spec.py:363] Evaluating on the test split.
I0915 20:46:42.836011 139691287286976 submission_runner.py:516] Time since start: 38540.79s, 	Step: 44048, 	{'train/accuracy': 0.66783203125, 'train/loss': 2.4458709716796876, 'validation/accuracy': 0.5822, 'validation/loss': 2.6944565625, 'validation/num_examples': 50000, 'test/accuracy': 0.5681, 'test/loss': 1.8966951171875, 'test/num_examples': 10000, 'score': 36090.768891096115, 'total_duration': 38540.7880191803, 'accumulated_submission_time': 36090.768891096115, 'accumulated_eval_time': 2339.386500597, 'accumulated_logging_time': 5.942543029785156}
I0915 20:46:43.178719 139670985844480 logging_writer.py:48] [44048] accumulated_eval_time=2339.39, accumulated_logging_time=5.94254, accumulated_submission_time=36090.8, global_step=44048, preemption_count=0, score=36090.8, test/accuracy=0.5681, test/loss=1.8967, test/num_examples=10000, total_duration=38540.8, train/accuracy=0.667832, train/loss=2.44587, validation/accuracy=0.5822, validation/loss=2.69446, validation/num_examples=50000
I0915 20:53:18.662451 139670960666368 logging_writer.py:48] [44500] global_step=44500, grad_norm=0.5, loss=1.78253
I0915 20:53:18.666177 139691287286976 submission.py:307] 44500) loss = 1.783, grad_norm = 0.500
I0915 21:02:41.150004 139670985844480 logging_writer.py:48] [45000] global_step=45000, grad_norm=0.5, loss=1.73024
I0915 21:02:41.154010 139691287286976 submission.py:307] 45000) loss = 1.730, grad_norm = 0.500
I0915 21:07:15.237610 139670960666368 logging_writer.py:48] [45500] global_step=45500, grad_norm=0.5, loss=1.82686
I0915 21:07:15.241750 139691287286976 submission.py:307] 45500) loss = 1.827, grad_norm = 0.500
I0915 21:14:41.677797 139670985844480 logging_writer.py:48] [46000] global_step=46000, grad_norm=0.5, loss=1.74022
I0915 21:14:41.683088 139691287286976 submission.py:307] 46000) loss = 1.740, grad_norm = 0.500
I0915 21:21:25.894186 139670960666368 logging_writer.py:48] [46500] global_step=46500, grad_norm=0.5, loss=1.86033
I0915 21:21:25.898704 139691287286976 submission.py:307] 46500) loss = 1.860, grad_norm = 0.500
I0915 21:26:39.093281 139670985844480 logging_writer.py:48] [47000] global_step=47000, grad_norm=0.5, loss=2.00655
I0915 21:26:39.097467 139691287286976 submission.py:307] 47000) loss = 2.007, grad_norm = 0.500
I0915 21:29:42.693772 139691287286976 spec.py:333] Evaluating on the training split.
/usr/local/lib/python3.11/multiprocessing/popen_fork.py:66: RuntimeWarning: os.fork() was called. os.fork() is incompatible with multithreaded code, and JAX is multithreaded, so this will likely lead to a deadlock.
  self.pid = os.fork()
I0915 21:31:06.328704 139691287286976 spec.py:346] Evaluating on the validation split.
I0915 21:32:12.656740 139691287286976 spec.py:363] Evaluating on the test split.
I0915 21:32:13.658696 139691287286976 submission_runner.py:516] Time since start: 41271.61s, 	Step: 47187, 	{'train/accuracy': 0.61841796875, 'train/loss': 3.3203265380859377, 'validation/accuracy': 0.58706, 'validation/loss': 2.7905684375, 'validation/num_examples': 50000, 'test/accuracy': 0.5785, 'test/loss': 1.8651451171875, 'test/num_examples': 10000, 'score': 38661.46665644646, 'total_duration': 41271.61074280739, 'accumulated_submission_time': 38661.46665644646, 'accumulated_eval_time': 2490.3515722751617, 'accumulated_logging_time': 6.298062562942505}
I0915 21:32:14.026180 139670952273664 logging_writer.py:48] [47187] accumulated_eval_time=2490.35, accumulated_logging_time=6.29806, accumulated_submission_time=38661.5, global_step=47187, preemption_count=0, score=38661.5, test/accuracy=0.5785, test/loss=1.86515, test/num_examples=10000, total_duration=41271.6, train/accuracy=0.618418, train/loss=3.32033, validation/accuracy=0.58706, validation/loss=2.79057, validation/num_examples=50000
I0915 21:37:01.565543 139671078164224 logging_writer.py:48] [47500] global_step=47500, grad_norm=0.5, loss=3.18195
I0915 21:37:01.571071 139691287286976 submission.py:307] 47500) loss = 3.182, grad_norm = 0.500
I0915 21:42:13.095861 139670952273664 logging_writer.py:48] [48000] global_step=48000, grad_norm=0.499999, loss=2.26477
I0915 21:42:13.101833 139691287286976 submission.py:307] 48000) loss = 2.265, grad_norm = 0.500
I0915 21:49:33.094033 139671078164224 logging_writer.py:48] [48500] global_step=48500, grad_norm=0.5, loss=1.69721
I0915 21:49:33.099227 139691287286976 submission.py:307] 48500) loss = 1.697, grad_norm = 0.500
I0915 21:56:11.049960 139670952273664 logging_writer.py:48] [49000] global_step=49000, grad_norm=0.5, loss=1.61269
I0915 21:56:11.054445 139691287286976 submission.py:307] 49000) loss = 1.613, grad_norm = 0.500
I0915 22:01:32.092499 139671078164224 logging_writer.py:48] [49500] global_step=49500, grad_norm=0.5, loss=3.77043
I0915 22:01:32.097264 139691287286976 submission.py:307] 49500) loss = 3.770, grad_norm = 0.500
I0915 22:10:22.009984 139670952273664 logging_writer.py:48] [50000] global_step=50000, grad_norm=0.5, loss=1.57802
I0915 22:10:22.015367 139691287286976 submission.py:307] 50000) loss = 1.578, grad_norm = 0.500
I0915 22:14:47.462286 139671078164224 logging_writer.py:48] [50500] global_step=50500, grad_norm=0.5, loss=1.67948
I0915 22:14:47.485968 139691287286976 submission.py:307] 50500) loss = 1.679, grad_norm = 0.500
I0915 22:15:09.425100 139691287286976 spec.py:333] Evaluating on the training split.
/usr/local/lib/python3.11/multiprocessing/popen_fork.py:66: RuntimeWarning: os.fork() was called. os.fork() is incompatible with multithreaded code, and JAX is multithreaded, so this will likely lead to a deadlock.
  self.pid = os.fork()
I0915 22:16:33.279108 139691287286976 spec.py:346] Evaluating on the validation split.
I0915 22:17:39.094654 139691287286976 spec.py:363] Evaluating on the test split.
I0915 22:17:40.007873 139691287286976 submission_runner.py:516] Time since start: 43997.96s, 	Step: 50538, 	{'train/accuracy': 0.663828125, 'train/loss': 2.6336328125, 'validation/accuracy': 0.59092, 'validation/loss': 2.7246275, 'validation/num_examples': 50000, 'test/accuracy': 0.5798, 'test/loss': 1.82652265625, 'test/num_examples': 10000, 'score': 41228.18127465248, 'total_duration': 43997.95974302292, 'accumulated_submission_time': 41228.18127465248, 'accumulated_eval_time': 2640.9342324733734, 'accumulated_logging_time': 6.681631803512573}
I0915 22:17:40.321328 139671086556928 logging_writer.py:48] [50538] accumulated_eval_time=2640.93, accumulated_logging_time=6.68163, accumulated_submission_time=41228.2, global_step=50538, preemption_count=0, score=41228.2, test/accuracy=0.5798, test/loss=1.82652, test/num_examples=10000, total_duration=43998, train/accuracy=0.663828, train/loss=2.63363, validation/accuracy=0.59092, validation/loss=2.72463, validation/num_examples=50000
I0915 22:24:44.515707 139670994237184 logging_writer.py:48] [51000] global_step=51000, grad_norm=0.5, loss=1.64569
I0915 22:24:44.519507 139691287286976 submission.py:307] 51000) loss = 1.646, grad_norm = 0.500
I0915 22:31:44.527633 139671086556928 logging_writer.py:48] [51500] global_step=51500, grad_norm=0.5, loss=1.65082
I0915 22:31:44.539964 139691287286976 submission.py:307] 51500) loss = 1.651, grad_norm = 0.500
I0915 22:37:06.713808 139670994237184 logging_writer.py:48] [52000] global_step=52000, grad_norm=0.5, loss=1.75336
I0915 22:37:06.719812 139691287286976 submission.py:307] 52000) loss = 1.753, grad_norm = 0.500
I0915 22:46:06.294197 139671086556928 logging_writer.py:48] [52500] global_step=52500, grad_norm=0.5, loss=1.67138
I0915 22:46:06.299576 139691287286976 submission.py:307] 52500) loss = 1.671, grad_norm = 0.500
I0915 22:50:30.525540 139670994237184 logging_writer.py:48] [53000] global_step=53000, grad_norm=0.5, loss=4.212
I0915 22:50:30.529886 139691287286976 submission.py:307] 53000) loss = 4.212, grad_norm = 0.500
I0915 22:57:22.157259 139671086556928 logging_writer.py:48] [53500] global_step=53500, grad_norm=0.5, loss=3.20865
I0915 22:57:22.162340 139691287286976 submission.py:307] 53500) loss = 3.209, grad_norm = 0.500
I0915 23:00:39.409354 139691287286976 spec.py:333] Evaluating on the training split.
/usr/local/lib/python3.11/multiprocessing/popen_fork.py:66: RuntimeWarning: os.fork() was called. os.fork() is incompatible with multithreaded code, and JAX is multithreaded, so this will likely lead to a deadlock.
  self.pid = os.fork()
I0915 23:02:10.600182 139691287286976 spec.py:346] Evaluating on the validation split.
I0915 23:03:16.126122 139691287286976 spec.py:363] Evaluating on the test split.
I0915 23:03:17.063795 139691287286976 submission_runner.py:516] Time since start: 46735.02s, 	Step: 53663, 	{'train/accuracy': 0.66783203125, 'train/loss': 2.7169110107421877, 'validation/accuracy': 0.6055, 'validation/loss': 2.58237921875, 'validation/num_examples': 50000, 'test/accuracy': 0.587, 'test/loss': 1.7989046875, 'test/num_examples': 10000, 'score': 43798.88992142677, 'total_duration': 46735.015983104706, 'accumulated_submission_time': 43798.88992142677, 'accumulated_eval_time': 2798.588620901108, 'accumulated_logging_time': 7.0068535804748535}
I0915 23:03:17.346871 139671044593408 logging_writer.py:48] [53663] accumulated_eval_time=2798.59, accumulated_logging_time=7.00685, accumulated_submission_time=43798.9, global_step=53663, preemption_count=0, score=43798.9, test/accuracy=0.587, test/loss=1.7989, test/num_examples=10000, total_duration=46735, train/accuracy=0.667832, train/loss=2.71691, validation/accuracy=0.6055, validation/loss=2.58238, validation/num_examples=50000
I0915 23:07:09.211760 139670952273664 logging_writer.py:48] [54000] global_step=54000, grad_norm=0.5, loss=2.46787
I0915 23:07:09.215642 139691287286976 submission.py:307] 54000) loss = 2.468, grad_norm = 0.500
I0915 23:13:43.308104 139671044593408 logging_writer.py:48] [54500] global_step=54500, grad_norm=0.5, loss=2.04261
I0915 23:13:43.311988 139691287286976 submission.py:307] 54500) loss = 2.043, grad_norm = 0.500
I0915 23:22:39.030120 139670952273664 logging_writer.py:48] [55000] global_step=55000, grad_norm=0.5, loss=2.78407
I0915 23:22:39.034134 139691287286976 submission.py:307] 55000) loss = 2.784, grad_norm = 0.500
I0915 23:26:54.818115 139671044593408 logging_writer.py:48] [55500] global_step=55500, grad_norm=0.5, loss=3.38585
I0915 23:26:54.822332 139691287286976 submission.py:307] 55500) loss = 3.386, grad_norm = 0.500
I0915 23:34:21.267112 139670952273664 logging_writer.py:48] [56000] global_step=56000, grad_norm=0.5, loss=1.7718
I0915 23:34:21.271124 139691287286976 submission.py:307] 56000) loss = 1.772, grad_norm = 0.500
I0915 23:41:23.243322 139671044593408 logging_writer.py:48] [56500] global_step=56500, grad_norm=0.5, loss=2.80602
I0915 23:41:23.248726 139691287286976 submission.py:307] 56500) loss = 2.806, grad_norm = 0.500
I0915 23:46:20.035340 139691287286976 spec.py:333] Evaluating on the training split.
/usr/local/lib/python3.11/multiprocessing/popen_fork.py:66: RuntimeWarning: os.fork() was called. os.fork() is incompatible with multithreaded code, and JAX is multithreaded, so this will likely lead to a deadlock.
  self.pid = os.fork()
I0915 23:47:41.060981 139691287286976 spec.py:346] Evaluating on the validation split.
I0915 23:48:47.464679 139691287286976 spec.py:363] Evaluating on the test split.
I0915 23:48:48.500677 139691287286976 submission_runner.py:516] Time since start: 49466.45s, 	Step: 56977, 	{'train/accuracy': 0.67353515625, 'train/loss': 2.700517578125, 'validation/accuracy': 0.6015, 'validation/loss': 2.7015803125, 'validation/num_examples': 50000, 'test/accuracy': 0.596, 'test/loss': 1.776692578125, 'test/num_examples': 10000, 'score': 46373.18920493126, 'total_duration': 49466.45277762413, 'accumulated_submission_time': 46373.18920493126, 'accumulated_eval_time': 2947.053974866867, 'accumulated_logging_time': 7.3032426834106445}
I0915 23:48:48.853379 139671061378816 logging_writer.py:48] [56977] accumulated_eval_time=2947.05, accumulated_logging_time=7.30324, accumulated_submission_time=46373.2, global_step=56977, preemption_count=0, score=46373.2, test/accuracy=0.596, test/loss=1.77669, test/num_examples=10000, total_duration=49466.5, train/accuracy=0.673535, train/loss=2.70052, validation/accuracy=0.6015, validation/loss=2.70158, validation/num_examples=50000
I0915 23:48:55.903020 139670943880960 logging_writer.py:48] [57000] global_step=57000, grad_norm=0.5, loss=1.64529
I0915 23:48:55.908882 139691287286976 submission.py:307] 57000) loss = 1.645, grad_norm = 0.500
I0915 23:57:21.624549 139671061378816 logging_writer.py:48] [57500] global_step=57500, grad_norm=0.5, loss=3.18012
I0915 23:57:21.628527 139691287286976 submission.py:307] 57500) loss = 3.180, grad_norm = 0.500
I0916 00:02:18.436025 139670943880960 logging_writer.py:48] [58000] global_step=58000, grad_norm=0.5, loss=3.95889
I0916 00:02:18.443732 139691287286976 submission.py:307] 58000) loss = 3.959, grad_norm = 0.500
I0916 00:09:42.381192 139671061378816 logging_writer.py:48] [58500] global_step=58500, grad_norm=0.5, loss=2.36117
I0916 00:09:42.385360 139691287286976 submission.py:307] 58500) loss = 2.361, grad_norm = 0.500
I0916 00:16:34.047819 139670943880960 logging_writer.py:48] [59000] global_step=59000, grad_norm=0.5, loss=1.73557
I0916 00:16:34.069907 139691287286976 submission.py:307] 59000) loss = 1.736, grad_norm = 0.500
I0916 00:21:54.446543 139671061378816 logging_writer.py:48] [59500] global_step=59500, grad_norm=0.5, loss=2.98648
I0916 00:21:54.454769 139691287286976 submission.py:307] 59500) loss = 2.986, grad_norm = 0.500
I0916 00:30:30.577564 139670943880960 logging_writer.py:48] [60000] global_step=60000, grad_norm=0.5, loss=3.90712
I0916 00:30:30.582915 139691287286976 submission.py:307] 60000) loss = 3.907, grad_norm = 0.500
I0916 00:31:47.165896 139691287286976 spec.py:333] Evaluating on the training split.
/usr/local/lib/python3.11/multiprocessing/popen_fork.py:66: RuntimeWarning: os.fork() was called. os.fork() is incompatible with multithreaded code, and JAX is multithreaded, so this will likely lead to a deadlock.
  self.pid = os.fork()
I0916 00:32:58.257508 139691287286976 spec.py:346] Evaluating on the validation split.
I0916 00:34:04.570890 139691287286976 spec.py:363] Evaluating on the test split.
I0916 00:34:05.505600 139691287286976 submission_runner.py:516] Time since start: 52183.46s, 	Step: 60128, 	{'train/accuracy': 0.71884765625, 'train/loss': 2.027147674560547, 'validation/accuracy': 0.6182, 'validation/loss': 2.40730015625, 'validation/num_examples': 50000, 'test/accuracy': 0.5981, 'test/loss': 1.76907109375, 'test/num_examples': 10000, 'score': 48942.8839867115, 'total_duration': 52183.45779824257, 'accumulated_submission_time': 48942.8839867115, 'accumulated_eval_time': 3085.3943016529083, 'accumulated_logging_time': 7.672607660293579}
I0916 00:34:05.829197 139671052986112 logging_writer.py:48] [60128] accumulated_eval_time=3085.39, accumulated_logging_time=7.67261, accumulated_submission_time=48942.9, global_step=60128, preemption_count=0, score=48942.9, test/accuracy=0.5981, test/loss=1.76907, test/num_examples=10000, total_duration=52183.5, train/accuracy=0.718848, train/loss=2.02715, validation/accuracy=0.6182, validation/loss=2.4073, validation/num_examples=50000
I0916 00:38:57.006893 139670969059072 logging_writer.py:48] [60500] global_step=60500, grad_norm=0.5, loss=1.72743
I0916 00:38:57.012873 139691287286976 submission.py:307] 60500) loss = 1.727, grad_norm = 0.500
I0916 00:47:23.034822 139671052986112 logging_writer.py:48] [61000] global_step=61000, grad_norm=0.5, loss=1.82134
I0916 00:47:23.040795 139691287286976 submission.py:307] 61000) loss = 1.821, grad_norm = 0.500
I0916 00:54:30.443982 139670969059072 logging_writer.py:48] [61500] global_step=61500, grad_norm=0.5, loss=3.18039
I0916 00:54:30.478710 139691287286976 submission.py:307] 61500) loss = 3.180, grad_norm = 0.500
I0916 00:59:35.927430 139671052986112 logging_writer.py:48] [62000] global_step=62000, grad_norm=0.5, loss=1.56838
I0916 00:59:35.932600 139691287286976 submission.py:307] 62000) loss = 1.568, grad_norm = 0.500
I0916 01:08:48.202996 139670969059072 logging_writer.py:48] [62500] global_step=62500, grad_norm=0.5, loss=1.99063
I0916 01:08:48.207281 139691287286976 submission.py:307] 62500) loss = 1.991, grad_norm = 0.500
I0916 01:13:23.743624 139671052986112 logging_writer.py:48] [63000] global_step=63000, grad_norm=0.5, loss=1.37847
I0916 01:13:23.749104 139691287286976 submission.py:307] 63000) loss = 1.378, grad_norm = 0.500
I0916 01:17:01.514787 139691287286976 spec.py:333] Evaluating on the training split.
/usr/local/lib/python3.11/multiprocessing/popen_fork.py:66: RuntimeWarning: os.fork() was called. os.fork() is incompatible with multithreaded code, and JAX is multithreaded, so this will likely lead to a deadlock.
  self.pid = os.fork()
I0916 01:18:26.006687 139691287286976 spec.py:346] Evaluating on the validation split.
I0916 01:19:31.666695 139691287286976 spec.py:363] Evaluating on the test split.
I0916 01:19:32.598239 139691287286976 submission_runner.py:516] Time since start: 54910.55s, 	Step: 63303, 	{'train/accuracy': 0.68916015625, 'train/loss': 2.5399473571777342, 'validation/accuracy': 0.6227, 'validation/loss': 2.3859615625, 'validation/num_examples': 50000, 'test/accuracy': 0.6045, 'test/loss': 1.758034765625, 'test/num_examples': 10000, 'score': 51509.77036523819, 'total_duration': 54910.55043578148, 'accumulated_submission_time': 51509.77036523819, 'accumulated_eval_time': 3236.4778270721436, 'accumulated_logging_time': 8.006976842880249}
I0916 01:19:32.871548 139671044593408 logging_writer.py:48] [63303] accumulated_eval_time=3236.48, accumulated_logging_time=8.00698, accumulated_submission_time=51509.8, global_step=63303, preemption_count=0, score=51509.8, test/accuracy=0.6045, test/loss=1.75803, test/num_examples=10000, total_duration=54910.6, train/accuracy=0.68916, train/loss=2.53995, validation/accuracy=0.6227, validation/loss=2.38596, validation/num_examples=50000
I0916 01:21:54.578018 139671002629888 logging_writer.py:48] [63500] global_step=63500, grad_norm=0.5, loss=1.37863
I0916 01:21:54.582883 139691287286976 submission.py:307] 63500) loss = 1.379, grad_norm = 0.500
I0916 01:29:20.783231 139671044593408 logging_writer.py:48] [64000] global_step=64000, grad_norm=0.5, loss=1.41371
I0916 01:29:20.788050 139691287286976 submission.py:307] 64000) loss = 1.414, grad_norm = 0.500
I0916 01:34:51.600718 139671002629888 logging_writer.py:48] [64500] global_step=64500, grad_norm=0.5, loss=1.64764
I0916 01:34:51.605489 139691287286976 submission.py:307] 64500) loss = 1.648, grad_norm = 0.500
I0916 01:43:37.531061 139671044593408 logging_writer.py:48] [65000] global_step=65000, grad_norm=0.5, loss=1.97741
I0916 01:43:37.535070 139691287286976 submission.py:307] 65000) loss = 1.977, grad_norm = 0.500
I0916 01:48:14.114971 139671002629888 logging_writer.py:48] [65500] global_step=65500, grad_norm=0.5, loss=2.51921
I0916 01:48:14.119185 139691287286976 submission.py:307] 65500) loss = 2.519, grad_norm = 0.500
I0916 01:55:21.110334 139671044593408 logging_writer.py:48] [66000] global_step=66000, grad_norm=0.5, loss=3.12234
I0916 01:55:21.114246 139691287286976 submission.py:307] 66000) loss = 3.122, grad_norm = 0.500
I0916 02:02:05.339301 139671002629888 logging_writer.py:48] [66500] global_step=66500, grad_norm=0.5, loss=1.47966
I0916 02:02:05.367897 139691287286976 submission.py:307] 66500) loss = 1.480, grad_norm = 0.500
I0916 02:02:32.921473 139691287286976 spec.py:333] Evaluating on the training split.
/usr/local/lib/python3.11/multiprocessing/popen_fork.py:66: RuntimeWarning: os.fork() was called. os.fork() is incompatible with multithreaded code, and JAX is multithreaded, so this will likely lead to a deadlock.
  self.pid = os.fork()
I0916 02:03:47.640341 139691287286976 spec.py:346] Evaluating on the validation split.
I0916 02:04:53.466132 139691287286976 spec.py:363] Evaluating on the test split.
I0916 02:04:54.370254 139691287286976 submission_runner.py:516] Time since start: 57632.32s, 	Step: 66544, 	{'train/accuracy': 0.67556640625, 'train/loss': 2.814586181640625, 'validation/accuracy': 0.61188, 'validation/loss': 2.5821090625, 'validation/num_examples': 50000, 'test/accuracy': 0.6037, 'test/loss': 1.736313671875, 'test/num_examples': 10000, 'score': 54081.4677426815, 'total_duration': 57632.322525024414, 'accumulated_submission_time': 54081.4677426815, 'accumulated_eval_time': 3377.9268865585327, 'accumulated_logging_time': 8.292526960372925}
I0916 02:04:54.665446 139671078164224 logging_writer.py:48] [66544] accumulated_eval_time=3377.93, accumulated_logging_time=8.29253, accumulated_submission_time=54081.5, global_step=66544, preemption_count=0, score=54081.5, test/accuracy=0.6037, test/loss=1.73631, test/num_examples=10000, total_duration=57632.3, train/accuracy=0.675566, train/loss=2.81459, validation/accuracy=0.61188, validation/loss=2.58211, validation/num_examples=50000
I0916 02:11:34.663202 139671011022592 logging_writer.py:48] [67000] global_step=67000, grad_norm=0.5, loss=2.23558
I0916 02:11:34.668164 139691287286976 submission.py:307] 67000) loss = 2.236, grad_norm = 0.500
I0916 02:20:58.546733 139671078164224 logging_writer.py:48] [67500] global_step=67500, grad_norm=0.5, loss=2.69299
I0916 02:20:58.552020 139691287286976 submission.py:307] 67500) loss = 2.693, grad_norm = 0.500
I0916 02:25:39.327621 139671011022592 logging_writer.py:48] [68000] global_step=68000, grad_norm=0.499999, loss=2.72269
I0916 02:25:39.331887 139691287286976 submission.py:307] 68000) loss = 2.723, grad_norm = 0.500
I0916 02:32:53.753441 139671078164224 logging_writer.py:48] [68500] global_step=68500, grad_norm=0.5, loss=4.02516
I0916 02:32:53.758663 139691287286976 submission.py:307] 68500) loss = 4.025, grad_norm = 0.500
I0916 02:40:04.778357 139671011022592 logging_writer.py:48] [69000] global_step=69000, grad_norm=0.5, loss=1.51283
I0916 02:40:04.785193 139691287286976 submission.py:307] 69000) loss = 1.513, grad_norm = 0.500
I0916 02:45:12.824245 139671078164224 logging_writer.py:48] [69500] global_step=69500, grad_norm=0.5, loss=1.53944
I0916 02:45:12.829726 139691287286976 submission.py:307] 69500) loss = 1.539, grad_norm = 0.500
I0916 02:47:51.016111 139691287286976 spec.py:333] Evaluating on the training split.
/usr/local/lib/python3.11/multiprocessing/popen_fork.py:66: RuntimeWarning: os.fork() was called. os.fork() is incompatible with multithreaded code, and JAX is multithreaded, so this will likely lead to a deadlock.
  self.pid = os.fork()
I0916 02:49:14.642708 139691287286976 spec.py:346] Evaluating on the validation split.
I0916 02:50:20.315815 139691287286976 spec.py:363] Evaluating on the test split.
I0916 02:50:21.226956 139691287286976 submission_runner.py:516] Time since start: 60359.18s, 	Step: 69665, 	{'train/accuracy': 0.69140625, 'train/loss': 2.551528015136719, 'validation/accuracy': 0.61948, 'validation/loss': 2.4735353125, 'validation/num_examples': 50000, 'test/accuracy': 0.6067, 'test/loss': 1.7296421875, 'test/num_examples': 10000, 'score': 56649.6544585228, 'total_duration': 60359.17927026749, 'accumulated_submission_time': 56649.6544585228, 'accumulated_eval_time': 3528.137953519821, 'accumulated_logging_time': 8.600436449050903}
I0916 02:50:21.575015 139670952273664 logging_writer.py:48] [69665] accumulated_eval_time=3528.14, accumulated_logging_time=8.60044, accumulated_submission_time=56649.7, global_step=69665, preemption_count=0, score=56649.7, test/accuracy=0.6067, test/loss=1.72964, test/num_examples=10000, total_duration=60359.2, train/accuracy=0.691406, train/loss=2.55153, validation/accuracy=0.61948, validation/loss=2.47354, validation/num_examples=50000
I0916 02:55:33.526181 139671002629888 logging_writer.py:48] [70000] global_step=70000, grad_norm=0.5, loss=1.55032
I0916 02:55:33.531047 139691287286976 submission.py:307] 70000) loss = 1.550, grad_norm = 0.500
I0916 03:00:46.272233 139670952273664 logging_writer.py:48] [70500] global_step=70500, grad_norm=0.5, loss=1.41922
I0916 03:00:46.276774 139691287286976 submission.py:307] 70500) loss = 1.419, grad_norm = 0.500
I0916 03:07:56.711551 139671002629888 logging_writer.py:48] [71000] global_step=71000, grad_norm=0.5, loss=2.04243
I0916 03:07:56.715417 139691287286976 submission.py:307] 71000) loss = 2.042, grad_norm = 0.500
I0916 03:14:43.051029 139670952273664 logging_writer.py:48] [71500] global_step=71500, grad_norm=0.5, loss=1.71343
I0916 03:14:43.057321 139691287286976 submission.py:307] 71500) loss = 1.713, grad_norm = 0.500
I0916 03:19:51.358991 139671002629888 logging_writer.py:48] [72000] global_step=72000, grad_norm=0.5, loss=3.0458
I0916 03:19:51.363076 139691287286976 submission.py:307] 72000) loss = 3.046, grad_norm = 0.500
I0916 03:28:33.786206 139670952273664 logging_writer.py:48] [72500] global_step=72500, grad_norm=0.5, loss=1.38827
I0916 03:28:33.791640 139691287286976 submission.py:307] 72500) loss = 1.388, grad_norm = 0.500
I0916 03:32:59.483704 139671002629888 logging_writer.py:48] [73000] global_step=73000, grad_norm=0.5, loss=2.00527
I0916 03:32:59.503382 139691287286976 submission.py:307] 73000) loss = 2.005, grad_norm = 0.500
I0916 03:33:18.402332 139691287286976 spec.py:333] Evaluating on the training split.
/usr/local/lib/python3.11/multiprocessing/popen_fork.py:66: RuntimeWarning: os.fork() was called. os.fork() is incompatible with multithreaded code, and JAX is multithreaded, so this will likely lead to a deadlock.
  self.pid = os.fork()
I0916 03:34:35.337360 139691287286976 spec.py:346] Evaluating on the validation split.
I0916 03:35:41.145884 139691287286976 spec.py:363] Evaluating on the test split.
I0916 03:35:42.064301 139691287286976 submission_runner.py:516] Time since start: 63080.02s, 	Step: 73022, 	{'train/accuracy': 0.713828125, 'train/loss': 2.382465362548828, 'validation/accuracy': 0.6335, 'validation/loss': 2.30428890625, 'validation/num_examples': 50000, 'test/accuracy': 0.6071, 'test/loss': 1.7324955078125, 'test/num_examples': 10000, 'score': 59218.12683725357, 'total_duration': 63080.01647400856, 'accumulated_submission_time': 59218.12683725357, 'accumulated_eval_time': 3671.8004858493805, 'accumulated_logging_time': 8.961181879043579}
I0916 03:35:42.361592 139671052986112 logging_writer.py:48] [73022] accumulated_eval_time=3671.8, accumulated_logging_time=8.96118, accumulated_submission_time=59218.1, global_step=73022, preemption_count=0, score=59218.1, test/accuracy=0.6071, test/loss=1.7325, test/num_examples=10000, total_duration=63080, train/accuracy=0.713828, train/loss=2.38247, validation/accuracy=0.6335, validation/loss=2.30429, validation/num_examples=50000
I0916 03:42:50.521540 139670943880960 logging_writer.py:48] [73500] global_step=73500, grad_norm=0.5, loss=1.39458
I0916 03:42:50.527079 139691287286976 submission.py:307] 73500) loss = 1.395, grad_norm = 0.500
I0916 03:50:13.345144 139671052986112 logging_writer.py:48] [74000] global_step=74000, grad_norm=0.5, loss=1.32348
I0916 03:50:13.353594 139691287286976 submission.py:307] 74000) loss = 1.323, grad_norm = 0.500
I0916 03:55:23.152293 139670943880960 logging_writer.py:48] [74500] global_step=74500, grad_norm=0.5, loss=3.5307
I0916 03:55:23.156423 139691287286976 submission.py:307] 74500) loss = 3.531, grad_norm = 0.500
I0916 04:04:19.891350 139671052986112 logging_writer.py:48] [75000] global_step=75000, grad_norm=0.5, loss=2.31899
I0916 04:04:19.895311 139691287286976 submission.py:307] 75000) loss = 2.319, grad_norm = 0.500
I0916 04:08:58.378216 139670943880960 logging_writer.py:48] [75500] global_step=75500, grad_norm=0.5, loss=1.36404
I0916 04:08:58.382510 139691287286976 submission.py:307] 75500) loss = 1.364, grad_norm = 0.500
I0916 04:15:45.772984 139671052986112 logging_writer.py:48] [76000] global_step=76000, grad_norm=0.5, loss=1.3471
I0916 04:15:45.777476 139691287286976 submission.py:307] 76000) loss = 1.347, grad_norm = 0.500
I0916 04:18:45.488753 139691287286976 spec.py:333] Evaluating on the training split.
/usr/local/lib/python3.11/multiprocessing/popen_fork.py:66: RuntimeWarning: os.fork() was called. os.fork() is incompatible with multithreaded code, and JAX is multithreaded, so this will likely lead to a deadlock.
  self.pid = os.fork()
I0916 04:20:18.671630 139691287286976 spec.py:346] Evaluating on the validation split.
I0916 04:21:24.065118 139691287286976 spec.py:363] Evaluating on the test split.
I0916 04:21:24.988716 139691287286976 submission_runner.py:516] Time since start: 65822.94s, 	Step: 76160, 	{'train/accuracy': 0.72046875, 'train/loss': 2.2783940124511717, 'validation/accuracy': 0.63344, 'validation/loss': 2.3765715625, 'validation/num_examples': 50000, 'test/accuracy': 0.6167, 'test/loss': 1.67845546875, 'test/num_examples': 10000, 'score': 61793.17218565941, 'total_duration': 65822.94068861008, 'accumulated_submission_time': 61793.17218565941, 'accumulated_eval_time': 3831.3002483844757, 'accumulated_logging_time': 9.277946949005127}
I0916 04:21:25.306208 139670977451776 logging_writer.py:48] [76160] accumulated_eval_time=3831.3, accumulated_logging_time=9.27795, accumulated_submission_time=61793.2, global_step=76160, preemption_count=0, score=61793.2, test/accuracy=0.6167, test/loss=1.67846, test/num_examples=10000, total_duration=65822.9, train/accuracy=0.720469, train/loss=2.27839, validation/accuracy=0.63344, validation/loss=2.37657, validation/num_examples=50000
I0916 04:25:23.203978 139671094949632 logging_writer.py:48] [76500] global_step=76500, grad_norm=0.5, loss=1.42011
I0916 04:25:23.215901 139691287286976 submission.py:307] 76500) loss = 1.420, grad_norm = 0.500
I0916 04:31:47.279502 139670977451776 logging_writer.py:48] [77000] global_step=77000, grad_norm=0.5, loss=2.17526
I0916 04:31:47.285348 139691287286976 submission.py:307] 77000) loss = 2.175, grad_norm = 0.500
I0916 04:40:37.594255 139671094949632 logging_writer.py:48] [77500] global_step=77500, grad_norm=0.5, loss=1.87779
I0916 04:40:37.600083 139691287286976 submission.py:307] 77500) loss = 1.878, grad_norm = 0.500
I0916 04:44:56.314309 139670977451776 logging_writer.py:48] [78000] global_step=78000, grad_norm=0.5, loss=3.72739
I0916 04:44:56.318600 139691287286976 submission.py:307] 78000) loss = 3.727, grad_norm = 0.500
I0916 04:52:08.452499 139671094949632 logging_writer.py:48] [78500] global_step=78500, grad_norm=0.5, loss=3.04677
I0916 04:52:08.456621 139691287286976 submission.py:307] 78500) loss = 3.047, grad_norm = 0.500
I0916 04:59:25.604593 139670977451776 logging_writer.py:48] [79000] global_step=79000, grad_norm=0.5, loss=1.40295
I0916 04:59:25.611283 139691287286976 submission.py:307] 79000) loss = 1.403, grad_norm = 0.500
I0916 05:04:22.298133 139691287286976 spec.py:333] Evaluating on the training split.
/usr/local/lib/python3.11/multiprocessing/popen_fork.py:66: RuntimeWarning: os.fork() was called. os.fork() is incompatible with multithreaded code, and JAX is multithreaded, so this will likely lead to a deadlock.
  self.pid = os.fork()
I0916 05:05:48.076911 139691287286976 spec.py:346] Evaluating on the validation split.
I0916 05:06:53.559192 139691287286976 spec.py:363] Evaluating on the test split.
I0916 05:06:54.535540 139691287286976 submission_runner.py:516] Time since start: 68552.49s, 	Step: 79490, 	{'train/accuracy': 0.68509765625, 'train/loss': 2.83866455078125, 'validation/accuracy': 0.61306, 'validation/loss': 2.6923934375, 'validation/num_examples': 50000, 'test/accuracy': 0.6165, 'test/loss': 1.7130814453125, 'test/num_examples': 10000, 'score': 64361.67498803139, 'total_duration': 68552.48768758774, 'accumulated_submission_time': 64361.67498803139, 'accumulated_eval_time': 3983.537580013275, 'accumulated_logging_time': 9.606787919998169}
I0916 05:06:54.821326 139670994237184 logging_writer.py:48] [79490] accumulated_eval_time=3983.54, accumulated_logging_time=9.60679, accumulated_submission_time=64361.7, global_step=79490, preemption_count=0, score=64361.7, test/accuracy=0.6165, test/loss=1.71308, test/num_examples=10000, total_duration=68552.5, train/accuracy=0.685098, train/loss=2.83866, validation/accuracy=0.61306, validation/loss=2.69239, validation/num_examples=50000
I0916 05:06:58.715609 139670943880960 logging_writer.py:48] [79500] global_step=79500, grad_norm=0.5, loss=1.33008
I0916 05:06:58.720530 139691287286976 submission.py:307] 79500) loss = 1.330, grad_norm = 0.500
I0916 05:15:10.827786 139670994237184 logging_writer.py:48] [80000] global_step=80000, grad_norm=0.5, loss=1.54495
I0916 05:15:10.834450 139691287286976 submission.py:307] 80000) loss = 1.545, grad_norm = 0.500
I0916 05:20:18.769044 139670943880960 logging_writer.py:48] [80500] global_step=80500, grad_norm=0.5, loss=1.59107
I0916 05:20:18.773009 139691287286976 submission.py:307] 80500) loss = 1.591, grad_norm = 0.500
I0916 05:27:23.547426 139670994237184 logging_writer.py:48] [81000] global_step=81000, grad_norm=0.5, loss=2.15787
I0916 05:27:23.553355 139691287286976 submission.py:307] 81000) loss = 2.158, grad_norm = 0.500
I0916 05:34:30.698923 139670943880960 logging_writer.py:48] [81500] global_step=81500, grad_norm=0.5, loss=1.33292
I0916 05:34:30.702992 139691287286976 submission.py:307] 81500) loss = 1.333, grad_norm = 0.500
I0916 05:39:34.400881 139670994237184 logging_writer.py:48] [82000] global_step=82000, grad_norm=0.5, loss=2.31208
I0916 05:39:34.407242 139691287286976 submission.py:307] 82000) loss = 2.312, grad_norm = 0.500
I0916 05:48:10.182284 139670943880960 logging_writer.py:48] [82500] global_step=82500, grad_norm=0.5, loss=1.22216
I0916 05:48:10.186491 139691287286976 submission.py:307] 82500) loss = 1.222, grad_norm = 0.500
I0916 05:49:54.314534 139691287286976 spec.py:333] Evaluating on the training split.
/usr/local/lib/python3.11/multiprocessing/popen_fork.py:66: RuntimeWarning: os.fork() was called. os.fork() is incompatible with multithreaded code, and JAX is multithreaded, so this will likely lead to a deadlock.
  self.pid = os.fork()
I0916 05:51:04.780244 139691287286976 spec.py:346] Evaluating on the validation split.
I0916 05:52:10.189928 139691287286976 spec.py:363] Evaluating on the test split.
I0916 05:52:11.212890 139691287286976 submission_runner.py:516] Time since start: 71269.16s, 	Step: 82666, 	{'train/accuracy': 0.73498046875, 'train/loss': 2.2339772033691405, 'validation/accuracy': 0.63742, 'validation/loss': 2.43264578125, 'validation/num_examples': 50000, 'test/accuracy': 0.6212, 'test/loss': 1.6881970703125, 'test/num_examples': 10000, 'score': 66933.0193309784, 'total_duration': 71269.16496658325, 'accumulated_submission_time': 66933.0193309784, 'accumulated_eval_time': 4120.435905694962, 'accumulated_logging_time': 9.923115968704224}
I0916 05:52:11.651139 139670952273664 logging_writer.py:48] [82666] accumulated_eval_time=4120.44, accumulated_logging_time=9.92312, accumulated_submission_time=66933, global_step=82666, preemption_count=0, score=66933, test/accuracy=0.6212, test/loss=1.6882, test/num_examples=10000, total_duration=71269.2, train/accuracy=0.73498, train/loss=2.23398, validation/accuracy=0.63742, validation/loss=2.43265, validation/num_examples=50000
I0916 05:56:25.756948 139671925417728 logging_writer.py:48] [83000] global_step=83000, grad_norm=0.5, loss=1.35706
I0916 05:56:25.760950 139691287286976 submission.py:307] 83000) loss = 1.357, grad_norm = 0.500
I0916 06:04:47.237624 139670952273664 logging_writer.py:48] [83500] global_step=83500, grad_norm=0.5, loss=1.33902
I0916 06:04:47.243106 139691287286976 submission.py:307] 83500) loss = 1.339, grad_norm = 0.500
I0916 06:12:16.995337 139671925417728 logging_writer.py:48] [84000] global_step=84000, grad_norm=0.5, loss=1.39249
I0916 06:12:16.999650 139691287286976 submission.py:307] 84000) loss = 1.392, grad_norm = 0.500
I0916 06:17:15.287943 139670952273664 logging_writer.py:48] [84500] global_step=84500, grad_norm=0.5, loss=3.59766
I0916 06:17:15.293278 139691287286976 submission.py:307] 84500) loss = 3.598, grad_norm = 0.500
I0916 06:26:21.769306 139671925417728 logging_writer.py:48] [85000] global_step=85000, grad_norm=0.5, loss=2.02725
I0916 06:26:21.775943 139691287286976 submission.py:307] 85000) loss = 2.027, grad_norm = 0.500
I0916 06:31:02.659252 139670952273664 logging_writer.py:48] [85500] global_step=85500, grad_norm=0.5, loss=1.36299
I0916 06:31:02.677979 139691287286976 submission.py:307] 85500) loss = 1.363, grad_norm = 0.500
I0916 06:35:11.710207 139691287286976 spec.py:333] Evaluating on the training split.
/usr/local/lib/python3.11/multiprocessing/popen_fork.py:66: RuntimeWarning: os.fork() was called. os.fork() is incompatible with multithreaded code, and JAX is multithreaded, so this will likely lead to a deadlock.
  self.pid = os.fork()
I0916 06:36:30.321405 139691287286976 spec.py:346] Evaluating on the validation split.
I0916 06:37:36.638120 139691287286976 spec.py:363] Evaluating on the test split.
I0916 06:37:37.585523 139691287286976 submission_runner.py:516] Time since start: 73995.54s, 	Step: 85838, 	{'train/accuracy': 0.7084765625, 'train/loss': 2.568540344238281, 'validation/accuracy': 0.61908, 'validation/loss': 2.64155625, 'validation/num_examples': 50000, 'test/accuracy': 0.6217, 'test/loss': 1.6680759765625, 'test/num_examples': 10000, 'score': 69504.26203966141, 'total_duration': 73995.53771471977, 'accumulated_submission_time': 69504.26203966141, 'accumulated_eval_time': 4266.311295747757, 'accumulated_logging_time': 10.376159906387329}
I0916 06:37:37.984875 139670943880960 logging_writer.py:48] [85838] accumulated_eval_time=4266.31, accumulated_logging_time=10.3762, accumulated_submission_time=69504.3, global_step=85838, preemption_count=0, score=69504.3, test/accuracy=0.6217, test/loss=1.66808, test/num_examples=10000, total_duration=73995.5, train/accuracy=0.708477, train/loss=2.56854, validation/accuracy=0.61908, validation/loss=2.64156, validation/num_examples=50000
I0916 06:39:30.269729 139671925417728 logging_writer.py:48] [86000] global_step=86000, grad_norm=0.5, loss=1.40245
I0916 06:39:30.274847 139691287286976 submission.py:307] 86000) loss = 1.402, grad_norm = 0.500
I0916 06:46:59.355873 139670943880960 logging_writer.py:48] [86500] global_step=86500, grad_norm=0.5, loss=1.2691
I0916 06:46:59.360968 139691287286976 submission.py:307] 86500) loss = 1.269, grad_norm = 0.500
I0916 06:52:28.345242 139671925417728 logging_writer.py:48] [87000] global_step=87000, grad_norm=0.5, loss=1.32122
I0916 06:52:28.351392 139691287286976 submission.py:307] 87000) loss = 1.321, grad_norm = 0.500
I0916 07:01:19.427670 139670943880960 logging_writer.py:48] [87500] global_step=87500, grad_norm=0.5, loss=1.93818
I0916 07:01:19.435092 139691287286976 submission.py:307] 87500) loss = 1.938, grad_norm = 0.500
I0916 07:06:03.253046 139671925417728 logging_writer.py:48] [88000] global_step=88000, grad_norm=0.5, loss=2.25363
I0916 07:06:03.259251 139691287286976 submission.py:307] 88000) loss = 2.254, grad_norm = 0.500
I0916 07:12:53.384824 139670943880960 logging_writer.py:48] [88500] global_step=88500, grad_norm=0.5, loss=1.60662
I0916 07:12:53.390218 139691287286976 submission.py:307] 88500) loss = 1.607, grad_norm = 0.500
I0916 07:19:52.926041 139671925417728 logging_writer.py:48] [89000] global_step=89000, grad_norm=0.5, loss=1.35418
I0916 07:19:52.953270 139691287286976 submission.py:307] 89000) loss = 1.354, grad_norm = 0.500
I0916 07:20:34.656186 139691287286976 spec.py:333] Evaluating on the training split.
/usr/local/lib/python3.11/multiprocessing/popen_fork.py:66: RuntimeWarning: os.fork() was called. os.fork() is incompatible with multithreaded code, and JAX is multithreaded, so this will likely lead to a deadlock.
  self.pid = os.fork()
I0916 07:21:49.551025 139691287286976 spec.py:346] Evaluating on the validation split.
I0916 07:22:55.278319 139691287286976 spec.py:363] Evaluating on the test split.
I0916 07:22:56.231110 139691287286976 submission_runner.py:516] Time since start: 76714.18s, 	Step: 89082, 	{'train/accuracy': 0.73923828125, 'train/loss': 2.213905029296875, 'validation/accuracy': 0.62456, 'validation/loss': 2.56997015625, 'validation/num_examples': 50000, 'test/accuracy': 0.6228, 'test/loss': 1.673147265625, 'test/num_examples': 10000, 'score': 72072.62209844589, 'total_duration': 76714.18280935287, 'accumulated_submission_time': 72072.62209844589, 'accumulated_eval_time': 4407.885825872421, 'accumulated_logging_time': 10.789963960647583}
I0916 07:22:56.705844 139670952273664 logging_writer.py:48] [89082] accumulated_eval_time=4407.89, accumulated_logging_time=10.79, accumulated_submission_time=72072.6, global_step=89082, preemption_count=0, score=72072.6, test/accuracy=0.6228, test/loss=1.67315, test/num_examples=10000, total_duration=76714.2, train/accuracy=0.739238, train/loss=2.21391, validation/accuracy=0.62456, validation/loss=2.56997, validation/num_examples=50000
I0916 07:28:55.991205 139671036200704 logging_writer.py:48] [89500] global_step=89500, grad_norm=0.5, loss=1.29251
I0916 07:28:55.996467 139691287286976 submission.py:307] 89500) loss = 1.293, grad_norm = 0.500
I0916 07:38:18.033279 139670952273664 logging_writer.py:48] [90000] global_step=90000, grad_norm=0.5, loss=1.94434
I0916 07:38:18.039176 139691287286976 submission.py:307] 90000) loss = 1.944, grad_norm = 0.500
I0916 07:43:06.747676 139671036200704 logging_writer.py:48] [90500] global_step=90500, grad_norm=0.5, loss=1.30075
I0916 07:43:06.752832 139691287286976 submission.py:307] 90500) loss = 1.301, grad_norm = 0.500
I0916 07:50:09.611150 139670952273664 logging_writer.py:48] [91000] global_step=91000, grad_norm=0.5, loss=1.37135
I0916 07:50:09.615247 139691287286976 submission.py:307] 91000) loss = 1.371, grad_norm = 0.500
I0916 07:57:28.139320 139671036200704 logging_writer.py:48] [91500] global_step=91500, grad_norm=0.5, loss=3.69932
I0916 07:57:28.154071 139691287286976 submission.py:307] 91500) loss = 3.699, grad_norm = 0.500
I0916 08:02:25.851108 139670952273664 logging_writer.py:48] [92000] global_step=92000, grad_norm=0.5, loss=1.30967
I0916 08:02:25.857277 139691287286976 submission.py:307] 92000) loss = 1.310, grad_norm = 0.500
I0916 08:05:56.257269 139691287286976 spec.py:333] Evaluating on the training split.
/usr/local/lib/python3.11/multiprocessing/popen_fork.py:66: RuntimeWarning: os.fork() was called. os.fork() is incompatible with multithreaded code, and JAX is multithreaded, so this will likely lead to a deadlock.
  self.pid = os.fork()
I0916 08:07:26.290490 139691287286976 spec.py:346] Evaluating on the validation split.
I0916 08:08:32.611912 139691287286976 spec.py:363] Evaluating on the test split.
I0916 08:08:33.547885 139691287286976 submission_runner.py:516] Time since start: 79451.50s, 	Step: 92224, 	{'train/accuracy': 0.72103515625, 'train/loss': 2.4955255126953126, 'validation/accuracy': 0.63528, 'validation/loss': 2.4236353125, 'validation/num_examples': 50000, 'test/accuracy': 0.6227, 'test/loss': 1.670181640625, 'test/num_examples': 10000, 'score': 74643.82851338387, 'total_duration': 79451.50010681152, 'accumulated_submission_time': 74643.82851338387, 'accumulated_eval_time': 4565.176446676254, 'accumulated_logging_time': 11.278878450393677}
I0916 08:08:33.831061 139670985844480 logging_writer.py:48] [92224] accumulated_eval_time=4565.18, accumulated_logging_time=11.2789, accumulated_submission_time=74643.8, global_step=92224, preemption_count=0, score=74643.8, test/accuracy=0.6227, test/loss=1.67018, test/num_examples=10000, total_duration=79451.5, train/accuracy=0.721035, train/loss=2.49553, validation/accuracy=0.63528, validation/loss=2.42364, validation/num_examples=50000
I0916 08:12:34.061008 139670943880960 logging_writer.py:48] [92500] global_step=92500, grad_norm=0.5, loss=2.00386
I0916 08:12:34.064984 139691287286976 submission.py:307] 92500) loss = 2.004, grad_norm = 0.500
I0916 08:18:00.586773 139670985844480 logging_writer.py:48] [93000] global_step=93000, grad_norm=0.5, loss=2.41538
I0916 08:18:00.603698 139691287286976 submission.py:307] 93000) loss = 2.415, grad_norm = 0.500
I0916 08:25:02.314332 139670943880960 logging_writer.py:48] [93500] global_step=93500, grad_norm=0.5, loss=2.76559
I0916 08:25:02.318822 139691287286976 submission.py:307] 93500) loss = 2.766, grad_norm = 0.500
I0916 08:31:59.612544 139670985844480 logging_writer.py:48] [94000] global_step=94000, grad_norm=0.5, loss=1.2334
I0916 08:31:59.621964 139691287286976 submission.py:307] 94000) loss = 1.233, grad_norm = 0.500
I0916 08:37:07.601459 139670943880960 logging_writer.py:48] [94500] global_step=94500, grad_norm=0.5, loss=2.88365
I0916 08:37:07.607554 139691287286976 submission.py:307] 94500) loss = 2.884, grad_norm = 0.500
I0916 08:45:40.934521 139670985844480 logging_writer.py:48] [95000] global_step=95000, grad_norm=0.5, loss=1.39243
I0916 08:45:40.938431 139691287286976 submission.py:307] 95000) loss = 1.392, grad_norm = 0.500
I0916 08:50:20.290577 139670943880960 logging_writer.py:48] [95500] global_step=95500, grad_norm=0.5, loss=1.28976
I0916 08:50:20.298031 139691287286976 submission.py:307] 95500) loss = 1.290, grad_norm = 0.500
I0916 08:51:29.382688 139691287286976 spec.py:333] Evaluating on the training split.
/usr/local/lib/python3.11/multiprocessing/popen_fork.py:66: RuntimeWarning: os.fork() was called. os.fork() is incompatible with multithreaded code, and JAX is multithreaded, so this will likely lead to a deadlock.
  self.pid = os.fork()
I0916 08:52:51.054981 139691287286976 spec.py:346] Evaluating on the validation split.
I0916 08:53:56.521329 139691287286976 spec.py:363] Evaluating on the test split.
I0916 08:53:57.437096 139691287286976 submission_runner.py:516] Time since start: 82175.39s, 	Step: 95603, 	{'train/accuracy': 0.75619140625, 'train/loss': 2.0707742309570314, 'validation/accuracy': 0.62796, 'validation/loss': 2.645846875, 'validation/num_examples': 50000, 'test/accuracy': 0.6269, 'test/loss': 1.6623095703125, 'test/num_examples': 10000, 'score': 77210.85782265663, 'total_duration': 82175.38922595978, 'accumulated_submission_time': 77210.85782265663, 'accumulated_eval_time': 4713.230769872665, 'accumulated_logging_time': 11.575173377990723}
I0916 08:53:57.696777 139670985844480 logging_writer.py:48] [95603] accumulated_eval_time=4713.23, accumulated_logging_time=11.5752, accumulated_submission_time=77210.9, global_step=95603, preemption_count=0, score=77210.9, test/accuracy=0.6269, test/loss=1.66231, test/num_examples=10000, total_duration=82175.4, train/accuracy=0.756191, train/loss=2.07077, validation/accuracy=0.62796, validation/loss=2.64585, validation/num_examples=50000
I0916 08:59:47.022126 139671027808000 logging_writer.py:48] [96000] global_step=96000, grad_norm=0.5, loss=3.18451
I0916 08:59:47.027368 139691287286976 submission.py:307] 96000) loss = 3.185, grad_norm = 0.500
I0916 09:07:11.120507 139670985844480 logging_writer.py:48] [96500] global_step=96500, grad_norm=0.5, loss=1.33309
I0916 09:07:11.152031 139691287286976 submission.py:307] 96500) loss = 1.333, grad_norm = 0.500
I0916 09:12:16.928305 139671027808000 logging_writer.py:48] [97000] global_step=97000, grad_norm=0.5, loss=1.29954
I0916 09:12:16.932629 139691287286976 submission.py:307] 97000) loss = 1.300, grad_norm = 0.500
I0916 09:21:01.686863 139670985844480 logging_writer.py:48] [97500] global_step=97500, grad_norm=0.5, loss=3.71801
I0916 09:21:01.690746 139691287286976 submission.py:307] 97500) loss = 3.718, grad_norm = 0.500
I0916 09:25:45.897105 139671027808000 logging_writer.py:48] [98000] global_step=98000, grad_norm=0.5, loss=3.49074
I0916 09:25:45.924355 139691287286976 submission.py:307] 98000) loss = 3.491, grad_norm = 0.500
I0916 09:32:26.168251 139670985844480 logging_writer.py:48] [98500] global_step=98500, grad_norm=0.5, loss=1.17307
I0916 09:32:26.173539 139691287286976 submission.py:307] 98500) loss = 1.173, grad_norm = 0.500
I0916 09:36:53.678458 139691287286976 spec.py:333] Evaluating on the training split.
/usr/local/lib/python3.11/multiprocessing/popen_fork.py:66: RuntimeWarning: os.fork() was called. os.fork() is incompatible with multithreaded code, and JAX is multithreaded, so this will likely lead to a deadlock.
  self.pid = os.fork()
I0916 09:38:31.302917 139691287286976 spec.py:346] Evaluating on the validation split.
I0916 09:39:36.965894 139691287286976 spec.py:363] Evaluating on the test split.
I0916 09:39:37.939960 139691287286976 submission_runner.py:516] Time since start: 84915.89s, 	Step: 98746, 	{'train/accuracy': 0.7453125, 'train/loss': 2.3645455932617185, 'validation/accuracy': 0.62078, 'validation/loss': 2.8875203125, 'validation/num_examples': 50000, 'test/accuracy': 0.6306, 'test/loss': 1.6648083984375, 'test/num_examples': 10000, 'score': 79778.46589374542, 'total_duration': 84915.89196419716, 'accumulated_submission_time': 79778.46589374542, 'accumulated_eval_time': 4877.492128610611, 'accumulated_logging_time': 11.848497152328491}
I0916 09:39:38.312170 139671027808000 logging_writer.py:48] [98746] accumulated_eval_time=4877.49, accumulated_logging_time=11.8485, accumulated_submission_time=79778.5, global_step=98746, preemption_count=0, score=79778.5, test/accuracy=0.6306, test/loss=1.66481, test/num_examples=10000, total_duration=84915.9, train/accuracy=0.745313, train/loss=2.36455, validation/accuracy=0.62078, validation/loss=2.88752, validation/num_examples=50000
I0916 09:42:26.805011 139670943880960 logging_writer.py:48] [99000] global_step=99000, grad_norm=0.5, loss=3.36794
I0916 09:42:26.809157 139691287286976 submission.py:307] 99000) loss = 3.368, grad_norm = 0.500
I0916 09:49:12.824407 139671027808000 logging_writer.py:48] [99500] global_step=99500, grad_norm=0.5, loss=1.19055
I0916 09:49:12.829579 139691287286976 submission.py:307] 99500) loss = 1.191, grad_norm = 0.500
I0916 09:58:02.665905 139670943880960 logging_writer.py:48] [100000] global_step=100000, grad_norm=0.5, loss=1.51627
I0916 09:58:02.670653 139691287286976 submission.py:307] 100000) loss = 1.516, grad_norm = 0.500
I0916 10:02:38.813004 139671027808000 logging_writer.py:48] [100500] global_step=100500, grad_norm=0.5, loss=1.1451
I0916 10:02:38.829644 139691287286976 submission.py:307] 100500) loss = 1.145, grad_norm = 0.500
I0916 10:09:44.948878 139670943880960 logging_writer.py:48] [101000] global_step=101000, grad_norm=0.5, loss=1.32048
I0916 10:09:44.952822 139691287286976 submission.py:307] 101000) loss = 1.320, grad_norm = 0.500
I0916 10:17:15.891955 139671027808000 logging_writer.py:48] [101500] global_step=101500, grad_norm=0.5, loss=1.33079
I0916 10:17:15.898156 139691287286976 submission.py:307] 101500) loss = 1.331, grad_norm = 0.500
I0916 10:22:13.261072 139670943880960 logging_writer.py:48] [102000] global_step=102000, grad_norm=0.5, loss=1.35072
I0916 10:22:13.266932 139691287286976 submission.py:307] 102000) loss = 1.351, grad_norm = 0.500
I0916 10:22:33.691247 139691287286976 spec.py:333] Evaluating on the training split.
/usr/local/lib/python3.11/multiprocessing/popen_fork.py:66: RuntimeWarning: os.fork() was called. os.fork() is incompatible with multithreaded code, and JAX is multithreaded, so this will likely lead to a deadlock.
  self.pid = os.fork()
I0916 10:23:54.937133 139691287286976 spec.py:346] Evaluating on the validation split.
I0916 10:25:01.258544 139691287286976 spec.py:363] Evaluating on the test split.
I0916 10:25:02.196806 139691287286976 submission_runner.py:516] Time since start: 87640.15s, 	Step: 102025, 	{'train/accuracy': 0.72435546875, 'train/loss': 2.6406915283203123, 'validation/accuracy': 0.62874, 'validation/loss': 2.642935, 'validation/num_examples': 50000, 'test/accuracy': 0.6328, 'test/loss': 1.66403203125, 'test/num_examples': 10000, 'score': 82344.75841236115, 'total_duration': 87640.1489944458, 'accumulated_submission_time': 82344.75841236115, 'accumulated_eval_time': 5025.998027563095, 'accumulated_logging_time': 12.233155250549316}
I0916 10:25:02.497093 139671044593408 logging_writer.py:48] [102025] accumulated_eval_time=5026, accumulated_logging_time=12.2332, accumulated_submission_time=82344.8, global_step=102025, preemption_count=0, score=82344.8, test/accuracy=0.6328, test/loss=1.66403, test/num_examples=10000, total_duration=87640.1, train/accuracy=0.724355, train/loss=2.64069, validation/accuracy=0.62874, validation/loss=2.64294, validation/num_examples=50000
I0916 10:32:35.594543 139670985844480 logging_writer.py:48] [102500] global_step=102500, grad_norm=0.5, loss=1.48576
I0916 10:32:35.600284 139691287286976 submission.py:307] 102500) loss = 1.486, grad_norm = 0.500
I0916 10:37:52.163444 139671044593408 logging_writer.py:48] [103000] global_step=103000, grad_norm=0.5, loss=1.0711
I0916 10:37:52.185947 139691287286976 submission.py:307] 103000) loss = 1.071, grad_norm = 0.500
I0916 10:44:43.461850 139670985844480 logging_writer.py:48] [103500] global_step=103500, grad_norm=0.5, loss=2.57317
I0916 10:44:43.465839 139691287286976 submission.py:307] 103500) loss = 2.573, grad_norm = 0.500
I0916 10:52:04.337558 139671044593408 logging_writer.py:48] [104000] global_step=104000, grad_norm=0.5, loss=1.02784
I0916 10:52:04.349837 139691287286976 submission.py:307] 104000) loss = 1.028, grad_norm = 0.500
I0916 10:57:08.215361 139670985844480 logging_writer.py:48] [104500] global_step=104500, grad_norm=0.5, loss=1.18605
I0916 10:57:08.219210 139691287286976 submission.py:307] 104500) loss = 1.186, grad_norm = 0.500
I0916 11:05:31.735126 139671044593408 logging_writer.py:48] [105000] global_step=105000, grad_norm=0.5, loss=1.18215
I0916 11:05:31.739180 139691287286976 submission.py:307] 105000) loss = 1.182, grad_norm = 0.500
I0916 11:07:57.736461 139691287286976 spec.py:333] Evaluating on the training split.
/usr/local/lib/python3.11/multiprocessing/popen_fork.py:66: RuntimeWarning: os.fork() was called. os.fork() is incompatible with multithreaded code, and JAX is multithreaded, so this will likely lead to a deadlock.
  self.pid = os.fork()
I0916 11:09:15.997373 139691287286976 spec.py:346] Evaluating on the validation split.
I0916 11:10:21.397859 139691287286976 spec.py:363] Evaluating on the test split.
I0916 11:10:22.308821 139691287286976 submission_runner.py:516] Time since start: 90360.26s, 	Step: 105239, 	{'train/accuracy': 0.77421875, 'train/loss': 2.0628004455566407, 'validation/accuracy': 0.66012, 'validation/loss': 2.18563234375, 'validation/num_examples': 50000, 'test/accuracy': 0.6329, 'test/loss': 1.6799451171875, 'test/num_examples': 10000, 'score': 84911.81944584846, 'total_duration': 90360.26087784767, 'accumulated_submission_time': 84911.81944584846, 'accumulated_eval_time': 5170.570199251175, 'accumulated_logging_time': 12.54542350769043}
I0916 11:10:22.610167 139670943880960 logging_writer.py:48] [105239] accumulated_eval_time=5170.57, accumulated_logging_time=12.5454, accumulated_submission_time=84911.8, global_step=105239, preemption_count=0, score=84911.8, test/accuracy=0.6329, test/loss=1.67995, test/num_examples=10000, total_duration=90360.3, train/accuracy=0.774219, train/loss=2.0628, validation/accuracy=0.66012, validation/loss=2.18563, validation/num_examples=50000
I0916 11:13:31.755752 139670985844480 logging_writer.py:48] [105500] global_step=105500, grad_norm=0.5, loss=2.76312
I0916 11:13:31.759725 139691287286976 submission.py:307] 105500) loss = 2.763, grad_norm = 0.500
I0916 11:21:48.076737 139670943880960 logging_writer.py:48] [106000] global_step=106000, grad_norm=0.5, loss=1.85863
I0916 11:21:48.082008 139691287286976 submission.py:307] 106000) loss = 1.859, grad_norm = 0.500
I0916 11:29:18.625185 139670985844480 logging_writer.py:48] [106500] global_step=106500, grad_norm=0.5, loss=1.05023
I0916 11:29:18.632475 139691287286976 submission.py:307] 106500) loss = 1.050, grad_norm = 0.500
I0916 11:34:19.427856 139670943880960 logging_writer.py:48] [107000] global_step=107000, grad_norm=0.5, loss=2.94704
I0916 11:34:19.432162 139691287286976 submission.py:307] 107000) loss = 2.947, grad_norm = 0.500
I0916 11:43:17.247607 139670985844480 logging_writer.py:48] [107500] global_step=107500, grad_norm=0.5, loss=1.27414
I0916 11:43:17.251982 139691287286976 submission.py:307] 107500) loss = 1.274, grad_norm = 0.500
I0916 11:48:07.056993 139670943880960 logging_writer.py:48] [108000] global_step=108000, grad_norm=0.5, loss=2.72966
I0916 11:48:07.062402 139691287286976 submission.py:307] 108000) loss = 2.730, grad_norm = 0.500
I0916 11:53:19.050882 139691287286976 spec.py:333] Evaluating on the training split.
/usr/local/lib/python3.11/multiprocessing/popen_fork.py:66: RuntimeWarning: os.fork() was called. os.fork() is incompatible with multithreaded code, and JAX is multithreaded, so this will likely lead to a deadlock.
  self.pid = os.fork()
I0916 11:54:35.488428 139691287286976 spec.py:346] Evaluating on the validation split.
I0916 11:55:41.262425 139691287286976 spec.py:363] Evaluating on the test split.
I0916 11:55:42.170752 139691287286976 submission_runner.py:516] Time since start: 93080.12s, 	Step: 108407, 	{'train/accuracy': 0.709609375, 'train/loss': 3.0620135498046874, 'validation/accuracy': 0.6479, 'validation/loss': 2.51108796875, 'validation/num_examples': 50000, 'test/accuracy': 0.635, 'test/loss': 1.6590978515625, 'test/num_examples': 10000, 'score': 87478.88587450981, 'total_duration': 93080.1224527359, 'accumulated_submission_time': 87478.88587450981, 'accumulated_eval_time': 5313.689696073532, 'accumulated_logging_time': 12.857575178146362}
I0916 11:55:42.582622 139670952273664 logging_writer.py:48] [108407] accumulated_eval_time=5313.69, accumulated_logging_time=12.8576, accumulated_submission_time=87478.9, global_step=108407, preemption_count=0, score=87478.9, test/accuracy=0.635, test/loss=1.6591, test/num_examples=10000, total_duration=93080.1, train/accuracy=0.709609, train/loss=3.06201, validation/accuracy=0.6479, validation/loss=2.51109, validation/num_examples=50000
I0916 11:56:10.913690 139671052986112 logging_writer.py:48] [108500] global_step=108500, grad_norm=0.5, loss=3.19911
I0916 11:56:10.917013 139691287286976 submission.py:307] 108500) loss = 3.199, grad_norm = 0.500
I0916 12:04:00.871245 139670952273664 logging_writer.py:48] [109000] global_step=109000, grad_norm=0.5, loss=1.60778
I0916 12:04:00.876558 139691287286976 submission.py:307] 109000) loss = 1.608, grad_norm = 0.500
I0916 12:09:33.642735 139671052986112 logging_writer.py:48] [109500] global_step=109500, grad_norm=0.5, loss=1.35354
I0916 12:09:33.649121 139691287286976 submission.py:307] 109500) loss = 1.354, grad_norm = 0.500
I0916 12:18:03.138456 139670952273664 logging_writer.py:48] [110000] global_step=110000, grad_norm=0.5, loss=2.08911
I0916 12:18:03.142538 139691287286976 submission.py:307] 110000) loss = 2.089, grad_norm = 0.500
I0916 12:22:46.374302 139671052986112 logging_writer.py:48] [110500] global_step=110500, grad_norm=0.5, loss=1.07855
I0916 12:22:46.380111 139691287286976 submission.py:307] 110500) loss = 1.079, grad_norm = 0.500
I0916 12:29:31.938764 139670952273664 logging_writer.py:48] [111000] global_step=111000, grad_norm=0.5, loss=1.25318
I0916 12:29:31.943631 139691287286976 submission.py:307] 111000) loss = 1.253, grad_norm = 0.500
I0916 12:36:46.276201 139671052986112 logging_writer.py:48] [111500] global_step=111500, grad_norm=0.5, loss=3.12183
I0916 12:36:46.289133 139691287286976 submission.py:307] 111500) loss = 3.122, grad_norm = 0.500
I0916 12:38:38.045320 139691287286976 spec.py:333] Evaluating on the training split.
/usr/local/lib/python3.11/multiprocessing/popen_fork.py:66: RuntimeWarning: os.fork() was called. os.fork() is incompatible with multithreaded code, and JAX is multithreaded, so this will likely lead to a deadlock.
  self.pid = os.fork()
I0916 12:39:53.820591 139691287286976 spec.py:346] Evaluating on the validation split.
I0916 12:40:59.714139 139691287286976 spec.py:363] Evaluating on the test split.
I0916 12:41:00.626636 139691287286976 submission_runner.py:516] Time since start: 95798.58s, 	Step: 111719, 	{'train/accuracy': 0.74818359375, 'train/loss': 2.5472946166992188, 'validation/accuracy': 0.6397, 'validation/loss': 2.67240375, 'validation/num_examples': 50000, 'test/accuracy': 0.6391, 'test/loss': 1.663360546875, 'test/num_examples': 10000, 'score': 90045.97619056702, 'total_duration': 95798.57874584198, 'accumulated_submission_time': 90045.97619056702, 'accumulated_eval_time': 5456.271093606949, 'accumulated_logging_time': 13.28238844871521}
I0916 12:41:01.011144 139671027808000 logging_writer.py:48] [111719] accumulated_eval_time=5456.27, accumulated_logging_time=13.2824, accumulated_submission_time=90046, global_step=111719, preemption_count=0, score=90046, test/accuracy=0.6391, test/loss=1.66336, test/num_examples=10000, total_duration=95798.6, train/accuracy=0.748184, train/loss=2.54729, validation/accuracy=0.6397, validation/loss=2.6724, validation/num_examples=50000
I0916 12:44:48.307396 139671925417728 logging_writer.py:48] [112000] global_step=112000, grad_norm=0.5, loss=1.28334
I0916 12:44:48.312818 139691287286976 submission.py:307] 112000) loss = 1.283, grad_norm = 0.500
I0916 12:53:50.780731 139671027808000 logging_writer.py:48] [112500] global_step=112500, grad_norm=0.5, loss=1.82526
I0916 12:53:50.784701 139691287286976 submission.py:307] 112500) loss = 1.825, grad_norm = 0.500
I0916 12:58:56.958751 139671925417728 logging_writer.py:48] [113000] global_step=113000, grad_norm=0.5, loss=1.73489
I0916 12:58:56.964152 139691287286976 submission.py:307] 113000) loss = 1.735, grad_norm = 0.500
I0916 13:05:48.687820 139671027808000 logging_writer.py:48] [113500] global_step=113500, grad_norm=0.5, loss=2.97629
I0916 13:05:48.693568 139691287286976 submission.py:307] 113500) loss = 2.976, grad_norm = 0.500
I0916 13:13:13.864212 139671925417728 logging_writer.py:48] [114000] global_step=114000, grad_norm=0.5, loss=1.8207
I0916 13:13:13.868923 139691287286976 submission.py:307] 114000) loss = 1.821, grad_norm = 0.500
I0916 13:18:06.898466 139671027808000 logging_writer.py:48] [114500] global_step=114500, grad_norm=0.5, loss=1.08481
I0916 13:18:06.902559 139691287286976 submission.py:307] 114500) loss = 1.085, grad_norm = 0.500
I0916 13:23:58.895156 139691287286976 spec.py:333] Evaluating on the training split.
/usr/local/lib/python3.11/multiprocessing/popen_fork.py:66: RuntimeWarning: os.fork() was called. os.fork() is incompatible with multithreaded code, and JAX is multithreaded, so this will likely lead to a deadlock.
  self.pid = os.fork()
I0916 13:25:33.787431 139691287286976 spec.py:346] Evaluating on the validation split.
I0916 13:26:39.417064 139691287286976 spec.py:363] Evaluating on the test split.
I0916 13:26:40.324271 139691287286976 submission_runner.py:516] Time since start: 98538.28s, 	Step: 114862, 	{'train/accuracy': 0.76982421875, 'train/loss': 2.211178894042969, 'validation/accuracy': 0.63362, 'validation/loss': 2.6727815625, 'validation/num_examples': 50000, 'test/accuracy': 0.6416, 'test/loss': 1.6446095703125, 'test/num_examples': 10000, 'score': 92615.26302433014, 'total_duration': 98538.27653622627, 'accumulated_submission_time': 92615.26302433014, 'accumulated_eval_time': 5617.700368642807, 'accumulated_logging_time': 13.676774501800537}
I0916 13:26:40.626451 139671044593408 logging_writer.py:48] [114862] accumulated_eval_time=5617.7, accumulated_logging_time=13.6768, accumulated_submission_time=92615.3, global_step=114862, preemption_count=0, score=92615.3, test/accuracy=0.6416, test/loss=1.64461, test/num_examples=10000, total_duration=98538.3, train/accuracy=0.769824, train/loss=2.21118, validation/accuracy=0.63362, validation/loss=2.67278, validation/num_examples=50000
I0916 13:27:59.357610 139671036200704 logging_writer.py:48] [115000] global_step=115000, grad_norm=0.5, loss=1.32697
I0916 13:27:59.361025 139691287286976 submission.py:307] 115000) loss = 1.327, grad_norm = 0.500
I0916 13:34:17.217208 139671044593408 logging_writer.py:48] [115500] global_step=115500, grad_norm=0.5, loss=2.40726
I0916 13:34:17.221143 139691287286976 submission.py:307] 115500) loss = 2.407, grad_norm = 0.500
I0916 13:41:33.867410 139671036200704 logging_writer.py:48] [116000] global_step=116000, grad_norm=0.5, loss=1.16769
I0916 13:41:33.872336 139691287286976 submission.py:307] 116000) loss = 1.168, grad_norm = 0.500
I0916 13:48:36.245762 139671044593408 logging_writer.py:48] [116500] global_step=116500, grad_norm=0.5, loss=1.08458
I0916 13:48:36.260087 139691287286976 submission.py:307] 116500) loss = 1.085, grad_norm = 0.500
I0916 13:53:35.264772 139671036200704 logging_writer.py:48] [117000] global_step=117000, grad_norm=0.5, loss=2.14756
I0916 13:53:35.268873 139691287286976 submission.py:307] 117000) loss = 2.148, grad_norm = 0.500
I0916 14:02:12.507729 139671044593408 logging_writer.py:48] [117500] global_step=117500, grad_norm=0.5, loss=2.06875
I0916 14:02:12.513950 139691287286976 submission.py:307] 117500) loss = 2.069, grad_norm = 0.500
I0916 14:07:14.070384 139671036200704 logging_writer.py:48] [118000] global_step=118000, grad_norm=0.5, loss=1.15248
I0916 14:07:14.075945 139691287286976 submission.py:307] 118000) loss = 1.152, grad_norm = 0.500
I0916 14:09:42.612003 139691287286976 spec.py:333] Evaluating on the training split.
/usr/local/lib/python3.11/multiprocessing/popen_fork.py:66: RuntimeWarning: os.fork() was called. os.fork() is incompatible with multithreaded code, and JAX is multithreaded, so this will likely lead to a deadlock.
  self.pid = os.fork()
I0916 14:10:57.444152 139691287286976 spec.py:346] Evaluating on the validation split.
I0916 14:12:03.121076 139691287286976 spec.py:363] Evaluating on the test split.
I0916 14:12:04.043033 139691287286976 submission_runner.py:516] Time since start: 101262.00s, 	Step: 118220, 	{'train/accuracy': 0.7598046875, 'train/loss': 2.4921820068359377, 'validation/accuracy': 0.64602, 'validation/loss': 2.53122203125, 'validation/num_examples': 50000, 'test/accuracy': 0.641, 'test/loss': 1.67543125, 'test/num_examples': 10000, 'score': 95188.4490017891, 'total_duration': 101261.9952890873, 'accumulated_submission_time': 95188.4490017891, 'accumulated_eval_time': 5759.131661653519, 'accumulated_logging_time': 13.992690801620483}
I0916 14:12:04.355682 139671002629888 logging_writer.py:48] [118220] accumulated_eval_time=5759.13, accumulated_logging_time=13.9927, accumulated_submission_time=95188.4, global_step=118220, preemption_count=0, score=95188.4, test/accuracy=0.641, test/loss=1.67543, test/num_examples=10000, total_duration=101262, train/accuracy=0.759805, train/loss=2.49218, validation/accuracy=0.64602, validation/loss=2.53122, validation/num_examples=50000
I0916 14:16:02.528849 139671078164224 logging_writer.py:48] [118500] global_step=118500, grad_norm=0.5, loss=1.8225
I0916 14:16:02.532813 139691287286976 submission.py:307] 118500) loss = 1.822, grad_norm = 0.500
I0916 14:23:34.979058 139671002629888 logging_writer.py:48] [119000] global_step=119000, grad_norm=0.5, loss=1.30486
I0916 14:23:34.983060 139691287286976 submission.py:307] 119000) loss = 1.305, grad_norm = 0.500
I0916 14:28:42.749705 139671078164224 logging_writer.py:48] [119500] global_step=119500, grad_norm=0.5, loss=1.25355
I0916 14:28:42.756515 139691287286976 submission.py:307] 119500) loss = 1.254, grad_norm = 0.500
I0916 14:37:22.785238 139671002629888 logging_writer.py:48] [120000] global_step=120000, grad_norm=0.5, loss=2.58695
I0916 14:37:22.789227 139691287286976 submission.py:307] 120000) loss = 2.587, grad_norm = 0.500
I0916 14:42:20.563073 139671078164224 logging_writer.py:48] [120500] global_step=120500, grad_norm=0.5, loss=1.18074
I0916 14:42:20.570510 139691287286976 submission.py:307] 120500) loss = 1.181, grad_norm = 0.500
I0916 14:48:54.134943 139671002629888 logging_writer.py:48] [121000] global_step=121000, grad_norm=0.5, loss=2.7899
I0916 14:48:54.142232 139691287286976 submission.py:307] 121000) loss = 2.790, grad_norm = 0.500
I0916 14:54:58.038960 139671078164224 logging_writer.py:48] [121348] global_step=121348, preemption_count=0, score=97758.8
I0916 14:55:05.983500 139691287286976 submission_runner.py:857] Final imagenet_vit score: 97758.78199744225
