accumulated_eval_time,accumulated_logging_time,accumulated_submission_time,global_step,preemption_count,score,test/loss,test/num_examples,test/ssim,total_duration,train/loss,train/ssim,validation/loss,validation/num_examples,validation/ssim
146.99801993370056,0.0,69.55673336982727,1,0,69.55673336982727,0.9480460432447292,3581,0.2393434594310685,217.22249388694763,0.945561681474958,0.2217003447668893,0.9523664741752252,3554,0.2153223968316949
153.6709852218628,0.0173912048339843,148.61792993545532,389,0,148.61792993545532,0.328780211805798,3581,0.69869344882278,304.72228622436523,0.3049876689910888,0.7028932571411133,0.3271188644726892,3554,0.6802990880653841
160.59793496131897,0.0359151363372802,227.76240706443787,755,0,227.76240706443787,0.3057255578487154,3581,0.7224614692779601,392.484219789505,0.2830175501959664,0.72705078125,0.3035810360025675,3554,0.7053682223155248
167.55344891548157,0.0553269386291503,306.9708893299103,995,0,306.9708893299103,0.3001361624284417,3581,0.7270311463714745,480.1946783065796,0.2776509182793753,0.7321147237505231,0.2980421556806591,3554,0.7099908883476365
173.95059657096863,0.1110363006591796,385.6918470859528,2305,0,385.6918470859528,0.2909549477712231,3581,0.7373514566898213,567.2572915554047,0.2686363458633423,0.7431771414620536,0.2894331417395012,3554,0.7201176408843908
180.2268307209015,0.1299686431884765,464.5290868282318,3616,0,464.5290868282318,0.2890475352227904,3581,0.7390999835285186,654.2519266605377,0.266819987978254,0.7450756345476423,0.2876092656381893,3554,0.7219236907357907
186.453111410141,0.14830780029296875,543.2976958751678,4928,0,543.2976958751678,0.2881038679619869,3581,0.741336927970539,741.1763627529144,0.2659456559589931,0.747300284249442,0.286746032062245,3554,0.724076442256964
