accumulated_eval_time,accumulated_logging_time,accumulated_submission_time,global_step,preemption_count,score,test/accuracy,test/loss,test/mean_average_precision,test/num_examples,total_duration,train/accuracy,train/loss,train/mean_average_precision,validation/accuracy,validation/loss,validation/mean_average_precision,validation/num_examples
67.50105476379395,0.0,30.19237995147705,1,0,30.19237995147705,0.5676771905235592,0.6992146273833659,0.0274196140165505,43793,98.1697289943695,0.5747936495060838,0.6951149918066208,0.0204381063717367,0.5712044430877544,0.6967681708065558,0.0251744537084521,43793
98.12621760368349,0.0639584064483642,481.3688859939575,1850,0,481.3688859939575,0.9852839234560186,0.0502345344429386,0.2153181003453356,43793,581.4675958156586,0.9893337143589164,0.0361416602204364,0.2667787801467096,0.98621967337687,0.047211793696357,0.2231630161071276,43793
128.7716715335846,0.1009585857391357,932.4185616970062,3693,0,932.4185616970062,0.9856391594278828,0.0476817102011473,0.2494482372646523,43793,1064.607388973236,0.9905328940931142,0.0316155160367108,0.3598280419466932,0.986522899015714,0.0448780066070309,0.2560040986761647,43793
158.5635986328125,0.1368470191955566,1383.4236583709717,5553,0,1383.4236583709717,0.98575981752621,0.0471428055713719,0.2586667943470818,43793,1546.865702867508,0.9910852023725568,0.0292373156081566,0.4277600715311569,0.9865569966779136,0.0446900984245256,0.2653170067304065,43793
187.7470576763153,0.1717989444732666,1834.6035645008087,7499,0,1834.6035645008087,0.9860049240296184,0.0474553973020596,0.2705848512429686,43793,2028.6980967521667,0.9922476394500968,0.0254134031030695,0.5212266821316343,0.9869263880184064,0.0446330660252517,0.279942357102589,43793
216.96178340911865,0.2061614990234375,2285.670292377472,9463,0,2285.670292377472,0.986079677301706,0.0480080187624395,0.2674643721679553,43793,2510.461037635803,0.9920097085470588,0.0257912729939272,0.5185704719126906,0.9869073095645566,0.0453846733849885,0.2765156630298325,43793
246.02610158920288,0.24039530754089355,2736.801793575287,11415,0,2736.801793575287,0.9858581549292097,0.04933715299741669,0.2669597824874805,43793,2992.130077600479,0.9926894006271187,0.023186493433894596,0.5599599421575047,0.9867291086871101,0.04639810207947029,0.2828293164572896,43793
