torchrun --redirects 1:0,2:0,3:0 --standalone --nnodes=1 --nproc_per_node=4 submission_runner.py --framework=pytorch --workload=librispeech_deepspeech --submission_path=submissions_algorithms/submissions/self_tuning/ademamix_golden/submission.py --data_dir=/data/librispeech --experiment_dir=/experiment_runs --experiment_name=submissions_a100/ademamix_golden/study_1 --overwrite=True --save_checkpoints=False --rng_seed=611108887 --librispeech_tokenizer_vocab_path=/data/librispeech/spm_model.vocab --torch_compile=true --tuning_ruleset=self 2>&1 | tee -a /logs/librispeech_deepspeech_pytorch_09-14-2026-01-11-07.log
W0914 01:11:33.156000 9 site-packages/torch/distributed/run.py:803] 
W0914 01:11:33.156000 9 site-packages/torch/distributed/run.py:803] *****************************************
W0914 01:11:33.156000 9 site-packages/torch/distributed/run.py:803] Setting OMP_NUM_THREADS environment variable for each process to be 1 in default, to avoid your system being overloaded, please further tune the variable for optimal performance in your application as needed. 
W0914 01:11:33.156000 9 site-packages/torch/distributed/run.py:803] *****************************************
2026-09-14 01:11:48.222204: E external/local_xla/xla/stream_executor/cuda/cuda_fft.cc:467] Unable to register cuFFT factory: Attempting to register factory for plugin cuFFT when one has already been registered
2026-09-14 01:11:48.222204: E external/local_xla/xla/stream_executor/cuda/cuda_fft.cc:467] Unable to register cuFFT factory: Attempting to register factory for plugin cuFFT when one has already been registered
2026-09-14 01:11:48.222204: E external/local_xla/xla/stream_executor/cuda/cuda_fft.cc:467] Unable to register cuFFT factory: Attempting to register factory for plugin cuFFT when one has already been registered
2026-09-14 01:11:48.222239: E external/local_xla/xla/stream_executor/cuda/cuda_fft.cc:467] Unable to register cuFFT factory: Attempting to register factory for plugin cuFFT when one has already been registered
WARNING: All log messages before absl::InitializeLog() is called are written to STDERR
WARNING: All log messages before absl::InitializeLog() is called are written to STDERR
WARNING: All log messages before absl::InitializeLog() is called are written to STDERR
E0000 00:00:1789348308.951430      40 cuda_dnn.cc:8579] Unable to register cuDNN factory: Attempting to register factory for plugin cuDNN when one has already been registered
E0000 00:00:1789348308.951401      39 cuda_dnn.cc:8579] Unable to register cuDNN factory: Attempting to register factory for plugin cuDNN when one has already been registered
E0000 00:00:1789348308.951426      41 cuda_dnn.cc:8579] Unable to register cuDNN factory: Attempting to register factory for plugin cuDNN when one has already been registered
WARNING: All log messages before absl::InitializeLog() is called are written to STDERR
E0000 00:00:1789348308.951462      38 cuda_dnn.cc:8579] Unable to register cuDNN factory: Attempting to register factory for plugin cuDNN when one has already been registered
E0000 00:00:1789348309.025353      39 cuda_blas.cc:1407] Unable to register cuBLAS factory: Attempting to register factory for plugin cuBLAS when one has already been registered
E0000 00:00:1789348309.025344      40 cuda_blas.cc:1407] Unable to register cuBLAS factory: Attempting to register factory for plugin cuBLAS when one has already been registered
E0000 00:00:1789348309.025352      38 cuda_blas.cc:1407] Unable to register cuBLAS factory: Attempting to register factory for plugin cuBLAS when one has already been registered
E0000 00:00:1789348309.025368      41 cuda_blas.cc:1407] Unable to register cuBLAS factory: Attempting to register factory for plugin cuBLAS when one has already been registered
W0000 00:00:1789348310.555456      39 computation_placer.cc:177] computation placer already registered. Please check linkage and avoid linking the same target more than once.
W0000 00:00:1789348310.555455      41 computation_placer.cc:177] computation placer already registered. Please check linkage and avoid linking the same target more than once.
W0000 00:00:1789348310.555452      40 computation_placer.cc:177] computation placer already registered. Please check linkage and avoid linking the same target more than once.
W0000 00:00:1789348310.555498      41 computation_placer.cc:177] computation placer already registered. Please check linkage and avoid linking the same target more than once.
W0000 00:00:1789348310.555498      40 computation_placer.cc:177] computation placer already registered. Please check linkage and avoid linking the same target more than once.
W0000 00:00:1789348310.555500      39 computation_placer.cc:177] computation placer already registered. Please check linkage and avoid linking the same target more than once.
W0000 00:00:1789348310.555500      41 computation_placer.cc:177] computation placer already registered. Please check linkage and avoid linking the same target more than once.
W0000 00:00:1789348310.555501      40 computation_placer.cc:177] computation placer already registered. Please check linkage and avoid linking the same target more than once.
W0000 00:00:1789348310.555503      39 computation_placer.cc:177] computation placer already registered. Please check linkage and avoid linking the same target more than once.
W0000 00:00:1789348310.555504      41 computation_placer.cc:177] computation placer already registered. Please check linkage and avoid linking the same target more than once.
W0000 00:00:1789348310.555504      40 computation_placer.cc:177] computation placer already registered. Please check linkage and avoid linking the same target more than once.
W0000 00:00:1789348310.555506      39 computation_placer.cc:177] computation placer already registered. Please check linkage and avoid linking the same target more than once.
W0000 00:00:1789348310.555490      38 computation_placer.cc:177] computation placer already registered. Please check linkage and avoid linking the same target more than once.
W0000 00:00:1789348310.555527      38 computation_placer.cc:177] computation placer already registered. Please check linkage and avoid linking the same target more than once.
W0000 00:00:1789348310.555530      38 computation_placer.cc:177] computation placer already registered. Please check linkage and avoid linking the same target more than once.
W0000 00:00:1789348310.555532      38 computation_placer.cc:177] computation placer already registered. Please check linkage and avoid linking the same target more than once.
W0000 00:00:1789348338.561466      39 gpu_device.cc:2341] Cannot dlopen some GPU libraries. Please make sure the missing libraries mentioned above are installed properly if you would like to use GPU. Follow the guide at https://www.tensorflow.org/install/gpu for how to download and setup the required libraries for your platform.
Skipping registering GPU devices...
W0000 00:00:1789348338.815245      38 gpu_device.cc:2341] Cannot dlopen some GPU libraries. Please make sure the missing libraries mentioned above are installed properly if you would like to use GPU. Follow the guide at https://www.tensorflow.org/install/gpu for how to download and setup the required libraries for your platform.
Skipping registering GPU devices...
W0000 00:00:1789348338.861468      40 gpu_device.cc:2341] Cannot dlopen some GPU libraries. Please make sure the missing libraries mentioned above are installed properly if you would like to use GPU. Follow the guide at https://www.tensorflow.org/install/gpu for how to download and setup the required libraries for your platform.
Skipping registering GPU devices...
W0000 00:00:1789348338.878873      41 gpu_device.cc:2341] Cannot dlopen some GPU libraries. Please make sure the missing libraries mentioned above are installed properly if you would like to use GPU. Follow the guide at https://www.tensorflow.org/install/gpu for how to download and setup the required libraries for your platform.
Skipping registering GPU devices...
/usr/local/lib/python3.11/site-packages/torch/__init__.py:1617: UserWarning: Please use the new API settings to control TF32 behavior, such as torch.backends.cudnn.conv.fp32_precision = 'tf32' or torch.backends.cuda.matmul.fp32_precision = 'ieee'. Old settings, e.g, torch.backends.cuda.matmul.allow_tf32 = True, torch.backends.cudnn.allow_tf32 = True, allowTF32CuDNN() and allowTF32CuBLAS() will be deprecated after Pytorch 2.9. Please see https://pytorch.org/docs/main/notes/cuda.html#tensorfloat-32-tf32-on-ampere-and-later-devices (Triggered internally at /pytorch/aten/src/ATen/Context.cpp:80.)
  _C._set_float32_matmul_precision(precision)
/usr/local/lib/python3.11/site-packages/torch/__init__.py:1617: UserWarning: Please use the new API settings to control TF32 behavior, such as torch.backends.cudnn.conv.fp32_precision = 'tf32' or torch.backends.cuda.matmul.fp32_precision = 'ieee'. Old settings, e.g, torch.backends.cuda.matmul.allow_tf32 = True, torch.backends.cudnn.allow_tf32 = True, allowTF32CuDNN() and allowTF32CuBLAS() will be deprecated after Pytorch 2.9. Please see https://pytorch.org/docs/main/notes/cuda.html#tensorfloat-32-tf32-on-ampere-and-later-devices (Triggered internally at /pytorch/aten/src/ATen/Context.cpp:80.)
  _C._set_float32_matmul_precision(precision)
/usr/local/lib/python3.11/site-packages/torch/__init__.py:1617: UserWarning: Please use the new API settings to control TF32 behavior, such as torch.backends.cudnn.conv.fp32_precision = 'tf32' or torch.backends.cuda.matmul.fp32_precision = 'ieee'. Old settings, e.g, torch.backends.cuda.matmul.allow_tf32 = True, torch.backends.cudnn.allow_tf32 = True, allowTF32CuDNN() and allowTF32CuBLAS() will be deprecated after Pytorch 2.9. Please see https://pytorch.org/docs/main/notes/cuda.html#tensorfloat-32-tf32-on-ampere-and-later-devices (Triggered internally at /pytorch/aten/src/ATen/Context.cpp:80.)
  _C._set_float32_matmul_precision(precision)
/usr/local/lib/python3.11/site-packages/torch/__init__.py:1617: UserWarning: Please use the new API settings to control TF32 behavior, such as torch.backends.cudnn.conv.fp32_precision = 'tf32' or torch.backends.cuda.matmul.fp32_precision = 'ieee'. Old settings, e.g, torch.backends.cuda.matmul.allow_tf32 = True, torch.backends.cudnn.allow_tf32 = True, allowTF32CuDNN() and allowTF32CuBLAS() will be deprecated after Pytorch 2.9. Please see https://pytorch.org/docs/main/notes/cuda.html#tensorfloat-32-tf32-on-ampere-and-later-devices (Triggered internally at /pytorch/aten/src/ATen/Context.cpp:80.)
  _C._set_float32_matmul_precision(precision)
/usr/local/lib/python3.11/site-packages/pydantic/_internal/_generate_schema.py:2249: UnsupportedFieldAttributeWarning: The 'repr' attribute with value False was provided to the `Field()` function, which has no effect in the context it was used. 'repr' is field-specific metadata, and can only be attached to a model field using `Annotated` metadata or by assignment. This may have happened because an `Annotated` type alias using the `type` statement was used, or if the `Field()` function was attached to a single member of a union type.
  warnings.warn(
/usr/local/lib/python3.11/site-packages/pydantic/_internal/_generate_schema.py:2249: UnsupportedFieldAttributeWarning: The 'repr' attribute with value False was provided to the `Field()` function, which has no effect in the context it was used. 'repr' is field-specific metadata, and can only be attached to a model field using `Annotated` metadata or by assignment. This may have happened because an `Annotated` type alias using the `type` statement was used, or if the `Field()` function was attached to a single member of a union type.
  warnings.warn(
/usr/local/lib/python3.11/site-packages/pydantic/_internal/_generate_schema.py:2249: UnsupportedFieldAttributeWarning: The 'repr' attribute with value False was provided to the `Field()` function, which has no effect in the context it was used. 'repr' is field-specific metadata, and can only be attached to a model field using `Annotated` metadata or by assignment. This may have happened because an `Annotated` type alias using the `type` statement was used, or if the `Field()` function was attached to a single member of a union type.
  warnings.warn(
/usr/local/lib/python3.11/site-packages/pydantic/_internal/_generate_schema.py:2249: UnsupportedFieldAttributeWarning: The 'repr' attribute with value False was provided to the `Field()` function, which has no effect in the context it was used. 'repr' is field-specific metadata, and can only be attached to a model field using `Annotated` metadata or by assignment. This may have happened because an `Annotated` type alias using the `type` statement was used, or if the `Field()` function was attached to a single member of a union type.
  warnings.warn(
/usr/local/lib/python3.11/site-packages/pydantic/_internal/_generate_schema.py:2249: UnsupportedFieldAttributeWarning: The 'frozen' attribute with value True was provided to the `Field()` function, which has no effect in the context it was used. 'frozen' is field-specific metadata, and can only be attached to a model field using `Annotated` metadata or by assignment. This may have happened because an `Annotated` type alias using the `type` statement was used, or if the `Field()` function was attached to a single member of a union type.
  warnings.warn(
/usr/local/lib/python3.11/site-packages/pydantic/_internal/_generate_schema.py:2249: UnsupportedFieldAttributeWarning: The 'frozen' attribute with value True was provided to the `Field()` function, which has no effect in the context it was used. 'frozen' is field-specific metadata, and can only be attached to a model field using `Annotated` metadata or by assignment. This may have happened because an `Annotated` type alias using the `type` statement was used, or if the `Field()` function was attached to a single member of a union type.
  warnings.warn(
/usr/local/lib/python3.11/site-packages/pydantic/_internal/_generate_schema.py:2249: UnsupportedFieldAttributeWarning: The 'frozen' attribute with value True was provided to the `Field()` function, which has no effect in the context it was used. 'frozen' is field-specific metadata, and can only be attached to a model field using `Annotated` metadata or by assignment. This may have happened because an `Annotated` type alias using the `type` statement was used, or if the `Field()` function was attached to a single member of a union type.
  warnings.warn(
/usr/local/lib/python3.11/site-packages/pydantic/_internal/_generate_schema.py:2249: UnsupportedFieldAttributeWarning: The 'frozen' attribute with value True was provided to the `Field()` function, which has no effect in the context it was used. 'frozen' is field-specific metadata, and can only be attached to a model field using `Annotated` metadata or by assignment. This may have happened because an `Annotated` type alias using the `type` statement was used, or if the `Field()` function was attached to a single member of a union type.
  warnings.warn(
/usr/local/lib/python3.11/site-packages/torch/distributed/distributed_c10d.py:4876: UserWarning: barrier(): using the device under current context. You can specify `device_id` in `init_process_group` to mute this warning.
  warnings.warn(  # warn only once
[rank0]:[W914 01:12:28.549806920 ProcessGroupNCCL.cpp:5068] Guessing device ID based on global rank. This can cause a hang if rank to GPU mapping is heterogeneous. You can specify device_id in init_process_group()
I0914 01:12:30.924157 140367510193344 logger_utils.py:84] Creating experiment directory at /experiment_runs/submissions_a100/ademamix_golden/study_1/librispeech_deepspeech_pytorch.
I0914 01:12:30.924156 139972024980672 logger_utils.py:84] Creating experiment directory at /experiment_runs/submissions_a100/ademamix_golden/study_1/librispeech_deepspeech_pytorch.
I0914 01:12:30.924155 140236360443072 logger_utils.py:84] Creating experiment directory at /experiment_runs/submissions_a100/ademamix_golden/study_1/librispeech_deepspeech_pytorch.
I0914 01:12:30.924177 140543438132416 logger_utils.py:84] Creating experiment directory at /experiment_runs/submissions_a100/ademamix_golden/study_1/librispeech_deepspeech_pytorch.
I0914 01:12:31.142054 140367510193344 submission_runner.py:741] Creating directory at /experiment_runs/submissions_a100/ademamix_golden/study_1/librispeech_deepspeech_pytorch/trial_1.
I0914 01:12:31.416460 140367510193344 submission_runner.py:242] Initializing dataset.
I0914 01:12:31.416654 140367510193344 input_pipeline.py:19] Loading split = train-clean-100
I0914 01:12:31.472396 140367510193344 input_pipeline.py:19] Loading split = train-clean-360
I0914 01:12:31.678717 140367510193344 input_pipeline.py:19] Loading split = train-other-500
I0914 01:12:32.195022 140367510193344 submission_runner.py:251] Initializing model.
W0914 01:12:46.125149 140543438132416 submission_runner.py:273] These workloads cannot be fully compiled under current PyTorch version. Proceeding without `torch.compile`.
W0914 01:12:46.126353 140236360443072 submission_runner.py:273] These workloads cannot be fully compiled under current PyTorch version. Proceeding without `torch.compile`.
W0914 01:12:46.126463 140367510193344 submission_runner.py:273] These workloads cannot be fully compiled under current PyTorch version. Proceeding without `torch.compile`.
W0914 01:12:46.127544 139972024980672 submission_runner.py:273] These workloads cannot be fully compiled under current PyTorch version. Proceeding without `torch.compile`.
I0914 01:12:50.216230 140367510193344 submission_runner.py:294] Initializing optimizer.
I0914 01:12:50.216846 140367510193344 submission_runner.py:299] Initializing metrics bundle.
I0914 01:12:50.216994 140367510193344 submission_runner.py:321] Initializing checkpoint and logger.
I0914 01:12:50.219242 140367510193344 submission_runner.py:344] Saving meta data to /experiment_runs/submissions_a100/ademamix_golden/study_1/librispeech_deepspeech_pytorch/trial_1/meta_data_0.json.
I0914 01:12:50.219470 140367510193344 logger_utils.py:283] Unable to record workload.train_mean information. Continuing without it.
I0914 01:12:50.219392 140236360443072 logger_utils.py:283] Unable to record workload.train_mean information. Continuing without it.
I0914 01:12:50.219399 139972024980672 logger_utils.py:283] Unable to record workload.train_mean information. Continuing without it.
I0914 01:12:50.219430 140543438132416 logger_utils.py:283] Unable to record workload.train_mean information. Continuing without it.
I0914 01:12:50.219528 140367510193344 logger_utils.py:283] Unable to record workload.train_stddev information. Continuing without it.
I0914 01:12:50.219546 140236360443072 logger_utils.py:283] Unable to record workload.train_stddev information. Continuing without it.
I0914 01:12:50.219548 139972024980672 logger_utils.py:283] Unable to record workload.train_stddev information. Continuing without it.
I0914 01:12:50.219591 140543438132416 logger_utils.py:283] Unable to record workload.train_stddev information. Continuing without it.
I0914 01:12:50.652910 140367510193344 submission_runner.py:348] Saving flags to /experiment_runs/submissions_a100/ademamix_golden/study_1/librispeech_deepspeech_pytorch/trial_1/flags_0.json.
I0914 01:12:50.667478 140367510193344 submission_runner.py:359] Starting training loop.
/usr/local/lib/python3.11/multiprocessing/popen_fork.py:66: RuntimeWarning: os.fork() was called. os.fork() is incompatible with multithreaded code, and JAX is multithreaded, so this will likely lead to a deadlock.
  self.pid = os.fork()
/usr/local/lib/python3.11/multiprocessing/popen_fork.py:66: RuntimeWarning: os.fork() was called. os.fork() is incompatible with multithreaded code, and JAX is multithreaded, so this will likely lead to a deadlock.
  self.pid = os.fork()
/usr/local/lib/python3.11/multiprocessing/popen_fork.py:66: RuntimeWarning: os.fork() was called. os.fork() is incompatible with multithreaded code, and JAX is multithreaded, so this will likely lead to a deadlock.
  self.pid = os.fork()
/usr/local/lib/python3.11/multiprocessing/popen_fork.py:66: RuntimeWarning: os.fork() was called. os.fork() is incompatible with multithreaded code, and JAX is multithreaded, so this will likely lead to a deadlock.
  self.pid = os.fork()
/algorithmic-efficiency/algoperf/workloads/librispeech_conformer/librispeech_pytorch/preprocessor.py:516: UserWarning: Specified kernel cache directory could not be created! This disables kernel caching. Specified directory is /root/.cache/torch/kernels. This warning will appear only once per process. (Triggered internally at /pytorch/aten/src/ATen/native/cuda/jit_utils.cpp:1487.)
  spectrum = torch.abs(spectrum)
/algorithmic-efficiency/algoperf/workloads/librispeech_conformer/librispeech_pytorch/preprocessor.py:516: UserWarning: Specified kernel cache directory could not be created! This disables kernel caching. Specified directory is /root/.cache/torch/kernels. This warning will appear only once per process. (Triggered internally at /pytorch/aten/src/ATen/native/cuda/jit_utils.cpp:1487.)
  spectrum = torch.abs(spectrum)
/algorithmic-efficiency/algoperf/workloads/librispeech_conformer/librispeech_pytorch/preprocessor.py:516: UserWarning: Specified kernel cache directory could not be created! This disables kernel caching. Specified directory is /root/.cache/torch/kernels. This warning will appear only once per process. (Triggered internally at /pytorch/aten/src/ATen/native/cuda/jit_utils.cpp:1487.)
  spectrum = torch.abs(spectrum)
I0914 01:13:54.615807 140350540322560 logging_writer.py:48] [0] global_step=0, grad_norm=0.5, loss=33.564
I0914 01:13:54.845523 140367510193344 submission.py:307] 0) loss = 33.564, grad_norm = 0.500
I0914 01:13:55.478986 140367510193344 spec.py:333] Evaluating on the training split.
I0914 01:13:55.480007 140367510193344 input_pipeline.py:19] Loading split = train-clean-100
I0914 01:13:55.505170 140367510193344 input_pipeline.py:19] Loading split = train-clean-360
I0914 01:13:55.597079 140367510193344 input_pipeline.py:19] Loading split = train-other-500
/usr/local/lib/python3.11/multiprocessing/popen_fork.py:66: RuntimeWarning: os.fork() was called. os.fork() is incompatible with multithreaded code, and JAX is multithreaded, so this will likely lead to a deadlock.
  self.pid = os.fork()
/usr/local/lib/python3.11/multiprocessing/popen_fork.py:66: RuntimeWarning: os.fork() was called. os.fork() is incompatible with multithreaded code, and JAX is multithreaded, so this will likely lead to a deadlock.
  self.pid = os.fork()
/usr/local/lib/python3.11/multiprocessing/popen_fork.py:66: RuntimeWarning: os.fork() was called. os.fork() is incompatible with multithreaded code, and JAX is multithreaded, so this will likely lead to a deadlock.
  self.pid = os.fork()
/usr/local/lib/python3.11/multiprocessing/popen_fork.py:66: RuntimeWarning: os.fork() was called. os.fork() is incompatible with multithreaded code, and JAX is multithreaded, so this will likely lead to a deadlock.
  self.pid = os.fork()
I0914 01:14:30.042919 140367510193344 spec.py:346] Evaluating on the validation split.
I0914 01:14:30.044176 140367510193344 input_pipeline.py:19] Loading split = dev-clean
I0914 01:14:30.062897 140367510193344 input_pipeline.py:19] Loading split = dev-other
/usr/local/lib/python3.11/multiprocessing/popen_fork.py:66: RuntimeWarning: os.fork() was called. os.fork() is incompatible with multithreaded code, and JAX is multithreaded, so this will likely lead to a deadlock.
  self.pid = os.fork()
/usr/local/lib/python3.11/multiprocessing/popen_fork.py:66: RuntimeWarning: os.fork() was called. os.fork() is incompatible with multithreaded code, and JAX is multithreaded, so this will likely lead to a deadlock.
  self.pid = os.fork()
/usr/local/lib/python3.11/multiprocessing/popen_fork.py:66: RuntimeWarning: os.fork() was called. os.fork() is incompatible with multithreaded code, and JAX is multithreaded, so this will likely lead to a deadlock.
  self.pid = os.fork()
/usr/local/lib/python3.11/multiprocessing/popen_fork.py:66: RuntimeWarning: os.fork() was called. os.fork() is incompatible with multithreaded code, and JAX is multithreaded, so this will likely lead to a deadlock.
  self.pid = os.fork()
I0914 01:14:56.547351 140367510193344 spec.py:363] Evaluating on the test split.
I0914 01:14:56.548458 140367510193344 input_pipeline.py:19] Loading split = test-clean
/usr/local/lib/python3.11/multiprocessing/popen_fork.py:66: RuntimeWarning: os.fork() was called. os.fork() is incompatible with multithreaded code, and JAX is multithreaded, so this will likely lead to a deadlock.
  self.pid = os.fork()
/usr/local/lib/python3.11/multiprocessing/popen_fork.py:66: RuntimeWarning: os.fork() was called. os.fork() is incompatible with multithreaded code, and JAX is multithreaded, so this will likely lead to a deadlock.
  self.pid = os.fork()
/usr/local/lib/python3.11/multiprocessing/popen_fork.py:66: RuntimeWarning: os.fork() was called. os.fork() is incompatible with multithreaded code, and JAX is multithreaded, so this will likely lead to a deadlock.
  self.pid = os.fork()
/usr/local/lib/python3.11/multiprocessing/popen_fork.py:66: RuntimeWarning: os.fork() was called. os.fork() is incompatible with multithreaded code, and JAX is multithreaded, so this will likely lead to a deadlock.
  self.pid = os.fork()
I0914 01:15:08.395165 140367510193344 submission_runner.py:516] Time since start: 137.73s, 	Step: 1, 	{'train/ctc_loss': 30.424191357629397, 'train/wer': 1.9979008261786941, 'validation/ctc_loss': 29.203894163150494, 'validation/wer': 1.817293487181963, 'validation/num_examples': 5348, 'test/ctc_loss': 29.431779469643203, 'test/wer': 2.0699733918306826, 'test/num_examples': 2472, 'score': 64.17994022369385, 'total_duration': 137.72752594947815, 'accumulated_submission_time': 64.17994022369385, 'accumulated_eval_time': 72.91593790054321, 'accumulated_logging_time': 0}
I0914 01:15:08.476550 140347820734208 logging_writer.py:48] [1] accumulated_eval_time=72.9159, accumulated_logging_time=0, accumulated_submission_time=64.1799, global_step=1, preemption_count=0, score=64.1799, test/ctc_loss=29.4318, test/num_examples=2472, test/wer=2.06997, total_duration=137.728, train/ctc_loss=30.4242, train/wer=1.9979, validation/ctc_loss=29.2039, validation/num_examples=5348, validation/wer=1.81729
I0914 01:15:10.023494 140347812341504 logging_writer.py:48] [1] global_step=1, grad_norm=0.5, loss=32.9492
I0914 01:15:10.026724 140367510193344 submission.py:307] 1) loss = 32.949, grad_norm = 0.500
I0914 01:15:10.813390 140347820734208 logging_writer.py:48] [2] global_step=2, grad_norm=0.5, loss=33.5158
I0914 01:15:10.816715 140367510193344 submission.py:307] 2) loss = 33.516, grad_norm = 0.500
I0914 01:15:11.368971 140347812341504 logging_writer.py:48] [3] global_step=3, grad_norm=0.5, loss=33.549
I0914 01:15:11.372151 140367510193344 submission.py:307] 3) loss = 33.549, grad_norm = 0.500
I0914 01:15:11.924476 140347820734208 logging_writer.py:48] [4] global_step=4, grad_norm=0.5, loss=33.0034
I0914 01:15:11.928159 140367510193344 submission.py:307] 4) loss = 33.003, grad_norm = 0.500
I0914 01:15:12.477031 140347812341504 logging_writer.py:48] [5] global_step=5, grad_norm=0.5, loss=33.1146
I0914 01:15:12.480616 140367510193344 submission.py:307] 5) loss = 33.115, grad_norm = 0.500
I0914 01:15:13.036382 140347820734208 logging_writer.py:48] [6] global_step=6, grad_norm=0.5, loss=33.2035
I0914 01:15:13.039447 140367510193344 submission.py:307] 6) loss = 33.204, grad_norm = 0.500
I0914 01:15:13.586102 140347812341504 logging_writer.py:48] [7] global_step=7, grad_norm=0.5, loss=31.9263
I0914 01:15:13.589149 140367510193344 submission.py:307] 7) loss = 31.926, grad_norm = 0.500
I0914 01:15:14.136313 140347820734208 logging_writer.py:48] [8] global_step=8, grad_norm=0.5, loss=32.1967
I0914 01:15:14.139292 140367510193344 submission.py:307] 8) loss = 32.197, grad_norm = 0.500
I0914 01:15:14.688286 140347812341504 logging_writer.py:48] [9] global_step=9, grad_norm=0.5, loss=31.6871
I0914 01:15:14.691538 140367510193344 submission.py:307] 9) loss = 31.687, grad_norm = 0.500
I0914 01:15:15.827447 140347820734208 logging_writer.py:48] [10] global_step=10, grad_norm=0.5, loss=31.477
I0914 01:15:15.830601 140367510193344 submission.py:307] 10) loss = 31.477, grad_norm = 0.500
I0914 01:15:16.668335 140347812341504 logging_writer.py:48] [11] global_step=11, grad_norm=0.5, loss=31.2849
I0914 01:15:16.671520 140367510193344 submission.py:307] 11) loss = 31.285, grad_norm = 0.500
I0914 01:15:17.660396 140347820734208 logging_writer.py:48] [12] global_step=12, grad_norm=0.5, loss=31.0215
I0914 01:15:17.663484 140367510193344 submission.py:307] 12) loss = 31.021, grad_norm = 0.500
I0914 01:15:20.349486 140347812341504 logging_writer.py:48] [13] global_step=13, grad_norm=0.5, loss=30.4822
I0914 01:15:20.352599 140367510193344 submission.py:307] 13) loss = 30.482, grad_norm = 0.500
I0914 01:15:21.223099 140347820734208 logging_writer.py:48] [14] global_step=14, grad_norm=0.5, loss=29.9339
I0914 01:15:21.226194 140367510193344 submission.py:307] 14) loss = 29.934, grad_norm = 0.500
I0914 01:15:22.220360 140347812341504 logging_writer.py:48] [15] global_step=15, grad_norm=0.5, loss=28.8034
I0914 01:15:22.223482 140367510193344 submission.py:307] 15) loss = 28.803, grad_norm = 0.500
I0914 01:15:23.192504 140347820734208 logging_writer.py:48] [16] global_step=16, grad_norm=0.5, loss=28.968
I0914 01:15:23.195545 140367510193344 submission.py:307] 16) loss = 28.968, grad_norm = 0.500
I0914 01:15:25.670973 140347812341504 logging_writer.py:48] [17] global_step=17, grad_norm=0.5, loss=28.6417
I0914 01:15:25.674137 140367510193344 submission.py:307] 17) loss = 28.642, grad_norm = 0.500
I0914 01:15:26.840403 140347820734208 logging_writer.py:48] [18] global_step=18, grad_norm=0.5, loss=27.9443
I0914 01:15:26.843498 140367510193344 submission.py:307] 18) loss = 27.944, grad_norm = 0.500
I0914 01:15:27.984046 140347812341504 logging_writer.py:48] [19] global_step=19, grad_norm=0.5, loss=27.4773
I0914 01:15:27.987203 140367510193344 submission.py:307] 19) loss = 27.477, grad_norm = 0.500
I0914 01:15:29.218903 140347820734208 logging_writer.py:48] [20] global_step=20, grad_norm=0.5, loss=26.7731
I0914 01:15:29.221974 140367510193344 submission.py:307] 20) loss = 26.773, grad_norm = 0.500
I0914 01:15:31.316745 140347812341504 logging_writer.py:48] [21] global_step=21, grad_norm=0.5, loss=26.7852
I0914 01:15:31.319867 140367510193344 submission.py:307] 21) loss = 26.785, grad_norm = 0.500
I0914 01:15:32.914737 140347820734208 logging_writer.py:48] [22] global_step=22, grad_norm=0.5, loss=26.6641
I0914 01:15:32.917902 140367510193344 submission.py:307] 22) loss = 26.664, grad_norm = 0.500
I0914 01:15:33.737715 140347812341504 logging_writer.py:48] [23] global_step=23, grad_norm=0.5, loss=25.7734
I0914 01:15:33.740712 140367510193344 submission.py:307] 23) loss = 25.773, grad_norm = 0.500
I0914 01:15:34.616261 140347820734208 logging_writer.py:48] [24] global_step=24, grad_norm=0.5, loss=25.3918
I0914 01:15:34.619469 140367510193344 submission.py:307] 24) loss = 25.392, grad_norm = 0.500
I0914 01:15:36.846212 140347812341504 logging_writer.py:48] [25] global_step=25, grad_norm=0.5, loss=25.0635
I0914 01:15:36.849305 140367510193344 submission.py:307] 25) loss = 25.063, grad_norm = 0.500
I0914 01:15:38.477385 140347820734208 logging_writer.py:48] [26] global_step=26, grad_norm=0.5, loss=24.3544
I0914 01:15:38.480468 140367510193344 submission.py:307] 26) loss = 24.354, grad_norm = 0.500
I0914 01:15:39.776504 140347812341504 logging_writer.py:48] [27] global_step=27, grad_norm=0.5, loss=24.1507
I0914 01:15:39.779467 140367510193344 submission.py:307] 27) loss = 24.151, grad_norm = 0.500
I0914 01:15:40.349715 140347820734208 logging_writer.py:48] [28] global_step=28, grad_norm=0.5, loss=23.2114
I0914 01:15:40.352882 140367510193344 submission.py:307] 28) loss = 23.211, grad_norm = 0.500
I0914 01:15:42.322992 140347812341504 logging_writer.py:48] [29] global_step=29, grad_norm=0.5, loss=22.484
I0914 01:15:42.326074 140367510193344 submission.py:307] 29) loss = 22.484, grad_norm = 0.500
I0914 01:15:44.178560 140347820734208 logging_writer.py:48] [30] global_step=30, grad_norm=0.5, loss=21.6145
I0914 01:15:44.181658 140367510193344 submission.py:307] 30) loss = 21.615, grad_norm = 0.500
I0914 01:15:45.304557 140347812341504 logging_writer.py:48] [31] global_step=31, grad_norm=0.5, loss=21.1035
I0914 01:15:45.307900 140367510193344 submission.py:307] 31) loss = 21.103, grad_norm = 0.500
I0914 01:15:45.853435 140347820734208 logging_writer.py:48] [32] global_step=32, grad_norm=0.5, loss=20.5497
I0914 01:15:45.856453 140367510193344 submission.py:307] 32) loss = 20.550, grad_norm = 0.500
I0914 01:15:47.722735 140347812341504 logging_writer.py:48] [33] global_step=33, grad_norm=0.5, loss=20.0577
I0914 01:15:47.725760 140367510193344 submission.py:307] 33) loss = 20.058, grad_norm = 0.500
I0914 01:15:50.198375 140347820734208 logging_writer.py:48] [34] global_step=34, grad_norm=0.5, loss=19.5763
I0914 01:15:50.201422 140367510193344 submission.py:307] 34) loss = 19.576, grad_norm = 0.500
I0914 01:15:50.864790 140347812341504 logging_writer.py:48] [35] global_step=35, grad_norm=0.5, loss=18.793
I0914 01:15:50.867864 140367510193344 submission.py:307] 35) loss = 18.793, grad_norm = 0.500
I0914 01:15:51.452874 140347820734208 logging_writer.py:48] [36] global_step=36, grad_norm=0.5, loss=17.8167
I0914 01:15:51.455876 140367510193344 submission.py:307] 36) loss = 17.817, grad_norm = 0.500
I0914 01:15:53.412421 140347812341504 logging_writer.py:48] [37] global_step=37, grad_norm=0.5, loss=16.8213
I0914 01:15:53.415491 140367510193344 submission.py:307] 37) loss = 16.821, grad_norm = 0.500
I0914 01:15:55.925027 140347820734208 logging_writer.py:48] [38] global_step=38, grad_norm=0.5, loss=16.6202
I0914 01:15:55.928246 140367510193344 submission.py:307] 38) loss = 16.620, grad_norm = 0.500
I0914 01:15:56.492069 140347812341504 logging_writer.py:48] [39] global_step=39, grad_norm=0.5, loss=16.0219
I0914 01:15:56.495178 140367510193344 submission.py:307] 39) loss = 16.022, grad_norm = 0.500
I0914 01:15:57.058189 140347820734208 logging_writer.py:48] [40] global_step=40, grad_norm=0.5, loss=15.0965
I0914 01:15:57.061320 140367510193344 submission.py:307] 40) loss = 15.097, grad_norm = 0.500
I0914 01:15:58.506327 140347812341504 logging_writer.py:48] [41] global_step=41, grad_norm=0.5, loss=14.4207
I0914 01:15:58.509430 140367510193344 submission.py:307] 41) loss = 14.421, grad_norm = 0.500
I0914 01:16:01.745688 140347820734208 logging_writer.py:48] [42] global_step=42, grad_norm=0.5, loss=13.4161
I0914 01:16:01.748666 140367510193344 submission.py:307] 42) loss = 13.416, grad_norm = 0.500
I0914 01:16:02.321455 140347812341504 logging_writer.py:48] [43] global_step=43, grad_norm=0.5, loss=13.2337
I0914 01:16:02.324794 140367510193344 submission.py:307] 43) loss = 13.234, grad_norm = 0.500
I0914 01:16:02.878126 140347820734208 logging_writer.py:48] [44] global_step=44, grad_norm=0.5, loss=12.3824
I0914 01:16:02.881202 140367510193344 submission.py:307] 44) loss = 12.382, grad_norm = 0.500
I0914 01:16:04.143689 140347812341504 logging_writer.py:48] [45] global_step=45, grad_norm=0.5, loss=11.7818
I0914 01:16:04.146823 140367510193344 submission.py:307] 45) loss = 11.782, grad_norm = 0.500
I0914 01:16:07.096979 140347820734208 logging_writer.py:48] [46] global_step=46, grad_norm=0.5, loss=11.0139
I0914 01:16:07.099997 140367510193344 submission.py:307] 46) loss = 11.014, grad_norm = 0.500
I0914 01:16:07.645421 140347812341504 logging_writer.py:48] [47] global_step=47, grad_norm=0.5, loss=10.6998
I0914 01:16:07.648555 140367510193344 submission.py:307] 47) loss = 10.700, grad_norm = 0.500
I0914 01:16:08.196866 140347820734208 logging_writer.py:48] [48] global_step=48, grad_norm=0.5, loss=10.7406
I0914 01:16:08.199895 140367510193344 submission.py:307] 48) loss = 10.741, grad_norm = 0.500
I0914 01:16:09.489574 140347812341504 logging_writer.py:48] [49] global_step=49, grad_norm=0.5, loss=10.2929
I0914 01:16:09.492601 140367510193344 submission.py:307] 49) loss = 10.293, grad_norm = 0.500
I0914 01:16:12.288501 140347820734208 logging_writer.py:48] [50] global_step=50, grad_norm=0.5, loss=9.86059
I0914 01:16:12.291611 140367510193344 submission.py:307] 50) loss = 9.861, grad_norm = 0.500
I0914 01:16:12.835295 140347812341504 logging_writer.py:48] [51] global_step=51, grad_norm=0.5, loss=9.26183
I0914 01:16:12.838509 140367510193344 submission.py:307] 51) loss = 9.262, grad_norm = 0.500
I0914 01:16:13.386771 140347820734208 logging_writer.py:48] [52] global_step=52, grad_norm=0.5, loss=9.01916
I0914 01:16:13.390399 140367510193344 submission.py:307] 52) loss = 9.019, grad_norm = 0.500
I0914 01:16:15.342009 140347812341504 logging_writer.py:48] [53] global_step=53, grad_norm=0.5, loss=8.87979
I0914 01:16:15.345155 140367510193344 submission.py:307] 53) loss = 8.880, grad_norm = 0.500
I0914 01:16:17.873898 140347820734208 logging_writer.py:48] [54] global_step=54, grad_norm=0.5, loss=8.6538
I0914 01:16:17.877005 140367510193344 submission.py:307] 54) loss = 8.654, grad_norm = 0.500
I0914 01:16:18.429029 140347812341504 logging_writer.py:48] [55] global_step=55, grad_norm=0.5, loss=8.58598
I0914 01:16:18.432072 140367510193344 submission.py:307] 55) loss = 8.586, grad_norm = 0.500
I0914 01:16:19.007438 140347820734208 logging_writer.py:48] [56] global_step=56, grad_norm=0.5, loss=8.23762
I0914 01:16:19.010659 140367510193344 submission.py:307] 56) loss = 8.238, grad_norm = 0.500
I0914 01:16:20.954285 140347812341504 logging_writer.py:48] [57] global_step=57, grad_norm=0.5, loss=8.13659
I0914 01:16:20.957363 140367510193344 submission.py:307] 57) loss = 8.137, grad_norm = 0.500
I0914 01:16:23.289526 140347820734208 logging_writer.py:48] [58] global_step=58, grad_norm=0.5, loss=7.82268
I0914 01:16:23.292781 140367510193344 submission.py:307] 58) loss = 7.823, grad_norm = 0.500
I0914 01:16:23.839562 140347812341504 logging_writer.py:48] [59] global_step=59, grad_norm=0.5, loss=7.802
I0914 01:16:23.842623 140367510193344 submission.py:307] 59) loss = 7.802, grad_norm = 0.500
I0914 01:16:24.393388 140347820734208 logging_writer.py:48] [60] global_step=60, grad_norm=0.5, loss=7.54337
I0914 01:16:24.396443 140367510193344 submission.py:307] 60) loss = 7.543, grad_norm = 0.500
I0914 01:16:26.457166 140347812341504 logging_writer.py:48] [61] global_step=61, grad_norm=0.5, loss=7.44107
I0914 01:16:26.460223 140367510193344 submission.py:307] 61) loss = 7.441, grad_norm = 0.500
I0914 01:16:28.488309 140347820734208 logging_writer.py:48] [62] global_step=62, grad_norm=0.5, loss=7.38207
I0914 01:16:28.491348 140367510193344 submission.py:307] 62) loss = 7.382, grad_norm = 0.500
I0914 01:16:29.041439 140347812341504 logging_writer.py:48] [63] global_step=63, grad_norm=0.5, loss=7.42942
I0914 01:16:29.044590 140367510193344 submission.py:307] 63) loss = 7.429, grad_norm = 0.500
I0914 01:16:29.614014 140347820734208 logging_writer.py:48] [64] global_step=64, grad_norm=0.5, loss=7.25326
I0914 01:16:29.617103 140367510193344 submission.py:307] 64) loss = 7.253, grad_norm = 0.500
I0914 01:16:31.963891 140347812341504 logging_writer.py:48] [65] global_step=65, grad_norm=0.5, loss=7.13664
I0914 01:16:31.966941 140367510193344 submission.py:307] 65) loss = 7.137, grad_norm = 0.500
I0914 01:16:34.291993 140347820734208 logging_writer.py:48] [66] global_step=66, grad_norm=0.5, loss=7.17767
I0914 01:16:34.295140 140367510193344 submission.py:307] 66) loss = 7.178, grad_norm = 0.500
I0914 01:16:34.838530 140347812341504 logging_writer.py:48] [67] global_step=67, grad_norm=0.5, loss=7.10601
I0914 01:16:34.841636 140367510193344 submission.py:307] 67) loss = 7.106, grad_norm = 0.500
I0914 01:16:35.397982 140347820734208 logging_writer.py:48] [68] global_step=68, grad_norm=0.5, loss=7.03311
I0914 01:16:35.400987 140367510193344 submission.py:307] 68) loss = 7.033, grad_norm = 0.500
I0914 01:16:37.542260 140347812341504 logging_writer.py:48] [69] global_step=69, grad_norm=0.5, loss=7.00554
I0914 01:16:37.545309 140367510193344 submission.py:307] 69) loss = 7.006, grad_norm = 0.500
I0914 01:16:39.885007 140347820734208 logging_writer.py:48] [70] global_step=70, grad_norm=0.5, loss=6.96517
I0914 01:16:39.888087 140367510193344 submission.py:307] 70) loss = 6.965, grad_norm = 0.500
I0914 01:16:40.431286 140347812341504 logging_writer.py:48] [71] global_step=71, grad_norm=0.5, loss=7.04484
I0914 01:16:40.434375 140367510193344 submission.py:307] 71) loss = 7.045, grad_norm = 0.500
I0914 01:16:40.980496 140347820734208 logging_writer.py:48] [72] global_step=72, grad_norm=0.5, loss=6.80661
I0914 01:16:40.983623 140367510193344 submission.py:307] 72) loss = 6.807, grad_norm = 0.500
I0914 01:16:43.133606 140347812341504 logging_writer.py:48] [73] global_step=73, grad_norm=0.5, loss=6.85859
I0914 01:16:43.136629 140367510193344 submission.py:307] 73) loss = 6.859, grad_norm = 0.500
I0914 01:16:45.623062 140347820734208 logging_writer.py:48] [74] global_step=74, grad_norm=0.5, loss=6.82518
I0914 01:16:45.626369 140367510193344 submission.py:307] 74) loss = 6.825, grad_norm = 0.500
I0914 01:16:46.190363 140347812341504 logging_writer.py:48] [75] global_step=75, grad_norm=0.5, loss=6.77251
I0914 01:16:46.193485 140367510193344 submission.py:307] 75) loss = 6.773, grad_norm = 0.500
I0914 01:16:46.747005 140347820734208 logging_writer.py:48] [76] global_step=76, grad_norm=0.5, loss=6.78786
I0914 01:16:46.750228 140367510193344 submission.py:307] 76) loss = 6.788, grad_norm = 0.500
I0914 01:16:48.284423 140347812341504 logging_writer.py:48] [77] global_step=77, grad_norm=0.5, loss=6.72257
I0914 01:16:48.287485 140367510193344 submission.py:307] 77) loss = 6.723, grad_norm = 0.500
I0914 01:16:51.335582 140347820734208 logging_writer.py:48] [78] global_step=78, grad_norm=0.5, loss=6.72423
I0914 01:16:51.338682 140367510193344 submission.py:307] 78) loss = 6.724, grad_norm = 0.500
I0914 01:16:51.885935 140347812341504 logging_writer.py:48] [79] global_step=79, grad_norm=0.5, loss=6.69594
I0914 01:16:51.888958 140367510193344 submission.py:307] 79) loss = 6.696, grad_norm = 0.500
I0914 01:16:52.438976 140347820734208 logging_writer.py:48] [80] global_step=80, grad_norm=0.5, loss=6.62187
I0914 01:16:52.442046 140367510193344 submission.py:307] 80) loss = 6.622, grad_norm = 0.500
I0914 01:16:53.619705 140347812341504 logging_writer.py:48] [81] global_step=81, grad_norm=0.5, loss=6.6357
I0914 01:16:53.622833 140367510193344 submission.py:307] 81) loss = 6.636, grad_norm = 0.500
I0914 01:16:56.956908 140347820734208 logging_writer.py:48] [82] global_step=82, grad_norm=0.5, loss=6.61925
I0914 01:16:56.959973 140367510193344 submission.py:307] 82) loss = 6.619, grad_norm = 0.500
I0914 01:16:57.501852 140347812341504 logging_writer.py:48] [83] global_step=83, grad_norm=0.5, loss=6.55001
I0914 01:16:57.504951 140367510193344 submission.py:307] 83) loss = 6.550, grad_norm = 0.500
I0914 01:16:58.071292 140347820734208 logging_writer.py:48] [84] global_step=84, grad_norm=0.5, loss=6.49666
I0914 01:16:58.074453 140367510193344 submission.py:307] 84) loss = 6.497, grad_norm = 0.500
I0914 01:16:59.029566 140347812341504 logging_writer.py:48] [85] global_step=85, grad_norm=0.5, loss=6.43787
I0914 01:16:59.032735 140367510193344 submission.py:307] 85) loss = 6.438, grad_norm = 0.500
I0914 01:17:02.351478 140347820734208 logging_writer.py:48] [86] global_step=86, grad_norm=0.5, loss=6.40718
I0914 01:17:02.354617 140367510193344 submission.py:307] 86) loss = 6.407, grad_norm = 0.500
I0914 01:17:02.912523 140347812341504 logging_writer.py:48] [87] global_step=87, grad_norm=0.5, loss=6.3454
I0914 01:17:02.915570 140367510193344 submission.py:307] 87) loss = 6.345, grad_norm = 0.500
I0914 01:17:03.466839 140347820734208 logging_writer.py:48] [88] global_step=88, grad_norm=0.5, loss=6.31585
I0914 01:17:03.469977 140367510193344 submission.py:307] 88) loss = 6.316, grad_norm = 0.500
I0914 01:17:04.638857 140347812341504 logging_writer.py:48] [89] global_step=89, grad_norm=0.5, loss=6.2926
I0914 01:17:04.642112 140367510193344 submission.py:307] 89) loss = 6.293, grad_norm = 0.500
I0914 01:17:07.882502 140347820734208 logging_writer.py:48] [90] global_step=90, grad_norm=0.5, loss=6.21976
I0914 01:17:07.885675 140367510193344 submission.py:307] 90) loss = 6.220, grad_norm = 0.500
I0914 01:17:08.444208 140347812341504 logging_writer.py:48] [91] global_step=91, grad_norm=0.5, loss=6.18248
I0914 01:17:08.447351 140367510193344 submission.py:307] 91) loss = 6.182, grad_norm = 0.500
I0914 01:17:09.002679 140347820734208 logging_writer.py:48] [92] global_step=92, grad_norm=0.5, loss=6.12457
I0914 01:17:09.005835 140367510193344 submission.py:307] 92) loss = 6.125, grad_norm = 0.500
I0914 01:17:10.076134 140347812341504 logging_writer.py:48] [93] global_step=93, grad_norm=0.5, loss=6.10385
I0914 01:17:10.079272 140367510193344 submission.py:307] 93) loss = 6.104, grad_norm = 0.500
I0914 01:17:12.874891 140347820734208 logging_writer.py:48] [94] global_step=94, grad_norm=0.5, loss=6.08601
I0914 01:17:12.878169 140367510193344 submission.py:307] 94) loss = 6.086, grad_norm = 0.500
I0914 01:17:13.428203 140347812341504 logging_writer.py:48] [95] global_step=95, grad_norm=0.5, loss=6.05647
I0914 01:17:13.431322 140367510193344 submission.py:307] 95) loss = 6.056, grad_norm = 0.500
I0914 01:17:13.983976 140347820734208 logging_writer.py:48] [96] global_step=96, grad_norm=0.499999, loss=6.0507
I0914 01:17:13.987083 140367510193344 submission.py:307] 96) loss = 6.051, grad_norm = 0.500
I0914 01:17:15.569726 140347812341504 logging_writer.py:48] [97] global_step=97, grad_norm=0.499999, loss=6.00343
I0914 01:17:15.573441 140367510193344 submission.py:307] 97) loss = 6.003, grad_norm = 0.500
I0914 01:17:18.432234 140347820734208 logging_writer.py:48] [98] global_step=98, grad_norm=0.5, loss=6.02465
I0914 01:17:18.435425 140367510193344 submission.py:307] 98) loss = 6.025, grad_norm = 0.500
I0914 01:17:18.991559 140347812341504 logging_writer.py:48] [99] global_step=99, grad_norm=0.5, loss=5.98735
I0914 01:17:18.995120 140367510193344 submission.py:307] 99) loss = 5.987, grad_norm = 0.500
I0914 01:17:19.540607 140347820734208 logging_writer.py:48] [100] global_step=100, grad_norm=0.5, loss=5.99951
I0914 01:17:19.543656 140367510193344 submission.py:307] 100) loss = 6.000, grad_norm = 0.500
I0914 01:26:26.756277 140347812341504 logging_writer.py:48] [500] global_step=500, grad_norm=0.5, loss=4.66848
I0914 01:26:26.760203 140367510193344 submission.py:307] 500) loss = 4.668, grad_norm = 0.500
I0914 01:37:59.238751 140347820734208 logging_writer.py:48] [1000] global_step=1000, grad_norm=0.5, loss=3.09927
I0914 01:37:59.242559 140367510193344 submission.py:307] 1000) loss = 3.099, grad_norm = 0.500
/usr/local/lib/python3.11/multiprocessing/popen_fork.py:66: RuntimeWarning: os.fork() was called. os.fork() is incompatible with multithreaded code, and JAX is multithreaded, so this will likely lead to a deadlock.
  self.pid = os.fork()
I0914 01:39:16.347339 140367510193344 spec.py:333] Evaluating on the training split.
I0914 01:39:29.997584 140367510193344 spec.py:346] Evaluating on the validation split.
I0914 01:39:49.961484 140367510193344 spec.py:363] Evaluating on the test split.
I0914 01:40:00.124588 140367510193344 submission_runner.py:516] Time since start: 1629.46s, 	Step: 1091, 	{'train/ctc_loss': 6.6299591170909435, 'train/wer': 0.9415415166935583, 'validation/ctc_loss': 6.5073090120805706, 'validation/wer': 0.896519094288611, 'validation/num_examples': 5348, 'test/ctc_loss': 6.470239208981225, 'test/wer': 0.8993154997664168, 'test/num_examples': 2472, 'score': 1510.1516211032867, 'total_duration': 1629.4568991661072, 'accumulated_submission_time': 1510.1516211032867, 'accumulated_eval_time': 116.69307732582092, 'accumulated_logging_time': 0.09182500839233398}
I0914 01:40:00.251374 140347820734208 logging_writer.py:48] [1091] accumulated_eval_time=116.693, accumulated_logging_time=0.091825, accumulated_submission_time=1510.15, global_step=1091, preemption_count=0, score=1510.15, test/ctc_loss=6.47024, test/num_examples=2472, test/wer=0.899315, total_duration=1629.46, train/ctc_loss=6.62996, train/wer=0.941542, validation/ctc_loss=6.50731, validation/num_examples=5348, validation/wer=0.896519
I0914 01:45:12.518090 140347812341504 logging_writer.py:48] [1500] global_step=1500, grad_norm=0.5, loss=2.65516
I0914 01:45:12.522221 140367510193344 submission.py:307] 1500) loss = 2.655, grad_norm = 0.500
I0914 01:55:58.376465 140347820734208 logging_writer.py:48] [2000] global_step=2000, grad_norm=0.5, loss=2.33123
I0914 01:55:58.380567 140367510193344 submission.py:307] 2000) loss = 2.331, grad_norm = 0.500
/usr/local/lib/python3.11/multiprocessing/popen_fork.py:66: RuntimeWarning: os.fork() was called. os.fork() is incompatible with multithreaded code, and JAX is multithreaded, so this will likely lead to a deadlock.
  self.pid = os.fork()
I0914 02:01:34.820207 140347820734208 logging_writer.py:48] [2500] global_step=2500, grad_norm=0.5, loss=2.27837
I0914 02:01:34.827739 140367510193344 submission.py:307] 2500) loss = 2.278, grad_norm = 0.500
I0914 02:04:09.038982 140367510193344 spec.py:333] Evaluating on the training split.
/usr/local/lib/python3.11/multiprocessing/popen_fork.py:66: RuntimeWarning: os.fork() was called. os.fork() is incompatible with multithreaded code, and JAX is multithreaded, so this will likely lead to a deadlock.
  self.pid = os.fork()
I0914 02:04:24.250022 140367510193344 spec.py:346] Evaluating on the validation split.
I0914 02:04:44.514497 140367510193344 spec.py:363] Evaluating on the test split.
I0914 02:04:54.761846 140367510193344 submission_runner.py:516] Time since start: 3124.09s, 	Step: 2694, 	{'train/ctc_loss': 5.42037396233919, 'train/wer': 0.9354544522451447, 'validation/ctc_loss': 5.29343221004119, 'validation/wer': 0.8926085067349008, 'validation/num_examples': 5348, 'test/ctc_loss': 5.134036066843022, 'test/wer': 0.893242337456584, 'test/num_examples': 2472, 'score': 2956.7598633766174, 'total_duration': 3124.094222545624, 'accumulated_submission_time': 2956.7598633766174, 'accumulated_eval_time': 162.41574835777283, 'accumulated_logging_time': 0.22876238822937012}
I0914 02:04:54.940270 140347820734208 logging_writer.py:48] [2694] accumulated_eval_time=162.416, accumulated_logging_time=0.228762, accumulated_submission_time=2956.76, global_step=2694, preemption_count=0, score=2956.76, test/ctc_loss=5.13404, test/num_examples=2472, test/wer=0.893242, total_duration=3124.09, train/ctc_loss=5.42037, train/wer=0.935454, validation/ctc_loss=5.29343, validation/num_examples=5348, validation/wer=0.892609
I0914 02:10:58.631908 140347812341504 logging_writer.py:48] [3000] global_step=3000, grad_norm=0.5, loss=2.14062
I0914 02:10:58.636255 140367510193344 submission.py:307] 3000) loss = 2.141, grad_norm = 0.500
/usr/local/lib/python3.11/multiprocessing/popen_fork.py:66: RuntimeWarning: os.fork() was called. os.fork() is incompatible with multithreaded code, and JAX is multithreaded, so this will likely lead to a deadlock.
  self.pid = os.fork()
I0914 02:16:42.028352 140347820734208 logging_writer.py:48] [3500] global_step=3500, grad_norm=0.5, loss=2.0026
I0914 02:16:42.035819 140367510193344 submission.py:307] 3500) loss = 2.003, grad_norm = 0.500
I0914 02:24:04.158747 140347812341504 logging_writer.py:48] [4000] global_step=4000, grad_norm=0.5, loss=1.91275
I0914 02:24:04.162911 140367510193344 submission.py:307] 4000) loss = 1.913, grad_norm = 0.500
/usr/local/lib/python3.11/multiprocessing/popen_fork.py:66: RuntimeWarning: os.fork() was called. os.fork() is incompatible with multithreaded code, and JAX is multithreaded, so this will likely lead to a deadlock.
  self.pid = os.fork()
I0914 02:29:02.920372 140367510193344 spec.py:333] Evaluating on the training split.
I0914 02:29:18.595292 140367510193344 spec.py:346] Evaluating on the validation split.
I0914 02:29:38.318853 140367510193344 spec.py:363] Evaluating on the test split.
I0914 02:29:48.753180 140367510193344 submission_runner.py:516] Time since start: 4618.09s, 	Step: 4397, 	{'train/ctc_loss': 0.7364908717024884, 'train/wer': 0.22863186750921424, 'validation/ctc_loss': 0.9592859575924252, 'validation/wer': 0.26521508231545404, 'validation/num_examples': 5348, 'test/ctc_loss': 0.6292866172817602, 'test/wer': 0.19675827189080494, 'test/num_examples': 2472, 'score': 4402.464949607849, 'total_duration': 4618.085517883301, 'accumulated_submission_time': 4402.464949607849, 'accumulated_eval_time': 208.24845600128174, 'accumulated_logging_time': 0.41771411895751953}
I0914 02:29:48.785576 140347820734208 logging_writer.py:48] [4397] accumulated_eval_time=208.248, accumulated_logging_time=0.417714, accumulated_submission_time=4402.46, global_step=4397, preemption_count=0, score=4402.46, test/ctc_loss=0.629287, test/num_examples=2472, test/wer=0.196758, total_duration=4618.09, train/ctc_loss=0.736491, train/wer=0.228632, validation/ctc_loss=0.959286, validation/num_examples=5348, validation/wer=0.265215
I0914 02:30:47.852434 140347812341504 logging_writer.py:48] [4500] global_step=4500, grad_norm=0.5, loss=1.83466
I0914 02:30:47.856017 140367510193344 submission.py:307] 4500) loss = 1.835, grad_norm = 0.500
I0914 02:38:12.074011 140347820734208 logging_writer.py:48] [5000] global_step=5000, grad_norm=0.5, loss=1.78626
I0914 02:38:12.078053 140367510193344 submission.py:307] 5000) loss = 1.786, grad_norm = 0.500
/usr/local/lib/python3.11/multiprocessing/popen_fork.py:66: RuntimeWarning: os.fork() was called. os.fork() is incompatible with multithreaded code, and JAX is multithreaded, so this will likely lead to a deadlock.
  self.pid = os.fork()
I0914 02:44:18.890266 140347820734208 logging_writer.py:48] [5500] global_step=5500, grad_norm=0.5, loss=1.76914
I0914 02:44:18.897541 140367510193344 submission.py:307] 5500) loss = 1.769, grad_norm = 0.500
I0914 02:51:00.769636 140347812341504 logging_writer.py:48] [6000] global_step=6000, grad_norm=0.5, loss=1.66213
I0914 02:51:00.773916 140367510193344 submission.py:307] 6000) loss = 1.662, grad_norm = 0.500
I0914 02:53:57.526077 140367510193344 spec.py:333] Evaluating on the training split.
/usr/local/lib/python3.11/multiprocessing/popen_fork.py:66: RuntimeWarning: os.fork() was called. os.fork() is incompatible with multithreaded code, and JAX is multithreaded, so this will likely lead to a deadlock.
  self.pid = os.fork()
I0914 02:54:13.429793 140367510193344 spec.py:346] Evaluating on the validation split.
I0914 02:54:33.300405 140367510193344 spec.py:363] Evaluating on the test split.
I0914 02:54:43.776950 140367510193344 submission_runner.py:516] Time since start: 6113.11s, 	Step: 6152, 	{'train/ctc_loss': 0.564567527578269, 'train/wer': 0.18293571347626422, 'validation/ctc_loss': 0.8027857833534258, 'validation/wer': 0.22731617824554629, 'validation/num_examples': 5348, 'test/ctc_loss': 0.49343879040583266, 'test/wer': 0.15859281376312637, 'test/num_examples': 2472, 'score': 5848.90784907341, 'total_duration': 6113.109282255173, 'accumulated_submission_time': 5848.90784907341, 'accumulated_eval_time': 254.4990930557251, 'accumulated_logging_time': 0.46029186248779297}
I0914 02:54:43.808921 140347820734208 logging_writer.py:48] [6152] accumulated_eval_time=254.499, accumulated_logging_time=0.460292, accumulated_submission_time=5848.91, global_step=6152, preemption_count=0, score=5848.91, test/ctc_loss=0.493439, test/num_examples=2472, test/wer=0.158593, total_duration=6113.11, train/ctc_loss=0.564568, train/wer=0.182936, validation/ctc_loss=0.802786, validation/num_examples=5348, validation/wer=0.227316
/usr/local/lib/python3.11/multiprocessing/popen_fork.py:66: RuntimeWarning: os.fork() was called. os.fork() is incompatible with multithreaded code, and JAX is multithreaded, so this will likely lead to a deadlock.
  self.pid = os.fork()
I0914 02:58:09.119921 140347820734208 logging_writer.py:48] [6500] global_step=6500, grad_norm=0.5, loss=1.66411
I0914 02:58:09.126978 140367510193344 submission.py:307] 6500) loss = 1.664, grad_norm = 0.500
I0914 03:04:44.494704 140347812341504 logging_writer.py:48] [7000] global_step=7000, grad_norm=0.5, loss=1.69131
I0914 03:04:44.498869 140367510193344 submission.py:307] 7000) loss = 1.691, grad_norm = 0.500
/usr/local/lib/python3.11/multiprocessing/popen_fork.py:66: RuntimeWarning: os.fork() was called. os.fork() is incompatible with multithreaded code, and JAX is multithreaded, so this will likely lead to a deadlock.
  self.pid = os.fork()
I0914 03:11:23.986433 140347820734208 logging_writer.py:48] [7500] global_step=7500, grad_norm=0.5, loss=1.65192
I0914 03:11:23.993794 140367510193344 submission.py:307] 7500) loss = 1.652, grad_norm = 0.500
I0914 03:17:34.196652 140347812341504 logging_writer.py:48] [8000] global_step=8000, grad_norm=0.5, loss=1.54514
I0914 03:17:34.200795 140367510193344 submission.py:307] 8000) loss = 1.545, grad_norm = 0.500
I0914 03:18:51.592248 140367510193344 spec.py:333] Evaluating on the training split.
/usr/local/lib/python3.11/multiprocessing/popen_fork.py:66: RuntimeWarning: os.fork() was called. os.fork() is incompatible with multithreaded code, and JAX is multithreaded, so this will likely lead to a deadlock.
  self.pid = os.fork()
I0914 03:19:08.375442 140367510193344 spec.py:346] Evaluating on the validation split.
I0914 03:19:28.206618 140367510193344 spec.py:363] Evaluating on the test split.
I0914 03:19:38.593672 140367510193344 submission_runner.py:516] Time since start: 7607.93s, 	Step: 8069, 	{'train/ctc_loss': 0.4789078483051961, 'train/wer': 0.15715742724393048, 'validation/ctc_loss': 0.727484416597599, 'validation/wer': 0.2075218461835562, 'validation/num_examples': 5348, 'test/ctc_loss': 0.43258496515904254, 'test/wer': 0.1398046026039445, 'test/num_examples': 2472, 'score': 7294.322849035263, 'total_duration': 7607.926026582718, 'accumulated_submission_time': 7294.322849035263, 'accumulated_eval_time': 301.5002896785736, 'accumulated_logging_time': 0.502281665802002}
I0914 03:19:38.624888 140347820734208 logging_writer.py:48] [8069] accumulated_eval_time=301.5, accumulated_logging_time=0.502282, accumulated_submission_time=7294.32, global_step=8069, preemption_count=0, score=7294.32, test/ctc_loss=0.432585, test/num_examples=2472, test/wer=0.139805, total_duration=7607.93, train/ctc_loss=0.478908, train/wer=0.157157, validation/ctc_loss=0.727484, validation/num_examples=5348, validation/wer=0.207522
/usr/local/lib/python3.11/multiprocessing/popen_fork.py:66: RuntimeWarning: os.fork() was called. os.fork() is incompatible with multithreaded code, and JAX is multithreaded, so this will likely lead to a deadlock.
  self.pid = os.fork()
I0914 03:25:20.396697 140347820734208 logging_writer.py:48] [8500] global_step=8500, grad_norm=0.5, loss=1.51583
I0914 03:25:20.404296 140367510193344 submission.py:307] 8500) loss = 1.516, grad_norm = 0.500
I0914 03:31:16.145877 140347812341504 logging_writer.py:48] [9000] global_step=9000, grad_norm=0.5, loss=1.57761
I0914 03:31:16.150352 140367510193344 submission.py:307] 9000) loss = 1.578, grad_norm = 0.500
/usr/local/lib/python3.11/multiprocessing/popen_fork.py:66: RuntimeWarning: os.fork() was called. os.fork() is incompatible with multithreaded code, and JAX is multithreaded, so this will likely lead to a deadlock.
  self.pid = os.fork()
I0914 03:38:24.160569 140347820734208 logging_writer.py:48] [9500] global_step=9500, grad_norm=0.5, loss=1.55171
I0914 03:38:24.167780 140367510193344 submission.py:307] 9500) loss = 1.552, grad_norm = 0.500
I0914 03:43:46.977684 140367510193344 spec.py:333] Evaluating on the training split.
/usr/local/lib/python3.11/multiprocessing/popen_fork.py:66: RuntimeWarning: os.fork() was called. os.fork() is incompatible with multithreaded code, and JAX is multithreaded, so this will likely lead to a deadlock.
  self.pid = os.fork()
I0914 03:44:04.438347 140367510193344 spec.py:346] Evaluating on the validation split.
I0914 03:44:24.029486 140367510193344 spec.py:363] Evaluating on the test split.
I0914 03:44:34.730237 140367510193344 submission_runner.py:516] Time since start: 9104.06s, 	Step: 9980, 	{'train/ctc_loss': 0.41243009587092727, 'train/wer': 0.13754175413224257, 'validation/ctc_loss': 0.659895283931083, 'validation/wer': 0.18920484719741226, 'validation/num_examples': 5348, 'test/ctc_loss': 0.37929803434899023, 'test/wer': 0.12272256413381269, 'test/num_examples': 2472, 'score': 8740.309307813644, 'total_duration': 9104.06256055832, 'accumulated_submission_time': 8740.309307813644, 'accumulated_eval_time': 349.25259923934937, 'accumulated_logging_time': 0.5435240268707275}
I0914 03:44:34.924870 140347820734208 logging_writer.py:48] [9980] accumulated_eval_time=349.253, accumulated_logging_time=0.543524, accumulated_submission_time=8740.31, global_step=9980, preemption_count=0, score=8740.31, test/ctc_loss=0.379298, test/num_examples=2472, test/wer=0.122723, total_duration=9104.06, train/ctc_loss=0.41243, train/wer=0.137542, validation/ctc_loss=0.659895, validation/num_examples=5348, validation/wer=0.189205
I0914 03:44:52.181195 140347812341504 logging_writer.py:48] [10000] global_step=10000, grad_norm=0.5, loss=1.55636
I0914 03:44:52.184899 140367510193344 submission.py:307] 10000) loss = 1.556, grad_norm = 0.500
/usr/local/lib/python3.11/multiprocessing/popen_fork.py:66: RuntimeWarning: os.fork() was called. os.fork() is incompatible with multithreaded code, and JAX is multithreaded, so this will likely lead to a deadlock.
  self.pid = os.fork()
I0914 03:52:20.897331 140347820734208 logging_writer.py:48] [10500] global_step=10500, grad_norm=0.5, loss=1.55252
I0914 03:52:20.904947 140367510193344 submission.py:307] 10500) loss = 1.553, grad_norm = 0.500
I0914 03:57:45.211893 140347812341504 logging_writer.py:48] [11000] global_step=11000, grad_norm=0.5, loss=1.50845
I0914 03:57:45.278979 140367510193344 submission.py:307] 11000) loss = 1.508, grad_norm = 0.500
/usr/local/lib/python3.11/multiprocessing/popen_fork.py:66: RuntimeWarning: os.fork() was called. os.fork() is incompatible with multithreaded code, and JAX is multithreaded, so this will likely lead to a deadlock.
  self.pid = os.fork()
I0914 04:05:19.723007 140347820734208 logging_writer.py:48] [11500] global_step=11500, grad_norm=0.5, loss=1.63311
I0914 04:05:19.732021 140367510193344 submission.py:307] 11500) loss = 1.633, grad_norm = 0.500
I0914 04:08:43.477206 140367510193344 spec.py:333] Evaluating on the training split.
/usr/local/lib/python3.11/multiprocessing/popen_fork.py:66: RuntimeWarning: os.fork() was called. os.fork() is incompatible with multithreaded code, and JAX is multithreaded, so this will likely lead to a deadlock.
  self.pid = os.fork()
I0914 04:09:00.693689 140367510193344 spec.py:346] Evaluating on the validation split.
I0914 04:09:20.685445 140367510193344 spec.py:363] Evaluating on the test split.
I0914 04:09:31.304190 140367510193344 submission_runner.py:516] Time since start: 10600.64s, 	Step: 11859, 	{'train/ctc_loss': 0.3743213390753654, 'train/wer': 0.12639832497800993, 'validation/ctc_loss': 0.624480716765873, 'validation/wer': 0.1779944962101096, 'validation/num_examples': 5348, 'test/ctc_loss': 0.34782813608942514, 'test/wer': 0.11248552799951252, 'test/num_examples': 2472, 'score': 10185.611597776413, 'total_duration': 10600.63650560379, 'accumulated_submission_time': 10185.611597776413, 'accumulated_eval_time': 397.0793631076813, 'accumulated_logging_time': 0.7489340305328369}
I0914 04:09:31.515865 140347820734208 logging_writer.py:48] [11859] accumulated_eval_time=397.079, accumulated_logging_time=0.748934, accumulated_submission_time=10185.6, global_step=11859, preemption_count=0, score=10185.6, test/ctc_loss=0.347828, test/num_examples=2472, test/wer=0.112486, total_duration=10600.6, train/ctc_loss=0.374321, train/wer=0.126398, validation/ctc_loss=0.624481, validation/num_examples=5348, validation/wer=0.177994
I0914 04:11:29.866893 140347812341504 logging_writer.py:48] [12000] global_step=12000, grad_norm=0.5, loss=1.5476
I0914 04:11:29.871514 140367510193344 submission.py:307] 12000) loss = 1.548, grad_norm = 0.500
/usr/local/lib/python3.11/multiprocessing/popen_fork.py:66: RuntimeWarning: os.fork() was called. os.fork() is incompatible with multithreaded code, and JAX is multithreaded, so this will likely lead to a deadlock.
  self.pid = os.fork()
I0914 04:19:25.189220 140347820734208 logging_writer.py:48] [12500] global_step=12500, grad_norm=0.5, loss=1.44531
I0914 04:19:25.196569 140367510193344 submission.py:307] 12500) loss = 1.445, grad_norm = 0.500
I0914 04:24:27.795586 140347812341504 logging_writer.py:48] [13000] global_step=13000, grad_norm=0.5, loss=1.47073
I0914 04:24:27.799681 140367510193344 submission.py:307] 13000) loss = 1.471, grad_norm = 0.500
/usr/local/lib/python3.11/multiprocessing/popen_fork.py:66: RuntimeWarning: os.fork() was called. os.fork() is incompatible with multithreaded code, and JAX is multithreaded, so this will likely lead to a deadlock.
  self.pid = os.fork()
I0914 04:32:22.397188 140347820734208 logging_writer.py:48] [13500] global_step=13500, grad_norm=0.5, loss=1.37697
I0914 04:32:22.406190 140367510193344 submission.py:307] 13500) loss = 1.377, grad_norm = 0.500
I0914 04:33:39.566699 140367510193344 spec.py:333] Evaluating on the training split.
/usr/local/lib/python3.11/multiprocessing/popen_fork.py:66: RuntimeWarning: os.fork() was called. os.fork() is incompatible with multithreaded code, and JAX is multithreaded, so this will likely lead to a deadlock.
  self.pid = os.fork()
I0914 04:33:54.779821 140367510193344 spec.py:346] Evaluating on the validation split.
I0914 04:34:14.291843 140367510193344 spec.py:363] Evaluating on the test split.
I0914 04:34:24.672649 140367510193344 submission_runner.py:516] Time since start: 12094.01s, 	Step: 13641, 	{'train/ctc_loss': 0.3424478947239814, 'train/wer': 0.11636654057233516, 'validation/ctc_loss': 0.5873597650755977, 'validation/wer': 0.1672959011248974, 'validation/num_examples': 5348, 'test/ctc_loss': 0.33118094312536295, 'test/wer': 0.10795604574167733, 'test/num_examples': 2472, 'score': 11631.358527183533, 'total_duration': 12094.005010128021, 'accumulated_submission_time': 11631.358527183533, 'accumulated_eval_time': 442.1850917339325, 'accumulated_logging_time': 0.9710085391998291}
I0914 04:34:24.739052 140347820734208 logging_writer.py:48] [13641] accumulated_eval_time=442.185, accumulated_logging_time=0.971009, accumulated_submission_time=11631.4, global_step=13641, preemption_count=0, score=11631.4, test/ctc_loss=0.331181, test/num_examples=2472, test/wer=0.107956, total_duration=12094, train/ctc_loss=0.342448, train/wer=0.116367, validation/ctc_loss=0.58736, validation/num_examples=5348, validation/wer=0.167296
I0914 04:38:17.698074 140347812341504 logging_writer.py:48] [14000] global_step=14000, grad_norm=0.5, loss=1.41682
I0914 04:38:17.702269 140367510193344 submission.py:307] 14000) loss = 1.417, grad_norm = 0.500
/usr/local/lib/python3.11/multiprocessing/popen_fork.py:66: RuntimeWarning: os.fork() was called. os.fork() is incompatible with multithreaded code, and JAX is multithreaded, so this will likely lead to a deadlock.
  self.pid = os.fork()
I0914 04:46:28.055385 140347820734208 logging_writer.py:48] [14500] global_step=14500, grad_norm=0.5, loss=1.46324
I0914 04:46:28.062833 140367510193344 submission.py:307] 14500) loss = 1.463, grad_norm = 0.500
I0914 04:51:18.866571 140347812341504 logging_writer.py:48] [15000] global_step=15000, grad_norm=0.5, loss=1.43787
I0914 04:51:18.871168 140367510193344 submission.py:307] 15000) loss = 1.438, grad_norm = 0.500
I0914 04:58:33.062359 140367510193344 spec.py:333] Evaluating on the training split.
/usr/local/lib/python3.11/multiprocessing/popen_fork.py:66: RuntimeWarning: os.fork() was called. os.fork() is incompatible with multithreaded code, and JAX is multithreaded, so this will likely lead to a deadlock.
  self.pid = os.fork()
I0914 04:58:48.809632 140367510193344 spec.py:346] Evaluating on the validation split.
I0914 04:59:09.147345 140367510193344 spec.py:363] Evaluating on the test split.
I0914 04:59:19.660404 140367510193344 submission_runner.py:516] Time since start: 13588.99s, 	Step: 15423, 	{'train/ctc_loss': 0.32713955400386246, 'train/wer': 0.11158538888679032, 'validation/ctc_loss': 0.5830462216037523, 'validation/wer': 0.16389706947327765, 'validation/num_examples': 5348, 'test/ctc_loss': 0.3212276296051358, 'test/wer': 0.10415778035057786, 'test/num_examples': 2472, 'score': 13077.367248296738, 'total_duration': 13588.992755651474, 'accumulated_submission_time': 13077.367248296738, 'accumulated_eval_time': 488.7829692363739, 'accumulated_logging_time': 1.0474531650543213}
I0914 04:59:19.720378 140347820734208 logging_writer.py:48] [15423] accumulated_eval_time=488.783, accumulated_logging_time=1.04745, accumulated_submission_time=13077.4, global_step=15423, preemption_count=0, score=13077.4, test/ctc_loss=0.321228, test/num_examples=2472, test/wer=0.104158, total_duration=13589, train/ctc_loss=0.32714, train/wer=0.111585, validation/ctc_loss=0.583046, validation/num_examples=5348, validation/wer=0.163897
/usr/local/lib/python3.11/multiprocessing/popen_fork.py:66: RuntimeWarning: os.fork() was called. os.fork() is incompatible with multithreaded code, and JAX is multithreaded, so this will likely lead to a deadlock.
  self.pid = os.fork()
I0914 05:00:17.299145 140347820734208 logging_writer.py:48] [15500] global_step=15500, grad_norm=0.5, loss=1.37777
I0914 05:00:17.305870 140367510193344 submission.py:307] 15500) loss = 1.378, grad_norm = 0.500
I0914 05:05:06.508023 140347812341504 logging_writer.py:48] [16000] global_step=16000, grad_norm=0.5, loss=1.42588
I0914 05:05:06.512081 140367510193344 submission.py:307] 16000) loss = 1.426, grad_norm = 0.500
/usr/local/lib/python3.11/multiprocessing/popen_fork.py:66: RuntimeWarning: os.fork() was called. os.fork() is incompatible with multithreaded code, and JAX is multithreaded, so this will likely lead to a deadlock.
  self.pid = os.fork()
I0914 05:13:25.138251 140347820734208 logging_writer.py:48] [16500] global_step=16500, grad_norm=0.5, loss=1.3671
I0914 05:13:25.145623 140367510193344 submission.py:307] 16500) loss = 1.367, grad_norm = 0.500
I0914 05:18:05.338862 140347812341504 logging_writer.py:48] [17000] global_step=17000, grad_norm=0.5, loss=1.33842
I0914 05:18:05.343201 140367510193344 submission.py:307] 17000) loss = 1.338, grad_norm = 0.500
I0914 05:23:27.481438 140367510193344 spec.py:333] Evaluating on the training split.
/usr/local/lib/python3.11/multiprocessing/popen_fork.py:66: RuntimeWarning: os.fork() was called. os.fork() is incompatible with multithreaded code, and JAX is multithreaded, so this will likely lead to a deadlock.
  self.pid = os.fork()
I0914 05:23:43.458703 140367510193344 spec.py:346] Evaluating on the validation split.
I0914 05:24:03.944919 140367510193344 spec.py:363] Evaluating on the test split.
I0914 05:24:14.585870 140367510193344 submission_runner.py:516] Time since start: 15083.92s, 	Step: 17342, 	{'train/ctc_loss': 0.3086408433911581, 'train/wer': 0.1064912498448554, 'validation/ctc_loss': 0.5636925462596695, 'validation/wer': 0.16074928788683435, 'validation/num_examples': 5348, 'test/ctc_loss': 0.3085389581585909, 'test/wer': 0.10019702232242601, 'test/num_examples': 2472, 'score': 14522.733395814896, 'total_duration': 15083.918245077133, 'accumulated_submission_time': 14522.733395814896, 'accumulated_eval_time': 535.8872499465942, 'accumulated_logging_time': 1.1191730499267578}
I0914 05:24:14.870142 140347820734208 logging_writer.py:48] [17342] accumulated_eval_time=535.887, accumulated_logging_time=1.11917, accumulated_submission_time=14522.7, global_step=17342, preemption_count=0, score=14522.7, test/ctc_loss=0.308539, test/num_examples=2472, test/wer=0.100197, total_duration=15083.9, train/ctc_loss=0.308641, train/wer=0.106491, validation/ctc_loss=0.563693, validation/num_examples=5348, validation/wer=0.160749
I0914 05:27:16.769597 140347812341504 logging_writer.py:48] [17500] global_step=17500, grad_norm=0.5, loss=1.38965
I0914 05:27:16.773827 140367510193344 submission.py:307] 17500) loss = 1.390, grad_norm = 0.500
/usr/local/lib/python3.11/multiprocessing/popen_fork.py:66: RuntimeWarning: os.fork() was called. os.fork() is incompatible with multithreaded code, and JAX is multithreaded, so this will likely lead to a deadlock.
  self.pid = os.fork()
I0914 05:32:04.858697 140347820734208 logging_writer.py:48] [18000] global_step=18000, grad_norm=0.5, loss=1.34737
I0914 05:32:04.866001 140367510193344 submission.py:307] 18000) loss = 1.347, grad_norm = 0.500
I0914 05:40:01.342240 140347812341504 logging_writer.py:48] [18500] global_step=18500, grad_norm=0.5, loss=1.50418
I0914 05:40:01.346529 140367510193344 submission.py:307] 18500) loss = 1.504, grad_norm = 0.500
/usr/local/lib/python3.11/multiprocessing/popen_fork.py:66: RuntimeWarning: os.fork() was called. os.fork() is incompatible with multithreaded code, and JAX is multithreaded, so this will likely lead to a deadlock.
  self.pid = os.fork()
I0914 05:44:59.112002 140347820734208 logging_writer.py:48] [19000] global_step=19000, grad_norm=0.5, loss=1.4048
I0914 05:44:59.119277 140367510193344 submission.py:307] 19000) loss = 1.405, grad_norm = 0.500
I0914 05:48:23.239828 140367510193344 spec.py:333] Evaluating on the training split.
/usr/local/lib/python3.11/multiprocessing/popen_fork.py:66: RuntimeWarning: os.fork() was called. os.fork() is incompatible with multithreaded code, and JAX is multithreaded, so this will likely lead to a deadlock.
  self.pid = os.fork()
I0914 05:48:40.733793 140367510193344 spec.py:346] Evaluating on the validation split.
I0914 05:49:01.284548 140367510193344 spec.py:363] Evaluating on the test split.
I0914 05:49:11.683429 140367510193344 submission_runner.py:516] Time since start: 16581.02s, 	Step: 19260, 	{'train/ctc_loss': 0.2974399627065632, 'train/wer': 0.10311314492933502, 'validation/ctc_loss': 0.5551025930216495, 'validation/wer': 0.156558682952735, 'validation/num_examples': 5348, 'test/ctc_loss': 0.3041775124604813, 'test/wer': 0.09863303069079682, 'test/num_examples': 2472, 'score': 15967.952255010605, 'total_duration': 16581.015773534775, 'accumulated_submission_time': 15967.952255010605, 'accumulated_eval_time': 584.3306908607483, 'accumulated_logging_time': 1.4141464233398438}
I0914 05:49:11.816794 140347820734208 logging_writer.py:48] [19260] accumulated_eval_time=584.331, accumulated_logging_time=1.41415, accumulated_submission_time=15968, global_step=19260, preemption_count=0, score=15968, test/ctc_loss=0.304178, test/num_examples=2472, test/wer=0.098633, total_duration=16581, train/ctc_loss=0.29744, train/wer=0.103113, validation/ctc_loss=0.555103, validation/num_examples=5348, validation/wer=0.156559
I0914 05:53:37.850569 140347812341504 logging_writer.py:48] [19500] global_step=19500, grad_norm=0.5, loss=1.36655
I0914 05:53:37.854670 140367510193344 submission.py:307] 19500) loss = 1.367, grad_norm = 0.500
/usr/local/lib/python3.11/multiprocessing/popen_fork.py:66: RuntimeWarning: os.fork() was called. os.fork() is incompatible with multithreaded code, and JAX is multithreaded, so this will likely lead to a deadlock.
  self.pid = os.fork()
I0914 05:58:59.620061 140347820734208 logging_writer.py:48] [20000] global_step=20000, grad_norm=0.5, loss=1.3697
I0914 05:58:59.627506 140367510193344 submission.py:307] 20000) loss = 1.370, grad_norm = 0.500
I0914 06:06:24.231401 140347812341504 logging_writer.py:48] [20500] global_step=20500, grad_norm=0.5, loss=1.45767
I0914 06:06:24.235812 140367510193344 submission.py:307] 20500) loss = 1.458, grad_norm = 0.500
/usr/local/lib/python3.11/multiprocessing/popen_fork.py:66: RuntimeWarning: os.fork() was called. os.fork() is incompatible with multithreaded code, and JAX is multithreaded, so this will likely lead to a deadlock.
  self.pid = os.fork()
I0914 06:11:57.343790 140347820734208 logging_writer.py:48] [21000] global_step=21000, grad_norm=0.5, loss=1.40277
I0914 06:11:57.351487 140367510193344 submission.py:307] 21000) loss = 1.403, grad_norm = 0.500
I0914 06:13:19.593070 140367510193344 spec.py:333] Evaluating on the training split.
/usr/local/lib/python3.11/multiprocessing/popen_fork.py:66: RuntimeWarning: os.fork() was called. os.fork() is incompatible with multithreaded code, and JAX is multithreaded, so this will likely lead to a deadlock.
  self.pid = os.fork()
I0914 06:13:35.906004 140367510193344 spec.py:346] Evaluating on the validation split.
I0914 06:13:55.467765 140367510193344 spec.py:363] Evaluating on the test split.
I0914 06:14:05.953304 140367510193344 submission_runner.py:516] Time since start: 18075.29s, 	Step: 21132, 	{'train/ctc_loss': 0.28055885807597547, 'train/wer': 0.09743620184446687, 'validation/ctc_loss': 0.5357545098076151, 'validation/wer': 0.15392265726838217, 'validation/num_examples': 5348, 'test/ctc_loss': 0.2917021864313827, 'test/wer': 0.09465196108301342, 'test/num_examples': 2472, 'score': 17413.341284513474, 'total_duration': 18075.28558087349, 'accumulated_submission_time': 17413.341284513474, 'accumulated_eval_time': 630.6906733512878, 'accumulated_logging_time': 1.559232234954834}
I0914 06:14:06.012763 140347820734208 logging_writer.py:48] [21132] accumulated_eval_time=630.691, accumulated_logging_time=1.55923, accumulated_submission_time=17413.3, global_step=21132, preemption_count=0, score=17413.3, test/ctc_loss=0.291702, test/num_examples=2472, test/wer=0.094652, total_duration=18075.3, train/ctc_loss=0.280559, train/wer=0.0974362, validation/ctc_loss=0.535755, validation/num_examples=5348, validation/wer=0.153923
I0914 06:20:17.146582 140347812341504 logging_writer.py:48] [21500] global_step=21500, grad_norm=0.5, loss=1.34264
I0914 06:20:17.151045 140367510193344 submission.py:307] 21500) loss = 1.343, grad_norm = 0.500
/usr/local/lib/python3.11/multiprocessing/popen_fork.py:66: RuntimeWarning: os.fork() was called. os.fork() is incompatible with multithreaded code, and JAX is multithreaded, so this will likely lead to a deadlock.
  self.pid = os.fork()
I0914 06:26:15.277935 140347820734208 logging_writer.py:48] [22000] global_step=22000, grad_norm=0.5, loss=1.35761
I0914 06:26:15.285353 140367510193344 submission.py:307] 22000) loss = 1.358, grad_norm = 0.500
I0914 06:33:06.598905 140347812341504 logging_writer.py:48] [22500] global_step=22500, grad_norm=0.5, loss=1.34269
I0914 06:33:06.603330 140367510193344 submission.py:307] 22500) loss = 1.343, grad_norm = 0.500
/usr/local/lib/python3.11/multiprocessing/popen_fork.py:66: RuntimeWarning: os.fork() was called. os.fork() is incompatible with multithreaded code, and JAX is multithreaded, so this will likely lead to a deadlock.
  self.pid = os.fork()
I0914 06:38:14.011201 140367510193344 spec.py:333] Evaluating on the training split.
I0914 06:38:29.895202 140367510193344 spec.py:346] Evaluating on the validation split.
I0914 06:38:50.122935 140367510193344 spec.py:363] Evaluating on the test split.
I0914 06:39:00.732868 140367510193344 submission_runner.py:516] Time since start: 19570.07s, 	Step: 22884, 	{'train/ctc_loss': 0.26893214886367084, 'train/wer': 0.09478660198261302, 'validation/ctc_loss': 0.5277967615876783, 'validation/wer': 0.14999275817119684, 'validation/num_examples': 5348, 'test/ctc_loss': 0.28784231039099295, 'test/wer': 0.09178802835496516, 'test/num_examples': 2472, 'score': 18859.01353430748, 'total_duration': 19570.065182209015, 'accumulated_submission_time': 18859.01353430748, 'accumulated_eval_time': 677.4123427867889, 'accumulated_logging_time': 1.6290030479431152}
I0914 06:39:00.825212 140347820734208 logging_writer.py:48] [22884] accumulated_eval_time=677.412, accumulated_logging_time=1.629, accumulated_submission_time=18859, global_step=22884, preemption_count=0, score=18859, test/ctc_loss=0.287842, test/num_examples=2472, test/wer=0.091788, total_duration=19570.1, train/ctc_loss=0.268932, train/wer=0.0947866, validation/ctc_loss=0.527797, validation/num_examples=5348, validation/wer=0.149993
I0914 06:40:06.718025 140347812341504 logging_writer.py:48] [23000] global_step=23000, grad_norm=0.5, loss=1.37351
I0914 06:40:06.721877 140367510193344 submission.py:307] 23000) loss = 1.374, grad_norm = 0.500
I0914 06:46:59.439068 140347820734208 logging_writer.py:48] [23500] global_step=23500, grad_norm=0.5, loss=1.33489
I0914 06:46:59.443179 140367510193344 submission.py:307] 23500) loss = 1.335, grad_norm = 0.500
/usr/local/lib/python3.11/multiprocessing/popen_fork.py:66: RuntimeWarning: os.fork() was called. os.fork() is incompatible with multithreaded code, and JAX is multithreaded, so this will likely lead to a deadlock.
  self.pid = os.fork()
I0914 06:53:26.847877 140347820734208 logging_writer.py:48] [24000] global_step=24000, grad_norm=0.5, loss=1.32967
I0914 06:53:26.855159 140367510193344 submission.py:307] 24000) loss = 1.330, grad_norm = 0.500
I0914 06:59:43.245941 140347812341504 logging_writer.py:48] [24500] global_step=24500, grad_norm=0.5, loss=1.3507
I0914 06:59:43.250210 140367510193344 submission.py:307] 24500) loss = 1.351, grad_norm = 0.500
I0914 07:03:09.569687 140367510193344 spec.py:333] Evaluating on the training split.
/usr/local/lib/python3.11/multiprocessing/popen_fork.py:66: RuntimeWarning: os.fork() was called. os.fork() is incompatible with multithreaded code, and JAX is multithreaded, so this will likely lead to a deadlock.
  self.pid = os.fork()
I0914 07:03:25.960496 140367510193344 spec.py:346] Evaluating on the validation split.
I0914 07:03:46.258136 140367510193344 spec.py:363] Evaluating on the test split.
I0914 07:03:56.887773 140367510193344 submission_runner.py:516] Time since start: 21066.22s, 	Step: 24679, 	{'train/ctc_loss': 0.2497926942865039, 'train/wer': 0.08689176573436008, 'validation/ctc_loss': 0.5030040530188868, 'validation/wer': 0.14299232366146863, 'validation/num_examples': 5348, 'test/ctc_loss': 0.27204854950319374, 'test/wer': 0.08713667661934069, 'test/num_examples': 2472, 'score': 20305.428166627884, 'total_duration': 21066.22006201744, 'accumulated_submission_time': 20305.428166627884, 'accumulated_eval_time': 724.7301826477051, 'accumulated_logging_time': 1.7316012382507324}
I0914 07:03:56.945368 140347820734208 logging_writer.py:48] [24679] accumulated_eval_time=724.73, accumulated_logging_time=1.7316, accumulated_submission_time=20305.4, global_step=24679, preemption_count=0, score=20305.4, test/ctc_loss=0.272049, test/num_examples=2472, test/wer=0.0871367, total_duration=21066.2, train/ctc_loss=0.249793, train/wer=0.0868918, validation/ctc_loss=0.503004, validation/num_examples=5348, validation/wer=0.142992
/usr/local/lib/python3.11/multiprocessing/popen_fork.py:66: RuntimeWarning: os.fork() was called. os.fork() is incompatible with multithreaded code, and JAX is multithreaded, so this will likely lead to a deadlock.
  self.pid = os.fork()
I0914 07:07:15.809614 140347820734208 logging_writer.py:48] [25000] global_step=25000, grad_norm=0.5, loss=1.33202
I0914 07:07:15.816898 140367510193344 submission.py:307] 25000) loss = 1.332, grad_norm = 0.500
I0914 07:13:25.664070 140347812341504 logging_writer.py:48] [25500] global_step=25500, grad_norm=0.5, loss=1.2105
I0914 07:13:25.668401 140367510193344 submission.py:307] 25500) loss = 1.210, grad_norm = 0.500
/usr/local/lib/python3.11/multiprocessing/popen_fork.py:66: RuntimeWarning: os.fork() was called. os.fork() is incompatible with multithreaded code, and JAX is multithreaded, so this will likely lead to a deadlock.
  self.pid = os.fork()
I0914 07:20:26.802157 140347820734208 logging_writer.py:48] [26000] global_step=26000, grad_norm=0.5, loss=1.25662
I0914 07:20:26.809382 140367510193344 submission.py:307] 26000) loss = 1.257, grad_norm = 0.500
I0914 07:26:17.088825 140347812341504 logging_writer.py:48] [26500] global_step=26500, grad_norm=0.5, loss=1.23034
I0914 07:26:17.093028 140367510193344 submission.py:307] 26500) loss = 1.230, grad_norm = 0.500
I0914 07:28:06.864875 140367510193344 spec.py:333] Evaluating on the training split.
/usr/local/lib/python3.11/multiprocessing/popen_fork.py:66: RuntimeWarning: os.fork() was called. os.fork() is incompatible with multithreaded code, and JAX is multithreaded, so this will likely lead to a deadlock.
  self.pid = os.fork()
I0914 07:28:23.901822 140367510193344 spec.py:346] Evaluating on the validation split.
I0914 07:28:43.903407 140367510193344 spec.py:363] Evaluating on the test split.
I0914 07:28:54.451678 140367510193344 submission_runner.py:516] Time since start: 22563.78s, 	Step: 26599, 	{'train/ctc_loss': 0.2343841106029302, 'train/wer': 0.0825854914171312, 'validation/ctc_loss': 0.4907958444783504, 'validation/wer': 0.1400955921402018, 'validation/num_examples': 5348, 'test/ctc_loss': 0.26484289308987674, 'test/wer': 0.08538988077102756, 'test/num_examples': 2472, 'score': 21752.29531764984, 'total_duration': 22563.784057855606, 'accumulated_submission_time': 21752.29531764984, 'accumulated_eval_time': 772.3168234825134, 'accumulated_logging_time': 1.7998158931732178}
I0914 07:28:54.757494 140347820734208 logging_writer.py:48] [26599] accumulated_eval_time=772.317, accumulated_logging_time=1.79982, accumulated_submission_time=21752.3, global_step=26599, preemption_count=0, score=21752.3, test/ctc_loss=0.264843, test/num_examples=2472, test/wer=0.0853899, total_duration=22563.8, train/ctc_loss=0.234384, train/wer=0.0825855, validation/ctc_loss=0.490796, validation/num_examples=5348, validation/wer=0.140096
/usr/local/lib/python3.11/multiprocessing/popen_fork.py:66: RuntimeWarning: os.fork() was called. os.fork() is incompatible with multithreaded code, and JAX is multithreaded, so this will likely lead to a deadlock.
  self.pid = os.fork()
I0914 07:34:23.700980 140347820734208 logging_writer.py:48] [27000] global_step=27000, grad_norm=0.5, loss=1.30528
I0914 07:34:23.717366 140367510193344 submission.py:307] 27000) loss = 1.305, grad_norm = 0.500
I0914 07:39:59.784614 140347812341504 logging_writer.py:48] [27500] global_step=27500, grad_norm=0.5, loss=1.23653
I0914 07:39:59.788824 140367510193344 submission.py:307] 27500) loss = 1.237, grad_norm = 0.500
/usr/local/lib/python3.11/multiprocessing/popen_fork.py:66: RuntimeWarning: os.fork() was called. os.fork() is incompatible with multithreaded code, and JAX is multithreaded, so this will likely lead to a deadlock.
  self.pid = os.fork()
I0914 07:47:24.996914 140347820734208 logging_writer.py:48] [28000] global_step=28000, grad_norm=0.5, loss=1.21059
I0914 07:47:25.004380 140367510193344 submission.py:307] 28000) loss = 1.211, grad_norm = 0.500
I0914 07:52:51.071944 140347812341504 logging_writer.py:48] [28500] global_step=28500, grad_norm=0.5, loss=1.28114
I0914 07:52:51.076063 140367510193344 submission.py:307] 28500) loss = 1.281, grad_norm = 0.500
I0914 07:53:02.255570 140367510193344 spec.py:333] Evaluating on the training split.
/usr/local/lib/python3.11/multiprocessing/popen_fork.py:66: RuntimeWarning: os.fork() was called. os.fork() is incompatible with multithreaded code, and JAX is multithreaded, so this will likely lead to a deadlock.
  self.pid = os.fork()
I0914 07:53:19.022749 140367510193344 spec.py:346] Evaluating on the validation split.
I0914 07:53:38.741233 140367510193344 spec.py:363] Evaluating on the test split.
I0914 07:53:49.322037 140367510193344 submission_runner.py:516] Time since start: 24058.65s, 	Step: 28513, 	{'train/ctc_loss': 0.22169122386678844, 'train/wer': 0.07876488713568001, 'validation/ctc_loss': 0.47626268334337957, 'validation/wer': 0.13412832520639212, 'validation/num_examples': 5348, 'test/ctc_loss': 0.25575561326537194, 'test/wer': 0.08187597749476977, 'test/num_examples': 2472, 'score': 23197.384291172028, 'total_duration': 24058.654323339462, 'accumulated_submission_time': 23197.384291172028, 'accumulated_eval_time': 819.3830456733704, 'accumulated_logging_time': 2.1159608364105225}
I0914 07:53:49.387367 140347820734208 logging_writer.py:48] [28513] accumulated_eval_time=819.383, accumulated_logging_time=2.11596, accumulated_submission_time=23197.4, global_step=28513, preemption_count=0, score=23197.4, test/ctc_loss=0.255756, test/num_examples=2472, test/wer=0.081876, total_duration=24058.7, train/ctc_loss=0.221691, train/wer=0.0787649, validation/ctc_loss=0.476263, validation/num_examples=5348, validation/wer=0.134128
/usr/local/lib/python3.11/multiprocessing/popen_fork.py:66: RuntimeWarning: os.fork() was called. os.fork() is incompatible with multithreaded code, and JAX is multithreaded, so this will likely lead to a deadlock.
  self.pid = os.fork()
I0914 08:01:21.985845 140347820734208 logging_writer.py:48] [29000] global_step=29000, grad_norm=0.5, loss=1.18954
I0914 08:01:21.993497 140367510193344 submission.py:307] 29000) loss = 1.190, grad_norm = 0.500
I0914 08:06:32.860721 140347812341504 logging_writer.py:48] [29500] global_step=29500, grad_norm=0.5, loss=1.21399
I0914 08:06:32.864902 140367510193344 submission.py:307] 29500) loss = 1.214, grad_norm = 0.500
/usr/local/lib/python3.11/multiprocessing/popen_fork.py:66: RuntimeWarning: os.fork() was called. os.fork() is incompatible with multithreaded code, and JAX is multithreaded, so this will likely lead to a deadlock.
  self.pid = os.fork()
I0914 08:14:19.039386 140347820734208 logging_writer.py:48] [30000] global_step=30000, grad_norm=0.5, loss=1.33545
I0914 08:14:19.046665 140367510193344 submission.py:307] 30000) loss = 1.335, grad_norm = 0.500
I0914 08:17:57.185555 140367510193344 spec.py:333] Evaluating on the training split.
/usr/local/lib/python3.11/multiprocessing/popen_fork.py:66: RuntimeWarning: os.fork() was called. os.fork() is incompatible with multithreaded code, and JAX is multithreaded, so this will likely lead to a deadlock.
  self.pid = os.fork()
I0914 08:18:13.802792 140367510193344 spec.py:346] Evaluating on the validation split.
I0914 08:18:33.806434 140367510193344 spec.py:363] Evaluating on the test split.
I0914 08:18:44.464837 140367510193344 submission_runner.py:516] Time since start: 25553.80s, 	Step: 30386, 	{'train/ctc_loss': 0.2086407591312466, 'train/wer': 0.0738488271068636, 'validation/ctc_loss': 0.4649183117339763, 'validation/wer': 0.1311833148264375, 'validation/num_examples': 5348, 'test/ctc_loss': 0.2501848405542293, 'test/wer': 0.07941827635935246, 'test/num_examples': 2472, 'score': 24642.763041496277, 'total_duration': 25553.797189712524, 'accumulated_submission_time': 24642.763041496277, 'accumulated_eval_time': 866.6622533798218, 'accumulated_logging_time': 2.1917943954467773}
I0914 08:18:44.536993 140347820734208 logging_writer.py:48] [30386] accumulated_eval_time=866.662, accumulated_logging_time=2.19179, accumulated_submission_time=24642.8, global_step=30386, preemption_count=0, score=24642.8, test/ctc_loss=0.250185, test/num_examples=2472, test/wer=0.0794183, total_duration=25553.8, train/ctc_loss=0.208641, train/wer=0.0738488, validation/ctc_loss=0.464918, validation/num_examples=5348, validation/wer=0.131183
I0914 08:20:15.962463 140347812341504 logging_writer.py:48] [30500] global_step=30500, grad_norm=0.5, loss=1.1448
I0914 08:20:15.966796 140367510193344 submission.py:307] 30500) loss = 1.145, grad_norm = 0.500
/usr/local/lib/python3.11/multiprocessing/popen_fork.py:66: RuntimeWarning: os.fork() was called. os.fork() is incompatible with multithreaded code, and JAX is multithreaded, so this will likely lead to a deadlock.
  self.pid = os.fork()
I0914 08:28:23.869553 140347820734208 logging_writer.py:48] [31000] global_step=31000, grad_norm=0.5, loss=1.17084
I0914 08:28:23.877188 140367510193344 submission.py:307] 31000) loss = 1.171, grad_norm = 0.500
I0914 08:33:18.147118 140347812341504 logging_writer.py:48] [31500] global_step=31500, grad_norm=0.5, loss=1.23024
I0914 08:33:18.151391 140367510193344 submission.py:307] 31500) loss = 1.230, grad_norm = 0.500
/usr/local/lib/python3.11/multiprocessing/popen_fork.py:66: RuntimeWarning: os.fork() was called. os.fork() is incompatible with multithreaded code, and JAX is multithreaded, so this will likely lead to a deadlock.
  self.pid = os.fork()
I0914 08:41:23.000609 140347820734208 logging_writer.py:48] [32000] global_step=32000, grad_norm=0.5, loss=1.22407
I0914 08:41:23.008176 140367510193344 submission.py:307] 32000) loss = 1.224, grad_norm = 0.500
I0914 08:42:52.235657 140367510193344 spec.py:333] Evaluating on the training split.
/usr/local/lib/python3.11/multiprocessing/popen_fork.py:66: RuntimeWarning: os.fork() was called. os.fork() is incompatible with multithreaded code, and JAX is multithreaded, so this will likely lead to a deadlock.
  self.pid = os.fork()
I0914 08:43:07.699473 140367510193344 spec.py:346] Evaluating on the validation split.
I0914 08:43:27.722776 140367510193344 spec.py:363] Evaluating on the test split.
I0914 08:43:38.388482 140367510193344 submission_runner.py:516] Time since start: 27047.72s, 	Step: 32163, 	{'train/ctc_loss': 0.1984771179571353, 'train/wer': 0.07116684924262456, 'validation/ctc_loss': 0.45680192361425054, 'validation/wer': 0.12875006034857336, 'validation/num_examples': 5348, 'test/ctc_loss': 0.2421484349796761, 'test/wer': 0.0761278004590417, 'test/num_examples': 2472, 'score': 26088.131887435913, 'total_duration': 27047.72083067894, 'accumulated_submission_time': 26088.131887435913, 'accumulated_eval_time': 912.8148829936981, 'accumulated_logging_time': 2.274639129638672}
I0914 08:43:38.462419 140347820734208 logging_writer.py:48] [32163] accumulated_eval_time=912.815, accumulated_logging_time=2.27464, accumulated_submission_time=26088.1, global_step=32163, preemption_count=0, score=26088.1, test/ctc_loss=0.242148, test/num_examples=2472, test/wer=0.0761278, total_duration=27047.7, train/ctc_loss=0.198477, train/wer=0.0711668, validation/ctc_loss=0.456802, validation/num_examples=5348, validation/wer=0.12875
I0914 08:47:08.687852 140347812341504 logging_writer.py:48] [32500] global_step=32500, grad_norm=0.5, loss=1.18797
I0914 08:47:08.691954 140367510193344 submission.py:307] 32500) loss = 1.188, grad_norm = 0.500
/usr/local/lib/python3.11/multiprocessing/popen_fork.py:66: RuntimeWarning: os.fork() was called. os.fork() is incompatible with multithreaded code, and JAX is multithreaded, so this will likely lead to a deadlock.
  self.pid = os.fork()
I0914 08:55:28.828948 140347820734208 logging_writer.py:48] [33000] global_step=33000, grad_norm=0.5, loss=1.24288
I0914 08:55:28.836576 140367510193344 submission.py:307] 33000) loss = 1.243, grad_norm = 0.500
I0914 09:00:12.039639 140347812341504 logging_writer.py:48] [33500] global_step=33500, grad_norm=0.5, loss=1.1458
I0914 09:00:12.044062 140367510193344 submission.py:307] 33500) loss = 1.146, grad_norm = 0.500
I0914 09:07:46.773953 140367510193344 spec.py:333] Evaluating on the training split.
/usr/local/lib/python3.11/multiprocessing/popen_fork.py:66: RuntimeWarning: os.fork() was called. os.fork() is incompatible with multithreaded code, and JAX is multithreaded, so this will likely lead to a deadlock.
  self.pid = os.fork()
I0914 09:08:02.162079 140367510193344 spec.py:346] Evaluating on the validation split.
I0914 09:08:22.727636 140367510193344 spec.py:363] Evaluating on the test split.
I0914 09:08:33.343631 140367510193344 submission_runner.py:516] Time since start: 28542.68s, 	Step: 33954, 	{'train/ctc_loss': 0.1903303430895076, 'train/wer': 0.06793984167156833, 'validation/ctc_loss': 0.4504454867389994, 'validation/wer': 0.12671269251194903, 'validation/num_examples': 5348, 'test/ctc_loss': 0.23808272408703787, 'test/wer': 0.07480754778299108, 'test/num_examples': 2472, 'score': 27534.087806224823, 'total_duration': 28542.67593407631, 'accumulated_submission_time': 27534.087806224823, 'accumulated_eval_time': 959.3843200206757, 'accumulated_logging_time': 2.358907461166382}
I0914 09:08:33.407588 140347820734208 logging_writer.py:48] [33954] accumulated_eval_time=959.384, accumulated_logging_time=2.35891, accumulated_submission_time=27534.1, global_step=33954, preemption_count=0, score=27534.1, test/ctc_loss=0.238083, test/num_examples=2472, test/wer=0.0748075, total_duration=28542.7, train/ctc_loss=0.19033, train/wer=0.0679398, validation/ctc_loss=0.450445, validation/num_examples=5348, validation/wer=0.126713
/usr/local/lib/python3.11/multiprocessing/popen_fork.py:66: RuntimeWarning: os.fork() was called. os.fork() is incompatible with multithreaded code, and JAX is multithreaded, so this will likely lead to a deadlock.
  self.pid = os.fork()
I0914 09:09:18.913491 140347820734208 logging_writer.py:48] [34000] global_step=34000, grad_norm=0.5, loss=1.22436
I0914 09:09:18.920696 140367510193344 submission.py:307] 34000) loss = 1.224, grad_norm = 0.500
I0914 09:14:02.381222 140347812341504 logging_writer.py:48] [34500] global_step=34500, grad_norm=0.5, loss=1.13172
I0914 09:14:02.386153 140367510193344 submission.py:307] 34500) loss = 1.132, grad_norm = 0.500
I0914 09:22:15.088195 140347820734208 logging_writer.py:48] [35000] global_step=35000, grad_norm=0.5, loss=1.14354
I0914 09:22:15.092450 140367510193344 submission.py:307] 35000) loss = 1.144, grad_norm = 0.500
/usr/local/lib/python3.11/multiprocessing/popen_fork.py:66: RuntimeWarning: os.fork() was called. os.fork() is incompatible with multithreaded code, and JAX is multithreaded, so this will likely lead to a deadlock.
  self.pid = os.fork()
I0914 09:27:02.712731 140347820734208 logging_writer.py:48] [35500] global_step=35500, grad_norm=0.5, loss=1.15958
I0914 09:27:02.720381 140367510193344 submission.py:307] 35500) loss = 1.160, grad_norm = 0.500
I0914 09:32:43.393260 140367510193344 spec.py:333] Evaluating on the training split.
/usr/local/lib/python3.11/multiprocessing/popen_fork.py:66: RuntimeWarning: os.fork() was called. os.fork() is incompatible with multithreaded code, and JAX is multithreaded, so this will likely lead to a deadlock.
  self.pid = os.fork()
I0914 09:33:01.114384 140367510193344 spec.py:346] Evaluating on the validation split.
I0914 09:33:21.122724 140367510193344 spec.py:363] Evaluating on the test split.
I0914 09:33:31.854501 140367510193344 submission_runner.py:516] Time since start: 30041.19s, 	Step: 35877, 	{'train/ctc_loss': 0.18574104801635316, 'train/wer': 0.06632633788604023, 'validation/ctc_loss': 0.44599287582253366, 'validation/wer': 0.12527398252305316, 'validation/num_examples': 5348, 'test/ctc_loss': 0.23579353909929673, 'test/wer': 0.07383259196067678, 'test/num_examples': 2472, 'score': 28980.851875543594, 'total_duration': 30041.186826705933, 'accumulated_submission_time': 28980.851875543594, 'accumulated_eval_time': 1007.8453965187073, 'accumulated_logging_time': 2.4333620071411133}
I0914 09:33:32.148358 140347820734208 logging_writer.py:48] [35877] accumulated_eval_time=1007.85, accumulated_logging_time=2.43336, accumulated_submission_time=28980.9, global_step=35877, preemption_count=0, score=28980.9, test/ctc_loss=0.235794, test/num_examples=2472, test/wer=0.0738326, total_duration=30041.2, train/ctc_loss=0.185741, train/wer=0.0663263, validation/ctc_loss=0.445993, validation/num_examples=5348, validation/wer=0.125274
I0914 09:35:50.824177 140347812341504 logging_writer.py:48] [36000] global_step=36000, grad_norm=0.5, loss=1.21428
I0914 09:35:50.828048 140367510193344 submission.py:307] 36000) loss = 1.214, grad_norm = 0.500
/usr/local/lib/python3.11/multiprocessing/popen_fork.py:66: RuntimeWarning: os.fork() was called. os.fork() is incompatible with multithreaded code, and JAX is multithreaded, so this will likely lead to a deadlock.
  self.pid = os.fork()
I0914 09:41:02.041681 140347820734208 logging_writer.py:48] [36500] global_step=36500, grad_norm=0.5, loss=1.15466
I0914 09:41:02.049241 140367510193344 submission.py:307] 36500) loss = 1.155, grad_norm = 0.500
I0914 09:48:40.215459 140347812341504 logging_writer.py:48] [37000] global_step=37000, grad_norm=0.5, loss=1.17658
I0914 09:48:40.219607 140367510193344 submission.py:307] 37000) loss = 1.177, grad_norm = 0.500
/usr/local/lib/python3.11/multiprocessing/popen_fork.py:66: RuntimeWarning: os.fork() was called. os.fork() is incompatible with multithreaded code, and JAX is multithreaded, so this will likely lead to a deadlock.
  self.pid = os.fork()
I0914 09:54:01.180924 140347820734208 logging_writer.py:48] [37500] global_step=37500, grad_norm=0.5, loss=1.18022
I0914 09:54:01.190212 140367510193344 submission.py:307] 37500) loss = 1.180, grad_norm = 0.500
I0914 09:57:40.416916 140367510193344 spec.py:333] Evaluating on the training split.
/usr/local/lib/python3.11/multiprocessing/popen_fork.py:66: RuntimeWarning: os.fork() was called. os.fork() is incompatible with multithreaded code, and JAX is multithreaded, so this will likely lead to a deadlock.
  self.pid = os.fork()
I0914 09:57:57.018714 140367510193344 spec.py:346] Evaluating on the validation split.
I0914 09:58:16.692176 140367510193344 spec.py:363] Evaluating on the test split.
I0914 09:58:27.190209 140367510193344 submission_runner.py:516] Time since start: 31536.52s, 	Step: 37792, 	{'train/ctc_loss': 0.1835047636340963, 'train/wer': 0.065743533843107, 'validation/ctc_loss': 0.44440971437361865, 'validation/wer': 0.12457876695794912, 'validation/num_examples': 5348, 'test/ctc_loss': 0.23440821786889476, 'test/wer': 0.07344667194767737, 'test/num_examples': 2472, 'score': 30426.722893953323, 'total_duration': 31536.52254796028, 'accumulated_submission_time': 30426.722893953323, 'accumulated_eval_time': 1054.6184527873993, 'accumulated_logging_time': 2.7380096912384033}
I0914 09:58:27.251928 140347820734208 logging_writer.py:48] [37792] accumulated_eval_time=1054.62, accumulated_logging_time=2.73801, accumulated_submission_time=30426.7, global_step=37792, preemption_count=0, score=30426.7, test/ctc_loss=0.234408, test/num_examples=2472, test/wer=0.0734467, total_duration=31536.5, train/ctc_loss=0.183505, train/wer=0.0657435, validation/ctc_loss=0.44441, validation/num_examples=5348, validation/wer=0.124579
I0914 10:02:14.856916 140347812341504 logging_writer.py:48] [38000] global_step=38000, grad_norm=0.5, loss=1.20553
I0914 10:02:14.860801 140367510193344 submission.py:307] 38000) loss = 1.206, grad_norm = 0.500
/usr/local/lib/python3.11/multiprocessing/popen_fork.py:66: RuntimeWarning: os.fork() was called. os.fork() is incompatible with multithreaded code, and JAX is multithreaded, so this will likely lead to a deadlock.
  self.pid = os.fork()
I0914 10:07:57.478463 140347820734208 logging_writer.py:48] [38500] global_step=38500, grad_norm=0.5, loss=1.17663
I0914 10:07:57.486229 140367510193344 submission.py:307] 38500) loss = 1.177, grad_norm = 0.500
I0914 10:14:56.766824 140347812341504 logging_writer.py:48] [39000] global_step=39000, grad_norm=0.5, loss=1.20175
I0914 10:14:56.771095 140367510193344 submission.py:307] 39000) loss = 1.202, grad_norm = 0.500
/usr/local/lib/python3.11/multiprocessing/popen_fork.py:66: RuntimeWarning: os.fork() was called. os.fork() is incompatible with multithreaded code, and JAX is multithreaded, so this will likely lead to a deadlock.
  self.pid = os.fork()
I0914 10:20:55.387261 140347820734208 logging_writer.py:48] [39500] global_step=39500, grad_norm=0.5, loss=1.20963
I0914 10:20:55.394892 140367510193344 submission.py:307] 39500) loss = 1.210, grad_norm = 0.500
I0914 10:22:35.175570 140367510193344 spec.py:333] Evaluating on the training split.
/usr/local/lib/python3.11/multiprocessing/popen_fork.py:66: RuntimeWarning: os.fork() was called. os.fork() is incompatible with multithreaded code, and JAX is multithreaded, so this will likely lead to a deadlock.
  self.pid = os.fork()
I0914 10:22:51.200931 140367510193344 spec.py:346] Evaluating on the validation split.
I0914 10:23:11.027219 140367510193344 spec.py:363] Evaluating on the test split.
I0914 10:23:22.047197 140367510193344 submission_runner.py:516] Time since start: 33031.38s, 	Step: 39667, 	{'train/ctc_loss': 0.18319023718322486, 'train/wer': 0.06554926582879592, 'validation/ctc_loss': 0.44429002316907773, 'validation/wer': 0.12429874957755999, 'validation/num_examples': 5348, 'test/ctc_loss': 0.23412289200109684, 'test/wer': 0.0732435561513619, 'test/num_examples': 2472, 'score': 31872.2521109581, 'total_duration': 33031.37944364548, 'accumulated_submission_time': 31872.2521109581, 'accumulated_eval_time': 1101.4898154735565, 'accumulated_logging_time': 2.8106141090393066}
I0914 10:23:22.128146 140347820734208 logging_writer.py:48] [39667] accumulated_eval_time=1101.49, accumulated_logging_time=2.81061, accumulated_submission_time=31872.3, global_step=39667, preemption_count=0, score=31872.3, test/ctc_loss=0.234123, test/num_examples=2472, test/wer=0.0732436, total_duration=33031.4, train/ctc_loss=0.18319, train/wer=0.0655493, validation/ctc_loss=0.44429, validation/num_examples=5348, validation/wer=0.124299
I0914 10:28:43.822380 140347812341504 logging_writer.py:48] [40000] global_step=40000, grad_norm=0.5, loss=1.19453
I0914 10:28:43.826618 140367510193344 submission.py:307] 40000) loss = 1.195, grad_norm = 0.500
/usr/local/lib/python3.11/multiprocessing/popen_fork.py:66: RuntimeWarning: os.fork() was called. os.fork() is incompatible with multithreaded code, and JAX is multithreaded, so this will likely lead to a deadlock.
  self.pid = os.fork()
I0914 10:35:00.427460 140347820734208 logging_writer.py:48] [40500] global_step=40500, grad_norm=0.5, loss=1.12447
I0914 10:35:00.436618 140367510193344 submission.py:307] 40500) loss = 1.124, grad_norm = 0.500
I0914 10:41:24.223703 140347812341504 logging_writer.py:48] [41000] global_step=41000, grad_norm=0.5, loss=1.19324
I0914 10:41:24.227813 140367510193344 submission.py:307] 41000) loss = 1.193, grad_norm = 0.500
/usr/local/lib/python3.11/multiprocessing/popen_fork.py:66: RuntimeWarning: os.fork() was called. os.fork() is incompatible with multithreaded code, and JAX is multithreaded, so this will likely lead to a deadlock.
  self.pid = os.fork()
I0914 10:47:29.901931 140367510193344 spec.py:333] Evaluating on the training split.
I0914 10:47:44.806558 140367510193344 spec.py:346] Evaluating on the validation split.
I0914 10:48:04.661913 140367510193344 spec.py:363] Evaluating on the test split.
I0914 10:48:15.252974 140367510193344 submission_runner.py:516] Time since start: 34524.59s, 	Step: 41448, 	{'train/ctc_loss': 0.181653533881753, 'train/wer': 0.06505819945928736, 'validation/ctc_loss': 0.4430559774179978, 'validation/wer': 0.12433737266451021, 'validation/num_examples': 5348, 'test/ctc_loss': 0.23319924370120654, 'test/wer': 0.0725732740235208, 'test/num_examples': 2472, 'score': 33317.68475842476, 'total_duration': 34524.58527302742, 'accumulated_submission_time': 33317.68475842476, 'accumulated_eval_time': 1146.8406782150269, 'accumulated_logging_time': 2.902109384536743}
I0914 10:48:15.319551 140347820734208 logging_writer.py:48] [41448] accumulated_eval_time=1146.84, accumulated_logging_time=2.90211, accumulated_submission_time=33317.7, global_step=41448, preemption_count=0, score=33317.7, test/ctc_loss=0.233199, test/num_examples=2472, test/wer=0.0725733, total_duration=34524.6, train/ctc_loss=0.181654, train/wer=0.0650582, validation/ctc_loss=0.443056, validation/num_examples=5348, validation/wer=0.124337
I0914 10:48:45.959044 140347812341504 logging_writer.py:48] [41500] global_step=41500, grad_norm=0.5, loss=1.14339
I0914 10:48:45.962891 140367510193344 submission.py:307] 41500) loss = 1.143, grad_norm = 0.500
I0914 10:55:14.332050 140347820734208 logging_writer.py:48] [42000] global_step=42000, grad_norm=0.5, loss=1.23938
I0914 10:55:14.336106 140367510193344 submission.py:307] 42000) loss = 1.239, grad_norm = 0.500
/usr/local/lib/python3.11/multiprocessing/popen_fork.py:66: RuntimeWarning: os.fork() was called. os.fork() is incompatible with multithreaded code, and JAX is multithreaded, so this will likely lead to a deadlock.
  self.pid = os.fork()
I0914 11:02:02.151389 140347820734208 logging_writer.py:48] [42500] global_step=42500, grad_norm=0.5, loss=1.1315
I0914 11:02:02.159483 140367510193344 submission.py:307] 42500) loss = 1.131, grad_norm = 0.500
I0914 11:07:57.415790 140347812341504 logging_writer.py:48] [43000] global_step=43000, grad_norm=0.5, loss=1.12268
I0914 11:07:57.419860 140367510193344 submission.py:307] 43000) loss = 1.123, grad_norm = 0.500
I0914 11:12:23.060450 140367510193344 spec.py:333] Evaluating on the training split.
/usr/local/lib/python3.11/multiprocessing/popen_fork.py:66: RuntimeWarning: os.fork() was called. os.fork() is incompatible with multithreaded code, and JAX is multithreaded, so this will likely lead to a deadlock.
  self.pid = os.fork()
I0914 11:12:38.472529 140367510193344 spec.py:346] Evaluating on the validation split.
I0914 11:12:58.065671 140367510193344 spec.py:363] Evaluating on the test split.
I0914 11:13:08.719454 140367510193344 submission_runner.py:516] Time since start: 36018.05s, 	Step: 43232, 	{'train/ctc_loss': 0.18153088304808546, 'train/wer': 0.0650528031255565, 'validation/ctc_loss': 0.4440422035111513, 'validation/wer': 0.12433737266451021, 'validation/num_examples': 5348, 'test/ctc_loss': 0.2351312483869927, 'test/wer': 0.07389352669957143, 'test/num_examples': 2472, 'score': 34763.08761382103, 'total_duration': 36018.051757097244, 'accumulated_submission_time': 34763.08761382103, 'accumulated_eval_time': 1192.4994394779205, 'accumulated_logging_time': 2.9804887771606445}
I0914 11:13:08.778693 140347820734208 logging_writer.py:48] [43232] accumulated_eval_time=1192.5, accumulated_logging_time=2.98049, accumulated_submission_time=34763.1, global_step=43232, preemption_count=0, score=34763.1, test/ctc_loss=0.235131, test/num_examples=2472, test/wer=0.0738935, total_duration=36018.1, train/ctc_loss=0.181531, train/wer=0.0650528, validation/ctc_loss=0.444042, validation/num_examples=5348, validation/wer=0.124337
/usr/local/lib/python3.11/multiprocessing/popen_fork.py:66: RuntimeWarning: os.fork() was called. os.fork() is incompatible with multithreaded code, and JAX is multithreaded, so this will likely lead to a deadlock.
  self.pid = os.fork()
I0914 11:15:50.435521 140347820734208 logging_writer.py:48] [43500] global_step=43500, grad_norm=0.5, loss=1.16847
I0914 11:15:50.442884 140367510193344 submission.py:307] 43500) loss = 1.168, grad_norm = 0.500
I0914 11:21:43.934167 140347812341504 logging_writer.py:48] [44000] global_step=44000, grad_norm=0.5, loss=1.14206
I0914 11:21:43.938315 140367510193344 submission.py:307] 44000) loss = 1.142, grad_norm = 0.500
/usr/local/lib/python3.11/multiprocessing/popen_fork.py:66: RuntimeWarning: os.fork() was called. os.fork() is incompatible with multithreaded code, and JAX is multithreaded, so this will likely lead to a deadlock.
  self.pid = os.fork()
I0914 11:28:59.755441 140347820734208 logging_writer.py:48] [44500] global_step=44500, grad_norm=0.5, loss=1.13899
I0914 11:28:59.762954 140367510193344 submission.py:307] 44500) loss = 1.139, grad_norm = 0.500
I0914 11:34:30.512082 140347812341504 logging_writer.py:48] [45000] global_step=45000, grad_norm=0.5, loss=1.09776
I0914 11:34:30.516281 140367510193344 submission.py:307] 45000) loss = 1.098, grad_norm = 0.500
I0914 11:37:17.834513 140367510193344 spec.py:333] Evaluating on the training split.
/usr/local/lib/python3.11/multiprocessing/popen_fork.py:66: RuntimeWarning: os.fork() was called. os.fork() is incompatible with multithreaded code, and JAX is multithreaded, so this will likely lead to a deadlock.
  self.pid = os.fork()
I0914 11:37:35.467868 140367510193344 spec.py:346] Evaluating on the validation split.
I0914 11:37:55.401204 140367510193344 spec.py:363] Evaluating on the test split.
I0914 11:38:05.872062 140367510193344 submission_runner.py:516] Time since start: 37515.20s, 	Step: 45155, 	{'train/ctc_loss': 0.1830968008407454, 'train/wer': 0.06548990615775642, 'validation/ctc_loss': 0.44619291710618847, 'validation/wer': 0.12551537681649205, 'validation/num_examples': 5348, 'test/ctc_loss': 0.23628722014323505, 'test/wer': 0.0737107224828875, 'test/num_examples': 2472, 'score': 36208.82337117195, 'total_duration': 37515.20438790321, 'accumulated_submission_time': 36208.82337117195, 'accumulated_eval_time': 1240.5367317199707, 'accumulated_logging_time': 3.049771547317505}
I0914 11:38:06.254002 140347820734208 logging_writer.py:48] [45155] accumulated_eval_time=1240.54, accumulated_logging_time=3.04977, accumulated_submission_time=36208.8, global_step=45155, preemption_count=0, score=36208.8, test/ctc_loss=0.236287, test/num_examples=2472, test/wer=0.0737107, total_duration=37515.2, train/ctc_loss=0.183097, train/wer=0.0654899, validation/ctc_loss=0.446193, validation/num_examples=5348, validation/wer=0.125515
/usr/local/lib/python3.11/multiprocessing/popen_fork.py:66: RuntimeWarning: os.fork() was called. os.fork() is incompatible with multithreaded code, and JAX is multithreaded, so this will likely lead to a deadlock.
  self.pid = os.fork()
I0914 11:42:55.110373 140347820734208 logging_writer.py:48] [45500] global_step=45500, grad_norm=0.5, loss=1.16591
I0914 11:42:55.117949 140367510193344 submission.py:307] 45500) loss = 1.166, grad_norm = 0.500
I0914 11:48:19.056077 140347812341504 logging_writer.py:48] [46000] global_step=46000, grad_norm=0.5, loss=1.17314
I0914 11:48:19.060465 140367510193344 submission.py:307] 46000) loss = 1.173, grad_norm = 0.500
/usr/local/lib/python3.11/multiprocessing/popen_fork.py:66: RuntimeWarning: os.fork() was called. os.fork() is incompatible with multithreaded code, and JAX is multithreaded, so this will likely lead to a deadlock.
  self.pid = os.fork()
I0914 11:55:57.393473 140347820734208 logging_writer.py:48] [46500] global_step=46500, grad_norm=0.5, loss=1.26381
I0914 11:55:57.400923 140367510193344 submission.py:307] 46500) loss = 1.264, grad_norm = 0.500
I0914 12:01:07.929450 140347812341504 logging_writer.py:48] [47000] global_step=47000, grad_norm=0.5, loss=1.20492
I0914 12:01:07.934052 140367510193344 submission.py:307] 47000) loss = 1.205, grad_norm = 0.500
I0914 12:02:14.646614 140367510193344 spec.py:333] Evaluating on the training split.
/usr/local/lib/python3.11/multiprocessing/popen_fork.py:66: RuntimeWarning: os.fork() was called. os.fork() is incompatible with multithreaded code, and JAX is multithreaded, so this will likely lead to a deadlock.
  self.pid = os.fork()
I0914 12:02:30.835984 140367510193344 spec.py:346] Evaluating on the validation split.
I0914 12:02:50.783304 140367510193344 spec.py:363] Evaluating on the test split.
I0914 12:03:01.271553 140367510193344 submission_runner.py:516] Time since start: 39010.60s, 	Step: 47071, 	{'train/ctc_loss': 0.18817646226756904, 'train/wer': 0.06796682334022265, 'validation/ctc_loss': 0.4556509749535363, 'validation/wer': 0.12703133297928837, 'validation/num_examples': 5348, 'test/ctc_loss': 0.2421711178947029, 'test/wer': 0.07606686572014705, 'test/num_examples': 2472, 'score': 37654.81112194061, 'total_duration': 39010.60394477844, 'accumulated_submission_time': 37654.81112194061, 'accumulated_eval_time': 1287.16175699234, 'accumulated_logging_time': 3.442328453063965}
I0914 12:03:01.336846 140347820734208 logging_writer.py:48] [47071] accumulated_eval_time=1287.16, accumulated_logging_time=3.44233, accumulated_submission_time=37654.8, global_step=47071, preemption_count=0, score=37654.8, test/ctc_loss=0.242171, test/num_examples=2472, test/wer=0.0760669, total_duration=39010.6, train/ctc_loss=0.188176, train/wer=0.0679668, validation/ctc_loss=0.455651, validation/num_examples=5348, validation/wer=0.127031
/usr/local/lib/python3.11/multiprocessing/popen_fork.py:66: RuntimeWarning: os.fork() was called. os.fork() is incompatible with multithreaded code, and JAX is multithreaded, so this will likely lead to a deadlock.
  self.pid = os.fork()
I0914 12:09:54.223288 140347820734208 logging_writer.py:48] [47500] global_step=47500, grad_norm=0.5, loss=1.17558
I0914 12:09:54.232351 140367510193344 submission.py:307] 47500) loss = 1.176, grad_norm = 0.500
I0914 12:14:53.305764 140347812341504 logging_writer.py:48] [48000] global_step=48000, grad_norm=0.5, loss=1.19566
I0914 12:14:53.309794 140367510193344 submission.py:307] 48000) loss = 1.196, grad_norm = 0.500
/usr/local/lib/python3.11/multiprocessing/popen_fork.py:66: RuntimeWarning: os.fork() was called. os.fork() is incompatible with multithreaded code, and JAX is multithreaded, so this will likely lead to a deadlock.
  self.pid = os.fork()
I0914 12:22:51.935823 140347820734208 logging_writer.py:48] [48500] global_step=48500, grad_norm=0.5, loss=1.26995
I0914 12:22:51.943325 140367510193344 submission.py:307] 48500) loss = 1.270, grad_norm = 0.500
I0914 12:27:09.433593 140367510193344 spec.py:333] Evaluating on the training split.
/usr/local/lib/python3.11/multiprocessing/popen_fork.py:66: RuntimeWarning: os.fork() was called. os.fork() is incompatible with multithreaded code, and JAX is multithreaded, so this will likely lead to a deadlock.
  self.pid = os.fork()
I0914 12:27:25.657991 140367510193344 spec.py:346] Evaluating on the validation split.
I0914 12:27:45.452287 140367510193344 spec.py:363] Evaluating on the test split.
I0914 12:27:55.880939 140367510193344 submission_runner.py:516] Time since start: 40505.21s, 	Step: 48953, 	{'train/ctc_loss': 0.1970463188319217, 'train/wer': 0.07046532585761234, 'validation/ctc_loss': 0.47289401363459416, 'validation/wer': 0.13225510548930625, 'validation/num_examples': 5348, 'test/ctc_loss': 0.24946246532034325, 'test/wer': 0.08014949322608819, 'test/num_examples': 2472, 'score': 39100.520500421524, 'total_duration': 40505.21326804161, 'accumulated_submission_time': 39100.520500421524, 'accumulated_eval_time': 1333.6088554859161, 'accumulated_logging_time': 3.5180375576019287}
I0914 12:27:55.944867 140347820734208 logging_writer.py:48] [48953] accumulated_eval_time=1333.61, accumulated_logging_time=3.51804, accumulated_submission_time=39100.5, global_step=48953, preemption_count=0, score=39100.5, test/ctc_loss=0.249462, test/num_examples=2472, test/wer=0.0801495, total_duration=40505.2, train/ctc_loss=0.197046, train/wer=0.0704653, validation/ctc_loss=0.472894, validation/num_examples=5348, validation/wer=0.132255
I0914 12:28:32.730197 140347812341504 logging_writer.py:48] [49000] global_step=49000, grad_norm=0.5, loss=1.29739
I0914 12:28:32.734083 140367510193344 submission.py:307] 49000) loss = 1.297, grad_norm = 0.500
/usr/local/lib/python3.11/multiprocessing/popen_fork.py:66: RuntimeWarning: os.fork() was called. os.fork() is incompatible with multithreaded code, and JAX is multithreaded, so this will likely lead to a deadlock.
  self.pid = os.fork()
I0914 12:36:53.884184 140347820734208 logging_writer.py:48] [49500] global_step=49500, grad_norm=0.5, loss=1.26141
I0914 12:36:53.892212 140367510193344 submission.py:307] 49500) loss = 1.261, grad_norm = 0.500
I0914 12:41:41.110287 140347812341504 logging_writer.py:48] [50000] global_step=50000, grad_norm=0.5, loss=1.2385
I0914 12:41:41.114557 140367510193344 submission.py:307] 50000) loss = 1.239, grad_norm = 0.500
/usr/local/lib/python3.11/multiprocessing/popen_fork.py:66: RuntimeWarning: os.fork() was called. os.fork() is incompatible with multithreaded code, and JAX is multithreaded, so this will likely lead to a deadlock.
  self.pid = os.fork()
I0914 12:49:50.949721 140347820734208 logging_writer.py:48] [50500] global_step=50500, grad_norm=0.5, loss=1.17139
I0914 12:49:50.957280 140367510193344 submission.py:307] 50500) loss = 1.171, grad_norm = 0.500
I0914 12:52:04.152124 140367510193344 spec.py:333] Evaluating on the training split.
/usr/local/lib/python3.11/multiprocessing/popen_fork.py:66: RuntimeWarning: os.fork() was called. os.fork() is incompatible with multithreaded code, and JAX is multithreaded, so this will likely lead to a deadlock.
  self.pid = os.fork()
I0914 12:52:20.149539 140367510193344 spec.py:346] Evaluating on the validation split.
I0914 12:52:40.260826 140367510193344 spec.py:363] Evaluating on the test split.
I0914 12:52:50.628885 140367510193344 submission_runner.py:516] Time since start: 41999.96s, 	Step: 50743, 	{'train/ctc_loss': 0.2117411289058682, 'train/wer': 0.07659556097587299, 'validation/ctc_loss': 0.49530084482368897, 'validation/wer': 0.137372664510211, 'validation/num_examples': 5348, 'test/ctc_loss': 0.26321919962578233, 'test/wer': 0.08305404911339954, 'test/num_examples': 2472, 'score': 40546.38946771622, 'total_duration': 41999.961280584335, 'accumulated_submission_time': 40546.38946771622, 'accumulated_eval_time': 1380.0854613780975, 'accumulated_logging_time': 3.592219591140747}
I0914 12:52:50.697240 140347820734208 logging_writer.py:48] [50743] accumulated_eval_time=1380.09, accumulated_logging_time=3.59222, accumulated_submission_time=40546.4, global_step=50743, preemption_count=0, score=40546.4, test/ctc_loss=0.263219, test/num_examples=2472, test/wer=0.083054, total_duration=42000, train/ctc_loss=0.211741, train/wer=0.0765956, validation/ctc_loss=0.495301, validation/num_examples=5348, validation/wer=0.137373
I0914 12:55:27.940757 140347812341504 logging_writer.py:48] [51000] global_step=51000, grad_norm=0.5, loss=1.25989
I0914 12:55:27.944747 140367510193344 submission.py:307] 51000) loss = 1.260, grad_norm = 0.500
/usr/local/lib/python3.11/multiprocessing/popen_fork.py:66: RuntimeWarning: os.fork() was called. os.fork() is incompatible with multithreaded code, and JAX is multithreaded, so this will likely lead to a deadlock.
  self.pid = os.fork()
I0914 13:04:00.145561 140347820734208 logging_writer.py:48] [51500] global_step=51500, grad_norm=0.5, loss=1.33069
I0914 13:04:00.155110 140367510193344 submission.py:307] 51500) loss = 1.331, grad_norm = 0.500
I0914 13:08:36.976768 140347812341504 logging_writer.py:48] [52000] global_step=52000, grad_norm=0.5, loss=1.18465
I0914 13:08:36.981054 140367510193344 submission.py:307] 52000) loss = 1.185, grad_norm = 0.500
I0914 13:16:46.244585 140347820734208 logging_writer.py:48] [52500] global_step=52500, grad_norm=0.5, loss=1.23957
I0914 13:16:46.248793 140367510193344 submission.py:307] 52500) loss = 1.240, grad_norm = 0.500
I0914 13:17:00.736625 140367510193344 spec.py:333] Evaluating on the training split.
/usr/local/lib/python3.11/multiprocessing/popen_fork.py:66: RuntimeWarning: os.fork() was called. os.fork() is incompatible with multithreaded code, and JAX is multithreaded, so this will likely lead to a deadlock.
  self.pid = os.fork()
I0914 13:17:16.771335 140367510193344 spec.py:346] Evaluating on the validation split.
I0914 13:17:36.986912 140367510193344 spec.py:363] Evaluating on the test split.
I0914 13:17:47.520813 140367510193344 submission_runner.py:516] Time since start: 43496.85s, 	Step: 52512, 	{'train/ctc_loss': 0.22450426734321757, 'train/wer': 0.08121482264949194, 'validation/ctc_loss': 0.5048763864558218, 'validation/wer': 0.14074252884661806, 'validation/num_examples': 5348, 'test/ctc_loss': 0.27097809233660236, 'test/wer': 0.08575548920439542, 'test/num_examples': 2472, 'score': 41994.09754395485, 'total_duration': 43496.8531627655, 'accumulated_submission_time': 41994.09754395485, 'accumulated_eval_time': 1426.869449853897, 'accumulated_logging_time': 3.6710097789764404}
I0914 13:17:47.591827 140347820734208 logging_writer.py:48] [52512] accumulated_eval_time=1426.87, accumulated_logging_time=3.67101, accumulated_submission_time=41994.1, global_step=52512, preemption_count=0, score=41994.1, test/ctc_loss=0.270978, test/num_examples=2472, test/wer=0.0857555, total_duration=43496.9, train/ctc_loss=0.224504, train/wer=0.0812148, validation/ctc_loss=0.504876, validation/num_examples=5348, validation/wer=0.140743
/usr/local/lib/python3.11/multiprocessing/popen_fork.py:66: RuntimeWarning: os.fork() was called. os.fork() is incompatible with multithreaded code, and JAX is multithreaded, so this will likely lead to a deadlock.
  self.pid = os.fork()
I0914 13:22:28.216240 140347820734208 logging_writer.py:48] [53000] global_step=53000, grad_norm=0.5, loss=1.28761
I0914 13:22:28.223824 140367510193344 submission.py:307] 53000) loss = 1.288, grad_norm = 0.500
I0914 13:30:25.032767 140347812341504 logging_writer.py:48] [53500] global_step=53500, grad_norm=0.5, loss=1.30181
I0914 13:30:25.036905 140367510193344 submission.py:307] 53500) loss = 1.302, grad_norm = 0.500
/usr/local/lib/python3.11/multiprocessing/popen_fork.py:66: RuntimeWarning: os.fork() was called. os.fork() is incompatible with multithreaded code, and JAX is multithreaded, so this will likely lead to a deadlock.
  self.pid = os.fork()
I0914 13:35:32.715275 140347820734208 logging_writer.py:48] [54000] global_step=54000, grad_norm=0.5, loss=1.28754
I0914 13:35:32.722729 140367510193344 submission.py:307] 54000) loss = 1.288, grad_norm = 0.500
I0914 13:41:56.258532 140367510193344 spec.py:333] Evaluating on the training split.
/usr/local/lib/python3.11/multiprocessing/popen_fork.py:66: RuntimeWarning: os.fork() was called. os.fork() is incompatible with multithreaded code, and JAX is multithreaded, so this will likely lead to a deadlock.
  self.pid = os.fork()
I0914 13:42:12.771564 140367510193344 spec.py:346] Evaluating on the validation split.
I0914 13:42:32.847074 140367510193344 spec.py:363] Evaluating on the test split.
I0914 13:42:44.219706 140367510193344 submission_runner.py:516] Time since start: 44993.55s, 	Step: 54430, 	{'train/ctc_loss': 0.2504103457689728, 'train/wer': 0.09013496230660889, 'validation/ctc_loss': 0.536555754125226, 'validation/wer': 0.14992516776903395, 'validation/num_examples': 5348, 'test/ctc_loss': 0.2861785689802568, 'test/wer': 0.09123961570491337, 'test/num_examples': 2472, 'score': 43439.65407204628, 'total_duration': 44993.551918029785, 'accumulated_submission_time': 43439.65407204628, 'accumulated_eval_time': 1474.8302474021912, 'accumulated_logging_time': 3.7524282932281494}
I0914 13:42:44.534060 140347820734208 logging_writer.py:48] [54430] accumulated_eval_time=1474.83, accumulated_logging_time=3.75243, accumulated_submission_time=43439.7, global_step=54430, preemption_count=0, score=43439.7, test/ctc_loss=0.286179, test/num_examples=2472, test/wer=0.0912396, total_duration=44993.6, train/ctc_loss=0.25041, train/wer=0.090135, validation/ctc_loss=0.536556, validation/num_examples=5348, validation/wer=0.149925
I0914 13:44:02.195290 140347812341504 logging_writer.py:48] [54500] global_step=54500, grad_norm=0.5, loss=1.32082
I0914 13:44:02.199049 140367510193344 submission.py:307] 54500) loss = 1.321, grad_norm = 0.500
/usr/local/lib/python3.11/multiprocessing/popen_fork.py:66: RuntimeWarning: os.fork() was called. os.fork() is incompatible with multithreaded code, and JAX is multithreaded, so this will likely lead to a deadlock.
  self.pid = os.fork()
I0914 13:49:34.422956 140347820734208 logging_writer.py:48] [55000] global_step=55000, grad_norm=0.5, loss=1.33239
I0914 13:49:34.430582 140367510193344 submission.py:307] 55000) loss = 1.332, grad_norm = 0.500
I0914 13:56:50.659475 140347812341504 logging_writer.py:48] [55500] global_step=55500, grad_norm=0.5, loss=1.31687
I0914 13:56:50.663760 140367510193344 submission.py:307] 55500) loss = 1.317, grad_norm = 0.500
/usr/local/lib/python3.11/multiprocessing/popen_fork.py:66: RuntimeWarning: os.fork() was called. os.fork() is incompatible with multithreaded code, and JAX is multithreaded, so this will likely lead to a deadlock.
  self.pid = os.fork()
I0914 14:02:38.625235 140347820734208 logging_writer.py:48] [56000] global_step=56000, grad_norm=0.5, loss=1.30066
I0914 14:02:38.632602 140367510193344 submission.py:307] 56000) loss = 1.301, grad_norm = 0.500
I0914 14:06:52.478057 140367510193344 spec.py:333] Evaluating on the training split.
/usr/local/lib/python3.11/multiprocessing/popen_fork.py:66: RuntimeWarning: os.fork() was called. os.fork() is incompatible with multithreaded code, and JAX is multithreaded, so this will likely lead to a deadlock.
  self.pid = os.fork()
I0914 14:07:08.766232 140367510193344 spec.py:346] Evaluating on the validation split.
I0914 14:07:28.495050 140367510193344 spec.py:363] Evaluating on the test split.
I0914 14:07:39.083250 140367510193344 submission_runner.py:516] Time since start: 46488.42s, 	Step: 56344, 	{'train/ctc_loss': 0.26336414858729834, 'train/wer': 0.09437108428533654, 'validation/ctc_loss': 0.5419323418977295, 'validation/wer': 0.15158596050789358, 'validation/num_examples': 5348, 'test/ctc_loss': 0.2942602647751468, 'test/wer': 0.09284423049580566, 'test/num_examples': 2472, 'score': 44885.20058083534, 'total_duration': 46488.41561603546, 'accumulated_submission_time': 44885.20058083534, 'accumulated_eval_time': 1521.4352769851685, 'accumulated_logging_time': 4.077461004257202}
I0914 14:07:39.141728 140347820734208 logging_writer.py:48] [56344] accumulated_eval_time=1521.44, accumulated_logging_time=4.07746, accumulated_submission_time=44885.2, global_step=56344, preemption_count=0, score=44885.2, test/ctc_loss=0.29426, test/num_examples=2472, test/wer=0.0928442, total_duration=46488.4, train/ctc_loss=0.263364, train/wer=0.0943711, validation/ctc_loss=0.541932, validation/num_examples=5348, validation/wer=0.151586
I0914 14:10:28.636789 140347812341504 logging_writer.py:48] [56500] global_step=56500, grad_norm=0.5, loss=1.36711
I0914 14:10:28.640991 140367510193344 submission.py:307] 56500) loss = 1.367, grad_norm = 0.500
/usr/local/lib/python3.11/multiprocessing/popen_fork.py:66: RuntimeWarning: os.fork() was called. os.fork() is incompatible with multithreaded code, and JAX is multithreaded, so this will likely lead to a deadlock.
  self.pid = os.fork()
I0914 14:16:35.074933 140347820734208 logging_writer.py:48] [57000] global_step=57000, grad_norm=0.5, loss=1.37025
I0914 14:16:35.084140 140367510193344 submission.py:307] 57000) loss = 1.370, grad_norm = 0.500
I0914 14:23:12.954033 140347812341504 logging_writer.py:48] [57500] global_step=57500, grad_norm=0.5, loss=1.39964
I0914 14:23:12.958542 140367510193344 submission.py:307] 57500) loss = 1.400, grad_norm = 0.500
/usr/local/lib/python3.11/multiprocessing/popen_fork.py:66: RuntimeWarning: os.fork() was called. os.fork() is incompatible with multithreaded code, and JAX is multithreaded, so this will likely lead to a deadlock.
  self.pid = os.fork()
I0914 14:29:32.962239 140347820734208 logging_writer.py:48] [58000] global_step=58000, grad_norm=0.5, loss=1.38781
I0914 14:29:32.969806 140367510193344 submission.py:307] 58000) loss = 1.388, grad_norm = 0.500
I0914 14:31:47.521229 140367510193344 spec.py:333] Evaluating on the training split.
/usr/local/lib/python3.11/multiprocessing/popen_fork.py:66: RuntimeWarning: os.fork() was called. os.fork() is incompatible with multithreaded code, and JAX is multithreaded, so this will likely lead to a deadlock.
  self.pid = os.fork()
I0914 14:32:04.202185 140367510193344 spec.py:346] Evaluating on the validation split.
I0914 14:32:23.833972 140367510193344 spec.py:363] Evaluating on the test split.
I0914 14:32:34.690645 140367510193344 submission_runner.py:516] Time since start: 47984.02s, 	Step: 58225, 	{'train/ctc_loss': 0.27624290742195007, 'train/wer': 0.09713940348926939, 'validation/ctc_loss': 0.5533760473961473, 'validation/wer': 0.15441510162699754, 'validation/num_examples': 5348, 'test/ctc_loss': 0.3016079162365314, 'test/wer': 0.09601283691832714, 'test/num_examples': 2472, 'score': 46331.20462226868, 'total_duration': 47984.02299404144, 'accumulated_submission_time': 46331.20462226868, 'accumulated_eval_time': 1568.6045529842377, 'accumulated_logging_time': 4.146382808685303}
I0914 14:32:34.764503 140347820734208 logging_writer.py:48] [58225] accumulated_eval_time=1568.6, accumulated_logging_time=4.14638, accumulated_submission_time=46331.2, global_step=58225, preemption_count=0, score=46331.2, test/ctc_loss=0.301608, test/num_examples=2472, test/wer=0.0960128, total_duration=47984, train/ctc_loss=0.276243, train/wer=0.0971394, validation/ctc_loss=0.553376, validation/num_examples=5348, validation/wer=0.154415
I0914 14:36:56.265190 140347812341504 logging_writer.py:48] [58500] global_step=58500, grad_norm=0.5, loss=1.39829
I0914 14:36:56.269532 140367510193344 submission.py:307] 58500) loss = 1.398, grad_norm = 0.500
/usr/local/lib/python3.11/multiprocessing/popen_fork.py:66: RuntimeWarning: os.fork() was called. os.fork() is incompatible with multithreaded code, and JAX is multithreaded, so this will likely lead to a deadlock.
  self.pid = os.fork()
I0914 14:43:33.910578 140347820734208 logging_writer.py:48] [59000] global_step=59000, grad_norm=0.5, loss=1.3495
I0914 14:43:33.918076 140367510193344 submission.py:307] 59000) loss = 1.349, grad_norm = 0.500
I0914 14:49:34.027367 140347812341504 logging_writer.py:48] [59500] global_step=59500, grad_norm=0.5, loss=1.40031
I0914 14:49:34.031606 140367510193344 submission.py:307] 59500) loss = 1.400, grad_norm = 0.500
/usr/local/lib/python3.11/multiprocessing/popen_fork.py:66: RuntimeWarning: os.fork() was called. os.fork() is incompatible with multithreaded code, and JAX is multithreaded, so this will likely lead to a deadlock.
  self.pid = os.fork()
I0914 14:56:30.298471 140347820734208 logging_writer.py:48] [60000] global_step=60000, grad_norm=0.5, loss=1.35209
I0914 14:56:30.305911 140367510193344 submission.py:307] 60000) loss = 1.352, grad_norm = 0.500
I0914 14:56:42.578472 140367510193344 spec.py:333] Evaluating on the training split.
/usr/local/lib/python3.11/multiprocessing/popen_fork.py:66: RuntimeWarning: os.fork() was called. os.fork() is incompatible with multithreaded code, and JAX is multithreaded, so this will likely lead to a deadlock.
  self.pid = os.fork()
I0914 14:56:58.410999 140367510193344 spec.py:346] Evaluating on the validation split.
I0914 14:57:18.218039 140367510193344 spec.py:363] Evaluating on the test split.
I0914 14:57:29.044404 140367510193344 submission_runner.py:516] Time since start: 49478.38s, 	Step: 60022, 	{'train/ctc_loss': 0.28328234906522054, 'train/wer': 0.09943824165861713, 'validation/ctc_loss': 0.5648793532279737, 'validation/wer': 0.15544826920291605, 'validation/num_examples': 5348, 'test/ctc_loss': 0.2993794710545842, 'test/wer': 0.09627688745353725, 'test/num_examples': 2472, 'score': 47776.686915397644, 'total_duration': 49478.376770973206, 'accumulated_submission_time': 47776.686915397644, 'accumulated_eval_time': 1615.0702879428864, 'accumulated_logging_time': 4.230457782745361}
I0914 14:57:29.139951 140347820734208 logging_writer.py:48] [60022] accumulated_eval_time=1615.07, accumulated_logging_time=4.23046, accumulated_submission_time=47776.7, global_step=60022, preemption_count=0, score=47776.7, test/ctc_loss=0.299379, test/num_examples=2472, test/wer=0.0962769, total_duration=49478.4, train/ctc_loss=0.283282, train/wer=0.0994382, validation/ctc_loss=0.564879, validation/num_examples=5348, validation/wer=0.155448
I0914 15:03:24.256819 140347812341504 logging_writer.py:48] [60500] global_step=60500, grad_norm=0.5, loss=1.31443
I0914 15:03:24.261054 140367510193344 submission.py:307] 60500) loss = 1.314, grad_norm = 0.500
/usr/local/lib/python3.11/multiprocessing/popen_fork.py:66: RuntimeWarning: os.fork() was called. os.fork() is incompatible with multithreaded code, and JAX is multithreaded, so this will likely lead to a deadlock.
  self.pid = os.fork()
I0914 15:10:34.130182 140347820734208 logging_writer.py:48] [61000] global_step=61000, grad_norm=0.5, loss=1.39163
I0914 15:10:34.137689 140367510193344 submission.py:307] 61000) loss = 1.392, grad_norm = 0.500
I0914 15:16:08.960340 140347812341504 logging_writer.py:48] [61500] global_step=61500, grad_norm=0.5, loss=1.32337
I0914 15:16:08.964614 140367510193344 submission.py:307] 61500) loss = 1.323, grad_norm = 0.500
I0914 15:21:37.955122 140367510193344 spec.py:333] Evaluating on the training split.
/usr/local/lib/python3.11/multiprocessing/popen_fork.py:66: RuntimeWarning: os.fork() was called. os.fork() is incompatible with multithreaded code, and JAX is multithreaded, so this will likely lead to a deadlock.
  self.pid = os.fork()
I0914 15:21:54.041249 140367510193344 spec.py:346] Evaluating on the validation split.
I0914 15:22:13.699103 140367510193344 spec.py:363] Evaluating on the test split.
I0914 15:22:24.037896 140367510193344 submission_runner.py:516] Time since start: 50973.37s, 	Step: 61792, 	{'train/ctc_loss': 0.29928428051304173, 'train/wer': 0.10582750079595922, 'validation/ctc_loss': 0.5677088238710568, 'validation/wer': 0.15987061265871674, 'validation/num_examples': 5348, 'test/ctc_loss': 0.3120878010274856, 'test/wer': 0.10037982653910994, 'test/num_examples': 2472, 'score': 49223.1929461956, 'total_duration': 50973.3702442646, 'accumulated_submission_time': 49223.1929461956, 'accumulated_eval_time': 1661.152830839157, 'accumulated_logging_time': 4.336699724197388}
I0914 15:22:24.181173 140347820734208 logging_writer.py:48] [61792] accumulated_eval_time=1661.15, accumulated_logging_time=4.3367, accumulated_submission_time=49223.2, global_step=61792, preemption_count=0, score=49223.2, test/ctc_loss=0.312088, test/num_examples=2472, test/wer=0.10038, total_duration=50973.4, train/ctc_loss=0.299284, train/wer=0.105828, validation/ctc_loss=0.567709, validation/num_examples=5348, validation/wer=0.159871
/usr/local/lib/python3.11/multiprocessing/popen_fork.py:66: RuntimeWarning: os.fork() was called. os.fork() is incompatible with multithreaded code, and JAX is multithreaded, so this will likely lead to a deadlock.
  self.pid = os.fork()
I0914 15:24:21.811518 140347820734208 logging_writer.py:48] [62000] global_step=62000, grad_norm=0.5, loss=1.39635
I0914 15:24:21.818320 140367510193344 submission.py:307] 62000) loss = 1.396, grad_norm = 0.500
I0914 15:29:55.330036 140347812341504 logging_writer.py:48] [62500] global_step=62500, grad_norm=0.5, loss=1.40207
I0914 15:29:55.334381 140367510193344 submission.py:307] 62500) loss = 1.402, grad_norm = 0.500
/usr/local/lib/python3.11/multiprocessing/popen_fork.py:66: RuntimeWarning: os.fork() was called. os.fork() is incompatible with multithreaded code, and JAX is multithreaded, so this will likely lead to a deadlock.
  self.pid = os.fork()
I0914 15:37:31.142264 140347820734208 logging_writer.py:48] [63000] global_step=63000, grad_norm=0.5, loss=1.38986
I0914 15:37:31.149474 140367510193344 submission.py:307] 63000) loss = 1.390, grad_norm = 0.500
I0914 15:42:48.589861 140347812341504 logging_writer.py:48] [63500] global_step=63500, grad_norm=0.5, loss=1.45276
I0914 15:42:48.594310 140367510193344 submission.py:307] 63500) loss = 1.453, grad_norm = 0.500
I0914 15:46:33.052840 140367510193344 spec.py:333] Evaluating on the training split.
/usr/local/lib/python3.11/multiprocessing/popen_fork.py:66: RuntimeWarning: os.fork() was called. os.fork() is incompatible with multithreaded code, and JAX is multithreaded, so this will likely lead to a deadlock.
  self.pid = os.fork()
I0914 15:46:50.096708 140367510193344 spec.py:346] Evaluating on the validation split.
I0914 15:47:09.900785 140367510193344 spec.py:363] Evaluating on the test split.
I0914 15:47:20.496639 140367510193344 submission_runner.py:516] Time since start: 52469.83s, 	Step: 63715, 	{'train/ctc_loss': 0.30567447320703334, 'train/wer': 0.10600557980907771, 'validation/ctc_loss': 0.5747124271649589, 'validation/wer': 0.15873123159368513, 'validation/num_examples': 5348, 'test/ctc_loss': 0.3137460481321376, 'test/wer': 0.10021733390205756, 'test/num_examples': 2472, 'score': 50669.54753446579, 'total_duration': 52469.82901930809, 'accumulated_submission_time': 50669.54753446579, 'accumulated_eval_time': 1708.5964970588684, 'accumulated_logging_time': 4.49121356010437}
I0914 15:47:20.827836 140347820734208 logging_writer.py:48] [63715] accumulated_eval_time=1708.6, accumulated_logging_time=4.49121, accumulated_submission_time=50669.5, global_step=63715, preemption_count=0, score=50669.5, test/ctc_loss=0.313746, test/num_examples=2472, test/wer=0.100217, total_duration=52469.8, train/ctc_loss=0.305674, train/wer=0.106006, validation/ctc_loss=0.574712, validation/num_examples=5348, validation/wer=0.158731
/usr/local/lib/python3.11/multiprocessing/popen_fork.py:66: RuntimeWarning: os.fork() was called. os.fork() is incompatible with multithreaded code, and JAX is multithreaded, so this will likely lead to a deadlock.
  self.pid = os.fork()
I0914 15:51:25.551989 140347820734208 logging_writer.py:48] [64000] global_step=64000, grad_norm=0.5, loss=1.43314
I0914 15:51:25.559341 140367510193344 submission.py:307] 64000) loss = 1.433, grad_norm = 0.500
I0914 15:56:36.503294 140347812341504 logging_writer.py:48] [64500] global_step=64500, grad_norm=0.5, loss=1.385
I0914 15:56:36.507530 140367510193344 submission.py:307] 64500) loss = 1.385, grad_norm = 0.500
/usr/local/lib/python3.11/multiprocessing/popen_fork.py:66: RuntimeWarning: os.fork() was called. os.fork() is incompatible with multithreaded code, and JAX is multithreaded, so this will likely lead to a deadlock.
  self.pid = os.fork()
I0914 16:04:26.535764 140347820734208 logging_writer.py:48] [65000] global_step=65000, grad_norm=0.5, loss=1.34963
I0914 16:04:26.543112 140367510193344 submission.py:307] 65000) loss = 1.350, grad_norm = 0.500
I0914 16:09:25.955772 140347812341504 logging_writer.py:48] [65500] global_step=65500, grad_norm=0.5, loss=1.3782
I0914 16:09:25.960039 140367510193344 submission.py:307] 65500) loss = 1.378, grad_norm = 0.500
I0914 16:11:28.403118 140367510193344 spec.py:333] Evaluating on the training split.
/usr/local/lib/python3.11/multiprocessing/popen_fork.py:66: RuntimeWarning: os.fork() was called. os.fork() is incompatible with multithreaded code, and JAX is multithreaded, so this will likely lead to a deadlock.
  self.pid = os.fork()
I0914 16:11:45.873354 140367510193344 spec.py:346] Evaluating on the validation split.
I0914 16:12:05.833795 140367510193344 spec.py:363] Evaluating on the test split.
I0914 16:12:16.209470 140367510193344 submission_runner.py:516] Time since start: 53965.54s, 	Step: 65635, 	{'train/ctc_loss': 0.3088394334700591, 'train/wer': 0.10743021191402562, 'validation/ctc_loss': 0.5700153322470866, 'validation/wer': 0.16129966687587505, 'validation/num_examples': 5348, 'test/ctc_loss': 0.31395785615200983, 'test/wer': 0.10037982653910994, 'test/num_examples': 2472, 'score': 52114.71427941322, 'total_duration': 53965.541815280914, 'accumulated_submission_time': 52114.71427941322, 'accumulated_eval_time': 1756.4026470184326, 'accumulated_logging_time': 4.832993507385254}
I0914 16:12:16.291279 140347820734208 logging_writer.py:48] [65635] accumulated_eval_time=1756.4, accumulated_logging_time=4.83299, accumulated_submission_time=52114.7, global_step=65635, preemption_count=0, score=52114.7, test/ctc_loss=0.313958, test/num_examples=2472, test/wer=0.10038, total_duration=53965.5, train/ctc_loss=0.308839, train/wer=0.10743, validation/ctc_loss=0.570015, validation/num_examples=5348, validation/wer=0.1613
/usr/local/lib/python3.11/multiprocessing/popen_fork.py:66: RuntimeWarning: os.fork() was called. os.fork() is incompatible with multithreaded code, and JAX is multithreaded, so this will likely lead to a deadlock.
  self.pid = os.fork()
I0914 16:18:21.779588 140347820734208 logging_writer.py:48] [66000] global_step=66000, grad_norm=0.5, loss=1.40754
I0914 16:18:21.787013 140367510193344 submission.py:307] 66000) loss = 1.408, grad_norm = 0.500
I0914 16:23:14.807982 140347812341504 logging_writer.py:48] [66500] global_step=66500, grad_norm=0.5, loss=1.49373
I0914 16:23:14.812619 140367510193344 submission.py:307] 66500) loss = 1.494, grad_norm = 0.500
/usr/local/lib/python3.11/multiprocessing/popen_fork.py:66: RuntimeWarning: os.fork() was called. os.fork() is incompatible with multithreaded code, and JAX is multithreaded, so this will likely lead to a deadlock.
  self.pid = os.fork()
I0914 16:31:18.316760 140347820734208 logging_writer.py:48] [67000] global_step=67000, grad_norm=0.5, loss=1.45032
I0914 16:31:18.324423 140367510193344 submission.py:307] 67000) loss = 1.450, grad_norm = 0.500
I0914 16:36:02.410063 140347812341504 logging_writer.py:48] [67500] global_step=67500, grad_norm=0.5, loss=1.423
I0914 16:36:02.421003 140367510193344 submission.py:307] 67500) loss = 1.423, grad_norm = 0.500
I0914 16:36:25.131314 140367510193344 spec.py:333] Evaluating on the training split.
/usr/local/lib/python3.11/multiprocessing/popen_fork.py:66: RuntimeWarning: os.fork() was called. os.fork() is incompatible with multithreaded code, and JAX is multithreaded, so this will likely lead to a deadlock.
  self.pid = os.fork()
I0914 16:36:43.528850 140367510193344 spec.py:346] Evaluating on the validation split.
I0914 16:37:03.304393 140367510193344 spec.py:363] Evaluating on the test split.
I0914 16:37:13.909568 140367510193344 submission_runner.py:516] Time since start: 55463.24s, 	Step: 67530, 	{'train/ctc_loss': 0.3181459933569486, 'train/wer': 0.11002584843857084, 'validation/ctc_loss': 0.5868998369060177, 'validation/wer': 0.16339496934292475, 'validation/num_examples': 5348, 'test/ctc_loss': 0.32258845328730884, 'test/wer': 0.10308126663010582, 'test/num_examples': 2472, 'score': 53560.22973561287, 'total_duration': 55463.241881370544, 'accumulated_submission_time': 53560.22973561287, 'accumulated_eval_time': 1805.1806757450104, 'accumulated_logging_time': 4.925171375274658}
I0914 16:37:13.968627 140347820734208 logging_writer.py:48] [67530] accumulated_eval_time=1805.18, accumulated_logging_time=4.92517, accumulated_submission_time=53560.2, global_step=67530, preemption_count=0, score=53560.2, test/ctc_loss=0.322588, test/num_examples=2472, test/wer=0.103081, total_duration=55463.2, train/ctc_loss=0.318146, train/wer=0.110026, validation/ctc_loss=0.5869, validation/num_examples=5348, validation/wer=0.163395
/usr/local/lib/python3.11/multiprocessing/popen_fork.py:66: RuntimeWarning: os.fork() was called. os.fork() is incompatible with multithreaded code, and JAX is multithreaded, so this will likely lead to a deadlock.
  self.pid = os.fork()
I0914 16:45:20.090748 140347820734208 logging_writer.py:48] [68000] global_step=68000, grad_norm=0.5, loss=1.40236
I0914 16:45:20.098426 140367510193344 submission.py:307] 68000) loss = 1.402, grad_norm = 0.500
I0914 16:50:00.354443 140347812341504 logging_writer.py:48] [68500] global_step=68500, grad_norm=0.5, loss=1.4217
I0914 16:50:00.358839 140367510193344 submission.py:307] 68500) loss = 1.422, grad_norm = 0.500
I0914 16:58:09.154176 140347820734208 logging_writer.py:48] [69000] global_step=69000, grad_norm=0.5, loss=1.48311
I0914 16:58:09.158361 140367510193344 submission.py:307] 69000) loss = 1.483, grad_norm = 0.500
/usr/local/lib/python3.11/multiprocessing/popen_fork.py:66: RuntimeWarning: os.fork() was called. os.fork() is incompatible with multithreaded code, and JAX is multithreaded, so this will likely lead to a deadlock.
  self.pid = os.fork()
I0914 17:01:21.883902 140367510193344 spec.py:333] Evaluating on the training split.
I0914 17:01:37.302637 140367510193344 spec.py:346] Evaluating on the validation split.
I0914 17:01:56.881455 140367510193344 spec.py:363] Evaluating on the test split.
I0914 17:02:07.566949 140367510193344 submission_runner.py:516] Time since start: 56956.90s, 	Step: 69341, 	{'train/ctc_loss': 0.3353715103757655, 'train/wer': 0.11489334146380949, 'validation/ctc_loss': 0.5987854187857896, 'validation/wer': 0.16774972239656255, 'validation/num_examples': 5348, 'test/ctc_loss': 0.32832823891863994, 'test/wer': 0.10590457619889099, 'test/num_examples': 2472, 'score': 55005.79437327385, 'total_duration': 56956.899238824844, 'accumulated_submission_time': 55005.79437327385, 'accumulated_eval_time': 1850.863557100296, 'accumulated_logging_time': 4.994636297225952}
I0914 17:02:07.699070 140347820734208 logging_writer.py:48] [69341] accumulated_eval_time=1850.86, accumulated_logging_time=4.99464, accumulated_submission_time=55005.8, global_step=69341, preemption_count=0, score=55005.8, test/ctc_loss=0.328328, test/num_examples=2472, test/wer=0.105905, total_duration=56956.9, train/ctc_loss=0.335372, train/wer=0.114893, validation/ctc_loss=0.598785, validation/num_examples=5348, validation/wer=0.16775
I0914 17:03:46.038951 140347812341504 logging_writer.py:48] [69500] global_step=69500, grad_norm=0.5, loss=1.37181
I0914 17:03:46.043001 140367510193344 submission.py:307] 69500) loss = 1.372, grad_norm = 0.500
I0914 17:11:55.594964 140347820734208 logging_writer.py:48] [70000] global_step=70000, grad_norm=0.5, loss=1.55326
I0914 17:11:55.599015 140367510193344 submission.py:307] 70000) loss = 1.553, grad_norm = 0.500
/usr/local/lib/python3.11/multiprocessing/popen_fork.py:66: RuntimeWarning: os.fork() was called. os.fork() is incompatible with multithreaded code, and JAX is multithreaded, so this will likely lead to a deadlock.
  self.pid = os.fork()
I0914 17:16:56.190479 140347820734208 logging_writer.py:48] [70500] global_step=70500, grad_norm=0.5, loss=1.52765
I0914 17:16:56.197936 140367510193344 submission.py:307] 70500) loss = 1.528, grad_norm = 0.500
I0914 17:24:37.485588 140347812341504 logging_writer.py:48] [71000] global_step=71000, grad_norm=0.5, loss=1.49161
I0914 17:24:37.489778 140367510193344 submission.py:307] 71000) loss = 1.492, grad_norm = 0.500
/usr/local/lib/python3.11/multiprocessing/popen_fork.py:66: RuntimeWarning: os.fork() was called. os.fork() is incompatible with multithreaded code, and JAX is multithreaded, so this will likely lead to a deadlock.
  self.pid = os.fork()
I0914 17:26:15.148082 140347820734208 logging_writer.py:48] [71098] global_step=71098, preemption_count=0, score=56451.6
I0914 17:26:15.646886 140367510193344 submission_runner.py:857] Final librispeech_deepspeech score: 56451.64101982117
