global_step,grad_norm,loss
0,0.3557197153568268,6.907755374908447
