python submission_runner.py --framework=jax --workload=imagenet_resnet --submission_path=submissions_algorithms/submissions/self_tuning/schedule_free_adamw_jax_v2_bn_fix/submission.py --data_dir=/data/imagenet/jax --experiment_dir=/experiment_runs --experiment_name=submissions_a100/schedule_free_adamw_jax_v2_bn_fix/study_2 --overwrite=True --save_checkpoints=False --rng_seed=-939886995 --imagenet_v2_data_dir=/data/imagenet/jax --tuning_ruleset=self 2>&1 | tee -a /logs/imagenet_resnet_jax_08-31-2026-09-17-19.log
2026-08-31 09:17:20.321782: E external/local_xla/xla/stream_executor/cuda/cuda_fft.cc:467] Unable to register cuFFT factory: Attempting to register factory for plugin cuFFT when one has already been registered
WARNING: All log messages before absl::InitializeLog() is called are written to STDERR
E0000 00:00:1788167840.344362      13 cuda_dnn.cc:8579] Unable to register cuDNN factory: Attempting to register factory for plugin cuDNN when one has already been registered
E0000 00:00:1788167840.351810      13 cuda_blas.cc:1407] Unable to register cuBLAS factory: Attempting to register factory for plugin cuBLAS when one has already been registered
W0000 00:00:1788167840.369739      13 computation_placer.cc:177] computation placer already registered. Please check linkage and avoid linking the same target more than once.
W0000 00:00:1788167840.369764      13 computation_placer.cc:177] computation placer already registered. Please check linkage and avoid linking the same target more than once.
W0000 00:00:1788167840.369766      13 computation_placer.cc:177] computation placer already registered. Please check linkage and avoid linking the same target more than once.
W0000 00:00:1788167840.369768      13 computation_placer.cc:177] computation placer already registered. Please check linkage and avoid linking the same target more than once.
/usr/local/lib/python3.11/site-packages/torch/__init__.py:1617: UserWarning: Please use the new API settings to control TF32 behavior, such as torch.backends.cudnn.conv.fp32_precision = 'tf32' or torch.backends.cuda.matmul.fp32_precision = 'ieee'. Old settings, e.g, torch.backends.cuda.matmul.allow_tf32 = True, torch.backends.cudnn.allow_tf32 = True, allowTF32CuDNN() and allowTF32CuBLAS() will be deprecated after Pytorch 2.9. Please see https://pytorch.org/docs/main/notes/cuda.html#tensorfloat-32-tf32-on-ampere-and-later-devices (Triggered internally at /pytorch/aten/src/ATen/Context.cpp:80.)
  _C._set_float32_matmul_precision(precision)
/usr/local/lib/python3.11/site-packages/pydantic/_internal/_generate_schema.py:2249: UnsupportedFieldAttributeWarning: The 'repr' attribute with value False was provided to the `Field()` function, which has no effect in the context it was used. 'repr' is field-specific metadata, and can only be attached to a model field using `Annotated` metadata or by assignment. This may have happened because an `Annotated` type alias using the `type` statement was used, or if the `Field()` function was attached to a single member of a union type.
  warnings.warn(
/usr/local/lib/python3.11/site-packages/pydantic/_internal/_generate_schema.py:2249: UnsupportedFieldAttributeWarning: The 'frozen' attribute with value True was provided to the `Field()` function, which has no effect in the context it was used. 'frozen' is field-specific metadata, and can only be attached to a model field using `Annotated` metadata or by assignment. This may have happened because an `Annotated` type alias using the `type` statement was used, or if the `Field()` function was attached to a single member of a union type.
  warnings.warn(
INFO:2026-08-31 09:17:30,316:jax._src.xla_bridge:830: Unable to initialize backend 'tpu': INTERNAL: Failed to open libtpu.so: libtpu.so: cannot open shared object file: No such file or directory
I0831 09:17:30.316229 140117123622080 xla_bridge.py:830] Unable to initialize backend 'tpu': INTERNAL: Failed to open libtpu.so: libtpu.so: cannot open shared object file: No such file or directory
I0831 09:17:31.017008 140117123622080 logger_utils.py:84] Creating experiment directory at /experiment_runs/submissions_a100/schedule_free_adamw_jax_v2_bn_fix/study_2/imagenet_resnet_jax.
I0831 09:17:31.569508 140117123622080 submission_runner.py:741] Creating directory at /experiment_runs/submissions_a100/schedule_free_adamw_jax_v2_bn_fix/study_2/imagenet_resnet_jax/trial_1.
I0831 09:17:31.835416 140117123622080 submission_runner.py:242] Initializing dataset.
I0831 09:17:32.366775 140117123622080 dataset_info.py:707] Load dataset info from /data/imagenet/jax/imagenet2012/5.1.0
I0831 09:17:32.415141 140117123622080 dataset_info.py:793] For 'imagenet2012/5.1.0': fields info.[splits, supervised_keys] differ on disk and in the code. Keeping the one from code.
I0831 09:17:32.695226 140117123622080 reader.py:262] Creating a tf.data.Dataset reading 1024 files located in folders: /data/imagenet/jax/imagenet2012/5.1.0.
I0831 09:17:32.772963 140117123622080 logging_logger.py:49] Constructing tf.data.Dataset imagenet2012 for split train, from /data/imagenet/jax/imagenet2012/5.1.0
I0831 09:17:33.654872 140117123622080 submission_runner.py:251] Initializing model.
I0831 09:17:56.796554 140117123622080 submission_runner.py:294] Initializing optimizer.
I0831 09:17:58.368351 140117123622080 submission_runner.py:299] Initializing metrics bundle.
I0831 09:17:58.368559 140117123622080 submission_runner.py:321] Initializing checkpoint and logger.
I0831 09:17:58.374812 140117123622080 checkpoints.py:1098] Found no checkpoint files in /experiment_runs/submissions_a100/schedule_free_adamw_jax_v2_bn_fix/study_2/imagenet_resnet_jax/trial_1 with prefix checkpoint_
I0831 09:17:58.374938 140117123622080 submission_runner.py:344] Saving meta data to /experiment_runs/submissions_a100/schedule_free_adamw_jax_v2_bn_fix/study_2/imagenet_resnet_jax/trial_1/meta_data_0.json.
I0831 09:17:58.643120 140117123622080 submission_runner.py:348] Saving flags to /experiment_runs/submissions_a100/schedule_free_adamw_jax_v2_bn_fix/study_2/imagenet_resnet_jax/trial_1/flags_0.json.
I0831 09:17:58.658167 140117123622080 submission_runner.py:359] Starting training loop.
/usr/local/lib/python3.11/site-packages/jax/_src/interpreters/mlir.py:1268: UserWarning: Some donated buffers were not usable: float32[64], float32[64], float32[64], float32[64], float32[64], float32[64], float32[256], float32[256], float32[256], float32[256], float32[1,1,64,64], float32[3,3,64,64], float32[1,1,64,256], float32[1,1,64,256], float32[64], float32[64], float32[64], float32[64], float32[256], float32[256], float32[1,1,256,64], float32[3,3,64,64], float32[1,1,64,256], float32[256], float32[256], float32[256], float32[256], float32[1024], float32[1024], float32[1,1,1024,256], float32[3,3,256,256], float32[1,1,256,1024], float32[256], float32[256], float32[256], float32[256], float32[1024], float32[1024], float32[1,1,1024,256], float32[3,3,256,256], float32[1,1,256,1024], float32[256], float32[256], float32[256], float32[256], float32[1024], float32[1024], float32[1,1,1024,256], float32[3,3,256,256], float32[1,1,256,1024], float32[512], float32[512], float32[512], float32[512], float32[2048], float32[2048], float32[2048], float32[2048], float32[1,1,1024,512], float32[3,3,512,512], float32[1,1,512,2048], float32[1,1,1024,2048], float32[512], float32[512], float32[512], float32[512], float32[2048], float32[2048], float32[1,1,2048,512], float32[3,3,512,512], float32[1,1,512,2048], float32[512], float32[512], float32[512], float32[512], float32[2048], float32[2048], float32[1,1,2048,512], float32[3,3,512,512], float32[1,1,512,2048], float32[64], float32[64], float32[64], float32[64], float32[256], float32[256], float32[1,1,256,64], float32[3,3,64,64], float32[1,1,64,256], float32[128], float32[128], float32[128], float32[128], float32[512], float32[512], float32[512], float32[512], float32[1,1,256,128], float32[3,3,128,128], float32[1,1,128,512], float32[1,1,256,512], float32[128], float32[128], float32[128], float32[128], float32[512], float32[512], float32[1,1,512,128], float32[3,3,128,128], float32[1,1,128,512], float32[128], float32[128], float32[128], float32[128], float32[512], float32[512], float32[1,1,512,128], float32[3,3,128,128], float32[1,1,128,512], float32[128], float32[128], float32[128], float32[128], float32[512], float32[512], float32[1,1,512,128], float32[3,3,128,128], float32[1,1,128,512], float32[256], float32[256], float32[256], float32[256], float32[1024], float32[1024], float32[1024], float32[1024], float32[1,1,512,256], float32[3,3,256,256], float32[1,1,256,1024], float32[1,1,512,1024], float32[256], float32[256], float32[256], float32[256], float32[1024], float32[1024], float32[1,1,1024,256], float32[3,3,256,256], float32[1,1,256,1024], float32[256], float32[256], float32[256], float32[256], float32[1024], float32[1024], float32[1,1,1024,256], float32[3,3,256,256], float32[1,1,256,1024], float32[7,7,3,64], float32[1000], float32[2048,1000].
See an explanation at https://docs.jax.dev/en/latest/faq.html#buffer-donation.
  warnings.warn("Some donated buffers were not usable:"
I0831 09:18:50.374566 139958705452800 logging_writer.py:48] [0] global_step=0, grad_norm=0.671302318572998, loss=6.922396659851074
I0831 09:18:51.571356 140117123622080 spec.py:333] Evaluating on the training split.
I0831 09:18:51.840241 140117123622080 dataset_info.py:707] Load dataset info from /data/imagenet/jax/imagenet2012/5.1.0
I0831 09:18:51.845649 140117123622080 dataset_info.py:793] For 'imagenet2012/5.1.0': fields info.[splits, supervised_keys] differ on disk and in the code. Keeping the one from code.
I0831 09:18:51.864247 140117123622080 reader.py:262] Creating a tf.data.Dataset reading 1024 files located in folders: /data/imagenet/jax/imagenet2012/5.1.0.
I0831 09:18:51.904102 140117123622080 logging_logger.py:49] Constructing tf.data.Dataset imagenet2012 for split train, from /data/imagenet/jax/imagenet2012/5.1.0
I0831 09:19:17.482455 140117123622080 spec.py:346] Evaluating on the validation split.
I0831 09:19:17.486814 140117123622080 dataset_info.py:707] Load dataset info from /data/imagenet/jax/imagenet2012/5.1.0
I0831 09:19:17.506456 140117123622080 dataset_info.py:793] For 'imagenet2012/5.1.0': fields info.[splits, supervised_keys] differ on disk and in the code. Keeping the one from code.
I0831 09:19:17.509088 140117123622080 reader.py:262] Creating a tf.data.Dataset reading 64 files located in folders: /data/imagenet/jax/imagenet2012/5.1.0.
I0831 09:19:17.544004 140117123622080 logging_logger.py:49] Constructing tf.data.Dataset imagenet2012 for split validation, from /data/imagenet/jax/imagenet2012/5.1.0
I0831 09:19:49.577220 140117123622080 spec.py:363] Evaluating on the test split.
I0831 09:19:49.713175 140117123622080 dataset_info.py:707] Load dataset info from /data/imagenet/jax/imagenet_v2/matched-frequency/3.0.0
I0831 09:19:49.783481 140117123622080 reader.py:262] Creating a tf.data.Dataset reading 16 files located in folders: /data/imagenet/jax/imagenet_v2/matched-frequency/3.0.0.
I0831 09:19:49.828219 140117123622080 logging_logger.py:49] Constructing tf.data.Dataset imagenet_v2 for split test, from /data/imagenet/jax/imagenet_v2/matched-frequency/3.0.0
I0831 09:19:55.844435 140117123622080 submission_runner.py:516] Time since start: 117.18s, 	Step: 1, 	{'train/accuracy': Array(0.00075733, dtype=float32), 'train/loss': Array(6.9125247, dtype=float32), 'validation/accuracy': Array(0.00068, dtype=float32), 'validation/loss': Array(6.91273, dtype=float32), 'validation/num_examples': 50000, 'test/accuracy': Array(0.0008, dtype=float32), 'test/loss': Array(6.9129095, dtype=float32), 'test/num_examples': 10000, 'score': 52.91309928894043, 'total_duration': 117.18459677696228, 'accumulated_submission_time': 52.91309928894043, 'accumulated_eval_time': 64.27141284942627, 'accumulated_logging_time': 0}
I0831 09:19:55.874442 139921964652288 logging_writer.py:48] [1] accumulated_eval_time=64.2714, accumulated_logging_time=0, accumulated_submission_time=52.9131, global_step=1, preemption_count=0, score=52.9131, test/accuracy=0.000800000037997961, test/loss=6.912909507751465, test/num_examples=10000, total_duration=117.185, train/accuracy=0.0007573341717943549, train/loss=6.912524700164795, validation/accuracy=0.0006799999973736703, validation/loss=6.9127302169799805, validation/num_examples=50000
/usr/local/lib/python3.11/site-packages/jax/_src/interpreters/mlir.py:1268: UserWarning: Some donated buffers were not usable: float32[64], float32[64], float32[64], float32[64], float32[64], float32[64], float32[256], float32[256], float32[256], float32[256], float32[1,1,64,64], float32[3,3,64,64], float32[1,1,64,256], float32[1,1,64,256], float32[64], float32[64], float32[64], float32[64], float32[256], float32[256], float32[1,1,256,64], float32[3,3,64,64], float32[1,1,64,256], float32[256], float32[256], float32[256], float32[256], float32[1024], float32[1024], float32[1,1,1024,256], float32[3,3,256,256], float32[1,1,256,1024], float32[256], float32[256], float32[256], float32[256], float32[1024], float32[1024], float32[1,1,1024,256], float32[3,3,256,256], float32[1,1,256,1024], float32[256], float32[256], float32[256], float32[256], float32[1024], float32[1024], float32[1,1,1024,256], float32[3,3,256,256], float32[1,1,256,1024], float32[512], float32[512], float32[512], float32[512], float32[2048], float32[2048], float32[2048], float32[2048], float32[1,1,1024,512], float32[3,3,512,512], float32[1,1,512,2048], float32[1,1,1024,2048], float32[512], float32[512], float32[512], float32[512], float32[2048], float32[2048], float32[1,1,2048,512], float32[3,3,512,512], float32[1,1,512,2048], float32[512], float32[512], float32[512], float32[512], float32[2048], float32[2048], float32[1,1,2048,512], float32[3,3,512,512], float32[1,1,512,2048], float32[64], float32[64], float32[64], float32[64], float32[256], float32[256], float32[1,1,256,64], float32[3,3,64,64], float32[1,1,64,256], float32[128], float32[128], float32[128], float32[128], float32[512], float32[512], float32[512], float32[512], float32[1,1,256,128], float32[3,3,128,128], float32[1,1,128,512], float32[1,1,256,512], float32[128], float32[128], float32[128], float32[128], float32[512], float32[512], float32[1,1,512,128], float32[3,3,128,128], float32[1,1,128,512], float32[128], float32[128], float32[128], float32[128], float32[512], float32[512], float32[1,1,512,128], float32[3,3,128,128], float32[1,1,128,512], float32[128], float32[128], float32[128], float32[128], float32[512], float32[512], float32[1,1,512,128], float32[3,3,128,128], float32[1,1,128,512], float32[256], float32[256], float32[256], float32[256], float32[1024], float32[1024], float32[1024], float32[1024], float32[1,1,512,256], float32[3,3,256,256], float32[1,1,256,1024], float32[1,1,512,1024], float32[256], float32[256], float32[256], float32[256], float32[1024], float32[1024], float32[1,1,1024,256], float32[3,3,256,256], float32[1,1,256,1024], float32[256], float32[256], float32[256], float32[256], float32[1024], float32[1024], float32[1,1,1024,256], float32[3,3,256,256], float32[1,1,256,1024], float32[7,7,3,64], float32[1000], float32[2048,1000].
See an explanation at https://docs.jax.dev/en/latest/faq.html#buffer-donation.
  warnings.warn("Some donated buffers were not usable:"
I0831 09:20:37.044055 139921713002240 logging_writer.py:48] [100] global_step=100, grad_norm=0.6732674837112427, loss=6.805178642272949
I0831 09:21:22.362460 139921931081472 logging_writer.py:48] [200] global_step=200, grad_norm=0.8279271721839905, loss=6.496425628662109
I0831 09:22:07.204123 139921713002240 logging_writer.py:48] [300] global_step=300, grad_norm=0.98941570520401, loss=6.196466445922852
I0831 09:22:51.327261 139921931081472 logging_writer.py:48] [400] global_step=400, grad_norm=1.8994367122650146, loss=5.963691711425781
I0831 09:23:36.293325 139921713002240 logging_writer.py:48] [500] global_step=500, grad_norm=4.463675022125244, loss=5.802135467529297
I0831 09:24:21.424843 139921931081472 logging_writer.py:48] [600] global_step=600, grad_norm=3.4486489295959473, loss=5.549911022186279
I0831 09:25:05.476954 139921713002240 logging_writer.py:48] [700] global_step=700, grad_norm=4.136732578277588, loss=5.357512474060059
I0831 09:25:49.082906 139921931081472 logging_writer.py:48] [800] global_step=800, grad_norm=3.4241135120391846, loss=5.240438938140869
I0831 09:26:33.715470 139921713002240 logging_writer.py:48] [900] global_step=900, grad_norm=6.021355628967285, loss=4.997196197509766
I0831 09:27:17.499777 139921931081472 logging_writer.py:48] [1000] global_step=1000, grad_norm=5.664543151855469, loss=5.166516304016113
I0831 09:28:01.349140 139921713002240 logging_writer.py:48] [1100] global_step=1100, grad_norm=3.5806498527526855, loss=4.8967132568359375
I0831 09:28:46.059575 139921931081472 logging_writer.py:48] [1200] global_step=1200, grad_norm=4.215710639953613, loss=4.7692060470581055
I0831 09:29:18.409837 139921713002240 logging_writer.py:48] [1300] global_step=1300, grad_norm=4.731967926025391, loss=4.741401672363281
I0831 09:29:45.553718 139921931081472 logging_writer.py:48] [1400] global_step=1400, grad_norm=6.556045055389404, loss=4.54466438293457
I0831 09:30:12.788432 139921713002240 logging_writer.py:48] [1500] global_step=1500, grad_norm=8.186121940612793, loss=4.488224506378174
I0831 09:30:39.924591 139921931081472 logging_writer.py:48] [1600] global_step=1600, grad_norm=6.157769203186035, loss=4.4683990478515625
I0831 09:31:07.106417 139921713002240 logging_writer.py:48] [1700] global_step=1700, grad_norm=4.845212459564209, loss=4.409547328948975
I0831 09:31:34.335842 139921931081472 logging_writer.py:48] [1800] global_step=1800, grad_norm=3.7392683029174805, loss=4.2734832763671875
I0831 09:32:01.451253 139921713002240 logging_writer.py:48] [1900] global_step=1900, grad_norm=5.120582103729248, loss=4.172300338745117
I0831 09:32:28.608979 139921931081472 logging_writer.py:48] [2000] global_step=2000, grad_norm=5.783570289611816, loss=3.9605648517608643
I0831 09:32:55.820533 139921713002240 logging_writer.py:48] [2100] global_step=2100, grad_norm=3.6723592281341553, loss=3.865442991256714
I0831 09:33:23.153527 139921931081472 logging_writer.py:48] [2200] global_step=2200, grad_norm=4.436460494995117, loss=3.8933777809143066
I0831 09:33:50.270193 139921713002240 logging_writer.py:48] [2300] global_step=2300, grad_norm=3.628775119781494, loss=3.8791348934173584
I0831 09:34:17.463001 139921931081472 logging_writer.py:48] [2400] global_step=2400, grad_norm=3.223262310028076, loss=3.6756186485290527
I0831 09:34:44.608311 139921713002240 logging_writer.py:48] [2500] global_step=2500, grad_norm=3.4139716625213623, loss=3.656585454940796
I0831 09:35:11.731884 139921931081472 logging_writer.py:48] [2600] global_step=2600, grad_norm=3.741330146789551, loss=3.519340991973877
I0831 09:35:38.952089 139921713002240 logging_writer.py:48] [2700] global_step=2700, grad_norm=3.8499300479888916, loss=3.7066566944122314
I0831 09:36:06.085273 139921931081472 logging_writer.py:48] [2800] global_step=2800, grad_norm=3.781147003173828, loss=3.416112184524536
I0831 09:36:33.196752 139921713002240 logging_writer.py:48] [2900] global_step=2900, grad_norm=4.345715045928955, loss=3.342191696166992
I0831 09:37:00.389617 139921931081472 logging_writer.py:48] [3000] global_step=3000, grad_norm=3.900597095489502, loss=3.3178553581237793
I0831 09:37:27.508085 139921713002240 logging_writer.py:48] [3100] global_step=3100, grad_norm=3.4220376014709473, loss=3.2843198776245117
I0831 09:37:54.871908 139921931081472 logging_writer.py:48] [3200] global_step=3200, grad_norm=3.2616593837738037, loss=3.1931347846984863
I0831 09:38:22.081495 139921713002240 logging_writer.py:48] [3300] global_step=3300, grad_norm=3.641723155975342, loss=3.092127799987793
I0831 09:38:49.190782 139921931081472 logging_writer.py:48] [3400] global_step=3400, grad_norm=4.614095211029053, loss=3.1763710975646973
I0831 09:39:16.359427 139921713002240 logging_writer.py:48] [3500] global_step=3500, grad_norm=3.8950982093811035, loss=3.0589523315429688
I0831 09:39:43.578144 139921931081472 logging_writer.py:48] [3600] global_step=3600, grad_norm=3.406949520111084, loss=2.9844846725463867
I0831 09:40:10.733139 139921713002240 logging_writer.py:48] [3700] global_step=3700, grad_norm=3.46993088722229, loss=3.021303176879883
I0831 09:40:37.874263 139921931081472 logging_writer.py:48] [3800] global_step=3800, grad_norm=3.9887073040008545, loss=2.92179536819458
I0831 09:41:05.088846 139921713002240 logging_writer.py:48] [3900] global_step=3900, grad_norm=2.6450412273406982, loss=2.973175048828125
I0831 09:41:32.244333 139921931081472 logging_writer.py:48] [4000] global_step=4000, grad_norm=3.2164812088012695, loss=2.9449028968811035
I0831 09:41:59.404278 139921713002240 logging_writer.py:48] [4100] global_step=4100, grad_norm=3.143095016479492, loss=2.845137119293213
I0831 09:42:26.596357 139921931081472 logging_writer.py:48] [4200] global_step=4200, grad_norm=2.5667765140533447, loss=2.575690269470215
I0831 09:42:53.992221 139921713002240 logging_writer.py:48] [4300] global_step=4300, grad_norm=3.828885793685913, loss=2.8851840496063232
I0831 09:43:21.156685 139921931081472 logging_writer.py:48] [4400] global_step=4400, grad_norm=2.493292808532715, loss=2.6563308238983154
I0831 09:43:48.395231 139921713002240 logging_writer.py:48] [4500] global_step=4500, grad_norm=3.52335262298584, loss=2.6862270832061768
I0831 09:44:15.575482 139921931081472 logging_writer.py:48] [4600] global_step=4600, grad_norm=2.3761024475097656, loss=2.6628615856170654
I0831 09:44:42.705690 139921713002240 logging_writer.py:48] [4700] global_step=4700, grad_norm=3.711188554763794, loss=2.5667147636413574
I0831 09:45:09.894652 139921931081472 logging_writer.py:48] [4800] global_step=4800, grad_norm=2.7228426933288574, loss=2.598125696182251
I0831 09:45:37.031065 139921713002240 logging_writer.py:48] [4900] global_step=4900, grad_norm=2.3265883922576904, loss=2.572826385498047
I0831 09:46:04.159627 139921931081472 logging_writer.py:48] [5000] global_step=5000, grad_norm=3.056170701980591, loss=2.4604644775390625
I0831 09:46:31.361546 139921713002240 logging_writer.py:48] [5100] global_step=5100, grad_norm=4.208132266998291, loss=2.518136501312256
I0831 09:46:58.488577 139921931081472 logging_writer.py:48] [5200] global_step=5200, grad_norm=2.7506370544433594, loss=2.480219602584839
I0831 09:47:25.668330 139921713002240 logging_writer.py:48] [5300] global_step=5300, grad_norm=3.078336238861084, loss=2.5320334434509277
I0831 09:47:53.109953 139921931081472 logging_writer.py:48] [5400] global_step=5400, grad_norm=2.381141424179077, loss=2.354475259780884
I0831 09:48:20.273151 139921713002240 logging_writer.py:48] [5500] global_step=5500, grad_norm=1.9294296503067017, loss=2.4226274490356445
I0831 09:48:47.438530 139921931081472 logging_writer.py:48] [5600] global_step=5600, grad_norm=2.0576999187469482, loss=2.3770675659179688
I0831 09:49:14.666751 139921713002240 logging_writer.py:48] [5700] global_step=5700, grad_norm=2.644810199737549, loss=2.323413372039795
I0831 09:49:41.797448 139921931081472 logging_writer.py:48] [5800] global_step=5800, grad_norm=2.4552206993103027, loss=2.509725570678711
I0831 09:50:08.916086 139921713002240 logging_writer.py:48] [5900] global_step=5900, grad_norm=3.1033997535705566, loss=2.396461009979248
I0831 09:50:36.111771 139921931081472 logging_writer.py:48] [6000] global_step=6000, grad_norm=2.5513463020324707, loss=2.127607583999634
I0831 09:51:03.260863 139921713002240 logging_writer.py:48] [6100] global_step=6100, grad_norm=2.3323240280151367, loss=2.1998984813690186
I0831 09:51:30.392834 139921931081472 logging_writer.py:48] [6200] global_step=6200, grad_norm=2.1485862731933594, loss=2.1842122077941895
I0831 09:51:57.600767 139921713002240 logging_writer.py:48] [6300] global_step=6300, grad_norm=2.212850332260132, loss=2.197127342224121
I0831 09:52:24.743527 139921931081472 logging_writer.py:48] [6400] global_step=6400, grad_norm=2.2067325115203857, loss=2.1780166625976562
I0831 09:52:52.138629 139921713002240 logging_writer.py:48] [6500] global_step=6500, grad_norm=2.62827205657959, loss=2.2342987060546875
I0831 09:53:11.858306 140117123622080 spec.py:333] Evaluating on the training split.
I0831 09:53:22.911187 140117123622080 spec.py:346] Evaluating on the validation split.
I0831 09:53:33.210484 140117123622080 spec.py:363] Evaluating on the test split.
I0831 09:54:12.737363 140117123622080 submission_runner.py:516] Time since start: 2174.08s, 	Step: 6574, 	{'train/accuracy': Array(0.63345027, dtype=float32), 'train/loss': Array(1.5319011, dtype=float32), 'validation/accuracy': Array(0.57534, dtype=float32), 'validation/loss': Array(1.8242104, dtype=float32), 'validation/num_examples': 50000, 'test/accuracy': Array(0.44320002, dtype=float32), 'test/loss': Array(2.5707448, dtype=float32), 'test/num_examples': 10000, 'score': 2048.840027332306, 'total_duration': 2174.077612400055, 'accumulated_submission_time': 2048.840027332306, 'accumulated_eval_time': 125.14888834953308, 'accumulated_logging_time': 0.038361549377441406}
I0831 09:54:12.777824 139921973044992 logging_writer.py:48] [6574] accumulated_eval_time=125.149, accumulated_logging_time=0.0383615, accumulated_submission_time=2048.84, global_step=6574, preemption_count=0, score=2048.84, test/accuracy=0.443200021982193, test/loss=2.570744752883911, test/num_examples=10000, total_duration=2174.08, train/accuracy=0.6334502696990967, train/loss=1.5319011211395264, validation/accuracy=0.5753399729728699, validation/loss=1.8242104053497314, validation/num_examples=50000
I0831 09:54:20.115710 139921981437696 logging_writer.py:48] [6600] global_step=6600, grad_norm=3.4276084899902344, loss=2.143886089324951
I0831 09:54:47.183719 139921973044992 logging_writer.py:48] [6700] global_step=6700, grad_norm=2.9612326622009277, loss=2.1813905239105225
I0831 09:55:14.277994 139921981437696 logging_writer.py:48] [6800] global_step=6800, grad_norm=2.567972421646118, loss=2.1731934547424316
I0831 09:55:41.477204 139921973044992 logging_writer.py:48] [6900] global_step=6900, grad_norm=2.43359112739563, loss=2.189258575439453
I0831 09:56:08.631566 139921981437696 logging_writer.py:48] [7000] global_step=7000, grad_norm=2.3358943462371826, loss=2.1699442863464355
I0831 09:56:35.768024 139921973044992 logging_writer.py:48] [7100] global_step=7100, grad_norm=2.1723597049713135, loss=2.035247325897217
I0831 09:57:02.979728 139921981437696 logging_writer.py:48] [7200] global_step=7200, grad_norm=2.4455323219299316, loss=2.0193636417388916
I0831 09:57:30.094182 139921973044992 logging_writer.py:48] [7300] global_step=7300, grad_norm=2.4453837871551514, loss=1.9815784692764282
I0831 09:57:57.268525 139921981437696 logging_writer.py:48] [7400] global_step=7400, grad_norm=2.3310165405273438, loss=2.0499401092529297
I0831 09:58:24.491646 139921973044992 logging_writer.py:48] [7500] global_step=7500, grad_norm=2.156442642211914, loss=2.0957813262939453
I0831 09:58:51.887776 139921981437696 logging_writer.py:48] [7600] global_step=7600, grad_norm=2.736370801925659, loss=2.0305700302124023
I0831 09:59:19.058232 139921973044992 logging_writer.py:48] [7700] global_step=7700, grad_norm=2.27716326713562, loss=1.9784483909606934
I0831 09:59:46.274121 139921981437696 logging_writer.py:48] [7800] global_step=7800, grad_norm=3.3548831939697266, loss=2.1549479961395264
I0831 10:00:13.441508 139921973044992 logging_writer.py:48] [7900] global_step=7900, grad_norm=2.4959888458251953, loss=2.093942642211914
I0831 10:00:40.570418 139921981437696 logging_writer.py:48] [8000] global_step=8000, grad_norm=2.060521364212036, loss=1.9716020822525024
I0831 10:01:07.767853 139921973044992 logging_writer.py:48] [8100] global_step=8100, grad_norm=2.0269997119903564, loss=1.975365400314331
I0831 10:01:34.883898 139921981437696 logging_writer.py:48] [8200] global_step=8200, grad_norm=2.659266233444214, loss=1.9484673738479614
I0831 10:02:02.016165 139921973044992 logging_writer.py:48] [8300] global_step=8300, grad_norm=2.3306727409362793, loss=1.9319210052490234
I0831 10:02:29.204666 139921981437696 logging_writer.py:48] [8400] global_step=8400, grad_norm=2.3693923950195312, loss=2.103003978729248
I0831 10:02:56.354918 139921973044992 logging_writer.py:48] [8500] global_step=8500, grad_norm=2.8095836639404297, loss=2.0188708305358887
I0831 10:03:23.712198 139921981437696 logging_writer.py:48] [8600] global_step=8600, grad_norm=2.207477331161499, loss=1.8949849605560303
I0831 10:03:50.908318 139921973044992 logging_writer.py:48] [8700] global_step=8700, grad_norm=2.711432933807373, loss=1.7700984477996826
I0831 10:04:18.059498 139921981437696 logging_writer.py:48] [8800] global_step=8800, grad_norm=2.2592148780822754, loss=1.962151288986206
I0831 10:04:45.224476 139921973044992 logging_writer.py:48] [8900] global_step=8900, grad_norm=2.608541488647461, loss=1.7523128986358643
I0831 10:05:12.417922 139921981437696 logging_writer.py:48] [9000] global_step=9000, grad_norm=2.1136386394500732, loss=1.8664042949676514
I0831 10:05:39.566835 139921973044992 logging_writer.py:48] [9100] global_step=9100, grad_norm=2.277000665664673, loss=1.8920762538909912
I0831 10:06:06.705202 139921981437696 logging_writer.py:48] [9200] global_step=9200, grad_norm=2.6492016315460205, loss=1.9573493003845215
I0831 10:06:33.907359 139921973044992 logging_writer.py:48] [9300] global_step=9300, grad_norm=3.013233184814453, loss=1.932753324508667
I0831 10:07:01.055327 139921981437696 logging_writer.py:48] [9400] global_step=9400, grad_norm=2.2009568214416504, loss=1.8772724866867065
I0831 10:07:28.204766 139921973044992 logging_writer.py:48] [9500] global_step=9500, grad_norm=2.3411340713500977, loss=1.9010428190231323
I0831 10:07:55.409616 139921981437696 logging_writer.py:48] [9600] global_step=9600, grad_norm=2.5960745811462402, loss=1.868543267250061
I0831 10:08:22.803319 139921973044992 logging_writer.py:48] [9700] global_step=9700, grad_norm=2.203566789627075, loss=1.82309889793396
I0831 10:08:49.944330 139921981437696 logging_writer.py:48] [9800] global_step=9800, grad_norm=2.3515594005584717, loss=1.8992986679077148
I0831 10:09:17.122526 139921973044992 logging_writer.py:48] [9900] global_step=9900, grad_norm=1.9531469345092773, loss=1.8034528493881226
I0831 10:09:44.244627 139921981437696 logging_writer.py:48] [10000] global_step=10000, grad_norm=2.011896848678589, loss=1.7611663341522217
I0831 10:10:11.351901 139921973044992 logging_writer.py:48] [10100] global_step=10100, grad_norm=2.066847562789917, loss=1.7491786479949951
I0831 10:10:38.555243 139921981437696 logging_writer.py:48] [10200] global_step=10200, grad_norm=2.490779161453247, loss=1.8243978023529053
I0831 10:11:05.695623 139921973044992 logging_writer.py:48] [10300] global_step=10300, grad_norm=2.2087104320526123, loss=1.867042064666748
I0831 10:11:32.842186 139921981437696 logging_writer.py:48] [10400] global_step=10400, grad_norm=2.306541919708252, loss=1.968435525894165
I0831 10:12:00.054238 139921973044992 logging_writer.py:48] [10500] global_step=10500, grad_norm=2.5482168197631836, loss=1.8215970993041992
I0831 10:12:27.199740 139921981437696 logging_writer.py:48] [10600] global_step=10600, grad_norm=2.6003804206848145, loss=1.826767086982727
I0831 10:12:54.347085 139921973044992 logging_writer.py:48] [10700] global_step=10700, grad_norm=2.502636432647705, loss=1.753539800643921
I0831 10:13:21.791948 139921981437696 logging_writer.py:48] [10800] global_step=10800, grad_norm=2.380722761154175, loss=1.9236633777618408
I0831 10:13:48.889847 139921973044992 logging_writer.py:48] [10900] global_step=10900, grad_norm=2.4224681854248047, loss=1.7430059909820557
I0831 10:14:16.011931 139921981437696 logging_writer.py:48] [11000] global_step=11000, grad_norm=2.4657652378082275, loss=1.8093527555465698
I0831 10:14:43.211802 139921973044992 logging_writer.py:48] [11100] global_step=11100, grad_norm=2.211857557296753, loss=1.8176498413085938
I0831 10:15:10.346898 139921981437696 logging_writer.py:48] [11200] global_step=11200, grad_norm=2.6209747791290283, loss=1.8674273490905762
I0831 10:15:37.499604 139921973044992 logging_writer.py:48] [11300] global_step=11300, grad_norm=2.86953067779541, loss=1.8229273557662964
I0831 10:16:04.676340 139921981437696 logging_writer.py:48] [11400] global_step=11400, grad_norm=3.2597477436065674, loss=1.728245496749878
I0831 10:16:31.802548 139921973044992 logging_writer.py:48] [11500] global_step=11500, grad_norm=2.1995089054107666, loss=1.683197021484375
I0831 10:16:58.941525 139921981437696 logging_writer.py:48] [11600] global_step=11600, grad_norm=2.242316961288452, loss=1.715667724609375
I0831 10:17:26.106333 139921973044992 logging_writer.py:48] [11700] global_step=11700, grad_norm=2.2985260486602783, loss=1.674835443496704
I0831 10:17:53.257793 139921981437696 logging_writer.py:48] [11800] global_step=11800, grad_norm=1.9165884256362915, loss=1.6611478328704834
I0831 10:18:20.613840 139921973044992 logging_writer.py:48] [11900] global_step=11900, grad_norm=2.277613401412964, loss=1.7896418571472168
I0831 10:18:47.820008 139921981437696 logging_writer.py:48] [12000] global_step=12000, grad_norm=2.513701915740967, loss=1.7087757587432861
I0831 10:19:14.991380 139921973044992 logging_writer.py:48] [12100] global_step=12100, grad_norm=2.635773181915283, loss=1.7630031108856201
I0831 10:19:42.110202 139921981437696 logging_writer.py:48] [12200] global_step=12200, grad_norm=2.350038528442383, loss=1.6332464218139648
I0831 10:20:09.319403 139921973044992 logging_writer.py:48] [12300] global_step=12300, grad_norm=2.189542770385742, loss=1.587756872177124
I0831 10:20:36.423456 139921981437696 logging_writer.py:48] [12400] global_step=12400, grad_norm=2.141578435897827, loss=1.6569583415985107
I0831 10:21:03.536365 139921973044992 logging_writer.py:48] [12500] global_step=12500, grad_norm=2.6314451694488525, loss=1.5640114545822144
I0831 10:21:30.710562 139921981437696 logging_writer.py:48] [12600] global_step=12600, grad_norm=2.172481060028076, loss=1.6280877590179443
I0831 10:21:57.855106 139921973044992 logging_writer.py:48] [12700] global_step=12700, grad_norm=2.6087169647216797, loss=1.762603521347046
I0831 10:22:24.983995 139921981437696 logging_writer.py:48] [12800] global_step=12800, grad_norm=2.3205695152282715, loss=1.6876832246780396
I0831 10:22:52.395025 139921973044992 logging_writer.py:48] [12900] global_step=12900, grad_norm=2.7624080181121826, loss=1.8627490997314453
I0831 10:23:19.479101 139921981437696 logging_writer.py:48] [13000] global_step=13000, grad_norm=2.7997493743896484, loss=1.5938355922698975
I0831 10:23:46.587140 139921973044992 logging_writer.py:48] [13100] global_step=13100, grad_norm=2.597593307495117, loss=1.662946105003357
I0831 10:24:13.799708 139921981437696 logging_writer.py:48] [13200] global_step=13200, grad_norm=2.4437668323516846, loss=1.58249032497406
I0831 10:24:40.892146 139921973044992 logging_writer.py:48] [13300] global_step=13300, grad_norm=2.2696990966796875, loss=1.5391333103179932
I0831 10:25:08.025183 139921981437696 logging_writer.py:48] [13400] global_step=13400, grad_norm=2.3729562759399414, loss=1.6627873182296753
I0831 10:25:35.229311 139921973044992 logging_writer.py:48] [13500] global_step=13500, grad_norm=2.497978448867798, loss=1.6674211025238037
I0831 10:26:02.353099 139921981437696 logging_writer.py:48] [13600] global_step=13600, grad_norm=2.3331096172332764, loss=1.582601547241211
I0831 10:26:29.539808 139921973044992 logging_writer.py:48] [13700] global_step=13700, grad_norm=2.6142168045043945, loss=1.6689107418060303
I0831 10:26:56.744802 139921981437696 logging_writer.py:48] [13800] global_step=13800, grad_norm=2.6323695182800293, loss=1.6393215656280518
I0831 10:27:23.866545 139921973044992 logging_writer.py:48] [13900] global_step=13900, grad_norm=2.3569791316986084, loss=1.660409688949585
I0831 10:27:28.905031 140117123622080 spec.py:333] Evaluating on the training split.
I0831 10:27:40.108533 140117123622080 spec.py:346] Evaluating on the validation split.
I0831 10:27:50.312516 140117123622080 spec.py:363] Evaluating on the test split.
I0831 10:27:51.188020 140117123622080 submission_runner.py:516] Time since start: 4192.53s, 	Step: 13920, 	{'train/accuracy': Array(0.7597656, dtype=float32), 'train/loss': Array(0.9458039, dtype=float32), 'validation/accuracy': Array(0.66716, dtype=float32), 'validation/loss': Array(1.3747368, dtype=float32), 'validation/num_examples': 50000, 'test/accuracy': Array(0.5343, dtype=float32), 'test/loss': Array(2.1329305, dtype=float32), 'test/num_examples': 10000, 'score': 4044.9069986343384, 'total_duration': 4192.527692556381, 'accumulated_submission_time': 4044.9069986343384, 'accumulated_eval_time': 147.4297194480896, 'accumulated_logging_time': 0.0868222713470459}
I0831 10:27:51.227185 139921981437696 logging_writer.py:48] [13920] accumulated_eval_time=147.43, accumulated_logging_time=0.0868223, accumulated_submission_time=4044.91, global_step=13920, preemption_count=0, score=4044.91, test/accuracy=0.5343000292778015, test/loss=2.1329305171966553, test/num_examples=10000, total_duration=4192.53, train/accuracy=0.759765625, train/loss=0.9458038806915283, validation/accuracy=0.6671599745750427, validation/loss=1.3747367858886719, validation/num_examples=50000
I0831 10:28:13.470738 139921973044992 logging_writer.py:48] [14000] global_step=14000, grad_norm=3.0350115299224854, loss=1.696923851966858
I0831 10:28:40.659779 139921981437696 logging_writer.py:48] [14100] global_step=14100, grad_norm=2.6212310791015625, loss=1.553265929222107
I0831 10:29:07.792446 139921973044992 logging_writer.py:48] [14200] global_step=14200, grad_norm=2.9743869304656982, loss=1.6971187591552734
I0831 10:29:34.911542 139921981437696 logging_writer.py:48] [14300] global_step=14300, grad_norm=2.7357542514801025, loss=1.702121615409851
I0831 10:30:02.115375 139921973044992 logging_writer.py:48] [14400] global_step=14400, grad_norm=2.7801671028137207, loss=1.6691523790359497
I0831 10:30:29.238617 139921981437696 logging_writer.py:48] [14500] global_step=14500, grad_norm=2.149615526199341, loss=1.6176680326461792
I0831 10:30:56.376146 139921973044992 logging_writer.py:48] [14600] global_step=14600, grad_norm=2.585505247116089, loss=1.609571933746338
I0831 10:31:23.596660 139921981437696 logging_writer.py:48] [14700] global_step=14700, grad_norm=2.2697601318359375, loss=1.6139100790023804
I0831 10:31:50.710155 139921973044992 logging_writer.py:48] [14800] global_step=14800, grad_norm=2.8866593837738037, loss=1.7605444192886353
I0831 10:32:17.819612 139921981437696 logging_writer.py:48] [14900] global_step=14900, grad_norm=2.4191031455993652, loss=1.6256027221679688
I0831 10:32:45.014321 139921973044992 logging_writer.py:48] [15000] global_step=15000, grad_norm=2.7074241638183594, loss=1.6248866319656372
I0831 10:33:12.362349 139921981437696 logging_writer.py:48] [15100] global_step=15100, grad_norm=2.6054131984710693, loss=1.653914213180542
I0831 10:33:39.486848 139921973044992 logging_writer.py:48] [15200] global_step=15200, grad_norm=2.5788371562957764, loss=1.5797102451324463
I0831 10:34:06.722464 139921981437696 logging_writer.py:48] [15300] global_step=15300, grad_norm=2.3922674655914307, loss=1.5725655555725098
I0831 10:34:33.856937 139921973044992 logging_writer.py:48] [15400] global_step=15400, grad_norm=2.6645755767822266, loss=1.5964326858520508
I0831 10:35:00.954557 139921981437696 logging_writer.py:48] [15500] global_step=15500, grad_norm=2.7354321479797363, loss=1.6281343698501587
I0831 10:35:28.149845 139921973044992 logging_writer.py:48] [15600] global_step=15600, grad_norm=2.836534261703491, loss=1.5315821170806885
I0831 10:35:55.268275 139921981437696 logging_writer.py:48] [15700] global_step=15700, grad_norm=2.9557156562805176, loss=1.4942699670791626
I0831 10:36:22.437966 139921973044992 logging_writer.py:48] [15800] global_step=15800, grad_norm=2.622300148010254, loss=1.50852632522583
I0831 10:36:49.638053 139921981437696 logging_writer.py:48] [15900] global_step=15900, grad_norm=2.7346372604370117, loss=1.4732731580734253
I0831 10:37:16.798240 139921973044992 logging_writer.py:48] [16000] global_step=16000, grad_norm=2.64225697517395, loss=1.4495433568954468
I0831 10:37:44.129991 139921981437696 logging_writer.py:48] [16100] global_step=16100, grad_norm=2.8667867183685303, loss=1.6103379726409912
I0831 10:38:11.330109 139921973044992 logging_writer.py:48] [16200] global_step=16200, grad_norm=3.1004464626312256, loss=1.6541290283203125
I0831 10:38:38.463275 139921981437696 logging_writer.py:48] [16300] global_step=16300, grad_norm=2.8889665603637695, loss=1.4718906879425049
I0831 10:39:05.612018 139921973044992 logging_writer.py:48] [16400] global_step=16400, grad_norm=3.2106285095214844, loss=1.5856781005859375
I0831 10:39:32.815634 139921981437696 logging_writer.py:48] [16500] global_step=16500, grad_norm=2.707829713821411, loss=1.473958969116211
I0831 10:39:59.952388 139921973044992 logging_writer.py:48] [16600] global_step=16600, grad_norm=2.9253182411193848, loss=1.5339279174804688
I0831 10:40:27.098172 139921981437696 logging_writer.py:48] [16700] global_step=16700, grad_norm=2.774484395980835, loss=1.53962242603302
I0831 10:40:54.319318 139921973044992 logging_writer.py:48] [16800] global_step=16800, grad_norm=3.0922129154205322, loss=1.5274388790130615
I0831 10:41:21.442504 139921981437696 logging_writer.py:48] [16900] global_step=16900, grad_norm=2.9338717460632324, loss=1.475264072418213
I0831 10:41:48.596605 139921973044992 logging_writer.py:48] [17000] global_step=17000, grad_norm=3.4707348346710205, loss=1.4933245182037354
I0831 10:42:15.768720 139921981437696 logging_writer.py:48] [17100] global_step=17100, grad_norm=3.425891637802124, loss=1.4522218704223633
I0831 10:42:43.079227 139921973044992 logging_writer.py:48] [17200] global_step=17200, grad_norm=3.340009927749634, loss=1.503456711769104
I0831 10:43:10.231001 139921981437696 logging_writer.py:48] [17300] global_step=17300, grad_norm=3.1978204250335693, loss=1.5897223949432373
I0831 10:43:37.431075 139921973044992 logging_writer.py:48] [17400] global_step=17400, grad_norm=3.486799716949463, loss=1.5765739679336548
I0831 10:44:04.550753 139921981437696 logging_writer.py:48] [17500] global_step=17500, grad_norm=3.2303504943847656, loss=1.4816519021987915
I0831 10:44:31.680552 139921973044992 logging_writer.py:48] [17600] global_step=17600, grad_norm=3.287923812866211, loss=1.5123013257980347
I0831 10:44:58.872562 139921981437696 logging_writer.py:48] [17700] global_step=17700, grad_norm=3.3260560035705566, loss=1.4286954402923584
I0831 10:45:26.010697 139921973044992 logging_writer.py:48] [17800] global_step=17800, grad_norm=3.5685641765594482, loss=1.4889247417449951
I0831 10:45:53.153273 139921981437696 logging_writer.py:48] [17900] global_step=17900, grad_norm=3.491772413253784, loss=1.5587143898010254
I0831 10:46:20.322552 139921973044992 logging_writer.py:48] [18000] global_step=18000, grad_norm=3.584510087966919, loss=1.5186439752578735
I0831 10:46:47.450887 139921981437696 logging_writer.py:48] [18100] global_step=18100, grad_norm=4.201836585998535, loss=1.4934589862823486
I0831 10:47:14.563385 139921973044992 logging_writer.py:48] [18200] global_step=18200, grad_norm=3.9445481300354004, loss=1.4944424629211426
I0831 10:47:41.985266 139921981437696 logging_writer.py:48] [18300] global_step=18300, grad_norm=4.000143051147461, loss=1.5370042324066162
I0831 10:48:09.114527 139921973044992 logging_writer.py:48] [18400] global_step=18400, grad_norm=4.293737411499023, loss=1.554142713546753
I0831 10:48:36.238921 139921981437696 logging_writer.py:48] [18500] global_step=18500, grad_norm=3.875096321105957, loss=1.4579441547393799
I0831 10:49:03.452561 139921973044992 logging_writer.py:48] [18600] global_step=18600, grad_norm=4.548758506774902, loss=1.395484447479248
I0831 10:49:30.585047 139921981437696 logging_writer.py:48] [18700] global_step=18700, grad_norm=4.045810699462891, loss=1.5189390182495117
I0831 10:49:57.741370 139921973044992 logging_writer.py:48] [18800] global_step=18800, grad_norm=4.105224132537842, loss=1.4922289848327637
I0831 10:50:24.926796 139921981437696 logging_writer.py:48] [18900] global_step=18900, grad_norm=4.743765830993652, loss=1.4784990549087524
I0831 10:50:52.076395 139921973044992 logging_writer.py:48] [19000] global_step=19000, grad_norm=4.483284950256348, loss=1.5229483842849731
I0831 10:51:19.173301 139921981437696 logging_writer.py:48] [19100] global_step=19100, grad_norm=4.762443542480469, loss=1.5833650827407837
I0831 10:51:46.350666 139921973044992 logging_writer.py:48] [19200] global_step=19200, grad_norm=5.052002429962158, loss=1.5220892429351807
I0831 10:52:13.697761 139921981437696 logging_writer.py:48] [19300] global_step=19300, grad_norm=5.090843677520752, loss=1.4739071130752563
I0831 10:52:40.810135 139921973044992 logging_writer.py:48] [19400] global_step=19400, grad_norm=5.638278007507324, loss=1.5797584056854248
I0831 10:53:08.015201 139921981437696 logging_writer.py:48] [19500] global_step=19500, grad_norm=5.05310583114624, loss=1.4385422468185425
I0831 10:53:35.158515 139921973044992 logging_writer.py:48] [19600] global_step=19600, grad_norm=5.3574442863464355, loss=1.5606913566589355
I0831 10:54:02.290697 139921981437696 logging_writer.py:48] [19700] global_step=19700, grad_norm=5.573651313781738, loss=1.5450961589813232
I0831 10:54:29.470190 139921973044992 logging_writer.py:48] [19800] global_step=19800, grad_norm=6.741726398468018, loss=1.6309282779693604
I0831 10:54:56.599427 139921981437696 logging_writer.py:48] [19900] global_step=19900, grad_norm=6.430349349975586, loss=1.6098532676696777
I0831 10:55:23.729465 139921973044992 logging_writer.py:48] [20000] global_step=20000, grad_norm=6.62655782699585, loss=1.5774004459381104
I0831 10:55:50.908279 139921981437696 logging_writer.py:48] [20100] global_step=20100, grad_norm=6.508082389831543, loss=1.5472185611724854
I0831 10:56:18.033620 139921973044992 logging_writer.py:48] [20200] global_step=20200, grad_norm=7.016639232635498, loss=1.4600238800048828
I0831 10:56:45.147241 139921981437696 logging_writer.py:48] [20300] global_step=20300, grad_norm=6.589377403259277, loss=1.41517972946167
I0831 10:57:12.638421 139921973044992 logging_writer.py:48] [20400] global_step=20400, grad_norm=7.282048225402832, loss=1.5558980703353882
I0831 10:57:39.785723 139921981437696 logging_writer.py:48] [20500] global_step=20500, grad_norm=7.552374839782715, loss=1.5217782258987427
I0831 10:58:06.895072 139921973044992 logging_writer.py:48] [20600] global_step=20600, grad_norm=7.863426208496094, loss=1.5843675136566162
I0831 10:58:34.120080 139921981437696 logging_writer.py:48] [20700] global_step=20700, grad_norm=7.922863006591797, loss=1.4261691570281982
I0831 10:59:01.242961 139921973044992 logging_writer.py:48] [20800] global_step=20800, grad_norm=8.0282564163208, loss=1.429382562637329
I0831 10:59:28.383879 139921981437696 logging_writer.py:48] [20900] global_step=20900, grad_norm=10.486676216125488, loss=1.5300984382629395
I0831 10:59:55.590959 139921973044992 logging_writer.py:48] [21000] global_step=21000, grad_norm=8.677633285522461, loss=1.4619032144546509
I0831 11:00:22.762533 139921981437696 logging_writer.py:48] [21100] global_step=21100, grad_norm=8.904156684875488, loss=1.5087047815322876
I0831 11:00:49.861669 139921973044992 logging_writer.py:48] [21200] global_step=21200, grad_norm=9.725543975830078, loss=1.4908292293548584
I0831 11:01:07.372734 140117123622080 spec.py:333] Evaluating on the training split.
I0831 11:01:18.697727 140117123622080 spec.py:346] Evaluating on the validation split.
I0831 11:01:28.883568 140117123622080 spec.py:363] Evaluating on the test split.
I0831 11:01:29.764864 140117123622080 submission_runner.py:516] Time since start: 6211.10s, 	Step: 21266, 	{'train/accuracy': Array(0.8064812, dtype=float32), 'train/loss': Array(0.74569297, dtype=float32), 'validation/accuracy': Array(0.6971, dtype=float32), 'validation/loss': Array(1.2396864, dtype=float32), 'validation/num_examples': 50000, 'test/accuracy': Array(0.5623, dtype=float32), 'test/loss': Array(1.972755, dtype=float32), 'test/num_examples': 10000, 'score': 6040.991535186768, 'total_duration': 6211.1035261154175, 'accumulated_submission_time': 6040.991535186768, 'accumulated_eval_time': 169.818678855896, 'accumulated_logging_time': 0.13496828079223633}
I0831 11:01:29.806053 139921981437696 logging_writer.py:48] [21266] accumulated_eval_time=169.819, accumulated_logging_time=0.134968, accumulated_submission_time=6040.99, global_step=21266, preemption_count=0, score=6040.99, test/accuracy=0.5623000264167786, test/loss=1.972754955291748, test/num_examples=10000, total_duration=6211.1, train/accuracy=0.8064811825752258, train/loss=0.7456929683685303, validation/accuracy=0.6970999836921692, validation/loss=1.239686369895935, validation/num_examples=50000
I0831 11:01:39.455677 139921973044992 logging_writer.py:48] [21300] global_step=21300, grad_norm=9.406684875488281, loss=1.5405936241149902
I0831 11:02:06.547469 139921981437696 logging_writer.py:48] [21400] global_step=21400, grad_norm=9.00126838684082, loss=1.322901964187622
I0831 11:02:33.874349 139921973044992 logging_writer.py:48] [21500] global_step=21500, grad_norm=10.26239013671875, loss=1.4281567335128784
I0831 11:03:01.060523 139921981437696 logging_writer.py:48] [21600] global_step=21600, grad_norm=10.113791465759277, loss=1.4933806657791138
I0831 11:03:28.198747 139921973044992 logging_writer.py:48] [21700] global_step=21700, grad_norm=11.149961471557617, loss=1.4745469093322754
I0831 11:03:55.315768 139921981437696 logging_writer.py:48] [21800] global_step=21800, grad_norm=10.801688194274902, loss=1.4619765281677246
I0831 11:04:22.512084 139921973044992 logging_writer.py:48] [21900] global_step=21900, grad_norm=11.78383731842041, loss=1.5049852132797241
I0831 11:04:49.684288 139921981437696 logging_writer.py:48] [22000] global_step=22000, grad_norm=11.140398025512695, loss=1.4829232692718506
I0831 11:05:16.797026 139921973044992 logging_writer.py:48] [22100] global_step=22100, grad_norm=11.593482971191406, loss=1.5430198907852173
I0831 11:05:43.976268 139921981437696 logging_writer.py:48] [22200] global_step=22200, grad_norm=11.26374340057373, loss=1.463257074356079
I0831 11:06:11.109401 139921973044992 logging_writer.py:48] [22300] global_step=22300, grad_norm=12.335799217224121, loss=1.4707428216934204
I0831 11:06:38.295112 139921981437696 logging_writer.py:48] [22400] global_step=22400, grad_norm=11.759468078613281, loss=1.5352859497070312
I0831 11:07:05.701172 139921973044992 logging_writer.py:48] [22500] global_step=22500, grad_norm=11.995282173156738, loss=1.5268123149871826
I0831 11:07:32.829876 139921981437696 logging_writer.py:48] [22600] global_step=22600, grad_norm=12.468128204345703, loss=1.4467936754226685
I0831 11:07:59.950872 139921973044992 logging_writer.py:48] [22700] global_step=22700, grad_norm=12.801198959350586, loss=1.6025171279907227
I0831 11:08:27.163942 139921981437696 logging_writer.py:48] [22800] global_step=22800, grad_norm=12.915553092956543, loss=1.5500178337097168
I0831 11:08:54.286881 139921973044992 logging_writer.py:48] [22900] global_step=22900, grad_norm=12.996624946594238, loss=1.4899919033050537
I0831 11:09:21.390110 139921981437696 logging_writer.py:48] [23000] global_step=23000, grad_norm=12.457157135009766, loss=1.459533452987671
I0831 11:09:48.583037 139921973044992 logging_writer.py:48] [23100] global_step=23100, grad_norm=13.232903480529785, loss=1.5153093338012695
I0831 11:10:15.727595 139921981437696 logging_writer.py:48] [23200] global_step=23200, grad_norm=12.763252258300781, loss=1.5098117589950562
I0831 11:10:42.899512 139921973044992 logging_writer.py:48] [23300] global_step=23300, grad_norm=12.972905158996582, loss=1.630241870880127
I0831 11:11:10.099871 139921981437696 logging_writer.py:48] [23400] global_step=23400, grad_norm=12.698519706726074, loss=1.4136146306991577
I0831 11:11:37.200750 139921973044992 logging_writer.py:48] [23500] global_step=23500, grad_norm=13.72935676574707, loss=1.546349287033081
I0831 11:12:04.553127 139921981437696 logging_writer.py:48] [23600] global_step=23600, grad_norm=13.272187232971191, loss=1.528562307357788
I0831 11:12:31.765105 139921973044992 logging_writer.py:48] [23700] global_step=23700, grad_norm=12.644031524658203, loss=1.4883387088775635
I0831 11:12:58.881719 139921981437696 logging_writer.py:48] [23800] global_step=23800, grad_norm=13.084260940551758, loss=1.4790527820587158
I0831 11:13:26.005377 139921973044992 logging_writer.py:48] [23900] global_step=23900, grad_norm=12.575275421142578, loss=1.5619521141052246
I0831 11:13:53.243292 139921981437696 logging_writer.py:48] [24000] global_step=24000, grad_norm=12.304837226867676, loss=1.390584945678711
I0831 11:14:20.387007 139921973044992 logging_writer.py:48] [24100] global_step=24100, grad_norm=12.258387565612793, loss=1.5254509449005127
I0831 11:14:47.533431 139921981437696 logging_writer.py:48] [24200] global_step=24200, grad_norm=11.880969047546387, loss=1.4036471843719482
I0831 11:15:14.713719 139921973044992 logging_writer.py:48] [24300] global_step=24300, grad_norm=12.103780746459961, loss=1.4992352724075317
I0831 11:15:41.842554 139921981437696 logging_writer.py:48] [24400] global_step=24400, grad_norm=11.928203582763672, loss=1.3931465148925781
I0831 11:16:08.956238 139921973044992 logging_writer.py:48] [24500] global_step=24500, grad_norm=11.705646514892578, loss=1.469421148300171
I0831 11:16:36.151454 139921981437696 logging_writer.py:48] [24600] global_step=24600, grad_norm=12.138449668884277, loss=1.5468780994415283
I0831 11:17:03.512737 139921973044992 logging_writer.py:48] [24700] global_step=24700, grad_norm=11.193843841552734, loss=1.4395384788513184
I0831 11:17:30.660895 139921981437696 logging_writer.py:48] [24800] global_step=24800, grad_norm=11.531634330749512, loss=1.4053001403808594
I0831 11:17:57.868263 139921973044992 logging_writer.py:48] [24900] global_step=24900, grad_norm=11.036750793457031, loss=1.417051076889038
I0831 11:18:25.011195 139921981437696 logging_writer.py:48] [25000] global_step=25000, grad_norm=10.839705467224121, loss=1.4573945999145508
I0831 11:18:52.121787 139921973044992 logging_writer.py:48] [25100] global_step=25100, grad_norm=11.357416152954102, loss=1.4634182453155518
I0831 11:19:19.318676 139921981437696 logging_writer.py:48] [25200] global_step=25200, grad_norm=10.925622940063477, loss=1.5204107761383057
I0831 11:19:46.422720 139921973044992 logging_writer.py:48] [25300] global_step=25300, grad_norm=10.379297256469727, loss=1.4389749765396118
I0831 11:20:13.531986 139921981437696 logging_writer.py:48] [25400] global_step=25400, grad_norm=10.401284217834473, loss=1.4607157707214355
I0831 11:20:40.718140 139921973044992 logging_writer.py:48] [25500] global_step=25500, grad_norm=9.391441345214844, loss=1.309553623199463
I0831 11:21:07.869062 139921981437696 logging_writer.py:48] [25600] global_step=25600, grad_norm=10.705259323120117, loss=1.5459126234054565
I0831 11:21:35.227403 139921973044992 logging_writer.py:48] [25700] global_step=25700, grad_norm=9.696977615356445, loss=1.3967657089233398
I0831 11:22:02.404239 139921981437696 logging_writer.py:48] [25800] global_step=25800, grad_norm=9.816316604614258, loss=1.4359928369522095
I0831 11:22:29.538554 139921973044992 logging_writer.py:48] [25900] global_step=25900, grad_norm=9.650331497192383, loss=1.4513461589813232
I0831 11:22:56.645617 139921981437696 logging_writer.py:48] [26000] global_step=26000, grad_norm=9.117806434631348, loss=1.3358750343322754
I0831 11:23:23.823630 139921973044992 logging_writer.py:48] [26100] global_step=26100, grad_norm=9.917698860168457, loss=1.4318798780441284
I0831 11:23:50.952708 139921981437696 logging_writer.py:48] [26200] global_step=26200, grad_norm=8.983199119567871, loss=1.296919345855713
I0831 11:24:18.047026 139921973044992 logging_writer.py:48] [26300] global_step=26300, grad_norm=8.571432113647461, loss=1.3564395904541016
I0831 11:24:45.221361 139921981437696 logging_writer.py:48] [26400] global_step=26400, grad_norm=9.130450248718262, loss=1.4363667964935303
I0831 11:25:12.365995 139921973044992 logging_writer.py:48] [26500] global_step=26500, grad_norm=8.884771347045898, loss=1.4640765190124512
I0831 11:25:39.485832 139921981437696 logging_writer.py:48] [26600] global_step=26600, grad_norm=8.978346824645996, loss=1.4533213376998901
I0831 11:26:06.658720 139921973044992 logging_writer.py:48] [26700] global_step=26700, grad_norm=8.780391693115234, loss=1.454515814781189
I0831 11:26:34.004344 139921981437696 logging_writer.py:48] [26800] global_step=26800, grad_norm=8.460187911987305, loss=1.4112629890441895
I0831 11:27:01.132078 139921973044992 logging_writer.py:48] [26900] global_step=26900, grad_norm=8.300875663757324, loss=1.5080320835113525
I0831 11:27:28.308481 139921981437696 logging_writer.py:48] [27000] global_step=27000, grad_norm=8.671027183532715, loss=1.4209853410720825
I0831 11:27:55.420516 139921973044992 logging_writer.py:48] [27100] global_step=27100, grad_norm=8.315540313720703, loss=1.48972487449646
I0831 11:28:22.526274 139921981437696 logging_writer.py:48] [27200] global_step=27200, grad_norm=7.979002475738525, loss=1.3534343242645264
I0831 11:28:49.730326 139921973044992 logging_writer.py:48] [27300] global_step=27300, grad_norm=7.8381547927856445, loss=1.4412386417388916
I0831 11:29:16.873912 139921981437696 logging_writer.py:48] [27400] global_step=27400, grad_norm=8.53399658203125, loss=1.4924297332763672
I0831 11:29:44.017818 139921973044992 logging_writer.py:48] [27500] global_step=27500, grad_norm=8.105305671691895, loss=1.3942785263061523
I0831 11:30:11.222815 139921981437696 logging_writer.py:48] [27600] global_step=27600, grad_norm=7.361893653869629, loss=1.3881618976593018
I0831 11:30:38.361924 139921973044992 logging_writer.py:48] [27700] global_step=27700, grad_norm=7.707334041595459, loss=1.4619085788726807
I0831 11:31:05.486790 139921981437696 logging_writer.py:48] [27800] global_step=27800, grad_norm=7.432123184204102, loss=1.388923168182373
I0831 11:31:32.894568 139921973044992 logging_writer.py:48] [27900] global_step=27900, grad_norm=7.237215518951416, loss=1.347717523574829
I0831 11:32:00.025931 139921981437696 logging_writer.py:48] [28000] global_step=28000, grad_norm=7.277935981750488, loss=1.3317420482635498
I0831 11:32:27.175334 139921973044992 logging_writer.py:48] [28100] global_step=28100, grad_norm=7.511354446411133, loss=1.5032631158828735
I0831 11:32:54.365677 139921981437696 logging_writer.py:48] [28200] global_step=28200, grad_norm=6.93440055847168, loss=1.4020024538040161
I0831 11:33:21.486584 139921973044992 logging_writer.py:48] [28300] global_step=28300, grad_norm=6.751073360443115, loss=1.2943435907363892
I0831 11:33:48.635211 139921981437696 logging_writer.py:48] [28400] global_step=28400, grad_norm=6.576148509979248, loss=1.3428833484649658
I0831 11:34:15.818835 139921973044992 logging_writer.py:48] [28500] global_step=28500, grad_norm=6.855224132537842, loss=1.3868749141693115
I0831 11:34:42.955046 139921981437696 logging_writer.py:48] [28600] global_step=28600, grad_norm=7.0012617111206055, loss=1.3856619596481323
I0831 11:34:45.835970 140117123622080 spec.py:333] Evaluating on the training split.
I0831 11:34:56.947783 140117123622080 spec.py:346] Evaluating on the validation split.
I0831 11:35:06.899092 140117123622080 spec.py:363] Evaluating on the test split.
I0831 11:35:07.781029 140117123622080 submission_runner.py:516] Time since start: 8229.12s, 	Step: 28612, 	{'train/accuracy': Array(0.83091515, dtype=float32), 'train/loss': Array(0.63762105, dtype=float32), 'validation/accuracy': Array(0.71488, dtype=float32), 'validation/loss': Array(1.1683154, dtype=float32), 'validation/num_examples': 50000, 'test/accuracy': Array(0.58250004, dtype=float32), 'test/loss': Array(1.8919845, dtype=float32), 'test/num_examples': 10000, 'score': 8036.958885192871, 'total_duration': 8229.120635509491, 'accumulated_submission_time': 8036.958885192871, 'accumulated_eval_time': 191.76151204109192, 'accumulated_logging_time': 0.1867382526397705}
I0831 11:35:07.834580 139921973044992 logging_writer.py:48] [28612] accumulated_eval_time=191.762, accumulated_logging_time=0.186738, accumulated_submission_time=8036.96, global_step=28612, preemption_count=0, score=8036.96, test/accuracy=0.5825000405311584, test/loss=1.891984462738037, test/num_examples=10000, total_duration=8229.12, train/accuracy=0.8309151530265808, train/loss=0.6376210451126099, validation/accuracy=0.7148799896240234, validation/loss=1.1683154106140137, validation/num_examples=50000
I0831 11:35:32.088268 139921981437696 logging_writer.py:48] [28700] global_step=28700, grad_norm=7.163887023925781, loss=1.442373275756836
I0831 11:35:59.244001 139921973044992 logging_writer.py:48] [28800] global_step=28800, grad_norm=6.726470947265625, loss=1.3722470998764038
I0831 11:36:26.578151 139921981437696 logging_writer.py:48] [28900] global_step=28900, grad_norm=6.451501846313477, loss=1.3578377962112427
I0831 11:36:53.716747 139921973044992 logging_writer.py:48] [29000] global_step=29000, grad_norm=6.5456414222717285, loss=1.469851016998291
I0831 11:37:20.885295 139921981437696 logging_writer.py:48] [29100] global_step=29100, grad_norm=6.104044437408447, loss=1.2386316061019897
I0831 11:37:48.006497 139921973044992 logging_writer.py:48] [29200] global_step=29200, grad_norm=6.364472389221191, loss=1.3190021514892578
I0831 11:38:15.095359 139921981437696 logging_writer.py:48] [29300] global_step=29300, grad_norm=5.965795040130615, loss=1.275193214416504
I0831 11:38:42.270210 139921973044992 logging_writer.py:48] [29400] global_step=29400, grad_norm=6.086014270782471, loss=1.3182551860809326
I0831 11:39:09.389003 139921981437696 logging_writer.py:48] [29500] global_step=29500, grad_norm=6.659902095794678, loss=1.3723340034484863
I0831 11:39:36.516043 139921973044992 logging_writer.py:48] [29600] global_step=29600, grad_norm=5.902381420135498, loss=1.3997684717178345
I0831 11:40:03.704919 139921981437696 logging_writer.py:48] [29700] global_step=29700, grad_norm=6.285914897918701, loss=1.5150458812713623
I0831 11:40:30.814225 139921973044992 logging_writer.py:48] [29800] global_step=29800, grad_norm=6.31815242767334, loss=1.452488660812378
I0831 11:40:57.929125 139921981437696 logging_writer.py:48] [29900] global_step=29900, grad_norm=6.77439546585083, loss=1.360316514968872
I0831 11:41:25.306886 139921973044992 logging_writer.py:48] [30000] global_step=30000, grad_norm=6.0320892333984375, loss=1.4418996572494507
I0831 11:41:52.401064 139921981437696 logging_writer.py:48] [30100] global_step=30100, grad_norm=5.522887706756592, loss=1.3230851888656616
I0831 11:42:19.538672 139921973044992 logging_writer.py:48] [30200] global_step=30200, grad_norm=6.063093185424805, loss=1.3351341485977173
I0831 11:42:46.718826 139921981437696 logging_writer.py:48] [30300] global_step=30300, grad_norm=5.768405914306641, loss=1.3954832553863525
I0831 11:43:13.850247 139921973044992 logging_writer.py:48] [30400] global_step=30400, grad_norm=5.789111137390137, loss=1.3224598169326782
I0831 11:43:40.976785 139921981437696 logging_writer.py:48] [30500] global_step=30500, grad_norm=5.717803478240967, loss=1.3184634447097778
I0831 11:44:08.137033 139921973044992 logging_writer.py:48] [30600] global_step=30600, grad_norm=5.868815898895264, loss=1.3037062883377075
I0831 11:44:35.245319 139921981437696 logging_writer.py:48] [30700] global_step=30700, grad_norm=5.802486896514893, loss=1.408795952796936
I0831 11:45:02.378905 139921973044992 logging_writer.py:48] [30800] global_step=30800, grad_norm=5.763869762420654, loss=1.4135808944702148
I0831 11:45:29.562753 139921981437696 logging_writer.py:48] [30900] global_step=30900, grad_norm=5.700441837310791, loss=1.3622815608978271
I0831 11:45:56.702739 139921973044992 logging_writer.py:48] [31000] global_step=31000, grad_norm=5.450464248657227, loss=1.3133822679519653
I0831 11:46:24.034278 139921981437696 logging_writer.py:48] [31100] global_step=31100, grad_norm=5.201324939727783, loss=1.30841064453125
I0831 11:46:51.227692 139921973044992 logging_writer.py:48] [31200] global_step=31200, grad_norm=5.693900108337402, loss=1.4155871868133545
I0831 11:47:18.358658 139921981437696 logging_writer.py:48] [31300] global_step=31300, grad_norm=5.006798267364502, loss=1.310665249824524
I0831 11:47:45.489391 139921973044992 logging_writer.py:48] [31400] global_step=31400, grad_norm=5.285375595092773, loss=1.262117624282837
I0831 11:48:12.656674 139921981437696 logging_writer.py:48] [31500] global_step=31500, grad_norm=5.336551189422607, loss=1.4012649059295654
I0831 11:48:39.779335 139921973044992 logging_writer.py:48] [31600] global_step=31600, grad_norm=5.116517066955566, loss=1.3187211751937866
I0831 11:49:06.906994 139921981437696 logging_writer.py:48] [31700] global_step=31700, grad_norm=5.501377105712891, loss=1.4875959157943726
I0831 11:49:34.099945 139921973044992 logging_writer.py:48] [31800] global_step=31800, grad_norm=5.645822525024414, loss=1.3838729858398438
I0831 11:50:01.223986 139921981437696 logging_writer.py:48] [31900] global_step=31900, grad_norm=5.158445835113525, loss=1.3052215576171875
I0831 11:50:28.369321 139921973044992 logging_writer.py:48] [32000] global_step=32000, grad_norm=5.2547125816345215, loss=1.373795747756958
I0831 11:50:55.764033 139921981437696 logging_writer.py:48] [32100] global_step=32100, grad_norm=5.0896759033203125, loss=1.260233759880066
I0831 11:51:22.886819 139921973044992 logging_writer.py:48] [32200] global_step=32200, grad_norm=5.141696929931641, loss=1.3746885061264038
I0831 11:51:50.047598 139921981437696 logging_writer.py:48] [32300] global_step=32300, grad_norm=5.075890064239502, loss=1.3319129943847656
I0831 11:52:17.204963 139921973044992 logging_writer.py:48] [32400] global_step=32400, grad_norm=5.1060590744018555, loss=1.3676745891571045
I0831 11:52:44.363832 139921981437696 logging_writer.py:48] [32500] global_step=32500, grad_norm=4.707171440124512, loss=1.2621331214904785
I0831 11:53:11.520153 139921973044992 logging_writer.py:48] [32600] global_step=32600, grad_norm=5.100059986114502, loss=1.291191577911377
I0831 11:53:38.693369 139921981437696 logging_writer.py:48] [32700] global_step=32700, grad_norm=4.842025279998779, loss=1.3518191576004028
I0831 11:54:05.814719 139921973044992 logging_writer.py:48] [32800] global_step=32800, grad_norm=4.840071678161621, loss=1.338102102279663
I0831 11:54:32.941047 139921981437696 logging_writer.py:48] [32900] global_step=32900, grad_norm=4.893854141235352, loss=1.348619818687439
I0831 11:55:00.142399 139921973044992 logging_writer.py:48] [33000] global_step=33000, grad_norm=5.056823253631592, loss=1.3219120502471924
I0831 11:55:27.290831 139921981437696 logging_writer.py:48] [33100] global_step=33100, grad_norm=5.262635231018066, loss=1.2984070777893066
I0831 11:55:54.637288 139921973044992 logging_writer.py:48] [33200] global_step=33200, grad_norm=4.661323070526123, loss=1.2864489555358887
I0831 11:56:21.837561 139921981437696 logging_writer.py:48] [33300] global_step=33300, grad_norm=5.243496894836426, loss=1.2617566585540771
I0831 11:56:48.982925 139921973044992 logging_writer.py:48] [33400] global_step=33400, grad_norm=4.586352825164795, loss=1.325636386871338
I0831 11:57:16.130385 139921981437696 logging_writer.py:48] [33500] global_step=33500, grad_norm=4.599881649017334, loss=1.3848494291305542
I0831 11:57:43.343936 139921973044992 logging_writer.py:48] [33600] global_step=33600, grad_norm=4.798940181732178, loss=1.3619968891143799
I0831 11:58:10.477178 139921981437696 logging_writer.py:48] [33700] global_step=33700, grad_norm=4.520998001098633, loss=1.1590206623077393
I0831 11:58:37.604510 139921973044992 logging_writer.py:48] [33800] global_step=33800, grad_norm=4.625613212585449, loss=1.3215343952178955
I0831 11:59:04.788025 139921981437696 logging_writer.py:48] [33900] global_step=33900, grad_norm=4.527818202972412, loss=1.3259789943695068
I0831 11:59:31.912271 139921973044992 logging_writer.py:48] [34000] global_step=34000, grad_norm=4.7602362632751465, loss=1.3617404699325562
I0831 11:59:59.050849 139921981437696 logging_writer.py:48] [34100] global_step=34100, grad_norm=4.549473285675049, loss=1.2068984508514404
I0831 12:00:26.228141 139921973044992 logging_writer.py:48] [34200] global_step=34200, grad_norm=4.735305309295654, loss=1.3046237230300903
I0831 12:00:53.570113 139921981437696 logging_writer.py:48] [34300] global_step=34300, grad_norm=4.552788257598877, loss=1.298144817352295
I0831 12:01:20.825428 139921973044992 logging_writer.py:48] [34400] global_step=34400, grad_norm=4.192521095275879, loss=1.185105800628662
I0831 12:01:48.003092 139921981437696 logging_writer.py:48] [34500] global_step=34500, grad_norm=4.558001518249512, loss=1.294264554977417
I0831 12:02:15.138071 139921973044992 logging_writer.py:48] [34600] global_step=34600, grad_norm=4.519845008850098, loss=1.317403793334961
I0831 12:02:42.265488 139921981437696 logging_writer.py:48] [34700] global_step=34700, grad_norm=4.4508442878723145, loss=1.3302569389343262
I0831 12:03:09.464908 139921973044992 logging_writer.py:48] [34800] global_step=34800, grad_norm=4.205676078796387, loss=1.169825792312622
I0831 12:03:36.586245 139921981437696 logging_writer.py:48] [34900] global_step=34900, grad_norm=4.58042573928833, loss=1.3509093523025513
I0831 12:04:03.720161 139921973044992 logging_writer.py:48] [35000] global_step=35000, grad_norm=4.436227321624756, loss=1.3542262315750122
I0831 12:04:30.905965 139921981437696 logging_writer.py:48] [35100] global_step=35100, grad_norm=4.1063432693481445, loss=1.2658731937408447
I0831 12:04:58.044490 139921973044992 logging_writer.py:48] [35200] global_step=35200, grad_norm=4.472425937652588, loss=1.3692381381988525
I0831 12:05:25.190547 139921981437696 logging_writer.py:48] [35300] global_step=35300, grad_norm=4.153969764709473, loss=1.198420763015747
I0831 12:05:52.630917 139921973044992 logging_writer.py:48] [35400] global_step=35400, grad_norm=4.284669876098633, loss=1.3462679386138916
I0831 12:06:19.776799 139921981437696 logging_writer.py:48] [35500] global_step=35500, grad_norm=4.3600897789001465, loss=1.2508689165115356
I0831 12:06:46.936126 139921973044992 logging_writer.py:48] [35600] global_step=35600, grad_norm=4.424654006958008, loss=1.2479652166366577
I0831 12:07:14.143855 139921981437696 logging_writer.py:48] [35700] global_step=35700, grad_norm=4.1384501457214355, loss=1.300716757774353
I0831 12:07:41.258309 139921973044992 logging_writer.py:48] [35800] global_step=35800, grad_norm=4.190006732940674, loss=1.2789454460144043
I0831 12:08:08.390031 139921981437696 logging_writer.py:48] [35900] global_step=35900, grad_norm=4.565182209014893, loss=1.3138452768325806
I0831 12:08:24.018189 140117123622080 spec.py:333] Evaluating on the training split.
I0831 12:08:34.997783 140117123622080 spec.py:346] Evaluating on the validation split.
I0831 12:08:45.301233 140117123622080 spec.py:363] Evaluating on the test split.
I0831 12:08:46.169492 140117123622080 submission_runner.py:516] Time since start: 10247.51s, 	Step: 35959, 	{'train/accuracy': Array(0.85227996, dtype=float32), 'train/loss': Array(0.538871, dtype=float32), 'validation/accuracy': Array(0.72279996, dtype=float32), 'validation/loss': Array(1.1272918, dtype=float32), 'validation/num_examples': 50000, 'test/accuracy': Array(0.59010005, dtype=float32), 'test/loss': Array(1.8540716, dtype=float32), 'test/num_examples': 10000, 'score': 10032.998893737793, 'total_duration': 10247.509325027466, 'accumulated_submission_time': 10032.998893737793, 'accumulated_eval_time': 213.9108157157898, 'accumulated_logging_time': 0.3050100803375244}
I0831 12:08:46.234897 139921973044992 logging_writer.py:48] [35959] accumulated_eval_time=213.911, accumulated_logging_time=0.30501, accumulated_submission_time=10033, global_step=35959, preemption_count=0, score=10033, test/accuracy=0.5901000499725342, test/loss=1.8540716171264648, test/num_examples=10000, total_duration=10247.5, train/accuracy=0.8522799611091614, train/loss=0.5388709902763367, validation/accuracy=0.7227999567985535, validation/loss=1.1272917985916138, validation/num_examples=50000
I0831 12:08:57.778723 139921981437696 logging_writer.py:48] [36000] global_step=36000, grad_norm=4.20889949798584, loss=1.295737862586975
I0831 12:09:24.892527 139921973044992 logging_writer.py:48] [36100] global_step=36100, grad_norm=4.147944450378418, loss=1.2280350923538208
I0831 12:09:52.022734 139921981437696 logging_writer.py:48] [36200] global_step=36200, grad_norm=4.187687873840332, loss=1.2583427429199219
I0831 12:10:19.187777 139921973044992 logging_writer.py:48] [36300] global_step=36300, grad_norm=4.332421779632568, loss=1.2669442892074585
I0831 12:10:46.543876 139921981437696 logging_writer.py:48] [36400] global_step=36400, grad_norm=4.346745491027832, loss=1.2571616172790527
I0831 12:11:13.656511 139921973044992 logging_writer.py:48] [36500] global_step=36500, grad_norm=4.4550089836120605, loss=1.2742817401885986
I0831 12:11:40.882476 139921981437696 logging_writer.py:48] [36600] global_step=36600, grad_norm=4.033005237579346, loss=1.3168771266937256
I0831 12:12:08.007813 139921973044992 logging_writer.py:48] [36700] global_step=36700, grad_norm=4.167398929595947, loss=1.387932538986206
I0831 12:12:35.146059 139921981437696 logging_writer.py:48] [36800] global_step=36800, grad_norm=4.182551383972168, loss=1.3181161880493164
I0831 12:13:02.359377 139921973044992 logging_writer.py:48] [36900] global_step=36900, grad_norm=4.306579113006592, loss=1.3641237020492554
I0831 12:13:29.522636 139921981437696 logging_writer.py:48] [37000] global_step=37000, grad_norm=3.765108823776245, loss=1.2041950225830078
I0831 12:13:56.644252 139921973044992 logging_writer.py:48] [37100] global_step=37100, grad_norm=4.1901726722717285, loss=1.2142888307571411
I0831 12:14:23.856267 139921981437696 logging_writer.py:48] [37200] global_step=37200, grad_norm=4.191021919250488, loss=1.2689383029937744
I0831 12:14:50.968385 139921973044992 logging_writer.py:48] [37300] global_step=37300, grad_norm=4.128292083740234, loss=1.342078685760498
I0831 12:15:18.144078 139921981437696 logging_writer.py:48] [37400] global_step=37400, grad_norm=4.099293231964111, loss=1.2561657428741455
I0831 12:15:45.545095 139921973044992 logging_writer.py:48] [37500] global_step=37500, grad_norm=4.128584384918213, loss=1.328758716583252
I0831 12:16:12.666006 139921981437696 logging_writer.py:48] [37600] global_step=37600, grad_norm=4.063676834106445, loss=1.2648398876190186
I0831 12:16:39.801412 139921973044992 logging_writer.py:48] [37700] global_step=37700, grad_norm=4.030208587646484, loss=1.2339768409729004
I0831 12:17:07.012846 139921981437696 logging_writer.py:48] [37800] global_step=37800, grad_norm=4.2506489753723145, loss=1.291438102722168
I0831 12:17:34.121759 139921973044992 logging_writer.py:48] [37900] global_step=37900, grad_norm=4.355396747589111, loss=1.2763267755508423
I0831 12:18:01.247632 139921981437696 logging_writer.py:48] [38000] global_step=38000, grad_norm=4.476174354553223, loss=1.3179142475128174
I0831 12:18:28.445848 139921973044992 logging_writer.py:48] [38100] global_step=38100, grad_norm=4.205198764801025, loss=1.309321641921997
I0831 12:18:55.612597 139921981437696 logging_writer.py:48] [38200] global_step=38200, grad_norm=4.412575721740723, loss=1.2881683111190796
I0831 12:19:22.733898 139921973044992 logging_writer.py:48] [38300] global_step=38300, grad_norm=4.18325662612915, loss=1.308577537536621
I0831 12:19:49.962475 139921981437696 logging_writer.py:48] [38400] global_step=38400, grad_norm=4.0725531578063965, loss=1.297827124595642
I0831 12:20:17.074592 139921973044992 logging_writer.py:48] [38500] global_step=38500, grad_norm=3.93291974067688, loss=1.1758286952972412
I0831 12:20:44.445775 139921981437696 logging_writer.py:48] [38600] global_step=38600, grad_norm=4.050321578979492, loss=1.2662596702575684
I0831 12:21:11.624705 139921973044992 logging_writer.py:48] [38700] global_step=38700, grad_norm=3.8490729331970215, loss=1.1775622367858887
I0831 12:21:38.748711 139921981437696 logging_writer.py:48] [38800] global_step=38800, grad_norm=4.278644561767578, loss=1.2504998445510864
I0831 12:22:05.884104 139921973044992 logging_writer.py:48] [38900] global_step=38900, grad_norm=4.142755508422852, loss=1.2898879051208496
I0831 12:22:33.126429 139921981437696 logging_writer.py:48] [39000] global_step=39000, grad_norm=4.014084339141846, loss=1.1732808351516724
I0831 12:23:00.261519 139921973044992 logging_writer.py:48] [39100] global_step=39100, grad_norm=4.159514904022217, loss=1.3284045457839966
I0831 12:23:27.359034 139921981437696 logging_writer.py:48] [39200] global_step=39200, grad_norm=4.13672399520874, loss=1.2364813089370728
I0831 12:23:54.569314 139921973044992 logging_writer.py:48] [39300] global_step=39300, grad_norm=3.880845308303833, loss=1.237086534500122
I0831 12:24:21.707346 139921981437696 logging_writer.py:48] [39400] global_step=39400, grad_norm=3.8092620372772217, loss=1.1478583812713623
I0831 12:24:48.834065 139921973044992 logging_writer.py:48] [39500] global_step=39500, grad_norm=4.213837623596191, loss=1.2179760932922363
I0831 12:25:16.244582 139921981437696 logging_writer.py:48] [39600] global_step=39600, grad_norm=4.01539945602417, loss=1.2585365772247314
I0831 12:25:43.344376 139921973044992 logging_writer.py:48] [39700] global_step=39700, grad_norm=4.005892276763916, loss=1.247807502746582
I0831 12:26:10.477813 139921981437696 logging_writer.py:48] [39800] global_step=39800, grad_norm=3.6523702144622803, loss=1.1494145393371582
I0831 12:26:37.674543 139921973044992 logging_writer.py:48] [39900] global_step=39900, grad_norm=3.8997113704681396, loss=1.2695133686065674
I0831 12:27:04.799939 139921981437696 logging_writer.py:48] [40000] global_step=40000, grad_norm=4.055899143218994, loss=1.2207326889038086
I0831 12:27:31.908724 139921973044992 logging_writer.py:48] [40100] global_step=40100, grad_norm=4.05573034286499, loss=1.2420049905776978
I0831 12:27:59.101491 139921981437696 logging_writer.py:48] [40200] global_step=40200, grad_norm=3.7824559211730957, loss=1.177244782447815
I0831 12:28:26.225884 139921973044992 logging_writer.py:48] [40300] global_step=40300, grad_norm=3.9004335403442383, loss=1.2059837579727173
I0831 12:28:53.354022 139921981437696 logging_writer.py:48] [40400] global_step=40400, grad_norm=3.835263252258301, loss=1.2575255632400513
I0831 12:29:20.542331 139921973044992 logging_writer.py:48] [40500] global_step=40500, grad_norm=4.093811511993408, loss=1.2450588941574097
I0831 12:29:47.652086 139921981437696 logging_writer.py:48] [40600] global_step=40600, grad_norm=3.881366729736328, loss=1.204058289527893
I0831 12:30:14.969296 139921973044992 logging_writer.py:48] [40700] global_step=40700, grad_norm=3.8351757526397705, loss=1.2053323984146118
I0831 12:30:42.145714 139921981437696 logging_writer.py:48] [40800] global_step=40800, grad_norm=4.054604530334473, loss=1.3762013912200928
I0831 12:31:09.285847 139921973044992 logging_writer.py:48] [40900] global_step=40900, grad_norm=3.9939475059509277, loss=1.2447409629821777
I0831 12:31:36.398717 139921981437696 logging_writer.py:48] [41000] global_step=41000, grad_norm=3.879377603530884, loss=1.2561140060424805
I0831 12:32:03.610169 139921973044992 logging_writer.py:48] [41100] global_step=41100, grad_norm=3.6541547775268555, loss=1.1486544609069824
I0831 12:32:30.743958 139921981437696 logging_writer.py:48] [41200] global_step=41200, grad_norm=3.65122127532959, loss=1.1559855937957764
I0831 12:32:57.879310 139921973044992 logging_writer.py:48] [41300] global_step=41300, grad_norm=3.960081100463867, loss=1.1922838687896729
I0831 12:33:25.068385 139921981437696 logging_writer.py:48] [41400] global_step=41400, grad_norm=3.803696870803833, loss=1.1998052597045898
I0831 12:33:52.223909 139921973044992 logging_writer.py:48] [41500] global_step=41500, grad_norm=3.946402072906494, loss=1.264918565750122
I0831 12:34:19.361503 139921981437696 logging_writer.py:48] [41600] global_step=41600, grad_norm=3.9684009552001953, loss=1.2477939128875732
I0831 12:34:46.585584 139921973044992 logging_writer.py:48] [41700] global_step=41700, grad_norm=3.964876890182495, loss=1.2460286617279053
I0831 12:35:13.892904 139921981437696 logging_writer.py:48] [41800] global_step=41800, grad_norm=3.8166441917419434, loss=1.3088868856430054
I0831 12:35:41.002326 139921973044992 logging_writer.py:48] [41900] global_step=41900, grad_norm=3.9835963249206543, loss=1.2928441762924194
I0831 12:36:08.192360 139921981437696 logging_writer.py:48] [42000] global_step=42000, grad_norm=4.047582626342773, loss=1.2919238805770874
I0831 12:36:35.314109 139921973044992 logging_writer.py:48] [42100] global_step=42100, grad_norm=3.8659348487854004, loss=1.191026210784912
I0831 12:37:02.488047 139921981437696 logging_writer.py:48] [42200] global_step=42200, grad_norm=3.6807844638824463, loss=1.2429823875427246
I0831 12:37:29.674840 139921973044992 logging_writer.py:48] [42300] global_step=42300, grad_norm=3.909884452819824, loss=1.183009386062622
I0831 12:37:56.799801 139921981437696 logging_writer.py:48] [42400] global_step=42400, grad_norm=3.9391720294952393, loss=1.2722432613372803
I0831 12:38:23.975216 139921973044992 logging_writer.py:48] [42500] global_step=42500, grad_norm=3.724644422531128, loss=1.1566801071166992
I0831 12:38:51.171405 139921981437696 logging_writer.py:48] [42600] global_step=42600, grad_norm=3.6974968910217285, loss=1.2084400653839111
I0831 12:39:18.320669 139921973044992 logging_writer.py:48] [42700] global_step=42700, grad_norm=3.6626546382904053, loss=1.2575581073760986
I0831 12:39:45.448506 139921981437696 logging_writer.py:48] [42800] global_step=42800, grad_norm=3.8989973068237305, loss=1.2413718700408936
I0831 12:40:12.847841 139921973044992 logging_writer.py:48] [42900] global_step=42900, grad_norm=4.058259963989258, loss=1.3022229671478271
I0831 12:40:39.937497 139921981437696 logging_writer.py:48] [43000] global_step=43000, grad_norm=4.105683326721191, loss=1.2063617706298828
I0831 12:41:07.059417 139921973044992 logging_writer.py:48] [43100] global_step=43100, grad_norm=3.785878896713257, loss=1.2155444622039795
I0831 12:41:34.256969 139921981437696 logging_writer.py:48] [43200] global_step=43200, grad_norm=4.103187561035156, loss=1.2614989280700684
I0831 12:42:01.383259 139921973044992 logging_writer.py:48] [43300] global_step=43300, grad_norm=3.7373056411743164, loss=1.2178308963775635
I0831 12:42:02.320527 140117123622080 spec.py:333] Evaluating on the training split.
I0831 12:42:12.295601 140117123622080 spec.py:346] Evaluating on the validation split.
I0831 12:42:21.768241 140117123622080 spec.py:363] Evaluating on the test split.
I0831 12:42:22.640969 140117123622080 submission_runner.py:516] Time since start: 12263.98s, 	Step: 43305, 	{'train/accuracy': Array(0.87549824, dtype=float32), 'train/loss': Array(0.461255, dtype=float32), 'validation/accuracy': Array(0.72856, dtype=float32), 'validation/loss': Array(1.110315, dtype=float32), 'validation/num_examples': 50000, 'test/accuracy': Array(0.6014, dtype=float32), 'test/loss': Array(1.8353652, dtype=float32), 'test/num_examples': 10000, 'score': 12029.003738880157, 'total_duration': 12263.979522943497, 'accumulated_submission_time': 12029.003738880157, 'accumulated_eval_time': 234.2279772758484, 'accumulated_logging_time': 0.3990471363067627}
I0831 12:42:22.708001 139921981437696 logging_writer.py:48] [43305] accumulated_eval_time=234.228, accumulated_logging_time=0.399047, accumulated_submission_time=12029, global_step=43305, preemption_count=0, score=12029, test/accuracy=0.6014000177383423, test/loss=1.8353651762008667, test/num_examples=10000, total_duration=12264, train/accuracy=0.8754982352256775, train/loss=0.4612550139427185, validation/accuracy=0.7285599708557129, validation/loss=1.110314965248108, validation/num_examples=50000
I0831 12:42:48.833587 139921973044992 logging_writer.py:48] [43400] global_step=43400, grad_norm=3.758774995803833, loss=1.2211493253707886
I0831 12:43:15.995599 139921981437696 logging_writer.py:48] [43500] global_step=43500, grad_norm=3.8383688926696777, loss=1.3141534328460693
I0831 12:43:43.099672 139921973044992 logging_writer.py:48] [43600] global_step=43600, grad_norm=3.840034008026123, loss=1.201387643814087
I0831 12:44:10.233377 139921981437696 logging_writer.py:48] [43700] global_step=43700, grad_norm=3.802267551422119, loss=1.2862813472747803
I0831 12:44:37.442019 139921973044992 logging_writer.py:48] [43800] global_step=43800, grad_norm=3.905487537384033, loss=1.139348030090332
I0831 12:45:04.842673 139921981437696 logging_writer.py:48] [43900] global_step=43900, grad_norm=3.9180703163146973, loss=1.2099111080169678
I0831 12:45:31.959470 139921973044992 logging_writer.py:48] [44000] global_step=44000, grad_norm=3.7666146755218506, loss=1.1831305027008057
I0831 12:45:59.160781 139921981437696 logging_writer.py:48] [44100] global_step=44100, grad_norm=3.934126853942871, loss=1.237207293510437
I0831 12:46:26.269600 139921973044992 logging_writer.py:48] [44200] global_step=44200, grad_norm=3.684337615966797, loss=1.208390712738037
I0831 12:46:53.412480 139921981437696 logging_writer.py:48] [44300] global_step=44300, grad_norm=3.996690034866333, loss=1.2787346839904785
I0831 12:47:20.624670 139921973044992 logging_writer.py:48] [44400] global_step=44400, grad_norm=3.924163818359375, loss=1.243706226348877
I0831 12:47:47.727102 139921981437696 logging_writer.py:48] [44500] global_step=44500, grad_norm=3.6839964389801025, loss=1.1668802499771118
I0831 12:48:14.820322 139921973044992 logging_writer.py:48] [44600] global_step=44600, grad_norm=3.646383047103882, loss=1.1201465129852295
I0831 12:48:42.010682 139921981437696 logging_writer.py:48] [44700] global_step=44700, grad_norm=3.77172589302063, loss=1.2500965595245361
I0831 12:49:09.154320 139921973044992 logging_writer.py:48] [44800] global_step=44800, grad_norm=3.558877468109131, loss=1.1874282360076904
I0831 12:49:36.296138 139921981437696 logging_writer.py:48] [44900] global_step=44900, grad_norm=3.690375804901123, loss=1.208626389503479
I0831 12:50:03.695808 139921973044992 logging_writer.py:48] [45000] global_step=45000, grad_norm=3.8533034324645996, loss=1.1994409561157227
I0831 12:50:30.848026 139921981437696 logging_writer.py:48] [45100] global_step=45100, grad_norm=3.742692708969116, loss=1.2166876792907715
I0831 12:50:57.975621 139921973044992 logging_writer.py:48] [45200] global_step=45200, grad_norm=3.845475196838379, loss=1.0834128856658936
I0831 12:51:25.169368 139921981437696 logging_writer.py:48] [45300] global_step=45300, grad_norm=3.651200294494629, loss=1.0973831415176392
I0831 12:51:52.290460 139921973044992 logging_writer.py:48] [45400] global_step=45400, grad_norm=4.042835235595703, loss=1.264158010482788
I0831 12:52:19.453541 139921981437696 logging_writer.py:48] [45500] global_step=45500, grad_norm=3.895289897918701, loss=1.2336699962615967
I0831 12:52:46.672436 139921973044992 logging_writer.py:48] [45600] global_step=45600, grad_norm=3.9634361267089844, loss=1.265818476676941
I0831 12:53:13.817578 139921981437696 logging_writer.py:48] [45700] global_step=45700, grad_norm=3.6631569862365723, loss=1.2126045227050781
I0831 12:53:40.932258 139921973044992 logging_writer.py:48] [45800] global_step=45800, grad_norm=3.7708585262298584, loss=1.1736377477645874
I0831 12:54:08.122269 139921981437696 logging_writer.py:48] [45900] global_step=45900, grad_norm=4.161580562591553, loss=1.298155665397644
I0831 12:54:35.476387 139921973044992 logging_writer.py:48] [46000] global_step=46000, grad_norm=3.975205421447754, loss=1.2058007717132568
I0831 12:55:02.574496 139921981437696 logging_writer.py:48] [46100] global_step=46100, grad_norm=3.816837787628174, loss=1.2613496780395508
I0831 12:55:29.772361 139921973044992 logging_writer.py:48] [46200] global_step=46200, grad_norm=3.848348379135132, loss=1.2571221590042114
I0831 12:55:56.913572 139921981437696 logging_writer.py:48] [46300] global_step=46300, grad_norm=3.633871078491211, loss=1.2187614440917969
I0831 12:56:24.063732 139921973044992 logging_writer.py:48] [46400] global_step=46400, grad_norm=3.8177499771118164, loss=1.139207363128662
I0831 12:56:51.259900 139921981437696 logging_writer.py:48] [46500] global_step=46500, grad_norm=3.8533263206481934, loss=1.1855034828186035
I0831 12:57:18.388047 139921973044992 logging_writer.py:48] [46600] global_step=46600, grad_norm=3.7138874530792236, loss=1.1475058794021606
I0831 12:57:45.497115 139921981437696 logging_writer.py:48] [46700] global_step=46700, grad_norm=3.8574652671813965, loss=1.2164347171783447
I0831 12:58:12.669606 139921973044992 logging_writer.py:48] [46800] global_step=46800, grad_norm=3.855808734893799, loss=1.216722846031189
I0831 12:58:39.814184 139921981437696 logging_writer.py:48] [46900] global_step=46900, grad_norm=3.8240184783935547, loss=1.1806303262710571
I0831 12:59:06.914835 139921973044992 logging_writer.py:48] [47000] global_step=47000, grad_norm=3.751664400100708, loss=1.19265878200531
I0831 12:59:34.306400 139921981437696 logging_writer.py:48] [47100] global_step=47100, grad_norm=3.5360891819000244, loss=1.1235671043395996
I0831 13:00:01.445533 139921973044992 logging_writer.py:48] [47200] global_step=47200, grad_norm=3.7130393981933594, loss=1.231561303138733
I0831 13:00:28.555427 139921981437696 logging_writer.py:48] [47300] global_step=47300, grad_norm=3.892523765563965, loss=1.1290243864059448
I0831 13:00:55.719560 139921973044992 logging_writer.py:48] [47400] global_step=47400, grad_norm=3.7779324054718018, loss=1.1525757312774658
I0831 13:01:22.852639 139921981437696 logging_writer.py:48] [47500] global_step=47500, grad_norm=3.9430336952209473, loss=1.1644970178604126
I0831 13:01:49.985494 139921973044992 logging_writer.py:48] [47600] global_step=47600, grad_norm=3.727900505065918, loss=1.159172773361206
I0831 13:02:17.196195 139921981437696 logging_writer.py:48] [47700] global_step=47700, grad_norm=4.063667297363281, loss=1.2984592914581299
I0831 13:02:44.309406 139921973044992 logging_writer.py:48] [47800] global_step=47800, grad_norm=3.70924711227417, loss=1.1685614585876465
I0831 13:03:11.462556 139921981437696 logging_writer.py:48] [47900] global_step=47900, grad_norm=3.7909657955169678, loss=1.1385629177093506
I0831 13:03:38.679863 139921973044992 logging_writer.py:48] [48000] global_step=48000, grad_norm=3.665463447570801, loss=1.1005070209503174
I0831 13:04:06.070457 139921981437696 logging_writer.py:48] [48100] global_step=48100, grad_norm=3.959243059158325, loss=1.270626187324524
I0831 13:04:33.181965 139921973044992 logging_writer.py:48] [48200] global_step=48200, grad_norm=3.6838219165802, loss=1.2227424383163452
I0831 13:05:00.351938 139921981437696 logging_writer.py:48] [48300] global_step=48300, grad_norm=3.951263904571533, loss=1.2738168239593506
I0831 13:05:27.453322 139921973044992 logging_writer.py:48] [48400] global_step=48400, grad_norm=3.831524610519409, loss=1.2564189434051514
I0831 13:05:54.564762 139921981437696 logging_writer.py:48] [48500] global_step=48500, grad_norm=3.6905150413513184, loss=1.2040053606033325
I0831 13:06:21.730543 139921973044992 logging_writer.py:48] [48600] global_step=48600, grad_norm=3.7551534175872803, loss=1.1426451206207275
I0831 13:06:48.844764 139921981437696 logging_writer.py:48] [48700] global_step=48700, grad_norm=3.548980236053467, loss=1.1523898839950562
I0831 13:07:15.991983 139921973044992 logging_writer.py:48] [48800] global_step=48800, grad_norm=4.064699649810791, loss=1.182087779045105
I0831 13:07:43.184684 139921981437696 logging_writer.py:48] [48900] global_step=48900, grad_norm=3.819570541381836, loss=1.2134461402893066
I0831 13:08:10.336171 139921973044992 logging_writer.py:48] [49000] global_step=49000, grad_norm=3.8589844703674316, loss=1.2861207723617554
I0831 13:08:37.467447 139921981437696 logging_writer.py:48] [49100] global_step=49100, grad_norm=4.076883792877197, loss=1.101996660232544
I0831 13:09:04.880295 139921973044992 logging_writer.py:48] [49200] global_step=49200, grad_norm=3.5611021518707275, loss=1.1566298007965088
I0831 13:09:32.013833 139921981437696 logging_writer.py:48] [49300] global_step=49300, grad_norm=4.0794453620910645, loss=1.1880989074707031
I0831 13:09:59.163721 139921973044992 logging_writer.py:48] [49400] global_step=49400, grad_norm=3.722257137298584, loss=1.284245252609253
I0831 13:10:26.361722 139921981437696 logging_writer.py:48] [49500] global_step=49500, grad_norm=3.6199259757995605, loss=1.2544176578521729
I0831 13:10:53.463009 139921973044992 logging_writer.py:48] [49600] global_step=49600, grad_norm=3.6106789112091064, loss=1.1426619291305542
I0831 13:11:20.594751 139921981437696 logging_writer.py:48] [49700] global_step=49700, grad_norm=3.700551748275757, loss=1.1931248903274536
I0831 13:11:47.799355 139921973044992 logging_writer.py:48] [49800] global_step=49800, grad_norm=4.162051200866699, loss=1.2766393423080444
I0831 13:12:14.951845 139921981437696 logging_writer.py:48] [49900] global_step=49900, grad_norm=3.8201911449432373, loss=1.1742186546325684
I0831 13:12:42.072209 139921973044992 logging_writer.py:48] [50000] global_step=50000, grad_norm=4.033286094665527, loss=1.196784496307373
I0831 13:13:09.268753 139921981437696 logging_writer.py:48] [50100] global_step=50100, grad_norm=3.7190630435943604, loss=1.1439299583435059
I0831 13:13:36.579819 139921973044992 logging_writer.py:48] [50200] global_step=50200, grad_norm=3.9788906574249268, loss=1.150423526763916
I0831 13:14:03.690792 139921981437696 logging_writer.py:48] [50300] global_step=50300, grad_norm=3.800527811050415, loss=1.2322545051574707
I0831 13:14:30.911051 139921973044992 logging_writer.py:48] [50400] global_step=50400, grad_norm=3.844547748565674, loss=1.2171235084533691
I0831 13:14:58.005284 139921981437696 logging_writer.py:48] [50500] global_step=50500, grad_norm=3.5295474529266357, loss=1.1034694910049438
I0831 13:15:25.151910 139921973044992 logging_writer.py:48] [50600] global_step=50600, grad_norm=3.8341891765594482, loss=1.1428818702697754
I0831 13:15:38.871582 140117123622080 spec.py:333] Evaluating on the training split.
I0831 13:15:48.259579 140117123622080 spec.py:346] Evaluating on the validation split.
I0831 13:15:57.915292 140117123622080 spec.py:363] Evaluating on the test split.
I0831 13:15:58.812527 140117123622080 submission_runner.py:516] Time since start: 14280.15s, 	Step: 50652, 	{'train/accuracy': Array(0.8825733, dtype=float32), 'train/loss': Array(0.42156616, dtype=float32), 'validation/accuracy': Array(0.73304, dtype=float32), 'validation/loss': Array(1.099628, dtype=float32), 'validation/num_examples': 50000, 'test/accuracy': Array(0.6049, dtype=float32), 'test/loss': Array(1.8242571, dtype=float32), 'test/num_examples': 10000, 'score': 14025.104043245316, 'total_duration': 14280.152136325836, 'accumulated_submission_time': 14025.104043245316, 'accumulated_eval_time': 254.16670107841492, 'accumulated_logging_time': 0.4768648147583008}
I0831 13:15:58.865587 139921981437696 logging_writer.py:48] [50652] accumulated_eval_time=254.167, accumulated_logging_time=0.476865, accumulated_submission_time=14025.1, global_step=50652, preemption_count=0, score=14025.1, test/accuracy=0.6049000024795532, test/loss=1.8242571353912354, test/num_examples=10000, total_duration=14280.2, train/accuracy=0.8825733065605164, train/loss=0.4215661585330963, validation/accuracy=0.7330399751663208, validation/loss=1.09962797164917, validation/num_examples=50000
I0831 13:16:12.395057 139921973044992 logging_writer.py:48] [50700] global_step=50700, grad_norm=3.8564460277557373, loss=1.1265738010406494
I0831 13:16:39.475228 139921981437696 logging_writer.py:48] [50800] global_step=50800, grad_norm=3.7209386825561523, loss=1.2232613563537598
I0831 13:17:06.580659 139921973044992 logging_writer.py:48] [50900] global_step=50900, grad_norm=3.9475173950195312, loss=1.1787421703338623
I0831 13:17:33.765849 139921981437696 logging_writer.py:48] [51000] global_step=51000, grad_norm=3.7816567420959473, loss=1.1190156936645508
I0831 13:18:00.870675 139921973044992 logging_writer.py:48] [51100] global_step=51100, grad_norm=4.438498020172119, loss=1.2693188190460205
I0831 13:18:28.007091 139921981437696 logging_writer.py:48] [51200] global_step=51200, grad_norm=3.6849558353424072, loss=1.1518340110778809
I0831 13:18:55.396752 139921973044992 logging_writer.py:48] [51300] global_step=51300, grad_norm=3.8855135440826416, loss=1.174688696861267
I0831 13:19:22.520631 139921981437696 logging_writer.py:48] [51400] global_step=51400, grad_norm=3.557337999343872, loss=1.111802101135254
I0831 13:19:49.632914 139921973044992 logging_writer.py:48] [51500] global_step=51500, grad_norm=3.8223540782928467, loss=1.2042450904846191
I0831 13:20:16.825700 139921981437696 logging_writer.py:48] [51600] global_step=51600, grad_norm=3.8021438121795654, loss=1.1663926839828491
I0831 13:20:43.935636 139921973044992 logging_writer.py:48] [51700] global_step=51700, grad_norm=3.75398850440979, loss=1.1431139707565308
I0831 13:21:11.071697 139921981437696 logging_writer.py:48] [51800] global_step=51800, grad_norm=3.6831185817718506, loss=1.171515941619873
I0831 13:21:38.245535 139921973044992 logging_writer.py:48] [51900] global_step=51900, grad_norm=3.65390682220459, loss=1.1556968688964844
I0831 13:22:05.361962 139921981437696 logging_writer.py:48] [52000] global_step=52000, grad_norm=4.12195348739624, loss=1.0937387943267822
I0831 13:22:32.500060 139921973044992 logging_writer.py:48] [52100] global_step=52100, grad_norm=4.095597743988037, loss=1.1905462741851807
I0831 13:22:59.714375 139921981437696 logging_writer.py:48] [52200] global_step=52200, grad_norm=3.925208568572998, loss=1.1882750988006592
I0831 13:23:27.095614 139921973044992 logging_writer.py:48] [52300] global_step=52300, grad_norm=3.871145248413086, loss=1.2405598163604736
I0831 13:23:54.235255 139921981437696 logging_writer.py:48] [52400] global_step=52400, grad_norm=3.66726016998291, loss=1.0790393352508545
I0831 13:24:21.417216 139921973044992 logging_writer.py:48] [52500] global_step=52500, grad_norm=4.031847953796387, loss=1.198161005973816
I0831 13:24:48.525769 139921981437696 logging_writer.py:48] [52600] global_step=52600, grad_norm=3.805248260498047, loss=1.1680519580841064
I0831 13:25:15.650002 139921973044992 logging_writer.py:48] [52700] global_step=52700, grad_norm=4.176838397979736, loss=1.2107280492782593
I0831 13:25:42.839518 139921981437696 logging_writer.py:48] [52800] global_step=52800, grad_norm=3.856381416320801, loss=1.222642421722412
I0831 13:26:09.973017 139921973044992 logging_writer.py:48] [52900] global_step=52900, grad_norm=3.828699827194214, loss=1.1992026567459106
I0831 13:26:37.114919 139921981437696 logging_writer.py:48] [53000] global_step=53000, grad_norm=4.061285972595215, loss=1.2435791492462158
I0831 13:27:04.310390 139921973044992 logging_writer.py:48] [53100] global_step=53100, grad_norm=3.774291753768921, loss=1.0716408491134644
I0831 13:27:31.425753 139921981437696 logging_writer.py:48] [53200] global_step=53200, grad_norm=3.7737669944763184, loss=1.104125738143921
I0831 13:27:58.547856 139921973044992 logging_writer.py:48] [53300] global_step=53300, grad_norm=4.0174336433410645, loss=1.2508738040924072
I0831 13:28:25.968504 139921981437696 logging_writer.py:48] [53400] global_step=53400, grad_norm=3.9714999198913574, loss=1.1899487972259521
I0831 13:28:53.086027 139921973044992 logging_writer.py:48] [53500] global_step=53500, grad_norm=4.311335563659668, loss=1.2024060487747192
I0831 13:29:20.214003 139921981437696 logging_writer.py:48] [53600] global_step=53600, grad_norm=4.308870792388916, loss=1.2274600267410278
I0831 13:29:47.389422 139921973044992 logging_writer.py:48] [53700] global_step=53700, grad_norm=3.9699792861938477, loss=1.2339712381362915
I0831 13:30:14.493676 139921981437696 logging_writer.py:48] [53800] global_step=53800, grad_norm=4.078004360198975, loss=1.1912181377410889
I0831 13:30:41.614540 139921973044992 logging_writer.py:48] [53900] global_step=53900, grad_norm=3.831033945083618, loss=1.2666468620300293
I0831 13:31:08.788411 139921981437696 logging_writer.py:48] [54000] global_step=54000, grad_norm=4.032386302947998, loss=1.1796027421951294
I0831 13:31:35.899281 139921973044992 logging_writer.py:48] [54100] global_step=54100, grad_norm=4.352496147155762, loss=1.2586601972579956
I0831 13:32:03.024032 139921981437696 logging_writer.py:48] [54200] global_step=54200, grad_norm=3.6723556518554688, loss=1.1189687252044678
I0831 13:32:30.202784 139921973044992 logging_writer.py:48] [54300] global_step=54300, grad_norm=4.552175045013428, loss=1.2961983680725098
I0831 13:32:57.522696 139921981437696 logging_writer.py:48] [54400] global_step=54400, grad_norm=4.091862678527832, loss=1.2088381052017212
I0831 13:33:24.626670 139921973044992 logging_writer.py:48] [54500] global_step=54500, grad_norm=3.8744678497314453, loss=1.1262266635894775
I0831 13:33:51.799132 139921981437696 logging_writer.py:48] [54600] global_step=54600, grad_norm=3.652543544769287, loss=1.0134422779083252
I0831 13:34:18.937994 139921973044992 logging_writer.py:48] [54700] global_step=54700, grad_norm=3.895554542541504, loss=1.1288979053497314
I0831 13:34:46.040562 139921981437696 logging_writer.py:48] [54800] global_step=54800, grad_norm=3.6525681018829346, loss=1.0719738006591797
I0831 13:35:13.231813 139921973044992 logging_writer.py:48] [54900] global_step=54900, grad_norm=3.7272417545318604, loss=1.0911667346954346
I0831 13:35:40.318574 139921981437696 logging_writer.py:48] [55000] global_step=55000, grad_norm=3.862983465194702, loss=1.1250967979431152
I0831 13:36:07.450498 139921973044992 logging_writer.py:48] [55100] global_step=55100, grad_norm=3.9354248046875, loss=1.2094066143035889
I0831 13:36:34.623650 139921981437696 logging_writer.py:48] [55200] global_step=55200, grad_norm=4.147250175476074, loss=1.2374930381774902
I0831 13:37:01.729660 139921973044992 logging_writer.py:48] [55300] global_step=55300, grad_norm=3.853046178817749, loss=1.0989837646484375
I0831 13:37:28.859025 139921981437696 logging_writer.py:48] [55400] global_step=55400, grad_norm=3.86596941947937, loss=1.1312689781188965
I0831 13:37:56.255115 139921973044992 logging_writer.py:48] [55500] global_step=55500, grad_norm=4.146842002868652, loss=1.1317919492721558
I0831 13:38:23.377129 139921981437696 logging_writer.py:48] [55600] global_step=55600, grad_norm=4.116367340087891, loss=1.2117164134979248
I0831 13:38:50.502391 139921973044992 logging_writer.py:48] [55700] global_step=55700, grad_norm=3.8638272285461426, loss=1.112353801727295
I0831 13:39:17.695424 139921981437696 logging_writer.py:48] [55800] global_step=55800, grad_norm=3.8218631744384766, loss=1.1377207040786743
I0831 13:39:44.832883 139921973044992 logging_writer.py:48] [55900] global_step=55900, grad_norm=3.7054080963134766, loss=1.0731494426727295
I0831 13:40:11.950986 139921981437696 logging_writer.py:48] [56000] global_step=56000, grad_norm=3.8027780055999756, loss=1.1962592601776123
I0831 13:40:39.131671 139921973044992 logging_writer.py:48] [56100] global_step=56100, grad_norm=4.01143741607666, loss=1.169816017150879
I0831 13:41:06.261523 139921981437696 logging_writer.py:48] [56200] global_step=56200, grad_norm=3.991499900817871, loss=1.1629681587219238
I0831 13:41:33.429948 139921973044992 logging_writer.py:48] [56300] global_step=56300, grad_norm=4.351630687713623, loss=1.1437630653381348
I0831 13:42:00.596826 139921981437696 logging_writer.py:48] [56400] global_step=56400, grad_norm=4.037383079528809, loss=1.1680290699005127
I0831 13:42:27.946726 139921973044992 logging_writer.py:48] [56500] global_step=56500, grad_norm=4.216047763824463, loss=1.3193590641021729
I0831 13:42:55.105044 139921981437696 logging_writer.py:48] [56600] global_step=56600, grad_norm=4.0099592208862305, loss=1.1605302095413208
I0831 13:43:22.311755 139921973044992 logging_writer.py:48] [56700] global_step=56700, grad_norm=4.074021816253662, loss=1.114471435546875
I0831 13:43:49.426563 139921981437696 logging_writer.py:48] [56800] global_step=56800, grad_norm=3.766449451446533, loss=1.0946992635726929
I0831 13:44:16.536736 139921973044992 logging_writer.py:48] [56900] global_step=56900, grad_norm=3.957066774368286, loss=1.093938946723938
I0831 13:44:43.729047 139921981437696 logging_writer.py:48] [57000] global_step=57000, grad_norm=4.007513046264648, loss=1.160604476928711
I0831 13:45:10.837894 139921973044992 logging_writer.py:48] [57100] global_step=57100, grad_norm=3.911201000213623, loss=1.143389105796814
I0831 13:45:37.971544 139921981437696 logging_writer.py:48] [57200] global_step=57200, grad_norm=3.995591402053833, loss=1.2456777095794678
I0831 13:46:05.146398 139921973044992 logging_writer.py:48] [57300] global_step=57300, grad_norm=3.9539754390716553, loss=1.1241140365600586
I0831 13:46:32.292541 139921981437696 logging_writer.py:48] [57400] global_step=57400, grad_norm=4.0560383796691895, loss=0.9987987279891968
I0831 13:46:59.432651 139921973044992 logging_writer.py:48] [57500] global_step=57500, grad_norm=4.183343887329102, loss=1.16025710105896
I0831 13:47:26.849992 139921981437696 logging_writer.py:48] [57600] global_step=57600, grad_norm=4.007669448852539, loss=1.183336615562439
I0831 13:47:53.975753 139921973044992 logging_writer.py:48] [57700] global_step=57700, grad_norm=4.057479381561279, loss=1.108009696006775
I0831 13:48:21.090221 139921981437696 logging_writer.py:48] [57800] global_step=57800, grad_norm=4.2681989669799805, loss=1.153936505317688
I0831 13:48:48.284666 139921973044992 logging_writer.py:48] [57900] global_step=57900, grad_norm=4.091436862945557, loss=1.1722476482391357
I0831 13:49:14.990505 140117123622080 spec.py:333] Evaluating on the training split.
I0831 13:49:24.660010 140117123622080 spec.py:346] Evaluating on the validation split.
I0831 13:49:34.919996 140117123622080 spec.py:363] Evaluating on the test split.
I0831 13:49:35.805817 140117123622080 submission_runner.py:516] Time since start: 16297.15s, 	Step: 58000, 	{'train/accuracy': Array(0.89333546, dtype=float32), 'train/loss': Array(0.38592175, dtype=float32), 'validation/accuracy': Array(0.73793995, dtype=float32), 'validation/loss': Array(1.0922809, dtype=float32), 'validation/num_examples': 50000, 'test/accuracy': Array(0.60840005, dtype=float32), 'test/loss': Array(1.827331, dtype=float32), 'test/num_examples': 10000, 'score': 16021.156431436539, 'total_duration': 16297.145352840424, 'accumulated_submission_time': 16021.156431436539, 'accumulated_eval_time': 274.97972774505615, 'accumulated_logging_time': 0.5500438213348389}
I0831 13:49:35.859057 139921981437696 logging_writer.py:48] [58000] accumulated_eval_time=274.98, accumulated_logging_time=0.550044, accumulated_submission_time=16021.2, global_step=58000, preemption_count=0, score=16021.2, test/accuracy=0.6084000468254089, test/loss=1.8273309469223022, test/num_examples=10000, total_duration=16297.1, train/accuracy=0.8933354616165161, train/loss=0.38592174649238586, validation/accuracy=0.7379399538040161, validation/loss=1.0922808647155762, validation/num_examples=50000
I0831 13:49:36.219742 139921973044992 logging_writer.py:48] [58000] global_step=58000, grad_norm=4.266199111938477, loss=1.2664750814437866
I0831 13:50:03.479547 139921981437696 logging_writer.py:48] [58100] global_step=58100, grad_norm=4.2715277671813965, loss=1.17368483543396
I0831 13:50:30.667026 139921973044992 logging_writer.py:48] [58200] global_step=58200, grad_norm=3.909823417663574, loss=1.1469874382019043
I0831 13:50:57.759113 139921981437696 logging_writer.py:48] [58300] global_step=58300, grad_norm=4.2364325523376465, loss=1.204797625541687
I0831 13:51:24.885847 139921973044992 logging_writer.py:48] [58400] global_step=58400, grad_norm=3.8811357021331787, loss=1.1175302267074585
I0831 13:51:52.089239 139921981437696 logging_writer.py:48] [58500] global_step=58500, grad_norm=4.3930253982543945, loss=1.2825934886932373
I0831 13:52:19.239369 139921973044992 logging_writer.py:48] [58600] global_step=58600, grad_norm=4.021306037902832, loss=1.0993365049362183
I0831 13:52:46.567324 139921981437696 logging_writer.py:48] [58700] global_step=58700, grad_norm=4.363784313201904, loss=1.1538273096084595
I0831 13:53:13.743472 139921973044992 logging_writer.py:48] [58800] global_step=58800, grad_norm=3.8454103469848633, loss=1.0427528619766235
I0831 13:53:40.855246 139921981437696 logging_writer.py:48] [58900] global_step=58900, grad_norm=3.9080584049224854, loss=1.1944273710250854
I0831 13:54:07.970517 139921973044992 logging_writer.py:48] [59000] global_step=59000, grad_norm=4.290788650512695, loss=1.132047414779663
I0831 13:54:35.158033 139921981437696 logging_writer.py:48] [59100] global_step=59100, grad_norm=3.9867589473724365, loss=1.1571305990219116
I0831 13:55:02.303617 139921973044992 logging_writer.py:48] [59200] global_step=59200, grad_norm=4.425419807434082, loss=1.2238481044769287
I0831 13:55:29.446578 139921981437696 logging_writer.py:48] [59300] global_step=59300, grad_norm=4.166377544403076, loss=1.1755133867263794
I0831 13:55:56.623919 139921973044992 logging_writer.py:48] [59400] global_step=59400, grad_norm=4.1101884841918945, loss=1.1590778827667236
I0831 13:56:23.740624 139921981437696 logging_writer.py:48] [59500] global_step=59500, grad_norm=4.17479133605957, loss=1.1312954425811768
I0831 13:56:50.851554 139921973044992 logging_writer.py:48] [59600] global_step=59600, grad_norm=4.131350517272949, loss=1.1840250492095947
I0831 13:57:18.233172 139921981437696 logging_writer.py:48] [59700] global_step=59700, grad_norm=4.198848724365234, loss=1.1663825511932373
I0831 13:57:45.352008 139921973044992 logging_writer.py:48] [59800] global_step=59800, grad_norm=4.288026809692383, loss=1.1486767530441284
I0831 13:58:12.450733 139921981437696 logging_writer.py:48] [59900] global_step=59900, grad_norm=4.131298542022705, loss=1.1336679458618164
I0831 13:58:39.627044 139921973044992 logging_writer.py:48] [60000] global_step=60000, grad_norm=4.259805202484131, loss=1.1808662414550781
I0831 13:59:06.734422 139921981437696 logging_writer.py:48] [60100] global_step=60100, grad_norm=4.359585285186768, loss=1.1758352518081665
I0831 13:59:33.886660 139921973044992 logging_writer.py:48] [60200] global_step=60200, grad_norm=4.0811357498168945, loss=1.0540581941604614
I0831 14:00:01.089081 139921981437696 logging_writer.py:48] [60300] global_step=60300, grad_norm=4.340694427490234, loss=1.1885871887207031
I0831 14:00:28.189343 139921973044992 logging_writer.py:48] [60400] global_step=60400, grad_norm=4.150360584259033, loss=1.1544097661972046
I0831 14:00:55.326776 139921981437696 logging_writer.py:48] [60500] global_step=60500, grad_norm=4.077099323272705, loss=1.0865249633789062
I0831 14:01:22.524581 139921973044992 logging_writer.py:48] [60600] global_step=60600, grad_norm=4.1834635734558105, loss=1.1093826293945312
I0831 14:01:49.649631 139921981437696 logging_writer.py:48] [60700] global_step=60700, grad_norm=4.333500862121582, loss=1.2967233657836914
I0831 14:02:16.976417 139921973044992 logging_writer.py:48] [60800] global_step=60800, grad_norm=4.377627372741699, loss=1.1511332988739014
I0831 14:02:44.163438 139921981437696 logging_writer.py:48] [60900] global_step=60900, grad_norm=4.620772361755371, loss=1.2068122625350952
I0831 14:03:11.276202 139921973044992 logging_writer.py:48] [61000] global_step=61000, grad_norm=4.27354621887207, loss=1.0745434761047363
I0831 14:03:38.403067 139921981437696 logging_writer.py:48] [61100] global_step=61100, grad_norm=4.186177730560303, loss=1.1857340335845947
I0831 14:04:05.593792 139921973044992 logging_writer.py:48] [61200] global_step=61200, grad_norm=4.260356426239014, loss=1.129649043083191
I0831 14:04:32.723909 139921981437696 logging_writer.py:48] [61300] global_step=61300, grad_norm=4.143117427825928, loss=1.1200348138809204
I0831 14:04:59.859618 139921973044992 logging_writer.py:48] [61400] global_step=61400, grad_norm=4.191991806030273, loss=1.1138744354248047
I0831 14:05:27.054837 139921981437696 logging_writer.py:48] [61500] global_step=61500, grad_norm=4.13618278503418, loss=1.2025253772735596
I0831 14:05:54.163546 139921973044992 logging_writer.py:48] [61600] global_step=61600, grad_norm=4.447849273681641, loss=1.2000651359558105
I0831 14:06:21.295289 139921981437696 logging_writer.py:48] [61700] global_step=61700, grad_norm=4.166731834411621, loss=1.0973763465881348
I0831 14:06:48.498056 139921973044992 logging_writer.py:48] [61800] global_step=61800, grad_norm=3.85280179977417, loss=1.0914725065231323
I0831 14:07:15.842453 139921981437696 logging_writer.py:48] [61900] global_step=61900, grad_norm=4.2000226974487305, loss=1.1129132509231567
I0831 14:07:42.953731 139921973044992 logging_writer.py:48] [62000] global_step=62000, grad_norm=3.9603779315948486, loss=1.140796184539795
I0831 14:08:10.129324 139921981437696 logging_writer.py:48] [62100] global_step=62100, grad_norm=4.152520179748535, loss=1.1188960075378418
I0831 14:08:37.257449 139921973044992 logging_writer.py:48] [62200] global_step=62200, grad_norm=4.323079586029053, loss=1.0994720458984375
I0831 14:09:04.380950 139921981437696 logging_writer.py:48] [62300] global_step=62300, grad_norm=4.439029216766357, loss=1.1521847248077393
I0831 14:09:31.564558 139921973044992 logging_writer.py:48] [62400] global_step=62400, grad_norm=4.405654430389404, loss=1.1520469188690186
I0831 14:09:58.676613 139921981437696 logging_writer.py:48] [62500] global_step=62500, grad_norm=4.458680629730225, loss=1.0874254703521729
I0831 14:10:25.818032 139921973044992 logging_writer.py:48] [62600] global_step=62600, grad_norm=4.125410556793213, loss=1.0835649967193604
I0831 14:10:53.001259 139921981437696 logging_writer.py:48] [62700] global_step=62700, grad_norm=4.187085151672363, loss=1.0691039562225342
I0831 14:11:20.138988 139921973044992 logging_writer.py:48] [62800] global_step=62800, grad_norm=4.339331150054932, loss=1.1084336042404175
I0831 14:11:47.466447 139921981437696 logging_writer.py:48] [62900] global_step=62900, grad_norm=4.255492687225342, loss=1.088625431060791
I0831 14:12:14.641345 139921973044992 logging_writer.py:48] [63000] global_step=63000, grad_norm=4.6627397537231445, loss=1.2226793766021729
I0831 14:12:41.792482 139921981437696 logging_writer.py:48] [63100] global_step=63100, grad_norm=4.649829864501953, loss=1.2214763164520264
I0831 14:13:08.929298 139921973044992 logging_writer.py:48] [63200] global_step=63200, grad_norm=4.228373050689697, loss=1.148026704788208
I0831 14:13:36.112559 139921981437696 logging_writer.py:48] [63300] global_step=63300, grad_norm=4.240910053253174, loss=1.116142988204956
I0831 14:14:03.215472 139921973044992 logging_writer.py:48] [63400] global_step=63400, grad_norm=4.505836009979248, loss=1.2003531455993652
I0831 14:14:30.348933 139921981437696 logging_writer.py:48] [63500] global_step=63500, grad_norm=4.397470951080322, loss=1.0809308290481567
I0831 14:14:57.531858 139921973044992 logging_writer.py:48] [63600] global_step=63600, grad_norm=4.388909339904785, loss=1.0458390712738037
I0831 14:15:24.707447 139921981437696 logging_writer.py:48] [63700] global_step=63700, grad_norm=4.265614032745361, loss=1.1787378787994385
I0831 14:15:51.806914 139921973044992 logging_writer.py:48] [63800] global_step=63800, grad_norm=4.398782730102539, loss=1.0236880779266357
I0831 14:16:19.011554 139921981437696 logging_writer.py:48] [63900] global_step=63900, grad_norm=4.145705699920654, loss=1.053657054901123
I0831 14:16:46.375256 139921973044992 logging_writer.py:48] [64000] global_step=64000, grad_norm=4.44474983215332, loss=1.1091941595077515
I0831 14:17:13.477711 139921981437696 logging_writer.py:48] [64100] global_step=64100, grad_norm=4.503633975982666, loss=1.125067114830017
I0831 14:17:40.637193 139921973044992 logging_writer.py:48] [64200] global_step=64200, grad_norm=4.771666049957275, loss=1.1823153495788574
I0831 14:18:07.743129 139921981437696 logging_writer.py:48] [64300] global_step=64300, grad_norm=4.398667812347412, loss=1.171494960784912
I0831 14:18:34.906331 139921973044992 logging_writer.py:48] [64400] global_step=64400, grad_norm=4.5516862869262695, loss=1.1718559265136719
I0831 14:19:02.090162 139921981437696 logging_writer.py:48] [64500] global_step=64500, grad_norm=4.655465602874756, loss=1.137829303741455
I0831 14:19:29.214288 139921973044992 logging_writer.py:48] [64600] global_step=64600, grad_norm=4.5468926429748535, loss=1.139796257019043
I0831 14:19:56.321996 139921981437696 logging_writer.py:48] [64700] global_step=64700, grad_norm=4.432785511016846, loss=1.09183931350708
I0831 14:20:23.540030 139921973044992 logging_writer.py:48] [64800] global_step=64800, grad_norm=5.000415325164795, loss=1.2811094522476196
I0831 14:20:50.662891 139921981437696 logging_writer.py:48] [64900] global_step=64900, grad_norm=4.546041011810303, loss=1.1815170049667358
I0831 14:21:18.029473 139921973044992 logging_writer.py:48] [65000] global_step=65000, grad_norm=4.373263359069824, loss=1.0954612493515015
I0831 14:21:45.187669 139921981437696 logging_writer.py:48] [65100] global_step=65100, grad_norm=4.645698070526123, loss=1.074838399887085
I0831 14:22:12.318854 139921973044992 logging_writer.py:48] [65200] global_step=65200, grad_norm=4.889631748199463, loss=1.2568674087524414
I0831 14:22:39.441518 139921981437696 logging_writer.py:48] [65300] global_step=65300, grad_norm=4.395275115966797, loss=1.1298604011535645
I0831 14:22:51.855942 140117123622080 spec.py:333] Evaluating on the training split.
I0831 14:23:00.602661 140117123622080 spec.py:346] Evaluating on the validation split.
I0831 14:23:10.278431 140117123622080 spec.py:363] Evaluating on the test split.
I0831 14:23:11.169956 140117123622080 submission_runner.py:516] Time since start: 18312.51s, 	Step: 65347, 	{'train/accuracy': Array(0.902264, dtype=float32), 'train/loss': Array(0.35404882, dtype=float32), 'validation/accuracy': Array(0.74158, dtype=float32), 'validation/loss': Array(1.082871, dtype=float32), 'validation/num_examples': 50000, 'test/accuracy': Array(0.60940003, dtype=float32), 'test/loss': Array(1.8199519, dtype=float32), 'test/num_examples': 10000, 'score': 18017.071206331253, 'total_duration': 18312.510173797607, 'accumulated_submission_time': 18017.071206331253, 'accumulated_eval_time': 294.29212617874146, 'accumulated_logging_time': 0.6333343982696533}
I0831 14:23:11.238999 139921973044992 logging_writer.py:48] [65347] accumulated_eval_time=294.292, accumulated_logging_time=0.633334, accumulated_submission_time=18017.1, global_step=65347, preemption_count=0, score=18017.1, test/accuracy=0.6094000339508057, test/loss=1.8199518918991089, test/num_examples=10000, total_duration=18312.5, train/accuracy=0.9022639989852905, train/loss=0.35404881834983826, validation/accuracy=0.7415800094604492, validation/loss=1.0828709602355957, validation/num_examples=50000
I0831 14:23:25.990882 139921981437696 logging_writer.py:48] [65400] global_step=65400, grad_norm=4.101398468017578, loss=1.0438628196716309
I0831 14:23:53.090944 139921973044992 logging_writer.py:48] [65500] global_step=65500, grad_norm=4.57509183883667, loss=1.142104148864746
I0831 14:24:20.209227 139921981437696 logging_writer.py:48] [65600] global_step=65600, grad_norm=4.848811626434326, loss=1.190643072128296
I0831 14:24:47.396575 139921973044992 logging_writer.py:48] [65700] global_step=65700, grad_norm=4.29219388961792, loss=1.0560153722763062
I0831 14:25:14.493501 139921981437696 logging_writer.py:48] [65800] global_step=65800, grad_norm=4.673631191253662, loss=1.1863290071487427
I0831 14:25:41.623129 139921973044992 logging_writer.py:48] [65900] global_step=65900, grad_norm=4.711935043334961, loss=1.1794850826263428
I0831 14:26:09.038257 139921981437696 logging_writer.py:48] [66000] global_step=66000, grad_norm=4.8600568771362305, loss=1.171064853668213
I0831 14:26:36.194282 139921973044992 logging_writer.py:48] [66100] global_step=66100, grad_norm=4.595717430114746, loss=1.094131588935852
I0831 14:27:03.332415 139921981437696 logging_writer.py:48] [66200] global_step=66200, grad_norm=4.770264625549316, loss=1.1939868927001953
I0831 14:27:30.504551 139921973044992 logging_writer.py:48] [66300] global_step=66300, grad_norm=4.3950347900390625, loss=1.1467045545578003
I0831 14:27:57.620370 139921981437696 logging_writer.py:48] [66400] global_step=66400, grad_norm=4.767884254455566, loss=1.1233928203582764
I0831 14:28:24.766816 139921973044992 logging_writer.py:48] [66500] global_step=66500, grad_norm=4.739262580871582, loss=1.1042908430099487
I0831 14:28:51.956856 139921981437696 logging_writer.py:48] [66600] global_step=66600, grad_norm=4.4891204833984375, loss=1.0323498249053955
I0831 14:29:19.119726 139921973044992 logging_writer.py:48] [66700] global_step=66700, grad_norm=4.667444705963135, loss=1.1761155128479004
I0831 14:29:46.262524 139921981437696 logging_writer.py:48] [66800] global_step=66800, grad_norm=4.85011100769043, loss=1.2334927320480347
I0831 14:30:13.439866 139921973044992 logging_writer.py:48] [66900] global_step=66900, grad_norm=4.720789432525635, loss=1.1222870349884033
I0831 14:30:40.567733 139921981437696 logging_writer.py:48] [67000] global_step=67000, grad_norm=4.72529935836792, loss=1.1959786415100098
I0831 14:31:07.900299 139921973044992 logging_writer.py:48] [67100] global_step=67100, grad_norm=4.805488109588623, loss=1.1020101308822632
I0831 14:31:35.084568 139921981437696 logging_writer.py:48] [67200] global_step=67200, grad_norm=4.814241886138916, loss=1.1361172199249268
I0831 14:32:02.203559 139921973044992 logging_writer.py:48] [67300] global_step=67300, grad_norm=4.710190773010254, loss=1.081744909286499
I0831 14:32:29.353504 139921981437696 logging_writer.py:48] [67400] global_step=67400, grad_norm=4.733648777008057, loss=1.1257764101028442
I0831 14:32:56.536435 139921973044992 logging_writer.py:48] [67500] global_step=67500, grad_norm=4.735122203826904, loss=1.0482170581817627
I0831 14:33:23.665860 139921981437696 logging_writer.py:48] [67600] global_step=67600, grad_norm=4.858153820037842, loss=1.1353048086166382
I0831 14:33:50.772533 139921973044992 logging_writer.py:48] [67700] global_step=67700, grad_norm=4.845344543457031, loss=1.1502013206481934
I0831 14:34:17.949711 139921981437696 logging_writer.py:48] [67800] global_step=67800, grad_norm=5.009126663208008, loss=1.1272145509719849
I0831 14:34:45.096554 139921973044992 logging_writer.py:48] [67900] global_step=67900, grad_norm=5.078135013580322, loss=1.1565523147583008
I0831 14:35:12.228301 139921981437696 logging_writer.py:48] [68000] global_step=68000, grad_norm=4.995347499847412, loss=1.1867330074310303
I0831 14:35:39.404075 139921973044992 logging_writer.py:48] [68100] global_step=68100, grad_norm=4.884612083435059, loss=1.147743821144104
I0831 14:36:06.735168 139921981437696 logging_writer.py:48] [68200] global_step=68200, grad_norm=5.104712963104248, loss=1.0627394914627075
I0831 14:36:33.862208 139921973044992 logging_writer.py:48] [68300] global_step=68300, grad_norm=4.765049457550049, loss=1.1504946947097778
I0831 14:37:01.061503 139921981437696 logging_writer.py:48] [68400] global_step=68400, grad_norm=4.813565731048584, loss=1.0259149074554443
I0831 14:37:28.186849 139921973044992 logging_writer.py:48] [68500] global_step=68500, grad_norm=4.897980690002441, loss=1.1635754108428955
I0831 14:37:55.302722 139921981437696 logging_writer.py:48] [68600] global_step=68600, grad_norm=5.1913557052612305, loss=1.152198076248169
I0831 14:38:22.486143 139921973044992 logging_writer.py:48] [68700] global_step=68700, grad_norm=4.7669172286987305, loss=1.1064397096633911
I0831 14:38:49.659597 139921981437696 logging_writer.py:48] [68800] global_step=68800, grad_norm=4.742974758148193, loss=1.0124551057815552
I0831 14:39:16.778997 139921973044992 logging_writer.py:48] [68900] global_step=68900, grad_norm=5.109218597412109, loss=1.1678385734558105
I0831 14:39:43.976955 139921981437696 logging_writer.py:48] [69000] global_step=69000, grad_norm=4.915887832641602, loss=1.097650170326233
I0831 14:40:11.134737 139921973044992 logging_writer.py:48] [69100] global_step=69100, grad_norm=4.993927478790283, loss=1.1646918058395386
I0831 14:40:38.250189 139921981437696 logging_writer.py:48] [69200] global_step=69200, grad_norm=4.781600475311279, loss=1.1242425441741943
I0831 14:41:05.662429 139921973044992 logging_writer.py:48] [69300] global_step=69300, grad_norm=4.62204122543335, loss=1.0229254961013794
I0831 14:41:32.767539 139921981437696 logging_writer.py:48] [69400] global_step=69400, grad_norm=4.9112043380737305, loss=1.1304280757904053
I0831 14:41:59.912784 139921973044992 logging_writer.py:48] [69500] global_step=69500, grad_norm=4.816128253936768, loss=1.0334134101867676
I0831 14:42:27.114762 139921981437696 logging_writer.py:48] [69600] global_step=69600, grad_norm=4.833178997039795, loss=1.157449722290039
I0831 14:42:54.227430 139921973044992 logging_writer.py:48] [69700] global_step=69700, grad_norm=4.846080780029297, loss=1.1215360164642334
I0831 14:43:21.361923 139921981437696 logging_writer.py:48] [69800] global_step=69800, grad_norm=4.9487481117248535, loss=1.1895010471343994
I0831 14:43:48.535931 139921973044992 logging_writer.py:48] [69900] global_step=69900, grad_norm=4.9894118309021, loss=1.1351152658462524
I0831 14:44:15.652756 139921981437696 logging_writer.py:48] [70000] global_step=70000, grad_norm=5.018789291381836, loss=1.1443202495574951
I0831 14:44:42.787801 139921973044992 logging_writer.py:48] [70100] global_step=70100, grad_norm=5.0282883644104, loss=1.0329018831253052
I0831 14:45:09.998080 139921981437696 logging_writer.py:48] [70200] global_step=70200, grad_norm=4.9962077140808105, loss=1.138913869857788
I0831 14:45:37.333864 139921973044992 logging_writer.py:48] [70300] global_step=70300, grad_norm=4.851072311401367, loss=1.1627275943756104
I0831 14:46:04.452016 139921981437696 logging_writer.py:48] [70400] global_step=70400, grad_norm=4.9225382804870605, loss=1.1140365600585938
I0831 14:46:31.651588 139921973044992 logging_writer.py:48] [70500] global_step=70500, grad_norm=5.152256488800049, loss=1.1049968004226685
I0831 14:46:58.775603 139921981437696 logging_writer.py:48] [70600] global_step=70600, grad_norm=5.0186238288879395, loss=1.0909229516983032
I0831 14:47:25.919833 139921973044992 logging_writer.py:48] [70700] global_step=70700, grad_norm=5.124016761779785, loss=1.1382887363433838
I0831 14:47:53.136082 139921981437696 logging_writer.py:48] [70800] global_step=70800, grad_norm=4.688169479370117, loss=1.0554054975509644
I0831 14:48:20.281051 139921973044992 logging_writer.py:48] [70900] global_step=70900, grad_norm=5.053037643432617, loss=1.0685118436813354
I0831 14:48:47.380601 139921981437696 logging_writer.py:48] [71000] global_step=71000, grad_norm=5.073338031768799, loss=1.1066813468933105
I0831 14:49:14.570951 139921973044992 logging_writer.py:48] [71100] global_step=71100, grad_norm=4.900101184844971, loss=1.0835747718811035
I0831 14:49:41.678243 139921981437696 logging_writer.py:48] [71200] global_step=71200, grad_norm=4.88961124420166, loss=1.1217281818389893
I0831 14:50:08.829879 139921973044992 logging_writer.py:48] [71300] global_step=71300, grad_norm=4.82552433013916, loss=1.065260410308838
I0831 14:50:36.203010 139921981437696 logging_writer.py:48] [71400] global_step=71400, grad_norm=5.046196937561035, loss=1.128748893737793
I0831 14:51:03.339010 139921973044992 logging_writer.py:48] [71500] global_step=71500, grad_norm=5.131617546081543, loss=1.1914293766021729
I0831 14:51:30.471650 139921981437696 logging_writer.py:48] [71600] global_step=71600, grad_norm=5.031429290771484, loss=1.1474926471710205
I0831 14:51:57.668415 139921973044992 logging_writer.py:48] [71700] global_step=71700, grad_norm=5.11308479309082, loss=1.1210181713104248
I0831 14:52:24.794324 139921981437696 logging_writer.py:48] [71800] global_step=71800, grad_norm=5.01565408706665, loss=1.0791280269622803
I0831 14:52:51.925388 139921973044992 logging_writer.py:48] [71900] global_step=71900, grad_norm=5.334219455718994, loss=1.1214804649353027
I0831 14:53:19.090880 139921981437696 logging_writer.py:48] [72000] global_step=72000, grad_norm=4.761529445648193, loss=1.051267385482788
I0831 14:53:46.211894 139921973044992 logging_writer.py:48] [72100] global_step=72100, grad_norm=4.807604789733887, loss=1.0979233980178833
I0831 14:54:13.343312 139921981437696 logging_writer.py:48] [72200] global_step=72200, grad_norm=5.260127067565918, loss=1.2045758962631226
I0831 14:54:40.533004 139921973044992 logging_writer.py:48] [72300] global_step=72300, grad_norm=5.1565399169921875, loss=1.1268677711486816
I0831 14:55:07.860650 139921981437696 logging_writer.py:48] [72400] global_step=72400, grad_norm=5.111470699310303, loss=1.1325664520263672
I0831 14:55:34.982087 139921973044992 logging_writer.py:48] [72500] global_step=72500, grad_norm=5.174179553985596, loss=1.0892267227172852
I0831 14:56:02.165680 139921981437696 logging_writer.py:48] [72600] global_step=72600, grad_norm=4.966782569885254, loss=1.1475439071655273
I0831 14:56:27.239144 140117123622080 spec.py:333] Evaluating on the training split.
I0831 14:56:36.141767 140117123622080 spec.py:346] Evaluating on the validation split.
I0831 14:56:45.669651 140117123622080 spec.py:363] Evaluating on the test split.
I0831 14:56:46.562065 140117123622080 submission_runner.py:516] Time since start: 20327.90s, 	Step: 72694, 	{'train/accuracy': Array(0.90927935, dtype=float32), 'train/loss': Array(0.32634285, dtype=float32), 'validation/accuracy': Array(0.74307996, dtype=float32), 'validation/loss': Array(1.0753398, dtype=float32), 'validation/num_examples': 50000, 'test/accuracy': Array(0.6147, dtype=float32), 'test/loss': Array(1.8146323, dtype=float32), 'test/num_examples': 10000, 'score': 20012.96212363243, 'total_duration': 20327.902194976807, 'accumulated_submission_time': 20012.96212363243, 'accumulated_eval_time': 313.6133460998535, 'accumulated_logging_time': 0.7590162754058838}
I0831 14:56:46.615752 139921973044992 logging_writer.py:48] [72694] accumulated_eval_time=313.613, accumulated_logging_time=0.759016, accumulated_submission_time=20013, global_step=72694, preemption_count=0, score=20013, test/accuracy=0.6147000193595886, test/loss=1.8146322965621948, test/num_examples=10000, total_duration=20327.9, train/accuracy=0.9092793464660645, train/loss=0.3263428509235382, validation/accuracy=0.7430799603462219, validation/loss=1.0753397941589355, validation/num_examples=50000
I0831 14:56:48.630256 139921981437696 logging_writer.py:48] [72700] global_step=72700, grad_norm=4.689984321594238, loss=0.9761513471603394
I0831 14:57:15.845953 139921973044992 logging_writer.py:48] [72800] global_step=72800, grad_norm=4.943140506744385, loss=1.0665078163146973
I0831 14:57:43.027375 139921981437696 logging_writer.py:48] [72900] global_step=72900, grad_norm=5.51206111907959, loss=1.1972532272338867
I0831 14:58:10.121062 139921973044992 logging_writer.py:48] [73000] global_step=73000, grad_norm=5.036368370056152, loss=1.07245934009552
I0831 14:58:37.225706 139921981437696 logging_writer.py:48] [73100] global_step=73100, grad_norm=5.24921178817749, loss=1.1665465831756592
I0831 14:59:04.433664 139921973044992 logging_writer.py:48] [73200] global_step=73200, grad_norm=5.332740783691406, loss=1.201326608657837
I0831 14:59:31.532684 139921981437696 logging_writer.py:48] [73300] global_step=73300, grad_norm=5.324157238006592, loss=1.0642510652542114
I0831 14:59:58.660310 139921973044992 logging_writer.py:48] [73400] global_step=73400, grad_norm=4.993917465209961, loss=1.1561779975891113
I0831 15:00:26.073395 139921981437696 logging_writer.py:48] [73500] global_step=73500, grad_norm=5.163723945617676, loss=1.092266321182251
I0831 15:00:53.209861 139921973044992 logging_writer.py:48] [73600] global_step=73600, grad_norm=4.907471656799316, loss=1.049884557723999
I0831 15:01:20.331002 139921981437696 logging_writer.py:48] [73700] global_step=73700, grad_norm=4.820695400238037, loss=1.0931429862976074
I0831 15:01:47.516947 139921973044992 logging_writer.py:48] [73800] global_step=73800, grad_norm=5.0171613693237305, loss=1.0809097290039062
I0831 15:02:14.629712 139921981437696 logging_writer.py:48] [73900] global_step=73900, grad_norm=5.090182781219482, loss=1.110278606414795
I0831 15:02:41.740900 139921973044992 logging_writer.py:48] [74000] global_step=74000, grad_norm=5.084195613861084, loss=1.1111266613006592
I0831 15:03:08.926740 139921981437696 logging_writer.py:48] [74100] global_step=74100, grad_norm=5.148543357849121, loss=1.0917757749557495
I0831 15:03:36.047661 139921973044992 logging_writer.py:48] [74200] global_step=74200, grad_norm=5.215298652648926, loss=1.1212313175201416
I0831 15:04:03.173035 139921981437696 logging_writer.py:48] [74300] global_step=74300, grad_norm=4.790436267852783, loss=1.0373541116714478
I0831 15:04:30.334450 139921973044992 logging_writer.py:48] [74400] global_step=74400, grad_norm=5.087887287139893, loss=1.052003026008606
I0831 15:04:57.661135 139921981437696 logging_writer.py:48] [74500] global_step=74500, grad_norm=4.849293231964111, loss=1.0941190719604492
I0831 15:05:24.786757 139921973044992 logging_writer.py:48] [74600] global_step=74600, grad_norm=5.276228904724121, loss=1.1550941467285156
I0831 15:05:51.984738 139921981437696 logging_writer.py:48] [74700] global_step=74700, grad_norm=4.901560306549072, loss=1.084816336631775
I0831 15:06:19.097811 139921973044992 logging_writer.py:48] [74800] global_step=74800, grad_norm=5.171930313110352, loss=1.1358134746551514
I0831 15:06:46.203836 139921981437696 logging_writer.py:48] [74900] global_step=74900, grad_norm=4.995802402496338, loss=1.103102684020996
I0831 15:07:13.378346 139921973044992 logging_writer.py:48] [75000] global_step=75000, grad_norm=5.466159343719482, loss=1.107773780822754
I0831 15:07:40.521841 139921981437696 logging_writer.py:48] [75100] global_step=75100, grad_norm=5.061507701873779, loss=1.1366379261016846
I0831 15:08:07.639659 139921973044992 logging_writer.py:48] [75200] global_step=75200, grad_norm=5.077211856842041, loss=1.091511607170105
I0831 15:08:34.812476 139921981437696 logging_writer.py:48] [75300] global_step=75300, grad_norm=4.999211311340332, loss=0.9825881719589233
I0831 15:09:01.940867 139921973044992 logging_writer.py:48] [75400] global_step=75400, grad_norm=5.1975932121276855, loss=1.1111698150634766
I0831 15:09:29.065706 139921981437696 logging_writer.py:48] [75500] global_step=75500, grad_norm=5.331487655639648, loss=1.1875977516174316
I0831 15:09:56.419100 139921973044992 logging_writer.py:48] [75600] global_step=75600, grad_norm=5.060285568237305, loss=1.1027425527572632
I0831 15:10:23.549052 139921981437696 logging_writer.py:48] [75700] global_step=75700, grad_norm=5.08696985244751, loss=1.1923480033874512
I0831 15:10:50.658640 139921973044992 logging_writer.py:48] [75800] global_step=75800, grad_norm=5.441874980926514, loss=1.2674405574798584
I0831 15:11:17.821956 139921981437696 logging_writer.py:48] [75900] global_step=75900, grad_norm=4.949965000152588, loss=1.0476014614105225
I0831 15:11:44.948333 139921973044992 logging_writer.py:48] [76000] global_step=76000, grad_norm=5.0859856605529785, loss=1.10015869140625
I0831 15:12:12.093542 139921981437696 logging_writer.py:48] [76100] global_step=76100, grad_norm=5.04551362991333, loss=1.108871579170227
I0831 15:12:39.270822 139921973044992 logging_writer.py:48] [76200] global_step=76200, grad_norm=5.341018199920654, loss=1.1231398582458496
I0831 15:13:06.420224 139921981437696 logging_writer.py:48] [76300] global_step=76300, grad_norm=5.370436668395996, loss=1.0661956071853638
I0831 15:13:33.532053 139921973044992 logging_writer.py:48] [76400] global_step=76400, grad_norm=4.97642707824707, loss=1.083654761314392
I0831 15:14:00.694876 139921981437696 logging_writer.py:48] [76500] global_step=76500, grad_norm=5.402655601501465, loss=1.1506675481796265
I0831 15:14:27.803941 139921973044992 logging_writer.py:48] [76600] global_step=76600, grad_norm=4.965524673461914, loss=1.0757575035095215
I0831 15:14:55.160644 139921981437696 logging_writer.py:48] [76700] global_step=76700, grad_norm=5.203562259674072, loss=1.1152127981185913
I0831 15:15:22.346066 139921973044992 logging_writer.py:48] [76800] global_step=76800, grad_norm=5.209282875061035, loss=1.1114661693572998
I0831 15:15:49.472681 139921981437696 logging_writer.py:48] [76900] global_step=76900, grad_norm=5.270101070404053, loss=1.1034777164459229
I0831 15:16:16.634410 139921973044992 logging_writer.py:48] [77000] global_step=77000, grad_norm=4.830829620361328, loss=1.0300520658493042
I0831 15:16:43.806899 139921981437696 logging_writer.py:48] [77100] global_step=77100, grad_norm=5.38095235824585, loss=1.1462504863739014
I0831 15:17:10.940693 139921973044992 logging_writer.py:48] [77200] global_step=77200, grad_norm=5.091732978820801, loss=1.1135560274124146
I0831 15:17:38.063681 139921981437696 logging_writer.py:48] [77300] global_step=77300, grad_norm=5.389059543609619, loss=1.1136119365692139
I0831 15:18:05.287899 139921973044992 logging_writer.py:48] [77400] global_step=77400, grad_norm=5.305062294006348, loss=1.1488096714019775
I0831 15:18:32.423988 139921981437696 logging_writer.py:48] [77500] global_step=77500, grad_norm=5.026465892791748, loss=1.112950325012207
I0831 15:18:59.524315 139921973044992 logging_writer.py:48] [77600] global_step=77600, grad_norm=4.986379146575928, loss=1.0278469324111938
I0831 15:19:26.684331 139921981437696 logging_writer.py:48] [77700] global_step=77700, grad_norm=5.270123481750488, loss=1.0422487258911133
I0831 15:19:54.022273 139921973044992 logging_writer.py:48] [77800] global_step=77800, grad_norm=5.093537330627441, loss=1.1071710586547852
I0831 15:20:21.130464 139921981437696 logging_writer.py:48] [77900] global_step=77900, grad_norm=5.197536945343018, loss=1.0779982805252075
I0831 15:20:48.297307 139921973044992 logging_writer.py:48] [78000] global_step=78000, grad_norm=4.99685525894165, loss=1.0701377391815186
I0831 15:21:15.413417 139921981437696 logging_writer.py:48] [78100] global_step=78100, grad_norm=5.239736080169678, loss=1.0844916105270386
I0831 15:21:42.533067 139921973044992 logging_writer.py:48] [78200] global_step=78200, grad_norm=4.996396541595459, loss=1.1201118230819702
I0831 15:22:09.729408 139921981437696 logging_writer.py:48] [78300] global_step=78300, grad_norm=5.027043342590332, loss=1.080621361732483
I0831 15:22:36.834934 139921973044992 logging_writer.py:48] [78400] global_step=78400, grad_norm=5.139797687530518, loss=1.1045668125152588
I0831 15:23:03.975131 139921981437696 logging_writer.py:48] [78500] global_step=78500, grad_norm=5.142545700073242, loss=1.0673242807388306
I0831 15:23:31.177442 139921973044992 logging_writer.py:48] [78600] global_step=78600, grad_norm=5.027669906616211, loss=1.0249481201171875
I0831 15:23:58.327088 139921981437696 logging_writer.py:48] [78700] global_step=78700, grad_norm=4.728236198425293, loss=0.9893838167190552
I0831 15:24:25.612567 139921973044992 logging_writer.py:48] [78800] global_step=78800, grad_norm=5.289634704589844, loss=1.0834747552871704
I0831 15:24:52.777457 139921981437696 logging_writer.py:48] [78900] global_step=78900, grad_norm=5.052718162536621, loss=1.0009924173355103
I0831 15:25:19.916835 139921973044992 logging_writer.py:48] [79000] global_step=79000, grad_norm=4.820370197296143, loss=1.0780344009399414
I0831 15:25:47.022524 139921981437696 logging_writer.py:48] [79100] global_step=79100, grad_norm=4.770482540130615, loss=1.0067875385284424
I0831 15:26:14.177916 139921973044992 logging_writer.py:48] [79200] global_step=79200, grad_norm=4.845874786376953, loss=1.0587310791015625
I0831 15:26:41.306327 139921981437696 logging_writer.py:48] [79300] global_step=79300, grad_norm=4.985036373138428, loss=1.080036997795105
I0831 15:27:08.442029 139921973044992 logging_writer.py:48] [79400] global_step=79400, grad_norm=5.6578145027160645, loss=1.2805588245391846
I0831 15:27:35.620720 139921981437696 logging_writer.py:48] [79500] global_step=79500, grad_norm=5.174469947814941, loss=1.1091934442520142
I0831 15:28:02.723290 139921973044992 logging_writer.py:48] [79600] global_step=79600, grad_norm=4.919693470001221, loss=1.0635347366333008
I0831 15:28:29.836439 139921981437696 logging_writer.py:48] [79700] global_step=79700, grad_norm=5.0095953941345215, loss=1.1064584255218506
I0831 15:28:57.037093 139921973044992 logging_writer.py:48] [79800] global_step=79800, grad_norm=5.111720085144043, loss=1.1639938354492188
I0831 15:29:24.374439 139921981437696 logging_writer.py:48] [79900] global_step=79900, grad_norm=4.948285102844238, loss=1.0515899658203125
I0831 15:29:51.509358 139921973044992 logging_writer.py:48] [80000] global_step=80000, grad_norm=5.069771766662598, loss=1.0621607303619385
I0831 15:30:02.774015 140117123622080 spec.py:333] Evaluating on the training split.
I0831 15:30:10.658130 140117123622080 spec.py:346] Evaluating on the validation split.
I0831 15:30:20.904147 140117123622080 spec.py:363] Evaluating on the test split.
I0831 15:30:21.794430 140117123622080 submission_runner.py:516] Time since start: 22343.13s, 	Step: 80043, 	{'train/accuracy': Array(0.91222894, dtype=float32), 'train/loss': Array(0.31514737, dtype=float32), 'validation/accuracy': Array(0.74571997, dtype=float32), 'validation/loss': Array(1.0688671, dtype=float32), 'validation/num_examples': 50000, 'test/accuracy': Array(0.6169, dtype=float32), 'test/loss': Array(1.8074372, dtype=float32), 'test/num_examples': 10000, 'score': 22009.03094482422, 'total_duration': 22343.13378739357, 'accumulated_submission_time': 22009.03094482422, 'accumulated_eval_time': 332.63128685951233, 'accumulated_logging_time': 0.8456320762634277}
I0831 15:30:21.838752 139921981437696 logging_writer.py:48] [80043] accumulated_eval_time=332.631, accumulated_logging_time=0.845632, accumulated_submission_time=22009, global_step=80043, preemption_count=0, score=22009, test/accuracy=0.6169000267982483, test/loss=1.8074371814727783, test/num_examples=10000, total_duration=22343.1, train/accuracy=0.9122289419174194, train/loss=0.31514737010002136, validation/accuracy=0.7457199692726135, validation/loss=1.0688670873641968, validation/num_examples=50000
I0831 15:30:37.685667 139921973044992 logging_writer.py:48] [80100] global_step=80100, grad_norm=5.113198757171631, loss=1.169847011566162
I0831 15:31:04.781076 139921981437696 logging_writer.py:48] [80200] global_step=80200, grad_norm=4.946497917175293, loss=1.0154576301574707
I0831 15:31:31.871093 139921973044992 logging_writer.py:48] [80300] global_step=80300, grad_norm=5.287879467010498, loss=1.1337790489196777
I0831 15:31:59.044991 139921981437696 logging_writer.py:48] [80400] global_step=80400, grad_norm=5.18288516998291, loss=1.0644694566726685
I0831 15:32:26.142107 139921973044992 logging_writer.py:48] [80500] global_step=80500, grad_norm=4.887748718261719, loss=1.0537731647491455
I0831 15:32:53.277523 139921981437696 logging_writer.py:48] [80600] global_step=80600, grad_norm=5.026390552520752, loss=1.0620787143707275
I0831 15:33:20.473621 139921973044992 logging_writer.py:48] [80700] global_step=80700, grad_norm=4.882890701293945, loss=1.0320380926132202
I0831 15:33:47.590636 139921981437696 logging_writer.py:48] [80800] global_step=80800, grad_norm=4.946004390716553, loss=1.0686345100402832
I0831 15:34:14.939133 139921973044992 logging_writer.py:48] [80900] global_step=80900, grad_norm=5.132371425628662, loss=1.1387947797775269
I0831 15:34:42.129187 139921981437696 logging_writer.py:48] [81000] global_step=81000, grad_norm=5.04193639755249, loss=1.0906144380569458
I0831 15:35:09.236593 139921973044992 logging_writer.py:48] [81100] global_step=81100, grad_norm=5.210312366485596, loss=1.1718459129333496
I0831 15:35:36.373287 139921981437696 logging_writer.py:48] [81200] global_step=81200, grad_norm=4.899787425994873, loss=1.0311810970306396
I0831 15:36:03.566257 139921973044992 logging_writer.py:48] [81300] global_step=81300, grad_norm=5.077867031097412, loss=1.090095043182373
I0831 15:36:30.693756 139921981437696 logging_writer.py:48] [81400] global_step=81400, grad_norm=5.131804466247559, loss=1.0895289182662964
I0831 15:36:57.797051 139921973044992 logging_writer.py:48] [81500] global_step=81500, grad_norm=5.088109016418457, loss=1.1036720275878906
I0831 15:37:24.989259 139921981437696 logging_writer.py:48] [81600] global_step=81600, grad_norm=5.099238872528076, loss=1.0408028364181519
I0831 15:37:52.134333 139921973044992 logging_writer.py:48] [81700] global_step=81700, grad_norm=4.827699184417725, loss=1.1043035984039307
I0831 15:38:19.243012 139921981437696 logging_writer.py:48] [81800] global_step=81800, grad_norm=4.97106409072876, loss=1.0910472869873047
I0831 15:38:46.430058 139921973044992 logging_writer.py:48] [81900] global_step=81900, grad_norm=5.013543605804443, loss=1.0581581592559814
I0831 15:39:13.767234 139921981437696 logging_writer.py:48] [82000] global_step=82000, grad_norm=4.964090347290039, loss=1.0352638959884644
I0831 15:39:40.904325 139921973044992 logging_writer.py:48] [82100] global_step=82100, grad_norm=5.2746357917785645, loss=1.0858242511749268
I0831 15:40:08.093380 139921981437696 logging_writer.py:48] [82200] global_step=82200, grad_norm=5.00617790222168, loss=1.0245529413223267
I0831 15:40:35.237955 139921973044992 logging_writer.py:48] [82300] global_step=82300, grad_norm=5.070066452026367, loss=1.059300184249878
I0831 15:41:02.341930 139921981437696 logging_writer.py:48] [82400] global_step=82400, grad_norm=4.902980804443359, loss=1.0498554706573486
I0831 15:41:29.560267 139921973044992 logging_writer.py:48] [82500] global_step=82500, grad_norm=5.045276641845703, loss=1.0761722326278687
I0831 15:41:56.724766 139921981437696 logging_writer.py:48] [82600] global_step=82600, grad_norm=4.914961814880371, loss=1.0793988704681396
I0831 15:42:23.845378 139921973044992 logging_writer.py:48] [82700] global_step=82700, grad_norm=5.097283363342285, loss=1.1361911296844482
I0831 15:42:51.039873 139921981437696 logging_writer.py:48] [82800] global_step=82800, grad_norm=4.956486225128174, loss=1.106457233428955
I0831 15:43:18.170435 139921973044992 logging_writer.py:48] [82900] global_step=82900, grad_norm=5.235239505767822, loss=1.017351746559143
I0831 15:43:45.312582 139921981437696 logging_writer.py:48] [83000] global_step=83000, grad_norm=4.994144439697266, loss=0.9846730828285217
I0831 15:44:12.762395 139921973044992 logging_writer.py:48] [83100] global_step=83100, grad_norm=4.959412574768066, loss=1.0473713874816895
I0831 15:44:39.885916 139921981437696 logging_writer.py:48] [83200] global_step=83200, grad_norm=5.0453901290893555, loss=1.0236718654632568
I0831 15:45:07.014809 139921973044992 logging_writer.py:48] [83300] global_step=83300, grad_norm=5.161510944366455, loss=1.058764100074768
I0831 15:45:34.202309 139921981437696 logging_writer.py:48] [83400] global_step=83400, grad_norm=5.181464195251465, loss=1.0942294597625732
I0831 15:46:01.324841 139921973044992 logging_writer.py:48] [83500] global_step=83500, grad_norm=5.074193954467773, loss=1.0586225986480713
I0831 15:46:28.453577 139921981437696 logging_writer.py:48] [83600] global_step=83600, grad_norm=5.171372413635254, loss=1.00095534324646
I0831 15:46:55.632302 139921973044992 logging_writer.py:48] [83700] global_step=83700, grad_norm=5.123868465423584, loss=1.0444600582122803
I0831 15:47:22.776292 139921981437696 logging_writer.py:48] [83800] global_step=83800, grad_norm=5.154863357543945, loss=1.072662353515625
I0831 15:47:49.873981 139921973044992 logging_writer.py:48] [83900] global_step=83900, grad_norm=5.078988552093506, loss=1.1255805492401123
I0831 15:48:17.064960 139921981437696 logging_writer.py:48] [84000] global_step=84000, grad_norm=4.7159833908081055, loss=0.9851527810096741
I0831 15:48:44.195688 139921973044992 logging_writer.py:48] [84100] global_step=84100, grad_norm=5.438589096069336, loss=1.16544508934021
I0831 15:49:11.513703 139921981437696 logging_writer.py:48] [84200] global_step=84200, grad_norm=5.202115535736084, loss=1.019557237625122
I0831 15:49:38.713744 139921973044992 logging_writer.py:48] [84300] global_step=84300, grad_norm=5.058207988739014, loss=1.1060690879821777
I0831 15:50:05.819808 139921981437696 logging_writer.py:48] [84400] global_step=84400, grad_norm=4.837040901184082, loss=1.04816734790802
I0831 15:50:33.004980 139921973044992 logging_writer.py:48] [84500] global_step=84500, grad_norm=5.120960235595703, loss=1.1078611612319946
I0831 15:51:00.215831 139921981437696 logging_writer.py:48] [84600] global_step=84600, grad_norm=4.86998987197876, loss=1.0453006029129028
I0831 15:51:27.336015 139921973044992 logging_writer.py:48] [84700] global_step=84700, grad_norm=5.04424524307251, loss=1.083539605140686
I0831 15:51:54.441744 139921981437696 logging_writer.py:48] [84800] global_step=84800, grad_norm=5.222089767456055, loss=1.130238652229309
I0831 15:52:21.607055 139921973044992 logging_writer.py:48] [84900] global_step=84900, grad_norm=4.957637310028076, loss=1.0302064418792725
I0831 15:52:48.714161 139921981437696 logging_writer.py:48] [85000] global_step=85000, grad_norm=4.869359016418457, loss=1.1109617948532104
I0831 15:53:15.814024 139921973044992 logging_writer.py:48] [85100] global_step=85100, grad_norm=5.0345869064331055, loss=1.08828866481781
I0831 15:53:43.225287 139921981437696 logging_writer.py:48] [85200] global_step=85200, grad_norm=5.167697906494141, loss=1.08962082862854
I0831 15:54:10.336416 139921973044992 logging_writer.py:48] [85300] global_step=85300, grad_norm=5.000251293182373, loss=1.0972663164138794
I0831 15:54:37.441298 139921981437696 logging_writer.py:48] [85400] global_step=85400, grad_norm=4.837368011474609, loss=0.9755046963691711
I0831 15:55:04.634943 139921973044992 logging_writer.py:48] [85500] global_step=85500, grad_norm=4.785784721374512, loss=1.0627222061157227
I0831 15:55:31.767078 139921981437696 logging_writer.py:48] [85600] global_step=85600, grad_norm=4.984625339508057, loss=1.104077935218811
I0831 15:55:58.873961 139921973044992 logging_writer.py:48] [85700] global_step=85700, grad_norm=4.884222030639648, loss=1.0519647598266602
I0831 15:56:26.039497 139921981437696 logging_writer.py:48] [85800] global_step=85800, grad_norm=5.123117923736572, loss=1.0741729736328125
I0831 15:56:53.164622 139921973044992 logging_writer.py:48] [85900] global_step=85900, grad_norm=5.249913215637207, loss=1.1543035507202148
I0831 15:57:20.296742 139921981437696 logging_writer.py:48] [86000] global_step=86000, grad_norm=4.974696636199951, loss=1.0515488386154175
I0831 15:57:47.499129 139921973044992 logging_writer.py:48] [86100] global_step=86100, grad_norm=5.0895795822143555, loss=1.0050456523895264
I0831 15:58:14.623135 139921981437696 logging_writer.py:48] [86200] global_step=86200, grad_norm=5.067255020141602, loss=1.0853183269500732
I0831 15:58:41.956840 139921973044992 logging_writer.py:48] [86300] global_step=86300, grad_norm=4.729895114898682, loss=1.0786405801773071
I0831 15:59:09.125277 139921981437696 logging_writer.py:48] [86400] global_step=86400, grad_norm=4.949068069458008, loss=1.1230840682983398
I0831 15:59:36.226943 139921973044992 logging_writer.py:48] [86500] global_step=86500, grad_norm=5.0749006271362305, loss=1.1195447444915771
I0831 16:00:03.335024 139921981437696 logging_writer.py:48] [86600] global_step=86600, grad_norm=5.099456787109375, loss=1.0718032121658325
I0831 16:00:30.500654 139921973044992 logging_writer.py:48] [86700] global_step=86700, grad_norm=4.877786159515381, loss=1.0005264282226562
I0831 16:00:57.653510 139921981437696 logging_writer.py:48] [86800] global_step=86800, grad_norm=4.819756507873535, loss=1.0957746505737305
I0831 16:01:24.786390 139921973044992 logging_writer.py:48] [86900] global_step=86900, grad_norm=4.950500011444092, loss=1.067353367805481
I0831 16:01:51.961876 139921981437696 logging_writer.py:48] [87000] global_step=87000, grad_norm=4.930877208709717, loss=1.0989254713058472
I0831 16:02:19.088351 139921973044992 logging_writer.py:48] [87100] global_step=87100, grad_norm=4.9982147216796875, loss=1.0931754112243652
I0831 16:02:46.185979 139921981437696 logging_writer.py:48] [87200] global_step=87200, grad_norm=5.060156345367432, loss=1.0923956632614136
I0831 16:03:13.343705 139921973044992 logging_writer.py:48] [87300] global_step=87300, grad_norm=5.031198024749756, loss=1.1320167779922485
I0831 16:03:37.832631 140117123622080 spec.py:333] Evaluating on the training split.
I0831 16:03:46.305410 140117123622080 spec.py:346] Evaluating on the validation split.
I0831 16:03:55.862621 140117123622080 spec.py:363] Evaluating on the test split.
I0831 16:03:56.747779 140117123622080 submission_runner.py:516] Time since start: 24358.09s, 	Step: 87391, 	{'train/accuracy': Array(0.91685265, dtype=float32), 'train/loss': Array(0.29532543, dtype=float32), 'validation/accuracy': Array(0.74799997, dtype=float32), 'validation/loss': Array(1.0682663, dtype=float32), 'validation/num_examples': 50000, 'test/accuracy': Array(0.6222, dtype=float32), 'test/loss': Array(1.8081042, dtype=float32), 'test/num_examples': 10000, 'score': 24004.935247659683, 'total_duration': 24358.087627649307, 'accumulated_submission_time': 24004.935247659683, 'accumulated_eval_time': 351.5444669723511, 'accumulated_logging_time': 0.9268791675567627}
I0831 16:03:56.800516 139921981437696 logging_writer.py:48] [87391] accumulated_eval_time=351.544, accumulated_logging_time=0.926879, accumulated_submission_time=24004.9, global_step=87391, preemption_count=0, score=24004.9, test/accuracy=0.6222000122070312, test/loss=1.808104157447815, test/num_examples=10000, total_duration=24358.1, train/accuracy=0.9168526530265808, train/loss=0.2953254282474518, validation/accuracy=0.7479999661445618, validation/loss=1.0682662725448608, validation/num_examples=50000
I0831 16:03:59.660812 139921973044992 logging_writer.py:48] [87400] global_step=87400, grad_norm=5.015869140625, loss=1.0852726697921753
I0831 16:04:26.847290 139921981437696 logging_writer.py:48] [87500] global_step=87500, grad_norm=4.934142589569092, loss=1.0122350454330444
I0831 16:04:54.011933 139921973044992 logging_writer.py:48] [87600] global_step=87600, grad_norm=4.785815238952637, loss=1.0094504356384277
I0831 16:05:21.114662 139921981437696 logging_writer.py:48] [87700] global_step=87700, grad_norm=4.819437503814697, loss=1.0377020835876465
I0831 16:05:48.229192 139921973044992 logging_writer.py:48] [87800] global_step=87800, grad_norm=5.248297691345215, loss=1.0672426223754883
I0831 16:06:15.411919 139921981437696 logging_writer.py:48] [87900] global_step=87900, grad_norm=5.049840927124023, loss=1.182447910308838
I0831 16:06:42.554839 139921973044992 logging_writer.py:48] [88000] global_step=88000, grad_norm=4.909049987792969, loss=1.1345601081848145
I0831 16:07:09.704229 139921981437696 logging_writer.py:48] [88100] global_step=88100, grad_norm=4.871236324310303, loss=1.0541579723358154
I0831 16:07:36.905705 139921973044992 logging_writer.py:48] [88200] global_step=88200, grad_norm=4.71498966217041, loss=0.980340838432312
I0831 16:08:04.032468 139921981437696 logging_writer.py:48] [88300] global_step=88300, grad_norm=4.851357460021973, loss=1.0380288362503052
I0831 16:08:31.170693 139921973044992 logging_writer.py:48] [88400] global_step=88400, grad_norm=5.00673770904541, loss=1.0429959297180176
I0831 16:08:58.612538 139921981437696 logging_writer.py:48] [88500] global_step=88500, grad_norm=4.872030735015869, loss=1.0394172668457031
I0831 16:09:25.753389 139921973044992 logging_writer.py:48] [88600] global_step=88600, grad_norm=4.863335132598877, loss=1.1059322357177734
I0831 16:09:52.876737 139921981437696 logging_writer.py:48] [88700] global_step=88700, grad_norm=4.751591682434082, loss=1.0520637035369873
I0831 16:10:20.079880 139921973044992 logging_writer.py:48] [88800] global_step=88800, grad_norm=4.943983554840088, loss=0.9909031391143799
I0831 16:10:47.219199 139921981437696 logging_writer.py:48] [88900] global_step=88900, grad_norm=4.988236427307129, loss=1.0989186763763428
I0831 16:11:14.363308 139921973044992 logging_writer.py:48] [89000] global_step=89000, grad_norm=5.223843574523926, loss=1.0100619792938232
I0831 16:11:41.573462 139921981437696 logging_writer.py:48] [89100] global_step=89100, grad_norm=5.099555492401123, loss=1.146026849746704
I0831 16:12:08.690459 139921973044992 logging_writer.py:48] [89200] global_step=89200, grad_norm=4.832293510437012, loss=0.9931567907333374
I0831 16:12:35.787643 139921981437696 logging_writer.py:48] [89300] global_step=89300, grad_norm=4.909796237945557, loss=1.0210639238357544
I0831 16:13:02.978947 139921973044992 logging_writer.py:48] [89400] global_step=89400, grad_norm=5.039376735687256, loss=1.0735878944396973
I0831 16:13:30.304175 139921981437696 logging_writer.py:48] [89500] global_step=89500, grad_norm=4.947811126708984, loss=1.0446226596832275
I0831 16:13:57.425578 139921973044992 logging_writer.py:48] [89600] global_step=89600, grad_norm=5.052218914031982, loss=1.1364977359771729
I0831 16:14:24.608335 139921981437696 logging_writer.py:48] [89700] global_step=89700, grad_norm=4.959063529968262, loss=1.1110379695892334
I0831 16:14:51.763933 139921973044992 logging_writer.py:48] [89800] global_step=89800, grad_norm=4.735313415527344, loss=0.9469889998435974
I0831 16:15:18.876302 139921981437696 logging_writer.py:48] [89900] global_step=89900, grad_norm=5.27932596206665, loss=1.118708610534668
I0831 16:15:46.064100 139921973044992 logging_writer.py:48] [90000] global_step=90000, grad_norm=5.174208641052246, loss=1.0775628089904785
I0831 16:16:13.172710 139921981437696 logging_writer.py:48] [90100] global_step=90100, grad_norm=4.795698642730713, loss=0.9834789037704468
I0831 16:16:40.271463 139921973044992 logging_writer.py:48] [90200] global_step=90200, grad_norm=5.2726731300354, loss=1.1191699504852295
I0831 16:17:07.456261 139921981437696 logging_writer.py:48] [90300] global_step=90300, grad_norm=5.660727024078369, loss=1.1786872148513794
I0831 16:17:34.584173 139921973044992 logging_writer.py:48] [90400] global_step=90400, grad_norm=5.172414779663086, loss=1.146747350692749
I0831 16:18:01.710936 139921981437696 logging_writer.py:48] [90500] global_step=90500, grad_norm=5.10603666305542, loss=1.0421147346496582
I0831 16:18:29.112364 139921973044992 logging_writer.py:48] [90600] global_step=90600, grad_norm=4.955665588378906, loss=1.0542106628417969
I0831 16:18:56.230792 139921981437696 logging_writer.py:48] [90700] global_step=90700, grad_norm=4.948988437652588, loss=1.077939748764038
I0831 16:19:23.355799 139921973044992 logging_writer.py:48] [90800] global_step=90800, grad_norm=4.924530982971191, loss=1.1202385425567627
I0831 16:19:50.532552 139921981437696 logging_writer.py:48] [90900] global_step=90900, grad_norm=4.879987716674805, loss=1.0456531047821045
I0831 16:20:17.649899 139921973044992 logging_writer.py:48] [91000] global_step=91000, grad_norm=4.910399913787842, loss=1.0538737773895264
I0831 16:20:44.790298 139921981437696 logging_writer.py:48] [91100] global_step=91100, grad_norm=5.165282249450684, loss=1.0837771892547607
I0831 16:21:12.009988 139921973044992 logging_writer.py:48] [91200] global_step=91200, grad_norm=4.8610310554504395, loss=0.9770346879959106
I0831 16:21:39.144471 139921981437696 logging_writer.py:48] [91300] global_step=91300, grad_norm=4.913155555725098, loss=1.0742205381393433
I0831 16:22:06.258479 139921973044992 logging_writer.py:48] [91400] global_step=91400, grad_norm=4.9798479080200195, loss=1.0733672380447388
I0831 16:22:33.456811 139921981437696 logging_writer.py:48] [91500] global_step=91500, grad_norm=5.006542682647705, loss=1.0828425884246826
I0831 16:23:00.795861 139921973044992 logging_writer.py:48] [91600] global_step=91600, grad_norm=5.278910160064697, loss=1.0683127641677856
I0831 16:23:27.930214 139921981437696 logging_writer.py:48] [91700] global_step=91700, grad_norm=5.118814945220947, loss=1.0788077116012573
I0831 16:23:55.119932 139921973044992 logging_writer.py:48] [91800] global_step=91800, grad_norm=5.117591381072998, loss=1.0877797603607178
I0831 16:24:22.222014 139921981437696 logging_writer.py:48] [91900] global_step=91900, grad_norm=5.371670246124268, loss=1.0794960260391235
I0831 16:24:49.341783 139921973044992 logging_writer.py:48] [92000] global_step=92000, grad_norm=4.974464416503906, loss=1.0612086057662964
I0831 16:25:16.525414 139921981437696 logging_writer.py:48] [92100] global_step=92100, grad_norm=5.135711193084717, loss=1.0713037252426147
I0831 16:25:43.640805 139921973044992 logging_writer.py:48] [92200] global_step=92200, grad_norm=5.039716720581055, loss=1.0348458290100098
I0831 16:26:10.762953 139921981437696 logging_writer.py:48] [92300] global_step=92300, grad_norm=5.326661109924316, loss=1.1817471981048584
I0831 16:26:37.966988 139921973044992 logging_writer.py:48] [92400] global_step=92400, grad_norm=5.176074981689453, loss=1.1199016571044922
I0831 16:27:05.114243 139921981437696 logging_writer.py:48] [92500] global_step=92500, grad_norm=5.160790920257568, loss=1.1366130113601685
I0831 16:27:32.273334 139921973044992 logging_writer.py:48] [92600] global_step=92600, grad_norm=4.847156047821045, loss=1.0833344459533691
I0831 16:27:59.647379 139921981437696 logging_writer.py:48] [92700] global_step=92700, grad_norm=4.866337776184082, loss=1.017371654510498
I0831 16:28:26.782457 139921973044992 logging_writer.py:48] [92800] global_step=92800, grad_norm=4.731010437011719, loss=0.9778791666030884
I0831 16:28:53.895708 139921981437696 logging_writer.py:48] [92900] global_step=92900, grad_norm=5.437882423400879, loss=1.055895447731018
I0831 16:29:21.076274 139921973044992 logging_writer.py:48] [93000] global_step=93000, grad_norm=5.451284885406494, loss=1.122131586074829
I0831 16:29:48.190765 139921981437696 logging_writer.py:48] [93100] global_step=93100, grad_norm=5.274907112121582, loss=1.1346938610076904
I0831 16:30:15.287895 139921973044992 logging_writer.py:48] [93200] global_step=93200, grad_norm=4.731269836425781, loss=0.9297258257865906
I0831 16:30:42.487869 139921981437696 logging_writer.py:48] [93300] global_step=93300, grad_norm=4.782537937164307, loss=1.0598220825195312
I0831 16:31:09.603862 139921973044992 logging_writer.py:48] [93400] global_step=93400, grad_norm=4.7977294921875, loss=0.9936653971672058
I0831 16:31:36.703683 139921981437696 logging_writer.py:48] [93500] global_step=93500, grad_norm=5.594959735870361, loss=1.1642554998397827
I0831 16:32:03.897655 139921973044992 logging_writer.py:48] [93600] global_step=93600, grad_norm=4.765223503112793, loss=1.0357654094696045
I0831 16:32:31.217403 139921981437696 logging_writer.py:48] [93700] global_step=93700, grad_norm=5.343916893005371, loss=1.1298787593841553
I0831 16:32:58.320787 139921973044992 logging_writer.py:48] [93800] global_step=93800, grad_norm=4.928273677825928, loss=1.0203505754470825
I0831 16:33:25.524907 139921981437696 logging_writer.py:48] [93900] global_step=93900, grad_norm=5.0251593589782715, loss=1.0504157543182373
I0831 16:33:52.632230 139921973044992 logging_writer.py:48] [94000] global_step=94000, grad_norm=4.854905605316162, loss=1.0002855062484741
I0831 16:34:19.755504 139921981437696 logging_writer.py:48] [94100] global_step=94100, grad_norm=5.069383144378662, loss=1.021092176437378
I0831 16:34:46.945108 139921973044992 logging_writer.py:48] [94200] global_step=94200, grad_norm=5.237695217132568, loss=1.131460189819336
I0831 16:35:14.062508 139921981437696 logging_writer.py:48] [94300] global_step=94300, grad_norm=5.206452369689941, loss=1.130422592163086
I0831 16:35:41.189255 139921973044992 logging_writer.py:48] [94400] global_step=94400, grad_norm=5.077343940734863, loss=1.0562909841537476
I0831 16:36:08.376635 139921981437696 logging_writer.py:48] [94500] global_step=94500, grad_norm=4.61035680770874, loss=0.9722060561180115
I0831 16:36:35.497645 139921973044992 logging_writer.py:48] [94600] global_step=94600, grad_norm=5.036670207977295, loss=1.1185842752456665
I0831 16:37:02.648437 139921981437696 logging_writer.py:48] [94700] global_step=94700, grad_norm=4.972769260406494, loss=1.07618248462677
I0831 16:37:12.860914 140117123622080 spec.py:333] Evaluating on the training split.
I0831 16:37:20.238226 140117123622080 spec.py:346] Evaluating on the validation split.
I0831 16:37:30.553167 140117123622080 spec.py:363] Evaluating on the test split.
I0831 16:37:31.414953 140117123622080 submission_runner.py:516] Time since start: 26372.75s, 	Step: 94739, 	{'train/accuracy': Array(0.9225127, dtype=float32), 'train/loss': Array(0.27492654, dtype=float32), 'validation/accuracy': Array(0.74825996, dtype=float32), 'validation/loss': Array(1.0668399, dtype=float32), 'validation/num_examples': 50000, 'test/accuracy': Array(0.6223, dtype=float32), 'test/loss': Array(1.8116835, dtype=float32), 'test/num_examples': 10000, 'score': 26000.92212820053, 'total_duration': 26372.754496335983, 'accumulated_submission_time': 26000.92212820053, 'accumulated_eval_time': 370.09621691703796, 'accumulated_logging_time': 1.0008885860443115}
I0831 16:37:31.471959 139921973044992 logging_writer.py:48] [94739] accumulated_eval_time=370.096, accumulated_logging_time=1.00089, accumulated_submission_time=26000.9, global_step=94739, preemption_count=0, score=26000.9, test/accuracy=0.6223000288009644, test/loss=1.8116835355758667, test/num_examples=10000, total_duration=26372.8, train/accuracy=0.9225127100944519, train/loss=0.2749265432357788, validation/accuracy=0.748259961605072, validation/loss=1.0668399333953857, validation/num_examples=50000
I0831 16:37:48.884779 139921981437696 logging_writer.py:48] [94800] global_step=94800, grad_norm=4.971933841705322, loss=1.029255986213684
I0831 16:38:15.970484 139921973044992 logging_writer.py:48] [94900] global_step=94900, grad_norm=5.387161731719971, loss=1.2059314250946045
I0831 16:38:43.073299 139921981437696 logging_writer.py:48] [95000] global_step=95000, grad_norm=4.598382472991943, loss=1.0087381601333618
I0831 16:39:10.243186 139921973044992 logging_writer.py:48] [95100] global_step=95100, grad_norm=4.945769309997559, loss=1.117740273475647
I0831 16:39:37.345891 139921981437696 logging_writer.py:48] [95200] global_step=95200, grad_norm=4.933661460876465, loss=1.0619826316833496
I0831 16:40:04.449617 139921973044992 logging_writer.py:48] [95300] global_step=95300, grad_norm=4.812836647033691, loss=1.0082528591156006
I0831 16:40:31.630868 139921981437696 logging_writer.py:48] [95400] global_step=95400, grad_norm=4.993622303009033, loss=1.0789048671722412
I0831 16:40:58.755468 139921973044992 logging_writer.py:48] [95500] global_step=95500, grad_norm=4.945078372955322, loss=1.029114007949829
I0831 16:41:25.850048 139921981437696 logging_writer.py:48] [95600] global_step=95600, grad_norm=5.506173610687256, loss=1.0796664953231812
I0831 16:41:53.027635 139921973044992 logging_writer.py:48] [95700] global_step=95700, grad_norm=4.812524318695068, loss=1.0255804061889648
I0831 16:42:20.138133 139921981437696 logging_writer.py:48] [95800] global_step=95800, grad_norm=5.079554557800293, loss=1.0806682109832764
I0831 16:42:47.446392 139921973044992 logging_writer.py:48] [95900] global_step=95900, grad_norm=4.843756675720215, loss=1.0355265140533447
I0831 16:43:14.636779 139921981437696 logging_writer.py:48] [96000] global_step=96000, grad_norm=5.344239711761475, loss=1.0372860431671143
I0831 16:43:41.769782 139921973044992 logging_writer.py:48] [96100] global_step=96100, grad_norm=5.046606540679932, loss=1.069011926651001
I0831 16:44:08.914793 139921981437696 logging_writer.py:48] [96200] global_step=96200, grad_norm=4.862529277801514, loss=1.0125499963760376
I0831 16:44:36.067824 139921973044992 logging_writer.py:48] [96300] global_step=96300, grad_norm=4.772211074829102, loss=0.9638989567756653
I0831 16:45:03.187988 139921981437696 logging_writer.py:48] [96400] global_step=96400, grad_norm=5.297403335571289, loss=1.0052752494812012
I0831 16:45:30.305159 139921973044992 logging_writer.py:48] [96500] global_step=96500, grad_norm=4.831307411193848, loss=1.0771822929382324
I0831 16:45:57.633917 139921981437696 logging_writer.py:48] [96600] global_step=96600, grad_norm=4.93776273727417, loss=1.0503265857696533
I0831 16:46:24.720684 139921973044992 logging_writer.py:48] [96700] global_step=96700, grad_norm=4.926252841949463, loss=1.0314359664916992
I0831 16:46:51.854652 139921981437696 logging_writer.py:48] [96800] global_step=96800, grad_norm=4.806466579437256, loss=1.0545587539672852
I0831 16:47:19.287585 139921973044992 logging_writer.py:48] [96900] global_step=96900, grad_norm=5.284399032592773, loss=1.0499145984649658
I0831 16:47:46.399607 139921981437696 logging_writer.py:48] [97000] global_step=97000, grad_norm=5.063129425048828, loss=1.0725464820861816
I0831 16:48:13.499499 139921973044992 logging_writer.py:48] [97100] global_step=97100, grad_norm=4.952840328216553, loss=1.0261549949645996
I0831 16:48:40.663969 139921981437696 logging_writer.py:48] [97200] global_step=97200, grad_norm=4.983527183532715, loss=1.060793161392212
I0831 16:49:07.774064 139921973044992 logging_writer.py:48] [97300] global_step=97300, grad_norm=4.850233554840088, loss=0.9238430857658386
I0831 16:49:34.927176 139921981437696 logging_writer.py:48] [97400] global_step=97400, grad_norm=4.886474609375, loss=0.9270267486572266
I0831 16:50:02.119071 139921973044992 logging_writer.py:48] [97500] global_step=97500, grad_norm=4.906455039978027, loss=1.0014539957046509
I0831 16:50:29.256345 139921981437696 logging_writer.py:48] [97600] global_step=97600, grad_norm=4.964179992675781, loss=1.0640369653701782
I0831 16:50:56.393060 139921973044992 logging_writer.py:48] [97700] global_step=97700, grad_norm=4.991407871246338, loss=1.0406910181045532
I0831 16:51:23.609820 139921981437696 logging_writer.py:48] [97800] global_step=97800, grad_norm=5.157801628112793, loss=1.04185152053833
I0831 16:51:50.761999 139921973044992 logging_writer.py:48] [97900] global_step=97900, grad_norm=4.951785087585449, loss=1.0414764881134033
I0831 16:52:18.110990 139921981437696 logging_writer.py:48] [98000] global_step=98000, grad_norm=4.865335941314697, loss=0.9932011961936951
I0831 16:52:45.336139 139921973044992 logging_writer.py:48] [98100] global_step=98100, grad_norm=4.908229827880859, loss=1.08207106590271
I0831 16:53:12.446389 139921981437696 logging_writer.py:48] [98200] global_step=98200, grad_norm=5.233084201812744, loss=1.1257624626159668
I0831 16:53:39.566317 139921973044992 logging_writer.py:48] [98300] global_step=98300, grad_norm=4.57635498046875, loss=0.9375048875808716
I0831 16:54:06.767330 139921981437696 logging_writer.py:48] [98400] global_step=98400, grad_norm=4.648318290710449, loss=0.9683881998062134
I0831 16:54:33.923656 139921973044992 logging_writer.py:48] [98500] global_step=98500, grad_norm=5.20836877822876, loss=1.0753921270370483
I0831 16:55:01.043568 139921981437696 logging_writer.py:48] [98600] global_step=98600, grad_norm=5.0288896560668945, loss=1.0395619869232178
I0831 16:55:28.223949 139921973044992 logging_writer.py:48] [98700] global_step=98700, grad_norm=4.966915130615234, loss=1.0096914768218994
I0831 16:55:55.359783 139921981437696 logging_writer.py:48] [98800] global_step=98800, grad_norm=5.030628204345703, loss=1.048041820526123
I0831 16:56:22.520781 139921973044992 logging_writer.py:48] [98900] global_step=98900, grad_norm=4.924155235290527, loss=0.9764904975891113
I0831 16:56:49.927790 139921981437696 logging_writer.py:48] [99000] global_step=99000, grad_norm=4.966123104095459, loss=1.0577075481414795
I0831 16:57:17.075845 139921973044992 logging_writer.py:48] [99100] global_step=99100, grad_norm=4.928457260131836, loss=1.0316542387008667
I0831 16:57:44.222620 139921981437696 logging_writer.py:48] [99200] global_step=99200, grad_norm=4.73695182800293, loss=1.0671933889389038
I0831 16:58:11.422719 139921973044992 logging_writer.py:48] [99300] global_step=99300, grad_norm=4.940418720245361, loss=1.032058835029602
I0831 16:58:38.562106 139921981437696 logging_writer.py:48] [99400] global_step=99400, grad_norm=4.9105377197265625, loss=1.0081161260604858
I0831 16:59:05.655372 139921973044992 logging_writer.py:48] [99500] global_step=99500, grad_norm=4.896152973175049, loss=1.0679348707199097
I0831 16:59:32.848101 139921981437696 logging_writer.py:48] [99600] global_step=99600, grad_norm=5.053324222564697, loss=1.0520259141921997
I0831 16:59:59.966859 139921973044992 logging_writer.py:48] [99700] global_step=99700, grad_norm=4.7733683586120605, loss=0.9843765497207642
I0831 17:00:27.103710 139921981437696 logging_writer.py:48] [99800] global_step=99800, grad_norm=5.040751934051514, loss=1.036278486251831
I0831 17:00:54.320984 139921973044992 logging_writer.py:48] [99900] global_step=99900, grad_norm=4.678987979888916, loss=1.0400317907333374
I0831 17:01:21.427415 139921981437696 logging_writer.py:48] [100000] global_step=100000, grad_norm=5.248448848724365, loss=1.0327235460281372
I0831 17:01:48.776822 139921973044992 logging_writer.py:48] [100100] global_step=100100, grad_norm=4.770143508911133, loss=1.0261389017105103
I0831 17:02:15.972619 139921981437696 logging_writer.py:48] [100200] global_step=100200, grad_norm=5.7654500007629395, loss=1.0709962844848633
I0831 17:02:43.088274 139921973044992 logging_writer.py:48] [100300] global_step=100300, grad_norm=4.840331554412842, loss=0.9635717272758484
I0831 17:03:10.215442 139921981437696 logging_writer.py:48] [100400] global_step=100400, grad_norm=4.840884208679199, loss=1.0655407905578613
I0831 17:03:37.387327 139921973044992 logging_writer.py:48] [100500] global_step=100500, grad_norm=4.790011405944824, loss=1.0359106063842773
I0831 17:04:04.505374 139921981437696 logging_writer.py:48] [100600] global_step=100600, grad_norm=5.409252643585205, loss=1.0338610410690308
I0831 17:04:31.630091 139921973044992 logging_writer.py:48] [100700] global_step=100700, grad_norm=5.58707332611084, loss=1.0350655317306519
I0831 17:04:58.826701 139921981437696 logging_writer.py:48] [100800] global_step=100800, grad_norm=5.060688018798828, loss=1.0704023838043213
I0831 17:05:25.949663 139921973044992 logging_writer.py:48] [100900] global_step=100900, grad_norm=5.127038478851318, loss=1.1521246433258057
I0831 17:05:53.079058 139921981437696 logging_writer.py:48] [101000] global_step=101000, grad_norm=4.926717281341553, loss=1.03409743309021
I0831 17:06:20.489116 139921973044992 logging_writer.py:48] [101100] global_step=101100, grad_norm=5.027322292327881, loss=1.0406004190444946
I0831 17:06:47.637085 139921981437696 logging_writer.py:48] [101200] global_step=101200, grad_norm=5.033076286315918, loss=1.0904371738433838
I0831 17:07:14.760112 139921973044992 logging_writer.py:48] [101300] global_step=101300, grad_norm=4.825054168701172, loss=1.040416955947876
I0831 17:07:41.959133 139921981437696 logging_writer.py:48] [101400] global_step=101400, grad_norm=4.843383312225342, loss=1.0063362121582031
I0831 17:08:09.066161 139921973044992 logging_writer.py:48] [101500] global_step=101500, grad_norm=4.744531631469727, loss=0.9552044868469238
I0831 17:08:36.187361 139921981437696 logging_writer.py:48] [101600] global_step=101600, grad_norm=4.973448276519775, loss=0.969937801361084
I0831 17:09:03.369534 139921973044992 logging_writer.py:48] [101700] global_step=101700, grad_norm=4.982604503631592, loss=1.017988920211792
I0831 17:09:30.476511 139921981437696 logging_writer.py:48] [101800] global_step=101800, grad_norm=4.846097946166992, loss=1.0159226655960083
I0831 17:09:57.585523 139921973044992 logging_writer.py:48] [101900] global_step=101900, grad_norm=5.068576812744141, loss=1.0338603258132935
I0831 17:10:24.794069 139921981437696 logging_writer.py:48] [102000] global_step=102000, grad_norm=4.601844310760498, loss=1.0067147016525269
I0831 17:10:47.435871 140117123622080 spec.py:333] Evaluating on the training split.
I0831 17:10:54.791000 140117123622080 spec.py:346] Evaluating on the validation split.
I0831 17:11:04.372564 140117123622080 spec.py:363] Evaluating on the test split.
I0831 17:11:05.261120 140117123622080 submission_runner.py:516] Time since start: 28386.60s, 	Step: 102085, 	{'train/accuracy': Array(0.92524314, dtype=float32), 'train/loss': Array(0.26571548, dtype=float32), 'validation/accuracy': Array(0.74825996, dtype=float32), 'validation/loss': Array(1.0670127, dtype=float32), 'validation/num_examples': 50000, 'test/accuracy': Array(0.62280005, dtype=float32), 'test/loss': Array(1.8185028, dtype=float32), 'test/num_examples': 10000, 'score': 27996.79708981514, 'total_duration': 28386.60117483139, 'accumulated_submission_time': 27996.79708981514, 'accumulated_eval_time': 387.91968870162964, 'accumulated_logging_time': 1.094411849975586}
I0831 17:11:05.324524 139921973044992 logging_writer.py:48] [102085] accumulated_eval_time=387.92, accumulated_logging_time=1.09441, accumulated_submission_time=27996.8, global_step=102085, preemption_count=0, score=27996.8, test/accuracy=0.6228000521659851, test/loss=1.8185027837753296, test/num_examples=10000, total_duration=28386.6, train/accuracy=0.9252431392669678, train/loss=0.26571547985076904, validation/accuracy=0.748259961605072, validation/loss=1.0670126676559448, validation/num_examples=50000
I0831 17:11:09.882044 139921981437696 logging_writer.py:48] [102100] global_step=102100, grad_norm=4.816553592681885, loss=1.0145237445831299
I0831 17:11:37.028964 139921973044992 logging_writer.py:48] [102200] global_step=102200, grad_norm=4.984592914581299, loss=1.1294680833816528
I0831 17:12:04.425789 139921981437696 logging_writer.py:48] [102300] global_step=102300, grad_norm=5.106274127960205, loss=0.9978965520858765
I0831 17:12:31.558324 139921973044992 logging_writer.py:48] [102400] global_step=102400, grad_norm=5.079766273498535, loss=1.121262550354004
I0831 17:12:58.708250 139921981437696 logging_writer.py:48] [102500] global_step=102500, grad_norm=4.828175067901611, loss=1.0665109157562256
I0831 17:13:25.881018 139921973044992 logging_writer.py:48] [102600] global_step=102600, grad_norm=4.669379711151123, loss=0.9746636152267456
I0831 17:13:52.984159 139921981437696 logging_writer.py:48] [102700] global_step=102700, grad_norm=4.991742134094238, loss=1.1489107608795166
I0831 17:14:20.116366 139921973044992 logging_writer.py:48] [102800] global_step=102800, grad_norm=4.80378532409668, loss=1.0352352857589722
I0831 17:14:47.312899 139921981437696 logging_writer.py:48] [102900] global_step=102900, grad_norm=4.9764556884765625, loss=1.0332578420639038
I0831 17:15:14.437871 139921973044992 logging_writer.py:48] [103000] global_step=103000, grad_norm=5.156059265136719, loss=1.029948115348816
I0831 17:15:41.544961 139921981437696 logging_writer.py:48] [103100] global_step=103100, grad_norm=4.815242290496826, loss=1.0263473987579346
I0831 17:16:08.741253 139921973044992 logging_writer.py:48] [103200] global_step=103200, grad_norm=4.93530797958374, loss=1.0087791681289673
I0831 17:16:35.869815 139921981437696 logging_writer.py:48] [103300] global_step=103300, grad_norm=4.677610397338867, loss=0.945088803768158
I0831 17:17:03.222673 139921973044992 logging_writer.py:48] [103400] global_step=103400, grad_norm=5.112030982971191, loss=1.0652318000793457
I0831 17:17:30.409344 139921981437696 logging_writer.py:48] [103500] global_step=103500, grad_norm=4.839086532592773, loss=1.0880540609359741
I0831 17:17:57.508434 139921973044992 logging_writer.py:48] [103600] global_step=103600, grad_norm=4.899280548095703, loss=1.0457367897033691
I0831 17:18:24.625426 139921981437696 logging_writer.py:48] [103700] global_step=103700, grad_norm=5.151354789733887, loss=1.0618921518325806
I0831 17:18:51.822935 139921973044992 logging_writer.py:48] [103800] global_step=103800, grad_norm=4.66310453414917, loss=0.9681028127670288
I0831 17:19:18.946664 139921981437696 logging_writer.py:48] [103900] global_step=103900, grad_norm=4.652068614959717, loss=1.000834345817566
I0831 17:19:46.069144 139921973044992 logging_writer.py:48] [104000] global_step=104000, grad_norm=4.9891533851623535, loss=1.1246747970581055
I0831 17:20:13.238491 139921981437696 logging_writer.py:48] [104100] global_step=104100, grad_norm=5.003024578094482, loss=1.1289877891540527
I0831 17:20:40.361902 139921973044992 logging_writer.py:48] [104200] global_step=104200, grad_norm=4.8928680419921875, loss=0.948710560798645
I0831 17:21:07.489720 139921981437696 logging_writer.py:48] [104300] global_step=104300, grad_norm=4.915801525115967, loss=1.0313105583190918
I0831 17:21:34.904863 139921973044992 logging_writer.py:48] [104400] global_step=104400, grad_norm=4.899465560913086, loss=0.9102969765663147
I0831 17:22:02.035527 139921981437696 logging_writer.py:48] [104500] global_step=104500, grad_norm=5.334686756134033, loss=1.1130014657974243
I0831 17:22:29.170559 139921973044992 logging_writer.py:48] [104600] global_step=104600, grad_norm=5.161337375640869, loss=1.0932420492172241
I0831 17:22:56.350844 139921981437696 logging_writer.py:48] [104700] global_step=104700, grad_norm=4.97885799407959, loss=1.0265713930130005
I0831 17:23:23.487620 139921973044992 logging_writer.py:48] [104800] global_step=104800, grad_norm=5.021780014038086, loss=1.0154505968093872
I0831 17:23:50.604681 139921981437696 logging_writer.py:48] [104900] global_step=104900, grad_norm=5.090000152587891, loss=1.1012554168701172
I0831 17:24:17.771459 139921973044992 logging_writer.py:48] [105000] global_step=105000, grad_norm=5.07289457321167, loss=1.1202216148376465
I0831 17:24:44.887888 139921981437696 logging_writer.py:48] [105100] global_step=105100, grad_norm=4.904410362243652, loss=1.0085796117782593
I0831 17:25:12.013000 139921973044992 logging_writer.py:48] [105200] global_step=105200, grad_norm=4.782900810241699, loss=1.0124746561050415
I0831 17:25:39.188367 139921981437696 logging_writer.py:48] [105300] global_step=105300, grad_norm=5.047495365142822, loss=1.0666139125823975
I0831 17:26:06.376990 139921973044992 logging_writer.py:48] [105400] global_step=105400, grad_norm=4.982466697692871, loss=1.0837852954864502
I0831 17:26:33.667606 139921981437696 logging_writer.py:48] [105500] global_step=105500, grad_norm=5.097845554351807, loss=1.0608372688293457
I0831 17:27:00.846345 139921973044992 logging_writer.py:48] [105600] global_step=105600, grad_norm=4.901784896850586, loss=1.061020851135254
I0831 17:27:27.937879 139921981437696 logging_writer.py:48] [105700] global_step=105700, grad_norm=5.139249324798584, loss=0.9967049956321716
I0831 17:27:55.043657 139921973044992 logging_writer.py:48] [105800] global_step=105800, grad_norm=4.9657883644104, loss=0.9808757305145264
I0831 17:28:22.249844 139921981437696 logging_writer.py:48] [105900] global_step=105900, grad_norm=4.81260347366333, loss=0.9211606979370117
I0831 17:28:49.376947 139921973044992 logging_writer.py:48] [106000] global_step=106000, grad_norm=5.029510021209717, loss=1.128256916999817
I0831 17:29:16.529731 139921981437696 logging_writer.py:48] [106100] global_step=106100, grad_norm=4.822310924530029, loss=0.9786746501922607
I0831 17:29:43.701266 139921973044992 logging_writer.py:48] [106200] global_step=106200, grad_norm=4.60256814956665, loss=0.9673628807067871
I0831 17:30:10.798460 139921981437696 logging_writer.py:48] [106300] global_step=106300, grad_norm=4.757440567016602, loss=0.9747515916824341
I0831 17:30:37.956826 139921973044992 logging_writer.py:48] [106400] global_step=106400, grad_norm=4.741048336029053, loss=0.9932666420936584
I0831 17:31:05.351476 139921981437696 logging_writer.py:48] [106500] global_step=106500, grad_norm=4.908257961273193, loss=0.9690331816673279
I0831 17:31:32.473848 139921973044992 logging_writer.py:48] [106600] global_step=106600, grad_norm=4.982074737548828, loss=1.0494199991226196
I0831 17:31:59.589552 139921981437696 logging_writer.py:48] [106700] global_step=106700, grad_norm=5.053983688354492, loss=0.9701627492904663
I0831 17:32:26.763515 139921973044992 logging_writer.py:48] [106800] global_step=106800, grad_norm=4.995861530303955, loss=1.03098726272583
I0831 17:32:53.885484 139921981437696 logging_writer.py:48] [106900] global_step=106900, grad_norm=4.792588710784912, loss=1.0513298511505127
I0831 17:33:21.008351 139921973044992 logging_writer.py:48] [107000] global_step=107000, grad_norm=4.823419094085693, loss=1.0618562698364258
I0831 17:33:48.189468 139921981437696 logging_writer.py:48] [107100] global_step=107100, grad_norm=5.0164923667907715, loss=1.0420153141021729
I0831 17:34:15.319933 139921973044992 logging_writer.py:48] [107200] global_step=107200, grad_norm=4.682460308074951, loss=1.0484470129013062
I0831 17:34:42.424176 139921981437696 logging_writer.py:48] [107300] global_step=107300, grad_norm=4.956842422485352, loss=0.9871098399162292
I0831 17:35:09.616789 139921973044992 logging_writer.py:48] [107400] global_step=107400, grad_norm=4.9920334815979, loss=1.0839574337005615
I0831 17:35:36.767270 139921981437696 logging_writer.py:48] [107500] global_step=107500, grad_norm=4.862011909484863, loss=1.0089914798736572
I0831 17:36:04.167184 139921973044992 logging_writer.py:48] [107600] global_step=107600, grad_norm=4.7313714027404785, loss=0.9476348161697388
I0831 17:36:31.360007 139921981437696 logging_writer.py:48] [107700] global_step=107700, grad_norm=5.070718288421631, loss=1.046877384185791
I0831 17:36:58.468824 139921973044992 logging_writer.py:48] [107800] global_step=107800, grad_norm=4.986874103546143, loss=1.0479662418365479
I0831 17:37:25.624440 139921981437696 logging_writer.py:48] [107900] global_step=107900, grad_norm=4.962133884429932, loss=1.0109649896621704
I0831 17:37:52.791020 139921973044992 logging_writer.py:48] [108000] global_step=108000, grad_norm=5.002125263214111, loss=1.0440912246704102
I0831 17:38:19.928196 139921981437696 logging_writer.py:48] [108100] global_step=108100, grad_norm=4.8443498611450195, loss=1.0180463790893555
I0831 17:38:47.093254 139921973044992 logging_writer.py:48] [108200] global_step=108200, grad_norm=4.861069202423096, loss=1.0149760246276855
I0831 17:39:14.288475 139921981437696 logging_writer.py:48] [108300] global_step=108300, grad_norm=4.550824165344238, loss=0.9304215908050537
I0831 17:39:41.410884 139921973044992 logging_writer.py:48] [108400] global_step=108400, grad_norm=5.09627103805542, loss=1.0834604501724243
I0831 17:40:08.536942 139921981437696 logging_writer.py:48] [108500] global_step=108500, grad_norm=4.771419525146484, loss=0.9449177980422974
I0831 17:40:35.989629 139921973044992 logging_writer.py:48] [108600] global_step=108600, grad_norm=4.995847225189209, loss=1.0224610567092896
I0831 17:41:03.101032 139921981437696 logging_writer.py:48] [108700] global_step=108700, grad_norm=4.897313594818115, loss=1.0274909734725952
I0831 17:41:30.192483 139921973044992 logging_writer.py:48] [108800] global_step=108800, grad_norm=5.478229522705078, loss=1.0703835487365723
I0831 17:41:57.361168 139921981437696 logging_writer.py:48] [108900] global_step=108900, grad_norm=4.7718186378479, loss=0.9743497371673584
I0831 17:42:24.492063 139921973044992 logging_writer.py:48] [109000] global_step=109000, grad_norm=4.874917030334473, loss=1.0296489000320435
I0831 17:42:51.605765 139921981437696 logging_writer.py:48] [109100] global_step=109100, grad_norm=4.872949123382568, loss=1.044224500656128
I0831 17:43:18.762778 139921973044992 logging_writer.py:48] [109200] global_step=109200, grad_norm=4.678082466125488, loss=0.994694709777832
I0831 17:43:45.873442 139921981437696 logging_writer.py:48] [109300] global_step=109300, grad_norm=5.002723217010498, loss=1.0262789726257324
I0831 17:44:12.988558 139921973044992 logging_writer.py:48] [109400] global_step=109400, grad_norm=4.6901960372924805, loss=1.0299370288848877
I0831 17:44:21.356922 140117123622080 spec.py:333] Evaluating on the training split.
I0831 17:44:28.064976 140117123622080 spec.py:346] Evaluating on the validation split.
I0831 17:44:38.851624 140117123622080 spec.py:363] Evaluating on the test split.
I0831 17:44:39.746653 140117123622080 submission_runner.py:516] Time since start: 30401.08s, 	Step: 109432, 	{'train/accuracy': Array(0.92867106, dtype=float32), 'train/loss': Array(0.24968423, dtype=float32), 'validation/accuracy': Array(0.74715996, dtype=float32), 'validation/loss': Array(1.068822, dtype=float32), 'validation/num_examples': 50000, 'test/accuracy': Array(0.62600005, dtype=float32), 'test/loss': Array(1.8233396, dtype=float32), 'test/num_examples': 10000, 'score': 29992.7430062294, 'total_duration': 30401.084956884384, 'accumulated_submission_time': 29992.7430062294, 'accumulated_eval_time': 406.3058910369873, 'accumulated_logging_time': 1.1918253898620605}
I0831 17:44:39.793625 139921981437696 logging_writer.py:48] [109432] accumulated_eval_time=406.306, accumulated_logging_time=1.19183, accumulated_submission_time=29992.7, global_step=109432, preemption_count=0, score=29992.7, test/accuracy=0.6260000467300415, test/loss=1.823339581489563, test/num_examples=10000, total_duration=30401.1, train/accuracy=0.9286710619926453, train/loss=0.24968422949314117, validation/accuracy=0.7471599578857422, validation/loss=1.0688220262527466, validation/num_examples=50000
I0831 17:44:58.673235 139921973044992 logging_writer.py:48] [109500] global_step=109500, grad_norm=4.8015217781066895, loss=0.967065155506134
I0831 17:45:25.770812 139921981437696 logging_writer.py:48] [109600] global_step=109600, grad_norm=4.630969524383545, loss=0.9466532468795776
I0831 17:45:53.079046 139921973044992 logging_writer.py:48] [109700] global_step=109700, grad_norm=4.709744930267334, loss=0.9260460138320923
I0831 17:46:20.243385 139921981437696 logging_writer.py:48] [109800] global_step=109800, grad_norm=4.770446300506592, loss=0.9334539771080017
I0831 17:46:47.337080 139921973044992 logging_writer.py:48] [109900] global_step=109900, grad_norm=4.748386383056641, loss=0.9647608995437622
I0831 17:47:14.449060 139921981437696 logging_writer.py:48] [110000] global_step=110000, grad_norm=4.774829387664795, loss=1.0267947912216187
I0831 17:47:41.645035 139921973044992 logging_writer.py:48] [110100] global_step=110100, grad_norm=4.913699150085449, loss=1.0453882217407227
I0831 17:48:08.766111 139921981437696 logging_writer.py:48] [110200] global_step=110200, grad_norm=4.940305709838867, loss=1.0344092845916748
I0831 17:48:35.861966 139921973044992 logging_writer.py:48] [110300] global_step=110300, grad_norm=5.014720439910889, loss=0.9563100934028625
I0831 17:49:03.060504 139921981437696 logging_writer.py:48] [110400] global_step=110400, grad_norm=4.837789058685303, loss=0.9863467812538147
I0831 17:49:30.170610 139921973044992 logging_writer.py:48] [110500] global_step=110500, grad_norm=4.854002952575684, loss=1.048712134361267
I0831 17:49:57.268394 139921981437696 logging_writer.py:48] [110600] global_step=110600, grad_norm=5.102974891662598, loss=1.0185803174972534
I0831 17:50:24.438687 139921973044992 logging_writer.py:48] [110700] global_step=110700, grad_norm=4.728212833404541, loss=1.012747049331665
I0831 17:50:51.717043 139921981437696 logging_writer.py:48] [110800] global_step=110800, grad_norm=4.921494483947754, loss=1.1082319021224976
I0831 17:51:18.844573 139921973044992 logging_writer.py:48] [110900] global_step=110900, grad_norm=4.841588020324707, loss=1.0290318727493286
I0831 17:51:45.998288 139921981437696 logging_writer.py:48] [111000] global_step=111000, grad_norm=4.921259880065918, loss=0.9880991578102112
I0831 17:52:13.090671 139921973044992 logging_writer.py:48] [111100] global_step=111100, grad_norm=5.631544589996338, loss=1.126893162727356
I0831 17:52:40.203871 139921981437696 logging_writer.py:48] [111200] global_step=111200, grad_norm=4.799305438995361, loss=1.032954454421997
I0831 17:53:07.387798 139921973044992 logging_writer.py:48] [111300] global_step=111300, grad_norm=4.798568248748779, loss=1.0452944040298462
I0831 17:53:34.508045 139921981437696 logging_writer.py:48] [111400] global_step=111400, grad_norm=4.585724353790283, loss=0.920928955078125
I0831 17:54:01.622190 139921973044992 logging_writer.py:48] [111500] global_step=111500, grad_norm=5.304590225219727, loss=1.12534499168396
I0831 17:54:28.798507 139921981437696 logging_writer.py:48] [111600] global_step=111600, grad_norm=4.875804424285889, loss=1.0154452323913574
I0831 17:54:55.965641 139921973044992 logging_writer.py:48] [111700] global_step=111700, grad_norm=4.530728340148926, loss=0.8983117938041687
I0831 17:55:23.312721 139921981437696 logging_writer.py:48] [111800] global_step=111800, grad_norm=4.78719425201416, loss=1.0687205791473389
I0831 17:55:50.474258 139921973044992 logging_writer.py:48] [111900] global_step=111900, grad_norm=5.047825813293457, loss=1.0879746675491333
I0831 17:56:17.608685 139921981437696 logging_writer.py:48] [112000] global_step=112000, grad_norm=4.706247806549072, loss=1.0193214416503906
I0831 17:56:44.720974 139921973044992 logging_writer.py:48] [112100] global_step=112100, grad_norm=4.9735283851623535, loss=0.9823682308197021
I0831 17:57:11.935734 139921981437696 logging_writer.py:48] [112200] global_step=112200, grad_norm=4.790675640106201, loss=0.9636830687522888
I0831 17:57:39.060117 139921973044992 logging_writer.py:48] [112300] global_step=112300, grad_norm=4.853516578674316, loss=0.9086178541183472
I0831 17:58:06.174798 139921981437696 logging_writer.py:48] [112400] global_step=112400, grad_norm=4.911617279052734, loss=1.0415003299713135
I0831 17:58:33.391870 139921973044992 logging_writer.py:48] [112500] global_step=112500, grad_norm=4.859004497528076, loss=1.0765695571899414
I0831 17:59:00.515105 139921981437696 logging_writer.py:48] [112600] global_step=112600, grad_norm=4.956579208374023, loss=0.9893777966499329
I0831 17:59:27.635306 139921973044992 logging_writer.py:48] [112700] global_step=112700, grad_norm=5.2413811683654785, loss=1.1191129684448242
I0831 17:59:54.830418 139921981437696 logging_writer.py:48] [112800] global_step=112800, grad_norm=5.1168975830078125, loss=0.9290059804916382
I0831 18:00:22.167179 139921973044992 logging_writer.py:48] [112900] global_step=112900, grad_norm=4.999540328979492, loss=1.013077735900879
I0831 18:00:49.297250 139921981437696 logging_writer.py:48] [113000] global_step=113000, grad_norm=4.833617210388184, loss=1.0511133670806885
I0831 18:01:16.487300 139921973044992 logging_writer.py:48] [113100] global_step=113100, grad_norm=4.836831092834473, loss=1.0662904977798462
I0831 18:01:43.607482 139921981437696 logging_writer.py:48] [113200] global_step=113200, grad_norm=4.921950340270996, loss=1.0437818765640259
I0831 18:02:10.731037 139921973044992 logging_writer.py:48] [113300] global_step=113300, grad_norm=5.1489129066467285, loss=1.0652389526367188
I0831 18:02:37.900922 139921981437696 logging_writer.py:48] [113400] global_step=113400, grad_norm=4.662088394165039, loss=0.9299733638763428
I0831 18:03:05.009783 139921973044992 logging_writer.py:48] [113500] global_step=113500, grad_norm=4.667788982391357, loss=0.949915885925293
I0831 18:03:32.130758 139921981437696 logging_writer.py:48] [113600] global_step=113600, grad_norm=5.010042190551758, loss=1.1198800802230835
I0831 18:03:59.302001 139921973044992 logging_writer.py:48] [113700] global_step=113700, grad_norm=5.121248722076416, loss=0.9405273199081421
I0831 18:04:26.448964 139921981437696 logging_writer.py:48] [113800] global_step=113800, grad_norm=4.559306621551514, loss=0.9412976503372192
I0831 18:04:53.561518 139921973044992 logging_writer.py:48] [113900] global_step=113900, grad_norm=4.790529251098633, loss=0.9637941718101501
I0831 18:05:20.936691 139921981437696 logging_writer.py:48] [114000] global_step=114000, grad_norm=4.840064525604248, loss=1.0616673231124878
I0831 18:05:48.053134 139921973044992 logging_writer.py:48] [114100] global_step=114100, grad_norm=4.91908597946167, loss=0.9630898833274841
I0831 18:06:15.172183 139921981437696 logging_writer.py:48] [114200] global_step=114200, grad_norm=4.756585597991943, loss=0.9676967263221741
I0831 18:06:42.359197 139921973044992 logging_writer.py:48] [114300] global_step=114300, grad_norm=4.686849594116211, loss=0.963951587677002
I0831 18:07:09.487534 139921981437696 logging_writer.py:48] [114400] global_step=114400, grad_norm=4.795084476470947, loss=1.0859941244125366
I0831 18:07:36.606131 139921973044992 logging_writer.py:48] [114500] global_step=114500, grad_norm=4.795589923858643, loss=0.9288429021835327
I0831 18:08:03.787977 139921981437696 logging_writer.py:48] [114600] global_step=114600, grad_norm=4.939456462860107, loss=1.1138916015625
I0831 18:08:30.929355 139921973044992 logging_writer.py:48] [114700] global_step=114700, grad_norm=4.849266052246094, loss=1.0432488918304443
I0831 18:08:58.065120 139921981437696 logging_writer.py:48] [114800] global_step=114800, grad_norm=4.512290000915527, loss=1.0457942485809326
I0831 18:09:25.275514 139921973044992 logging_writer.py:48] [114900] global_step=114900, grad_norm=4.912945747375488, loss=1.0573993921279907
I0831 18:09:52.423270 139921981437696 logging_writer.py:48] [115000] global_step=115000, grad_norm=4.935878753662109, loss=1.0909123420715332
I0831 18:10:19.729762 139921973044992 logging_writer.py:48] [115100] global_step=115100, grad_norm=4.840478897094727, loss=1.0400784015655518
I0831 18:10:46.895478 139921981437696 logging_writer.py:48] [115200] global_step=115200, grad_norm=4.797809600830078, loss=0.9615044593811035
I0831 18:11:14.014785 139921973044992 logging_writer.py:48] [115300] global_step=115300, grad_norm=5.111965179443359, loss=1.0326381921768188
I0831 18:11:41.126093 139921981437696 logging_writer.py:48] [115400] global_step=115400, grad_norm=4.977583885192871, loss=1.0777723789215088
I0831 18:12:08.283304 139921973044992 logging_writer.py:48] [115500] global_step=115500, grad_norm=5.076111793518066, loss=1.0934717655181885
I0831 18:12:35.378659 139921981437696 logging_writer.py:48] [115600] global_step=115600, grad_norm=4.905673027038574, loss=1.0136691331863403
I0831 18:13:02.511641 139921973044992 logging_writer.py:48] [115700] global_step=115700, grad_norm=5.198518753051758, loss=1.1519660949707031
I0831 18:13:29.680949 139921981437696 logging_writer.py:48] [115800] global_step=115800, grad_norm=4.736073017120361, loss=0.9133780002593994
I0831 18:13:56.808542 139921973044992 logging_writer.py:48] [115900] global_step=115900, grad_norm=4.952330589294434, loss=1.0094622373580933
I0831 18:14:23.926889 139921981437696 logging_writer.py:48] [116000] global_step=116000, grad_norm=4.890621662139893, loss=1.0090384483337402
I0831 18:14:51.308259 139921973044992 logging_writer.py:48] [116100] global_step=116100, grad_norm=4.891754627227783, loss=1.0378341674804688
I0831 18:15:18.443396 139921981437696 logging_writer.py:48] [116200] global_step=116200, grad_norm=4.793152809143066, loss=0.9577704668045044
I0831 18:15:45.584517 139921973044992 logging_writer.py:48] [116300] global_step=116300, grad_norm=4.950894355773926, loss=1.021409034729004
I0831 18:16:12.799908 139921981437696 logging_writer.py:48] [116400] global_step=116400, grad_norm=4.822246551513672, loss=1.0563764572143555
I0831 18:16:39.939307 139921973044992 logging_writer.py:48] [116500] global_step=116500, grad_norm=4.878383636474609, loss=1.076978325843811
I0831 18:17:07.075610 139921981437696 logging_writer.py:48] [116600] global_step=116600, grad_norm=5.049248695373535, loss=1.0727092027664185
I0831 18:17:34.266048 139921973044992 logging_writer.py:48] [116700] global_step=116700, grad_norm=4.864144325256348, loss=0.9424585103988647
I0831 18:17:55.769421 140117123622080 spec.py:333] Evaluating on the training split.
I0831 18:18:02.442923 140117123622080 spec.py:346] Evaluating on the validation split.
I0831 18:18:12.374881 140117123622080 spec.py:363] Evaluating on the test split.
I0831 18:18:13.258183 140117123622080 submission_runner.py:516] Time since start: 32414.60s, 	Step: 116781, 	{'train/accuracy': Array(0.9322385, dtype=float32), 'train/loss': Array(0.23868681, dtype=float32), 'validation/accuracy': Array(0.75016, dtype=float32), 'validation/loss': Array(1.0682027, dtype=float32), 'validation/num_examples': 50000, 'test/accuracy': Array(0.62670004, dtype=float32), 'test/loss': Array(1.8252075, dtype=float32), 'test/num_examples': 10000, 'score': 31988.6567633152, 'total_duration': 32414.598189353943, 'accumulated_submission_time': 31988.6567633152, 'accumulated_eval_time': 423.79282784461975, 'accumulated_logging_time': 1.2480707168579102}
I0831 18:18:13.317240 139921981437696 logging_writer.py:48] [116781] accumulated_eval_time=423.793, accumulated_logging_time=1.24807, accumulated_submission_time=31988.7, global_step=116781, preemption_count=0, score=31988.7, test/accuracy=0.6267000436782837, test/loss=1.8252074718475342, test/num_examples=10000, total_duration=32414.6, train/accuracy=0.9322385191917419, train/loss=0.23868681490421295, validation/accuracy=0.7501599788665771, validation/loss=1.0682027339935303, validation/num_examples=50000
I0831 18:18:19.041202 139921973044992 logging_writer.py:48] [116800] global_step=116800, grad_norm=4.9054131507873535, loss=1.0330222845077515
I0831 18:18:46.159919 139921981437696 logging_writer.py:48] [116900] global_step=116900, grad_norm=5.051254749298096, loss=0.9753528237342834
I0831 18:19:13.302579 139921973044992 logging_writer.py:48] [117000] global_step=117000, grad_norm=4.620398998260498, loss=0.9316913485527039
I0831 18:19:40.429000 139921981437696 logging_writer.py:48] [117100] global_step=117100, grad_norm=4.73403263092041, loss=0.9747112989425659
I0831 18:20:07.787064 139921973044992 logging_writer.py:48] [117200] global_step=117200, grad_norm=4.9731574058532715, loss=1.0987181663513184
I0831 18:20:34.947692 139921981437696 logging_writer.py:48] [117300] global_step=117300, grad_norm=4.537646770477295, loss=0.9919869899749756
I0831 18:21:02.041311 139921973044992 logging_writer.py:48] [117400] global_step=117400, grad_norm=4.7273664474487305, loss=1.0061153173446655
I0831 18:21:29.132618 139921981437696 logging_writer.py:48] [117500] global_step=117500, grad_norm=5.108097076416016, loss=1.1136163473129272
I0831 18:21:56.284788 139921973044992 logging_writer.py:48] [117600] global_step=117600, grad_norm=4.545338153839111, loss=0.8913135528564453
I0831 18:22:23.418791 139921981437696 logging_writer.py:48] [117700] global_step=117700, grad_norm=5.002782344818115, loss=1.0397050380706787
I0831 18:22:50.553974 139921973044992 logging_writer.py:48] [117800] global_step=117800, grad_norm=5.015805721282959, loss=1.0216480493545532
I0831 18:23:17.726846 139921981437696 logging_writer.py:48] [117900] global_step=117900, grad_norm=4.866134166717529, loss=0.9511408805847168
I0831 18:23:44.824032 139921973044992 logging_writer.py:48] [118000] global_step=118000, grad_norm=5.296024799346924, loss=1.0942792892456055
I0831 18:24:11.987036 139921981437696 logging_writer.py:48] [118100] global_step=118100, grad_norm=4.74285364151001, loss=1.0383933782577515
I0831 18:24:39.418505 139921973044992 logging_writer.py:48] [118200] global_step=118200, grad_norm=4.80192232131958, loss=1.0082181692123413
I0831 18:25:06.535968 139921981437696 logging_writer.py:48] [118300] global_step=118300, grad_norm=5.248069763183594, loss=1.0115995407104492
I0831 18:25:33.649614 139921973044992 logging_writer.py:48] [118400] global_step=118400, grad_norm=5.025343894958496, loss=1.0583720207214355
I0831 18:26:00.853097 139921981437696 logging_writer.py:48] [118500] global_step=118500, grad_norm=4.903810977935791, loss=1.0537958145141602
I0831 18:26:27.987102 139921973044992 logging_writer.py:48] [118600] global_step=118600, grad_norm=4.403096675872803, loss=0.8989332318305969
I0831 18:26:55.108985 139921981437696 logging_writer.py:48] [118700] global_step=118700, grad_norm=4.4300384521484375, loss=0.9214639663696289
I0831 18:27:22.310014 139921973044992 logging_writer.py:48] [118800] global_step=118800, grad_norm=5.030410289764404, loss=0.9861904978752136
I0831 18:27:49.407207 139921981437696 logging_writer.py:48] [118900] global_step=118900, grad_norm=4.825359344482422, loss=0.9991657733917236
I0831 18:28:16.543148 139921973044992 logging_writer.py:48] [119000] global_step=119000, grad_norm=4.684498310089111, loss=1.060196042060852
I0831 18:28:43.735997 139921981437696 logging_writer.py:48] [119100] global_step=119100, grad_norm=4.875424385070801, loss=0.9987229704856873
I0831 18:29:10.835009 139921973044992 logging_writer.py:48] [119200] global_step=119200, grad_norm=4.712450981140137, loss=0.9542218446731567
I0831 18:29:38.172137 139921981437696 logging_writer.py:48] [119300] global_step=119300, grad_norm=4.826153755187988, loss=1.0757598876953125
I0831 18:30:05.349739 139921973044992 logging_writer.py:48] [119400] global_step=119400, grad_norm=5.214629650115967, loss=1.09479820728302
I0831 18:30:32.492654 139921981437696 logging_writer.py:48] [119500] global_step=119500, grad_norm=4.917186260223389, loss=0.9912127256393433
I0831 18:30:59.632744 139921973044992 logging_writer.py:48] [119600] global_step=119600, grad_norm=4.845108509063721, loss=1.0090383291244507
I0831 18:31:26.818806 139921981437696 logging_writer.py:48] [119700] global_step=119700, grad_norm=4.79254674911499, loss=0.9623435735702515
I0831 18:31:53.944190 139921973044992 logging_writer.py:48] [119800] global_step=119800, grad_norm=4.827485084533691, loss=1.0105478763580322
I0831 18:32:21.072324 139921981437696 logging_writer.py:48] [119900] global_step=119900, grad_norm=5.138244152069092, loss=1.061623454093933
I0831 18:32:48.263283 139921973044992 logging_writer.py:48] [120000] global_step=120000, grad_norm=4.867122173309326, loss=0.9511703252792358
I0831 18:33:15.407915 139921981437696 logging_writer.py:48] [120100] global_step=120100, grad_norm=4.849661350250244, loss=1.018594741821289
I0831 18:33:42.532533 139921973044992 logging_writer.py:48] [120200] global_step=120200, grad_norm=4.750497341156006, loss=0.8650225400924683
I0831 18:34:09.930577 139921981437696 logging_writer.py:48] [120300] global_step=120300, grad_norm=4.86531925201416, loss=1.0140812397003174
I0831 18:34:37.038411 139921973044992 logging_writer.py:48] [120400] global_step=120400, grad_norm=4.801098823547363, loss=0.9922773838043213
I0831 18:35:04.151596 139921981437696 logging_writer.py:48] [120500] global_step=120500, grad_norm=4.6791558265686035, loss=1.0003509521484375
I0831 18:35:31.313892 139921973044992 logging_writer.py:48] [120600] global_step=120600, grad_norm=4.931272983551025, loss=0.9591997861862183
I0831 18:35:58.404222 139921981437696 logging_writer.py:48] [120700] global_step=120700, grad_norm=4.88363790512085, loss=1.0076533555984497
I0831 18:36:25.517656 139921973044992 logging_writer.py:48] [120800] global_step=120800, grad_norm=5.018738746643066, loss=1.0324792861938477
I0831 18:36:52.701022 139921981437696 logging_writer.py:48] [120900] global_step=120900, grad_norm=4.772478103637695, loss=0.9745576977729797
I0831 18:37:19.848177 139921973044992 logging_writer.py:48] [121000] global_step=121000, grad_norm=4.859785079956055, loss=1.0034048557281494
I0831 18:37:46.951661 139921981437696 logging_writer.py:48] [121100] global_step=121100, grad_norm=4.847606182098389, loss=0.9201053380966187
I0831 18:38:14.178013 139921973044992 logging_writer.py:48] [121200] global_step=121200, grad_norm=4.777750015258789, loss=1.0270113945007324
I0831 18:38:41.274871 139921981437696 logging_writer.py:48] [121300] global_step=121300, grad_norm=4.8823041915893555, loss=0.9671269655227661
I0831 18:39:08.602985 139921973044992 logging_writer.py:48] [121400] global_step=121400, grad_norm=5.024406909942627, loss=1.0458624362945557
I0831 18:39:35.778955 139921981437696 logging_writer.py:48] [121500] global_step=121500, grad_norm=4.80247688293457, loss=1.0041316747665405
I0831 18:40:02.876682 139921973044992 logging_writer.py:48] [121600] global_step=121600, grad_norm=4.980691432952881, loss=1.0961484909057617
I0831 18:40:30.010871 139921981437696 logging_writer.py:48] [121700] global_step=121700, grad_norm=4.458730697631836, loss=0.9423577785491943
I0831 18:40:57.216058 139921973044992 logging_writer.py:48] [121800] global_step=121800, grad_norm=4.707841396331787, loss=0.962086021900177
I0831 18:41:24.338363 139921981437696 logging_writer.py:48] [121900] global_step=121900, grad_norm=4.558718681335449, loss=0.9423974752426147
I0831 18:41:51.459211 139921973044992 logging_writer.py:48] [122000] global_step=122000, grad_norm=5.03710412979126, loss=1.023555040359497
I0831 18:42:18.626781 139921981437696 logging_writer.py:48] [122100] global_step=122100, grad_norm=4.719923496246338, loss=1.0190829038619995
I0831 18:42:45.736013 139921973044992 logging_writer.py:48] [122200] global_step=122200, grad_norm=5.1880717277526855, loss=1.0732078552246094
I0831 18:43:12.857544 139921981437696 logging_writer.py:48] [122300] global_step=122300, grad_norm=4.876638889312744, loss=0.989694356918335
I0831 18:43:40.235600 139921973044992 logging_writer.py:48] [122400] global_step=122400, grad_norm=4.560052394866943, loss=0.9179947972297668
I0831 18:44:07.381761 139921981437696 logging_writer.py:48] [122500] global_step=122500, grad_norm=4.935833930969238, loss=1.046614170074463
I0831 18:44:34.506815 139921973044992 logging_writer.py:48] [122600] global_step=122600, grad_norm=4.890375137329102, loss=0.9885494709014893
I0831 18:45:01.690138 139921981437696 logging_writer.py:48] [122700] global_step=122700, grad_norm=5.052093029022217, loss=1.0177650451660156
I0831 18:45:28.856976 139921973044992 logging_writer.py:48] [122800] global_step=122800, grad_norm=5.1417107582092285, loss=1.0142896175384521
I0831 18:45:55.972749 139921981437696 logging_writer.py:48] [122900] global_step=122900, grad_norm=4.769492149353027, loss=1.0279736518859863
I0831 18:46:23.167765 139921973044992 logging_writer.py:48] [123000] global_step=123000, grad_norm=4.720660209655762, loss=1.0053718090057373
I0831 18:46:50.302041 139921981437696 logging_writer.py:48] [123100] global_step=123100, grad_norm=4.864187717437744, loss=1.0110008716583252
I0831 18:47:17.426375 139921973044992 logging_writer.py:48] [123200] global_step=123200, grad_norm=4.775469779968262, loss=0.9957265257835388
I0831 18:47:44.614063 139921981437696 logging_writer.py:48] [123300] global_step=123300, grad_norm=4.908729553222656, loss=0.9391661882400513
I0831 18:48:11.764560 139921973044992 logging_writer.py:48] [123400] global_step=123400, grad_norm=4.527639389038086, loss=0.9336605668067932
I0831 18:48:39.127832 139921981437696 logging_writer.py:48] [123500] global_step=123500, grad_norm=4.878313064575195, loss=1.0328840017318726
I0831 18:49:06.284293 139921973044992 logging_writer.py:48] [123600] global_step=123600, grad_norm=4.7726359367370605, loss=0.9394985437393188
I0831 18:49:33.409317 139921981437696 logging_writer.py:48] [123700] global_step=123700, grad_norm=4.968863010406494, loss=1.005143165588379
I0831 18:50:00.535435 139921973044992 logging_writer.py:48] [123800] global_step=123800, grad_norm=4.9497270584106445, loss=1.0437365770339966
I0831 18:50:27.691360 139921981437696 logging_writer.py:48] [123900] global_step=123900, grad_norm=4.778032302856445, loss=0.9754948616027832
I0831 18:50:54.823463 139921973044992 logging_writer.py:48] [124000] global_step=124000, grad_norm=4.721354961395264, loss=0.9422352313995361
I0831 18:51:21.915239 139921981437696 logging_writer.py:48] [124100] global_step=124100, grad_norm=4.710768222808838, loss=1.0220838785171509
I0831 18:51:29.447714 140117123622080 spec.py:333] Evaluating on the training split.
I0831 18:51:36.015763 140117123622080 spec.py:346] Evaluating on the validation split.
I0831 18:51:45.901681 140117123622080 spec.py:363] Evaluating on the test split.
I0831 18:51:46.778075 140117123622080 submission_runner.py:516] Time since start: 34428.12s, 	Step: 124129, 	{'train/accuracy': Array(0.934949, dtype=float32), 'train/loss': Array(0.22692154, dtype=float32), 'validation/accuracy': Array(0.75034, dtype=float32), 'validation/loss': Array(1.0701694, dtype=float32), 'validation/num_examples': 50000, 'test/accuracy': Array(0.62640005, dtype=float32), 'test/loss': Array(1.8303214, dtype=float32), 'test/num_examples': 10000, 'score': 33984.70328807831, 'total_duration': 34428.11667752266, 'accumulated_submission_time': 33984.70328807831, 'accumulated_eval_time': 441.1199595928192, 'accumulated_logging_time': 1.3386790752410889}
I0831 18:51:46.826862 139921973044992 logging_writer.py:48] [124129] accumulated_eval_time=441.12, accumulated_logging_time=1.33868, accumulated_submission_time=33984.7, global_step=124129, preemption_count=0, score=33984.7, test/accuracy=0.6264000535011292, test/loss=1.8303214311599731, test/num_examples=10000, total_duration=34428.1, train/accuracy=0.9349489808082581, train/loss=0.22692154347896576, validation/accuracy=0.7503399848937988, validation/loss=1.070169448852539, validation/num_examples=50000
I0831 18:52:06.444149 139921981437696 logging_writer.py:48] [124200] global_step=124200, grad_norm=4.573788642883301, loss=0.920998215675354
I0831 18:52:33.563393 139921973044992 logging_writer.py:48] [124300] global_step=124300, grad_norm=4.830995082855225, loss=0.9547917246818542
I0831 18:53:00.678858 139921981437696 logging_writer.py:48] [124400] global_step=124400, grad_norm=4.95279598236084, loss=1.006866216659546
I0831 18:53:27.825994 139921973044992 logging_writer.py:48] [124500] global_step=124500, grad_norm=5.081884860992432, loss=1.0316588878631592
I0831 18:53:55.167323 139921981437696 logging_writer.py:48] [124600] global_step=124600, grad_norm=4.902658462524414, loss=0.9918402433395386
I0831 18:54:22.310033 139921973044992 logging_writer.py:48] [124700] global_step=124700, grad_norm=4.9617815017700195, loss=1.0519022941589355
I0831 18:54:49.476877 139921981437696 logging_writer.py:48] [124800] global_step=124800, grad_norm=5.21953821182251, loss=1.0418155193328857
I0831 18:55:16.615042 139921973044992 logging_writer.py:48] [124900] global_step=124900, grad_norm=4.767873287200928, loss=1.0012626647949219
I0831 18:55:43.716599 139921981437696 logging_writer.py:48] [125000] global_step=125000, grad_norm=4.882230758666992, loss=1.0082824230194092
I0831 18:56:10.894781 139921973044992 logging_writer.py:48] [125100] global_step=125100, grad_norm=4.934769153594971, loss=1.0723061561584473
I0831 18:56:38.040286 139921981437696 logging_writer.py:48] [125200] global_step=125200, grad_norm=4.677310943603516, loss=0.9543856382369995
I0831 18:57:05.155179 139921973044992 logging_writer.py:48] [125300] global_step=125300, grad_norm=4.915539264678955, loss=1.093650221824646
I0831 18:57:32.322885 139921981437696 logging_writer.py:48] [125400] global_step=125400, grad_norm=4.973422050476074, loss=1.0231976509094238
I0831 18:57:59.478588 139921973044992 logging_writer.py:48] [125500] global_step=125500, grad_norm=5.413672924041748, loss=1.0127782821655273
I0831 18:58:26.849849 139921981437696 logging_writer.py:48] [125600] global_step=125600, grad_norm=4.966064453125, loss=1.0411808490753174
I0831 18:58:54.030484 139921973044992 logging_writer.py:48] [125700] global_step=125700, grad_norm=5.225245952606201, loss=0.973819375038147
I0831 18:59:21.154867 139921981437696 logging_writer.py:48] [125800] global_step=125800, grad_norm=4.876797199249268, loss=1.0271416902542114
I0831 18:59:48.248754 139921973044992 logging_writer.py:48] [125900] global_step=125900, grad_norm=5.042271614074707, loss=1.0656102895736694
I0831 19:00:15.445909 139921981437696 logging_writer.py:48] [126000] global_step=126000, grad_norm=4.799026012420654, loss=0.991119384765625
I0831 19:00:42.560408 139921973044992 logging_writer.py:48] [126100] global_step=126100, grad_norm=5.110009670257568, loss=1.0665645599365234
I0831 19:01:09.677767 139921981437696 logging_writer.py:48] [126200] global_step=126200, grad_norm=4.877458095550537, loss=0.9479408264160156
I0831 19:01:36.863784 139921973044992 logging_writer.py:48] [126300] global_step=126300, grad_norm=4.945985317230225, loss=1.070550560951233
I0831 19:02:03.983479 139921981437696 logging_writer.py:48] [126400] global_step=126400, grad_norm=5.136666297912598, loss=1.0094184875488281
I0831 19:02:31.098831 139921973044992 logging_writer.py:48] [126500] global_step=126500, grad_norm=5.316727161407471, loss=1.1089749336242676
I0831 19:02:58.278690 139921981437696 logging_writer.py:48] [126600] global_step=126600, grad_norm=5.015868186950684, loss=1.050066590309143
I0831 19:03:25.607229 139921973044992 logging_writer.py:48] [126700] global_step=126700, grad_norm=5.037516117095947, loss=1.0428359508514404
I0831 19:03:52.727792 139921981437696 logging_writer.py:48] [126800] global_step=126800, grad_norm=4.710676193237305, loss=0.9986215233802795
I0831 19:04:19.907614 139921973044992 logging_writer.py:48] [126900] global_step=126900, grad_norm=4.846414566040039, loss=0.9555006623268127
I0831 19:04:47.033407 139921981437696 logging_writer.py:48] [127000] global_step=127000, grad_norm=5.098504543304443, loss=1.0855990648269653
I0831 19:05:14.155210 139921973044992 logging_writer.py:48] [127100] global_step=127100, grad_norm=4.994109153747559, loss=0.9869741201400757
I0831 19:05:41.328735 139921981437696 logging_writer.py:48] [127200] global_step=127200, grad_norm=4.615044116973877, loss=0.9512423276901245
I0831 19:06:08.423931 139921973044992 logging_writer.py:48] [127300] global_step=127300, grad_norm=4.9811577796936035, loss=0.9851111769676208
I0831 19:06:35.544130 139921981437696 logging_writer.py:48] [127400] global_step=127400, grad_norm=4.78759765625, loss=0.9928128123283386
I0831 19:07:02.727712 139921973044992 logging_writer.py:48] [127500] global_step=127500, grad_norm=5.289881706237793, loss=1.0777745246887207
I0831 19:07:29.838753 139921981437696 logging_writer.py:48] [127600] global_step=127600, grad_norm=4.982982158660889, loss=1.08706533908844
I0831 19:07:56.975401 139921973044992 logging_writer.py:48] [127700] global_step=127700, grad_norm=4.959151744842529, loss=1.0438778400421143
I0831 19:08:24.384214 139921981437696 logging_writer.py:48] [127800] global_step=127800, grad_norm=4.983370304107666, loss=1.037099838256836
I0831 19:08:51.485399 139921973044992 logging_writer.py:48] [127900] global_step=127900, grad_norm=4.648209571838379, loss=0.9618728160858154
I0831 19:09:18.613826 139921981437696 logging_writer.py:48] [128000] global_step=128000, grad_norm=4.9036664962768555, loss=1.0325816869735718
I0831 19:09:45.807535 139921973044992 logging_writer.py:48] [128100] global_step=128100, grad_norm=5.317135334014893, loss=1.0063817501068115
I0831 19:10:12.965635 139921981437696 logging_writer.py:48] [128200] global_step=128200, grad_norm=4.850796699523926, loss=0.9372588992118835
I0831 19:10:40.083278 139921973044992 logging_writer.py:48] [128300] global_step=128300, grad_norm=4.68488073348999, loss=0.9390082955360413
I0831 19:11:07.253661 139921981437696 logging_writer.py:48] [128400] global_step=128400, grad_norm=4.774626731872559, loss=0.9705464839935303
I0831 19:11:34.364708 139921973044992 logging_writer.py:48] [128500] global_step=128500, grad_norm=4.4585113525390625, loss=0.9783653616905212
I0831 19:12:01.478414 139921981437696 logging_writer.py:48] [128600] global_step=128600, grad_norm=4.74650239944458, loss=0.8961331844329834
I0831 19:12:28.664198 139921973044992 logging_writer.py:48] [128700] global_step=128700, grad_norm=4.754620552062988, loss=0.9165308475494385
I0831 19:12:55.764052 139921981437696 logging_writer.py:48] [128800] global_step=128800, grad_norm=5.231456279754639, loss=1.0824346542358398
I0831 19:13:23.103730 139921973044992 logging_writer.py:48] [128900] global_step=128900, grad_norm=5.0074849128723145, loss=1.012521505355835
I0831 19:13:50.268504 139921981437696 logging_writer.py:48] [129000] global_step=129000, grad_norm=5.1197333335876465, loss=0.9348454475402832
I0831 19:14:17.378738 139921973044992 logging_writer.py:48] [129100] global_step=129100, grad_norm=4.990143775939941, loss=1.0237383842468262
I0831 19:14:44.517954 139921981437696 logging_writer.py:48] [129200] global_step=129200, grad_norm=4.713932514190674, loss=0.9269334673881531
I0831 19:15:11.711831 139921973044992 logging_writer.py:48] [129300] global_step=129300, grad_norm=4.699375629425049, loss=0.8953531384468079
I0831 19:15:38.848545 139921981437696 logging_writer.py:48] [129400] global_step=129400, grad_norm=4.655710697174072, loss=0.9238196611404419
I0831 19:16:05.955716 139921973044992 logging_writer.py:48] [129500] global_step=129500, grad_norm=5.032966136932373, loss=1.0032687187194824
I0831 19:16:33.145720 139921981437696 logging_writer.py:48] [129600] global_step=129600, grad_norm=5.058819770812988, loss=1.0229711532592773
I0831 19:17:00.257283 139921973044992 logging_writer.py:48] [129700] global_step=129700, grad_norm=5.01087760925293, loss=1.009272575378418
I0831 19:17:27.399976 139921981437696 logging_writer.py:48] [129800] global_step=129800, grad_norm=4.770064830780029, loss=0.9408623576164246
I0831 19:17:54.825585 139921973044992 logging_writer.py:48] [129900] global_step=129900, grad_norm=4.825511455535889, loss=0.9374531507492065
I0831 19:18:21.925579 139921981437696 logging_writer.py:48] [130000] global_step=130000, grad_norm=4.924545764923096, loss=1.030064582824707
I0831 19:18:49.084409 139921973044992 logging_writer.py:48] [130100] global_step=130100, grad_norm=4.893178939819336, loss=0.9906936883926392
I0831 19:19:16.250165 139921981437696 logging_writer.py:48] [130200] global_step=130200, grad_norm=4.788145065307617, loss=1.036426305770874
I0831 19:19:43.355356 139921973044992 logging_writer.py:48] [130300] global_step=130300, grad_norm=5.164313793182373, loss=1.0315181016921997
I0831 19:20:10.496792 139921981437696 logging_writer.py:48] [130400] global_step=130400, grad_norm=4.8989152908325195, loss=0.9652845859527588
I0831 19:20:37.688223 139921973044992 logging_writer.py:48] [130500] global_step=130500, grad_norm=4.685306072235107, loss=0.9543024301528931
I0831 19:21:04.829024 139921981437696 logging_writer.py:48] [130600] global_step=130600, grad_norm=4.865204811096191, loss=0.9873088598251343
I0831 19:21:31.959319 139921973044992 logging_writer.py:48] [130700] global_step=130700, grad_norm=4.917021751403809, loss=1.008719801902771
I0831 19:21:59.137543 139921981437696 logging_writer.py:48] [130800] global_step=130800, grad_norm=4.769372463226318, loss=1.009446144104004
I0831 19:22:26.260018 139921973044992 logging_writer.py:48] [130900] global_step=130900, grad_norm=4.57985782623291, loss=0.8652845621109009
I0831 19:22:53.599110 139921981437696 logging_writer.py:48] [131000] global_step=131000, grad_norm=4.736083030700684, loss=0.9471940994262695
I0831 19:23:20.796348 139921973044992 logging_writer.py:48] [131100] global_step=131100, grad_norm=5.132066249847412, loss=0.9884502291679382
I0831 19:23:47.924466 139921981437696 logging_writer.py:48] [131200] global_step=131200, grad_norm=4.5111470222473145, loss=0.9261791706085205
I0831 19:24:15.067715 139921973044992 logging_writer.py:48] [131300] global_step=131300, grad_norm=5.067234039306641, loss=1.056391954421997
I0831 19:24:42.229998 139921981437696 logging_writer.py:48] [131400] global_step=131400, grad_norm=5.07786750793457, loss=1.0464445352554321
I0831 19:25:02.939299 140117123622080 spec.py:333] Evaluating on the training split.
I0831 19:25:09.578731 140117123622080 spec.py:346] Evaluating on the validation split.
I0831 19:25:20.235132 140117123622080 spec.py:363] Evaluating on the test split.
I0831 19:25:21.124323 140117123622080 submission_runner.py:516] Time since start: 36442.46s, 	Step: 131478, 	{'train/accuracy': Array(0.9367626, dtype=float32), 'train/loss': Array(0.21946916, dtype=float32), 'validation/accuracy': Array(0.75009996, dtype=float32), 'validation/loss': Array(1.0705539, dtype=float32), 'validation/num_examples': 50000, 'test/accuracy': Array(0.6244, dtype=float32), 'test/loss': Array(1.8374841, dtype=float32), 'test/num_examples': 10000, 'score': 35980.75158596039, 'total_duration': 36442.463853120804, 'accumulated_submission_time': 35980.75158596039, 'accumulated_eval_time': 459.30268383026123, 'accumulated_logging_time': 1.3988158702850342}
I0831 19:25:21.171768 139921973044992 logging_writer.py:48] [131478] accumulated_eval_time=459.303, accumulated_logging_time=1.39882, accumulated_submission_time=35980.8, global_step=131478, preemption_count=0, score=35980.8, test/accuracy=0.6244000196456909, test/loss=1.8374841213226318, test/num_examples=10000, total_duration=36442.5, train/accuracy=0.9367625713348389, train/loss=0.21946915984153748, validation/accuracy=0.7500999569892883, validation/loss=1.0705538988113403, validation/num_examples=50000
I0831 19:25:27.548291 139921981437696 logging_writer.py:48] [131500] global_step=131500, grad_norm=4.693057060241699, loss=0.945777416229248
I0831 19:25:54.625195 139921973044992 logging_writer.py:48] [131600] global_step=131600, grad_norm=4.8968119621276855, loss=1.0125634670257568
I0831 19:26:21.775130 139921981437696 logging_writer.py:48] [131700] global_step=131700, grad_norm=4.809353351593018, loss=1.0111111402511597
I0831 19:26:48.898675 139921973044992 logging_writer.py:48] [131800] global_step=131800, grad_norm=4.871486663818359, loss=0.9539484977722168
I0831 19:27:16.036075 139921981437696 logging_writer.py:48] [131900] global_step=131900, grad_norm=4.682309627532959, loss=0.9816653728485107
I0831 19:27:43.439092 139921973044992 logging_writer.py:48] [132000] global_step=132000, grad_norm=4.694303035736084, loss=1.0098254680633545
I0831 19:28:10.551725 139921981437696 logging_writer.py:48] [132100] global_step=132100, grad_norm=4.763579368591309, loss=0.9284906983375549
I0831 19:28:37.674286 139921973044992 logging_writer.py:48] [132200] global_step=132200, grad_norm=4.891814708709717, loss=1.0097081661224365
I0831 19:29:04.831570 139921981437696 logging_writer.py:48] [132300] global_step=132300, grad_norm=5.05713415145874, loss=1.0623652935028076
I0831 19:29:31.930169 139921973044992 logging_writer.py:48] [132400] global_step=132400, grad_norm=4.963854789733887, loss=0.9778732061386108
I0831 19:29:59.033143 139921981437696 logging_writer.py:48] [132500] global_step=132500, grad_norm=5.015320777893066, loss=0.9533590078353882
I0831 19:30:26.222620 139921973044992 logging_writer.py:48] [132600] global_step=132600, grad_norm=5.158733367919922, loss=0.9580050706863403
I0831 19:30:53.334343 139921981437696 logging_writer.py:48] [132700] global_step=132700, grad_norm=4.869449615478516, loss=0.9974462985992432
I0831 19:31:20.441978 139921973044992 logging_writer.py:48] [132800] global_step=132800, grad_norm=4.914292812347412, loss=0.9936086535453796
I0831 19:31:47.604510 139921981437696 logging_writer.py:48] [132900] global_step=132900, grad_norm=5.020999431610107, loss=1.0403691530227661
I0831 19:32:14.722224 139921973044992 logging_writer.py:48] [133000] global_step=133000, grad_norm=5.026878833770752, loss=1.0304293632507324
I0831 19:32:42.060043 139921981437696 logging_writer.py:48] [133100] global_step=133100, grad_norm=5.031275272369385, loss=0.9774795770645142
I0831 19:33:09.232914 139921973044992 logging_writer.py:48] [133200] global_step=133200, grad_norm=4.7352519035339355, loss=0.9272228479385376
I0831 19:33:36.362954 139921981437696 logging_writer.py:48] [133300] global_step=133300, grad_norm=5.1211748123168945, loss=1.0546679496765137
I0831 19:34:03.479348 139921973044992 logging_writer.py:48] [133400] global_step=133400, grad_norm=5.059954643249512, loss=1.0632152557373047
I0831 19:34:30.636078 139921981437696 logging_writer.py:48] [133500] global_step=133500, grad_norm=4.871829032897949, loss=0.9675968885421753
I0831 19:34:57.782880 139921973044992 logging_writer.py:48] [133600] global_step=133600, grad_norm=4.7295145988464355, loss=0.8519372344017029
I0831 19:35:24.894394 139921981437696 logging_writer.py:48] [133700] global_step=133700, grad_norm=5.232987880706787, loss=1.0175331830978394
I0831 19:35:52.068373 139921973044992 logging_writer.py:48] [133800] global_step=133800, grad_norm=4.597334861755371, loss=0.9407187104225159
I0831 19:36:19.175031 139921981437696 logging_writer.py:48] [133900] global_step=133900, grad_norm=5.184926509857178, loss=1.1002558469772339
I0831 19:36:46.282681 139921973044992 logging_writer.py:48] [134000] global_step=134000, grad_norm=4.896554946899414, loss=1.0148003101348877
I0831 19:37:13.710310 139921981437696 logging_writer.py:48] [134100] global_step=134100, grad_norm=5.078643321990967, loss=1.0784714221954346
I0831 19:37:40.816236 139921973044992 logging_writer.py:48] [134200] global_step=134200, grad_norm=4.943904876708984, loss=0.9443937540054321
I0831 19:38:07.952146 139921981437696 logging_writer.py:48] [134300] global_step=134300, grad_norm=4.791806221008301, loss=0.9844144582748413
I0831 19:38:35.134917 139921973044992 logging_writer.py:48] [134400] global_step=134400, grad_norm=5.0971245765686035, loss=1.0815157890319824
I0831 19:39:02.252962 139921981437696 logging_writer.py:48] [134500] global_step=134500, grad_norm=4.526298522949219, loss=0.906464159488678
I0831 19:39:29.363158 139921973044992 logging_writer.py:48] [134600] global_step=134600, grad_norm=4.744258403778076, loss=0.9701176881790161
I0831 19:39:56.545047 139921981437696 logging_writer.py:48] [134700] global_step=134700, grad_norm=4.755051612854004, loss=0.9071029424667358
I0831 19:40:23.693033 139921973044992 logging_writer.py:48] [134800] global_step=134800, grad_norm=5.067105293273926, loss=1.1246540546417236
I0831 19:40:50.799924 139921981437696 logging_writer.py:48] [134900] global_step=134900, grad_norm=4.553475856781006, loss=0.9228195548057556
I0831 19:41:17.955907 139921973044992 logging_writer.py:48] [135000] global_step=135000, grad_norm=5.556941032409668, loss=1.0210673809051514
I0831 19:41:45.075597 139921981437696 logging_writer.py:48] [135100] global_step=135100, grad_norm=4.87706184387207, loss=0.901208758354187
I0831 19:42:12.382789 139921973044992 logging_writer.py:48] [135200] global_step=135200, grad_norm=4.807921886444092, loss=0.9880447387695312
I0831 19:42:39.576366 139921981437696 logging_writer.py:48] [135300] global_step=135300, grad_norm=4.762678146362305, loss=0.9933232069015503
I0831 19:43:06.679334 139921973044992 logging_writer.py:48] [135400] global_step=135400, grad_norm=5.029171943664551, loss=1.0584275722503662
I0831 19:43:33.777442 139921981437696 logging_writer.py:48] [135500] global_step=135500, grad_norm=4.969114303588867, loss=0.9844081401824951
I0831 19:44:00.961402 139921973044992 logging_writer.py:48] [135600] global_step=135600, grad_norm=4.755460262298584, loss=0.915553092956543
I0831 19:44:28.082743 139921981437696 logging_writer.py:48] [135700] global_step=135700, grad_norm=4.861955165863037, loss=0.9271779656410217
I0831 19:44:55.208088 139921973044992 logging_writer.py:48] [135800] global_step=135800, grad_norm=4.815236568450928, loss=1.028063178062439
I0831 19:45:22.366461 139921981437696 logging_writer.py:48] [135900] global_step=135900, grad_norm=4.966506481170654, loss=1.0628470182418823
I0831 19:45:49.519267 139921973044992 logging_writer.py:48] [136000] global_step=136000, grad_norm=4.62230110168457, loss=0.9347306489944458
I0831 19:46:16.650522 139921981437696 logging_writer.py:48] [136100] global_step=136100, grad_norm=5.026496887207031, loss=0.9974421262741089
I0831 19:46:44.097599 139921973044992 logging_writer.py:48] [136200] global_step=136200, grad_norm=4.483848571777344, loss=0.9009636640548706
I0831 19:47:11.239625 139921981437696 logging_writer.py:48] [136300] global_step=136300, grad_norm=4.840019702911377, loss=0.938897967338562
I0831 19:47:38.340471 139921973044992 logging_writer.py:48] [136400] global_step=136400, grad_norm=5.029755592346191, loss=0.9433825016021729
I0831 19:48:05.498586 139921981437696 logging_writer.py:48] [136500] global_step=136500, grad_norm=5.184850215911865, loss=1.0080307722091675
I0831 19:48:32.599849 139921973044992 logging_writer.py:48] [136600] global_step=136600, grad_norm=5.105036735534668, loss=1.0315423011779785
I0831 19:48:59.683015 139921981437696 logging_writer.py:48] [136700] global_step=136700, grad_norm=5.1069111824035645, loss=0.9624209403991699
I0831 19:49:26.874944 139921973044992 logging_writer.py:48] [136800] global_step=136800, grad_norm=4.740869045257568, loss=0.9307385087013245
I0831 19:49:54.004445 139921981437696 logging_writer.py:48] [136900] global_step=136900, grad_norm=4.946755409240723, loss=0.9665980935096741
I0831 19:50:21.128611 139921973044992 logging_writer.py:48] [137000] global_step=137000, grad_norm=5.140575885772705, loss=0.965390682220459
I0831 19:50:48.343280 139921981437696 logging_writer.py:48] [137100] global_step=137100, grad_norm=4.808712959289551, loss=0.9474648237228394
I0831 19:51:15.446616 139921973044992 logging_writer.py:48] [137200] global_step=137200, grad_norm=4.800200462341309, loss=0.9657973647117615
I0831 19:51:42.785100 139921981437696 logging_writer.py:48] [137300] global_step=137300, grad_norm=4.869572162628174, loss=0.941719114780426
I0831 19:52:09.979587 139921973044992 logging_writer.py:48] [137400] global_step=137400, grad_norm=4.549490928649902, loss=0.9319491982460022
I0831 19:52:37.085034 139921981437696 logging_writer.py:48] [137500] global_step=137500, grad_norm=4.469274520874023, loss=0.8801754117012024
I0831 19:53:04.225728 139921973044992 logging_writer.py:48] [137600] global_step=137600, grad_norm=4.844291687011719, loss=1.0707017183303833
I0831 19:53:31.419691 139921981437696 logging_writer.py:48] [137700] global_step=137700, grad_norm=4.740718841552734, loss=0.867843747138977
I0831 19:53:58.554010 139921973044992 logging_writer.py:48] [137800] global_step=137800, grad_norm=5.038604259490967, loss=1.0009264945983887
I0831 19:54:25.647140 139921981437696 logging_writer.py:48] [137900] global_step=137900, grad_norm=4.915534019470215, loss=1.0007017850875854
I0831 19:54:52.817166 139921973044992 logging_writer.py:48] [138000] global_step=138000, grad_norm=5.0469536781311035, loss=1.0209492444992065
I0831 19:55:19.955843 139921981437696 logging_writer.py:48] [138100] global_step=138100, grad_norm=5.265795707702637, loss=0.9732681512832642
I0831 19:55:47.105166 139921973044992 logging_writer.py:48] [138200] global_step=138200, grad_norm=4.8287034034729, loss=0.9235097169876099
I0831 19:56:14.473296 139921981437696 logging_writer.py:48] [138300] global_step=138300, grad_norm=5.062838077545166, loss=1.054419755935669
I0831 19:56:41.569689 139921973044992 logging_writer.py:48] [138400] global_step=138400, grad_norm=4.922589302062988, loss=1.004551887512207
I0831 19:57:08.704140 139921981437696 logging_writer.py:48] [138500] global_step=138500, grad_norm=4.890969276428223, loss=1.019485592842102
I0831 19:57:35.886921 139921973044992 logging_writer.py:48] [138600] global_step=138600, grad_norm=5.1045989990234375, loss=1.0369521379470825
I0831 19:58:02.982329 139921981437696 logging_writer.py:48] [138700] global_step=138700, grad_norm=5.1607770919799805, loss=1.0477265119552612
I0831 19:58:30.128131 139921973044992 logging_writer.py:48] [138800] global_step=138800, grad_norm=4.7293477058410645, loss=0.9454880952835083
I0831 19:58:37.346294 140117123622080 spec.py:333] Evaluating on the training split.
I0831 19:58:43.922130 140117123622080 spec.py:346] Evaluating on the validation split.
I0831 19:58:54.650277 140117123622080 spec.py:363] Evaluating on the test split.
I0831 19:58:55.538075 140117123622080 submission_runner.py:516] Time since start: 38456.88s, 	Step: 138828, 	{'train/accuracy': Array(0.9412866, dtype=float32), 'train/loss': Array(0.20869601, dtype=float32), 'validation/accuracy': Array(0.75215995, dtype=float32), 'validation/loss': Array(1.0715029, dtype=float32), 'validation/num_examples': 50000, 'test/accuracy': Array(0.6236, dtype=float32), 'test/loss': Array(1.848797, dtype=float32), 'test/num_examples': 10000, 'score': 37976.86044549942, 'total_duration': 38456.877252578735, 'accumulated_submission_time': 37976.86044549942, 'accumulated_eval_time': 477.49180936813354, 'accumulated_logging_time': 1.4586880207061768}
I0831 19:58:55.590774 139921981437696 logging_writer.py:48] [138828] accumulated_eval_time=477.492, accumulated_logging_time=1.45869, accumulated_submission_time=37976.9, global_step=138828, preemption_count=0, score=37976.9, test/accuracy=0.6236000061035156, test/loss=1.8487969636917114, test/num_examples=10000, total_duration=38456.9, train/accuracy=0.9412866234779358, train/loss=0.20869600772857666, validation/accuracy=0.7521599531173706, validation/loss=1.071502923965454, validation/num_examples=50000
I0831 19:59:15.508922 139921973044992 logging_writer.py:48] [138900] global_step=138900, grad_norm=4.8234782218933105, loss=0.8900262713432312
I0831 19:59:42.633192 139921981437696 logging_writer.py:48] [139000] global_step=139000, grad_norm=5.154407978057861, loss=1.0618584156036377
I0831 20:00:09.770620 139921973044992 logging_writer.py:48] [139100] global_step=139100, grad_norm=4.860782146453857, loss=1.000820279121399
I0831 20:00:36.942743 139921981437696 logging_writer.py:48] [139200] global_step=139200, grad_norm=4.904153347015381, loss=0.9543589949607849
I0831 20:01:04.064755 139921973044992 logging_writer.py:48] [139300] global_step=139300, grad_norm=4.804417610168457, loss=0.9436750411987305
I0831 20:01:31.404233 139921981437696 logging_writer.py:48] [139400] global_step=139400, grad_norm=4.730575084686279, loss=0.9402377009391785
I0831 20:01:58.590408 139921973044992 logging_writer.py:48] [139500] global_step=139500, grad_norm=4.640751838684082, loss=0.8534265160560608
I0831 20:02:25.717682 139921981437696 logging_writer.py:48] [139600] global_step=139600, grad_norm=4.636613845825195, loss=0.8963083028793335
I0831 20:02:52.839509 139921973044992 logging_writer.py:48] [139700] global_step=139700, grad_norm=4.8276753425598145, loss=0.9443851113319397
I0831 20:03:20.010599 139921981437696 logging_writer.py:48] [139800] global_step=139800, grad_norm=4.82011079788208, loss=0.9489043354988098
I0831 20:03:47.125815 139921973044992 logging_writer.py:48] [139900] global_step=139900, grad_norm=4.797784328460693, loss=0.9197148680686951
I0831 20:04:14.228624 139921981437696 logging_writer.py:48] [140000] global_step=140000, grad_norm=4.893239498138428, loss=0.9636574983596802
I0831 20:04:41.391919 139921973044992 logging_writer.py:48] [140100] global_step=140100, grad_norm=4.616306781768799, loss=0.967037558555603
I0831 20:05:08.501805 139921981437696 logging_writer.py:48] [140200] global_step=140200, grad_norm=5.336060523986816, loss=1.0877015590667725
I0831 20:05:35.615040 139921973044992 logging_writer.py:48] [140300] global_step=140300, grad_norm=5.1626200675964355, loss=1.0028671026229858
I0831 20:06:02.797121 139921981437696 logging_writer.py:48] [140400] global_step=140400, grad_norm=4.831572532653809, loss=1.0165404081344604
I0831 20:06:30.134616 139921973044992 logging_writer.py:48] [140500] global_step=140500, grad_norm=5.160471439361572, loss=0.9574214816093445
I0831 20:06:57.250758 139921981437696 logging_writer.py:48] [140600] global_step=140600, grad_norm=5.002828121185303, loss=0.9509700536727905
I0831 20:07:24.407297 139921973044992 logging_writer.py:48] [140700] global_step=140700, grad_norm=5.242112636566162, loss=1.0406849384307861
I0831 20:07:51.517349 139921981437696 logging_writer.py:48] [140800] global_step=140800, grad_norm=4.744933128356934, loss=0.9733247756958008
I0831 20:08:18.636330 139921973044992 logging_writer.py:48] [140900] global_step=140900, grad_norm=5.228756904602051, loss=0.9783738255500793
I0831 20:08:45.811425 139921981437696 logging_writer.py:48] [141000] global_step=141000, grad_norm=5.19848108291626, loss=1.0371670722961426
I0831 20:09:12.936215 139921973044992 logging_writer.py:48] [141100] global_step=141100, grad_norm=4.850997447967529, loss=1.011049509048462
I0831 20:09:40.088277 139921981437696 logging_writer.py:48] [141200] global_step=141200, grad_norm=4.384255886077881, loss=0.899743914604187
I0831 20:10:07.275839 139921973044992 logging_writer.py:48] [141300] global_step=141300, grad_norm=4.955875873565674, loss=0.9624778032302856
I0831 20:10:34.419960 139921981437696 logging_writer.py:48] [141400] global_step=141400, grad_norm=5.027757167816162, loss=1.053900122642517
I0831 20:11:01.761796 139921973044992 logging_writer.py:48] [141500] global_step=141500, grad_norm=4.928769588470459, loss=0.9593989849090576
I0831 20:11:28.934743 139921981437696 logging_writer.py:48] [141600] global_step=141600, grad_norm=5.581726551055908, loss=1.0072463750839233
I0831 20:11:56.062657 139921973044992 logging_writer.py:48] [141700] global_step=141700, grad_norm=4.846467018127441, loss=0.9202703237533569
I0831 20:12:23.185478 139921981437696 logging_writer.py:48] [141800] global_step=141800, grad_norm=5.165030002593994, loss=0.9703384637832642
I0831 20:12:50.361176 139921973044992 logging_writer.py:48] [141900] global_step=141900, grad_norm=4.560389041900635, loss=0.942169725894928
I0831 20:13:17.487421 139921981437696 logging_writer.py:48] [142000] global_step=142000, grad_norm=5.1072516441345215, loss=0.9940844774246216
I0831 20:13:44.612477 139921973044992 logging_writer.py:48] [142100] global_step=142100, grad_norm=4.906510353088379, loss=1.015462875366211
I0831 20:14:11.799412 139921981437696 logging_writer.py:48] [142200] global_step=142200, grad_norm=4.926085472106934, loss=0.942711591720581
I0831 20:14:38.938037 139921973044992 logging_writer.py:48] [142300] global_step=142300, grad_norm=4.589766979217529, loss=1.0212045907974243
I0831 20:15:06.052488 139921981437696 logging_writer.py:48] [142400] global_step=142400, grad_norm=4.971861362457275, loss=0.9675861597061157
I0831 20:15:33.226535 139921973044992 logging_writer.py:48] [142500] global_step=142500, grad_norm=4.831449508666992, loss=0.9861917495727539
I0831 20:16:00.579202 139921981437696 logging_writer.py:48] [142600] global_step=142600, grad_norm=5.186265468597412, loss=0.9584445953369141
I0831 20:16:27.681445 139921973044992 logging_writer.py:48] [142700] global_step=142700, grad_norm=4.917385578155518, loss=0.9690772294998169
I0831 20:16:54.864398 139921981437696 logging_writer.py:48] [142800] global_step=142800, grad_norm=5.349570274353027, loss=1.074756383895874
I0831 20:17:22.032712 139921973044992 logging_writer.py:48] [142900] global_step=142900, grad_norm=4.921330451965332, loss=1.0449920892715454
I0831 20:17:49.152278 139921981437696 logging_writer.py:48] [143000] global_step=143000, grad_norm=4.9669342041015625, loss=0.9152712821960449
I0831 20:18:16.325883 139921973044992 logging_writer.py:48] [143100] global_step=143100, grad_norm=4.546168804168701, loss=0.8652523756027222
I0831 20:18:43.467555 139921981437696 logging_writer.py:48] [143200] global_step=143200, grad_norm=5.047435283660889, loss=1.0079898834228516
I0831 20:19:10.566601 139921973044992 logging_writer.py:48] [143300] global_step=143300, grad_norm=4.836946964263916, loss=0.9640302658081055
I0831 20:19:37.755253 139921981437696 logging_writer.py:48] [143400] global_step=143400, grad_norm=4.63958215713501, loss=0.9641320705413818
I0831 20:20:04.897696 139921973044992 logging_writer.py:48] [143500] global_step=143500, grad_norm=4.659805774688721, loss=0.8832091093063354
I0831 20:20:32.005401 139921981437696 logging_writer.py:48] [143600] global_step=143600, grad_norm=4.766984462738037, loss=1.0243116617202759
I0831 20:20:59.407385 139921973044992 logging_writer.py:48] [143700] global_step=143700, grad_norm=4.656814098358154, loss=1.0206990242004395
I0831 20:21:26.529431 139921981437696 logging_writer.py:48] [143800] global_step=143800, grad_norm=4.874742031097412, loss=0.9548232555389404
I0831 20:21:53.649078 139921973044992 logging_writer.py:48] [143900] global_step=143900, grad_norm=4.959917068481445, loss=0.9766672849655151
I0831 20:22:20.805253 139921981437696 logging_writer.py:48] [144000] global_step=144000, grad_norm=4.921894550323486, loss=0.9540019035339355
I0831 20:22:47.911975 139921973044992 logging_writer.py:48] [144100] global_step=144100, grad_norm=5.424224376678467, loss=1.0936082601547241
I0831 20:23:15.028042 139921981437696 logging_writer.py:48] [144200] global_step=144200, grad_norm=4.770810127258301, loss=0.937522292137146
I0831 20:23:42.214372 139921973044992 logging_writer.py:48] [144300] global_step=144300, grad_norm=4.941946506500244, loss=0.9944703578948975
I0831 20:24:09.308711 139921981437696 logging_writer.py:48] [144400] global_step=144400, grad_norm=4.950103282928467, loss=0.9230032563209534
I0831 20:24:36.420889 139921973044992 logging_writer.py:48] [144500] global_step=144500, grad_norm=4.603263854980469, loss=0.9546459317207336
I0831 20:25:03.597250 139921981437696 logging_writer.py:48] [144600] global_step=144600, grad_norm=4.835550308227539, loss=1.0063673257827759
I0831 20:25:30.930794 139921973044992 logging_writer.py:48] [144700] global_step=144700, grad_norm=5.041654586791992, loss=0.97824627161026
I0831 20:25:58.053539 139921981437696 logging_writer.py:48] [144800] global_step=144800, grad_norm=4.740554332733154, loss=0.9348577857017517
I0831 20:26:25.245770 139921973044992 logging_writer.py:48] [144900] global_step=144900, grad_norm=4.888357162475586, loss=0.9911390542984009
I0831 20:26:52.356118 139921981437696 logging_writer.py:48] [145000] global_step=145000, grad_norm=4.8480682373046875, loss=1.0248340368270874
I0831 20:27:19.477410 139921973044992 logging_writer.py:48] [145100] global_step=145100, grad_norm=4.893320083618164, loss=1.0364820957183838
I0831 20:27:46.649146 139921981437696 logging_writer.py:48] [145200] global_step=145200, grad_norm=4.831686496734619, loss=0.8924084901809692
I0831 20:28:13.746164 139921973044992 logging_writer.py:48] [145300] global_step=145300, grad_norm=4.896422863006592, loss=0.9264111518859863
I0831 20:28:40.852030 139921981437696 logging_writer.py:48] [145400] global_step=145400, grad_norm=5.085190773010254, loss=0.9875624179840088
I0831 20:29:08.012637 139921973044992 logging_writer.py:48] [145500] global_step=145500, grad_norm=4.982946872711182, loss=1.0134501457214355
I0831 20:29:35.115311 139921981437696 logging_writer.py:48] [145600] global_step=145600, grad_norm=4.838016510009766, loss=0.8934617638587952
I0831 20:30:02.261304 139921973044992 logging_writer.py:48] [145700] global_step=145700, grad_norm=5.111640930175781, loss=0.9829938411712646
I0831 20:30:29.647353 139921981437696 logging_writer.py:48] [145800] global_step=145800, grad_norm=4.872716426849365, loss=0.9983541965484619
I0831 20:30:56.744948 139921973044992 logging_writer.py:48] [145900] global_step=145900, grad_norm=5.316831111907959, loss=1.0415749549865723
I0831 20:31:23.872508 139921981437696 logging_writer.py:48] [146000] global_step=146000, grad_norm=4.864204406738281, loss=0.9499776363372803
I0831 20:31:51.057854 139921973044992 logging_writer.py:48] [146100] global_step=146100, grad_norm=4.590548038482666, loss=0.8766248226165771
I0831 20:32:11.774658 140117123622080 spec.py:333] Evaluating on the training split.
I0831 20:32:18.350536 140117123622080 spec.py:346] Evaluating on the validation split.
I0831 20:32:29.403313 140117123622080 spec.py:363] Evaluating on the test split.
I0831 20:32:30.303316 140117123622080 submission_runner.py:516] Time since start: 40471.64s, 	Step: 146178, 	{'train/accuracy': Array(0.94202405, dtype=float32), 'train/loss': Array(0.20745388, dtype=float32), 'validation/accuracy': Array(0.75236, dtype=float32), 'validation/loss': Array(1.0740654, dtype=float32), 'validation/num_examples': 50000, 'test/accuracy': Array(0.62520003, dtype=float32), 'test/loss': Array(1.8540839, dtype=float32), 'test/num_examples': 10000, 'score': 39972.98211836815, 'total_duration': 40471.640963315964, 'accumulated_submission_time': 39972.98211836815, 'accumulated_eval_time': 496.0162832736969, 'accumulated_logging_time': 1.5198278427124023}
I0831 20:32:30.367457 139921981437696 logging_writer.py:48] [146178] accumulated_eval_time=496.016, accumulated_logging_time=1.51983, accumulated_submission_time=39973, global_step=146178, preemption_count=0, score=39973, test/accuracy=0.6252000331878662, test/loss=1.8540838956832886, test/num_examples=10000, total_duration=40471.6, train/accuracy=0.9420240521430969, train/loss=0.2074538767337799, validation/accuracy=0.7523599863052368, validation/loss=1.0740654468536377, validation/num_examples=50000
I0831 20:32:36.773552 139921973044992 logging_writer.py:48] [146200] global_step=146200, grad_norm=4.696983337402344, loss=0.9203152656555176
I0831 20:33:03.824853 139921981437696 logging_writer.py:48] [146300] global_step=146300, grad_norm=4.8906402587890625, loss=1.0387858152389526
I0831 20:33:30.982028 139921973044992 logging_writer.py:48] [146400] global_step=146400, grad_norm=5.150010108947754, loss=1.0185277462005615
I0831 20:33:58.085627 139921981437696 logging_writer.py:48] [146500] global_step=146500, grad_norm=4.773468494415283, loss=0.9522666335105896
I0831 20:34:25.218222 139921973044992 logging_writer.py:48] [146600] global_step=146600, grad_norm=4.710721969604492, loss=0.985275149345398
I0831 20:34:52.393690 139921981437696 logging_writer.py:48] [146700] global_step=146700, grad_norm=4.9756879806518555, loss=0.9200530648231506
I0831 20:35:19.714695 139921973044992 logging_writer.py:48] [146800] global_step=146800, grad_norm=5.028190612792969, loss=1.0484095811843872
I0831 20:35:46.853527 139921981437696 logging_writer.py:48] [146900] global_step=146900, grad_norm=5.036390781402588, loss=0.9611273407936096
I0831 20:36:14.034417 139921973044992 logging_writer.py:48] [147000] global_step=147000, grad_norm=5.154229640960693, loss=1.073697566986084
I0831 20:36:41.184140 139921981437696 logging_writer.py:48] [147100] global_step=147100, grad_norm=4.88695764541626, loss=0.9591866135597229
I0831 20:37:08.312152 139921973044992 logging_writer.py:48] [147200] global_step=147200, grad_norm=5.267993927001953, loss=0.9773340225219727
I0831 20:37:35.490525 139921981437696 logging_writer.py:48] [147300] global_step=147300, grad_norm=4.931237697601318, loss=1.0043814182281494
I0831 20:38:02.606342 139921973044992 logging_writer.py:48] [147400] global_step=147400, grad_norm=5.1140217781066895, loss=0.9818305969238281
I0831 20:38:29.735273 139921981437696 logging_writer.py:48] [147500] global_step=147500, grad_norm=4.740119457244873, loss=0.940901517868042
I0831 20:38:56.893726 139921973044992 logging_writer.py:48] [147600] global_step=147600, grad_norm=4.819140434265137, loss=0.9516279697418213
I0831 20:39:24.006998 139921981437696 logging_writer.py:48] [147700] global_step=147700, grad_norm=4.692424774169922, loss=0.9667174220085144
I0831 20:39:51.124324 139921973044992 logging_writer.py:48] [147800] global_step=147800, grad_norm=4.842016220092773, loss=0.9538466930389404
I0831 20:40:18.473081 139921981437696 logging_writer.py:48] [147900] global_step=147900, grad_norm=5.224215507507324, loss=1.04990553855896
I0831 20:40:45.574705 139921973044992 logging_writer.py:48] [148000] global_step=148000, grad_norm=5.002373695373535, loss=1.0649664402008057
I0831 20:41:12.693593 139921981437696 logging_writer.py:48] [148100] global_step=148100, grad_norm=4.8628644943237305, loss=0.9025545120239258
I0831 20:41:39.859765 139921973044992 logging_writer.py:48] [148200] global_step=148200, grad_norm=4.849637508392334, loss=0.9863833785057068
I0831 20:42:06.973795 139921981437696 logging_writer.py:48] [148300] global_step=148300, grad_norm=5.189327716827393, loss=1.01067316532135
I0831 20:42:34.101449 139921973044992 logging_writer.py:48] [148400] global_step=148400, grad_norm=4.7538347244262695, loss=0.9074214100837708
I0831 20:43:01.279737 139921981437696 logging_writer.py:48] [148500] global_step=148500, grad_norm=5.022421836853027, loss=0.8979357481002808
I0831 20:43:28.386916 139921973044992 logging_writer.py:48] [148600] global_step=148600, grad_norm=5.051462173461914, loss=0.9741716980934143
I0831 20:43:55.511293 139921981437696 logging_writer.py:48] [148700] global_step=148700, grad_norm=4.870255947113037, loss=0.9767467379570007
I0831 20:44:22.708320 139921973044992 logging_writer.py:48] [148800] global_step=148800, grad_norm=4.671577453613281, loss=0.9314350485801697
I0831 20:44:50.046501 139921981437696 logging_writer.py:48] [148900] global_step=148900, grad_norm=5.204407215118408, loss=1.0205132961273193
I0831 20:45:17.152336 139921973044992 logging_writer.py:48] [149000] global_step=149000, grad_norm=5.015869617462158, loss=0.9394778609275818
I0831 20:45:44.328975 139921981437696 logging_writer.py:48] [149100] global_step=149100, grad_norm=4.957120418548584, loss=0.9935173988342285
I0831 20:46:11.438475 139921973044992 logging_writer.py:48] [149200] global_step=149200, grad_norm=4.940171718597412, loss=0.9533122777938843
I0831 20:46:38.543114 139921981437696 logging_writer.py:48] [149300] global_step=149300, grad_norm=4.6103410720825195, loss=0.9639682769775391
I0831 20:47:05.703466 139921973044992 logging_writer.py:48] [149400] global_step=149400, grad_norm=5.163661479949951, loss=1.069517970085144
I0831 20:47:32.847211 139921981437696 logging_writer.py:48] [149500] global_step=149500, grad_norm=4.9699482917785645, loss=0.9375074505805969
I0831 20:47:59.974213 139921973044992 logging_writer.py:48] [149600] global_step=149600, grad_norm=4.9002366065979, loss=1.0006431341171265
I0831 20:48:27.144949 139921981437696 logging_writer.py:48] [149700] global_step=149700, grad_norm=4.9004998207092285, loss=0.9163181781768799
I0831 20:48:54.240715 139921973044992 logging_writer.py:48] [149800] global_step=149800, grad_norm=4.796760082244873, loss=1.046330213546753
I0831 20:49:21.355562 139921981437696 logging_writer.py:48] [149900] global_step=149900, grad_norm=4.8776774406433105, loss=0.9906493425369263
I0831 20:49:48.772783 139921973044992 logging_writer.py:48] [150000] global_step=150000, grad_norm=4.853640556335449, loss=0.941401481628418
I0831 20:50:15.891414 139921981437696 logging_writer.py:48] [150100] global_step=150100, grad_norm=4.88116979598999, loss=0.928198516368866
I0831 20:50:43.019940 139921973044992 logging_writer.py:48] [150200] global_step=150200, grad_norm=5.326756000518799, loss=1.0813928842544556
I0831 20:51:10.220665 139921981437696 logging_writer.py:48] [150300] global_step=150300, grad_norm=5.198439121246338, loss=1.0039770603179932
I0831 20:51:37.350282 139921973044992 logging_writer.py:48] [150400] global_step=150400, grad_norm=5.161378383636475, loss=1.040886640548706
I0831 20:52:04.482465 139921981437696 logging_writer.py:48] [150500] global_step=150500, grad_norm=5.211165428161621, loss=0.953351616859436
I0831 20:52:31.676439 139921973044992 logging_writer.py:48] [150600] global_step=150600, grad_norm=4.999195098876953, loss=1.008204460144043
I0831 20:52:58.781216 139921981437696 logging_writer.py:48] [150700] global_step=150700, grad_norm=5.1620049476623535, loss=0.968291163444519
I0831 20:53:25.916902 139921973044992 logging_writer.py:48] [150800] global_step=150800, grad_norm=4.895872116088867, loss=0.9047017097473145
I0831 20:53:53.103719 139921981437696 logging_writer.py:48] [150900] global_step=150900, grad_norm=4.975243091583252, loss=1.0069422721862793
I0831 20:54:20.467739 139921973044992 logging_writer.py:48] [151000] global_step=151000, grad_norm=5.294717311859131, loss=1.0717651844024658
I0831 20:54:47.607386 139921981437696 logging_writer.py:48] [151100] global_step=151100, grad_norm=4.959570407867432, loss=0.9760462641716003
I0831 20:55:14.798783 139921973044992 logging_writer.py:48] [151200] global_step=151200, grad_norm=4.945578098297119, loss=0.9806424379348755
I0831 20:55:41.936227 139921981437696 logging_writer.py:48] [151300] global_step=151300, grad_norm=5.226492404937744, loss=0.9860178232192993
I0831 20:56:09.038343 139921973044992 logging_writer.py:48] [151400] global_step=151400, grad_norm=4.705639839172363, loss=0.8996001482009888
I0831 20:56:36.198491 139921981437696 logging_writer.py:48] [151500] global_step=151500, grad_norm=5.014384746551514, loss=0.9587138295173645
I0831 20:57:03.325675 139921973044992 logging_writer.py:48] [151600] global_step=151600, grad_norm=5.4270429611206055, loss=0.888384997844696
I0831 20:57:30.439578 139921981437696 logging_writer.py:48] [151700] global_step=151700, grad_norm=4.7115325927734375, loss=0.8674713373184204
I0831 20:57:57.610048 139921973044992 logging_writer.py:48] [151800] global_step=151800, grad_norm=4.94057559967041, loss=1.007075309753418
I0831 20:58:24.703542 139921981437696 logging_writer.py:48] [151900] global_step=151900, grad_norm=4.5315704345703125, loss=0.8552232384681702
I0831 20:58:51.813860 139921973044992 logging_writer.py:48] [152000] global_step=152000, grad_norm=4.99876594543457, loss=0.99898761510849
I0831 20:59:19.213793 139921981437696 logging_writer.py:48] [152100] global_step=152100, grad_norm=4.990969657897949, loss=0.9361461400985718
I0831 20:59:46.315607 139921973044992 logging_writer.py:48] [152200] global_step=152200, grad_norm=4.840461254119873, loss=0.962776243686676
I0831 21:00:13.412754 139921981437696 logging_writer.py:48] [152300] global_step=152300, grad_norm=5.073439121246338, loss=0.9943138957023621
I0831 21:00:40.589858 139921973044992 logging_writer.py:48] [152400] global_step=152400, grad_norm=5.18810510635376, loss=0.9988728165626526
I0831 21:01:07.716291 139921981437696 logging_writer.py:48] [152500] global_step=152500, grad_norm=4.687082290649414, loss=0.9415919184684753
I0831 21:01:34.812962 139921973044992 logging_writer.py:48] [152600] global_step=152600, grad_norm=4.698451995849609, loss=0.8820456862449646
I0831 21:02:02.004604 139921981437696 logging_writer.py:48] [152700] global_step=152700, grad_norm=4.995190143585205, loss=0.9909572601318359
I0831 21:02:29.143144 139921973044992 logging_writer.py:48] [152800] global_step=152800, grad_norm=5.163959503173828, loss=1.018420934677124
I0831 21:02:56.285755 139921981437696 logging_writer.py:48] [152900] global_step=152900, grad_norm=4.865706443786621, loss=1.025252103805542
I0831 21:03:23.495778 139921973044992 logging_writer.py:48] [153000] global_step=153000, grad_norm=5.1189374923706055, loss=1.0230038166046143
I0831 21:03:50.610406 139921981437696 logging_writer.py:48] [153100] global_step=153100, grad_norm=4.9897332191467285, loss=0.9786919355392456
I0831 21:04:17.942695 139921973044992 logging_writer.py:48] [153200] global_step=153200, grad_norm=4.974562644958496, loss=1.0017662048339844
I0831 21:04:45.111339 139921981437696 logging_writer.py:48] [153300] global_step=153300, grad_norm=4.857293605804443, loss=0.9766420125961304
I0831 21:05:12.215687 139921973044992 logging_writer.py:48] [153400] global_step=153400, grad_norm=5.221899509429932, loss=0.9248753190040588
I0831 21:05:39.325645 139921981437696 logging_writer.py:48] [153500] global_step=153500, grad_norm=4.836357116699219, loss=0.9237293004989624
I0831 21:05:46.305129 140117123622080 spec.py:333] Evaluating on the training split.
I0831 21:05:53.011794 140117123622080 spec.py:346] Evaluating on the validation split.
I0831 21:06:11.170295 140117123622080 spec.py:363] Evaluating on the test split.
I0831 21:06:12.053911 140117123622080 submission_runner.py:516] Time since start: 42493.39s, 	Step: 153527, 	{'train/accuracy': Array(0.9441366, dtype=float32), 'train/loss': Array(0.19585101, dtype=float32), 'validation/accuracy': Array(0.75236, dtype=float32), 'validation/loss': Array(1.0734808, dtype=float32), 'validation/num_examples': 50000, 'test/accuracy': Array(0.62710005, dtype=float32), 'test/loss': Array(1.8547612, dtype=float32), 'test/num_examples': 10000, 'score': 41968.85789465904, 'total_duration': 42493.38979125023, 'accumulated_submission_time': 41968.85789465904, 'accumulated_eval_time': 521.7591128349304, 'accumulated_logging_time': 1.5930283069610596}
I0831 21:06:12.121558 139921973044992 logging_writer.py:48] [153527] accumulated_eval_time=521.759, accumulated_logging_time=1.59303, accumulated_submission_time=41968.9, global_step=153527, preemption_count=0, score=41968.9, test/accuracy=0.6271000504493713, test/loss=1.8547612428665161, test/num_examples=10000, total_duration=42493.4, train/accuracy=0.9441366195678711, train/loss=0.19585101306438446, validation/accuracy=0.7523599863052368, validation/loss=1.0734808444976807, validation/num_examples=50000
I0831 21:06:33.298580 139921981437696 logging_writer.py:48] [153600] global_step=153600, grad_norm=5.034160614013672, loss=0.9882874488830566
I0831 21:07:00.386076 139921973044992 logging_writer.py:48] [153700] global_step=153700, grad_norm=5.231109619140625, loss=0.971718430519104
I0831 21:07:27.500596 139921981437696 logging_writer.py:48] [153800] global_step=153800, grad_norm=4.946824073791504, loss=1.0024484395980835
I0831 21:07:54.676630 139921973044992 logging_writer.py:48] [153900] global_step=153900, grad_norm=4.8576273918151855, loss=0.9792189002037048
I0831 21:08:21.796542 139921981437696 logging_writer.py:48] [154000] global_step=154000, grad_norm=4.861319065093994, loss=0.9175753593444824
I0831 21:08:48.900004 139921973044992 logging_writer.py:48] [154100] global_step=154100, grad_norm=4.79464864730835, loss=0.9444677829742432
I0831 21:09:16.309222 139921981437696 logging_writer.py:48] [154200] global_step=154200, grad_norm=5.088736534118652, loss=1.0336530208587646
I0831 21:09:43.413495 139921973044992 logging_writer.py:48] [154300] global_step=154300, grad_norm=4.904961109161377, loss=0.9074363708496094
I0831 21:10:28.759262 139921981437696 logging_writer.py:48] [154400] global_step=154400, grad_norm=5.118888854980469, loss=0.9921061992645264
I0831 21:11:08.410100 139921973044992 logging_writer.py:48] [154500] global_step=154500, grad_norm=5.148547172546387, loss=1.0392872095108032
I0831 21:11:35.500721 139921981437696 logging_writer.py:48] [154600] global_step=154600, grad_norm=5.398830413818359, loss=1.0125504732131958
I0831 21:12:02.595202 139921973044992 logging_writer.py:48] [154700] global_step=154700, grad_norm=4.869438648223877, loss=0.9486622214317322
I0831 21:12:29.806463 139921981437696 logging_writer.py:48] [154800] global_step=154800, grad_norm=5.235264778137207, loss=1.0351850986480713
I0831 21:12:56.934554 139921973044992 logging_writer.py:48] [154900] global_step=154900, grad_norm=5.062743186950684, loss=0.9841554760932922
I0831 21:13:24.093162 139921981437696 logging_writer.py:48] [155000] global_step=155000, grad_norm=4.78076696395874, loss=0.9402490854263306
I0831 21:13:51.285740 139921973044992 logging_writer.py:48] [155100] global_step=155100, grad_norm=4.757939338684082, loss=0.9149352312088013
I0831 21:14:18.402607 139921981437696 logging_writer.py:48] [155200] global_step=155200, grad_norm=4.800047874450684, loss=0.9138137102127075
I0831 21:14:45.720505 139921973044992 logging_writer.py:48] [155300] global_step=155300, grad_norm=4.852859020233154, loss=0.9038362503051758
I0831 21:15:12.913699 139921981437696 logging_writer.py:48] [155400] global_step=155400, grad_norm=4.932057857513428, loss=0.8957065343856812
I0831 21:15:40.011597 139921973044992 logging_writer.py:48] [155500] global_step=155500, grad_norm=4.969590187072754, loss=0.9624759554862976
I0831 21:16:07.130204 139921981437696 logging_writer.py:48] [155600] global_step=155600, grad_norm=5.094176769256592, loss=0.988711416721344
I0831 21:16:34.298892 139921973044992 logging_writer.py:48] [155700] global_step=155700, grad_norm=5.019676208496094, loss=0.9568638801574707
I0831 21:17:01.447249 139921981437696 logging_writer.py:48] [155800] global_step=155800, grad_norm=5.048218250274658, loss=1.0014100074768066
I0831 21:17:28.579588 139921973044992 logging_writer.py:48] [155900] global_step=155900, grad_norm=4.878860950469971, loss=0.9643958806991577
I0831 21:17:55.765517 139921981437696 logging_writer.py:48] [156000] global_step=156000, grad_norm=4.584903717041016, loss=0.8995145559310913
I0831 21:18:22.898393 139921973044992 logging_writer.py:48] [156100] global_step=156100, grad_norm=5.039022922515869, loss=0.9491670727729797
I0831 21:18:50.007716 139921981437696 logging_writer.py:48] [156200] global_step=156200, grad_norm=4.481903076171875, loss=0.8540570735931396
I0831 21:19:17.393329 139921973044992 logging_writer.py:48] [156300] global_step=156300, grad_norm=5.051877975463867, loss=0.9942675232887268
I0831 21:19:44.521752 139921981437696 logging_writer.py:48] [156400] global_step=156400, grad_norm=4.96096658706665, loss=0.9692563414573669
I0831 21:20:11.655639 139921973044992 logging_writer.py:48] [156500] global_step=156500, grad_norm=5.165560722351074, loss=1.0188591480255127
I0831 21:20:38.859828 139921981437696 logging_writer.py:48] [156600] global_step=156600, grad_norm=4.84659481048584, loss=0.8869377374649048
I0831 21:21:05.958062 139921973044992 logging_writer.py:48] [156700] global_step=156700, grad_norm=5.205613136291504, loss=1.0169597864151
I0831 21:21:33.067887 139921981437696 logging_writer.py:48] [156800] global_step=156800, grad_norm=5.096639633178711, loss=0.9939370155334473
I0831 21:22:00.254528 139921973044992 logging_writer.py:48] [156900] global_step=156900, grad_norm=5.016160488128662, loss=0.9745461940765381
I0831 21:22:27.334901 139921981437696 logging_writer.py:48] [157000] global_step=157000, grad_norm=4.833003044128418, loss=0.9389170408248901
I0831 21:22:54.476541 139921973044992 logging_writer.py:48] [157100] global_step=157100, grad_norm=5.043243885040283, loss=0.9259165525436401
I0831 21:23:21.642843 139921981437696 logging_writer.py:48] [157200] global_step=157200, grad_norm=4.843945503234863, loss=0.903425931930542
I0831 21:23:48.754005 139921973044992 logging_writer.py:48] [157300] global_step=157300, grad_norm=5.170466899871826, loss=0.9466366767883301
I0831 21:24:16.067406 139921981437696 logging_writer.py:48] [157400] global_step=157400, grad_norm=4.860477447509766, loss=1.0301798582077026
I0831 21:24:43.241278 139921973044992 logging_writer.py:48] [157500] global_step=157500, grad_norm=4.928747177124023, loss=0.9555376768112183
I0831 21:25:10.339690 139921981437696 logging_writer.py:48] [157600] global_step=157600, grad_norm=4.862509250640869, loss=0.929280161857605
I0831 21:25:37.461072 139921973044992 logging_writer.py:48] [157700] global_step=157700, grad_norm=5.06353235244751, loss=0.9759159088134766
I0831 21:26:04.639404 139921981437696 logging_writer.py:48] [157800] global_step=157800, grad_norm=5.426384449005127, loss=1.0437651872634888
I0831 21:26:31.740968 139921973044992 logging_writer.py:48] [157900] global_step=157900, grad_norm=4.889151573181152, loss=0.9819507598876953
I0831 21:26:58.845971 139921981437696 logging_writer.py:48] [158000] global_step=158000, grad_norm=5.146424770355225, loss=0.9344742298126221
I0831 21:27:26.020149 139921973044992 logging_writer.py:48] [158100] global_step=158100, grad_norm=4.619809150695801, loss=0.8914041519165039
I0831 21:27:53.141311 139921981437696 logging_writer.py:48] [158200] global_step=158200, grad_norm=4.658225059509277, loss=0.8950545191764832
I0831 21:28:20.261678 139921973044992 logging_writer.py:48] [158300] global_step=158300, grad_norm=4.793298244476318, loss=0.919258713722229
I0831 21:28:47.663483 139921981437696 logging_writer.py:48] [158400] global_step=158400, grad_norm=5.122467517852783, loss=1.041104793548584
I0831 21:29:14.774887 139921973044992 logging_writer.py:48] [158500] global_step=158500, grad_norm=5.153772354125977, loss=0.9115997552871704
I0831 21:29:41.879817 139921981437696 logging_writer.py:48] [158600] global_step=158600, grad_norm=5.215651035308838, loss=0.9954379200935364
I0831 21:30:09.053952 139921973044992 logging_writer.py:48] [158700] global_step=158700, grad_norm=5.008596420288086, loss=1.0144150257110596
I0831 21:30:36.155250 139921981437696 logging_writer.py:48] [158800] global_step=158800, grad_norm=4.744813919067383, loss=0.8769266605377197
I0831 21:31:03.244291 139921973044992 logging_writer.py:48] [158900] global_step=158900, grad_norm=4.899735450744629, loss=0.8875149488449097
I0831 21:31:30.408761 139921981437696 logging_writer.py:48] [159000] global_step=159000, grad_norm=4.964328289031982, loss=0.9556666016578674
I0831 21:31:57.536421 139921973044992 logging_writer.py:48] [159100] global_step=159100, grad_norm=4.980753421783447, loss=1.04117751121521
I0831 21:32:24.646649 139921981437696 logging_writer.py:48] [159200] global_step=159200, grad_norm=5.03514289855957, loss=1.0239049196243286
I0831 21:32:51.993651 139921973044992 logging_writer.py:48] [159300] global_step=159300, grad_norm=5.203268051147461, loss=0.9854373335838318
I0831 21:33:19.085396 139921981437696 logging_writer.py:48] [159400] global_step=159400, grad_norm=5.023107528686523, loss=0.890872597694397
I0831 21:33:46.390279 139921973044992 logging_writer.py:48] [159500] global_step=159500, grad_norm=4.850172519683838, loss=0.9252333045005798
I0831 21:34:13.598324 139921981437696 logging_writer.py:48] [159600] global_step=159600, grad_norm=4.773884296417236, loss=0.9374220967292786
I0831 21:34:40.703186 139921973044992 logging_writer.py:48] [159700] global_step=159700, grad_norm=5.113864898681641, loss=1.0642116069793701
I0831 21:35:07.848459 139921981437696 logging_writer.py:48] [159800] global_step=159800, grad_norm=5.125539302825928, loss=1.0054385662078857
I0831 21:35:35.007029 139921973044992 logging_writer.py:48] [159900] global_step=159900, grad_norm=4.812593460083008, loss=0.9136924147605896
I0831 21:36:02.156879 139921981437696 logging_writer.py:48] [160000] global_step=160000, grad_norm=4.953841209411621, loss=0.9339091777801514
I0831 21:36:29.313459 139921973044992 logging_writer.py:48] [160100] global_step=160100, grad_norm=4.8145527839660645, loss=0.8957515358924866
I0831 21:36:56.490889 139921981437696 logging_writer.py:48] [160200] global_step=160200, grad_norm=5.234736919403076, loss=0.9969123005867004
I0831 21:37:23.605755 139921973044992 logging_writer.py:48] [160300] global_step=160300, grad_norm=4.963168621063232, loss=0.9264186024665833
I0831 21:37:50.760081 139921981437696 logging_writer.py:48] [160400] global_step=160400, grad_norm=4.898416042327881, loss=0.9302302598953247
I0831 21:38:18.184638 139921973044992 logging_writer.py:48] [160500] global_step=160500, grad_norm=4.952752590179443, loss=0.9232945442199707
I0831 21:38:45.320846 139921981437696 logging_writer.py:48] [160600] global_step=160600, grad_norm=4.999945163726807, loss=0.9090070724487305
I0831 21:39:12.424799 139921973044992 logging_writer.py:48] [160700] global_step=160700, grad_norm=4.993600845336914, loss=1.006201982498169
I0831 21:39:28.068223 140117123622080 spec.py:333] Evaluating on the training split.
I0831 21:39:34.835332 140117123622080 spec.py:346] Evaluating on the validation split.
I0831 21:39:46.721556 140117123622080 spec.py:363] Evaluating on the test split.
I0831 21:39:47.608752 140117123622080 submission_runner.py:516] Time since start: 44508.95s, 	Step: 160759, 	{'train/accuracy': Array(0.9484614, dtype=float32), 'train/loss': Array(0.18218228, dtype=float32), 'validation/accuracy': Array(0.75246, dtype=float32), 'validation/loss': Array(1.0760537, dtype=float32), 'validation/num_examples': 50000, 'test/accuracy': Array(0.62740004, dtype=float32), 'test/loss': Array(1.861663, dtype=float32), 'test/num_examples': 10000, 'score': 43964.741797447205, 'total_duration': 44508.94835686684, 'accumulated_submission_time': 43964.741797447205, 'accumulated_eval_time': 541.2974145412445, 'accumulated_logging_time': 1.670964002609253}
I0831 21:39:47.672915 139921981437696 logging_writer.py:48] [160759] accumulated_eval_time=541.297, accumulated_logging_time=1.67096, accumulated_submission_time=43964.7, global_step=160759, preemption_count=0, score=43964.7, test/accuracy=0.6274000406265259, test/loss=1.8616629838943481, test/num_examples=10000, total_duration=44508.9, train/accuracy=0.9484614133834839, train/loss=0.18218228220939636, validation/accuracy=0.7524600028991699, validation/loss=1.0760537385940552, validation/num_examples=50000
I0831 21:39:59.113121 139921973044992 logging_writer.py:48] [160800] global_step=160800, grad_norm=5.261658191680908, loss=1.005176067352295
I0831 21:40:26.179374 139921981437696 logging_writer.py:48] [160900] global_step=160900, grad_norm=4.993444919586182, loss=0.9471278190612793
I0831 21:40:53.297456 139921973044992 logging_writer.py:48] [161000] global_step=161000, grad_norm=5.014404296875, loss=0.9628086090087891
I0831 21:41:20.488173 139921981437696 logging_writer.py:48] [161100] global_step=161100, grad_norm=5.071488380432129, loss=0.9343177080154419
I0831 21:41:47.600602 139921973044992 logging_writer.py:48] [161200] global_step=161200, grad_norm=5.15348482131958, loss=0.9353330135345459
I0831 21:42:14.714593 139921981437696 logging_writer.py:48] [161300] global_step=161300, grad_norm=4.770608901977539, loss=0.8641740083694458
I0831 21:42:41.880837 139921973044992 logging_writer.py:48] [161400] global_step=161400, grad_norm=4.931656360626221, loss=0.9511432647705078
I0831 21:43:22.881442 139921981437696 logging_writer.py:48] [161500] global_step=161500, grad_norm=5.000479221343994, loss=0.9763637185096741
I0831 21:44:03.604378 139921973044992 logging_writer.py:48] [161600] global_step=161600, grad_norm=5.1131591796875, loss=1.0261188745498657
I0831 21:44:48.982674 139921981437696 logging_writer.py:48] [161700] global_step=161700, grad_norm=5.074275970458984, loss=1.033536672592163
I0831 21:45:34.560266 139921973044992 logging_writer.py:48] [161800] global_step=161800, grad_norm=5.155675411224365, loss=0.9512190222740173
I0831 21:46:21.980813 139921981437696 logging_writer.py:48] [161900] global_step=161900, grad_norm=4.648331165313721, loss=0.9452334642410278
I0831 21:47:07.258297 139921973044992 logging_writer.py:48] [162000] global_step=162000, grad_norm=5.267159938812256, loss=1.0287482738494873
I0831 21:47:50.781215 139921981437696 logging_writer.py:48] [162100] global_step=162100, grad_norm=5.091073513031006, loss=0.9112268686294556
I0831 21:48:35.557784 139921973044992 logging_writer.py:48] [162200] global_step=162200, grad_norm=4.943297386169434, loss=0.899752140045166
I0831 21:49:20.494024 139921981437696 logging_writer.py:48] [162300] global_step=162300, grad_norm=4.989020824432373, loss=0.9870470762252808
I0831 21:50:04.681305 139921973044992 logging_writer.py:48] [162400] global_step=162400, grad_norm=5.097851753234863, loss=0.966347873210907
I0831 21:50:51.288289 139921981437696 logging_writer.py:48] [162500] global_step=162500, grad_norm=4.99167013168335, loss=0.9261490702629089
I0831 21:51:34.583935 139921973044992 logging_writer.py:48] [162600] global_step=162600, grad_norm=4.667116165161133, loss=0.8542503118515015
I0831 21:52:11.076623 139921981437696 logging_writer.py:48] [162700] global_step=162700, grad_norm=4.596889019012451, loss=0.8661216497421265
I0831 21:52:58.647097 139921973044992 logging_writer.py:48] [162800] global_step=162800, grad_norm=5.100932598114014, loss=0.9826565980911255
I0831 21:53:45.503569 139921981437696 logging_writer.py:48] [162900] global_step=162900, grad_norm=5.2621636390686035, loss=0.9855632185935974
I0831 21:54:29.613566 139921973044992 logging_writer.py:48] [163000] global_step=163000, grad_norm=5.075774669647217, loss=1.0296882390975952
I0831 21:55:13.778763 139921981437696 logging_writer.py:48] [163100] global_step=163100, grad_norm=4.734865188598633, loss=0.9463732242584229
I0831 21:56:01.156057 139921973044992 logging_writer.py:48] [163200] global_step=163200, grad_norm=4.744150638580322, loss=0.8646335601806641
I0831 21:56:45.024356 139921981437696 logging_writer.py:48] [163300] global_step=163300, grad_norm=5.2253546714782715, loss=0.9405995607376099
I0831 21:57:29.921602 139921973044992 logging_writer.py:48] [163400] global_step=163400, grad_norm=4.965240955352783, loss=0.9429086446762085
I0831 21:58:14.151387 139921981437696 logging_writer.py:48] [163500] global_step=163500, grad_norm=4.9924635887146, loss=0.922538161277771
I0831 21:58:57.594089 139921973044992 logging_writer.py:48] [163600] global_step=163600, grad_norm=4.746679306030273, loss=0.8413926959037781
I0831 21:59:42.085360 139921981437696 logging_writer.py:48] [163700] global_step=163700, grad_norm=5.060418605804443, loss=0.9192659854888916
I0831 22:00:25.724208 139921973044992 logging_writer.py:48] [163800] global_step=163800, grad_norm=5.1425347328186035, loss=1.0337450504302979
I0831 22:01:09.758153 139921981437696 logging_writer.py:48] [163900] global_step=163900, grad_norm=5.0433735847473145, loss=0.97238689661026
I0831 22:01:55.284538 139921973044992 logging_writer.py:48] [164000] global_step=164000, grad_norm=5.16209077835083, loss=0.943888247013092
I0831 22:02:39.864356 139921981437696 logging_writer.py:48] [164100] global_step=164100, grad_norm=4.9954986572265625, loss=0.9839959144592285
I0831 22:03:23.026341 139921973044992 logging_writer.py:48] [164200] global_step=164200, grad_norm=5.195619106292725, loss=0.9774796962738037
I0831 22:04:05.257540 139921981437696 logging_writer.py:48] [164300] global_step=164300, grad_norm=5.159951686859131, loss=0.9475569725036621
I0831 22:04:50.261797 139921973044992 logging_writer.py:48] [164400] global_step=164400, grad_norm=5.1195149421691895, loss=0.9835314750671387
I0831 22:05:33.932302 139921981437696 logging_writer.py:48] [164500] global_step=164500, grad_norm=5.26022481918335, loss=0.9862913489341736
I0831 22:06:16.453764 139921973044992 logging_writer.py:48] [164600] global_step=164600, grad_norm=4.999389171600342, loss=0.872920036315918
I0831 22:06:59.892820 139921981437696 logging_writer.py:48] [164700] global_step=164700, grad_norm=5.249314308166504, loss=0.9495363235473633
I0831 22:07:43.791248 139921973044992 logging_writer.py:48] [164800] global_step=164800, grad_norm=4.921785831451416, loss=0.9014332890510559
I0831 22:08:27.694732 139921981437696 logging_writer.py:48] [164900] global_step=164900, grad_norm=4.780940532684326, loss=0.9377914667129517
I0831 22:09:10.197206 139921973044992 logging_writer.py:48] [165000] global_step=165000, grad_norm=5.033972263336182, loss=0.9830811619758606
I0831 22:09:53.767311 139921981437696 logging_writer.py:48] [165100] global_step=165100, grad_norm=5.083905220031738, loss=0.9609131813049316
I0831 22:10:39.021340 139921973044992 logging_writer.py:48] [165200] global_step=165200, grad_norm=5.067040920257568, loss=1.0165965557098389
I0831 22:11:22.265437 139921981437696 logging_writer.py:48] [165300] global_step=165300, grad_norm=5.333278656005859, loss=0.9564242362976074
I0831 22:12:05.096498 139921973044992 logging_writer.py:48] [165400] global_step=165400, grad_norm=5.0396904945373535, loss=0.9295569658279419
I0831 22:12:48.406819 139921981437696 logging_writer.py:48] [165500] global_step=165500, grad_norm=4.853050231933594, loss=0.906808614730835
I0831 22:13:03.891163 140117123622080 spec.py:333] Evaluating on the training split.
I0831 22:13:12.881479 140117123622080 spec.py:346] Evaluating on the validation split.
I0831 22:13:49.510512 140117123622080 spec.py:363] Evaluating on the test split.
I0831 22:13:50.553205 140117123622080 submission_runner.py:516] Time since start: 46551.75s, 	Step: 165536, 	{'train/accuracy': Array(0.9486009, dtype=float32), 'train/loss': Array(0.1856623, dtype=float32), 'validation/accuracy': Array(0.75286, dtype=float32), 'validation/loss': Array(1.0761234, dtype=float32), 'validation/num_examples': 50000, 'test/accuracy': Array(0.62450004, dtype=float32), 'test/loss': Array(1.8669696, dtype=float32), 'test/num_examples': 10000, 'score': 45960.87983632088, 'total_duration': 46551.746829509735, 'accumulated_submission_time': 45960.87983632088, 'accumulated_eval_time': 587.8112554550171, 'accumulated_logging_time': 1.769763708114624}
I0831 22:13:51.013066 139921973044992 logging_writer.py:48] [165536] accumulated_eval_time=587.811, accumulated_logging_time=1.76976, accumulated_submission_time=45960.9, global_step=165536, preemption_count=0, score=45960.9, test/accuracy=0.624500036239624, test/loss=1.8669695854187012, test/num_examples=10000, total_duration=46551.7, train/accuracy=0.9486008882522583, train/loss=0.18566229939460754, validation/accuracy=0.7528600096702576, validation/loss=1.0761233568191528, validation/num_examples=50000
I0831 22:14:14.922623 139921981437696 logging_writer.py:48] [165600] global_step=165600, grad_norm=5.152842044830322, loss=1.0235539674758911
I0831 22:14:57.028702 139921973044992 logging_writer.py:48] [165700] global_step=165700, grad_norm=4.846169471740723, loss=0.9405519366264343
I0831 22:15:40.309983 139921981437696 logging_writer.py:48] [165800] global_step=165800, grad_norm=4.994511604309082, loss=0.9140400886535645
I0831 22:16:23.011892 139921973044992 logging_writer.py:48] [165900] global_step=165900, grad_norm=4.916687488555908, loss=0.9318277835845947
I0831 22:17:06.139215 139921981437696 logging_writer.py:48] [166000] global_step=166000, grad_norm=5.230715751647949, loss=0.9093665480613708
I0831 22:17:48.931558 139921973044992 logging_writer.py:48] [166100] global_step=166100, grad_norm=4.925557613372803, loss=0.9330472350120544
I0831 22:18:33.566501 139921981437696 logging_writer.py:48] [166200] global_step=166200, grad_norm=5.06247091293335, loss=0.9562727212905884
I0831 22:19:17.380453 139921973044992 logging_writer.py:48] [166300] global_step=166300, grad_norm=5.189027309417725, loss=0.9611095190048218
I0831 22:20:02.024781 139921981437696 logging_writer.py:48] [166400] global_step=166400, grad_norm=4.735781192779541, loss=0.861931324005127
I0831 22:20:48.558485 139921973044992 logging_writer.py:48] [166500] global_step=166500, grad_norm=4.748887062072754, loss=0.9387449026107788
I0831 22:21:33.124875 139921981437696 logging_writer.py:48] [166600] global_step=166600, grad_norm=4.938686847686768, loss=0.9204044342041016
I0831 22:22:18.323078 139921973044992 logging_writer.py:48] [166700] global_step=166700, grad_norm=5.0654449462890625, loss=0.9294266700744629
I0831 22:23:00.586066 139921981437696 logging_writer.py:48] [166800] global_step=166800, grad_norm=5.326050758361816, loss=0.9896588325500488
I0831 22:23:45.022441 139921973044992 logging_writer.py:48] [166900] global_step=166900, grad_norm=5.000044345855713, loss=0.9614710807800293
I0831 22:24:28.135305 139921981437696 logging_writer.py:48] [167000] global_step=167000, grad_norm=4.910777568817139, loss=0.9328413605690002
I0831 22:25:12.395816 139921973044992 logging_writer.py:48] [167100] global_step=167100, grad_norm=5.0432820320129395, loss=0.9362127780914307
I0831 22:25:55.439225 139921981437696 logging_writer.py:48] [167200] global_step=167200, grad_norm=4.923275470733643, loss=0.8459237813949585
I0831 22:26:37.882254 139921973044992 logging_writer.py:48] [167300] global_step=167300, grad_norm=5.096238613128662, loss=1.0115020275115967
I0831 22:27:21.258184 139921981437696 logging_writer.py:48] [167400] global_step=167400, grad_norm=5.086239814758301, loss=0.9223483800888062
I0831 22:28:04.920325 139921973044992 logging_writer.py:48] [167500] global_step=167500, grad_norm=5.230425834655762, loss=0.9665791392326355
I0831 22:28:48.704797 139921981437696 logging_writer.py:48] [167600] global_step=167600, grad_norm=5.191025733947754, loss=0.9763803482055664
I0831 22:29:33.970164 139921973044992 logging_writer.py:48] [167700] global_step=167700, grad_norm=5.307724952697754, loss=1.0581448078155518
I0831 22:30:17.525082 139921981437696 logging_writer.py:48] [167800] global_step=167800, grad_norm=5.082458019256592, loss=0.9685335755348206
I0831 22:31:01.313699 139921973044992 logging_writer.py:48] [167900] global_step=167900, grad_norm=4.569759845733643, loss=0.8071920871734619
I0831 22:31:46.298068 139921981437696 logging_writer.py:48] [168000] global_step=168000, grad_norm=5.328387260437012, loss=1.050620198249817
I0831 22:32:30.557644 139921973044992 logging_writer.py:48] [168100] global_step=168100, grad_norm=4.8404388427734375, loss=0.8947907090187073
I0831 22:33:15.366693 139921981437696 logging_writer.py:48] [168200] global_step=168200, grad_norm=5.052520751953125, loss=0.9142324328422546
I0831 22:33:59.090009 139921973044992 logging_writer.py:48] [168300] global_step=168300, grad_norm=5.283833980560303, loss=0.9668012857437134
I0831 22:34:44.005503 139921981437696 logging_writer.py:48] [168400] global_step=168400, grad_norm=4.930121898651123, loss=0.9361954927444458
I0831 22:35:26.806147 139921973044992 logging_writer.py:48] [168500] global_step=168500, grad_norm=4.663738250732422, loss=0.8189729452133179
I0831 22:36:10.097494 139921981437696 logging_writer.py:48] [168600] global_step=168600, grad_norm=4.893496990203857, loss=0.9989497065544128
I0831 22:36:53.327615 139921973044992 logging_writer.py:48] [168700] global_step=168700, grad_norm=4.958418846130371, loss=0.8832401633262634
I0831 22:37:37.516379 139921981437696 logging_writer.py:48] [168800] global_step=168800, grad_norm=4.915536403656006, loss=0.9655736088752747
I0831 22:38:27.569994 139921973044992 logging_writer.py:48] [168900] global_step=168900, grad_norm=5.123279571533203, loss=0.9623851776123047
I0831 22:39:17.687958 139921981437696 logging_writer.py:48] [169000] global_step=169000, grad_norm=5.337967872619629, loss=0.9678080081939697
I0831 22:40:05.584502 139921973044992 logging_writer.py:48] [169100] global_step=169100, grad_norm=4.7867913246154785, loss=0.9171231985092163
I0831 22:40:57.784759 139921981437696 logging_writer.py:48] [169200] global_step=169200, grad_norm=5.0116705894470215, loss=0.9390310645103455
I0831 22:41:49.225080 139921973044992 logging_writer.py:48] [169300] global_step=169300, grad_norm=4.759862899780273, loss=0.9013236165046692
I0831 22:42:44.342139 139921981437696 logging_writer.py:48] [169400] global_step=169400, grad_norm=5.504498481750488, loss=1.0429799556732178
I0831 22:43:36.311613 139921973044992 logging_writer.py:48] [169500] global_step=169500, grad_norm=5.349216938018799, loss=1.0471644401550293
I0831 22:44:27.803708 139921981437696 logging_writer.py:48] [169600] global_step=169600, grad_norm=5.331131935119629, loss=0.958016037940979
I0831 22:45:18.610998 139921973044992 logging_writer.py:48] [169700] global_step=169700, grad_norm=4.926514625549316, loss=0.9387076497077942
I0831 22:46:06.779950 139921981437696 logging_writer.py:48] [169800] global_step=169800, grad_norm=4.949702739715576, loss=0.8957004547119141
I0831 22:46:53.622480 139921973044992 logging_writer.py:48] [169900] global_step=169900, grad_norm=5.235446453094482, loss=0.9655469059944153
I0831 22:47:06.506012 140117123622080 spec.py:333] Evaluating on the training split.
I0831 22:47:15.806367 140117123622080 spec.py:346] Evaluating on the validation split.
I0831 22:47:26.548753 140117123622080 spec.py:363] Evaluating on the test split.
I0831 22:47:27.660902 140117123622080 submission_runner.py:516] Time since start: 48568.78s, 	Step: 169928, 	{'train/accuracy': Array(0.9453723, dtype=float32), 'train/loss': Array(0.18652251, dtype=float32), 'validation/accuracy': Array(0.75308, dtype=float32), 'validation/loss': Array(1.0758554, dtype=float32), 'validation/num_examples': 50000, 'test/accuracy': Array(0.62670004, dtype=float32), 'test/loss': Array(1.8681524, dtype=float32), 'test/num_examples': 10000, 'score': 47956.30036401749, 'total_duration': 48568.78353047371, 'accumulated_submission_time': 47956.30036401749, 'accumulated_eval_time': 608.7469418048859, 'accumulated_logging_time': 2.263536214828491}
I0831 22:47:28.070046 139921981437696 logging_writer.py:48] [169928] accumulated_eval_time=608.747, accumulated_logging_time=2.26354, accumulated_submission_time=47956.3, global_step=169928, preemption_count=0, score=47956.3, test/accuracy=0.6267000436782837, test/loss=1.868152379989624, test/num_examples=10000, total_duration=48568.8, train/accuracy=0.9453722834587097, train/loss=0.18652251362800598, validation/accuracy=0.7530800104141235, validation/loss=1.0758553743362427, validation/num_examples=50000
I0831 22:47:57.251699 139921973044992 logging_writer.py:48] [170000] global_step=170000, grad_norm=4.998445510864258, loss=0.9480268955230713
I0831 22:48:45.591417 139921981437696 logging_writer.py:48] [170100] global_step=170100, grad_norm=5.008410930633545, loss=0.884440541267395
I0831 22:49:35.194232 139921973044992 logging_writer.py:48] [170200] global_step=170200, grad_norm=5.103313446044922, loss=0.9354877471923828
I0831 22:50:25.384115 139921981437696 logging_writer.py:48] [170300] global_step=170300, grad_norm=5.174259662628174, loss=0.9878000020980835
I0831 22:51:11.686558 139921973044992 logging_writer.py:48] [170400] global_step=170400, grad_norm=5.005756855010986, loss=0.9410803318023682
I0831 22:51:57.122400 139921981437696 logging_writer.py:48] [170500] global_step=170500, grad_norm=5.11229133605957, loss=1.0123660564422607
I0831 22:52:43.051028 139921973044992 logging_writer.py:48] [170600] global_step=170600, grad_norm=4.969985008239746, loss=1.043041706085205
I0831 22:53:28.107566 139921981437696 logging_writer.py:48] [170700] global_step=170700, grad_norm=5.088776588439941, loss=0.9430950284004211
I0831 22:54:11.931905 139921973044992 logging_writer.py:48] [170800] global_step=170800, grad_norm=4.821752071380615, loss=0.93293297290802
I0831 22:54:55.692300 139921981437696 logging_writer.py:48] [170900] global_step=170900, grad_norm=5.208302974700928, loss=0.9638180732727051
I0831 22:55:39.409644 139921973044992 logging_writer.py:48] [171000] global_step=171000, grad_norm=4.924722671508789, loss=0.8736580610275269
I0831 22:56:22.629141 139921981437696 logging_writer.py:48] [171100] global_step=171100, grad_norm=5.169553279876709, loss=0.9676843881607056
I0831 22:57:06.129951 139921973044992 logging_writer.py:48] [171200] global_step=171200, grad_norm=5.00455379486084, loss=0.9939327239990234
I0831 22:57:48.569530 139921981437696 logging_writer.py:48] [171300] global_step=171300, grad_norm=4.776683807373047, loss=0.9372166991233826
I0831 22:58:32.319631 139921973044992 logging_writer.py:48] [171400] global_step=171400, grad_norm=5.140227317810059, loss=0.988563597202301
I0831 22:59:16.057984 139921981437696 logging_writer.py:48] [171500] global_step=171500, grad_norm=5.284642696380615, loss=0.9524602890014648
I0831 22:59:59.858161 139921973044992 logging_writer.py:48] [171600] global_step=171600, grad_norm=5.172173500061035, loss=0.979625940322876
I0831 23:00:43.826171 139921981437696 logging_writer.py:48] [171700] global_step=171700, grad_norm=5.593188762664795, loss=0.9959746599197388
I0831 23:01:27.521092 139921973044992 logging_writer.py:48] [171800] global_step=171800, grad_norm=5.024170398712158, loss=0.9131293892860413
I0831 23:02:12.314534 139921981437696 logging_writer.py:48] [171900] global_step=171900, grad_norm=5.120051860809326, loss=0.9485231637954712
I0831 23:02:55.519143 139921973044992 logging_writer.py:48] [172000] global_step=172000, grad_norm=5.104409217834473, loss=0.9050700664520264
I0831 23:03:39.857613 139921981437696 logging_writer.py:48] [172100] global_step=172100, grad_norm=5.3043904304504395, loss=0.9672328233718872
I0831 23:04:23.892124 139921973044992 logging_writer.py:48] [172200] global_step=172200, grad_norm=5.172736167907715, loss=0.9962968826293945
I0831 23:05:07.265544 139921981437696 logging_writer.py:48] [172300] global_step=172300, grad_norm=4.750157833099365, loss=0.8858863115310669
I0831 23:05:50.750036 139921973044992 logging_writer.py:48] [172400] global_step=172400, grad_norm=5.1699113845825195, loss=0.9299823045730591
I0831 23:06:34.471627 139921981437696 logging_writer.py:48] [172500] global_step=172500, grad_norm=4.560922145843506, loss=0.8254849910736084
I0831 23:07:20.282427 139921973044992 logging_writer.py:48] [172600] global_step=172600, grad_norm=4.878159523010254, loss=0.9229831695556641
I0831 23:08:07.807038 139921981437696 logging_writer.py:48] [172700] global_step=172700, grad_norm=5.207629680633545, loss=0.971900224685669
I0831 23:08:51.812801 139921973044992 logging_writer.py:48] [172800] global_step=172800, grad_norm=4.814146995544434, loss=0.9414615631103516
I0831 23:09:36.079755 139921981437696 logging_writer.py:48] [172900] global_step=172900, grad_norm=5.244767189025879, loss=0.9907903075218201
I0831 23:10:18.279233 139921973044992 logging_writer.py:48] [173000] global_step=173000, grad_norm=5.095126152038574, loss=0.9178517460823059
I0831 23:11:01.442292 139921981437696 logging_writer.py:48] [173100] global_step=173100, grad_norm=4.928292751312256, loss=0.8655149936676025
I0831 23:11:44.709715 139921973044992 logging_writer.py:48] [173200] global_step=173200, grad_norm=5.063683986663818, loss=0.968812882900238
I0831 23:12:27.780645 139921981437696 logging_writer.py:48] [173300] global_step=173300, grad_norm=4.902136325836182, loss=0.9553601145744324
I0831 23:13:12.330918 139921973044992 logging_writer.py:48] [173400] global_step=173400, grad_norm=4.786780834197998, loss=0.8494292497634888
I0831 23:13:56.192322 139921981437696 logging_writer.py:48] [173500] global_step=173500, grad_norm=5.114274024963379, loss=0.9875612258911133
I0831 23:14:40.002919 139921973044992 logging_writer.py:48] [173600] global_step=173600, grad_norm=5.057380199432373, loss=0.9982177019119263
I0831 23:15:23.230577 139921981437696 logging_writer.py:48] [173700] global_step=173700, grad_norm=5.449744701385498, loss=0.9683394432067871
I0831 23:16:07.220607 139921973044992 logging_writer.py:48] [173800] global_step=173800, grad_norm=5.162412643432617, loss=0.9892996549606323
I0831 23:16:52.946490 139921981437696 logging_writer.py:48] [173900] global_step=173900, grad_norm=4.876076698303223, loss=0.9287992715835571
I0831 23:17:38.402201 139921973044992 logging_writer.py:48] [174000] global_step=174000, grad_norm=4.851548194885254, loss=1.009970784187317
I0831 23:18:24.593317 139921981437696 logging_writer.py:48] [174100] global_step=174100, grad_norm=5.410205841064453, loss=1.0253218412399292
I0831 23:19:07.653833 139921973044992 logging_writer.py:48] [174200] global_step=174200, grad_norm=5.18351411819458, loss=0.9238368272781372
I0831 23:19:52.146668 139921981437696 logging_writer.py:48] [174300] global_step=174300, grad_norm=5.080911636352539, loss=0.995248019695282
I0831 23:20:36.264925 139921973044992 logging_writer.py:48] [174400] global_step=174400, grad_norm=5.013103485107422, loss=0.9252077341079712
I0831 23:20:43.801705 140117123622080 spec.py:333] Evaluating on the training split.
I0831 23:20:52.512462 140117123622080 spec.py:346] Evaluating on the validation split.
I0831 23:21:08.274061 140117123622080 spec.py:363] Evaluating on the test split.
I0831 23:21:09.382743 140117123622080 submission_runner.py:516] Time since start: 50590.51s, 	Step: 174418, 	{'train/accuracy': Array(0.9489995, dtype=float32), 'train/loss': Array(0.18063688, dtype=float32), 'validation/accuracy': Array(0.75373995, dtype=float32), 'validation/loss': Array(1.076455, dtype=float32), 'validation/num_examples': 50000, 'test/accuracy': Array(0.6291, dtype=float32), 'test/loss': Array(1.8668636, dtype=float32), 'test/num_examples': 10000, 'score': 49951.91783928871, 'total_duration': 50590.50589442253, 'accumulated_submission_time': 49951.91783928871, 'accumulated_eval_time': 634.1093051433563, 'accumulated_logging_time': 2.748711347579956}
I0831 23:21:09.782138 139921981437696 logging_writer.py:48] [174418] accumulated_eval_time=634.109, accumulated_logging_time=2.74871, accumulated_submission_time=49951.9, global_step=174418, preemption_count=0, score=49951.9, test/accuracy=0.6291000247001648, test/loss=1.8668636083602905, test/num_examples=10000, total_duration=50590.5, train/accuracy=0.9489995241165161, train/loss=0.18063688278198242, validation/accuracy=0.7537399530410767, validation/loss=1.076454997062683, validation/num_examples=50000
I0831 23:21:40.028460 139921973044992 logging_writer.py:48] [174500] global_step=174500, grad_norm=5.036942005157471, loss=1.0144895315170288
I0831 23:22:24.631801 139921981437696 logging_writer.py:48] [174600] global_step=174600, grad_norm=4.71986722946167, loss=0.8249006271362305
I0831 23:23:08.740225 139921973044992 logging_writer.py:48] [174700] global_step=174700, grad_norm=5.120420932769775, loss=0.8937488794326782
I0831 23:23:53.352868 139921981437696 logging_writer.py:48] [174800] global_step=174800, grad_norm=4.892276287078857, loss=0.9498565196990967
I0831 23:24:40.531604 139921973044992 logging_writer.py:48] [174900] global_step=174900, grad_norm=5.234351634979248, loss=0.901939868927002
I0831 23:25:28.227542 139921981437696 logging_writer.py:48] [175000] global_step=175000, grad_norm=5.099279403686523, loss=0.9688783884048462
I0831 23:26:17.906653 139921973044992 logging_writer.py:48] [175100] global_step=175100, grad_norm=5.000911235809326, loss=0.9047040939331055
I0831 23:27:11.928079 139921981437696 logging_writer.py:48] [175200] global_step=175200, grad_norm=5.129055500030518, loss=0.9797968864440918
I0831 23:28:01.333704 139921973044992 logging_writer.py:48] [175300] global_step=175300, grad_norm=5.034256935119629, loss=0.9143140912055969
I0831 23:28:47.607225 139921981437696 logging_writer.py:48] [175400] global_step=175400, grad_norm=4.902943134307861, loss=0.9525947570800781
I0831 23:29:32.923178 139921973044992 logging_writer.py:48] [175500] global_step=175500, grad_norm=4.944500923156738, loss=0.866134524345398
I0831 23:30:19.003915 139921981437696 logging_writer.py:48] [175600] global_step=175600, grad_norm=5.275557041168213, loss=0.9017285108566284
I0831 23:31:04.211094 139921973044992 logging_writer.py:48] [175700] global_step=175700, grad_norm=5.1265549659729, loss=0.9883629083633423
I0831 23:31:52.504684 139921981437696 logging_writer.py:48] [175800] global_step=175800, grad_norm=5.000940322875977, loss=0.9335716962814331
I0831 23:32:37.429608 139921973044992 logging_writer.py:48] [175900] global_step=175900, grad_norm=5.322895050048828, loss=1.0109267234802246
I0831 23:33:23.257832 139921981437696 logging_writer.py:48] [176000] global_step=176000, grad_norm=5.2084197998046875, loss=0.923934817314148
I0831 23:34:08.694683 139921973044992 logging_writer.py:48] [176100] global_step=176100, grad_norm=5.172661304473877, loss=0.9868496656417847
I0831 23:34:52.916353 139921981437696 logging_writer.py:48] [176200] global_step=176200, grad_norm=5.065589427947998, loss=0.9173805713653564
I0831 23:35:37.555284 139921973044992 logging_writer.py:48] [176300] global_step=176300, grad_norm=5.212427139282227, loss=0.9420467615127563
I0831 23:36:24.233928 139921981437696 logging_writer.py:48] [176400] global_step=176400, grad_norm=4.928747177124023, loss=0.9401435852050781
I0831 23:37:09.769961 139921973044992 logging_writer.py:48] [176500] global_step=176500, grad_norm=5.2131829261779785, loss=0.9882749319076538
I0831 23:37:55.087405 139921981437696 logging_writer.py:48] [176600] global_step=176600, grad_norm=5.1907548904418945, loss=0.9286671280860901
I0831 23:38:39.678059 139921973044992 logging_writer.py:48] [176700] global_step=176700, grad_norm=5.211300373077393, loss=0.9826594591140747
I0831 23:39:22.354059 139921981437696 logging_writer.py:48] [176800] global_step=176800, grad_norm=4.938755035400391, loss=1.0394479036331177
I0831 23:40:06.694070 139921973044992 logging_writer.py:48] [176900] global_step=176900, grad_norm=5.09529972076416, loss=0.9819705486297607
I0831 23:40:49.963165 139921981437696 logging_writer.py:48] [177000] global_step=177000, grad_norm=5.128530502319336, loss=0.9570082426071167
I0831 23:41:34.772982 139921973044992 logging_writer.py:48] [177100] global_step=177100, grad_norm=5.148158073425293, loss=0.9816645979881287
I0831 23:42:18.207826 139921981437696 logging_writer.py:48] [177200] global_step=177200, grad_norm=5.059715270996094, loss=0.9705163240432739
I0831 23:43:02.567141 139921973044992 logging_writer.py:48] [177300] global_step=177300, grad_norm=5.0406494140625, loss=0.9050667881965637
I0831 23:43:46.148232 139921981437696 logging_writer.py:48] [177400] global_step=177400, grad_norm=5.232635974884033, loss=1.032281517982483
I0831 23:44:29.680655 139921973044992 logging_writer.py:48] [177500] global_step=177500, grad_norm=5.034666538238525, loss=0.9409810900688171
I0831 23:45:13.530337 139921981437696 logging_writer.py:48] [177600] global_step=177600, grad_norm=5.083624839782715, loss=1.0042052268981934
I0831 23:45:59.862985 139921973044992 logging_writer.py:48] [177700] global_step=177700, grad_norm=5.054671764373779, loss=0.9332374334335327
I0831 23:46:45.202867 139921981437696 logging_writer.py:48] [177800] global_step=177800, grad_norm=4.885261058807373, loss=0.8499916195869446
I0831 23:47:31.006020 139921973044992 logging_writer.py:48] [177900] global_step=177900, grad_norm=4.946290493011475, loss=0.9739598035812378
I0831 23:48:16.235295 139921981437696 logging_writer.py:48] [178000] global_step=178000, grad_norm=4.73599100112915, loss=0.86484694480896
I0831 23:49:00.645013 139921973044992 logging_writer.py:48] [178100] global_step=178100, grad_norm=5.039834976196289, loss=0.9000093936920166
I0831 23:49:44.841328 139921981437696 logging_writer.py:48] [178200] global_step=178200, grad_norm=5.075593948364258, loss=0.9157423973083496
I0831 23:50:28.589150 139921973044992 logging_writer.py:48] [178300] global_step=178300, grad_norm=4.948075771331787, loss=0.9464122653007507
I0831 23:51:12.541247 139921981437696 logging_writer.py:48] [178400] global_step=178400, grad_norm=4.939866542816162, loss=0.8853955864906311
I0831 23:51:55.264941 139921973044992 logging_writer.py:48] [178500] global_step=178500, grad_norm=5.152597427368164, loss=1.0153712034225464
I0831 23:52:38.799505 139921981437696 logging_writer.py:48] [178600] global_step=178600, grad_norm=5.232766628265381, loss=0.9601128697395325
I0831 23:53:22.195260 139921973044992 logging_writer.py:48] [178700] global_step=178700, grad_norm=4.925014972686768, loss=0.9187140464782715
I0831 23:54:05.660070 139921981437696 logging_writer.py:48] [178800] global_step=178800, grad_norm=5.127266883850098, loss=0.9560840129852295
I0831 23:54:25.257220 140117123622080 spec.py:333] Evaluating on the training split.
I0831 23:54:33.961980 140117123622080 spec.py:346] Evaluating on the validation split.
I0831 23:55:03.584019 140117123622080 spec.py:363] Evaluating on the test split.
I0831 23:55:04.690753 140117123622080 submission_runner.py:516] Time since start: 52625.81s, 	Step: 178846, 	{'train/accuracy': Array(0.94782364, dtype=float32), 'train/loss': Array(0.1783816, dtype=float32), 'validation/accuracy': Array(0.75402, dtype=float32), 'validation/loss': Array(1.0778383, dtype=float32), 'validation/num_examples': 50000, 'test/accuracy': Array(0.6283, dtype=float32), 'test/loss': Array(1.8672477, dtype=float32), 'test/num_examples': 10000, 'score': 51947.29002213478, 'total_duration': 52625.81468272209, 'accumulated_submission_time': 51947.29002213478, 'accumulated_eval_time': 673.3249371051788, 'accumulated_logging_time': 3.187523365020752}
I0831 23:55:05.095427 139921973044992 logging_writer.py:48] [178846] accumulated_eval_time=673.325, accumulated_logging_time=3.18752, accumulated_submission_time=51947.3, global_step=178846, preemption_count=0, score=51947.3, test/accuracy=0.6283000111579895, test/loss=1.8672477006912231, test/num_examples=10000, total_duration=52625.8, train/accuracy=0.9478236436843872, train/loss=0.17838160693645477, validation/accuracy=0.7540199756622314, validation/loss=1.0778383016586304, validation/num_examples=50000
I0831 23:55:25.687951 139921981437696 logging_writer.py:48] [178900] global_step=178900, grad_norm=4.7738566398620605, loss=0.9123994708061218
I0831 23:56:12.051110 139921973044992 logging_writer.py:48] [179000] global_step=179000, grad_norm=4.919876575469971, loss=0.9970911741256714
I0831 23:56:56.311345 139921981437696 logging_writer.py:48] [179100] global_step=179100, grad_norm=5.053291320800781, loss=0.9524286985397339
I0831 23:57:38.745913 139921973044992 logging_writer.py:48] [179200] global_step=179200, grad_norm=5.342507362365723, loss=0.9632333517074585
I0831 23:58:21.894665 139921981437696 logging_writer.py:48] [179300] global_step=179300, grad_norm=5.184536457061768, loss=0.9496970176696777
I0831 23:59:06.080851 139921973044992 logging_writer.py:48] [179400] global_step=179400, grad_norm=5.214294910430908, loss=0.9824342727661133
I0831 23:59:49.258600 139921981437696 logging_writer.py:48] [179500] global_step=179500, grad_norm=5.116392612457275, loss=0.9222437143325806
I0901 00:00:31.647682 139921973044992 logging_writer.py:48] [179600] global_step=179600, grad_norm=5.161383152008057, loss=0.9583783149719238
I0901 00:01:16.033063 139921981437696 logging_writer.py:48] [179700] global_step=179700, grad_norm=5.029388427734375, loss=0.8476839065551758
I0901 00:01:58.868396 139921973044992 logging_writer.py:48] [179800] global_step=179800, grad_norm=5.040289402008057, loss=0.9052124619483948
I0901 00:02:41.261280 139921981437696 logging_writer.py:48] [179900] global_step=179900, grad_norm=5.06241512298584, loss=0.8546245694160461
I0901 00:03:24.809909 139921973044992 logging_writer.py:48] [180000] global_step=180000, grad_norm=5.231296539306641, loss=0.8575757741928101
I0901 00:04:09.115883 139921981437696 logging_writer.py:48] [180100] global_step=180100, grad_norm=4.84977912902832, loss=0.811313807964325
I0901 00:04:54.875895 139921973044992 logging_writer.py:48] [180200] global_step=180200, grad_norm=5.097011089324951, loss=0.9459633827209473
I0901 00:05:37.857642 139921981437696 logging_writer.py:48] [180300] global_step=180300, grad_norm=4.91051721572876, loss=0.9447720050811768
I0901 00:06:23.308517 139921973044992 logging_writer.py:48] [180400] global_step=180400, grad_norm=5.018645286560059, loss=0.9116261005401611
I0901 00:07:06.482326 139921981437696 logging_writer.py:48] [180500] global_step=180500, grad_norm=5.501119613647461, loss=0.9736320376396179
I0901 00:07:50.951189 139921981437696 logging_writer.py:48] [180600] global_step=180600, grad_norm=5.021002292633057, loss=0.9508739113807678
I0901 00:08:35.152726 139921973044992 logging_writer.py:48] [180700] global_step=180700, grad_norm=4.840488910675049, loss=0.860907256603241
I0901 00:09:19.262144 139921981437696 logging_writer.py:48] [180800] global_step=180800, grad_norm=5.266315937042236, loss=0.9292709827423096
I0901 00:10:03.621520 139921973044992 logging_writer.py:48] [180900] global_step=180900, grad_norm=4.8468017578125, loss=0.8942832946777344
I0901 00:10:48.640219 139921981437696 logging_writer.py:48] [181000] global_step=181000, grad_norm=4.9875078201293945, loss=0.9300423264503479
I0901 00:11:31.095170 139921973044992 logging_writer.py:48] [181100] global_step=181100, grad_norm=5.115767955780029, loss=0.9372349977493286
I0901 00:12:13.964455 139921981437696 logging_writer.py:48] [181200] global_step=181200, grad_norm=5.002644062042236, loss=0.8996254205703735
I0901 00:12:57.344704 139921973044992 logging_writer.py:48] [181300] global_step=181300, grad_norm=4.869000434875488, loss=0.8720095753669739
I0901 00:13:41.602272 139921981437696 logging_writer.py:48] [181400] global_step=181400, grad_norm=5.159334182739258, loss=0.9714869260787964
I0901 00:14:26.678514 139921973044992 logging_writer.py:48] [181500] global_step=181500, grad_norm=4.869708061218262, loss=0.9027442932128906
I0901 00:15:11.029421 139921981437696 logging_writer.py:48] [181600] global_step=181600, grad_norm=5.202916145324707, loss=0.9343599081039429
I0901 00:15:53.918643 139921973044992 logging_writer.py:48] [181700] global_step=181700, grad_norm=4.824665546417236, loss=0.9024068713188171
I0901 00:16:36.143254 139921981437696 logging_writer.py:48] [181800] global_step=181800, grad_norm=5.38730525970459, loss=0.9736725091934204
I0901 00:17:19.628851 139921973044992 logging_writer.py:48] [181900] global_step=181900, grad_norm=4.835203170776367, loss=0.9001156091690063
I0901 00:18:02.228013 139921981437696 logging_writer.py:48] [182000] global_step=182000, grad_norm=4.637960910797119, loss=0.8328962922096252
I0901 00:18:46.028717 139921973044992 logging_writer.py:48] [182100] global_step=182100, grad_norm=5.118022441864014, loss=0.9740627408027649
I0901 00:19:27.679543 139921981437696 logging_writer.py:48] [182200] global_step=182200, grad_norm=5.2687506675720215, loss=0.9869484901428223
I0901 00:20:09.523435 139921973044992 logging_writer.py:48] [182300] global_step=182300, grad_norm=4.761861324310303, loss=0.8835271596908569
I0901 00:20:52.386115 139921981437696 logging_writer.py:48] [182400] global_step=182400, grad_norm=5.1224565505981445, loss=0.8871628046035767
I0901 00:21:37.216631 139921973044992 logging_writer.py:48] [182500] global_step=182500, grad_norm=4.992258071899414, loss=0.8937028646469116
I0901 00:22:20.678274 139921981437696 logging_writer.py:48] [182600] global_step=182600, grad_norm=4.682897090911865, loss=0.8550283908843994
I0901 00:23:05.695472 139921973044992 logging_writer.py:48] [182700] global_step=182700, grad_norm=5.14408016204834, loss=0.9484037160873413
I0901 00:23:48.363830 139921981437696 logging_writer.py:48] [182800] global_step=182800, grad_norm=5.119777679443359, loss=0.953913688659668
I0901 00:24:32.075027 139921973044992 logging_writer.py:48] [182900] global_step=182900, grad_norm=4.929784297943115, loss=0.8799233436584473
I0901 00:25:15.160916 139921981437696 logging_writer.py:48] [183000] global_step=183000, grad_norm=4.88779878616333, loss=0.890139102935791
I0901 00:25:57.887360 139921973044992 logging_writer.py:48] [183100] global_step=183100, grad_norm=4.943493843078613, loss=0.8662341237068176
I0901 00:26:42.583266 139921981437696 logging_writer.py:48] [183200] global_step=183200, grad_norm=5.190832138061523, loss=1.0011495351791382
I0901 00:27:26.249900 139921973044992 logging_writer.py:48] [183300] global_step=183300, grad_norm=4.979455471038818, loss=0.9568437337875366
I0901 00:28:09.631524 139921981437696 logging_writer.py:48] [183400] global_step=183400, grad_norm=5.206514835357666, loss=0.9533624053001404
I0901 00:28:20.481903 140117123622080 spec.py:333] Evaluating on the training split.
I0901 00:28:29.376064 140117123622080 spec.py:346] Evaluating on the validation split.
I0901 00:29:01.784539 140117123622080 spec.py:363] Evaluating on the test split.
I0901 00:29:02.882599 140117123622080 submission_runner.py:516] Time since start: 54664.02s, 	Step: 183424, 	{'train/accuracy': Array(0.9513512, dtype=float32), 'train/loss': Array(0.17198183, dtype=float32), 'validation/accuracy': Array(0.75394, dtype=float32), 'validation/loss': Array(1.0774896, dtype=float32), 'validation/num_examples': 50000, 'test/accuracy': Array(0.629, dtype=float32), 'test/loss': Array(1.8643882, dtype=float32), 'test/num_examples': 10000, 'score': 53942.5781993866, 'total_duration': 54664.01664042473, 'accumulated_submission_time': 53942.5781993866, 'accumulated_eval_time': 715.5178511142731, 'accumulated_logging_time': 3.6479856967926025}
I0901 00:29:03.294786 139921973044992 logging_writer.py:48] [183424] accumulated_eval_time=715.518, accumulated_logging_time=3.64799, accumulated_submission_time=53942.6, global_step=183424, preemption_count=0, score=53942.6, test/accuracy=0.6290000081062317, test/loss=1.8643882274627686, test/num_examples=10000, total_duration=54664, train/accuracy=0.9513512253761292, train/loss=0.1719818264245987, validation/accuracy=0.7539399862289429, validation/loss=1.0774896144866943, validation/num_examples=50000
I0901 00:29:32.287621 139921981437696 logging_writer.py:48] [183500] global_step=183500, grad_norm=5.1103668212890625, loss=0.8879998922348022
I0901 00:30:17.246209 139921973044992 logging_writer.py:48] [183600] global_step=183600, grad_norm=5.357842922210693, loss=0.9694778919219971
I0901 00:31:03.037174 139921981437696 logging_writer.py:48] [183700] global_step=183700, grad_norm=5.092708587646484, loss=0.9667546153068542
I0901 00:31:47.740716 139921973044992 logging_writer.py:48] [183800] global_step=183800, grad_norm=4.915397644042969, loss=0.916071891784668
I0901 00:32:33.149178 139921981437696 logging_writer.py:48] [183900] global_step=183900, grad_norm=4.934107780456543, loss=0.8932393789291382
I0901 00:33:19.549926 139921973044992 logging_writer.py:48] [184000] global_step=184000, grad_norm=4.749549388885498, loss=0.8645725250244141
I0901 00:34:06.753557 139921981437696 logging_writer.py:48] [184100] global_step=184100, grad_norm=4.74613094329834, loss=0.899001955986023
I0901 00:34:52.138211 139921973044992 logging_writer.py:48] [184200] global_step=184200, grad_norm=4.96061897277832, loss=1.021587610244751
I0901 00:35:36.613556 139921981437696 logging_writer.py:48] [184300] global_step=184300, grad_norm=5.042257308959961, loss=0.9675810933113098
I0901 00:36:20.740285 139921973044992 logging_writer.py:48] [184400] global_step=184400, grad_norm=4.943033695220947, loss=0.905627965927124
I0901 00:37:04.519054 139921981437696 logging_writer.py:48] [184500] global_step=184500, grad_norm=4.846328258514404, loss=0.881272554397583
I0901 00:37:48.375007 139921973044992 logging_writer.py:48] [184600] global_step=184600, grad_norm=5.079095363616943, loss=0.9245611429214478
I0901 00:38:34.693285 139921981437696 logging_writer.py:48] [184700] global_step=184700, grad_norm=5.189856052398682, loss=0.9617631435394287
I0901 00:39:21.428112 139921973044992 logging_writer.py:48] [184800] global_step=184800, grad_norm=5.138073921203613, loss=0.9528495073318481
I0901 00:40:08.252868 139921981437696 logging_writer.py:48] [184900] global_step=184900, grad_norm=4.697085380554199, loss=0.9094182848930359
I0901 00:40:55.346812 139921973044992 logging_writer.py:48] [185000] global_step=185000, grad_norm=5.10360050201416, loss=0.9181907773017883
I0901 00:41:43.390104 139921981437696 logging_writer.py:48] [185100] global_step=185100, grad_norm=5.074392318725586, loss=0.8846005201339722
I0901 00:42:32.771038 139921973044992 logging_writer.py:48] [185200] global_step=185200, grad_norm=5.203348159790039, loss=0.9448322057723999
I0901 00:43:21.054605 139921981437696 logging_writer.py:48] [185300] global_step=185300, grad_norm=5.02539587020874, loss=0.9068973064422607
I0901 00:44:08.774408 139921973044992 logging_writer.py:48] [185400] global_step=185400, grad_norm=5.111128330230713, loss=0.8813860416412354
I0901 00:44:57.122422 139921981437696 logging_writer.py:48] [185500] global_step=185500, grad_norm=4.922668933868408, loss=0.9293126463890076
I0901 00:45:45.310685 139921973044992 logging_writer.py:48] [185600] global_step=185600, grad_norm=5.185923099517822, loss=0.9751316905021667
I0901 00:46:34.778699 139921981437696 logging_writer.py:48] [185700] global_step=185700, grad_norm=5.09031343460083, loss=0.9528994560241699
I0901 00:47:22.460766 139921973044992 logging_writer.py:48] [185800] global_step=185800, grad_norm=4.994513034820557, loss=0.8622792959213257
I0901 00:48:10.875787 139921981437696 logging_writer.py:48] [185900] global_step=185900, grad_norm=5.013795852661133, loss=0.974343478679657
I0901 00:49:00.352304 139921973044992 logging_writer.py:48] [186000] global_step=186000, grad_norm=4.79968786239624, loss=0.8142518401145935
I0901 00:49:48.955619 139921981437696 logging_writer.py:48] [186100] global_step=186100, grad_norm=4.993161201477051, loss=0.9759147763252258
I0901 00:50:38.232373 139921973044992 logging_writer.py:48] [186200] global_step=186200, grad_norm=4.572606086730957, loss=0.8213826417922974
I0901 00:51:28.050569 139921981437696 logging_writer.py:48] [186300] global_step=186300, grad_norm=5.006608009338379, loss=0.9728635549545288
I0901 00:52:19.087521 139921973044992 logging_writer.py:48] [186400] global_step=186400, grad_norm=5.536976337432861, loss=0.9993458986282349
I0901 00:53:12.517505 139921981437696 logging_writer.py:48] [186500] global_step=186500, grad_norm=5.303413391113281, loss=0.9438822865486145
I0901 00:54:03.559844 139921973044992 logging_writer.py:48] [186600] global_step=186600, grad_norm=5.533377170562744, loss=0.9145150780677795
I0901 00:54:55.914268 139921981437696 logging_writer.py:48] [186700] global_step=186700, grad_norm=5.044100761413574, loss=0.8958327174186707
I0901 00:55:47.968154 139921973044992 logging_writer.py:48] [186800] global_step=186800, grad_norm=5.123433589935303, loss=0.9352436065673828
I0901 00:56:42.089492 139921981437696 logging_writer.py:48] [186900] global_step=186900, grad_norm=5.096984386444092, loss=0.8700875043869019
I0901 00:57:35.730834 139921973044992 logging_writer.py:48] [187000] global_step=187000, grad_norm=5.177615642547607, loss=0.9319977760314941
I0901 00:58:29.354430 139921981437696 logging_writer.py:48] [187100] global_step=187100, grad_norm=5.174818992614746, loss=0.935737133026123
I0901 00:59:21.303946 139921973044992 logging_writer.py:48] [187200] global_step=187200, grad_norm=4.944273948669434, loss=0.8643767833709717
I0901 01:00:15.169902 139921981437696 logging_writer.py:48] [187300] global_step=187300, grad_norm=4.985434532165527, loss=0.8361901640892029
I0901 01:01:10.068271 139921973044992 logging_writer.py:48] [187400] global_step=187400, grad_norm=5.204710483551025, loss=0.8938449025154114
I0901 01:02:04.327478 139921981437696 logging_writer.py:48] [187500] global_step=187500, grad_norm=4.793647289276123, loss=0.9224609136581421
I0901 01:02:18.755343 140117123622080 spec.py:333] Evaluating on the training split.
I0901 01:02:27.351781 140117123622080 spec.py:346] Evaluating on the validation split.
I0901 01:02:57.510299 140117123622080 spec.py:363] Evaluating on the test split.
I0901 01:02:58.667820 140117123622080 submission_runner.py:516] Time since start: 56699.74s, 	Step: 187529, 	{'train/accuracy': Array(0.950275, dtype=float32), 'train/loss': Array(0.17458051, dtype=float32), 'validation/accuracy': Array(0.75412, dtype=float32), 'validation/loss': Array(1.0794177, dtype=float32), 'validation/num_examples': 50000, 'test/accuracy': Array(0.6301, dtype=float32), 'test/loss': Array(1.8626338, dtype=float32), 'test/num_examples': 10000, 'score': 55937.934849500656, 'total_duration': 56699.74064064026, 'accumulated_submission_time': 55937.934849500656, 'accumulated_eval_time': 755.1613154411316, 'accumulated_logging_time': 4.11983323097229}
I0901 01:02:59.162255 139921973044992 logging_writer.py:48] [187529] accumulated_eval_time=755.161, accumulated_logging_time=4.11983, accumulated_submission_time=55937.9, global_step=187529, preemption_count=0, score=55937.9, test/accuracy=0.6301000118255615, test/loss=1.8626338243484497, test/num_examples=10000, total_duration=56699.7, train/accuracy=0.9502750039100647, train/loss=0.17458051443099976, validation/accuracy=0.7541199922561646, validation/loss=1.0794177055358887, validation/num_examples=50000
I0901 01:03:31.048881 139921981437696 logging_writer.py:48] [187600] global_step=187600, grad_norm=5.0552873611450195, loss=0.8531773090362549
I0901 01:04:26.473747 139921973044992 logging_writer.py:48] [187700] global_step=187700, grad_norm=5.0441789627075195, loss=0.9491626620292664
I0901 01:05:22.734743 139921981437696 logging_writer.py:48] [187800] global_step=187800, grad_norm=4.881083965301514, loss=0.8825333118438721
I0901 01:06:17.784700 139921973044992 logging_writer.py:48] [187900] global_step=187900, grad_norm=5.276174068450928, loss=1.0084288120269775
I0901 01:07:10.653075 139921981437696 logging_writer.py:48] [188000] global_step=188000, grad_norm=5.390972137451172, loss=0.9985030889511108
I0901 01:08:04.931979 139921973044992 logging_writer.py:48] [188100] global_step=188100, grad_norm=5.200099945068359, loss=1.002005934715271
I0901 01:09:00.006263 139921981437696 logging_writer.py:48] [188200] global_step=188200, grad_norm=5.166253566741943, loss=0.9224262237548828
I0901 01:09:54.547541 139921973044992 logging_writer.py:48] [188300] global_step=188300, grad_norm=5.234634876251221, loss=0.9185755252838135
I0901 01:10:47.165790 139921981437696 logging_writer.py:48] [188400] global_step=188400, grad_norm=5.326427936553955, loss=0.9326956272125244
I0901 01:11:42.773521 139921973044992 logging_writer.py:48] [188500] global_step=188500, grad_norm=5.128489971160889, loss=0.8571536540985107
I0901 01:12:34.626705 139921981437696 logging_writer.py:48] [188600] global_step=188600, grad_norm=5.2474493980407715, loss=0.98667973279953
I0901 01:13:26.110328 139921973044992 logging_writer.py:48] [188700] global_step=188700, grad_norm=4.736712455749512, loss=0.8138905763626099
I0901 01:14:18.096430 139921981437696 logging_writer.py:48] [188800] global_step=188800, grad_norm=5.008528232574463, loss=0.8929576873779297
I0901 01:15:09.769220 139921973044992 logging_writer.py:48] [188900] global_step=188900, grad_norm=5.39980411529541, loss=0.9717090725898743
I0901 01:16:05.374630 139921981437696 logging_writer.py:48] [189000] global_step=189000, grad_norm=5.026710033416748, loss=0.8971951007843018
I0901 01:17:00.960404 139921973044992 logging_writer.py:48] [189100] global_step=189100, grad_norm=4.8860673904418945, loss=0.8346412181854248
I0901 01:17:53.413143 139921981437696 logging_writer.py:48] [189200] global_step=189200, grad_norm=5.288318634033203, loss=0.9154367446899414
I0901 01:18:43.858082 139921973044992 logging_writer.py:48] [189300] global_step=189300, grad_norm=5.06822395324707, loss=0.9055982232093811
I0901 01:19:36.704804 139921981437696 logging_writer.py:48] [189400] global_step=189400, grad_norm=5.037821292877197, loss=0.880085825920105
I0901 01:20:27.571392 139921973044992 logging_writer.py:48] [189500] global_step=189500, grad_norm=5.314779281616211, loss=0.9614152312278748
I0901 01:21:17.397441 139921981437696 logging_writer.py:48] [189600] global_step=189600, grad_norm=4.8515777587890625, loss=0.9537127017974854
I0901 01:22:08.126554 139921973044992 logging_writer.py:48] [189700] global_step=189700, grad_norm=5.221658229827881, loss=0.9315382838249207
I0901 01:22:58.431252 139921981437696 logging_writer.py:48] [189800] global_step=189800, grad_norm=5.284745693206787, loss=1.0015546083450317
I0901 01:24:30.239079 139921973044992 logging_writer.py:48] [189900] global_step=189900, grad_norm=5.157924175262451, loss=0.9224256277084351
I0901 01:25:23.082668 139921981437696 logging_writer.py:48] [190000] global_step=190000, grad_norm=4.778889179229736, loss=0.888092577457428
I0901 01:26:14.564085 139921973044992 logging_writer.py:48] [190100] global_step=190100, grad_norm=4.892291069030762, loss=0.9181605577468872
I0901 01:27:08.934656 139921981437696 logging_writer.py:48] [190200] global_step=190200, grad_norm=4.901443958282471, loss=0.8633422255516052
I0901 01:28:00.946086 139921973044992 logging_writer.py:48] [190300] global_step=190300, grad_norm=4.89575719833374, loss=0.9246034026145935
I0901 01:28:52.790988 139921981437696 logging_writer.py:48] [190400] global_step=190400, grad_norm=4.997104644775391, loss=0.9447810649871826
I0901 01:29:46.139717 139921973044992 logging_writer.py:48] [190500] global_step=190500, grad_norm=5.318854331970215, loss=0.9533683061599731
I0901 01:30:37.706799 139921981437696 logging_writer.py:48] [190600] global_step=190600, grad_norm=4.854382038116455, loss=0.8871814608573914
I0901 01:31:31.441587 139921973044992 logging_writer.py:48] [190700] global_step=190700, grad_norm=5.193007469177246, loss=0.9621533751487732
I0901 01:32:21.884757 139921981437696 logging_writer.py:48] [190800] global_step=190800, grad_norm=5.226263999938965, loss=0.9242850542068481
I0901 01:33:12.359827 139921973044992 logging_writer.py:48] [190900] global_step=190900, grad_norm=5.1542816162109375, loss=0.9804941415786743
I0901 01:34:04.688625 139921981437696 logging_writer.py:48] [191000] global_step=191000, grad_norm=5.190145492553711, loss=0.956680417060852
I0901 01:34:57.583064 139921973044992 logging_writer.py:48] [191100] global_step=191100, grad_norm=5.337347507476807, loss=0.9686191082000732
I0901 01:35:49.485347 139921981437696 logging_writer.py:48] [191200] global_step=191200, grad_norm=5.126771926879883, loss=0.8767175078392029
I0901 01:36:14.784466 140117123622080 spec.py:333] Evaluating on the training split.
I0901 01:36:23.840844 140117123622080 spec.py:346] Evaluating on the validation split.
I0901 01:37:00.985019 140117123622080 spec.py:363] Evaluating on the test split.
I0901 01:37:02.092565 140117123622080 submission_runner.py:516] Time since start: 58743.22s, 	Step: 191248, 	{'train/accuracy': Array(0.9526666, dtype=float32), 'train/loss': Array(0.16960119, dtype=float32), 'validation/accuracy': Array(0.75324, dtype=float32), 'validation/loss': Array(1.0773498, dtype=float32), 'validation/num_examples': 50000, 'test/accuracy': Array(0.62750006, dtype=float32), 'test/loss': Array(1.8607931, dtype=float32), 'test/num_examples': 10000, 'score': 57933.47280240059, 'total_duration': 58743.22166013718, 'accumulated_submission_time': 57933.47280240059, 'accumulated_eval_time': 802.2567172050476, 'accumulated_logging_time': 4.655627489089966}
I0901 01:37:02.549392 139921973044992 logging_writer.py:48] [191248] accumulated_eval_time=802.257, accumulated_logging_time=4.65563, accumulated_submission_time=57933.5, global_step=191248, preemption_count=0, score=57933.5, test/accuracy=0.627500057220459, test/loss=1.860793113708496, test/num_examples=10000, total_duration=58743.2, train/accuracy=0.9526665806770325, train/loss=0.1696011871099472, validation/accuracy=0.7532399892807007, validation/loss=1.0773497819900513, validation/num_examples=50000
I0901 01:37:24.228398 139921981437696 logging_writer.py:48] [191300] global_step=191300, grad_norm=4.965222358703613, loss=0.9512377977371216
I0901 01:38:17.418574 139921973044992 logging_writer.py:48] [191400] global_step=191400, grad_norm=5.214223384857178, loss=0.9174201488494873
I0901 01:39:12.246126 139921981437696 logging_writer.py:48] [191500] global_step=191500, grad_norm=5.250522613525391, loss=0.9576627612113953
I0901 01:40:05.088099 139921973044992 logging_writer.py:48] [191600] global_step=191600, grad_norm=5.283293724060059, loss=0.9859845042228699
I0901 01:40:58.027176 139921981437696 logging_writer.py:48] [191700] global_step=191700, grad_norm=5.149753570556641, loss=0.9414466619491577
I0901 01:41:51.427153 139921973044992 logging_writer.py:48] [191800] global_step=191800, grad_norm=5.255005359649658, loss=0.9645184874534607
I0901 01:42:45.233397 139921981437696 logging_writer.py:48] [191900] global_step=191900, grad_norm=5.094380855560303, loss=0.9526503682136536
I0901 01:43:37.095499 139921973044992 logging_writer.py:48] [192000] global_step=192000, grad_norm=4.880415439605713, loss=0.9083675146102905
I0901 01:44:28.529417 139921981437696 logging_writer.py:48] [192100] global_step=192100, grad_norm=4.588733196258545, loss=0.8435249328613281
I0901 01:45:21.572044 139921973044992 logging_writer.py:48] [192200] global_step=192200, grad_norm=5.401425361633301, loss=1.003023386001587
I0901 01:46:12.135546 139921981437696 logging_writer.py:48] [192300] global_step=192300, grad_norm=5.231875419616699, loss=0.9462592005729675
I0901 01:47:03.087225 139921973044992 logging_writer.py:48] [192400] global_step=192400, grad_norm=4.936215877532959, loss=0.9570009708404541
I0901 01:47:56.094242 139921981437696 logging_writer.py:48] [192500] global_step=192500, grad_norm=5.036055564880371, loss=0.9078521132469177
I0901 01:48:49.636021 139921973044992 logging_writer.py:48] [192600] global_step=192600, grad_norm=5.109737873077393, loss=0.8998677730560303
I0901 01:49:43.236303 139921981437696 logging_writer.py:48] [192700] global_step=192700, grad_norm=5.198482513427734, loss=0.953162670135498
I0901 01:50:34.654071 139921973044992 logging_writer.py:48] [192800] global_step=192800, grad_norm=5.020749092102051, loss=0.925717830657959
I0901 01:51:29.916932 139921981437696 logging_writer.py:48] [192900] global_step=192900, grad_norm=5.078593730926514, loss=0.8988884687423706
I0901 01:52:22.856111 139921973044992 logging_writer.py:48] [193000] global_step=193000, grad_norm=5.165898323059082, loss=0.9427819848060608
I0901 01:53:16.055649 139921981437696 logging_writer.py:48] [193100] global_step=193100, grad_norm=5.101173400878906, loss=0.8990031480789185
I0901 01:54:08.646626 139921973044992 logging_writer.py:48] [193200] global_step=193200, grad_norm=5.036683082580566, loss=0.9112943410873413
I0901 01:55:00.528355 139921981437696 logging_writer.py:48] [193300] global_step=193300, grad_norm=4.939996719360352, loss=0.9027379751205444
I0901 01:55:51.927682 139921973044992 logging_writer.py:48] [193400] global_step=193400, grad_norm=5.021849155426025, loss=0.9198101758956909
I0901 01:56:44.068458 139921981437696 logging_writer.py:48] [193500] global_step=193500, grad_norm=4.999680042266846, loss=0.8867872953414917
I0901 01:57:35.746225 139921973044992 logging_writer.py:48] [193600] global_step=193600, grad_norm=5.057677745819092, loss=0.9064480066299438
I0901 01:58:28.347533 139921981437696 logging_writer.py:48] [193700] global_step=193700, grad_norm=5.371496200561523, loss=0.8994989395141602
I0901 01:59:21.092986 139921973044992 logging_writer.py:48] [193800] global_step=193800, grad_norm=4.836759567260742, loss=0.8914552927017212
I0901 02:00:13.717348 139921981437696 logging_writer.py:48] [193900] global_step=193900, grad_norm=5.162883281707764, loss=0.896181583404541
I0901 02:01:07.772658 139921973044992 logging_writer.py:48] [194000] global_step=194000, grad_norm=5.589412212371826, loss=1.0284178256988525
I0901 02:02:01.709980 139921981437696 logging_writer.py:48] [194100] global_step=194100, grad_norm=5.44589900970459, loss=1.010350227355957
I0901 02:02:54.295519 139921973044992 logging_writer.py:48] [194200] global_step=194200, grad_norm=4.789029121398926, loss=0.9262799024581909
I0901 02:03:45.731281 139921981437696 logging_writer.py:48] [194300] global_step=194300, grad_norm=4.981706619262695, loss=0.9026138186454773
I0901 02:04:36.785225 139921973044992 logging_writer.py:48] [194400] global_step=194400, grad_norm=5.011269569396973, loss=0.896692156791687
I0901 02:05:27.995505 139921981437696 logging_writer.py:48] [194500] global_step=194500, grad_norm=5.18145227432251, loss=0.9410532712936401
I0901 02:06:19.586856 139921973044992 logging_writer.py:48] [194600] global_step=194600, grad_norm=5.097621917724609, loss=0.9324361681938171
I0901 02:07:12.263051 139921981437696 logging_writer.py:48] [194700] global_step=194700, grad_norm=5.332058906555176, loss=0.9835844039916992
I0901 02:08:03.417804 139921973044992 logging_writer.py:48] [194800] global_step=194800, grad_norm=5.214462757110596, loss=0.9546920657157898
I0901 02:08:55.138225 139921981437696 logging_writer.py:48] [194900] global_step=194900, grad_norm=4.8901238441467285, loss=0.8676942586898804
I0901 02:09:47.070426 139921973044992 logging_writer.py:48] [195000] global_step=195000, grad_norm=5.327489376068115, loss=1.0178062915802002
I0901 02:10:18.229437 140117123622080 spec.py:333] Evaluating on the training split.
I0901 02:10:28.128048 140117123622080 spec.py:346] Evaluating on the validation split.
I0901 02:10:53.903997 140117123622080 spec.py:363] Evaluating on the test split.
I0901 02:10:55.008352 140117123622080 submission_runner.py:516] Time since start: 60776.14s, 	Step: 195063, 	{'train/accuracy': Array(0.952547, dtype=float32), 'train/loss': Array(0.17043896, dtype=float32), 'validation/accuracy': Array(0.75376, dtype=float32), 'validation/loss': Array(1.0782413, dtype=float32), 'validation/num_examples': 50000, 'test/accuracy': Array(0.62990004, dtype=float32), 'test/loss': Array(1.8617669, dtype=float32), 'test/num_examples': 10000, 'score': 59929.071627378464, 'total_duration': 60776.140051841736, 'accumulated_submission_time': 59929.071627378464, 'accumulated_eval_time': 838.8255090713501, 'accumulated_logging_time': 5.14893364906311}
I0901 02:10:55.513598 139921981437696 logging_writer.py:48] [195063] accumulated_eval_time=838.826, accumulated_logging_time=5.14893, accumulated_submission_time=59929.1, global_step=195063, preemption_count=0, score=59929.1, test/accuracy=0.6299000382423401, test/loss=1.8617669343948364, test/num_examples=10000, total_duration=60776.1, train/accuracy=0.952547013759613, train/loss=0.1704389601945877, validation/accuracy=0.7537599802017212, validation/loss=1.0782413482666016, validation/num_examples=50000
I0901 02:11:09.974606 139921973044992 logging_writer.py:48] [195100] global_step=195100, grad_norm=4.962231636047363, loss=0.9323058128356934
I0901 02:12:01.298951 139921981437696 logging_writer.py:48] [195200] global_step=195200, grad_norm=5.355375289916992, loss=1.0366965532302856
I0901 02:12:53.375477 139921973044992 logging_writer.py:48] [195300] global_step=195300, grad_norm=5.147257328033447, loss=0.9325547814369202
I0901 02:13:45.191291 139921981437696 logging_writer.py:48] [195400] global_step=195400, grad_norm=5.116206645965576, loss=0.9177793264389038
I0901 02:14:35.097245 139921973044992 logging_writer.py:48] [195500] global_step=195500, grad_norm=4.9716315269470215, loss=0.901709794998169
I0901 02:15:23.393985 139921981437696 logging_writer.py:48] [195600] global_step=195600, grad_norm=5.568150997161865, loss=0.9556702375411987
I0901 02:16:13.965560 139921973044992 logging_writer.py:48] [195700] global_step=195700, grad_norm=4.887110710144043, loss=0.8821663856506348
I0901 02:17:03.760162 139921981437696 logging_writer.py:48] [195800] global_step=195800, grad_norm=5.1680121421813965, loss=0.9795944094657898
I0901 02:17:53.850679 139921973044992 logging_writer.py:48] [195900] global_step=195900, grad_norm=4.82769250869751, loss=0.9166573882102966
I0901 02:18:43.318243 139921981437696 logging_writer.py:48] [196000] global_step=196000, grad_norm=4.985692501068115, loss=0.9455525279045105
I0901 02:19:31.356673 139921973044992 logging_writer.py:48] [196100] global_step=196100, grad_norm=5.427358150482178, loss=0.939242959022522
I0901 02:20:21.255217 139921981437696 logging_writer.py:48] [196200] global_step=196200, grad_norm=5.015539646148682, loss=0.903001606464386
I0901 02:21:08.737277 139921973044992 logging_writer.py:48] [196300] global_step=196300, grad_norm=5.088765621185303, loss=0.8802263140678406
I0901 02:21:57.734168 139921981437696 logging_writer.py:48] [196400] global_step=196400, grad_norm=5.157571792602539, loss=1.0119541883468628
I0901 02:22:47.937780 139921973044992 logging_writer.py:48] [196500] global_step=196500, grad_norm=5.035524368286133, loss=0.8622300624847412
I0901 02:23:36.406256 139921981437696 logging_writer.py:48] [196600] global_step=196600, grad_norm=5.196810722351074, loss=0.9526710510253906
I0901 02:24:24.311015 139921973044992 logging_writer.py:48] [196700] global_step=196700, grad_norm=5.130920886993408, loss=0.8986252546310425
I0901 02:25:13.479273 139921981437696 logging_writer.py:48] [196800] global_step=196800, grad_norm=5.287567138671875, loss=0.9231606721878052
I0901 02:26:02.670312 139921973044992 logging_writer.py:48] [196900] global_step=196900, grad_norm=5.137923240661621, loss=0.8977866768836975
I0901 02:26:49.747238 139921981437696 logging_writer.py:48] [197000] global_step=197000, grad_norm=4.969734191894531, loss=0.9156674146652222
I0901 02:27:37.795878 139921973044992 logging_writer.py:48] [197100] global_step=197100, grad_norm=4.644207954406738, loss=0.8736706972122192
I0901 02:28:29.002897 139921981437696 logging_writer.py:48] [197200] global_step=197200, grad_norm=5.357461452484131, loss=0.9754260778427124
I0901 02:29:21.719686 139921973044992 logging_writer.py:48] [197300] global_step=197300, grad_norm=4.856748104095459, loss=0.8386725783348083
I0901 02:30:11.476858 139921981437696 logging_writer.py:48] [197400] global_step=197400, grad_norm=4.912690162658691, loss=0.8917994499206543
I0901 02:30:59.713081 139921973044992 logging_writer.py:48] [197500] global_step=197500, grad_norm=5.249939918518066, loss=0.9795364141464233
I0901 02:31:48.810260 139921981437696 logging_writer.py:48] [197600] global_step=197600, grad_norm=5.090019226074219, loss=0.875196635723114
I0901 02:32:39.807876 139921973044992 logging_writer.py:48] [197700] global_step=197700, grad_norm=5.377240180969238, loss=0.9122577905654907
I0901 02:33:30.028276 139921981437696 logging_writer.py:48] [197800] global_step=197800, grad_norm=5.234877586364746, loss=0.9337693452835083
I0901 02:34:18.058208 139921973044992 logging_writer.py:48] [197900] global_step=197900, grad_norm=5.2935590744018555, loss=1.0175368785858154
I0901 02:35:03.789395 139921981437696 logging_writer.py:48] [198000] global_step=198000, grad_norm=5.093357086181641, loss=0.936771035194397
I0901 02:35:50.834189 139921973044992 logging_writer.py:48] [198100] global_step=198100, grad_norm=5.023231506347656, loss=0.9631994962692261
I0901 02:36:38.080610 139921981437696 logging_writer.py:48] [198200] global_step=198200, grad_norm=4.958556652069092, loss=0.9069747924804688
I0901 02:37:22.574887 139921973044992 logging_writer.py:48] [198300] global_step=198300, grad_norm=5.046252250671387, loss=0.9585158228874207
I0901 02:38:08.296819 139921981437696 logging_writer.py:48] [198400] global_step=198400, grad_norm=5.128335475921631, loss=0.9298807382583618
I0901 02:38:59.299488 139921973044992 logging_writer.py:48] [198500] global_step=198500, grad_norm=5.211721420288086, loss=0.9638482928276062
I0901 02:39:48.790218 139921981437696 logging_writer.py:48] [198600] global_step=198600, grad_norm=4.835295677185059, loss=0.905436635017395
I0901 02:40:38.674258 139921973044992 logging_writer.py:48] [198700] global_step=198700, grad_norm=5.416763782501221, loss=0.9534271955490112
I0901 02:41:31.032259 139921981437696 logging_writer.py:48] [198800] global_step=198800, grad_norm=4.994711875915527, loss=0.8898618817329407
I0901 02:42:24.211749 139921973044992 logging_writer.py:48] [198900] global_step=198900, grad_norm=5.025669574737549, loss=0.8643783330917358
I0901 02:43:19.190202 139921981437696 logging_writer.py:48] [199000] global_step=199000, grad_norm=4.953948497772217, loss=0.9254442453384399
I0901 02:44:10.862057 140117123622080 spec.py:333] Evaluating on the training split.
I0901 02:44:20.644100 140117123622080 spec.py:346] Evaluating on the validation split.
I0901 02:44:56.145433 140117123622080 spec.py:363] Evaluating on the test split.
I0901 02:44:57.279415 140117123622080 submission_runner.py:516] Time since start: 62818.38s, 	Step: 199096, 	{'train/accuracy': Array(0.95272636, dtype=float32), 'train/loss': Array(0.16754384, dtype=float32), 'validation/accuracy': Array(0.7528, dtype=float32), 'validation/loss': Array(1.078183, dtype=float32), 'validation/num_examples': 50000, 'test/accuracy': Array(0.62920004, dtype=float32), 'test/loss': Array(1.8614823, dtype=float32), 'test/num_examples': 10000, 'score': 61924.34237098694, 'total_duration': 62818.38122630119, 'accumulated_submission_time': 61924.34237098694, 'accumulated_eval_time': 885.0028548240662, 'accumulated_logging_time': 5.6843955516815186}
I0901 02:44:57.779118 139921973044992 logging_writer.py:48] [199096] accumulated_eval_time=885.003, accumulated_logging_time=5.6844, accumulated_submission_time=61924.3, global_step=199096, preemption_count=0, score=61924.3, test/accuracy=0.6292000412940979, test/loss=1.8614822626113892, test/num_examples=10000, total_duration=62818.4, train/accuracy=0.9527263641357422, train/loss=0.16754384338855743, validation/accuracy=0.7527999877929688, validation/loss=1.0781830549240112, validation/num_examples=50000
I0901 02:44:59.194190 139921981437696 logging_writer.py:48] [199100] global_step=199100, grad_norm=4.854145050048828, loss=0.859321653842926
I0901 02:45:46.969334 139921973044992 logging_writer.py:48] [199200] global_step=199200, grad_norm=5.089237213134766, loss=0.9018992185592651
I0901 02:46:39.638283 139921981437696 logging_writer.py:48] [199300] global_step=199300, grad_norm=5.23795223236084, loss=0.9640636444091797
I0901 02:47:33.028141 139921973044992 logging_writer.py:48] [199400] global_step=199400, grad_norm=4.986812591552734, loss=0.8238881230354309
I0901 02:48:27.184502 139921981437696 logging_writer.py:48] [199500] global_step=199500, grad_norm=5.274386405944824, loss=0.9509237408638
I0901 02:49:19.819572 139921973044992 logging_writer.py:48] [199600] global_step=199600, grad_norm=5.455211639404297, loss=0.9987109899520874
I0901 02:50:12.595806 139921981437696 logging_writer.py:48] [199700] global_step=199700, grad_norm=5.5727458000183105, loss=0.9921669960021973
I0901 02:51:09.677159 139921973044992 logging_writer.py:48] [199800] global_step=199800, grad_norm=5.080610752105713, loss=0.8806011080741882
I0901 02:52:05.609390 139921981437696 logging_writer.py:48] [199900] global_step=199900, grad_norm=5.198128700256348, loss=0.9039404988288879
I0901 02:53:03.700288 139921973044992 logging_writer.py:48] [200000] global_step=200000, grad_norm=4.808097839355469, loss=0.8420426845550537
I0901 02:54:01.080299 139921981437696 logging_writer.py:48] [200100] global_step=200100, grad_norm=5.227399826049805, loss=0.8521677851676941
I0901 02:55:00.848187 139921973044992 logging_writer.py:48] [200200] global_step=200200, grad_norm=4.977720737457275, loss=0.9349397420883179
I0901 02:55:56.363418 139921981437696 logging_writer.py:48] [200300] global_step=200300, grad_norm=5.19509744644165, loss=0.9569917917251587
I0901 02:56:52.878339 139921973044992 logging_writer.py:48] [200400] global_step=200400, grad_norm=4.92441987991333, loss=0.908467173576355
I0901 02:57:46.113277 139921981437696 logging_writer.py:48] [200500] global_step=200500, grad_norm=5.271442413330078, loss=0.9538626670837402
I0901 02:58:37.599506 139921973044992 logging_writer.py:48] [200600] global_step=200600, grad_norm=5.081338405609131, loss=0.9512836933135986
I0901 02:59:30.615411 139921981437696 logging_writer.py:48] [200700] global_step=200700, grad_norm=4.992593765258789, loss=0.8736499547958374
I0901 03:00:22.289846 139921973044992 logging_writer.py:48] [200800] global_step=200800, grad_norm=4.961019515991211, loss=0.9846526384353638
I0901 03:01:14.717590 139921981437696 logging_writer.py:48] [200900] global_step=200900, grad_norm=4.981587886810303, loss=0.8737311363220215
I0901 03:02:06.278768 139921973044992 logging_writer.py:48] [201000] global_step=201000, grad_norm=4.794268608093262, loss=0.8757073879241943
I0901 03:02:57.674258 139921981437696 logging_writer.py:48] [201100] global_step=201100, grad_norm=4.9438629150390625, loss=0.9370888471603394
I0901 03:03:49.692721 139921973044992 logging_writer.py:48] [201200] global_step=201200, grad_norm=5.2072014808654785, loss=0.9215210676193237
I0901 03:04:41.853460 139921981437696 logging_writer.py:48] [201300] global_step=201300, grad_norm=5.327813148498535, loss=1.0010875463485718
I0901 03:05:35.143156 139921973044992 logging_writer.py:48] [201400] global_step=201400, grad_norm=4.959412097930908, loss=0.8991104364395142
I0901 03:06:28.189674 139921981437696 logging_writer.py:48] [201500] global_step=201500, grad_norm=5.096189022064209, loss=0.9464887380599976
I0901 03:07:18.340505 139921973044992 logging_writer.py:48] [201600] global_step=201600, grad_norm=5.152906894683838, loss=0.9395279288291931
I0901 03:08:11.856630 139921981437696 logging_writer.py:48] [201700] global_step=201700, grad_norm=4.800223350524902, loss=0.8782333135604858
I0901 03:09:05.545010 139921973044992 logging_writer.py:48] [201800] global_step=201800, grad_norm=5.436853408813477, loss=0.9561561346054077
I0901 03:09:58.731142 139921981437696 logging_writer.py:48] [201900] global_step=201900, grad_norm=5.081823348999023, loss=0.8984829187393188
I0901 03:10:50.760534 139921973044992 logging_writer.py:48] [202000] global_step=202000, grad_norm=5.0473952293396, loss=0.8901992440223694
I0901 03:11:42.116919 139921981437696 logging_writer.py:48] [202100] global_step=202100, grad_norm=5.043544292449951, loss=0.9282650947570801
I0901 03:12:32.517793 139921973044992 logging_writer.py:48] [202200] global_step=202200, grad_norm=5.1276068687438965, loss=0.9304385185241699
I0901 03:13:22.944142 139921981437696 logging_writer.py:48] [202300] global_step=202300, grad_norm=4.6825175285339355, loss=0.8543671369552612
I0901 03:14:15.851419 139921973044992 logging_writer.py:48] [202400] global_step=202400, grad_norm=5.577588081359863, loss=0.9244983792304993
I0901 03:15:07.560393 139921981437696 logging_writer.py:48] [202500] global_step=202500, grad_norm=5.269078254699707, loss=0.8966765999794006
I0901 03:15:59.912837 139921973044992 logging_writer.py:48] [202600] global_step=202600, grad_norm=5.241589546203613, loss=0.9816130995750427
I0901 03:16:55.945526 139921981437696 logging_writer.py:48] [202700] global_step=202700, grad_norm=5.06398868560791, loss=0.8747780919075012
I0901 03:17:48.090250 139921973044992 logging_writer.py:48] [202800] global_step=202800, grad_norm=4.878236770629883, loss=0.82566237449646
I0901 03:18:13.433534 140117123622080 spec.py:333] Evaluating on the training split.
I0901 03:18:22.168696 140117123622080 spec.py:346] Evaluating on the validation split.
I0901 03:18:50.475713 140117123622080 spec.py:363] Evaluating on the test split.
I0901 03:18:51.631839 140117123622080 submission_runner.py:516] Time since start: 64852.71s, 	Step: 202849, 	{'train/accuracy': Array(0.9549585, dtype=float32), 'train/loss': Array(0.15947141, dtype=float32), 'validation/accuracy': Array(0.75386, dtype=float32), 'validation/loss': Array(1.0782359, dtype=float32), 'validation/num_examples': 50000, 'test/accuracy': Array(0.62990004, dtype=float32), 'test/loss': Array(1.8620335, dtype=float32), 'test/num_examples': 10000, 'score': 63919.883076667786, 'total_duration': 64852.70789504051, 'accumulated_submission_time': 63919.883076667786, 'accumulated_eval_time': 922.9353837966919, 'accumulated_logging_time': 6.243690252304077}
I0901 03:18:52.048099 139921981437696 logging_writer.py:48] [202849] accumulated_eval_time=922.935, accumulated_logging_time=6.24369, accumulated_submission_time=63919.9, global_step=202849, preemption_count=0, score=63919.9, test/accuracy=0.6299000382423401, test/loss=1.862033486366272, test/num_examples=10000, total_duration=64852.7, train/accuracy=0.9549584984779358, train/loss=0.15947140753269196, validation/accuracy=0.7538599967956543, validation/loss=1.0782358646392822, validation/num_examples=50000
I0901 03:19:13.379885 139921973044992 logging_writer.py:48] [202900] global_step=202900, grad_norm=5.142001152038574, loss=1.0034464597702026
I0901 03:20:04.308067 139921981437696 logging_writer.py:48] [203000] global_step=203000, grad_norm=5.087765216827393, loss=0.9284964203834534
I0901 03:20:55.790158 139921973044992 logging_writer.py:48] [203100] global_step=203100, grad_norm=5.133492469787598, loss=0.9225966930389404
I0901 03:21:48.814392 139921981437696 logging_writer.py:48] [203200] global_step=203200, grad_norm=4.966383457183838, loss=0.9408687353134155
I0901 03:22:41.410773 139921973044992 logging_writer.py:48] [203300] global_step=203300, grad_norm=5.141142845153809, loss=0.8789050579071045
I0901 03:23:32.975736 139921981437696 logging_writer.py:48] [203400] global_step=203400, grad_norm=5.227304458618164, loss=0.9915010929107666
I0901 03:24:24.918745 139921973044992 logging_writer.py:48] [203500] global_step=203500, grad_norm=4.931765079498291, loss=0.8931645154953003
I0901 03:25:16.512228 139921981437696 logging_writer.py:48] [203600] global_step=203600, grad_norm=4.994811058044434, loss=0.9263933300971985
I0901 03:26:06.918324 139921973044992 logging_writer.py:48] [203700] global_step=203700, grad_norm=5.153566360473633, loss=0.8871217370033264
I0901 03:26:59.221386 139921981437696 logging_writer.py:48] [203800] global_step=203800, grad_norm=5.4974565505981445, loss=1.0241471529006958
I0901 03:27:50.347560 139921973044992 logging_writer.py:48] [203900] global_step=203900, grad_norm=5.024063587188721, loss=0.943141520023346
I0901 03:28:44.751027 139921981437696 logging_writer.py:48] [204000] global_step=204000, grad_norm=5.485108852386475, loss=1.0129190683364868
I0901 03:29:35.367842 139921973044992 logging_writer.py:48] [204100] global_step=204100, grad_norm=4.938610076904297, loss=0.9177238941192627
I0901 03:30:26.949898 139921981437696 logging_writer.py:48] [204200] global_step=204200, grad_norm=5.197873115539551, loss=0.855902910232544
I0901 03:31:19.963916 139921973044992 logging_writer.py:48] [204300] global_step=204300, grad_norm=4.938788890838623, loss=0.8780633211135864
I0901 03:32:12.997174 139921981437696 logging_writer.py:48] [204400] global_step=204400, grad_norm=5.16373872756958, loss=0.8628950119018555
I0901 03:33:03.203662 139921973044992 logging_writer.py:48] [204500] global_step=204500, grad_norm=5.19012451171875, loss=0.9914536476135254
I0901 03:33:53.742640 139921981437696 logging_writer.py:48] [204600] global_step=204600, grad_norm=4.852474212646484, loss=0.8646405339241028
I0901 03:34:46.189434 139921973044992 logging_writer.py:48] [204700] global_step=204700, grad_norm=5.131824970245361, loss=0.910761833190918
I0901 03:35:35.398241 139921981437696 logging_writer.py:48] [204800] global_step=204800, grad_norm=5.081014633178711, loss=0.9338768720626831
I0901 03:36:27.425194 139921973044992 logging_writer.py:48] [204900] global_step=204900, grad_norm=5.310151100158691, loss=0.9057902693748474
I0901 03:37:19.602013 139921981437696 logging_writer.py:48] [205000] global_step=205000, grad_norm=4.9742021560668945, loss=0.855685293674469
I0901 03:38:10.250192 139921973044992 logging_writer.py:48] [205100] global_step=205100, grad_norm=5.082778453826904, loss=0.8521609306335449
I0901 03:39:02.668349 139921981437696 logging_writer.py:48] [205200] global_step=205200, grad_norm=5.022729873657227, loss=0.849153995513916
I0901 03:39:52.714936 139921973044992 logging_writer.py:48] [205300] global_step=205300, grad_norm=5.30662202835083, loss=0.9881296157836914
I0901 03:40:44.900432 139921981437696 logging_writer.py:48] [205400] global_step=205400, grad_norm=5.740540027618408, loss=1.0138365030288696
I0901 03:41:38.015750 139921973044992 logging_writer.py:48] [205500] global_step=205500, grad_norm=5.424652099609375, loss=1.0562061071395874
I0901 03:42:29.776018 139921981437696 logging_writer.py:48] [205600] global_step=205600, grad_norm=5.0391154289245605, loss=0.8735479116439819
I0901 03:43:20.968653 139921973044992 logging_writer.py:48] [205700] global_step=205700, grad_norm=4.934131622314453, loss=0.8910331726074219
I0901 03:44:11.798535 139921981437696 logging_writer.py:48] [205800] global_step=205800, grad_norm=4.737799644470215, loss=0.8327043056488037
I0901 03:45:00.570166 139921973044992 logging_writer.py:48] [205900] global_step=205900, grad_norm=5.240020275115967, loss=0.9855616688728333
I0901 03:45:49.874439 139921981437696 logging_writer.py:48] [206000] global_step=206000, grad_norm=5.215758323669434, loss=0.9970656633377075
I0901 03:46:39.591671 139921973044992 logging_writer.py:48] [206100] global_step=206100, grad_norm=5.039385795593262, loss=0.7976914048194885
I0901 03:47:29.685153 139921981437696 logging_writer.py:48] [206200] global_step=206200, grad_norm=4.991382598876953, loss=0.9156073331832886
I0901 03:48:19.039177 139921973044992 logging_writer.py:48] [206300] global_step=206300, grad_norm=4.636569023132324, loss=0.8123666048049927
I0901 03:49:08.481129 139921981437696 logging_writer.py:48] [206400] global_step=206400, grad_norm=5.1354594230651855, loss=0.967815637588501
I0901 03:49:59.253669 139921973044992 logging_writer.py:48] [206500] global_step=206500, grad_norm=5.37056827545166, loss=0.9465696215629578
I0901 03:50:49.545297 139921981437696 logging_writer.py:48] [206600] global_step=206600, grad_norm=5.5642313957214355, loss=1.0446619987487793
I0901 03:51:41.427504 139921973044992 logging_writer.py:48] [206700] global_step=206700, grad_norm=4.826991558074951, loss=0.8509694933891296
I0901 03:52:07.605539 140117123622080 spec.py:333] Evaluating on the training split.
I0901 03:52:18.121912 140117123622080 spec.py:346] Evaluating on the validation split.
I0901 03:52:39.711435 140117123622080 spec.py:363] Evaluating on the test split.
I0901 03:52:40.791242 140117123622080 submission_runner.py:516] Time since start: 66881.94s, 	Step: 206754, 	{'train/accuracy': Array(0.9528858, dtype=float32), 'train/loss': Array(0.16299346, dtype=float32), 'validation/accuracy': Array(0.75408, dtype=float32), 'validation/loss': Array(1.0789212, dtype=float32), 'validation/num_examples': 50000, 'test/accuracy': Array(0.629, dtype=float32), 'test/loss': Array(1.8630679, dtype=float32), 'test/num_examples': 10000, 'score': 65915.35211348534, 'total_duration': 66881.94443774223, 'accumulated_submission_time': 65915.35211348534, 'accumulated_eval_time': 955.9324560165405, 'accumulated_logging_time': 6.702232837677002}
I0901 03:52:41.289181 139921981437696 logging_writer.py:48] [206754] accumulated_eval_time=955.932, accumulated_logging_time=6.70223, accumulated_submission_time=65915.4, global_step=206754, preemption_count=0, score=65915.4, test/accuracy=0.6290000081062317, test/loss=1.863067865371704, test/num_examples=10000, total_duration=66881.9, train/accuracy=0.9528858065605164, train/loss=0.16299346089363098, validation/accuracy=0.7540799975395203, validation/loss=1.0789211988449097, validation/num_examples=50000
I0901 03:52:58.312817 139921973044992 logging_writer.py:48] [206800] global_step=206800, grad_norm=5.094330787658691, loss=0.8758286237716675
I0901 03:53:48.493738 139921981437696 logging_writer.py:48] [206900] global_step=206900, grad_norm=5.102592468261719, loss=0.9203047156333923
I0901 03:54:39.537535 139921973044992 logging_writer.py:48] [207000] global_step=207000, grad_norm=5.244966506958008, loss=0.9406728744506836
I0901 03:55:28.573068 139921981437696 logging_writer.py:48] [207100] global_step=207100, grad_norm=5.275124549865723, loss=0.8883792757987976
I0901 03:56:19.056848 139921973044992 logging_writer.py:48] [207200] global_step=207200, grad_norm=5.062265872955322, loss=0.8934289813041687
I0901 03:57:08.751048 139921981437696 logging_writer.py:48] [207300] global_step=207300, grad_norm=4.986675262451172, loss=0.8484734892845154
I0901 03:57:57.188901 139921973044992 logging_writer.py:48] [207400] global_step=207400, grad_norm=5.077184677124023, loss=0.9095171689987183
I0901 03:58:47.225306 139921981437696 logging_writer.py:48] [207500] global_step=207500, grad_norm=5.179933547973633, loss=0.9289082288742065
I0901 03:59:37.140421 139921973044992 logging_writer.py:48] [207600] global_step=207600, grad_norm=5.29863166809082, loss=0.9422008395195007
I0901 04:00:26.740118 139921981437696 logging_writer.py:48] [207700] global_step=207700, grad_norm=5.251464366912842, loss=0.9219319820404053
I0901 04:01:16.944646 139921973044992 logging_writer.py:48] [207800] global_step=207800, grad_norm=4.6855926513671875, loss=0.8318419456481934
I0901 04:02:06.936469 139921981437696 logging_writer.py:48] [207900] global_step=207900, grad_norm=4.9897003173828125, loss=0.9507322311401367
I0901 04:02:55.379743 139921973044992 logging_writer.py:48] [208000] global_step=208000, grad_norm=5.17241096496582, loss=0.8975096344947815
I0901 04:03:42.229098 139921981437696 logging_writer.py:48] [208100] global_step=208100, grad_norm=5.391748428344727, loss=0.995088517665863
I0901 04:04:32.189775 139921973044992 logging_writer.py:48] [208200] global_step=208200, grad_norm=5.198868274688721, loss=0.879770040512085
I0901 04:05:21.101728 139921981437696 logging_writer.py:48] [208300] global_step=208300, grad_norm=5.233975410461426, loss=0.9455336928367615
I0901 04:06:10.929483 139921973044992 logging_writer.py:48] [208400] global_step=208400, grad_norm=5.496593952178955, loss=0.9707695841789246
I0901 04:06:59.734660 139921981437696 logging_writer.py:48] [208500] global_step=208500, grad_norm=4.978848457336426, loss=0.8897007703781128
I0901 04:07:50.025379 139921973044992 logging_writer.py:48] [208600] global_step=208600, grad_norm=4.978503227233887, loss=0.8678510189056396
I0901 04:08:40.087639 139921981437696 logging_writer.py:48] [208700] global_step=208700, grad_norm=5.045394420623779, loss=0.887261688709259
I0901 04:09:28.547085 139921973044992 logging_writer.py:48] [208800] global_step=208800, grad_norm=5.402185440063477, loss=0.9732722640037537
I0901 04:10:16.197018 139921981437696 logging_writer.py:48] [208900] global_step=208900, grad_norm=5.222142219543457, loss=0.9825078845024109
I0901 04:11:06.903146 139921973044992 logging_writer.py:48] [209000] global_step=209000, grad_norm=5.459487438201904, loss=0.9618760347366333
I0901 04:11:57.181123 139921981437696 logging_writer.py:48] [209100] global_step=209100, grad_norm=5.219305992126465, loss=0.9284542798995972
I0901 04:12:49.172547 139921973044992 logging_writer.py:48] [209200] global_step=209200, grad_norm=5.160443305969238, loss=0.9863014221191406
I0901 04:13:38.323202 139921981437696 logging_writer.py:48] [209300] global_step=209300, grad_norm=5.289532661437988, loss=1.007180094718933
I0901 04:14:28.226255 139921973044992 logging_writer.py:48] [209400] global_step=209400, grad_norm=5.095505237579346, loss=0.9366816282272339
I0901 04:15:19.582709 139921981437696 logging_writer.py:48] [209500] global_step=209500, grad_norm=5.150091648101807, loss=0.9685860276222229
I0901 04:16:08.088450 139921973044992 logging_writer.py:48] [209600] global_step=209600, grad_norm=5.289364337921143, loss=0.9760082960128784
I0901 04:16:57.685092 139921981437696 logging_writer.py:48] [209700] global_step=209700, grad_norm=5.325281143188477, loss=0.9625385403633118
I0901 04:17:47.713113 139921973044992 logging_writer.py:48] [209800] global_step=209800, grad_norm=5.133907794952393, loss=0.9025450944900513
I0901 04:18:36.650622 139921981437696 logging_writer.py:48] [209900] global_step=209900, grad_norm=5.200686931610107, loss=0.862160325050354
I0901 04:19:25.528101 139921973044992 logging_writer.py:48] [210000] global_step=210000, grad_norm=5.0692644119262695, loss=0.9429908990859985
I0901 04:20:11.494866 139921981437696 logging_writer.py:48] [210100] global_step=210100, grad_norm=5.548826694488525, loss=0.9137258529663086
I0901 04:21:00.616386 139921973044992 logging_writer.py:48] [210200] global_step=210200, grad_norm=5.013029098510742, loss=0.8738904595375061
I0901 04:21:47.690350 139921981437696 logging_writer.py:48] [210300] global_step=210300, grad_norm=4.992095947265625, loss=0.9276241660118103
I0901 04:22:35.217660 139921973044992 logging_writer.py:48] [210400] global_step=210400, grad_norm=5.023890018463135, loss=0.8646029829978943
I0901 04:23:23.607188 139921981437696 logging_writer.py:48] [210500] global_step=210500, grad_norm=4.9644293785095215, loss=0.8720778226852417
I0901 04:24:09.493642 139921973044992 logging_writer.py:48] [210600] global_step=210600, grad_norm=5.156888008117676, loss=0.9716874361038208
I0901 04:24:56.879058 139921981437696 logging_writer.py:48] [210700] global_step=210700, grad_norm=5.001516342163086, loss=0.9196484684944153
I0901 04:25:43.094339 139921973044992 logging_writer.py:48] [210800] global_step=210800, grad_norm=5.292616844177246, loss=0.9546539783477783
I0901 04:25:56.720865 140117123622080 spec.py:333] Evaluating on the training split.
I0901 04:26:05.505845 140117123622080 spec.py:346] Evaluating on the validation split.
I0901 04:26:35.908888 140117123622080 spec.py:363] Evaluating on the test split.
I0901 04:26:36.978410 140117123622080 submission_runner.py:516] Time since start: 68918.14s, 	Step: 210830, 	{'train/accuracy': Array(0.9546795, dtype=float32), 'train/loss': Array(0.16126078, dtype=float32), 'validation/accuracy': Array(0.75395995, dtype=float32), 'validation/loss': Array(1.0778822, dtype=float32), 'validation/num_examples': 50000, 'test/accuracy': Array(0.6302, dtype=float32), 'test/loss': Array(1.8621116, dtype=float32), 'test/num_examples': 10000, 'score': 67910.6963338852, 'total_duration': 68918.14360046387, 'accumulated_submission_time': 67910.6963338852, 'accumulated_eval_time': 996.0133640766144, 'accumulated_logging_time': 7.245025157928467}
I0901 04:26:37.505176 139921981437696 logging_writer.py:48] [210830] accumulated_eval_time=996.013, accumulated_logging_time=7.24503, accumulated_submission_time=67910.7, global_step=210830, preemption_count=0, score=67910.7, test/accuracy=0.6302000284194946, test/loss=1.8621115684509277, test/num_examples=10000, total_duration=68918.1, train/accuracy=0.9546794891357422, train/loss=0.16126078367233276, validation/accuracy=0.7539599537849426, validation/loss=1.077882170677185, validation/num_examples=50000
I0901 04:27:04.748293 139921973044992 logging_writer.py:48] [210900] global_step=210900, grad_norm=5.153116226196289, loss=0.8613507151603699
I0901 04:27:50.575899 139921981437696 logging_writer.py:48] [211000] global_step=211000, grad_norm=5.315664768218994, loss=0.9884841442108154
I0901 04:28:38.127283 139921973044992 logging_writer.py:48] [211100] global_step=211100, grad_norm=5.348547458648682, loss=0.9610521793365479
I0901 04:29:24.156081 139921981437696 logging_writer.py:48] [211200] global_step=211200, grad_norm=5.133537769317627, loss=0.928541898727417
I0901 04:30:09.637515 139921973044992 logging_writer.py:48] [211300] global_step=211300, grad_norm=4.98984956741333, loss=0.8715340495109558
I0901 04:30:57.871524 139921981437696 logging_writer.py:48] [211400] global_step=211400, grad_norm=5.457026958465576, loss=0.954578161239624
I0901 04:31:47.550090 139921973044992 logging_writer.py:48] [211500] global_step=211500, grad_norm=5.10288143157959, loss=0.9043671488761902
I0901 04:32:34.127412 139921981437696 logging_writer.py:48] [211600] global_step=211600, grad_norm=4.988109111785889, loss=0.8917821049690247
I0901 04:33:22.135970 139921973044992 logging_writer.py:48] [211700] global_step=211700, grad_norm=5.135811805725098, loss=0.9228299856185913
I0901 04:34:11.039785 139921981437696 logging_writer.py:48] [211800] global_step=211800, grad_norm=5.723660945892334, loss=0.9441190958023071
I0901 04:35:00.645313 139921973044992 logging_writer.py:48] [211900] global_step=211900, grad_norm=5.128077983856201, loss=0.8854506015777588
I0901 04:35:47.506135 139921981437696 logging_writer.py:48] [212000] global_step=212000, grad_norm=4.993853569030762, loss=0.9233067035675049
I0901 04:36:33.932691 139921973044992 logging_writer.py:48] [212100] global_step=212100, grad_norm=5.114875793457031, loss=0.8868685960769653
I0901 04:37:20.803683 139921981437696 logging_writer.py:48] [212200] global_step=212200, grad_norm=4.984254360198975, loss=0.9018019437789917
I0901 04:38:06.031008 139921973044992 logging_writer.py:48] [212300] global_step=212300, grad_norm=5.001010894775391, loss=0.874775767326355
I0901 04:38:52.582712 139921981437696 logging_writer.py:48] [212400] global_step=212400, grad_norm=4.961604118347168, loss=0.8020590543746948
I0901 04:39:38.552688 139921973044992 logging_writer.py:48] [212500] global_step=212500, grad_norm=5.018125057220459, loss=0.9557503461837769
I0901 04:40:23.841095 139921981437696 logging_writer.py:48] [212600] global_step=212600, grad_norm=4.893603324890137, loss=0.8804634213447571
I0901 04:41:12.472225 139921973044992 logging_writer.py:48] [212700] global_step=212700, grad_norm=5.377978801727295, loss=0.9779345989227295
I0901 04:41:57.533085 139921981437696 logging_writer.py:48] [212800] global_step=212800, grad_norm=5.202916145324707, loss=0.9589000940322876
I0901 04:42:43.749400 139921973044992 logging_writer.py:48] [212900] global_step=212900, grad_norm=5.011430263519287, loss=0.9092808365821838
I0901 04:43:30.002455 139921981437696 logging_writer.py:48] [213000] global_step=213000, grad_norm=5.072605133056641, loss=0.9081613421440125
I0901 04:44:14.980884 139921973044992 logging_writer.py:48] [213100] global_step=213100, grad_norm=4.945305824279785, loss=0.8509699106216431
I0901 04:45:00.253943 139921981437696 logging_writer.py:48] [213200] global_step=213200, grad_norm=5.066500186920166, loss=0.8990758657455444
I0901 04:45:46.605411 139921973044992 logging_writer.py:48] [213300] global_step=213300, grad_norm=5.114422798156738, loss=0.8816932439804077
I0901 04:46:29.565409 139921981437696 logging_writer.py:48] [213400] global_step=213400, grad_norm=5.010619640350342, loss=0.871833860874176
I0901 04:47:14.459747 139921973044992 logging_writer.py:48] [213500] global_step=213500, grad_norm=5.043308258056641, loss=0.8404016494750977
I0901 04:47:59.075810 139921981437696 logging_writer.py:48] [213600] global_step=213600, grad_norm=5.099091529846191, loss=0.877414882183075
I0901 04:48:42.906985 139921973044992 logging_writer.py:48] [213700] global_step=213700, grad_norm=4.742823600769043, loss=0.8831362724304199
I0901 04:49:25.518404 139921981437696 logging_writer.py:48] [213800] global_step=213800, grad_norm=5.0153117179870605, loss=0.9237356185913086
I0901 04:50:09.611935 139921973044992 logging_writer.py:48] [213900] global_step=213900, grad_norm=5.275447368621826, loss=0.93492591381073
I0901 04:50:53.761101 139921981437696 logging_writer.py:48] [214000] global_step=214000, grad_norm=5.365634441375732, loss=1.0174566507339478
I0901 04:51:37.222412 139921973044992 logging_writer.py:48] [214100] global_step=214100, grad_norm=4.815036296844482, loss=0.8611651062965393
I0901 04:52:21.577841 139921981437696 logging_writer.py:48] [214200] global_step=214200, grad_norm=5.113801956176758, loss=0.8977988362312317
I0901 04:53:04.008725 139921973044992 logging_writer.py:48] [214300] global_step=214300, grad_norm=5.307579517364502, loss=0.9361207485198975
I0901 04:53:46.808907 139921981437696 logging_writer.py:48] [214400] global_step=214400, grad_norm=5.079486846923828, loss=0.8900383710861206
I0901 04:54:30.006645 139921973044992 logging_writer.py:48] [214500] global_step=214500, grad_norm=5.225406646728516, loss=0.9650312662124634
I0901 04:55:11.449355 139921981437696 logging_writer.py:48] [214600] global_step=214600, grad_norm=5.327311992645264, loss=1.002485990524292
I0901 04:55:52.758100 139921973044992 logging_writer.py:48] [214700] global_step=214700, grad_norm=5.308073997497559, loss=0.9312092065811157
I0901 04:56:34.673197 139921981437696 logging_writer.py:48] [214800] global_step=214800, grad_norm=4.910130500793457, loss=0.894026517868042
I0901 04:57:14.268891 139921973044992 logging_writer.py:48] [214900] global_step=214900, grad_norm=5.282629013061523, loss=0.8717041611671448
I0901 04:57:55.310437 139921981437696 logging_writer.py:48] [215000] global_step=215000, grad_norm=5.073805809020996, loss=0.8984159231185913
I0901 04:58:36.471621 139921973044992 logging_writer.py:48] [215100] global_step=215100, grad_norm=5.038486480712891, loss=0.8802030086517334
I0901 04:59:20.095498 139921981437696 logging_writer.py:48] [215200] global_step=215200, grad_norm=5.722534656524658, loss=1.04356050491333
I0901 04:59:53.114450 140117123622080 spec.py:333] Evaluating on the training split.
I0901 05:00:02.184293 140117123622080 spec.py:346] Evaluating on the validation split.
I0901 05:00:33.022626 140117123622080 spec.py:363] Evaluating on the test split.
I0901 05:00:34.161932 140117123622080 submission_runner.py:516] Time since start: 70955.26s, 	Step: 215277, 	{'train/accuracy': Array(0.9546795, dtype=float32), 'train/loss': Array(0.15797712, dtype=float32), 'validation/accuracy': Array(0.75408, dtype=float32), 'validation/loss': Array(1.0774853, dtype=float32), 'validation/num_examples': 50000, 'test/accuracy': Array(0.63310003, dtype=float32), 'test/loss': Array(1.8600335, dtype=float32), 'test/num_examples': 10000, 'score': 69906.23444628716, 'total_duration': 70955.25825119019, 'accumulated_submission_time': 69906.23444628716, 'accumulated_eval_time': 1036.815337896347, 'accumulated_logging_time': 7.803174257278442}
I0901 05:00:34.584003 139921973044992 logging_writer.py:48] [215277] accumulated_eval_time=1036.82, accumulated_logging_time=7.80317, accumulated_submission_time=69906.2, global_step=215277, preemption_count=0, score=69906.2, test/accuracy=0.6331000328063965, test/loss=1.8600335121154785, test/num_examples=10000, total_duration=70955.3, train/accuracy=0.9546794891357422, train/loss=0.1579771190881729, validation/accuracy=0.7540799975395203, validation/loss=1.0774853229522705, validation/num_examples=50000
I0901 05:00:41.165721 139921981437696 logging_writer.py:48] [215300] global_step=215300, grad_norm=5.209726810455322, loss=0.9245810508728027
I0901 05:01:23.349060 139921973044992 logging_writer.py:48] [215400] global_step=215400, grad_norm=5.404288291931152, loss=0.9539520144462585
I0901 05:02:06.593559 139921981437696 logging_writer.py:48] [215500] global_step=215500, grad_norm=5.296565055847168, loss=0.8851534128189087
I0901 05:02:47.897917 139921973044992 logging_writer.py:48] [215600] global_step=215600, grad_norm=5.240959167480469, loss=0.9085546135902405
I0901 05:03:30.917989 139921981437696 logging_writer.py:48] [215700] global_step=215700, grad_norm=5.009771823883057, loss=0.8803013563156128
I0901 05:04:13.660840 139921973044992 logging_writer.py:48] [215800] global_step=215800, grad_norm=4.938933849334717, loss=0.870991051197052
I0901 05:04:56.411501 139921981437696 logging_writer.py:48] [215900] global_step=215900, grad_norm=4.885268688201904, loss=0.89155113697052
I0901 05:05:37.250045 139921973044992 logging_writer.py:48] [216000] global_step=216000, grad_norm=4.846563816070557, loss=0.7862259149551392
I0901 05:06:19.300134 139921981437696 logging_writer.py:48] [216100] global_step=216100, grad_norm=5.349638938903809, loss=0.9574717283248901
I0901 05:07:01.140778 139921973044992 logging_writer.py:48] [216200] global_step=216200, grad_norm=5.270731449127197, loss=0.95424485206604
I0901 05:07:43.844132 139921981437696 logging_writer.py:48] [216300] global_step=216300, grad_norm=5.266517639160156, loss=0.9599326848983765
I0901 05:08:27.670740 139921973044992 logging_writer.py:48] [216400] global_step=216400, grad_norm=5.193632125854492, loss=0.8684572577476501
I0901 05:09:11.918064 139921981437696 logging_writer.py:48] [216500] global_step=216500, grad_norm=4.908528804779053, loss=0.8023777008056641
I0901 05:09:55.098418 139921973044992 logging_writer.py:48] [216600] global_step=216600, grad_norm=5.337294101715088, loss=0.9144799709320068
I0901 05:10:38.028306 139921981437696 logging_writer.py:48] [216700] global_step=216700, grad_norm=5.105943202972412, loss=0.8863859176635742
I0901 05:11:21.334683 139921973044992 logging_writer.py:48] [216800] global_step=216800, grad_norm=5.027052402496338, loss=0.920903205871582
I0901 05:12:03.547258 139921981437696 logging_writer.py:48] [216900] global_step=216900, grad_norm=5.284718036651611, loss=0.9968641996383667
I0901 05:12:46.490614 139921973044992 logging_writer.py:48] [217000] global_step=217000, grad_norm=5.220391750335693, loss=0.9313672184944153
I0901 05:13:28.652569 139921981437696 logging_writer.py:48] [217100] global_step=217100, grad_norm=4.980034351348877, loss=0.8858731985092163
I0901 05:14:12.150613 139921973044992 logging_writer.py:48] [217200] global_step=217200, grad_norm=5.039654731750488, loss=0.9210734963417053
I0901 05:14:55.116343 139921981437696 logging_writer.py:48] [217300] global_step=217300, grad_norm=5.334781646728516, loss=0.9748035669326782
I0901 05:15:36.388195 139921973044992 logging_writer.py:48] [217400] global_step=217400, grad_norm=5.16457462310791, loss=0.9219173192977905
I0901 05:16:19.063783 139921981437696 logging_writer.py:48] [217500] global_step=217500, grad_norm=4.841170787811279, loss=0.8522967100143433
I0901 05:17:02.017367 139921973044992 logging_writer.py:48] [217600] global_step=217600, grad_norm=5.153195381164551, loss=0.9608635306358337
I0901 05:17:46.989598 139921981437696 logging_writer.py:48] [217700] global_step=217700, grad_norm=5.029423713684082, loss=0.8846449851989746
I0901 05:18:29.592622 139921973044992 logging_writer.py:48] [217800] global_step=217800, grad_norm=4.802762508392334, loss=0.7918198108673096
I0901 05:19:10.966532 139921981437696 logging_writer.py:48] [217900] global_step=217900, grad_norm=5.22661828994751, loss=0.8689782619476318
I0901 05:19:52.261264 139921973044992 logging_writer.py:48] [218000] global_step=218000, grad_norm=5.332197666168213, loss=0.9813300371170044
I0901 05:20:34.368326 139921981437696 logging_writer.py:48] [218100] global_step=218100, grad_norm=5.283938884735107, loss=0.9606820344924927
I0901 05:21:17.100504 139921973044992 logging_writer.py:48] [218200] global_step=218200, grad_norm=5.034923076629639, loss=0.8902592062950134
I0901 05:21:58.637321 139921981437696 logging_writer.py:48] [218300] global_step=218300, grad_norm=4.824457168579102, loss=0.8664211630821228
I0901 05:22:40.408616 139921973044992 logging_writer.py:48] [218400] global_step=218400, grad_norm=4.872227668762207, loss=0.915947437286377
I0901 05:23:17.568780 139921981437696 logging_writer.py:48] [218500] global_step=218500, grad_norm=5.425260543823242, loss=0.9741702079772949
I0901 05:23:50.053129 139921973044992 logging_writer.py:48] [218600] global_step=218600, grad_norm=5.214247703552246, loss=0.9263602495193481
I0901 05:24:22.807626 139921981437696 logging_writer.py:48] [218700] global_step=218700, grad_norm=5.211658000946045, loss=0.9429059624671936
I0901 05:24:55.488836 139921973044992 logging_writer.py:48] [218800] global_step=218800, grad_norm=5.136645793914795, loss=0.9234890341758728
I0901 05:25:28.068797 139921981437696 logging_writer.py:48] [218900] global_step=218900, grad_norm=5.319687366485596, loss=0.9385421872138977
I0901 05:26:01.470860 139921973044992 logging_writer.py:48] [219000] global_step=219000, grad_norm=5.11089563369751, loss=0.8951600193977356
I0901 05:26:34.367853 139921981437696 logging_writer.py:48] [219100] global_step=219100, grad_norm=5.02082633972168, loss=0.9241605401039124
I0901 05:27:07.692725 139921973044992 logging_writer.py:48] [219200] global_step=219200, grad_norm=5.103062152862549, loss=0.9026141166687012
I0901 05:27:40.676816 139921981437696 logging_writer.py:48] [219300] global_step=219300, grad_norm=5.183253288269043, loss=0.888795018196106
I0901 05:28:13.237639 139921973044992 logging_writer.py:48] [219400] global_step=219400, grad_norm=5.213377475738525, loss=0.8955112099647522
I0901 05:28:45.870908 139921981437696 logging_writer.py:48] [219500] global_step=219500, grad_norm=4.849860191345215, loss=0.8460988998413086
I0901 05:29:18.845524 139921973044992 logging_writer.py:48] [219600] global_step=219600, grad_norm=5.014862060546875, loss=0.9206774234771729
I0901 05:29:51.699751 139921981437696 logging_writer.py:48] [219700] global_step=219700, grad_norm=4.95686674118042, loss=0.8829386830329895
I0901 05:30:24.895580 139921973044992 logging_writer.py:48] [219800] global_step=219800, grad_norm=5.321438312530518, loss=0.9632787108421326
I0901 05:30:57.589187 139921981437696 logging_writer.py:48] [219900] global_step=219900, grad_norm=5.416116714477539, loss=0.9298134446144104
I0901 05:31:30.753657 139921973044992 logging_writer.py:48] [220000] global_step=220000, grad_norm=4.997304916381836, loss=0.8993109464645386
I0901 05:32:03.754537 139921981437696 logging_writer.py:48] [220100] global_step=220100, grad_norm=5.542360305786133, loss=0.9184138774871826
I0901 05:32:39.507214 139921973044992 logging_writer.py:48] [220200] global_step=220200, grad_norm=5.029839992523193, loss=0.9027119874954224
I0901 05:33:15.323236 139921981437696 logging_writer.py:48] [220300] global_step=220300, grad_norm=5.060340404510498, loss=0.911401629447937
I0901 05:33:49.959213 140117123622080 spec.py:333] Evaluating on the training split.
I0901 05:33:59.012092 140117123622080 spec.py:346] Evaluating on the validation split.
I0901 05:34:27.607859 140117123622080 spec.py:363] Evaluating on the test split.
I0901 05:34:28.681519 140117123622080 submission_runner.py:516] Time since start: 72989.84s, 	Step: 220397, 	{'train/accuracy': Array(0.95649314, dtype=float32), 'train/loss': Array(0.15317032, dtype=float32), 'validation/accuracy': Array(0.75404, dtype=float32), 'validation/loss': Array(1.080798, dtype=float32), 'validation/num_examples': 50000, 'test/accuracy': Array(0.6341, dtype=float32), 'test/loss': Array(1.863171, dtype=float32), 'test/num_examples': 10000, 'score': 71901.50822019577, 'total_duration': 72989.8373169899, 'accumulated_submission_time': 71901.50822019577, 'accumulated_eval_time': 1075.351613998413, 'accumulated_logging_time': 8.280278444290161}
I0901 05:34:29.137010 139921973044992 logging_writer.py:48] [220397] accumulated_eval_time=1075.35, accumulated_logging_time=8.28028, accumulated_submission_time=71901.5, global_step=220397, preemption_count=0, score=71901.5, test/accuracy=0.6341000199317932, test/loss=1.8631709814071655, test/num_examples=10000, total_duration=72989.8, train/accuracy=0.9564931392669678, train/loss=0.15317031741142273, validation/accuracy=0.754040002822876, validation/loss=1.0807980298995972, validation/num_examples=50000
I0901 05:34:30.320527 139921981437696 logging_writer.py:48] [220400] global_step=220400, grad_norm=5.227998733520508, loss=1.001722812652588
I0901 05:35:00.806415 139921973044992 logging_writer.py:48] [220500] global_step=220500, grad_norm=5.122833728790283, loss=0.8808613419532776
I0901 05:35:33.037385 139921981437696 logging_writer.py:48] [220600] global_step=220600, grad_norm=5.226979732513428, loss=0.9029439091682434
I0901 05:36:12.726135 139921973044992 logging_writer.py:48] [220700] global_step=220700, grad_norm=5.215989589691162, loss=0.9803972244262695
I0901 05:36:55.875290 139921981437696 logging_writer.py:48] [220800] global_step=220800, grad_norm=4.980408191680908, loss=0.9081791043281555
I0901 05:37:30.385524 139921973044992 logging_writer.py:48] [220900] global_step=220900, grad_norm=5.0105438232421875, loss=0.9124945402145386
I0901 05:38:04.561352 139921981437696 logging_writer.py:48] [221000] global_step=221000, grad_norm=4.8925580978393555, loss=0.8812861442565918
I0901 05:38:38.552753 139921973044992 logging_writer.py:48] [221100] global_step=221100, grad_norm=5.167718410491943, loss=0.9017781019210815
I0901 05:39:11.408661 139921981437696 logging_writer.py:48] [221200] global_step=221200, grad_norm=5.5954718589782715, loss=1.028396487236023
I0901 05:39:44.674027 139921973044992 logging_writer.py:48] [221300] global_step=221300, grad_norm=5.13559627532959, loss=0.9290332198143005
I0901 05:40:18.239992 139921981437696 logging_writer.py:48] [221400] global_step=221400, grad_norm=4.8653082847595215, loss=0.8863214254379272
I0901 05:40:52.343083 139921973044992 logging_writer.py:48] [221500] global_step=221500, grad_norm=4.96597957611084, loss=0.8650926947593689
I0901 05:41:24.922185 139921981437696 logging_writer.py:48] [221600] global_step=221600, grad_norm=5.050286769866943, loss=0.8762205839157104
I0901 05:41:58.115599 139921973044992 logging_writer.py:48] [221700] global_step=221700, grad_norm=5.270134925842285, loss=0.872877299785614
I0901 05:42:30.891085 139921981437696 logging_writer.py:48] [221800] global_step=221800, grad_norm=4.951303958892822, loss=0.8943935632705688
I0901 05:43:03.957434 139921973044992 logging_writer.py:48] [221900] global_step=221900, grad_norm=5.104475021362305, loss=0.8794708251953125
I0901 05:43:37.074986 139921981437696 logging_writer.py:48] [222000] global_step=222000, grad_norm=5.27532434463501, loss=0.9702441692352295
I0901 05:44:10.108567 139921973044992 logging_writer.py:48] [222100] global_step=222100, grad_norm=5.118463516235352, loss=0.892654538154602
I0901 05:44:43.465187 139921981437696 logging_writer.py:48] [222200] global_step=222200, grad_norm=4.997800827026367, loss=0.9249782562255859
I0901 05:45:16.542014 139921973044992 logging_writer.py:48] [222300] global_step=222300, grad_norm=4.979686260223389, loss=0.8402267694473267
I0901 05:45:49.462439 139921981437696 logging_writer.py:48] [222400] global_step=222400, grad_norm=5.282010078430176, loss=0.9425011873245239
I0901 05:46:22.748912 139921973044992 logging_writer.py:48] [222500] global_step=222500, grad_norm=4.8539509773254395, loss=0.896287202835083
I0901 05:46:55.259054 139921981437696 logging_writer.py:48] [222600] global_step=222600, grad_norm=5.307825565338135, loss=0.9276976585388184
I0901 05:47:28.995963 139921973044992 logging_writer.py:48] [222700] global_step=222700, grad_norm=5.4053521156311035, loss=0.9499086737632751
I0901 05:48:01.526663 139921981437696 logging_writer.py:48] [222800] global_step=222800, grad_norm=4.743131160736084, loss=0.87527996301651
I0901 05:48:34.484347 139921973044992 logging_writer.py:48] [222900] global_step=222900, grad_norm=5.093332767486572, loss=0.9245432615280151
I0901 05:49:07.033991 139921981437696 logging_writer.py:48] [223000] global_step=223000, grad_norm=5.076138496398926, loss=0.8587645888328552
I0901 05:49:39.648826 139921973044992 logging_writer.py:48] [223100] global_step=223100, grad_norm=5.060522079467773, loss=0.9442175626754761
I0901 05:50:12.195954 139921981437696 logging_writer.py:48] [223200] global_step=223200, grad_norm=5.331088066101074, loss=0.9304803609848022
I0901 05:50:44.922413 139921973044992 logging_writer.py:48] [223300] global_step=223300, grad_norm=4.628348350524902, loss=0.8376320600509644
I0901 05:51:17.169647 139921981437696 logging_writer.py:48] [223400] global_step=223400, grad_norm=5.115884780883789, loss=0.9621231555938721
I0901 05:51:49.531630 139921973044992 logging_writer.py:48] [223500] global_step=223500, grad_norm=4.840067386627197, loss=0.8676809072494507
I0901 05:52:22.092365 139921981437696 logging_writer.py:48] [223600] global_step=223600, grad_norm=5.200618743896484, loss=0.922809362411499
I0901 05:52:54.440253 139921973044992 logging_writer.py:48] [223700] global_step=223700, grad_norm=5.385339260101318, loss=0.9958111047744751
I0901 05:53:27.428703 139921981437696 logging_writer.py:48] [223800] global_step=223800, grad_norm=5.034536361694336, loss=0.9147318601608276
I0901 05:54:00.167588 139921973044992 logging_writer.py:48] [223900] global_step=223900, grad_norm=5.315379619598389, loss=0.9217160940170288
I0901 05:54:33.676805 139921981437696 logging_writer.py:48] [224000] global_step=224000, grad_norm=4.949201583862305, loss=0.8892548084259033
I0901 05:55:05.922954 139921973044992 logging_writer.py:48] [224100] global_step=224100, grad_norm=5.261760234832764, loss=0.8990651369094849
I0901 05:55:38.637033 139921981437696 logging_writer.py:48] [224200] global_step=224200, grad_norm=5.170938014984131, loss=0.9093736410140991
I0901 05:56:10.971346 139921973044992 logging_writer.py:48] [224300] global_step=224300, grad_norm=5.045515537261963, loss=0.9224607944488525
I0901 05:56:43.602962 139921981437696 logging_writer.py:48] [224400] global_step=224400, grad_norm=4.950613498687744, loss=0.8751481771469116
I0901 05:57:16.658598 139921973044992 logging_writer.py:48] [224500] global_step=224500, grad_norm=5.239254474639893, loss=1.0115783214569092
I0901 05:57:48.816482 139921981437696 logging_writer.py:48] [224600] global_step=224600, grad_norm=4.98504114151001, loss=0.8933776617050171
I0901 05:58:21.240139 139921973044992 logging_writer.py:48] [224700] global_step=224700, grad_norm=5.155628204345703, loss=0.9398466348648071
I0901 05:58:54.180905 139921981437696 logging_writer.py:48] [224800] global_step=224800, grad_norm=5.004520893096924, loss=0.9245262145996094
I0901 05:59:27.053357 139921973044992 logging_writer.py:48] [224900] global_step=224900, grad_norm=4.967422962188721, loss=0.8815662264823914
I0901 05:59:59.755025 139921981437696 logging_writer.py:48] [225000] global_step=225000, grad_norm=5.359360218048096, loss=0.8634929060935974
I0901 06:00:32.136827 139921973044992 logging_writer.py:48] [225100] global_step=225100, grad_norm=5.344351768493652, loss=0.9146206974983215
I0901 06:01:05.046123 139921981437696 logging_writer.py:48] [225200] global_step=225200, grad_norm=4.944432258605957, loss=0.8850175142288208
I0901 06:01:37.888939 139921973044992 logging_writer.py:48] [225300] global_step=225300, grad_norm=4.997131824493408, loss=0.8535712957382202
I0901 06:02:10.788561 139921981437696 logging_writer.py:48] [225400] global_step=225400, grad_norm=5.1853742599487305, loss=0.9141325950622559
I0901 06:02:43.543237 139921973044992 logging_writer.py:48] [225500] global_step=225500, grad_norm=5.451545238494873, loss=0.9966766238212585
I0901 06:03:16.426238 139921981437696 logging_writer.py:48] [225600] global_step=225600, grad_norm=5.127327919006348, loss=0.9304978847503662
I0901 06:03:49.164386 139921973044992 logging_writer.py:48] [225700] global_step=225700, grad_norm=5.021611213684082, loss=0.7990228533744812
I0901 06:04:21.917794 139921981437696 logging_writer.py:48] [225800] global_step=225800, grad_norm=5.151325702667236, loss=0.9331804513931274
I0901 06:04:54.347917 139921973044992 logging_writer.py:48] [225900] global_step=225900, grad_norm=4.946349620819092, loss=0.8601771593093872
I0901 06:05:26.891231 139921981437696 logging_writer.py:48] [226000] global_step=226000, grad_norm=5.186084747314453, loss=0.9174197912216187
I0901 06:05:59.311913 139921973044992 logging_writer.py:48] [226100] global_step=226100, grad_norm=5.30026912689209, loss=0.9434544444084167
I0901 06:06:32.575624 139921981437696 logging_writer.py:48] [226200] global_step=226200, grad_norm=5.316706657409668, loss=0.8915654420852661
I0901 06:07:07.789540 139921973044992 logging_writer.py:48] [226300] global_step=226300, grad_norm=5.076333999633789, loss=0.8932842016220093
I0901 06:07:43.415657 139921981437696 logging_writer.py:48] [226400] global_step=226400, grad_norm=5.329573154449463, loss=0.9848429560661316
I0901 06:07:44.845485 140117123622080 spec.py:333] Evaluating on the training split.
I0901 06:07:54.405077 140117123622080 spec.py:346] Evaluating on the validation split.
I0901 06:08:20.136599 140117123622080 spec.py:363] Evaluating on the test split.
I0901 06:08:21.334306 140117123622080 submission_runner.py:516] Time since start: 75022.37s, 	Step: 226406, 	{'train/accuracy': Array(0.95523757, dtype=float32), 'train/loss': Array(0.15633641, dtype=float32), 'validation/accuracy': Array(0.75372, dtype=float32), 'validation/loss': Array(1.0817096, dtype=float32), 'validation/num_examples': 50000, 'test/accuracy': Array(0.63430005, dtype=float32), 'test/loss': Array(1.8659685, dtype=float32), 'test/num_examples': 10000, 'score': 73897.11191749573, 'total_duration': 75022.37075853348, 'accumulated_submission_time': 73897.11191749573, 'accumulated_eval_time': 1111.5350549221039, 'accumulated_logging_time': 8.781720638275146}
I0901 06:08:21.766742 139921973044992 logging_writer.py:48] [226406] accumulated_eval_time=1111.54, accumulated_logging_time=8.78172, accumulated_submission_time=73897.1, global_step=226406, preemption_count=0, score=73897.1, test/accuracy=0.6343000531196594, test/loss=1.8659684658050537, test/num_examples=10000, total_duration=75022.4, train/accuracy=0.9552375674247742, train/loss=0.15633641183376312, validation/accuracy=0.7537199854850769, validation/loss=1.081709623336792, validation/num_examples=50000
I0901 06:08:49.630580 139921981437696 logging_writer.py:48] [226500] global_step=226500, grad_norm=4.998298168182373, loss=0.8191386461257935
I0901 06:09:21.311222 139921973044992 logging_writer.py:48] [226600] global_step=226600, grad_norm=5.275415420532227, loss=0.9888912439346313
I0901 06:09:53.241525 139921981437696 logging_writer.py:48] [226700] global_step=226700, grad_norm=5.114013671875, loss=0.8066397905349731
I0901 06:10:25.546577 139921973044992 logging_writer.py:48] [226800] global_step=226800, grad_norm=5.544271469116211, loss=0.8944303393363953
I0901 06:10:59.377294 139921981437696 logging_writer.py:48] [226900] global_step=226900, grad_norm=5.243582725524902, loss=0.8191415071487427
I0901 06:11:34.209624 139921973044992 logging_writer.py:48] [227000] global_step=227000, grad_norm=5.234365463256836, loss=0.8590567111968994
I0901 06:12:07.990851 139921981437696 logging_writer.py:48] [227100] global_step=227100, grad_norm=5.308478355407715, loss=0.929723858833313
I0901 06:12:42.226760 139921973044992 logging_writer.py:48] [227200] global_step=227200, grad_norm=5.261415481567383, loss=0.908229649066925
I0901 06:13:16.528399 139921981437696 logging_writer.py:48] [227300] global_step=227300, grad_norm=4.932633399963379, loss=0.9209676384925842
I0901 06:13:50.283041 139921973044992 logging_writer.py:48] [227400] global_step=227400, grad_norm=5.036497116088867, loss=0.872220516204834
I0901 06:14:24.411114 139921981437696 logging_writer.py:48] [227500] global_step=227500, grad_norm=5.268780708312988, loss=0.8036066293716431
I0901 06:14:58.439174 139921973044992 logging_writer.py:48] [227600] global_step=227600, grad_norm=5.1295928955078125, loss=0.9697645902633667
I0901 06:15:33.926703 139921981437696 logging_writer.py:48] [227700] global_step=227700, grad_norm=4.784746170043945, loss=0.8296281695365906
I0901 06:16:09.558137 139921973044992 logging_writer.py:48] [227800] global_step=227800, grad_norm=5.042296886444092, loss=0.8889498114585876
I0901 06:16:44.029170 139921981437696 logging_writer.py:48] [227900] global_step=227900, grad_norm=5.198847770690918, loss=0.878498911857605
I0901 06:17:18.258201 139921973044992 logging_writer.py:48] [228000] global_step=228000, grad_norm=5.0690741539001465, loss=0.8548619151115417
I0901 06:17:52.013542 139921981437696 logging_writer.py:48] [228100] global_step=228100, grad_norm=5.341606616973877, loss=0.9951151609420776
I0901 06:18:26.943684 139921973044992 logging_writer.py:48] [228200] global_step=228200, grad_norm=5.152012825012207, loss=0.8384189009666443
I0901 06:19:00.484176 139921981437696 logging_writer.py:48] [228300] global_step=228300, grad_norm=5.269826889038086, loss=1.0044865608215332
I0901 06:19:34.559245 139921973044992 logging_writer.py:48] [228400] global_step=228400, grad_norm=5.242280960083008, loss=0.9437057971954346
I0901 06:20:07.930946 139921981437696 logging_writer.py:48] [228500] global_step=228500, grad_norm=5.353850841522217, loss=0.9914513230323792
I0901 06:20:41.809294 139921973044992 logging_writer.py:48] [228600] global_step=228600, grad_norm=5.195721626281738, loss=0.9520765542984009
I0901 06:21:15.749988 139921981437696 logging_writer.py:48] [228700] global_step=228700, grad_norm=5.550253868103027, loss=0.9426811337471008
I0901 06:21:50.011523 139921973044992 logging_writer.py:48] [228800] global_step=228800, grad_norm=5.287452697753906, loss=0.945716142654419
I0901 06:22:24.648372 139921981437696 logging_writer.py:48] [228900] global_step=228900, grad_norm=5.613103866577148, loss=1.0503196716308594
I0901 06:22:59.728841 139921973044992 logging_writer.py:48] [229000] global_step=229000, grad_norm=5.046504497528076, loss=0.9111925959587097
I0901 06:23:33.351124 139921981437696 logging_writer.py:48] [229100] global_step=229100, grad_norm=5.127466678619385, loss=0.9772840738296509
I0901 06:24:07.108847 139921973044992 logging_writer.py:48] [229200] global_step=229200, grad_norm=5.161699295043945, loss=0.9445910453796387
I0901 06:24:41.010252 139921981437696 logging_writer.py:48] [229300] global_step=229300, grad_norm=5.541453838348389, loss=0.9734501838684082
I0901 06:25:14.514416 139921973044992 logging_writer.py:48] [229400] global_step=229400, grad_norm=4.963949680328369, loss=0.85980623960495
I0901 06:25:48.672599 139921981437696 logging_writer.py:48] [229500] global_step=229500, grad_norm=4.632791519165039, loss=0.7670915722846985
I0901 06:26:22.443649 139921973044992 logging_writer.py:48] [229600] global_step=229600, grad_norm=5.357014179229736, loss=0.9371649026870728
I0901 06:26:55.964395 139921981437696 logging_writer.py:48] [229700] global_step=229700, grad_norm=5.409812927246094, loss=0.9799932241439819
I0901 06:27:30.365059 139921973044992 logging_writer.py:48] [229800] global_step=229800, grad_norm=4.934323787689209, loss=0.9098383784294128
I0901 06:28:04.199832 139921981437696 logging_writer.py:48] [229900] global_step=229900, grad_norm=5.275177955627441, loss=0.8990069031715393
I0901 06:28:38.983226 139921973044992 logging_writer.py:48] [230000] global_step=230000, grad_norm=5.252416610717773, loss=0.9163826704025269
I0901 06:29:14.117155 139921981437696 logging_writer.py:48] [230100] global_step=230100, grad_norm=5.542680740356445, loss=0.9463514089584351
I0901 06:29:49.230474 139921973044992 logging_writer.py:48] [230200] global_step=230200, grad_norm=4.813201427459717, loss=0.8499897718429565
I0901 06:30:24.843950 139921981437696 logging_writer.py:48] [230300] global_step=230300, grad_norm=5.253739356994629, loss=0.9262945055961609
I0901 06:31:00.542137 139921973044992 logging_writer.py:48] [230400] global_step=230400, grad_norm=5.518209457397461, loss=0.9405405521392822
I0901 06:31:34.637993 139921981437696 logging_writer.py:48] [230500] global_step=230500, grad_norm=5.37162446975708, loss=0.9204640984535217
I0901 06:32:08.320124 139921973044992 logging_writer.py:48] [230600] global_step=230600, grad_norm=5.3649091720581055, loss=0.9387766122817993
I0901 06:32:42.859477 139921981437696 logging_writer.py:48] [230700] global_step=230700, grad_norm=4.926331996917725, loss=0.9076877236366272
I0901 06:33:16.335926 139921973044992 logging_writer.py:48] [230800] global_step=230800, grad_norm=5.255847454071045, loss=0.936400294303894
I0901 06:33:50.130678 139921981437696 logging_writer.py:48] [230900] global_step=230900, grad_norm=4.9094390869140625, loss=0.8191436529159546
I0901 06:34:24.389266 139921973044992 logging_writer.py:48] [231000] global_step=231000, grad_norm=5.118624687194824, loss=0.8749614953994751
I0901 06:34:58.338091 139921981437696 logging_writer.py:48] [231100] global_step=231100, grad_norm=5.494625568389893, loss=1.076176643371582
I0901 06:35:32.252051 139921973044992 logging_writer.py:48] [231200] global_step=231200, grad_norm=4.9834160804748535, loss=0.8773630261421204
I0901 06:36:07.433776 139921981437696 logging_writer.py:48] [231300] global_step=231300, grad_norm=4.956263065338135, loss=0.8738206624984741
I0901 06:36:42.627259 139921973044992 logging_writer.py:48] [231400] global_step=231400, grad_norm=5.057019233703613, loss=0.9189537763595581
I0901 06:37:18.576854 139921981437696 logging_writer.py:48] [231500] global_step=231500, grad_norm=5.453633785247803, loss=0.9052627086639404
I0901 06:37:53.031754 139921973044992 logging_writer.py:48] [231600] global_step=231600, grad_norm=5.307099342346191, loss=0.9718407988548279
I0901 06:38:26.941447 139921981437696 logging_writer.py:48] [231700] global_step=231700, grad_norm=5.044972896575928, loss=0.8993996381759644
I0901 06:39:00.883882 139921973044992 logging_writer.py:48] [231800] global_step=231800, grad_norm=5.386070251464844, loss=0.855185866355896
I0901 06:39:35.093232 139921981437696 logging_writer.py:48] [231900] global_step=231900, grad_norm=5.1513142585754395, loss=0.8947547674179077
I0901 06:40:12.333906 139921973044992 logging_writer.py:48] [232000] global_step=232000, grad_norm=5.191963195800781, loss=0.875298798084259
I0901 06:40:53.843374 139921981437696 logging_writer.py:48] [232100] global_step=232100, grad_norm=5.2257843017578125, loss=0.8918358087539673
I0901 06:41:35.361425 139921973044992 logging_writer.py:48] [232200] global_step=232200, grad_norm=4.804821968078613, loss=0.8751260042190552
I0901 06:41:37.252260 139921981437696 logging_writer.py:48] [232206] global_step=232206, preemption_count=0, score=75892.4
I0901 06:41:38.306414 140117123622080 submission_runner.py:857] Final imagenet_resnet score: 75892.38308477402
