accumulated_eval_time,accumulated_logging_time,accumulated_submission_time,global_step,preemption_count,score,test/loss,test/num_examples,test/ssim,total_duration,train/loss,train/ssim,validation/loss,validation/num_examples,validation/ssim
643.9315514564514,0.0,172.59877157211304,1,0,172.59877157211304,1.0516189366404287,3581,0.1878611488203801,817.220641374588,1.0526820591517858,0.1714206082480294,1.0518614726584483,3554,0.1661460073596651
650.8876252174377,0.0175697803497314,251.52248692512512,394,0,251.52248692512512,0.3077408940523771,3581,0.7189060563782812,904.9485754966736,0.2899609974452427,0.720264230455671,0.306235395527047,3554,0.7012351427309018
657.8215322494507,0.035729169845581,330.7035458087921,594,0,330.7035458087921,0.3003558958086079,3581,0.726508913144024,992.6460614204408,0.2827397584915161,0.7282751628330776,0.2987340477389033,3554,0.7094386524206879
665.1293332576752,0.0554659366607666,409.5226020812988,1090,0,409.5226020812988,0.2952203183359222,3581,0.7326787646607092,1080.6836857795715,0.2774227687290737,0.7349522454398019,0.2936006029737619,3554,0.7156665052801421
671.5405879020691,0.0805013179779052,488.19863748550415,2397,0,488.19863748550415,0.3545098452553407,3581,0.6972344000890115,1167.799317598343,0.3381671905517578,0.6984992708478656,0.3526894693369267,3554,0.681246661442213
678.0448319911957,0.0991151332855224,566.9346957206726,3706,0,566.9346957206726,0.2909806844609571,3581,0.7371063615915596,1254.946877002716,0.2724806240626743,0.7400589670453753,0.2895315467606922,3554,0.7197253259971159
684.6267142295837,0.119248628616333,645.7166836261749,5009,0,645.7166836261749,0.2887085949499092,3581,0.7399680769599972,1342.2140023708344,0.2702421460832868,0.7432413101196289,0.2873118179999648,3554,0.7227329818734173
691.0667004585266,0.138197660446167,724.4725112915039,6314,0,724.4725112915039,0.2881520006850391,3581,0.7405422608035465,1429.341302871704,0.2696915524346487,0.7438046591622489,0.2867670526112743,3554,0.7233445012441967
697.3673431873322,0.157667875289917,803.3265731334686,7519,0,803.3265731334686,0.2876525043742146,3581,0.7413762659042517,1516.3423936367035,0.2691705397197178,0.7445386477879116,0.2862373313410066,3554,0.7242659706712508
