accumulated_eval_time,accumulated_logging_time,accumulated_submission_time,global_step,preemption_count,score,test/loss,test/num_examples,test/ppl,total_duration,train/loss,train/ppl,validation/loss,validation/num_examples,validation/ppl
331.94024991989136,0.0,20.844071865081787,1,0,20.844071865081787,0.0,0,1.0,352.7844121456146,11.011601448059082,60572.81342579189,11.011404037475586,100000,60560.85689156154
661.9062061309814,0.0543961524963378,2592.067393064499,5871,0,2592.067393064499,0.0,0,1.0,3254.07061958313,3.564805746078491,35.33258924358858,3.5670971870422363,100000,35.413644617271856
991.956797361374,0.0900564193725586,5163.195528507233,11784,0,5163.195528507233,0.0,0,1.0,6155.327517986298,3.3960888385772705,29.847134499896995,3.397043466567993,100000,29.87564101432689
1322.0122997760773,0.1243026256561279,7734.251802921295,17691,0,7734.251802921295,0.0,0,1.0,9056.516073942184,3.324028730392456,27.77201142822004,3.3236663341522217,100000,27.76194877913793
1651.93474650383,0.1581437587738037,10305.191583395004,23603,0,10305.191583395004,0.0,0,1.0,11957.452495098114,3.2737653255462646,26.410596852599262,3.2732863426208496,100000,26.39794965679407
1982.2607884407043,0.1907119750976562,12876.398039102554,29515,0,12876.398039102554,0.0,0,1.0,14859.05812239647,3.225117921829224,25.156540486188444,3.2248215675354004,100000,25.149086341986
2312.1554749012,0.2235505580902099,15447.401123523712,35425,0,15447.401123523712,0.0,0,1.0,17760.03001832962,3.1742329597473145,23.908474071299224,3.173335075378418,100000,23.88701666072479
2641.809995651245,0.2611877918243408,18018.749863386158,41339,0,18018.749863386158,0.0,0,1.0,20661.111390829086,3.1240575313568115,22.738454711109917,3.1221275329589844,100000,22.694611851881604
2971.8836743831635,0.30928707122802734,20589.912857055664,47253,0,20589.912857055664,0.0,0,1.0,23562.434713602066,3.0688252449035645,21.516611073675456,3.066056966781616,100000,21.457129478766408
