python submission_runner.py --framework=jax --workload=imagenet_resnet --submission_path=submissions_algorithms/submissions/self_tuning/schedule_free_adamw_jax_v2_bn_fix/submission.py --data_dir=/data/imagenet/jax --experiment_dir=/experiment_runs --experiment_name=submissions_a100/schedule_free_adamw_jax_v2_bn_fix/study_1 --overwrite=True --save_checkpoints=False --rng_seed=-304980929 --imagenet_v2_data_dir=/data/imagenet/jax --tuning_ruleset=self 2>&1 | tee -a /logs/imagenet_resnet_jax_08-31-2026-09-17-19.log
2026-08-31 09:17:19.922897: E external/local_xla/xla/stream_executor/cuda/cuda_fft.cc:467] Unable to register cuFFT factory: Attempting to register factory for plugin cuFFT when one has already been registered
WARNING: All log messages before absl::InitializeLog() is called are written to STDERR
E0000 00:00:1788167839.945634      13 cuda_dnn.cc:8579] Unable to register cuDNN factory: Attempting to register factory for plugin cuDNN when one has already been registered
E0000 00:00:1788167839.953178      13 cuda_blas.cc:1407] Unable to register cuBLAS factory: Attempting to register factory for plugin cuBLAS when one has already been registered
W0000 00:00:1788167839.971543      13 computation_placer.cc:177] computation placer already registered. Please check linkage and avoid linking the same target more than once.
W0000 00:00:1788167839.971569      13 computation_placer.cc:177] computation placer already registered. Please check linkage and avoid linking the same target more than once.
W0000 00:00:1788167839.971572      13 computation_placer.cc:177] computation placer already registered. Please check linkage and avoid linking the same target more than once.
W0000 00:00:1788167839.971574      13 computation_placer.cc:177] computation placer already registered. Please check linkage and avoid linking the same target more than once.
/usr/local/lib/python3.11/site-packages/torch/__init__.py:1617: UserWarning: Please use the new API settings to control TF32 behavior, such as torch.backends.cudnn.conv.fp32_precision = 'tf32' or torch.backends.cuda.matmul.fp32_precision = 'ieee'. Old settings, e.g, torch.backends.cuda.matmul.allow_tf32 = True, torch.backends.cudnn.allow_tf32 = True, allowTF32CuDNN() and allowTF32CuBLAS() will be deprecated after Pytorch 2.9. Please see https://pytorch.org/docs/main/notes/cuda.html#tensorfloat-32-tf32-on-ampere-and-later-devices (Triggered internally at /pytorch/aten/src/ATen/Context.cpp:80.)
  _C._set_float32_matmul_precision(precision)
/usr/local/lib/python3.11/site-packages/pydantic/_internal/_generate_schema.py:2249: UnsupportedFieldAttributeWarning: The 'repr' attribute with value False was provided to the `Field()` function, which has no effect in the context it was used. 'repr' is field-specific metadata, and can only be attached to a model field using `Annotated` metadata or by assignment. This may have happened because an `Annotated` type alias using the `type` statement was used, or if the `Field()` function was attached to a single member of a union type.
  warnings.warn(
/usr/local/lib/python3.11/site-packages/pydantic/_internal/_generate_schema.py:2249: UnsupportedFieldAttributeWarning: The 'frozen' attribute with value True was provided to the `Field()` function, which has no effect in the context it was used. 'frozen' is field-specific metadata, and can only be attached to a model field using `Annotated` metadata or by assignment. This may have happened because an `Annotated` type alias using the `type` statement was used, or if the `Field()` function was attached to a single member of a union type.
  warnings.warn(
INFO:2026-08-31 09:17:30,301:jax._src.xla_bridge:830: Unable to initialize backend 'tpu': INTERNAL: Failed to open libtpu.so: libtpu.so: cannot open shared object file: No such file or directory
I0831 09:17:30.301846 140659750036672 xla_bridge.py:830] Unable to initialize backend 'tpu': INTERNAL: Failed to open libtpu.so: libtpu.so: cannot open shared object file: No such file or directory
I0831 09:17:31.001174 140659750036672 logger_utils.py:59] Removing existing experiment directory /experiment_runs/submissions_a100/schedule_free_adamw_jax_v2_bn_fix/study_1/imagenet_resnet_jax because --overwrite was set.
I0831 09:17:31.007174 140659750036672 logger_utils.py:84] Creating experiment directory at /experiment_runs/submissions_a100/schedule_free_adamw_jax_v2_bn_fix/study_1/imagenet_resnet_jax.
I0831 09:17:31.603521 140659750036672 submission_runner.py:741] Creating directory at /experiment_runs/submissions_a100/schedule_free_adamw_jax_v2_bn_fix/study_1/imagenet_resnet_jax/trial_1.
I0831 09:17:31.870208 140659750036672 submission_runner.py:242] Initializing dataset.
I0831 09:17:32.374876 140659750036672 dataset_info.py:707] Load dataset info from /data/imagenet/jax/imagenet2012/5.1.0
I0831 09:17:32.433460 140659750036672 dataset_info.py:793] For 'imagenet2012/5.1.0': fields info.[splits, supervised_keys] differ on disk and in the code. Keeping the one from code.
I0831 09:17:32.715991 140659750036672 reader.py:262] Creating a tf.data.Dataset reading 1024 files located in folders: /data/imagenet/jax/imagenet2012/5.1.0.
I0831 09:17:32.794457 140659750036672 logging_logger.py:49] Constructing tf.data.Dataset imagenet2012 for split train, from /data/imagenet/jax/imagenet2012/5.1.0
I0831 09:17:33.691803 140659750036672 submission_runner.py:251] Initializing model.
I0831 09:17:56.980294 140659750036672 submission_runner.py:294] Initializing optimizer.
I0831 09:17:58.569765 140659750036672 submission_runner.py:299] Initializing metrics bundle.
I0831 09:17:58.569987 140659750036672 submission_runner.py:321] Initializing checkpoint and logger.
I0831 09:17:58.577660 140659750036672 checkpoints.py:1098] Found no checkpoint files in /experiment_runs/submissions_a100/schedule_free_adamw_jax_v2_bn_fix/study_1/imagenet_resnet_jax/trial_1 with prefix checkpoint_
I0831 09:17:58.577788 140659750036672 submission_runner.py:344] Saving meta data to /experiment_runs/submissions_a100/schedule_free_adamw_jax_v2_bn_fix/study_1/imagenet_resnet_jax/trial_1/meta_data_0.json.
I0831 09:17:58.806552 140659750036672 submission_runner.py:348] Saving flags to /experiment_runs/submissions_a100/schedule_free_adamw_jax_v2_bn_fix/study_1/imagenet_resnet_jax/trial_1/flags_0.json.
I0831 09:17:58.822477 140659750036672 submission_runner.py:359] Starting training loop.
/usr/local/lib/python3.11/site-packages/jax/_src/interpreters/mlir.py:1268: UserWarning: Some donated buffers were not usable: float32[64], float32[64], float32[64], float32[64], float32[64], float32[64], float32[256], float32[256], float32[256], float32[256], float32[1,1,64,64], float32[3,3,64,64], float32[1,1,64,256], float32[1,1,64,256], float32[64], float32[64], float32[64], float32[64], float32[256], float32[256], float32[1,1,256,64], float32[3,3,64,64], float32[1,1,64,256], float32[256], float32[256], float32[256], float32[256], float32[1024], float32[1024], float32[1,1,1024,256], float32[3,3,256,256], float32[1,1,256,1024], float32[256], float32[256], float32[256], float32[256], float32[1024], float32[1024], float32[1,1,1024,256], float32[3,3,256,256], float32[1,1,256,1024], float32[256], float32[256], float32[256], float32[256], float32[1024], float32[1024], float32[1,1,1024,256], float32[3,3,256,256], float32[1,1,256,1024], float32[512], float32[512], float32[512], float32[512], float32[2048], float32[2048], float32[2048], float32[2048], float32[1,1,1024,512], float32[3,3,512,512], float32[1,1,512,2048], float32[1,1,1024,2048], float32[512], float32[512], float32[512], float32[512], float32[2048], float32[2048], float32[1,1,2048,512], float32[3,3,512,512], float32[1,1,512,2048], float32[512], float32[512], float32[512], float32[512], float32[2048], float32[2048], float32[1,1,2048,512], float32[3,3,512,512], float32[1,1,512,2048], float32[64], float32[64], float32[64], float32[64], float32[256], float32[256], float32[1,1,256,64], float32[3,3,64,64], float32[1,1,64,256], float32[128], float32[128], float32[128], float32[128], float32[512], float32[512], float32[512], float32[512], float32[1,1,256,128], float32[3,3,128,128], float32[1,1,128,512], float32[1,1,256,512], float32[128], float32[128], float32[128], float32[128], float32[512], float32[512], float32[1,1,512,128], float32[3,3,128,128], float32[1,1,128,512], float32[128], float32[128], float32[128], float32[128], float32[512], float32[512], float32[1,1,512,128], float32[3,3,128,128], float32[1,1,128,512], float32[128], float32[128], float32[128], float32[128], float32[512], float32[512], float32[1,1,512,128], float32[3,3,128,128], float32[1,1,128,512], float32[256], float32[256], float32[256], float32[256], float32[1024], float32[1024], float32[1024], float32[1024], float32[1,1,512,256], float32[3,3,256,256], float32[1,1,256,1024], float32[1,1,512,1024], float32[256], float32[256], float32[256], float32[256], float32[1024], float32[1024], float32[1,1,1024,256], float32[3,3,256,256], float32[1,1,256,1024], float32[256], float32[256], float32[256], float32[256], float32[1024], float32[1024], float32[1,1,1024,256], float32[3,3,256,256], float32[1,1,256,1024], float32[7,7,3,64], float32[1000], float32[2048,1000].
See an explanation at https://docs.jax.dev/en/latest/faq.html#buffer-donation.
  warnings.warn("Some donated buffers were not usable:"
I0831 09:18:50.797195 140498647889664 logging_writer.py:48] [0] global_step=0, grad_norm=0.6739698052406311, loss=6.925764083862305
I0831 09:18:51.998569 140659750036672 spec.py:333] Evaluating on the training split.
I0831 09:18:52.271038 140659750036672 dataset_info.py:707] Load dataset info from /data/imagenet/jax/imagenet2012/5.1.0
I0831 09:18:52.276498 140659750036672 dataset_info.py:793] For 'imagenet2012/5.1.0': fields info.[splits, supervised_keys] differ on disk and in the code. Keeping the one from code.
I0831 09:18:52.295097 140659750036672 reader.py:262] Creating a tf.data.Dataset reading 1024 files located in folders: /data/imagenet/jax/imagenet2012/5.1.0.
I0831 09:18:52.335187 140659750036672 logging_logger.py:49] Constructing tf.data.Dataset imagenet2012 for split train, from /data/imagenet/jax/imagenet2012/5.1.0
I0831 09:19:19.949734 140659750036672 spec.py:346] Evaluating on the validation split.
I0831 09:19:19.954059 140659750036672 dataset_info.py:707] Load dataset info from /data/imagenet/jax/imagenet2012/5.1.0
I0831 09:19:19.991881 140659750036672 dataset_info.py:793] For 'imagenet2012/5.1.0': fields info.[splits, supervised_keys] differ on disk and in the code. Keeping the one from code.
I0831 09:19:19.994528 140659750036672 reader.py:262] Creating a tf.data.Dataset reading 64 files located in folders: /data/imagenet/jax/imagenet2012/5.1.0.
I0831 09:19:20.137126 140659750036672 logging_logger.py:49] Constructing tf.data.Dataset imagenet2012 for split validation, from /data/imagenet/jax/imagenet2012/5.1.0
I0831 09:19:50.810942 140659750036672 spec.py:363] Evaluating on the test split.
I0831 09:19:50.872813 140659750036672 dataset_info.py:707] Load dataset info from /data/imagenet/jax/imagenet_v2/matched-frequency/3.0.0
I0831 09:19:50.923952 140659750036672 reader.py:262] Creating a tf.data.Dataset reading 16 files located in folders: /data/imagenet/jax/imagenet_v2/matched-frequency/3.0.0.
I0831 09:19:50.966313 140659750036672 logging_logger.py:49] Constructing tf.data.Dataset imagenet_v2 for split test, from /data/imagenet/jax/imagenet_v2/matched-frequency/3.0.0
I0831 09:19:55.729682 140659750036672 submission_runner.py:516] Time since start: 116.91s, 	Step: 1, 	{'train/accuracy': Array(0.00187341, dtype=float32), 'train/loss': Array(6.9117374, dtype=float32), 'validation/accuracy': Array(0.00126, dtype=float32), 'validation/loss': Array(6.9117756, dtype=float32), 'validation/num_examples': 50000, 'test/accuracy': Array(0.0012, dtype=float32), 'test/loss': Array(6.9119825, dtype=float32), 'test/num_examples': 10000, 'score': 53.1759774684906, 'total_duration': 116.90558505058289, 'accumulated_submission_time': 53.1759774684906, 'accumulated_eval_time': 63.72952103614807, 'accumulated_logging_time': 0}
I0831 09:19:55.761385 140462199400192 logging_writer.py:48] [1] accumulated_eval_time=63.7295, accumulated_logging_time=0, accumulated_submission_time=53.176, global_step=1, preemption_count=0, score=53.176, test/accuracy=0.0012000000569969416, test/loss=6.911982536315918, test/num_examples=10000, total_duration=116.906, train/accuracy=0.0018734055338427424, train/loss=6.911737442016602, validation/accuracy=0.0012599999317899346, validation/loss=6.911775588989258, validation/num_examples=50000
/usr/local/lib/python3.11/site-packages/jax/_src/interpreters/mlir.py:1268: UserWarning: Some donated buffers were not usable: float32[64], float32[64], float32[64], float32[64], float32[64], float32[64], float32[256], float32[256], float32[256], float32[256], float32[1,1,64,64], float32[3,3,64,64], float32[1,1,64,256], float32[1,1,64,256], float32[64], float32[64], float32[64], float32[64], float32[256], float32[256], float32[1,1,256,64], float32[3,3,64,64], float32[1,1,64,256], float32[256], float32[256], float32[256], float32[256], float32[1024], float32[1024], float32[1,1,1024,256], float32[3,3,256,256], float32[1,1,256,1024], float32[256], float32[256], float32[256], float32[256], float32[1024], float32[1024], float32[1,1,1024,256], float32[3,3,256,256], float32[1,1,256,1024], float32[256], float32[256], float32[256], float32[256], float32[1024], float32[1024], float32[1,1,1024,256], float32[3,3,256,256], float32[1,1,256,1024], float32[512], float32[512], float32[512], float32[512], float32[2048], float32[2048], float32[2048], float32[2048], float32[1,1,1024,512], float32[3,3,512,512], float32[1,1,512,2048], float32[1,1,1024,2048], float32[512], float32[512], float32[512], float32[512], float32[2048], float32[2048], float32[1,1,2048,512], float32[3,3,512,512], float32[1,1,512,2048], float32[512], float32[512], float32[512], float32[512], float32[2048], float32[2048], float32[1,1,2048,512], float32[3,3,512,512], float32[1,1,512,2048], float32[64], float32[64], float32[64], float32[64], float32[256], float32[256], float32[1,1,256,64], float32[3,3,64,64], float32[1,1,64,256], float32[128], float32[128], float32[128], float32[128], float32[512], float32[512], float32[512], float32[512], float32[1,1,256,128], float32[3,3,128,128], float32[1,1,128,512], float32[1,1,256,512], float32[128], float32[128], float32[128], float32[128], float32[512], float32[512], float32[1,1,512,128], float32[3,3,128,128], float32[1,1,128,512], float32[128], float32[128], float32[128], float32[128], float32[512], float32[512], float32[1,1,512,128], float32[3,3,128,128], float32[1,1,128,512], float32[128], float32[128], float32[128], float32[128], float32[512], float32[512], float32[1,1,512,128], float32[3,3,128,128], float32[1,1,128,512], float32[256], float32[256], float32[256], float32[256], float32[1024], float32[1024], float32[1024], float32[1024], float32[1,1,512,256], float32[3,3,256,256], float32[1,1,256,1024], float32[1,1,512,1024], float32[256], float32[256], float32[256], float32[256], float32[1024], float32[1024], float32[1,1,1024,256], float32[3,3,256,256], float32[1,1,256,1024], float32[256], float32[256], float32[256], float32[256], float32[1024], float32[1024], float32[1,1,1024,256], float32[3,3,256,256], float32[1,1,256,1024], float32[7,7,3,64], float32[1000], float32[2048,1000].
See an explanation at https://docs.jax.dev/en/latest/faq.html#buffer-donation.
  warnings.warn("Some donated buffers were not usable:"
I0831 09:20:37.129345 140462157436672 logging_writer.py:48] [100] global_step=100, grad_norm=0.6964315176010132, loss=6.796125411987305
I0831 09:21:22.395779 140462165829376 logging_writer.py:48] [200] global_step=200, grad_norm=0.8121169805526733, loss=6.479639530181885
I0831 09:22:07.220787 140462157436672 logging_writer.py:48] [300] global_step=300, grad_norm=1.0721325874328613, loss=6.212225914001465
I0831 09:22:51.343698 140462165829376 logging_writer.py:48] [400] global_step=400, grad_norm=1.1262391805648804, loss=5.954605579376221
I0831 09:23:36.214612 140462157436672 logging_writer.py:48] [500] global_step=500, grad_norm=3.1064703464508057, loss=5.799692153930664
I0831 09:24:21.359216 140462165829376 logging_writer.py:48] [600] global_step=600, grad_norm=3.630962371826172, loss=5.558352470397949
I0831 09:25:05.521713 140462157436672 logging_writer.py:48] [700] global_step=700, grad_norm=4.996706008911133, loss=5.42868709564209
I0831 09:25:49.019224 140462165829376 logging_writer.py:48] [800] global_step=800, grad_norm=4.612509250640869, loss=5.279544830322266
I0831 09:26:33.658786 140462157436672 logging_writer.py:48] [900] global_step=900, grad_norm=4.8454437255859375, loss=5.071611404418945
I0831 09:27:17.543823 140462165829376 logging_writer.py:48] [1000] global_step=1000, grad_norm=3.928295373916626, loss=4.910638332366943
I0831 09:28:01.348965 140462157436672 logging_writer.py:48] [1100] global_step=1100, grad_norm=4.07260274887085, loss=4.919383525848389
I0831 09:28:46.132364 140462165829376 logging_writer.py:48] [1200] global_step=1200, grad_norm=3.996246814727783, loss=4.73813533782959
I0831 09:29:18.501567 140462157436672 logging_writer.py:48] [1300] global_step=1300, grad_norm=5.7899651527404785, loss=4.602542877197266
I0831 09:29:45.661481 140462165829376 logging_writer.py:48] [1400] global_step=1400, grad_norm=3.528083562850952, loss=4.590331077575684
I0831 09:30:12.886576 140462157436672 logging_writer.py:48] [1500] global_step=1500, grad_norm=4.655301570892334, loss=4.507709980010986
I0831 09:30:40.063801 140462165829376 logging_writer.py:48] [1600] global_step=1600, grad_norm=4.822508335113525, loss=4.3325300216674805
I0831 09:31:07.207689 140462157436672 logging_writer.py:48] [1700] global_step=1700, grad_norm=4.0672454833984375, loss=4.181547164916992
I0831 09:31:34.420810 140462165829376 logging_writer.py:48] [1800] global_step=1800, grad_norm=6.445084095001221, loss=4.243796348571777
I0831 09:32:01.591214 140462157436672 logging_writer.py:48] [1900] global_step=1900, grad_norm=4.479231834411621, loss=4.031885147094727
I0831 09:32:28.708279 140462165829376 logging_writer.py:48] [2000] global_step=2000, grad_norm=2.974898338317871, loss=4.090665817260742
I0831 09:32:55.952490 140462157436672 logging_writer.py:48] [2100] global_step=2100, grad_norm=4.390645980834961, loss=4.0698394775390625
I0831 09:33:23.303023 140462165829376 logging_writer.py:48] [2200] global_step=2200, grad_norm=5.457085132598877, loss=3.878929853439331
I0831 09:33:50.455903 140462157436672 logging_writer.py:48] [2300] global_step=2300, grad_norm=3.368861198425293, loss=3.776527166366577
I0831 09:34:17.690873 140462165829376 logging_writer.py:48] [2400] global_step=2400, grad_norm=4.0132060050964355, loss=3.8108394145965576
I0831 09:34:44.853113 140462157436672 logging_writer.py:48] [2500] global_step=2500, grad_norm=3.5858957767486572, loss=3.5933480262756348
I0831 09:35:12.008490 140462165829376 logging_writer.py:48] [2600] global_step=2600, grad_norm=4.1020588874816895, loss=3.5579185485839844
I0831 09:35:39.246356 140462157436672 logging_writer.py:48] [2700] global_step=2700, grad_norm=4.0402326583862305, loss=3.5771539211273193
I0831 09:36:06.411015 140462165829376 logging_writer.py:48] [2800] global_step=2800, grad_norm=3.9309868812561035, loss=3.433032989501953
I0831 09:36:33.551494 140462157436672 logging_writer.py:48] [2900] global_step=2900, grad_norm=3.9465811252593994, loss=3.4345099925994873
I0831 09:37:00.785952 140462165829376 logging_writer.py:48] [3000] global_step=3000, grad_norm=3.957076072692871, loss=3.3551878929138184
I0831 09:37:27.942860 140462157436672 logging_writer.py:48] [3100] global_step=3100, grad_norm=4.952515125274658, loss=3.2890000343322754
I0831 09:37:55.302911 140462165829376 logging_writer.py:48] [3200] global_step=3200, grad_norm=2.8561599254608154, loss=3.232318639755249
I0831 09:38:22.526938 140462157436672 logging_writer.py:48] [3300] global_step=3300, grad_norm=3.490729808807373, loss=3.1476402282714844
I0831 09:38:49.678438 140462165829376 logging_writer.py:48] [3400] global_step=3400, grad_norm=3.2990849018096924, loss=3.040374755859375
I0831 09:39:16.860544 140462157436672 logging_writer.py:48] [3500] global_step=3500, grad_norm=3.2475318908691406, loss=3.1476457118988037
I0831 09:39:44.117379 140462165829376 logging_writer.py:48] [3600] global_step=3600, grad_norm=2.7855331897735596, loss=3.0557751655578613
I0831 09:40:11.282425 140462157436672 logging_writer.py:48] [3700] global_step=3700, grad_norm=3.509517192840576, loss=3.112171173095703
I0831 09:40:38.429498 140462165829376 logging_writer.py:48] [3800] global_step=3800, grad_norm=2.916825294494629, loss=2.828758955001831
I0831 09:41:05.666673 140462157436672 logging_writer.py:48] [3900] global_step=3900, grad_norm=4.093054294586182, loss=2.860326051712036
I0831 09:41:32.820900 140462165829376 logging_writer.py:48] [4000] global_step=4000, grad_norm=2.7748939990997314, loss=2.7570395469665527
I0831 09:41:59.977961 140462157436672 logging_writer.py:48] [4100] global_step=4100, grad_norm=2.2204842567443848, loss=2.773515462875366
I0831 09:42:27.161726 140462165829376 logging_writer.py:48] [4200] global_step=4200, grad_norm=3.0503320693969727, loss=2.8372161388397217
I0831 09:42:54.543531 140462157436672 logging_writer.py:48] [4300] global_step=4300, grad_norm=2.2261972427368164, loss=2.8358631134033203
I0831 09:43:21.688625 140462165829376 logging_writer.py:48] [4400] global_step=4400, grad_norm=2.8291518688201904, loss=2.5504839420318604
I0831 09:43:48.888868 140462157436672 logging_writer.py:48] [4500] global_step=4500, grad_norm=3.1905479431152344, loss=2.6903815269470215
I0831 09:44:16.028227 140462165829376 logging_writer.py:48] [4600] global_step=4600, grad_norm=2.9553496837615967, loss=2.456031322479248
I0831 09:44:43.181112 140462157436672 logging_writer.py:48] [4700] global_step=4700, grad_norm=2.751591920852661, loss=2.5452725887298584
I0831 09:45:10.425918 140462165829376 logging_writer.py:48] [4800] global_step=4800, grad_norm=2.232351303100586, loss=2.561889171600342
I0831 09:45:37.595349 140462157436672 logging_writer.py:48] [4900] global_step=4900, grad_norm=2.9586894512176514, loss=2.5514352321624756
I0831 09:46:04.738105 140462165829376 logging_writer.py:48] [5000] global_step=5000, grad_norm=2.6541900634765625, loss=2.579103946685791
I0831 09:46:31.961678 140462157436672 logging_writer.py:48] [5100] global_step=5100, grad_norm=2.7490530014038086, loss=2.5441694259643555
I0831 09:46:59.116663 140462165829376 logging_writer.py:48] [5200] global_step=5200, grad_norm=2.850781202316284, loss=2.5506644248962402
I0831 09:47:26.276400 140462157436672 logging_writer.py:48] [5300] global_step=5300, grad_norm=2.353989601135254, loss=2.4298558235168457
I0831 09:47:53.691962 140462165829376 logging_writer.py:48] [5400] global_step=5400, grad_norm=2.9130468368530273, loss=2.391958713531494
I0831 09:48:20.843053 140462157436672 logging_writer.py:48] [5500] global_step=5500, grad_norm=2.571042060852051, loss=2.3410792350769043
I0831 09:48:47.992897 140462165829376 logging_writer.py:48] [5600] global_step=5600, grad_norm=2.8292415142059326, loss=2.2800538539886475
I0831 09:49:15.180390 140462157436672 logging_writer.py:48] [5700] global_step=5700, grad_norm=1.9617319107055664, loss=2.2136735916137695
I0831 09:49:42.300506 140462165829376 logging_writer.py:48] [5800] global_step=5800, grad_norm=2.4758846759796143, loss=2.227445602416992
I0831 09:50:09.442220 140462157436672 logging_writer.py:48] [5900] global_step=5900, grad_norm=3.0113320350646973, loss=2.4582290649414062
I0831 09:50:36.671079 140462165829376 logging_writer.py:48] [6000] global_step=6000, grad_norm=2.4725732803344727, loss=2.3466849327087402
I0831 09:51:03.858357 140462157436672 logging_writer.py:48] [6100] global_step=6100, grad_norm=2.351223945617676, loss=2.2409472465515137
I0831 09:51:31.004857 140462165829376 logging_writer.py:48] [6200] global_step=6200, grad_norm=2.3518292903900146, loss=2.287602663040161
I0831 09:51:58.183176 140462157436672 logging_writer.py:48] [6300] global_step=6300, grad_norm=2.2440106868743896, loss=2.305797815322876
I0831 09:52:25.334387 140462165829376 logging_writer.py:48] [6400] global_step=6400, grad_norm=2.167264223098755, loss=2.256558656692505
I0831 09:52:52.678747 140462157436672 logging_writer.py:48] [6500] global_step=6500, grad_norm=2.5926637649536133, loss=2.3127479553222656
I0831 09:53:11.870809 140659750036672 spec.py:333] Evaluating on the training split.
I0831 09:53:23.228886 140659750036672 spec.py:346] Evaluating on the validation split.
I0831 09:53:32.696458 140659750036672 spec.py:363] Evaluating on the test split.
I0831 09:53:33.615926 140659750036672 submission_runner.py:516] Time since start: 2134.79s, 	Step: 6572, 	{'train/accuracy': Array(0.6306003, dtype=float32), 'train/loss': Array(1.5325073, dtype=float32), 'validation/accuracy': Array(0.57357997, dtype=float32), 'validation/loss': Array(1.8282131, dtype=float32), 'validation/num_examples': 50000, 'test/accuracy': Array(0.44230002, dtype=float32), 'test/loss': Array(2.5904195, dtype=float32), 'test/num_examples': 10000, 'score': 2049.2234110832214, 'total_duration': 2134.791506290436, 'accumulated_submission_time': 2049.2234110832214, 'accumulated_eval_time': 85.47269701957703, 'accumulated_logging_time': 0.040308237075805664}
I0831 09:53:33.663228 140462207792896 logging_writer.py:48] [6572] accumulated_eval_time=85.4727, accumulated_logging_time=0.0403082, accumulated_submission_time=2049.22, global_step=6572, preemption_count=0, score=2049.22, test/accuracy=0.442300021648407, test/loss=2.5904195308685303, test/num_examples=10000, total_duration=2134.79, train/accuracy=0.6306002736091614, train/loss=1.532507300376892, validation/accuracy=0.5735799670219421, validation/loss=1.828213095664978, validation/num_examples=50000
I0831 09:53:41.690324 140462291654400 logging_writer.py:48] [6600] global_step=6600, grad_norm=3.6754932403564453, loss=2.146148204803467
I0831 09:54:08.840731 140462207792896 logging_writer.py:48] [6700] global_step=6700, grad_norm=2.1184144020080566, loss=2.284724235534668
I0831 09:54:36.012640 140462291654400 logging_writer.py:48] [6800] global_step=6800, grad_norm=2.376620292663574, loss=2.2591500282287598
I0831 09:55:03.227610 140462207792896 logging_writer.py:48] [6900] global_step=6900, grad_norm=2.3602869510650635, loss=2.1125152111053467
I0831 09:55:30.354702 140462291654400 logging_writer.py:48] [7000] global_step=7000, grad_norm=2.852790594100952, loss=2.1171715259552
I0831 09:55:57.487476 140462207792896 logging_writer.py:48] [7100] global_step=7100, grad_norm=4.532451629638672, loss=2.000176429748535
I0831 09:56:24.680791 140462291654400 logging_writer.py:48] [7200] global_step=7200, grad_norm=2.4538440704345703, loss=1.983835220336914
I0831 09:56:51.839541 140462207792896 logging_writer.py:48] [7300] global_step=7300, grad_norm=2.755748748779297, loss=2.1194794178009033
I0831 09:57:19.018742 140462291654400 logging_writer.py:48] [7400] global_step=7400, grad_norm=2.9472603797912598, loss=2.119140863418579
I0831 09:57:46.201977 140462207792896 logging_writer.py:48] [7500] global_step=7500, grad_norm=2.4568779468536377, loss=2.0059566497802734
I0831 09:58:13.557440 140462291654400 logging_writer.py:48] [7600] global_step=7600, grad_norm=2.2398524284362793, loss=2.028844118118286
I0831 09:58:40.698849 140462207792896 logging_writer.py:48] [7700] global_step=7700, grad_norm=2.833209276199341, loss=2.1118547916412354
I0831 09:59:07.900511 140462291654400 logging_writer.py:48] [7800] global_step=7800, grad_norm=2.7344605922698975, loss=2.1323328018188477
I0831 09:59:35.027035 140462207792896 logging_writer.py:48] [7900] global_step=7900, grad_norm=2.33223819732666, loss=2.188560962677002
I0831 10:00:02.148133 140462291654400 logging_writer.py:48] [8000] global_step=8000, grad_norm=2.6854770183563232, loss=2.0299248695373535
I0831 10:00:29.363302 140462207792896 logging_writer.py:48] [8100] global_step=8100, grad_norm=2.240314483642578, loss=1.9469785690307617
I0831 10:00:56.482617 140462291654400 logging_writer.py:48] [8200] global_step=8200, grad_norm=2.121680736541748, loss=1.9682697057724
I0831 10:01:23.629285 140462207792896 logging_writer.py:48] [8300] global_step=8300, grad_norm=2.3822858333587646, loss=1.927729606628418
I0831 10:01:50.846941 140462291654400 logging_writer.py:48] [8400] global_step=8400, grad_norm=2.7464606761932373, loss=2.004028797149658
I0831 10:02:18.000859 140462207792896 logging_writer.py:48] [8500] global_step=8500, grad_norm=2.2814574241638184, loss=2.055668830871582
I0831 10:02:45.342330 140462291654400 logging_writer.py:48] [8600] global_step=8600, grad_norm=2.0253264904022217, loss=1.9111089706420898
I0831 10:03:12.544453 140462207792896 logging_writer.py:48] [8700] global_step=8700, grad_norm=2.228611469268799, loss=1.985327959060669
I0831 10:03:39.693298 140462291654400 logging_writer.py:48] [8800] global_step=8800, grad_norm=2.6028523445129395, loss=2.0528459548950195
I0831 10:04:06.868272 140462207792896 logging_writer.py:48] [8900] global_step=8900, grad_norm=2.235804319381714, loss=1.9673993587493896
I0831 10:04:34.101693 140462291654400 logging_writer.py:48] [9000] global_step=9000, grad_norm=2.3639976978302, loss=1.9105784893035889
I0831 10:05:01.242782 140462207792896 logging_writer.py:48] [9100] global_step=9100, grad_norm=2.1943278312683105, loss=1.986356496810913
I0831 10:05:28.375346 140462291654400 logging_writer.py:48] [9200] global_step=9200, grad_norm=2.3464906215667725, loss=1.9924416542053223
I0831 10:05:55.572153 140462207792896 logging_writer.py:48] [9300] global_step=9300, grad_norm=1.669503092765808, loss=1.7664964199066162
I0831 10:06:22.708218 140462291654400 logging_writer.py:48] [9400] global_step=9400, grad_norm=2.2533938884735107, loss=1.7622374296188354
I0831 10:06:49.898433 140462207792896 logging_writer.py:48] [9500] global_step=9500, grad_norm=2.191455841064453, loss=1.8608760833740234
I0831 10:07:17.125061 140462291654400 logging_writer.py:48] [9600] global_step=9600, grad_norm=2.046034812927246, loss=1.90233314037323
I0831 10:07:44.469987 140462207792896 logging_writer.py:48] [9700] global_step=9700, grad_norm=2.016108989715576, loss=1.795114517211914
I0831 10:08:11.599521 140462291654400 logging_writer.py:48] [9800] global_step=9800, grad_norm=2.768373489379883, loss=1.9371118545532227
I0831 10:08:38.805683 140462207792896 logging_writer.py:48] [9900] global_step=9900, grad_norm=1.8984369039535522, loss=1.7905786037445068
I0831 10:09:05.976620 140462291654400 logging_writer.py:48] [10000] global_step=10000, grad_norm=2.5216500759124756, loss=1.8121864795684814
I0831 10:09:33.114503 140462207792896 logging_writer.py:48] [10100] global_step=10100, grad_norm=2.2036962509155273, loss=1.8106070756912231
I0831 10:10:00.318805 140462291654400 logging_writer.py:48] [10200] global_step=10200, grad_norm=2.080181360244751, loss=1.7938354015350342
I0831 10:10:27.444236 140462207792896 logging_writer.py:48] [10300] global_step=10300, grad_norm=1.9111698865890503, loss=1.8409600257873535
I0831 10:10:54.614145 140462291654400 logging_writer.py:48] [10400] global_step=10400, grad_norm=2.1766438484191895, loss=1.7789649963378906
I0831 10:11:21.801310 140462207792896 logging_writer.py:48] [10500] global_step=10500, grad_norm=2.7298994064331055, loss=1.7708156108856201
I0831 10:11:48.935449 140462291654400 logging_writer.py:48] [10600] global_step=10600, grad_norm=2.6131584644317627, loss=1.7813756465911865
I0831 10:12:16.088700 140462207792896 logging_writer.py:48] [10700] global_step=10700, grad_norm=2.171294927597046, loss=1.6262258291244507
I0831 10:12:43.524435 140462291654400 logging_writer.py:48] [10800] global_step=10800, grad_norm=2.811069965362549, loss=1.7096426486968994
I0831 10:13:10.678869 140462207792896 logging_writer.py:48] [10900] global_step=10900, grad_norm=2.269869804382324, loss=1.7413790225982666
I0831 10:13:37.804855 140462291654400 logging_writer.py:48] [11000] global_step=11000, grad_norm=2.712602138519287, loss=1.7849931716918945
I0831 10:14:05.006917 140462207792896 logging_writer.py:48] [11100] global_step=11100, grad_norm=2.4884133338928223, loss=1.8502622842788696
I0831 10:14:32.148612 140462291654400 logging_writer.py:48] [11200] global_step=11200, grad_norm=2.8317806720733643, loss=1.8181617259979248
I0831 10:14:59.265797 140462207792896 logging_writer.py:48] [11300] global_step=11300, grad_norm=2.4868650436401367, loss=1.748432993888855
I0831 10:15:26.470335 140462291654400 logging_writer.py:48] [11400] global_step=11400, grad_norm=2.510864496231079, loss=1.8518562316894531
I0831 10:15:53.618223 140462207792896 logging_writer.py:48] [11500] global_step=11500, grad_norm=2.389118194580078, loss=1.8340940475463867
I0831 10:16:20.763849 140462291654400 logging_writer.py:48] [11600] global_step=11600, grad_norm=3.1187994480133057, loss=1.687792420387268
I0831 10:16:47.944489 140462207792896 logging_writer.py:48] [11700] global_step=11700, grad_norm=2.4140069484710693, loss=1.8124284744262695
I0831 10:17:15.091807 140462291654400 logging_writer.py:48] [11800] global_step=11800, grad_norm=2.1857166290283203, loss=1.6492376327514648
I0831 10:17:42.457854 140462207792896 logging_writer.py:48] [11900] global_step=11900, grad_norm=2.439077377319336, loss=1.5927047729492188
I0831 10:18:09.656205 140462291654400 logging_writer.py:48] [12000] global_step=12000, grad_norm=2.5857770442962646, loss=1.7065401077270508
I0831 10:18:36.805850 140462207792896 logging_writer.py:48] [12100] global_step=12100, grad_norm=1.9919244050979614, loss=1.7136585712432861
I0831 10:19:03.944302 140462291654400 logging_writer.py:48] [12200] global_step=12200, grad_norm=2.260702610015869, loss=1.6966392993927002
I0831 10:19:31.143750 140462207792896 logging_writer.py:48] [12300] global_step=12300, grad_norm=2.4203598499298096, loss=1.679175615310669
I0831 10:19:58.266631 140462291654400 logging_writer.py:48] [12400] global_step=12400, grad_norm=2.1513073444366455, loss=1.5677989721298218
I0831 10:20:25.394826 140462207792896 logging_writer.py:48] [12500] global_step=12500, grad_norm=2.2790517807006836, loss=1.6863300800323486
I0831 10:20:52.623670 140462291654400 logging_writer.py:48] [12600] global_step=12600, grad_norm=2.408601999282837, loss=1.645574688911438
I0831 10:21:19.776096 140462207792896 logging_writer.py:48] [12700] global_step=12700, grad_norm=2.409668445587158, loss=1.6535801887512207
I0831 10:21:46.928018 140462291654400 logging_writer.py:48] [12800] global_step=12800, grad_norm=2.549299478530884, loss=1.8028111457824707
I0831 10:22:14.305039 140462207792896 logging_writer.py:48] [12900] global_step=12900, grad_norm=2.246994972229004, loss=1.783373236656189
I0831 10:22:41.446722 140462291654400 logging_writer.py:48] [13000] global_step=13000, grad_norm=2.415525436401367, loss=1.6351895332336426
I0831 10:23:08.577767 140462207792896 logging_writer.py:48] [13100] global_step=13100, grad_norm=2.2035224437713623, loss=1.6449565887451172
I0831 10:23:35.771061 140462291654400 logging_writer.py:48] [13200] global_step=13200, grad_norm=2.2959773540496826, loss=1.6004631519317627
I0831 10:24:02.913881 140462207792896 logging_writer.py:48] [13300] global_step=13300, grad_norm=2.366063117980957, loss=1.7040777206420898
I0831 10:24:30.069758 140462291654400 logging_writer.py:48] [13400] global_step=13400, grad_norm=2.1199851036071777, loss=1.5748274326324463
I0831 10:24:57.262408 140462207792896 logging_writer.py:48] [13500] global_step=13500, grad_norm=2.343412160873413, loss=1.6480287313461304
I0831 10:25:24.392125 140462291654400 logging_writer.py:48] [13600] global_step=13600, grad_norm=2.547119379043579, loss=1.6030848026275635
I0831 10:25:51.528706 140462207792896 logging_writer.py:48] [13700] global_step=13700, grad_norm=2.3141095638275146, loss=1.6994836330413818
I0831 10:26:18.728930 140462291654400 logging_writer.py:48] [13800] global_step=13800, grad_norm=2.285571813583374, loss=1.5324442386627197
I0831 10:26:45.863877 140462207792896 logging_writer.py:48] [13900] global_step=13900, grad_norm=2.379819631576538, loss=1.5746440887451172
I0831 10:26:49.811743 140659750036672 spec.py:333] Evaluating on the training split.
I0831 10:27:02.462969 140659750036672 spec.py:346] Evaluating on the validation split.
I0831 10:27:11.555723 140659750036672 spec.py:363] Evaluating on the test split.
I0831 10:27:12.430308 140659750036672 submission_runner.py:516] Time since start: 4153.61s, 	Step: 13916, 	{'train/accuracy': Array(0.7621771, dtype=float32), 'train/loss': Array(0.9435853, dtype=float32), 'validation/accuracy': Array(0.66736, dtype=float32), 'validation/loss': Array(1.3725033, dtype=float32), 'validation/num_examples': 50000, 'test/accuracy': Array(0.53010005, dtype=float32), 'test/loss': Array(2.1301467, dtype=float32), 'test/num_examples': 10000, 'score': 4045.282567501068, 'total_duration': 4153.60573720932, 'accumulated_submission_time': 4045.282567501068, 'accumulated_eval_time': 108.08916926383972, 'accumulated_logging_time': 0.11857056617736816}
I0831 10:27:12.492893 140462291654400 logging_writer.py:48] [13916] accumulated_eval_time=108.089, accumulated_logging_time=0.118571, accumulated_submission_time=4045.28, global_step=13916, preemption_count=0, score=4045.28, test/accuracy=0.5301000475883484, test/loss=2.1301467418670654, test/num_examples=10000, total_duration=4153.61, train/accuracy=0.7621771097183228, train/loss=0.9435852766036987, validation/accuracy=0.6673600077629089, validation/loss=1.3725032806396484, validation/num_examples=50000
I0831 10:27:35.969255 140462207792896 logging_writer.py:48] [14000] global_step=14000, grad_norm=2.5680906772613525, loss=1.5774723291397095
I0831 10:28:03.161202 140462291654400 logging_writer.py:48] [14100] global_step=14100, grad_norm=2.374664306640625, loss=1.719275712966919
I0831 10:28:30.307424 140462207792896 logging_writer.py:48] [14200] global_step=14200, grad_norm=2.909944534301758, loss=1.648324966430664
I0831 10:28:57.437073 140462291654400 logging_writer.py:48] [14300] global_step=14300, grad_norm=2.5713629722595215, loss=1.592890739440918
I0831 10:29:24.619043 140462207792896 logging_writer.py:48] [14400] global_step=14400, grad_norm=2.5559241771698, loss=1.688223123550415
I0831 10:29:51.765385 140462291654400 logging_writer.py:48] [14500] global_step=14500, grad_norm=2.1649234294891357, loss=1.5837830305099487
I0831 10:30:18.915499 140462207792896 logging_writer.py:48] [14600] global_step=14600, grad_norm=2.5722508430480957, loss=1.6536203622817993
I0831 10:30:46.152587 140462291654400 logging_writer.py:48] [14700] global_step=14700, grad_norm=3.484571695327759, loss=1.5803334712982178
I0831 10:31:13.300446 140462207792896 logging_writer.py:48] [14800] global_step=14800, grad_norm=2.7065367698669434, loss=1.669950008392334
I0831 10:31:40.410676 140462291654400 logging_writer.py:48] [14900] global_step=14900, grad_norm=2.473562240600586, loss=1.694442629814148
I0831 10:32:07.609059 140462207792896 logging_writer.py:48] [15000] global_step=15000, grad_norm=2.5298497676849365, loss=1.6152448654174805
I0831 10:32:34.924647 140462291654400 logging_writer.py:48] [15100] global_step=15100, grad_norm=3.1821839809417725, loss=1.5178382396697998
I0831 10:33:02.040521 140462207792896 logging_writer.py:48] [15200] global_step=15200, grad_norm=2.971757650375366, loss=1.5309734344482422
I0831 10:33:29.260599 140462291654400 logging_writer.py:48] [15300] global_step=15300, grad_norm=2.6300106048583984, loss=1.578116774559021
I0831 10:33:56.395581 140462207792896 logging_writer.py:48] [15400] global_step=15400, grad_norm=3.0556576251983643, loss=1.6937977075576782
I0831 10:34:23.536761 140462291654400 logging_writer.py:48] [15500] global_step=15500, grad_norm=2.7657971382141113, loss=1.591247797012329
I0831 10:34:50.714614 140462207792896 logging_writer.py:48] [15600] global_step=15600, grad_norm=2.7367196083068848, loss=1.6313602924346924
I0831 10:35:17.861080 140462291654400 logging_writer.py:48] [15700] global_step=15700, grad_norm=3.1936049461364746, loss=1.5898640155792236
I0831 10:35:45.009954 140462207792896 logging_writer.py:48] [15800] global_step=15800, grad_norm=2.6657676696777344, loss=1.5066211223602295
I0831 10:36:12.233393 140462291654400 logging_writer.py:48] [15900] global_step=15900, grad_norm=2.8907532691955566, loss=1.612101435661316
I0831 10:36:39.370964 140462207792896 logging_writer.py:48] [16000] global_step=16000, grad_norm=2.8402769565582275, loss=1.5437281131744385
I0831 10:37:06.509610 140462291654400 logging_writer.py:48] [16100] global_step=16100, grad_norm=2.55635142326355, loss=1.424768090248108
I0831 10:37:33.958329 140462207792896 logging_writer.py:48] [16200] global_step=16200, grad_norm=2.514019727706909, loss=1.6056722402572632
I0831 10:38:01.064362 140462291654400 logging_writer.py:48] [16300] global_step=16300, grad_norm=3.4673306941986084, loss=1.6122403144836426
I0831 10:38:28.178598 140462207792896 logging_writer.py:48] [16400] global_step=16400, grad_norm=2.7446064949035645, loss=1.4478479623794556
I0831 10:38:55.378334 140462291654400 logging_writer.py:48] [16500] global_step=16500, grad_norm=2.861154317855835, loss=1.4633314609527588
I0831 10:39:22.528518 140462207792896 logging_writer.py:48] [16600] global_step=16600, grad_norm=2.89803147315979, loss=1.4998345375061035
I0831 10:39:49.672561 140462291654400 logging_writer.py:48] [16700] global_step=16700, grad_norm=2.9622349739074707, loss=1.414170742034912
I0831 10:40:16.851900 140462207792896 logging_writer.py:48] [16800] global_step=16800, grad_norm=3.2053935527801514, loss=1.4510498046875
I0831 10:40:44.009473 140462291654400 logging_writer.py:48] [16900] global_step=16900, grad_norm=2.9549124240875244, loss=1.5469920635223389
I0831 10:41:11.141363 140462207792896 logging_writer.py:48] [17000] global_step=17000, grad_norm=3.36299729347229, loss=1.5127586126327515
I0831 10:41:38.338854 140462291654400 logging_writer.py:48] [17100] global_step=17100, grad_norm=2.978367567062378, loss=1.4687614440917969
I0831 10:42:05.506339 140462207792896 logging_writer.py:48] [17200] global_step=17200, grad_norm=3.1030945777893066, loss=1.5492079257965088
I0831 10:42:32.880960 140462291654400 logging_writer.py:48] [17300] global_step=17300, grad_norm=3.175999402999878, loss=1.504704236984253
I0831 10:43:00.111091 140462207792896 logging_writer.py:48] [17400] global_step=17400, grad_norm=3.1675915718078613, loss=1.4444739818572998
I0831 10:43:27.250918 140462291654400 logging_writer.py:48] [17500] global_step=17500, grad_norm=3.2506039142608643, loss=1.493762731552124
I0831 10:43:54.364377 140462207792896 logging_writer.py:48] [17600] global_step=17600, grad_norm=3.2194998264312744, loss=1.490762710571289
I0831 10:44:21.552435 140462291654400 logging_writer.py:48] [17700] global_step=17700, grad_norm=3.3054392337799072, loss=1.4821350574493408
I0831 10:44:48.658061 140462207792896 logging_writer.py:48] [17800] global_step=17800, grad_norm=3.4288899898529053, loss=1.496376395225525
I0831 10:45:15.783975 140462291654400 logging_writer.py:48] [17900] global_step=17900, grad_norm=3.809194803237915, loss=1.4803627729415894
I0831 10:45:43.026231 140462207792896 logging_writer.py:48] [18000] global_step=18000, grad_norm=3.376085042953491, loss=1.5223851203918457
I0831 10:46:10.154620 140462291654400 logging_writer.py:48] [18100] global_step=18100, grad_norm=3.6558287143707275, loss=1.5483472347259521
I0831 10:46:37.321955 140462207792896 logging_writer.py:48] [18200] global_step=18200, grad_norm=3.7369649410247803, loss=1.5370577573776245
I0831 10:47:04.758229 140462291654400 logging_writer.py:48] [18300] global_step=18300, grad_norm=3.928854465484619, loss=1.5301045179367065
I0831 10:47:31.881158 140462207792896 logging_writer.py:48] [18400] global_step=18400, grad_norm=4.132620811462402, loss=1.5771081447601318
I0831 10:47:59.047307 140462291654400 logging_writer.py:48] [18500] global_step=18500, grad_norm=4.37750768661499, loss=1.6002705097198486
I0831 10:48:26.260580 140462207792896 logging_writer.py:48] [18600] global_step=18600, grad_norm=4.076304912567139, loss=1.4915862083435059
I0831 10:48:53.420092 140462291654400 logging_writer.py:48] [18700] global_step=18700, grad_norm=4.026027202606201, loss=1.446304202079773
I0831 10:49:20.571087 140462207792896 logging_writer.py:48] [18800] global_step=18800, grad_norm=4.3599066734313965, loss=1.5809693336486816
I0831 10:49:47.747143 140462291654400 logging_writer.py:48] [18900] global_step=18900, grad_norm=4.713173866271973, loss=1.470792293548584
I0831 10:50:14.877334 140462207792896 logging_writer.py:48] [19000] global_step=19000, grad_norm=4.568814277648926, loss=1.5624616146087646
I0831 10:50:42.001276 140462291654400 logging_writer.py:48] [19100] global_step=19100, grad_norm=4.695838928222656, loss=1.531742811203003
I0831 10:51:09.221976 140462207792896 logging_writer.py:48] [19200] global_step=19200, grad_norm=4.969592094421387, loss=1.5617458820343018
I0831 10:51:36.354297 140462291654400 logging_writer.py:48] [19300] global_step=19300, grad_norm=5.660805702209473, loss=1.5578421354293823
I0831 10:52:03.711159 140462207792896 logging_writer.py:48] [19400] global_step=19400, grad_norm=5.130966663360596, loss=1.5209615230560303
I0831 10:52:30.895575 140462291654400 logging_writer.py:48] [19500] global_step=19500, grad_norm=5.260776996612549, loss=1.4526710510253906
I0831 10:52:58.046101 140462207792896 logging_writer.py:48] [19600] global_step=19600, grad_norm=5.340883731842041, loss=1.4840925931930542
I0831 10:53:25.178373 140462291654400 logging_writer.py:48] [19700] global_step=19700, grad_norm=5.665178298950195, loss=1.5533970594406128
I0831 10:53:52.385903 140462207792896 logging_writer.py:48] [19800] global_step=19800, grad_norm=5.40863561630249, loss=1.5447629690170288
I0831 10:54:19.511529 140462291654400 logging_writer.py:48] [19900] global_step=19900, grad_norm=6.1310648918151855, loss=1.4513378143310547
I0831 10:54:46.645640 140462207792896 logging_writer.py:48] [20000] global_step=20000, grad_norm=6.391512393951416, loss=1.4875731468200684
I0831 10:55:13.837154 140462291654400 logging_writer.py:48] [20100] global_step=20100, grad_norm=6.586771488189697, loss=1.4764924049377441
I0831 10:55:40.958710 140462207792896 logging_writer.py:48] [20200] global_step=20200, grad_norm=7.218862056732178, loss=1.6000481843948364
I0831 10:56:08.103439 140462291654400 logging_writer.py:48] [20300] global_step=20300, grad_norm=7.027608871459961, loss=1.6368716955184937
I0831 10:56:35.327436 140462207792896 logging_writer.py:48] [20400] global_step=20400, grad_norm=6.813013076782227, loss=1.5145292282104492
I0831 10:57:02.684443 140462291654400 logging_writer.py:48] [20500] global_step=20500, grad_norm=7.27241849899292, loss=1.5426185131072998
I0831 10:57:29.837340 140462207792896 logging_writer.py:48] [20600] global_step=20600, grad_norm=8.036831855773926, loss=1.5630038976669312
I0831 10:57:57.042104 140462291654400 logging_writer.py:48] [20700] global_step=20700, grad_norm=7.873350143432617, loss=1.5745408535003662
I0831 10:58:24.202287 140462207792896 logging_writer.py:48] [20800] global_step=20800, grad_norm=8.035379409790039, loss=1.4845781326293945
I0831 10:58:51.346819 140462291654400 logging_writer.py:48] [20900] global_step=20900, grad_norm=9.4005765914917, loss=1.4661574363708496
I0831 10:59:18.527436 140462207792896 logging_writer.py:48] [21000] global_step=21000, grad_norm=8.914730072021484, loss=1.4609622955322266
I0831 10:59:45.660397 140462291654400 logging_writer.py:48] [21100] global_step=21100, grad_norm=9.12794303894043, loss=1.479184865951538
I0831 11:00:12.837373 140462207792896 logging_writer.py:48] [21200] global_step=21200, grad_norm=9.464282989501953, loss=1.5207958221435547
I0831 11:00:28.508384 140659750036672 spec.py:333] Evaluating on the training split.
I0831 11:00:39.961244 140659750036672 spec.py:346] Evaluating on the validation split.
I0831 11:00:48.962906 140659750036672 spec.py:363] Evaluating on the test split.
I0831 11:00:49.839258 140659750036672 submission_runner.py:516] Time since start: 6171.01s, 	Step: 21259, 	{'train/accuracy': Array(0.8075972, dtype=float32), 'train/loss': Array(0.7395382, dtype=float32), 'validation/accuracy': Array(0.69585997, dtype=float32), 'validation/loss': Array(1.2365702, dtype=float32), 'validation/num_examples': 50000, 'test/accuracy': Array(0.5655, dtype=float32), 'test/loss': Array(1.971104, dtype=float32), 'test/num_examples': 10000, 'score': 6041.208413362503, 'total_duration': 6171.006928682327, 'accumulated_submission_time': 6041.208413362503, 'accumulated_eval_time': 129.41019129753113, 'accumulated_logging_time': 0.21257448196411133}
I0831 11:00:49.886009 140462291654400 logging_writer.py:48] [21259] accumulated_eval_time=129.41, accumulated_logging_time=0.212574, accumulated_submission_time=6041.21, global_step=21259, preemption_count=0, score=6041.21, test/accuracy=0.565500020980835, test/loss=1.9711040258407593, test/num_examples=10000, total_duration=6171.01, train/accuracy=0.8075972199440002, train/loss=0.7395381927490234, validation/accuracy=0.695859968662262, validation/loss=1.2365702390670776, validation/num_examples=50000
I0831 11:01:01.431082 140462207792896 logging_writer.py:48] [21300] global_step=21300, grad_norm=9.959440231323242, loss=1.5244860649108887
I0831 11:01:28.542243 140462291654400 logging_writer.py:48] [21400] global_step=21400, grad_norm=9.996405601501465, loss=1.5710407495498657
I0831 11:01:55.672532 140462207792896 logging_writer.py:48] [21500] global_step=21500, grad_norm=9.766855239868164, loss=1.4647681713104248
I0831 11:02:23.132272 140462291654400 logging_writer.py:48] [21600] global_step=21600, grad_norm=9.829764366149902, loss=1.4652414321899414
I0831 11:02:50.291771 140462207792896 logging_writer.py:48] [21700] global_step=21700, grad_norm=10.630622863769531, loss=1.455362319946289
I0831 11:03:17.407003 140462291654400 logging_writer.py:48] [21800] global_step=21800, grad_norm=11.314786911010742, loss=1.5204124450683594
I0831 11:03:44.601691 140462207792896 logging_writer.py:48] [21900] global_step=21900, grad_norm=10.795660972595215, loss=1.5607848167419434
I0831 11:04:11.729961 140462291654400 logging_writer.py:48] [22000] global_step=22000, grad_norm=11.20372486114502, loss=1.477311134338379
I0831 11:04:38.879221 140462207792896 logging_writer.py:48] [22100] global_step=22100, grad_norm=12.30726146697998, loss=1.4531530141830444
I0831 11:05:06.088661 140462291654400 logging_writer.py:48] [22200] global_step=22200, grad_norm=11.807415008544922, loss=1.5424872636795044
I0831 11:05:33.222708 140462207792896 logging_writer.py:48] [22300] global_step=22300, grad_norm=11.279500007629395, loss=1.480666995048523
I0831 11:06:00.354058 140462291654400 logging_writer.py:48] [22400] global_step=22400, grad_norm=11.795482635498047, loss=1.478236436843872
I0831 11:06:27.573340 140462207792896 logging_writer.py:48] [22500] global_step=22500, grad_norm=12.360130310058594, loss=1.4908270835876465
I0831 11:06:54.986969 140462291654400 logging_writer.py:48] [22600] global_step=22600, grad_norm=12.287235260009766, loss=1.5347745418548584
I0831 11:07:22.145145 140462207792896 logging_writer.py:48] [22700] global_step=22700, grad_norm=12.216634750366211, loss=1.4644726514816284
I0831 11:07:49.352163 140462291654400 logging_writer.py:48] [22800] global_step=22800, grad_norm=13.242913246154785, loss=1.5811470746994019
I0831 11:08:16.472045 140462207792896 logging_writer.py:48] [22900] global_step=22900, grad_norm=12.785090446472168, loss=1.5857042074203491
I0831 11:08:43.602873 140462291654400 logging_writer.py:48] [23000] global_step=23000, grad_norm=12.755589485168457, loss=1.4981820583343506
I0831 11:09:10.831646 140462207792896 logging_writer.py:48] [23100] global_step=23100, grad_norm=12.544475555419922, loss=1.2978429794311523
I0831 11:09:37.951270 140462291654400 logging_writer.py:48] [23200] global_step=23200, grad_norm=12.887504577636719, loss=1.4520010948181152
I0831 11:10:05.064209 140462207792896 logging_writer.py:48] [23300] global_step=23300, grad_norm=12.713252067565918, loss=1.4144994020462036
I0831 11:10:32.254339 140462291654400 logging_writer.py:48] [23400] global_step=23400, grad_norm=12.721389770507812, loss=1.5767252445220947
I0831 11:10:59.423676 140462207792896 logging_writer.py:48] [23500] global_step=23500, grad_norm=13.253745079040527, loss=1.5312401056289673
I0831 11:11:26.550789 140462291654400 logging_writer.py:48] [23600] global_step=23600, grad_norm=12.978544235229492, loss=1.5911860466003418
I0831 11:11:53.972831 140462207792896 logging_writer.py:48] [23700] global_step=23700, grad_norm=12.83498764038086, loss=1.4739487171173096
I0831 11:12:21.104138 140462291654400 logging_writer.py:48] [23800] global_step=23800, grad_norm=12.575363159179688, loss=1.4737350940704346
I0831 11:12:48.227841 140462207792896 logging_writer.py:48] [23900] global_step=23900, grad_norm=12.437125205993652, loss=1.4368994235992432
I0831 11:13:15.453807 140462291654400 logging_writer.py:48] [24000] global_step=24000, grad_norm=13.498224258422852, loss=1.483588695526123
I0831 11:13:42.590928 140462207792896 logging_writer.py:48] [24100] global_step=24100, grad_norm=12.053511619567871, loss=1.5489437580108643
I0831 11:14:09.721834 140462291654400 logging_writer.py:48] [24200] global_step=24200, grad_norm=12.17817211151123, loss=1.4189302921295166
I0831 11:14:36.933991 140462207792896 logging_writer.py:48] [24300] global_step=24300, grad_norm=11.979373931884766, loss=1.4417623281478882
I0831 11:15:04.053517 140462291654400 logging_writer.py:48] [24400] global_step=24400, grad_norm=11.905501365661621, loss=1.4199943542480469
I0831 11:15:31.190570 140462207792896 logging_writer.py:48] [24500] global_step=24500, grad_norm=12.559513092041016, loss=1.4650168418884277
I0831 11:15:58.387575 140462291654400 logging_writer.py:48] [24600] global_step=24600, grad_norm=11.29023551940918, loss=1.4878263473510742
I0831 11:16:25.542918 140462207792896 logging_writer.py:48] [24700] global_step=24700, grad_norm=11.05226993560791, loss=1.408846378326416
I0831 11:16:52.888616 140462291654400 logging_writer.py:48] [24800] global_step=24800, grad_norm=11.937566757202148, loss=1.4488484859466553
I0831 11:17:20.094238 140462207792896 logging_writer.py:48] [24900] global_step=24900, grad_norm=11.518203735351562, loss=1.5162503719329834
I0831 11:17:47.226829 140462291654400 logging_writer.py:48] [25000] global_step=25000, grad_norm=10.729233741760254, loss=1.3275067806243896
I0831 11:18:14.360632 140462207792896 logging_writer.py:48] [25100] global_step=25100, grad_norm=11.072562217712402, loss=1.3683048486709595
I0831 11:18:41.584938 140462291654400 logging_writer.py:48] [25200] global_step=25200, grad_norm=11.189452171325684, loss=1.343193531036377
I0831 11:19:08.741148 140462207792896 logging_writer.py:48] [25300] global_step=25300, grad_norm=9.992819786071777, loss=1.3159159421920776
I0831 11:19:35.902997 140462291654400 logging_writer.py:48] [25400] global_step=25400, grad_norm=10.870250701904297, loss=1.5098881721496582
I0831 11:20:03.096642 140462207792896 logging_writer.py:48] [25500] global_step=25500, grad_norm=10.800687789916992, loss=1.3990739583969116
I0831 11:20:30.232256 140462291654400 logging_writer.py:48] [25600] global_step=25600, grad_norm=10.095355987548828, loss=1.4783849716186523
I0831 11:20:57.365722 140462207792896 logging_writer.py:48] [25700] global_step=25700, grad_norm=10.299860000610352, loss=1.389349341392517
I0831 11:21:24.550699 140462291654400 logging_writer.py:48] [25800] global_step=25800, grad_norm=10.027989387512207, loss=1.5135093927383423
I0831 11:21:51.907984 140462207792896 logging_writer.py:48] [25900] global_step=25900, grad_norm=9.517210960388184, loss=1.367726445198059
I0831 11:22:19.034924 140462291654400 logging_writer.py:48] [26000] global_step=26000, grad_norm=9.319551467895508, loss=1.381082534790039
I0831 11:22:46.253885 140462207792896 logging_writer.py:48] [26100] global_step=26100, grad_norm=9.650248527526855, loss=1.5731110572814941
I0831 11:23:13.384060 140462291654400 logging_writer.py:48] [26200] global_step=26200, grad_norm=9.121173858642578, loss=1.4309334754943848
I0831 11:23:40.547261 140462207792896 logging_writer.py:48] [26300] global_step=26300, grad_norm=9.441349983215332, loss=1.463244080543518
I0831 11:24:07.749104 140462291654400 logging_writer.py:48] [26400] global_step=26400, grad_norm=9.39389705657959, loss=1.4581501483917236
I0831 11:24:34.878141 140462207792896 logging_writer.py:48] [26500] global_step=26500, grad_norm=8.666021347045898, loss=1.464780330657959
I0831 11:25:01.998836 140462291654400 logging_writer.py:48] [26600] global_step=26600, grad_norm=8.975469589233398, loss=1.4505524635314941
I0831 11:25:29.200004 140462207792896 logging_writer.py:48] [26700] global_step=26700, grad_norm=8.526373863220215, loss=1.338141679763794
I0831 11:25:56.341402 140462291654400 logging_writer.py:48] [26800] global_step=26800, grad_norm=8.272428512573242, loss=1.4030585289001465
I0831 11:26:23.689275 140462207792896 logging_writer.py:48] [26900] global_step=26900, grad_norm=8.31014347076416, loss=1.3618639707565308
I0831 11:26:50.882823 140462291654400 logging_writer.py:48] [27000] global_step=27000, grad_norm=8.155004501342773, loss=1.5082733631134033
I0831 11:27:18.029777 140462207792896 logging_writer.py:48] [27100] global_step=27100, grad_norm=7.714046001434326, loss=1.3244388103485107
I0831 11:27:45.188159 140462291654400 logging_writer.py:48] [27200] global_step=27200, grad_norm=8.172981262207031, loss=1.3869025707244873
I0831 11:28:12.389500 140462207792896 logging_writer.py:48] [27300] global_step=27300, grad_norm=8.20667839050293, loss=1.3995213508605957
I0831 11:28:39.509066 140462291654400 logging_writer.py:48] [27400] global_step=27400, grad_norm=7.779822826385498, loss=1.4149588346481323
I0831 11:29:06.634688 140462207792896 logging_writer.py:48] [27500] global_step=27500, grad_norm=7.360105991363525, loss=1.3499209880828857
I0831 11:29:33.834489 140462291654400 logging_writer.py:48] [27600] global_step=27600, grad_norm=7.7369866371154785, loss=1.4029148817062378
I0831 11:30:00.984694 140462207792896 logging_writer.py:48] [27700] global_step=27700, grad_norm=7.408384323120117, loss=1.4167379140853882
I0831 11:30:28.134196 140462291654400 logging_writer.py:48] [27800] global_step=27800, grad_norm=7.556114673614502, loss=1.4562536478042603
I0831 11:30:55.343249 140462207792896 logging_writer.py:48] [27900] global_step=27900, grad_norm=7.5156660079956055, loss=1.406574010848999
I0831 11:31:22.734411 140462291654400 logging_writer.py:48] [28000] global_step=28000, grad_norm=7.731326580047607, loss=1.4265847206115723
I0831 11:31:49.868740 140462207792896 logging_writer.py:48] [28100] global_step=28100, grad_norm=7.687921524047852, loss=1.452186942100525
I0831 11:32:17.083545 140462291654400 logging_writer.py:48] [28200] global_step=28200, grad_norm=7.403524875640869, loss=1.2904845476150513
I0831 11:32:44.205160 140462207792896 logging_writer.py:48] [28300] global_step=28300, grad_norm=7.246540069580078, loss=1.4337832927703857
I0831 11:33:11.317532 140462291654400 logging_writer.py:48] [28400] global_step=28400, grad_norm=7.029806137084961, loss=1.3245986700057983
I0831 11:33:38.529500 140462207792896 logging_writer.py:48] [28500] global_step=28500, grad_norm=6.706068515777588, loss=1.3703325986862183
I0831 11:34:05.678953 140462291654400 logging_writer.py:48] [28600] global_step=28600, grad_norm=6.515596389770508, loss=1.3315939903259277
I0831 11:34:05.848270 140659750036672 spec.py:333] Evaluating on the training split.
I0831 11:34:17.394324 140659750036672 spec.py:346] Evaluating on the validation split.
I0831 11:34:26.400084 140659750036672 spec.py:363] Evaluating on the test split.
I0831 11:34:27.278815 140659750036672 submission_runner.py:516] Time since start: 8188.45s, 	Step: 28602, 	{'train/accuracy': Array(0.83296794, dtype=float32), 'train/loss': Array(0.6281649, dtype=float32), 'validation/accuracy': Array(0.7123, dtype=float32), 'validation/loss': Array(1.1660333, dtype=float32), 'validation/num_examples': 50000, 'test/accuracy': Array(0.5809, dtype=float32), 'test/loss': Array(1.8867964, dtype=float32), 'test/num_examples': 10000, 'score': 8037.070692062378, 'total_duration': 8188.448412895203, 'accumulated_submission_time': 8037.070692062378, 'accumulated_eval_time': 150.83281111717224, 'accumulated_logging_time': 0.3011040687561035}
I0831 11:34:27.326356 140462207792896 logging_writer.py:48] [28602] accumulated_eval_time=150.833, accumulated_logging_time=0.301104, accumulated_submission_time=8037.07, global_step=28602, preemption_count=0, score=8037.07, test/accuracy=0.5809000134468079, test/loss=1.8867963552474976, test/num_examples=10000, total_duration=8188.45, train/accuracy=0.8329679369926453, train/loss=0.6281648874282837, validation/accuracy=0.7123000025749207, validation/loss=1.1660332679748535, validation/num_examples=50000
I0831 11:34:54.306293 140462291654400 logging_writer.py:48] [28700] global_step=28700, grad_norm=6.609522819519043, loss=1.2933446168899536
I0831 11:35:21.491109 140462207792896 logging_writer.py:48] [28800] global_step=28800, grad_norm=6.837456703186035, loss=1.4635859727859497
I0831 11:35:48.637130 140462291654400 logging_writer.py:48] [28900] global_step=28900, grad_norm=6.472423076629639, loss=1.373159646987915
I0831 11:36:15.758714 140462207792896 logging_writer.py:48] [29000] global_step=29000, grad_norm=6.2627692222595215, loss=1.3141703605651855
I0831 11:36:43.193438 140462291654400 logging_writer.py:48] [29100] global_step=29100, grad_norm=6.40470552444458, loss=1.360843539237976
I0831 11:37:10.344481 140462207792896 logging_writer.py:48] [29200] global_step=29200, grad_norm=6.335663318634033, loss=1.2863843441009521
I0831 11:37:37.467824 140462291654400 logging_writer.py:48] [29300] global_step=29300, grad_norm=6.271585941314697, loss=1.3671941757202148
I0831 11:38:04.665549 140462207792896 logging_writer.py:48] [29400] global_step=29400, grad_norm=6.345093250274658, loss=1.441563367843628
I0831 11:38:31.808360 140462291654400 logging_writer.py:48] [29500] global_step=29500, grad_norm=6.163066864013672, loss=1.3192434310913086
I0831 11:38:58.920741 140462207792896 logging_writer.py:48] [29600] global_step=29600, grad_norm=6.090878963470459, loss=1.3199868202209473
I0831 11:39:26.130238 140462291654400 logging_writer.py:48] [29700] global_step=29700, grad_norm=6.361289978027344, loss=1.400546669960022
I0831 11:39:53.264173 140462207792896 logging_writer.py:48] [29800] global_step=29800, grad_norm=5.969298362731934, loss=1.355963110923767
I0831 11:40:20.400139 140462291654400 logging_writer.py:48] [29900] global_step=29900, grad_norm=5.802892208099365, loss=1.354963779449463
I0831 11:40:47.610675 140462207792896 logging_writer.py:48] [30000] global_step=30000, grad_norm=6.323470592498779, loss=1.4635627269744873
I0831 11:41:14.950966 140462291654400 logging_writer.py:48] [30100] global_step=30100, grad_norm=5.541538238525391, loss=1.2727761268615723
I0831 11:41:42.067865 140462207792896 logging_writer.py:48] [30200] global_step=30200, grad_norm=5.848811626434326, loss=1.3879365921020508
I0831 11:42:09.249580 140462291654400 logging_writer.py:48] [30300] global_step=30300, grad_norm=5.698920249938965, loss=1.3646045923233032
I0831 11:42:36.398546 140462207792896 logging_writer.py:48] [30400] global_step=30400, grad_norm=5.474451065063477, loss=1.2419759035110474
I0831 11:43:03.567694 140462291654400 logging_writer.py:48] [30500] global_step=30500, grad_norm=5.702555179595947, loss=1.2867686748504639
I0831 11:43:30.759437 140462207792896 logging_writer.py:48] [30600] global_step=30600, grad_norm=5.694380283355713, loss=1.3768789768218994
I0831 11:43:57.902389 140462291654400 logging_writer.py:48] [30700] global_step=30700, grad_norm=5.675682544708252, loss=1.3309699296951294
I0831 11:44:25.036145 140462207792896 logging_writer.py:48] [30800] global_step=30800, grad_norm=5.34798526763916, loss=1.2753090858459473
I0831 11:44:52.224778 140462291654400 logging_writer.py:48] [30900] global_step=30900, grad_norm=5.702296257019043, loss=1.4533826112747192
I0831 11:45:19.327594 140462207792896 logging_writer.py:48] [31000] global_step=31000, grad_norm=5.419517993927002, loss=1.294588327407837
I0831 11:45:46.456686 140462291654400 logging_writer.py:48] [31100] global_step=31100, grad_norm=5.433119773864746, loss=1.4330167770385742
I0831 11:46:13.845450 140462207792896 logging_writer.py:48] [31200] global_step=31200, grad_norm=5.135880947113037, loss=1.3049097061157227
I0831 11:46:40.972644 140462291654400 logging_writer.py:48] [31300] global_step=31300, grad_norm=5.267536640167236, loss=1.308225154876709
I0831 11:47:08.091219 140462207792896 logging_writer.py:48] [31400] global_step=31400, grad_norm=5.228147506713867, loss=1.3142257928848267
I0831 11:47:35.274390 140462291654400 logging_writer.py:48] [31500] global_step=31500, grad_norm=5.214102268218994, loss=1.3637198209762573
I0831 11:48:02.418422 140462207792896 logging_writer.py:48] [31600] global_step=31600, grad_norm=5.2773118019104, loss=1.2595891952514648
I0831 11:48:29.538743 140462291654400 logging_writer.py:48] [31700] global_step=31700, grad_norm=5.086458683013916, loss=1.2794311046600342
I0831 11:48:56.744116 140462207792896 logging_writer.py:48] [31800] global_step=31800, grad_norm=5.350872993469238, loss=1.273229718208313
I0831 11:49:23.866777 140462291654400 logging_writer.py:48] [31900] global_step=31900, grad_norm=4.818657875061035, loss=1.1937506198883057
I0831 11:49:51.011577 140462207792896 logging_writer.py:48] [32000] global_step=32000, grad_norm=5.33039665222168, loss=1.4084193706512451
I0831 11:50:18.204578 140462291654400 logging_writer.py:48] [32100] global_step=32100, grad_norm=5.446366310119629, loss=1.326916217803955
I0831 11:50:45.552695 140462207792896 logging_writer.py:48] [32200] global_step=32200, grad_norm=5.165380954742432, loss=1.3364017009735107
I0831 11:51:12.692987 140462291654400 logging_writer.py:48] [32300] global_step=32300, grad_norm=5.024208068847656, loss=1.302327036857605
I0831 11:51:39.897646 140462207792896 logging_writer.py:48] [32400] global_step=32400, grad_norm=4.9382643699646, loss=1.3068780899047852
I0831 11:52:07.045990 140462291654400 logging_writer.py:48] [32500] global_step=32500, grad_norm=5.216855049133301, loss=1.4640514850616455
I0831 11:52:34.188132 140462207792896 logging_writer.py:48] [32600] global_step=32600, grad_norm=4.882631778717041, loss=1.263021469116211
I0831 11:53:01.372406 140462291654400 logging_writer.py:48] [32700] global_step=32700, grad_norm=5.153981685638428, loss=1.4195183515548706
I0831 11:53:28.539622 140462207792896 logging_writer.py:48] [32800] global_step=32800, grad_norm=4.884887218475342, loss=1.3436219692230225
I0831 11:53:55.673669 140462291654400 logging_writer.py:48] [32900] global_step=32900, grad_norm=4.6607279777526855, loss=1.2893708944320679
I0831 11:54:22.882302 140462207792896 logging_writer.py:48] [33000] global_step=33000, grad_norm=4.893924713134766, loss=1.3249742984771729
I0831 11:54:50.020302 140462291654400 logging_writer.py:48] [33100] global_step=33100, grad_norm=4.614312648773193, loss=1.2655611038208008
I0831 11:55:17.132606 140462207792896 logging_writer.py:48] [33200] global_step=33200, grad_norm=4.547956466674805, loss=1.2842888832092285
I0831 11:55:44.545397 140462291654400 logging_writer.py:48] [33300] global_step=33300, grad_norm=4.891819477081299, loss=1.321599006652832
I0831 11:56:11.687173 140462207792896 logging_writer.py:48] [33400] global_step=33400, grad_norm=4.566592693328857, loss=1.231497049331665
I0831 11:56:38.805274 140462291654400 logging_writer.py:48] [33500] global_step=33500, grad_norm=4.757067680358887, loss=1.2435661554336548
I0831 11:57:05.991200 140462207792896 logging_writer.py:48] [33600] global_step=33600, grad_norm=5.0101637840271, loss=1.3158655166625977
I0831 11:57:33.128551 140462291654400 logging_writer.py:48] [33700] global_step=33700, grad_norm=4.710142135620117, loss=1.2853671312332153
I0831 11:58:00.250411 140462207792896 logging_writer.py:48] [33800] global_step=33800, grad_norm=4.788321018218994, loss=1.2843751907348633
I0831 11:58:27.431882 140462291654400 logging_writer.py:48] [33900] global_step=33900, grad_norm=4.7062177658081055, loss=1.3888301849365234
I0831 11:58:54.582756 140462207792896 logging_writer.py:48] [34000] global_step=34000, grad_norm=4.51085090637207, loss=1.2920514345169067
I0831 11:59:21.742166 140462291654400 logging_writer.py:48] [34100] global_step=34100, grad_norm=4.569221019744873, loss=1.2388501167297363
I0831 11:59:48.935935 140462207792896 logging_writer.py:48] [34200] global_step=34200, grad_norm=4.682833194732666, loss=1.2989847660064697
I0831 12:00:16.254518 140462291654400 logging_writer.py:48] [34300] global_step=34300, grad_norm=4.687042713165283, loss=1.3438371419906616
I0831 12:00:43.541393 140462207792896 logging_writer.py:48] [34400] global_step=34400, grad_norm=4.425777912139893, loss=1.2989332675933838
I0831 12:01:10.768105 140462291654400 logging_writer.py:48] [34500] global_step=34500, grad_norm=4.410975456237793, loss=1.313439965248108
I0831 12:01:37.917951 140462207792896 logging_writer.py:48] [34600] global_step=34600, grad_norm=4.774184226989746, loss=1.2852375507354736
I0831 12:02:05.057895 140462291654400 logging_writer.py:48] [34700] global_step=34700, grad_norm=4.337837219238281, loss=1.3129221200942993
I0831 12:02:32.258621 140462207792896 logging_writer.py:48] [34800] global_step=34800, grad_norm=4.678781986236572, loss=1.3350584506988525
I0831 12:02:59.414223 140462291654400 logging_writer.py:48] [34900] global_step=34900, grad_norm=4.368221759796143, loss=1.261006236076355
I0831 12:03:26.551759 140462207792896 logging_writer.py:48] [35000] global_step=35000, grad_norm=4.6517229080200195, loss=1.2632654905319214
I0831 12:03:53.754889 140462291654400 logging_writer.py:48] [35100] global_step=35100, grad_norm=4.720946788787842, loss=1.3842995166778564
I0831 12:04:20.903725 140462207792896 logging_writer.py:48] [35200] global_step=35200, grad_norm=4.3485918045043945, loss=1.315881371498108
I0831 12:04:48.059821 140462291654400 logging_writer.py:48] [35300] global_step=35300, grad_norm=4.505282878875732, loss=1.296027660369873
I0831 12:05:15.525852 140462207792896 logging_writer.py:48] [35400] global_step=35400, grad_norm=4.255302429199219, loss=1.2805774211883545
I0831 12:05:42.687332 140462291654400 logging_writer.py:48] [35500] global_step=35500, grad_norm=4.457056045532227, loss=1.278364896774292
I0831 12:06:09.827774 140462207792896 logging_writer.py:48] [35600] global_step=35600, grad_norm=4.086075305938721, loss=1.2384512424468994
I0831 12:06:37.043465 140462291654400 logging_writer.py:48] [35700] global_step=35700, grad_norm=4.1898040771484375, loss=1.2515857219696045
I0831 12:07:04.180288 140462207792896 logging_writer.py:48] [35800] global_step=35800, grad_norm=4.337493419647217, loss=1.2515852451324463
I0831 12:07:31.311478 140462291654400 logging_writer.py:48] [35900] global_step=35900, grad_norm=4.218838691711426, loss=1.2193708419799805
I0831 12:07:43.405236 140659750036672 spec.py:333] Evaluating on the training split.
I0831 12:07:54.518574 140659750036672 spec.py:346] Evaluating on the validation split.
I0831 12:08:04.119040 140659750036672 spec.py:363] Evaluating on the test split.
I0831 12:08:04.994189 140659750036672 submission_runner.py:516] Time since start: 10206.17s, 	Step: 35946, 	{'train/accuracy': Array(0.85487086, dtype=float32), 'train/loss': Array(0.53780156, dtype=float32), 'validation/accuracy': Array(0.72341996, dtype=float32), 'validation/loss': Array(1.1221741, dtype=float32), 'validation/num_examples': 50000, 'test/accuracy': Array(0.59190005, dtype=float32), 'test/loss': Array(1.8422476, dtype=float32), 'test/num_examples': 10000, 'score': 10033.056078910828, 'total_duration': 10206.169721841812, 'accumulated_submission_time': 10033.056078910828, 'accumulated_eval_time': 172.41977453231812, 'accumulated_logging_time': 0.3790128231048584}
I0831 12:08:05.048361 140462207792896 logging_writer.py:48] [35946] accumulated_eval_time=172.42, accumulated_logging_time=0.379013, accumulated_submission_time=10033.1, global_step=35946, preemption_count=0, score=10033.1, test/accuracy=0.5919000506401062, test/loss=1.8422476053237915, test/num_examples=10000, total_duration=10206.2, train/accuracy=0.8548708558082581, train/loss=0.5378015637397766, validation/accuracy=0.7234199643135071, validation/loss=1.1221741437911987, validation/num_examples=50000
I0831 12:08:20.153981 140462291654400 logging_writer.py:48] [36000] global_step=36000, grad_norm=4.1046929359436035, loss=1.2239006757736206
I0831 12:08:47.286841 140462207792896 logging_writer.py:48] [36100] global_step=36100, grad_norm=4.283592224121094, loss=1.292374610900879
I0831 12:09:14.445010 140462291654400 logging_writer.py:48] [36200] global_step=36200, grad_norm=4.189538955688477, loss=1.2688446044921875
I0831 12:09:41.681580 140462207792896 logging_writer.py:48] [36300] global_step=36300, grad_norm=4.159573554992676, loss=1.3402104377746582
I0831 12:10:09.035661 140462291654400 logging_writer.py:48] [36400] global_step=36400, grad_norm=4.1007914543151855, loss=1.2952494621276855
I0831 12:10:36.171667 140462207792896 logging_writer.py:48] [36500] global_step=36500, grad_norm=4.732675552368164, loss=1.319555640220642
I0831 12:11:03.361141 140462291654400 logging_writer.py:48] [36600] global_step=36600, grad_norm=4.217029571533203, loss=1.3168063163757324
I0831 12:11:30.479653 140462207792896 logging_writer.py:48] [36700] global_step=36700, grad_norm=3.96195125579834, loss=1.2630605697631836
I0831 12:11:57.660053 140462291654400 logging_writer.py:48] [36800] global_step=36800, grad_norm=4.222769260406494, loss=1.2385406494140625
I0831 12:12:24.873904 140462207792896 logging_writer.py:48] [36900] global_step=36900, grad_norm=4.170384407043457, loss=1.2850862741470337
I0831 12:12:52.000686 140462291654400 logging_writer.py:48] [37000] global_step=37000, grad_norm=4.285221099853516, loss=1.2758548259735107
I0831 12:13:19.131179 140462207792896 logging_writer.py:48] [37100] global_step=37100, grad_norm=4.244308948516846, loss=1.2764737606048584
I0831 12:13:46.357960 140462291654400 logging_writer.py:48] [37200] global_step=37200, grad_norm=4.338650226593018, loss=1.217721939086914
I0831 12:14:13.512223 140462207792896 logging_writer.py:48] [37300] global_step=37300, grad_norm=4.207889556884766, loss=1.3382354974746704
I0831 12:14:40.661645 140462291654400 logging_writer.py:48] [37400] global_step=37400, grad_norm=4.063713550567627, loss=1.2689188718795776
I0831 12:15:08.135866 140462207792896 logging_writer.py:48] [37500] global_step=37500, grad_norm=4.344985485076904, loss=1.372358798980713
I0831 12:15:35.273574 140462291654400 logging_writer.py:48] [37600] global_step=37600, grad_norm=4.263857841491699, loss=1.2092657089233398
I0831 12:16:02.386687 140462207792896 logging_writer.py:48] [37700] global_step=37700, grad_norm=4.013289451599121, loss=1.2246111631393433
I0831 12:16:29.580536 140462291654400 logging_writer.py:48] [37800] global_step=37800, grad_norm=4.093195915222168, loss=1.2537506818771362
I0831 12:16:56.743996 140462207792896 logging_writer.py:48] [37900] global_step=37900, grad_norm=4.0982818603515625, loss=1.2758581638336182
I0831 12:17:23.895006 140462291654400 logging_writer.py:48] [38000] global_step=38000, grad_norm=4.27721643447876, loss=1.3319034576416016
I0831 12:17:51.119284 140462207792896 logging_writer.py:48] [38100] global_step=38100, grad_norm=4.382910251617432, loss=1.323509931564331
I0831 12:18:18.254228 140462291654400 logging_writer.py:48] [38200] global_step=38200, grad_norm=4.077047824859619, loss=1.2172138690948486
I0831 12:18:45.393955 140462207792896 logging_writer.py:48] [38300] global_step=38300, grad_norm=4.0806732177734375, loss=1.2528972625732422
I0831 12:19:12.581680 140462291654400 logging_writer.py:48] [38400] global_step=38400, grad_norm=4.235974311828613, loss=1.2324590682983398
I0831 12:19:39.969316 140462207792896 logging_writer.py:48] [38500] global_step=38500, grad_norm=4.312421798706055, loss=1.2781178951263428
I0831 12:20:07.158238 140462291654400 logging_writer.py:48] [38600] global_step=38600, grad_norm=3.929267406463623, loss=1.2043635845184326
I0831 12:20:34.348641 140462207792896 logging_writer.py:48] [38700] global_step=38700, grad_norm=3.8541131019592285, loss=1.1693217754364014
I0831 12:21:01.491415 140462291654400 logging_writer.py:48] [38800] global_step=38800, grad_norm=4.004918575286865, loss=1.181320309638977
I0831 12:21:28.612240 140462207792896 logging_writer.py:48] [38900] global_step=38900, grad_norm=4.066263675689697, loss=1.302997350692749
I0831 12:21:55.829802 140462291654400 logging_writer.py:48] [39000] global_step=39000, grad_norm=4.1554694175720215, loss=1.3178744316101074
I0831 12:22:22.972139 140462207792896 logging_writer.py:48] [39100] global_step=39100, grad_norm=4.274717330932617, loss=1.2175147533416748
I0831 12:22:50.120994 140462291654400 logging_writer.py:48] [39200] global_step=39200, grad_norm=4.129603862762451, loss=1.352050542831421
I0831 12:23:17.311149 140462207792896 logging_writer.py:48] [39300] global_step=39300, grad_norm=3.928443670272827, loss=1.2526464462280273
I0831 12:23:44.473605 140462291654400 logging_writer.py:48] [39400] global_step=39400, grad_norm=3.9357433319091797, loss=1.2659902572631836
I0831 12:24:11.607980 140462207792896 logging_writer.py:48] [39500] global_step=39500, grad_norm=3.9960148334503174, loss=1.3023923635482788
I0831 12:24:39.034921 140462291654400 logging_writer.py:48] [39600] global_step=39600, grad_norm=4.07056188583374, loss=1.2092084884643555
I0831 12:25:06.178774 140462207792896 logging_writer.py:48] [39700] global_step=39700, grad_norm=4.337121963500977, loss=1.3312549591064453
I0831 12:25:33.318089 140462291654400 logging_writer.py:48] [39800] global_step=39800, grad_norm=3.902848720550537, loss=1.24507474899292
I0831 12:26:00.498645 140462207792896 logging_writer.py:48] [39900] global_step=39900, grad_norm=3.906527042388916, loss=1.1948095560073853
I0831 12:26:27.627426 140462291654400 logging_writer.py:48] [40000] global_step=40000, grad_norm=3.6361193656921387, loss=1.1093918085098267
I0831 12:26:54.745565 140462207792896 logging_writer.py:48] [40100] global_step=40100, grad_norm=3.960379123687744, loss=1.1843857765197754
I0831 12:27:21.961767 140462291654400 logging_writer.py:48] [40200] global_step=40200, grad_norm=3.8957231044769287, loss=1.2545894384384155
I0831 12:27:49.081785 140462207792896 logging_writer.py:48] [40300] global_step=40300, grad_norm=4.0353851318359375, loss=1.3614407777786255
I0831 12:28:16.219094 140462291654400 logging_writer.py:48] [40400] global_step=40400, grad_norm=4.304354190826416, loss=1.333116054534912
I0831 12:28:43.406469 140462207792896 logging_writer.py:48] [40500] global_step=40500, grad_norm=4.085301399230957, loss=1.2582781314849854
I0831 12:29:10.719668 140462291654400 logging_writer.py:48] [40600] global_step=40600, grad_norm=4.002737522125244, loss=1.2043240070343018
I0831 12:29:37.842678 140462207792896 logging_writer.py:48] [40700] global_step=40700, grad_norm=4.176192760467529, loss=1.297956943511963
I0831 12:30:05.058714 140462291654400 logging_writer.py:48] [40800] global_step=40800, grad_norm=3.791134834289551, loss=1.2197328805923462
I0831 12:30:32.188993 140462207792896 logging_writer.py:48] [40900] global_step=40900, grad_norm=4.095873832702637, loss=1.3858033418655396
I0831 12:30:59.305418 140462291654400 logging_writer.py:48] [41000] global_step=41000, grad_norm=3.7459628582000732, loss=1.1500470638275146
I0831 12:31:26.518000 140462207792896 logging_writer.py:48] [41100] global_step=41100, grad_norm=3.9234347343444824, loss=1.262179970741272
I0831 12:31:53.666950 140462291654400 logging_writer.py:48] [41200] global_step=41200, grad_norm=3.82421612739563, loss=1.177004098892212
I0831 12:32:20.786715 140462207792896 logging_writer.py:48] [41300] global_step=41300, grad_norm=3.976911783218384, loss=1.2499884366989136
I0831 12:32:47.977241 140462291654400 logging_writer.py:48] [41400] global_step=41400, grad_norm=4.104262828826904, loss=1.2586705684661865
I0831 12:33:15.104129 140462207792896 logging_writer.py:48] [41500] global_step=41500, grad_norm=3.891371726989746, loss=1.3556936979293823
I0831 12:33:42.251701 140462291654400 logging_writer.py:48] [41600] global_step=41600, grad_norm=3.9457223415374756, loss=1.228129267692566
I0831 12:34:09.694822 140462207792896 logging_writer.py:48] [41700] global_step=41700, grad_norm=4.019747257232666, loss=1.3081371784210205
I0831 12:34:36.824691 140462291654400 logging_writer.py:48] [41800] global_step=41800, grad_norm=4.028475761413574, loss=1.3078804016113281
I0831 12:35:03.941698 140462207792896 logging_writer.py:48] [41900] global_step=41900, grad_norm=3.8546721935272217, loss=1.1664012670516968
I0831 12:35:31.131933 140462291654400 logging_writer.py:48] [42000] global_step=42000, grad_norm=3.8412907123565674, loss=1.258398175239563
I0831 12:35:58.271073 140462207792896 logging_writer.py:48] [42100] global_step=42100, grad_norm=3.66617751121521, loss=1.161614179611206
I0831 12:36:25.402373 140462291654400 logging_writer.py:48] [42200] global_step=42200, grad_norm=3.7477734088897705, loss=1.1960692405700684
I0831 12:36:52.610644 140462207792896 logging_writer.py:48] [42300] global_step=42300, grad_norm=4.1291422843933105, loss=1.2835004329681396
I0831 12:37:19.773842 140462291654400 logging_writer.py:48] [42400] global_step=42400, grad_norm=4.244822978973389, loss=1.3108934164047241
I0831 12:37:46.922426 140462207792896 logging_writer.py:48] [42500] global_step=42500, grad_norm=3.869791030883789, loss=1.1901062726974487
I0831 12:38:14.123398 140462291654400 logging_writer.py:48] [42600] global_step=42600, grad_norm=4.1261420249938965, loss=1.2717546224594116
I0831 12:38:41.487538 140462207792896 logging_writer.py:48] [42700] global_step=42700, grad_norm=4.349362373352051, loss=1.3262256383895874
I0831 12:39:08.625935 140462291654400 logging_writer.py:48] [42800] global_step=42800, grad_norm=3.695712089538574, loss=1.1838074922561646
I0831 12:39:35.817400 140462207792896 logging_writer.py:48] [42900] global_step=42900, grad_norm=4.0939555168151855, loss=1.2089738845825195
I0831 12:40:02.942468 140462291654400 logging_writer.py:48] [43000] global_step=43000, grad_norm=3.9512789249420166, loss=1.2504940032958984
I0831 12:40:30.069161 140462207792896 logging_writer.py:48] [43100] global_step=43100, grad_norm=3.93393874168396, loss=1.1875637769699097
I0831 12:40:57.285878 140462291654400 logging_writer.py:48] [43200] global_step=43200, grad_norm=3.7739977836608887, loss=1.166163682937622
I0831 12:41:20.999953 140659750036672 spec.py:333] Evaluating on the training split.
I0831 12:41:30.905028 140659750036672 spec.py:346] Evaluating on the validation split.
I0831 12:41:40.073933 140659750036672 spec.py:363] Evaluating on the test split.
I0831 12:41:40.955981 140659750036672 submission_runner.py:516] Time since start: 12222.13s, 	Step: 43289, 	{'train/accuracy': Array(0.87282765, dtype=float32), 'train/loss': Array(0.4651624, dtype=float32), 'validation/accuracy': Array(0.73126, dtype=float32), 'validation/loss': Array(1.0990901, dtype=float32), 'validation/num_examples': 50000, 'test/accuracy': Array(0.60010004, dtype=float32), 'test/loss': Array(1.833945, dtype=float32), 'test/num_examples': 10000, 'score': 12028.914838790894, 'total_duration': 12222.131848573685, 'accumulated_submission_time': 12028.914838790894, 'accumulated_eval_time': 192.3741476535797, 'accumulated_logging_time': 0.4674093723297119}
I0831 12:41:41.013443 140462207792896 logging_writer.py:48] [43289] accumulated_eval_time=192.374, accumulated_logging_time=0.467409, accumulated_submission_time=12028.9, global_step=43289, preemption_count=0, score=12028.9, test/accuracy=0.600100040435791, test/loss=1.8339450359344482, test/num_examples=10000, total_duration=12222.1, train/accuracy=0.8728276491165161, train/loss=0.46516239643096924, validation/accuracy=0.7312600016593933, validation/loss=1.0990900993347168, validation/num_examples=50000
I0831 12:41:44.400986 140462291654400 logging_writer.py:48] [43300] global_step=43300, grad_norm=3.6253390312194824, loss=1.1812093257904053
I0831 12:42:11.554096 140462207792896 logging_writer.py:48] [43400] global_step=43400, grad_norm=4.058777809143066, loss=1.1621904373168945
I0831 12:42:38.746244 140462291654400 logging_writer.py:48] [43500] global_step=43500, grad_norm=4.037467002868652, loss=1.2663241624832153
I0831 12:43:05.918294 140462207792896 logging_writer.py:48] [43600] global_step=43600, grad_norm=4.001245975494385, loss=1.2758774757385254
I0831 12:43:33.066456 140462291654400 logging_writer.py:48] [43700] global_step=43700, grad_norm=3.906146764755249, loss=1.23658287525177
I0831 12:44:00.496480 140462207792896 logging_writer.py:48] [43800] global_step=43800, grad_norm=3.8191163539886475, loss=1.2966890335083008
I0831 12:44:27.641421 140462291654400 logging_writer.py:48] [43900] global_step=43900, grad_norm=3.64502215385437, loss=1.109588861465454
I0831 12:44:54.775078 140462207792896 logging_writer.py:48] [44000] global_step=44000, grad_norm=4.0554962158203125, loss=1.1799733638763428
I0831 12:45:22.015402 140462291654400 logging_writer.py:48] [44100] global_step=44100, grad_norm=3.9012956619262695, loss=1.188908338546753
I0831 12:45:49.134330 140462207792896 logging_writer.py:48] [44200] global_step=44200, grad_norm=3.747408628463745, loss=1.1372754573822021
I0831 12:46:16.263308 140462291654400 logging_writer.py:48] [44300] global_step=44300, grad_norm=3.854013204574585, loss=1.192842960357666
I0831 12:46:43.437591 140462207792896 logging_writer.py:48] [44400] global_step=44400, grad_norm=4.079299449920654, loss=1.2989790439605713
I0831 12:47:10.562702 140462291654400 logging_writer.py:48] [44500] global_step=44500, grad_norm=3.835484266281128, loss=1.3418947458267212
I0831 12:47:37.694511 140462207792896 logging_writer.py:48] [44600] global_step=44600, grad_norm=3.907440662384033, loss=1.2875480651855469
I0831 12:48:04.918940 140462291654400 logging_writer.py:48] [44700] global_step=44700, grad_norm=4.0691351890563965, loss=1.1646970510482788
I0831 12:48:32.068069 140462207792896 logging_writer.py:48] [44800] global_step=44800, grad_norm=3.8508968353271484, loss=1.2805017232894897
I0831 12:48:59.435215 140462291654400 logging_writer.py:48] [44900] global_step=44900, grad_norm=3.93062162399292, loss=1.2226883172988892
I0831 12:49:26.629656 140462207792896 logging_writer.py:48] [45000] global_step=45000, grad_norm=4.236686706542969, loss=1.306670069694519
I0831 12:49:53.780520 140462291654400 logging_writer.py:48] [45100] global_step=45100, grad_norm=3.6765730381011963, loss=1.157848834991455
I0831 12:50:20.925786 140462207792896 logging_writer.py:48] [45200] global_step=45200, grad_norm=3.6760103702545166, loss=1.1994596719741821
I0831 12:50:48.113380 140462291654400 logging_writer.py:48] [45300] global_step=45300, grad_norm=3.7086405754089355, loss=1.2196991443634033
I0831 12:51:15.227947 140462207792896 logging_writer.py:48] [45400] global_step=45400, grad_norm=4.101501941680908, loss=1.341827154159546
I0831 12:51:42.380791 140462291654400 logging_writer.py:48] [45500] global_step=45500, grad_norm=3.851835012435913, loss=1.1858985424041748
I0831 12:52:09.571937 140462207792896 logging_writer.py:48] [45600] global_step=45600, grad_norm=3.8446438312530518, loss=1.1981534957885742
I0831 12:52:36.698479 140462291654400 logging_writer.py:48] [45700] global_step=45700, grad_norm=3.6646218299865723, loss=1.1981711387634277
I0831 12:53:03.825706 140462207792896 logging_writer.py:48] [45800] global_step=45800, grad_norm=3.730795383453369, loss=1.130879282951355
I0831 12:53:31.060880 140462291654400 logging_writer.py:48] [45900] global_step=45900, grad_norm=3.5542752742767334, loss=1.2043970823287964
I0831 12:53:58.458482 140462207792896 logging_writer.py:48] [46000] global_step=46000, grad_norm=3.8079142570495605, loss=1.2134393453598022
I0831 12:54:25.568154 140462291654400 logging_writer.py:48] [46100] global_step=46100, grad_norm=3.62117075920105, loss=1.095943808555603
I0831 12:54:52.776518 140462207792896 logging_writer.py:48] [46200] global_step=46200, grad_norm=3.9310619831085205, loss=1.2078192234039307
I0831 12:55:19.943398 140462291654400 logging_writer.py:48] [46300] global_step=46300, grad_norm=3.7139406204223633, loss=1.1786866188049316
I0831 12:55:47.070250 140462207792896 logging_writer.py:48] [46400] global_step=46400, grad_norm=4.062290668487549, loss=1.2887263298034668
I0831 12:56:14.262563 140462291654400 logging_writer.py:48] [46500] global_step=46500, grad_norm=3.787461757659912, loss=1.1654592752456665
I0831 12:56:41.397842 140462207792896 logging_writer.py:48] [46600] global_step=46600, grad_norm=3.8743479251861572, loss=1.1525882482528687
I0831 12:57:08.544818 140462291654400 logging_writer.py:48] [46700] global_step=46700, grad_norm=3.623109817504883, loss=1.1800618171691895
I0831 12:57:35.754392 140462207792896 logging_writer.py:48] [46800] global_step=46800, grad_norm=3.8647525310516357, loss=1.17124605178833
I0831 12:58:02.883892 140462291654400 logging_writer.py:48] [46900] global_step=46900, grad_norm=4.042476654052734, loss=1.1093672513961792
I0831 12:58:30.010981 140462207792896 logging_writer.py:48] [47000] global_step=47000, grad_norm=3.878173828125, loss=1.2014050483703613
I0831 12:58:57.412872 140462291654400 logging_writer.py:48] [47100] global_step=47100, grad_norm=4.211263656616211, loss=1.216605544090271
I0831 12:59:24.524979 140462207792896 logging_writer.py:48] [47200] global_step=47200, grad_norm=3.659132957458496, loss=1.1114258766174316
I0831 12:59:51.623124 140462291654400 logging_writer.py:48] [47300] global_step=47300, grad_norm=3.928593158721924, loss=1.1438319683074951
I0831 13:00:18.810510 140462207792896 logging_writer.py:48] [47400] global_step=47400, grad_norm=4.002999305725098, loss=1.1652374267578125
I0831 13:00:45.937301 140462291654400 logging_writer.py:48] [47500] global_step=47500, grad_norm=3.961869716644287, loss=1.216312289237976
I0831 13:01:13.068742 140462207792896 logging_writer.py:48] [47600] global_step=47600, grad_norm=3.8188652992248535, loss=1.2578771114349365
I0831 13:01:40.262204 140462291654400 logging_writer.py:48] [47700] global_step=47700, grad_norm=4.0717058181762695, loss=1.1941614151000977
I0831 13:02:07.396923 140462207792896 logging_writer.py:48] [47800] global_step=47800, grad_norm=3.913347005844116, loss=1.2146433591842651
I0831 13:02:34.510676 140462291654400 logging_writer.py:48] [47900] global_step=47900, grad_norm=3.671271800994873, loss=1.1214309930801392
I0831 13:03:01.677966 140462207792896 logging_writer.py:48] [48000] global_step=48000, grad_norm=3.6643059253692627, loss=1.172257661819458
I0831 13:03:29.049028 140462291654400 logging_writer.py:48] [48100] global_step=48100, grad_norm=3.7128520011901855, loss=1.2290780544281006
I0831 13:03:56.206564 140462207792896 logging_writer.py:48] [48200] global_step=48200, grad_norm=4.160257816314697, loss=1.2574717998504639
I0831 13:04:23.405280 140462291654400 logging_writer.py:48] [48300] global_step=48300, grad_norm=3.6360316276550293, loss=1.2098990678787231
I0831 13:04:50.569400 140462207792896 logging_writer.py:48] [48400] global_step=48400, grad_norm=3.9540855884552, loss=1.2472081184387207
I0831 13:05:17.693935 140462291654400 logging_writer.py:48] [48500] global_step=48500, grad_norm=4.1653852462768555, loss=1.3295023441314697
I0831 13:05:44.875444 140462207792896 logging_writer.py:48] [48600] global_step=48600, grad_norm=4.023526191711426, loss=1.246119737625122
I0831 13:06:12.009905 140462291654400 logging_writer.py:48] [48700] global_step=48700, grad_norm=3.616994857788086, loss=1.197047233581543
I0831 13:06:39.152379 140462207792896 logging_writer.py:48] [48800] global_step=48800, grad_norm=3.6229426860809326, loss=1.2187148332595825
I0831 13:07:06.336535 140462291654400 logging_writer.py:48] [48900] global_step=48900, grad_norm=3.8367068767547607, loss=1.1772300004959106
I0831 13:07:33.451739 140462207792896 logging_writer.py:48] [49000] global_step=49000, grad_norm=3.7014567852020264, loss=1.1451342105865479
I0831 13:08:00.584984 140462291654400 logging_writer.py:48] [49100] global_step=49100, grad_norm=3.9762394428253174, loss=1.3447818756103516
I0831 13:08:27.997621 140462207792896 logging_writer.py:48] [49200] global_step=49200, grad_norm=3.645780086517334, loss=1.0814201831817627
I0831 13:08:55.130551 140462291654400 logging_writer.py:48] [49300] global_step=49300, grad_norm=3.771366834640503, loss=1.174557089805603
I0831 13:09:22.246713 140462207792896 logging_writer.py:48] [49400] global_step=49400, grad_norm=3.806736707687378, loss=1.1065372228622437
I0831 13:09:49.432970 140462291654400 logging_writer.py:48] [49500] global_step=49500, grad_norm=4.074043273925781, loss=1.2584071159362793
I0831 13:10:16.554732 140462207792896 logging_writer.py:48] [49600] global_step=49600, grad_norm=3.9678354263305664, loss=1.231448769569397
I0831 13:10:43.742847 140462291654400 logging_writer.py:48] [49700] global_step=49700, grad_norm=4.109307765960693, loss=1.257702112197876
I0831 13:11:10.930041 140462207792896 logging_writer.py:48] [49800] global_step=49800, grad_norm=3.712094306945801, loss=1.1337109804153442
I0831 13:11:38.060147 140462291654400 logging_writer.py:48] [49900] global_step=49900, grad_norm=4.213749408721924, loss=1.1415842771530151
I0831 13:12:05.189445 140462207792896 logging_writer.py:48] [50000] global_step=50000, grad_norm=3.8202905654907227, loss=1.073469877243042
I0831 13:12:32.407823 140462291654400 logging_writer.py:48] [50100] global_step=50100, grad_norm=3.8956265449523926, loss=1.2160636186599731
I0831 13:12:59.784383 140462207792896 logging_writer.py:48] [50200] global_step=50200, grad_norm=4.0497355461120605, loss=1.2040045261383057
I0831 13:13:26.974769 140462291654400 logging_writer.py:48] [50300] global_step=50300, grad_norm=4.001854419708252, loss=1.1149406433105469
I0831 13:13:54.184405 140462207792896 logging_writer.py:48] [50400] global_step=50400, grad_norm=3.968867778778076, loss=1.1384732723236084
I0831 13:14:21.327136 140462291654400 logging_writer.py:48] [50500] global_step=50500, grad_norm=3.6692941188812256, loss=1.1448373794555664
I0831 13:14:48.439590 140462207792896 logging_writer.py:48] [50600] global_step=50600, grad_norm=3.925882339477539, loss=1.1200003623962402
I0831 13:14:57.028257 140659750036672 spec.py:333] Evaluating on the training split.
I0831 13:15:07.036708 140659750036672 spec.py:346] Evaluating on the validation split.
I0831 13:15:16.278114 140659750036672 spec.py:363] Evaluating on the test split.
I0831 13:15:17.169634 140659750036672 submission_runner.py:516] Time since start: 14238.35s, 	Step: 50633, 	{'train/accuracy': Array(0.88392854, dtype=float32), 'train/loss': Array(0.41763052, dtype=float32), 'validation/accuracy': Array(0.73604, dtype=float32), 'validation/loss': Array(1.089328, dtype=float32), 'validation/num_examples': 50000, 'test/accuracy': Array(0.6078, dtype=float32), 'test/loss': Array(1.8267647, dtype=float32), 'test/num_examples': 10000, 'score': 14024.841076850891, 'total_duration': 14238.34527349472, 'accumulated_submission_time': 14024.841076850891, 'accumulated_eval_time': 212.51364135742188, 'accumulated_logging_time': 0.5555286407470703}
I0831 13:15:17.210221 140462291654400 logging_writer.py:48] [50633] accumulated_eval_time=212.514, accumulated_logging_time=0.555529, accumulated_submission_time=14024.8, global_step=50633, preemption_count=0, score=14024.8, test/accuracy=0.6078000068664551, test/loss=1.826764702796936, test/num_examples=10000, total_duration=14238.3, train/accuracy=0.8839285373687744, train/loss=0.41763052344322205, validation/accuracy=0.7360399961471558, validation/loss=1.0893280506134033, validation/num_examples=50000
I0831 13:15:35.800657 140462207792896 logging_writer.py:48] [50700] global_step=50700, grad_norm=3.7859373092651367, loss=1.1013820171356201
I0831 13:16:02.944732 140462291654400 logging_writer.py:48] [50800] global_step=50800, grad_norm=3.861665964126587, loss=1.184069275856018
I0831 13:16:30.062315 140462207792896 logging_writer.py:48] [50900] global_step=50900, grad_norm=3.637481689453125, loss=1.1670653820037842
I0831 13:16:57.253473 140462291654400 logging_writer.py:48] [51000] global_step=51000, grad_norm=4.088878631591797, loss=1.1804039478302002
I0831 13:17:24.375604 140462207792896 logging_writer.py:48] [51100] global_step=51100, grad_norm=3.623582601547241, loss=1.0684077739715576
I0831 13:17:51.545329 140462291654400 logging_writer.py:48] [51200] global_step=51200, grad_norm=3.8701515197753906, loss=1.155937910079956
I0831 13:18:18.966570 140462207792896 logging_writer.py:48] [51300] global_step=51300, grad_norm=3.8517415523529053, loss=1.146122694015503
I0831 13:18:46.126277 140462291654400 logging_writer.py:48] [51400] global_step=51400, grad_norm=3.6112308502197266, loss=1.0899128913879395
I0831 13:19:13.268574 140462207792896 logging_writer.py:48] [51500] global_step=51500, grad_norm=4.017630577087402, loss=1.2323477268218994
I0831 13:19:40.484544 140462291654400 logging_writer.py:48] [51600] global_step=51600, grad_norm=3.9595561027526855, loss=1.203701138496399
I0831 13:20:07.630299 140462207792896 logging_writer.py:48] [51700] global_step=51700, grad_norm=3.678962230682373, loss=1.1494066715240479
I0831 13:20:34.767513 140462291654400 logging_writer.py:48] [51800] global_step=51800, grad_norm=3.947899341583252, loss=1.2273876667022705
I0831 13:21:01.974481 140462207792896 logging_writer.py:48] [51900] global_step=51900, grad_norm=3.8055789470672607, loss=1.212195634841919
I0831 13:21:29.110900 140462291654400 logging_writer.py:48] [52000] global_step=52000, grad_norm=3.5643603801727295, loss=1.2276321649551392
I0831 13:21:56.229179 140462207792896 logging_writer.py:48] [52100] global_step=52100, grad_norm=3.809922933578491, loss=1.1461362838745117
I0831 13:22:23.406019 140462291654400 logging_writer.py:48] [52200] global_step=52200, grad_norm=3.61582612991333, loss=1.0541980266571045
I0831 13:22:50.532177 140462207792896 logging_writer.py:48] [52300] global_step=52300, grad_norm=3.946943521499634, loss=1.228779673576355
I0831 13:23:17.936751 140462291654400 logging_writer.py:48] [52400] global_step=52400, grad_norm=3.953396797180176, loss=1.184752106666565
I0831 13:23:45.167261 140462207792896 logging_writer.py:48] [52500] global_step=52500, grad_norm=3.629624366760254, loss=1.2045304775238037
I0831 13:24:12.312368 140462291654400 logging_writer.py:48] [52600] global_step=52600, grad_norm=4.074431896209717, loss=1.1660223007202148
I0831 13:24:39.430045 140462207792896 logging_writer.py:48] [52700] global_step=52700, grad_norm=3.581594228744507, loss=1.2217650413513184
I0831 13:25:06.658115 140462291654400 logging_writer.py:48] [52800] global_step=52800, grad_norm=4.290639400482178, loss=1.1988329887390137
I0831 13:25:33.794027 140462207792896 logging_writer.py:48] [52900] global_step=52900, grad_norm=4.091780662536621, loss=1.190108299255371
I0831 13:26:00.946307 140462291654400 logging_writer.py:48] [53000] global_step=53000, grad_norm=3.9183273315429688, loss=1.1465978622436523
I0831 13:26:28.150576 140462207792896 logging_writer.py:48] [53100] global_step=53100, grad_norm=3.669569253921509, loss=1.2074629068374634
I0831 13:26:55.294342 140462291654400 logging_writer.py:48] [53200] global_step=53200, grad_norm=3.880448818206787, loss=1.1102255582809448
I0831 13:27:22.425275 140462207792896 logging_writer.py:48] [53300] global_step=53300, grad_norm=3.6548635959625244, loss=1.250501036643982
I0831 13:27:49.861276 140462291654400 logging_writer.py:48] [53400] global_step=53400, grad_norm=3.8312387466430664, loss=1.1244142055511475
I0831 13:28:16.988116 140462207792896 logging_writer.py:48] [53500] global_step=53500, grad_norm=3.8517892360687256, loss=1.1199653148651123
I0831 13:28:44.114305 140462291654400 logging_writer.py:48] [53600] global_step=53600, grad_norm=3.8043463230133057, loss=1.0632200241088867
I0831 13:29:11.303995 140462207792896 logging_writer.py:48] [53700] global_step=53700, grad_norm=3.8481569290161133, loss=1.1683844327926636
I0831 13:29:38.430480 140462291654400 logging_writer.py:48] [53800] global_step=53800, grad_norm=3.6657555103302, loss=1.1066498756408691
I0831 13:30:05.528975 140462207792896 logging_writer.py:48] [53900] global_step=53900, grad_norm=3.606133222579956, loss=1.1348462104797363
I0831 13:30:32.738471 140462291654400 logging_writer.py:48] [54000] global_step=54000, grad_norm=4.101473808288574, loss=1.1958285570144653
I0831 13:30:59.894825 140462207792896 logging_writer.py:48] [54100] global_step=54100, grad_norm=3.9226784706115723, loss=1.1608233451843262
I0831 13:31:27.024165 140462291654400 logging_writer.py:48] [54200] global_step=54200, grad_norm=4.021599292755127, loss=1.2885723114013672
I0831 13:31:54.201966 140462207792896 logging_writer.py:48] [54300] global_step=54300, grad_norm=3.797149658203125, loss=1.1397860050201416
I0831 13:32:21.321215 140462291654400 logging_writer.py:48] [54400] global_step=54400, grad_norm=3.9193239212036133, loss=1.19612455368042
I0831 13:32:48.677033 140462207792896 logging_writer.py:48] [54500] global_step=54500, grad_norm=3.751234769821167, loss=1.181968331336975
I0831 13:33:15.886493 140462291654400 logging_writer.py:48] [54600] global_step=54600, grad_norm=3.8687455654144287, loss=1.1720805168151855
I0831 13:33:43.025739 140462207792896 logging_writer.py:48] [54700] global_step=54700, grad_norm=3.635523557662964, loss=1.078225016593933
I0831 13:34:10.134963 140462291654400 logging_writer.py:48] [54800] global_step=54800, grad_norm=3.785173177719116, loss=1.1184310913085938
I0831 13:34:37.334315 140462207792896 logging_writer.py:48] [54900] global_step=54900, grad_norm=3.9152042865753174, loss=1.0947823524475098
I0831 13:35:04.487913 140462291654400 logging_writer.py:48] [55000] global_step=55000, grad_norm=3.9016854763031006, loss=1.118397831916809
I0831 13:35:31.622522 140462207792896 logging_writer.py:48] [55100] global_step=55100, grad_norm=3.8000311851501465, loss=1.214634895324707
I0831 13:35:58.820520 140462291654400 logging_writer.py:48] [55200] global_step=55200, grad_norm=4.158570289611816, loss=1.224477767944336
I0831 13:36:25.966489 140462207792896 logging_writer.py:48] [55300] global_step=55300, grad_norm=3.9574241638183594, loss=1.209652066230774
I0831 13:36:53.101068 140462291654400 logging_writer.py:48] [55400] global_step=55400, grad_norm=4.181178569793701, loss=1.0855724811553955
I0831 13:37:20.313002 140462207792896 logging_writer.py:48] [55500] global_step=55500, grad_norm=3.86507248878479, loss=1.2065331935882568
I0831 13:37:47.677028 140462291654400 logging_writer.py:48] [55600] global_step=55600, grad_norm=4.158779621124268, loss=1.1715162992477417
I0831 13:38:14.784157 140462207792896 logging_writer.py:48] [55700] global_step=55700, grad_norm=4.096261024475098, loss=1.1864023208618164
I0831 13:38:41.968697 140462291654400 logging_writer.py:48] [55800] global_step=55800, grad_norm=3.9497909545898438, loss=1.1878294944763184
I0831 13:39:09.096106 140462207792896 logging_writer.py:48] [55900] global_step=55900, grad_norm=3.8232734203338623, loss=1.1875354051589966
I0831 13:39:36.219347 140462291654400 logging_writer.py:48] [56000] global_step=56000, grad_norm=4.047987461090088, loss=1.1254318952560425
I0831 13:40:03.467440 140462207792896 logging_writer.py:48] [56100] global_step=56100, grad_norm=3.96488618850708, loss=1.1574175357818604
I0831 13:40:30.607915 140462291654400 logging_writer.py:48] [56200] global_step=56200, grad_norm=3.9945008754730225, loss=1.141599416732788
I0831 13:40:57.780580 140462207792896 logging_writer.py:48] [56300] global_step=56300, grad_norm=3.949859380722046, loss=1.240176796913147
I0831 13:41:25.015635 140462291654400 logging_writer.py:48] [56400] global_step=56400, grad_norm=3.9797627925872803, loss=1.0629929304122925
I0831 13:41:52.168318 140462207792896 logging_writer.py:48] [56500] global_step=56500, grad_norm=4.032841682434082, loss=1.199572205543518
I0831 13:42:19.298352 140462291654400 logging_writer.py:48] [56600] global_step=56600, grad_norm=4.233610153198242, loss=1.201412320137024
I0831 13:42:46.751338 140462207792896 logging_writer.py:48] [56700] global_step=56700, grad_norm=4.130585670471191, loss=1.1636669635772705
I0831 13:43:13.859402 140462291654400 logging_writer.py:48] [56800] global_step=56800, grad_norm=3.7270896434783936, loss=1.1012301445007324
I0831 13:43:40.963746 140462207792896 logging_writer.py:48] [56900] global_step=56900, grad_norm=4.125523567199707, loss=1.188875436782837
I0831 13:44:08.142246 140462291654400 logging_writer.py:48] [57000] global_step=57000, grad_norm=4.32472038269043, loss=1.262582540512085
I0831 13:44:35.261532 140462207792896 logging_writer.py:48] [57100] global_step=57100, grad_norm=4.058272361755371, loss=1.1648154258728027
I0831 13:45:02.379279 140462291654400 logging_writer.py:48] [57200] global_step=57200, grad_norm=3.9597201347351074, loss=1.2015842199325562
I0831 13:45:29.558244 140462207792896 logging_writer.py:48] [57300] global_step=57300, grad_norm=3.9307472705841064, loss=1.1039321422576904
I0831 13:45:56.709715 140462291654400 logging_writer.py:48] [57400] global_step=57400, grad_norm=4.059325218200684, loss=1.119604229927063
I0831 13:46:23.844132 140462207792896 logging_writer.py:48] [57500] global_step=57500, grad_norm=3.867258071899414, loss=1.23659086227417
I0831 13:46:51.016087 140462291654400 logging_writer.py:48] [57600] global_step=57600, grad_norm=3.712080478668213, loss=1.0713375806808472
I0831 13:47:18.369969 140462207792896 logging_writer.py:48] [57700] global_step=57700, grad_norm=3.952075481414795, loss=1.0295724868774414
I0831 13:47:45.497194 140462291654400 logging_writer.py:48] [57800] global_step=57800, grad_norm=4.220205307006836, loss=1.1891672611236572
I0831 13:48:12.696619 140462207792896 logging_writer.py:48] [57900] global_step=57900, grad_norm=4.217330455780029, loss=1.274344563484192
I0831 13:48:33.415342 140659750036672 spec.py:333] Evaluating on the training split.
I0831 13:48:42.497893 140659750036672 spec.py:346] Evaluating on the validation split.
I0831 13:48:51.561762 140659750036672 spec.py:363] Evaluating on the test split.
I0831 13:48:52.438694 140659750036672 submission_runner.py:516] Time since start: 16253.61s, 	Step: 57978, 	{'train/accuracy': Array(0.8929368, dtype=float32), 'train/loss': Array(0.38473663, dtype=float32), 'validation/accuracy': Array(0.73706, dtype=float32), 'validation/loss': Array(1.0853631, dtype=float32), 'validation/num_examples': 50000, 'test/accuracy': Array(0.60950005, dtype=float32), 'test/loss': Array(1.8237377, dtype=float32), 'test/num_examples': 10000, 'score': 16020.971867799759, 'total_duration': 16253.614742040634, 'accumulated_submission_time': 16020.971867799759, 'accumulated_eval_time': 231.5355188846588, 'accumulated_logging_time': 0.6126320362091064}
I0831 13:48:52.503669 140462291654400 logging_writer.py:48] [57978] accumulated_eval_time=231.536, accumulated_logging_time=0.612632, accumulated_submission_time=16021, global_step=57978, preemption_count=0, score=16021, test/accuracy=0.6095000505447388, test/loss=1.8237377405166626, test/num_examples=10000, total_duration=16253.6, train/accuracy=0.8929368257522583, train/loss=0.3847366273403168, validation/accuracy=0.737060010433197, validation/loss=1.0853631496429443, validation/num_examples=50000
I0831 13:48:58.883542 140462207792896 logging_writer.py:48] [58000] global_step=58000, grad_norm=4.0574750900268555, loss=1.2353789806365967
I0831 13:49:26.009712 140462291654400 logging_writer.py:48] [58100] global_step=58100, grad_norm=3.9186370372772217, loss=1.1001039743423462
I0831 13:49:53.195768 140462207792896 logging_writer.py:48] [58200] global_step=58200, grad_norm=4.232709884643555, loss=1.2277204990386963
I0831 13:50:20.316319 140462291654400 logging_writer.py:48] [58300] global_step=58300, grad_norm=4.648276329040527, loss=1.223358392715454
I0831 13:50:47.442259 140462207792896 logging_writer.py:48] [58400] global_step=58400, grad_norm=4.073798179626465, loss=1.0981905460357666
I0831 13:51:14.658367 140462291654400 logging_writer.py:48] [58500] global_step=58500, grad_norm=3.94584321975708, loss=1.1303236484527588
I0831 13:51:41.776161 140462207792896 logging_writer.py:48] [58600] global_step=58600, grad_norm=3.847421407699585, loss=1.1483267545700073
I0831 13:52:08.925719 140462291654400 logging_writer.py:48] [58700] global_step=58700, grad_norm=4.207337856292725, loss=1.2111364603042603
I0831 13:52:36.358842 140462207792896 logging_writer.py:48] [58800] global_step=58800, grad_norm=4.129154205322266, loss=1.1786203384399414
I0831 13:53:03.495699 140462291654400 logging_writer.py:48] [58900] global_step=58900, grad_norm=3.8919084072113037, loss=1.13741135597229
I0831 13:53:30.619644 140462207792896 logging_writer.py:48] [59000] global_step=59000, grad_norm=4.069941997528076, loss=1.106372356414795
I0831 13:53:57.825412 140462291654400 logging_writer.py:48] [59100] global_step=59100, grad_norm=4.114039421081543, loss=1.144714117050171
I0831 13:54:24.945344 140462207792896 logging_writer.py:48] [59200] global_step=59200, grad_norm=4.488448619842529, loss=1.2532100677490234
I0831 13:54:52.083218 140462291654400 logging_writer.py:48] [59300] global_step=59300, grad_norm=4.21856164932251, loss=1.1614978313446045
I0831 13:55:19.277261 140462207792896 logging_writer.py:48] [59400] global_step=59400, grad_norm=4.1410040855407715, loss=1.1232411861419678
I0831 13:55:46.448896 140462291654400 logging_writer.py:48] [59500] global_step=59500, grad_norm=4.294313430786133, loss=1.1341241598129272
I0831 13:56:13.588469 140462207792896 logging_writer.py:48] [59600] global_step=59600, grad_norm=4.498416900634766, loss=1.289866328239441
I0831 13:56:40.790091 140462291654400 logging_writer.py:48] [59700] global_step=59700, grad_norm=4.234975814819336, loss=1.1874021291732788
I0831 13:57:08.197914 140462207792896 logging_writer.py:48] [59800] global_step=59800, grad_norm=4.112311363220215, loss=1.0667126178741455
I0831 13:57:35.333203 140462291654400 logging_writer.py:48] [59900] global_step=59900, grad_norm=4.129216194152832, loss=1.2047224044799805
I0831 13:58:02.515774 140462207792896 logging_writer.py:48] [60000] global_step=60000, grad_norm=4.231048583984375, loss=1.1794657707214355
I0831 13:58:29.640873 140462291654400 logging_writer.py:48] [60100] global_step=60100, grad_norm=4.340626239776611, loss=1.21722412109375
I0831 13:58:56.758829 140462207792896 logging_writer.py:48] [60200] global_step=60200, grad_norm=4.004168510437012, loss=1.1437658071517944
I0831 13:59:23.957289 140462291654400 logging_writer.py:48] [60300] global_step=60300, grad_norm=4.256436824798584, loss=1.1482956409454346
I0831 13:59:51.088067 140462207792896 logging_writer.py:48] [60400] global_step=60400, grad_norm=4.036151885986328, loss=1.110124111175537
I0831 14:00:18.224655 140462291654400 logging_writer.py:48] [60500] global_step=60500, grad_norm=4.349050521850586, loss=1.2058964967727661
I0831 14:00:45.418267 140462207792896 logging_writer.py:48] [60600] global_step=60600, grad_norm=3.9427640438079834, loss=1.1109867095947266
I0831 14:01:12.553056 140462291654400 logging_writer.py:48] [60700] global_step=60700, grad_norm=3.9597513675689697, loss=1.0898019075393677
I0831 14:01:39.688182 140462207792896 logging_writer.py:48] [60800] global_step=60800, grad_norm=4.077946186065674, loss=1.1935244798660278
I0831 14:02:07.109884 140462291654400 logging_writer.py:48] [60900] global_step=60900, grad_norm=3.825608253479004, loss=0.9942179918289185
I0831 14:02:34.259627 140462207792896 logging_writer.py:48] [61000] global_step=61000, grad_norm=4.335648536682129, loss=1.159499168395996
I0831 14:03:01.402373 140462291654400 logging_writer.py:48] [61100] global_step=61100, grad_norm=3.933427572250366, loss=1.0411491394042969
I0831 14:03:28.609000 140462207792896 logging_writer.py:48] [61200] global_step=61200, grad_norm=4.394455432891846, loss=1.1468101739883423
I0831 14:03:55.748989 140462291654400 logging_writer.py:48] [61300] global_step=61300, grad_norm=4.488161087036133, loss=1.2605468034744263
I0831 14:04:22.886924 140462207792896 logging_writer.py:48] [61400] global_step=61400, grad_norm=4.1989006996154785, loss=1.1437532901763916
I0831 14:04:50.095343 140462291654400 logging_writer.py:48] [61500] global_step=61500, grad_norm=4.138639450073242, loss=1.1480075120925903
I0831 14:05:17.220824 140462207792896 logging_writer.py:48] [61600] global_step=61600, grad_norm=3.9928810596466064, loss=1.0494506359100342
I0831 14:05:44.370078 140462291654400 logging_writer.py:48] [61700] global_step=61700, grad_norm=4.209929943084717, loss=1.0548369884490967
I0831 14:06:11.558336 140462207792896 logging_writer.py:48] [61800] global_step=61800, grad_norm=4.1351165771484375, loss=1.1320818662643433
I0831 14:06:38.962699 140462291654400 logging_writer.py:48] [61900] global_step=61900, grad_norm=4.402517795562744, loss=1.174030065536499
I0831 14:07:06.096302 140462207792896 logging_writer.py:48] [62000] global_step=62000, grad_norm=4.635240077972412, loss=1.14308762550354
I0831 14:07:33.288693 140462291654400 logging_writer.py:48] [62100] global_step=62100, grad_norm=4.353769779205322, loss=1.202255368232727
I0831 14:08:00.423377 140462207792896 logging_writer.py:48] [62200] global_step=62200, grad_norm=4.360079765319824, loss=1.1736249923706055
I0831 14:08:27.587749 140462291654400 logging_writer.py:48] [62300] global_step=62300, grad_norm=4.5913310050964355, loss=1.2308727502822876
I0831 14:08:54.800509 140462207792896 logging_writer.py:48] [62400] global_step=62400, grad_norm=4.2525224685668945, loss=1.1051523685455322
I0831 14:09:21.927550 140462291654400 logging_writer.py:48] [62500] global_step=62500, grad_norm=4.346681594848633, loss=1.189514398574829
I0831 14:09:49.094521 140462207792896 logging_writer.py:48] [62600] global_step=62600, grad_norm=4.452826976776123, loss=1.0993497371673584
I0831 14:10:16.291604 140462291654400 logging_writer.py:48] [62700] global_step=62700, grad_norm=4.38563346862793, loss=1.2077784538269043
I0831 14:10:43.439439 140462207792896 logging_writer.py:48] [62800] global_step=62800, grad_norm=4.4207539558410645, loss=1.1171356439590454
I0831 14:11:10.572555 140462291654400 logging_writer.py:48] [62900] global_step=62900, grad_norm=4.31390380859375, loss=1.0374815464019775
I0831 14:11:38.008424 140462207792896 logging_writer.py:48] [63000] global_step=63000, grad_norm=4.479304790496826, loss=1.1356697082519531
I0831 14:12:05.152732 140462291654400 logging_writer.py:48] [63100] global_step=63100, grad_norm=4.319552421569824, loss=1.1420392990112305
I0831 14:12:32.275512 140462207792896 logging_writer.py:48] [63200] global_step=63200, grad_norm=4.683479309082031, loss=1.1916344165802002
I0831 14:12:59.482403 140462291654400 logging_writer.py:48] [63300] global_step=63300, grad_norm=4.598440647125244, loss=1.1886094808578491
I0831 14:13:26.599662 140462207792896 logging_writer.py:48] [63400] global_step=63400, grad_norm=4.342299938201904, loss=1.2049875259399414
I0831 14:13:53.728135 140462291654400 logging_writer.py:48] [63500] global_step=63500, grad_norm=4.002748012542725, loss=0.9823920726776123
I0831 14:14:20.946938 140462207792896 logging_writer.py:48] [63600] global_step=63600, grad_norm=4.560853958129883, loss=1.216147541999817
I0831 14:14:48.078398 140462291654400 logging_writer.py:48] [63700] global_step=63700, grad_norm=4.181757926940918, loss=1.0669641494750977
I0831 14:15:15.222414 140462207792896 logging_writer.py:48] [63800] global_step=63800, grad_norm=4.614319801330566, loss=1.2537699937820435
I0831 14:15:42.422091 140462291654400 logging_writer.py:48] [63900] global_step=63900, grad_norm=4.161206245422363, loss=1.1217033863067627
I0831 14:16:09.793797 140462207792896 logging_writer.py:48] [64000] global_step=64000, grad_norm=4.328306674957275, loss=1.153753399848938
I0831 14:16:36.932788 140462291654400 logging_writer.py:48] [64100] global_step=64100, grad_norm=4.707287788391113, loss=1.226334571838379
I0831 14:17:04.134815 140462207792896 logging_writer.py:48] [64200] global_step=64200, grad_norm=4.304986476898193, loss=1.0734068155288696
I0831 14:17:31.299638 140462291654400 logging_writer.py:48] [64300] global_step=64300, grad_norm=4.589047908782959, loss=1.2880934476852417
I0831 14:17:58.424725 140462207792896 logging_writer.py:48] [64400] global_step=64400, grad_norm=4.380955219268799, loss=1.1563457250595093
I0831 14:18:25.640285 140462291654400 logging_writer.py:48] [64500] global_step=64500, grad_norm=4.430264472961426, loss=1.1682482957839966
I0831 14:18:52.764599 140462207792896 logging_writer.py:48] [64600] global_step=64600, grad_norm=4.740336894989014, loss=1.1271042823791504
I0831 14:19:19.921661 140462291654400 logging_writer.py:48] [64700] global_step=64700, grad_norm=4.512879848480225, loss=1.128707766532898
I0831 14:19:47.102000 140462207792896 logging_writer.py:48] [64800] global_step=64800, grad_norm=4.561408042907715, loss=1.121180534362793
I0831 14:20:14.230034 140462291654400 logging_writer.py:48] [64900] global_step=64900, grad_norm=4.737875461578369, loss=1.2171547412872314
I0831 14:20:41.373762 140462207792896 logging_writer.py:48] [65000] global_step=65000, grad_norm=4.4257378578186035, loss=1.1137096881866455
I0831 14:21:08.771758 140462291654400 logging_writer.py:48] [65100] global_step=65100, grad_norm=4.627267837524414, loss=1.1256811618804932
I0831 14:21:35.884293 140462207792896 logging_writer.py:48] [65200] global_step=65200, grad_norm=4.349369049072266, loss=1.0520504713058472
I0831 14:22:03.006849 140462291654400 logging_writer.py:48] [65300] global_step=65300, grad_norm=4.512179374694824, loss=1.2575383186340332
I0831 14:22:08.587691 140659750036672 spec.py:333] Evaluating on the training split.
I0831 14:22:17.867395 140659750036672 spec.py:346] Evaluating on the validation split.
I0831 14:22:26.893923 140659750036672 spec.py:363] Evaluating on the test split.
I0831 14:22:27.744155 140659750036672 submission_runner.py:516] Time since start: 18268.92s, 	Step: 65322, 	{'train/accuracy': Array(0.9012675, dtype=float32), 'train/loss': Array(0.35587227, dtype=float32), 'validation/accuracy': Array(0.74094, dtype=float32), 'validation/loss': Array(1.0815302, dtype=float32), 'validation/num_examples': 50000, 'test/accuracy': Array(0.61170006, dtype=float32), 'test/loss': Array(1.827934, dtype=float32), 'test/num_examples': 10000, 'score': 18016.97361254692, 'total_duration': 18268.919723272324, 'accumulated_submission_time': 18016.97361254692, 'accumulated_eval_time': 250.69002890586853, 'accumulated_logging_time': 0.701411247253418}
I0831 14:22:27.788972 140462207792896 logging_writer.py:48] [65322] accumulated_eval_time=250.69, accumulated_logging_time=0.701411, accumulated_submission_time=18017, global_step=65322, preemption_count=0, score=18017, test/accuracy=0.6117000579833984, test/loss=1.8279340267181396, test/num_examples=10000, total_duration=18268.9, train/accuracy=0.9012675285339355, train/loss=0.3558722734451294, validation/accuracy=0.7409399747848511, validation/loss=1.081530213356018, validation/num_examples=50000
I0831 14:22:49.389630 140462291654400 logging_writer.py:48] [65400] global_step=65400, grad_norm=4.284206390380859, loss=1.0190246105194092
I0831 14:23:16.542282 140462207792896 logging_writer.py:48] [65500] global_step=65500, grad_norm=4.932464599609375, loss=1.2434974908828735
I0831 14:23:43.700573 140462291654400 logging_writer.py:48] [65600] global_step=65600, grad_norm=4.53204870223999, loss=1.0806829929351807
I0831 14:24:10.928452 140462207792896 logging_writer.py:48] [65700] global_step=65700, grad_norm=4.491011619567871, loss=1.096167802810669
I0831 14:24:38.068518 140462291654400 logging_writer.py:48] [65800] global_step=65800, grad_norm=4.554718971252441, loss=1.133201241493225
I0831 14:25:05.193167 140462207792896 logging_writer.py:48] [65900] global_step=65900, grad_norm=4.494077682495117, loss=1.0525048971176147
I0831 14:25:32.416553 140462291654400 logging_writer.py:48] [66000] global_step=66000, grad_norm=4.502111434936523, loss=1.100895643234253
I0831 14:25:59.536046 140462207792896 logging_writer.py:48] [66100] global_step=66100, grad_norm=4.566282749176025, loss=1.0475738048553467
I0831 14:26:26.906597 140462291654400 logging_writer.py:48] [66200] global_step=66200, grad_norm=4.419798851013184, loss=1.126304268836975
I0831 14:26:54.103857 140462207792896 logging_writer.py:48] [66300] global_step=66300, grad_norm=4.399794101715088, loss=1.0503495931625366
I0831 14:27:21.257030 140462291654400 logging_writer.py:48] [66400] global_step=66400, grad_norm=4.890985012054443, loss=1.1326605081558228
I0831 14:27:48.404087 140462207792896 logging_writer.py:48] [66500] global_step=66500, grad_norm=4.889479160308838, loss=1.1310876607894897
I0831 14:28:15.613812 140462291654400 logging_writer.py:48] [66600] global_step=66600, grad_norm=4.340965270996094, loss=1.0289013385772705
I0831 14:28:42.730699 140462207792896 logging_writer.py:48] [66700] global_step=66700, grad_norm=4.932310104370117, loss=1.1279044151306152
I0831 14:29:09.848071 140462291654400 logging_writer.py:48] [66800] global_step=66800, grad_norm=4.479370594024658, loss=1.1179966926574707
I0831 14:29:37.036448 140462207792896 logging_writer.py:48] [66900] global_step=66900, grad_norm=4.530259609222412, loss=1.1143271923065186
I0831 14:30:04.161231 140462291654400 logging_writer.py:48] [67000] global_step=67000, grad_norm=5.057637691497803, loss=1.1680517196655273
I0831 14:30:31.293544 140462207792896 logging_writer.py:48] [67100] global_step=67100, grad_norm=4.431516170501709, loss=1.1127394437789917
I0831 14:30:58.492388 140462291654400 logging_writer.py:48] [67200] global_step=67200, grad_norm=4.792877674102783, loss=1.1247069835662842
I0831 14:31:25.852335 140462207792896 logging_writer.py:48] [67300] global_step=67300, grad_norm=4.476561069488525, loss=1.1439166069030762
I0831 14:31:52.970043 140462291654400 logging_writer.py:48] [67400] global_step=67400, grad_norm=4.633327007293701, loss=1.1331901550292969
I0831 14:32:20.155227 140462207792896 logging_writer.py:48] [67500] global_step=67500, grad_norm=4.84542179107666, loss=1.0841716527938843
I0831 14:32:47.289683 140462291654400 logging_writer.py:48] [67600] global_step=67600, grad_norm=4.836230278015137, loss=1.1284255981445312
I0831 14:33:14.435696 140462207792896 logging_writer.py:48] [67700] global_step=67700, grad_norm=4.809790134429932, loss=1.0862503051757812
I0831 14:33:41.619664 140462291654400 logging_writer.py:48] [67800] global_step=67800, grad_norm=4.821517467498779, loss=1.129023551940918
I0831 14:34:08.755947 140462207792896 logging_writer.py:48] [67900] global_step=67900, grad_norm=4.542420387268066, loss=1.0678744316101074
I0831 14:34:35.891966 140462291654400 logging_writer.py:48] [68000] global_step=68000, grad_norm=5.121830463409424, loss=1.2001752853393555
I0831 14:35:03.117610 140462207792896 logging_writer.py:48] [68100] global_step=68100, grad_norm=4.539107799530029, loss=1.0397202968597412
I0831 14:35:30.228630 140462291654400 logging_writer.py:48] [68200] global_step=68200, grad_norm=5.082265377044678, loss=1.1701273918151855
I0831 14:35:57.344394 140462207792896 logging_writer.py:48] [68300] global_step=68300, grad_norm=4.715770244598389, loss=1.1374961137771606
I0831 14:36:24.756226 140462291654400 logging_writer.py:48] [68400] global_step=68400, grad_norm=4.886198043823242, loss=1.1447570323944092
I0831 14:36:51.893005 140462207792896 logging_writer.py:48] [68500] global_step=68500, grad_norm=5.014782428741455, loss=1.114876389503479
I0831 14:37:19.016660 140462291654400 logging_writer.py:48] [68600] global_step=68600, grad_norm=4.8369646072387695, loss=1.105344533920288
I0831 14:37:46.259731 140462207792896 logging_writer.py:48] [68700] global_step=68700, grad_norm=4.724262714385986, loss=1.1144500970840454
I0831 14:38:13.407853 140462291654400 logging_writer.py:48] [68800] global_step=68800, grad_norm=4.575559139251709, loss=1.0805474519729614
I0831 14:38:40.523135 140462207792896 logging_writer.py:48] [68900] global_step=68900, grad_norm=4.845252513885498, loss=1.183036208152771
I0831 14:39:07.719451 140462291654400 logging_writer.py:48] [69000] global_step=69000, grad_norm=4.726552963256836, loss=1.1148223876953125
I0831 14:39:34.851024 140462207792896 logging_writer.py:48] [69100] global_step=69100, grad_norm=4.690332412719727, loss=1.059108853340149
I0831 14:40:01.983876 140462291654400 logging_writer.py:48] [69200] global_step=69200, grad_norm=4.8058671951293945, loss=1.1190779209136963
I0831 14:40:29.229309 140462207792896 logging_writer.py:48] [69300] global_step=69300, grad_norm=4.794759750366211, loss=1.0835239887237549
I0831 14:40:56.607501 140462291654400 logging_writer.py:48] [69400] global_step=69400, grad_norm=4.834987640380859, loss=1.153177261352539
I0831 14:41:23.731445 140462207792896 logging_writer.py:48] [69500] global_step=69500, grad_norm=4.849311351776123, loss=1.097834587097168
I0831 14:41:50.946708 140462291654400 logging_writer.py:48] [69600] global_step=69600, grad_norm=4.562088966369629, loss=1.1294622421264648
I0831 14:42:18.079017 140462207792896 logging_writer.py:48] [69700] global_step=69700, grad_norm=4.771415710449219, loss=1.1647746562957764
I0831 14:42:45.215358 140462291654400 logging_writer.py:48] [69800] global_step=69800, grad_norm=4.971536159515381, loss=1.1076338291168213
I0831 14:43:12.404544 140462207792896 logging_writer.py:48] [69900] global_step=69900, grad_norm=5.116303443908691, loss=1.1614720821380615
I0831 14:43:39.531889 140462291654400 logging_writer.py:48] [70000] global_step=70000, grad_norm=4.858510971069336, loss=1.111580729484558
I0831 14:44:06.688975 140462207792896 logging_writer.py:48] [70100] global_step=70100, grad_norm=4.824286937713623, loss=1.148178219795227
I0831 14:44:33.876608 140462291654400 logging_writer.py:48] [70200] global_step=70200, grad_norm=5.05073356628418, loss=1.129698395729065
I0831 14:45:01.021797 140462207792896 logging_writer.py:48] [70300] global_step=70300, grad_norm=4.9951019287109375, loss=1.1462994813919067
I0831 14:45:28.139046 140462291654400 logging_writer.py:48] [70400] global_step=70400, grad_norm=5.174649715423584, loss=1.19618821144104
I0831 14:45:55.551306 140462207792896 logging_writer.py:48] [70500] global_step=70500, grad_norm=5.2298126220703125, loss=1.2179630994796753
I0831 14:46:22.695321 140462291654400 logging_writer.py:48] [70600] global_step=70600, grad_norm=5.161717414855957, loss=1.1740407943725586
I0831 14:46:49.843053 140462207792896 logging_writer.py:48] [70700] global_step=70700, grad_norm=5.038063049316406, loss=1.1523008346557617
I0831 14:47:17.038139 140462291654400 logging_writer.py:48] [70800] global_step=70800, grad_norm=4.958276748657227, loss=1.0678048133850098
I0831 14:47:44.171280 140462207792896 logging_writer.py:48] [70900] global_step=70900, grad_norm=5.025483131408691, loss=1.1770962476730347
I0831 14:48:11.320039 140462291654400 logging_writer.py:48] [71000] global_step=71000, grad_norm=5.062246799468994, loss=1.124931812286377
I0831 14:48:38.519197 140462207792896 logging_writer.py:48] [71100] global_step=71100, grad_norm=4.8349080085754395, loss=1.073495626449585
I0831 14:49:05.643352 140462291654400 logging_writer.py:48] [71200] global_step=71200, grad_norm=5.02469539642334, loss=1.1062854528427124
I0831 14:49:32.780731 140462207792896 logging_writer.py:48] [71300] global_step=71300, grad_norm=5.048979759216309, loss=1.1153062582015991
I0831 14:49:59.982401 140462291654400 logging_writer.py:48] [71400] global_step=71400, grad_norm=5.089901447296143, loss=1.193464756011963
I0831 14:50:27.371221 140462207792896 logging_writer.py:48] [71500] global_step=71500, grad_norm=5.065579414367676, loss=1.1467745304107666
I0831 14:50:54.487068 140462291654400 logging_writer.py:48] [71600] global_step=71600, grad_norm=4.74937105178833, loss=1.0938713550567627
I0831 14:51:21.700103 140462207792896 logging_writer.py:48] [71700] global_step=71700, grad_norm=5.357005596160889, loss=1.2373077869415283
I0831 14:51:48.808971 140462291654400 logging_writer.py:48] [71800] global_step=71800, grad_norm=4.91694974899292, loss=1.0784114599227905
I0831 14:52:15.936059 140462207792896 logging_writer.py:48] [71900] global_step=71900, grad_norm=4.8602399826049805, loss=1.1049989461898804
I0831 14:52:43.123491 140462291654400 logging_writer.py:48] [72000] global_step=72000, grad_norm=5.576911926269531, loss=1.2597181797027588
I0831 14:53:10.298779 140462207792896 logging_writer.py:48] [72100] global_step=72100, grad_norm=4.9126482009887695, loss=1.0772030353546143
I0831 14:53:37.414741 140462291654400 logging_writer.py:48] [72200] global_step=72200, grad_norm=5.017378330230713, loss=1.1221458911895752
I0831 14:54:04.593322 140462207792896 logging_writer.py:48] [72300] global_step=72300, grad_norm=4.766191005706787, loss=1.0541183948516846
I0831 14:54:31.730116 140462291654400 logging_writer.py:48] [72400] global_step=72400, grad_norm=4.713466167449951, loss=1.0424288511276245
I0831 14:54:58.841064 140462207792896 logging_writer.py:48] [72500] global_step=72500, grad_norm=4.87831449508667, loss=1.0286810398101807
I0831 14:55:26.304171 140462291654400 logging_writer.py:48] [72600] global_step=72600, grad_norm=5.030486106872559, loss=1.0626521110534668
I0831 14:55:43.764853 140659750036672 spec.py:333] Evaluating on the training split.
I0831 14:55:52.624987 140659750036672 spec.py:346] Evaluating on the validation split.
I0831 14:56:01.582471 140659750036672 spec.py:363] Evaluating on the test split.
I0831 14:56:02.477355 140659750036672 submission_runner.py:516] Time since start: 20283.65s, 	Step: 72666, 	{'train/accuracy': Array(0.9071468, dtype=float32), 'train/loss': Array(0.33349392, dtype=float32), 'validation/accuracy': Array(0.74214, dtype=float32), 'validation/loss': Array(1.0764859, dtype=float32), 'validation/num_examples': 50000, 'test/accuracy': Array(0.6153, dtype=float32), 'test/loss': Array(1.8251016, dtype=float32), 'test/num_examples': 10000, 'score': 20012.831142663956, 'total_duration': 20283.65297317505, 'accumulated_submission_time': 20012.831142663956, 'accumulated_eval_time': 269.40062832832336, 'accumulated_logging_time': 0.8057889938354492}
I0831 14:56:02.531687 140462207792896 logging_writer.py:48] [72666] accumulated_eval_time=269.401, accumulated_logging_time=0.805789, accumulated_submission_time=20012.8, global_step=72666, preemption_count=0, score=20012.8, test/accuracy=0.6152999997138977, test/loss=1.825101613998413, test/num_examples=10000, total_duration=20283.7, train/accuracy=0.9071468114852905, train/loss=0.3334939181804657, validation/accuracy=0.742139995098114, validation/loss=1.0764858722686768, validation/num_examples=50000
I0831 14:56:12.201543 140462291654400 logging_writer.py:48] [72700] global_step=72700, grad_norm=4.988339900970459, loss=1.0567495822906494
I0831 14:56:39.346813 140462207792896 logging_writer.py:48] [72800] global_step=72800, grad_norm=5.282829761505127, loss=1.1511059999465942
I0831 14:57:06.554137 140462291654400 logging_writer.py:48] [72900] global_step=72900, grad_norm=4.980942249298096, loss=1.05224609375
I0831 14:57:33.713636 140462207792896 logging_writer.py:48] [73000] global_step=73000, grad_norm=5.556791305541992, loss=1.2654364109039307
I0831 14:58:00.846304 140462291654400 logging_writer.py:48] [73100] global_step=73100, grad_norm=5.11857795715332, loss=1.205348014831543
I0831 14:58:28.070595 140462207792896 logging_writer.py:48] [73200] global_step=73200, grad_norm=5.123295783996582, loss=1.078803539276123
I0831 14:58:55.198497 140462291654400 logging_writer.py:48] [73300] global_step=73300, grad_norm=4.979549884796143, loss=1.0549975633621216
I0831 14:59:22.329517 140462207792896 logging_writer.py:48] [73400] global_step=73400, grad_norm=4.953442573547363, loss=1.0956718921661377
I0831 14:59:49.515853 140462291654400 logging_writer.py:48] [73500] global_step=73500, grad_norm=5.243229389190674, loss=1.1241934299468994
I0831 15:00:16.636009 140462207792896 logging_writer.py:48] [73600] global_step=73600, grad_norm=4.930180072784424, loss=1.0406070947647095
I0831 15:00:43.982019 140462291654400 logging_writer.py:48] [73700] global_step=73700, grad_norm=5.154042720794678, loss=1.1904408931732178
I0831 15:01:11.194699 140462207792896 logging_writer.py:48] [73800] global_step=73800, grad_norm=5.013015270233154, loss=1.07711923122406
I0831 15:01:38.317161 140462291654400 logging_writer.py:48] [73900] global_step=73900, grad_norm=5.092146873474121, loss=1.100111722946167
I0831 15:02:05.426794 140462207792896 logging_writer.py:48] [74000] global_step=74000, grad_norm=4.945342063903809, loss=1.0772162675857544
I0831 15:02:32.600225 140462291654400 logging_writer.py:48] [74100] global_step=74100, grad_norm=5.114232540130615, loss=1.0843480825424194
I0831 15:02:59.719852 140462207792896 logging_writer.py:48] [74200] global_step=74200, grad_norm=5.4109978675842285, loss=1.2193963527679443
I0831 15:03:26.842858 140462291654400 logging_writer.py:48] [74300] global_step=74300, grad_norm=5.093811511993408, loss=1.0939356088638306
I0831 15:03:54.059223 140462207792896 logging_writer.py:48] [74400] global_step=74400, grad_norm=5.186962604522705, loss=1.139366865158081
I0831 15:04:21.179890 140462291654400 logging_writer.py:48] [74500] global_step=74500, grad_norm=4.879283905029297, loss=1.0728275775909424
I0831 15:04:48.308450 140462207792896 logging_writer.py:48] [74600] global_step=74600, grad_norm=5.0075225830078125, loss=1.0428383350372314
I0831 15:05:15.528039 140462291654400 logging_writer.py:48] [74700] global_step=74700, grad_norm=5.003865718841553, loss=1.1002367734909058
I0831 15:05:42.888578 140462207792896 logging_writer.py:48] [74800] global_step=74800, grad_norm=5.081692218780518, loss=1.0607489347457886
I0831 15:06:10.024645 140462291654400 logging_writer.py:48] [74900] global_step=74900, grad_norm=5.044943809509277, loss=1.105198860168457
I0831 15:06:37.204737 140462207792896 logging_writer.py:48] [75000] global_step=75000, grad_norm=5.308656215667725, loss=1.1711395978927612
I0831 15:07:04.350597 140462291654400 logging_writer.py:48] [75100] global_step=75100, grad_norm=5.252565383911133, loss=1.1370654106140137
I0831 15:07:31.470876 140462207792896 logging_writer.py:48] [75200] global_step=75200, grad_norm=4.9596710205078125, loss=1.0261977910995483
I0831 15:07:58.703403 140462291654400 logging_writer.py:48] [75300] global_step=75300, grad_norm=5.137115955352783, loss=1.1482950448989868
I0831 15:08:25.831673 140462207792896 logging_writer.py:48] [75400] global_step=75400, grad_norm=5.261562824249268, loss=1.1152247190475464
I0831 15:08:52.980357 140462291654400 logging_writer.py:48] [75500] global_step=75500, grad_norm=4.953219413757324, loss=1.1569592952728271
I0831 15:09:20.183687 140462207792896 logging_writer.py:48] [75600] global_step=75600, grad_norm=5.322703838348389, loss=1.0978277921676636
I0831 15:09:47.315649 140462291654400 logging_writer.py:48] [75700] global_step=75700, grad_norm=5.218213081359863, loss=1.141169548034668
I0831 15:10:14.685340 140462207792896 logging_writer.py:48] [75800] global_step=75800, grad_norm=4.717349052429199, loss=1.0207397937774658
I0831 15:10:41.865921 140462291654400 logging_writer.py:48] [75900] global_step=75900, grad_norm=5.152605056762695, loss=1.126367211341858
I0831 15:11:09.008747 140462207792896 logging_writer.py:48] [76000] global_step=76000, grad_norm=5.174790859222412, loss=1.1213984489440918
I0831 15:11:36.128692 140462291654400 logging_writer.py:48] [76100] global_step=76100, grad_norm=5.230886459350586, loss=1.1371116638183594
I0831 15:12:03.317011 140462207792896 logging_writer.py:48] [76200] global_step=76200, grad_norm=5.105378150939941, loss=1.078294277191162
I0831 15:12:30.455310 140462291654400 logging_writer.py:48] [76300] global_step=76300, grad_norm=5.3959856033325195, loss=1.1209861040115356
I0831 15:12:57.595014 140462207792896 logging_writer.py:48] [76400] global_step=76400, grad_norm=5.312765598297119, loss=1.158987045288086
I0831 15:13:24.786737 140462291654400 logging_writer.py:48] [76500] global_step=76500, grad_norm=5.122409343719482, loss=1.1337230205535889
I0831 15:13:51.924569 140462207792896 logging_writer.py:48] [76600] global_step=76600, grad_norm=4.891146183013916, loss=1.0661208629608154
I0831 15:14:19.087124 140462291654400 logging_writer.py:48] [76700] global_step=76700, grad_norm=5.494735240936279, loss=1.3196933269500732
I0831 15:14:46.292710 140462207792896 logging_writer.py:48] [76800] global_step=76800, grad_norm=5.1176371574401855, loss=1.1478564739227295
I0831 15:15:13.662039 140462291654400 logging_writer.py:48] [76900] global_step=76900, grad_norm=5.544063091278076, loss=1.2121343612670898
I0831 15:15:40.799252 140462207792896 logging_writer.py:48] [77000] global_step=77000, grad_norm=4.994622230529785, loss=1.1006391048431396
I0831 15:16:08.001233 140462291654400 logging_writer.py:48] [77100] global_step=77100, grad_norm=5.582889556884766, loss=1.210869550704956
I0831 15:16:35.119962 140462207792896 logging_writer.py:48] [77200] global_step=77200, grad_norm=5.4206132888793945, loss=1.117112398147583
I0831 15:17:02.280909 140462291654400 logging_writer.py:48] [77300] global_step=77300, grad_norm=5.197893142700195, loss=1.1093621253967285
I0831 15:17:29.505422 140462207792896 logging_writer.py:48] [77400] global_step=77400, grad_norm=4.984208106994629, loss=1.0767338275909424
I0831 15:17:56.648786 140462291654400 logging_writer.py:48] [77500] global_step=77500, grad_norm=5.26463508605957, loss=1.196333885192871
I0831 15:18:23.812944 140462207792896 logging_writer.py:48] [77600] global_step=77600, grad_norm=4.850378036499023, loss=0.9869534969329834
I0831 15:18:50.998341 140462291654400 logging_writer.py:48] [77700] global_step=77700, grad_norm=5.361964702606201, loss=1.2147841453552246
I0831 15:19:18.117804 140462207792896 logging_writer.py:48] [77800] global_step=77800, grad_norm=5.195345401763916, loss=1.1594328880310059
I0831 15:19:45.258813 140462291654400 logging_writer.py:48] [77900] global_step=77900, grad_norm=5.28692102432251, loss=1.106515645980835
I0831 15:20:12.679407 140462207792896 logging_writer.py:48] [78000] global_step=78000, grad_norm=5.173584938049316, loss=1.1548712253570557
I0831 15:20:39.840758 140462291654400 logging_writer.py:48] [78100] global_step=78100, grad_norm=4.914551258087158, loss=0.9914030432701111
I0831 15:21:06.958157 140462207792896 logging_writer.py:48] [78200] global_step=78200, grad_norm=5.167934417724609, loss=1.1004729270935059
I0831 15:21:34.174460 140462291654400 logging_writer.py:48] [78300] global_step=78300, grad_norm=5.197473049163818, loss=1.0962107181549072
I0831 15:22:01.276096 140462207792896 logging_writer.py:48] [78400] global_step=78400, grad_norm=5.070916652679443, loss=1.101027011871338
I0831 15:22:28.412616 140462291654400 logging_writer.py:48] [78500] global_step=78500, grad_norm=4.951089859008789, loss=1.0859774351119995
I0831 15:22:55.648705 140462207792896 logging_writer.py:48] [78600] global_step=78600, grad_norm=5.2664947509765625, loss=1.173295259475708
I0831 15:23:22.780879 140462291654400 logging_writer.py:48] [78700] global_step=78700, grad_norm=5.147072792053223, loss=1.0562145709991455
I0831 15:23:49.910059 140462207792896 logging_writer.py:48] [78800] global_step=78800, grad_norm=5.206952095031738, loss=1.1434600353240967
I0831 15:24:17.140887 140462291654400 logging_writer.py:48] [78900] global_step=78900, grad_norm=5.333350658416748, loss=1.1164429187774658
I0831 15:24:44.489534 140462207792896 logging_writer.py:48] [79000] global_step=79000, grad_norm=5.01648473739624, loss=1.0871572494506836
I0831 15:25:11.637832 140462291654400 logging_writer.py:48] [79100] global_step=79100, grad_norm=5.365006446838379, loss=1.1525310277938843
I0831 15:25:38.850716 140462207792896 logging_writer.py:48] [79200] global_step=79200, grad_norm=5.134157180786133, loss=1.1608151197433472
I0831 15:26:05.997452 140462291654400 logging_writer.py:48] [79300] global_step=79300, grad_norm=5.2374677658081055, loss=1.2145328521728516
I0831 15:26:33.155091 140462207792896 logging_writer.py:48] [79400] global_step=79400, grad_norm=4.954680919647217, loss=1.0658445358276367
I0831 15:27:00.350726 140462291654400 logging_writer.py:48] [79500] global_step=79500, grad_norm=5.122426986694336, loss=1.0331730842590332
I0831 15:27:27.517232 140462207792896 logging_writer.py:48] [79600] global_step=79600, grad_norm=5.372981071472168, loss=1.1386553049087524
I0831 15:27:54.645976 140462291654400 logging_writer.py:48] [79700] global_step=79700, grad_norm=4.980198860168457, loss=1.0352798700332642
I0831 15:28:21.844126 140462207792896 logging_writer.py:48] [79800] global_step=79800, grad_norm=4.922448635101318, loss=1.1133697032928467
I0831 15:28:48.992383 140462291654400 logging_writer.py:48] [79900] global_step=79900, grad_norm=4.9384026527404785, loss=0.9916665554046631
I0831 15:29:16.122765 140462207792896 logging_writer.py:48] [80000] global_step=80000, grad_norm=5.114055156707764, loss=1.071118950843811
I0831 15:29:18.765294 140659750036672 spec.py:333] Evaluating on the training split.
I0831 15:29:26.674328 140659750036672 spec.py:346] Evaluating on the validation split.
I0831 15:29:35.921750 140659750036672 spec.py:363] Evaluating on the test split.
I0831 15:29:36.795688 140659750036672 submission_runner.py:516] Time since start: 22297.97s, 	Step: 80011, 	{'train/accuracy': Array(0.9135244, dtype=float32), 'train/loss': Array(0.30929574, dtype=float32), 'validation/accuracy': Array(0.74368, dtype=float32), 'validation/loss': Array(1.0724281, dtype=float32), 'validation/num_examples': 50000, 'test/accuracy': Array(0.6151, dtype=float32), 'test/loss': Array(1.8198733, dtype=float32), 'test/num_examples': 10000, 'score': 22008.974818468094, 'total_duration': 22297.971310138702, 'accumulated_submission_time': 22008.974818468094, 'accumulated_eval_time': 287.4291217327118, 'accumulated_logging_time': 0.8914148807525635}
I0831 15:29:36.850972 140462291654400 logging_writer.py:48] [80011] accumulated_eval_time=287.429, accumulated_logging_time=0.891415, accumulated_submission_time=22009, global_step=80011, preemption_count=0, score=22009, test/accuracy=0.6151000261306763, test/loss=1.819873332977295, test/num_examples=10000, total_duration=22298, train/accuracy=0.9135243892669678, train/loss=0.30929574370384216, validation/accuracy=0.7436800003051758, validation/loss=1.0724281072616577, validation/num_examples=50000
I0831 15:30:01.617244 140462207792896 logging_writer.py:48] [80100] global_step=80100, grad_norm=4.8027520179748535, loss=1.045777678489685
I0831 15:30:28.742407 140462291654400 logging_writer.py:48] [80200] global_step=80200, grad_norm=5.046718597412109, loss=1.1183059215545654
I0831 15:30:55.899578 140462207792896 logging_writer.py:48] [80300] global_step=80300, grad_norm=5.072199821472168, loss=1.0807229280471802
I0831 15:31:23.081217 140462291654400 logging_writer.py:48] [80400] global_step=80400, grad_norm=5.102008819580078, loss=1.0879298448562622
I0831 15:31:50.218806 140462207792896 logging_writer.py:48] [80500] global_step=80500, grad_norm=5.056987762451172, loss=1.091522455215454
I0831 15:32:17.336322 140462291654400 logging_writer.py:48] [80600] global_step=80600, grad_norm=5.346099376678467, loss=1.1192913055419922
I0831 15:32:44.546762 140462207792896 logging_writer.py:48] [80700] global_step=80700, grad_norm=4.863588809967041, loss=1.0515360832214355
I0831 15:33:11.678821 140462291654400 logging_writer.py:48] [80800] global_step=80800, grad_norm=5.1354756355285645, loss=1.0947846174240112
I0831 15:33:38.825002 140462207792896 logging_writer.py:48] [80900] global_step=80900, grad_norm=5.228660583496094, loss=1.0588380098342896
I0831 15:34:06.012605 140462291654400 logging_writer.py:48] [81000] global_step=81000, grad_norm=5.4167938232421875, loss=1.1546671390533447
I0831 15:34:33.182551 140462207792896 logging_writer.py:48] [81100] global_step=81100, grad_norm=5.204902648925781, loss=1.1178687810897827
I0831 15:35:00.537090 140462291654400 logging_writer.py:48] [81200] global_step=81200, grad_norm=5.0533223152160645, loss=1.1036878824234009
I0831 15:35:27.762565 140462207792896 logging_writer.py:48] [81300] global_step=81300, grad_norm=4.778297424316406, loss=1.0054988861083984
I0831 15:35:54.919884 140462291654400 logging_writer.py:48] [81400] global_step=81400, grad_norm=5.092770099639893, loss=1.0561141967773438
I0831 15:36:22.079777 140462207792896 logging_writer.py:48] [81500] global_step=81500, grad_norm=5.282026290893555, loss=1.1500883102416992
I0831 15:36:49.272172 140462291654400 logging_writer.py:48] [81600] global_step=81600, grad_norm=4.808155059814453, loss=1.019740104675293
I0831 15:37:16.387844 140462207792896 logging_writer.py:48] [81700] global_step=81700, grad_norm=4.8297200202941895, loss=1.033597707748413
I0831 15:37:43.517898 140462291654400 logging_writer.py:48] [81800] global_step=81800, grad_norm=5.105103969573975, loss=1.115894079208374
I0831 15:38:10.699128 140462207792896 logging_writer.py:48] [81900] global_step=81900, grad_norm=5.15748929977417, loss=1.0981687307357788
I0831 15:38:37.852572 140462291654400 logging_writer.py:48] [82000] global_step=82000, grad_norm=5.11760950088501, loss=1.167235255241394
I0831 15:39:04.975497 140462207792896 logging_writer.py:48] [82100] global_step=82100, grad_norm=5.21095609664917, loss=1.1144347190856934
I0831 15:39:32.389033 140462291654400 logging_writer.py:48] [82200] global_step=82200, grad_norm=5.202498435974121, loss=1.1674529314041138
I0831 15:39:59.522205 140462207792896 logging_writer.py:48] [82300] global_step=82300, grad_norm=5.336050987243652, loss=1.174316167831421
I0831 15:40:26.658825 140462291654400 logging_writer.py:48] [82400] global_step=82400, grad_norm=5.025356769561768, loss=1.0778332948684692
I0831 15:40:53.839304 140462207792896 logging_writer.py:48] [82500] global_step=82500, grad_norm=4.990633010864258, loss=1.0369369983673096
I0831 15:41:20.979122 140462291654400 logging_writer.py:48] [82600] global_step=82600, grad_norm=4.913053035736084, loss=1.0315380096435547
I0831 15:41:48.103095 140462207792896 logging_writer.py:48] [82700] global_step=82700, grad_norm=5.058833122253418, loss=1.1632330417633057
I0831 15:42:15.287482 140462291654400 logging_writer.py:48] [82800] global_step=82800, grad_norm=5.111359119415283, loss=1.076669692993164
I0831 15:42:42.414959 140462207792896 logging_writer.py:48] [82900] global_step=82900, grad_norm=5.015858173370361, loss=1.038299322128296
I0831 15:43:09.528374 140462291654400 logging_writer.py:48] [83000] global_step=83000, grad_norm=5.048405647277832, loss=1.0787433385849
I0831 15:43:36.712402 140462207792896 logging_writer.py:48] [83100] global_step=83100, grad_norm=4.75800085067749, loss=0.9571088552474976
I0831 15:44:03.836605 140462291654400 logging_writer.py:48] [83200] global_step=83200, grad_norm=5.09819221496582, loss=1.1296072006225586
I0831 15:44:31.234739 140462207792896 logging_writer.py:48] [83300] global_step=83300, grad_norm=5.04482889175415, loss=1.1123828887939453
I0831 15:44:58.461814 140462291654400 logging_writer.py:48] [83400] global_step=83400, grad_norm=5.234004020690918, loss=1.1535555124282837
I0831 15:45:25.612139 140462207792896 logging_writer.py:48] [83500] global_step=83500, grad_norm=5.191713333129883, loss=1.1817467212677002
I0831 15:45:52.733690 140462291654400 logging_writer.py:48] [83600] global_step=83600, grad_norm=5.290879726409912, loss=1.0777533054351807
I0831 15:46:19.938376 140462207792896 logging_writer.py:48] [83700] global_step=83700, grad_norm=4.93105411529541, loss=1.0401595830917358
I0831 15:46:47.096294 140462291654400 logging_writer.py:48] [83800] global_step=83800, grad_norm=4.891636371612549, loss=1.0953097343444824
I0831 15:47:14.231655 140462207792896 logging_writer.py:48] [83900] global_step=83900, grad_norm=5.457226753234863, loss=1.08694589138031
I0831 15:47:41.430518 140462291654400 logging_writer.py:48] [84000] global_step=84000, grad_norm=5.129451274871826, loss=1.0509101152420044
I0831 15:48:08.558040 140462207792896 logging_writer.py:48] [84100] global_step=84100, grad_norm=5.379550933837891, loss=1.1043866872787476
I0831 15:48:35.681452 140462291654400 logging_writer.py:48] [84200] global_step=84200, grad_norm=4.720390319824219, loss=1.033921718597412
I0831 15:49:02.871552 140462207792896 logging_writer.py:48] [84300] global_step=84300, grad_norm=4.95485782623291, loss=1.033087968826294
I0831 15:49:30.229374 140462291654400 logging_writer.py:48] [84400] global_step=84400, grad_norm=5.368260383605957, loss=1.086872935295105
I0831 15:49:57.351355 140462207792896 logging_writer.py:48] [84500] global_step=84500, grad_norm=4.818210601806641, loss=1.0919336080551147
I0831 15:50:24.571552 140462291654400 logging_writer.py:48] [84600] global_step=84600, grad_norm=5.091428756713867, loss=1.1080976724624634
I0831 15:50:51.736696 140462207792896 logging_writer.py:48] [84700] global_step=84700, grad_norm=5.3407440185546875, loss=1.1161068677902222
I0831 15:51:18.892567 140462291654400 logging_writer.py:48] [84800] global_step=84800, grad_norm=5.057868003845215, loss=1.1248582601547241
I0831 15:51:46.092302 140462207792896 logging_writer.py:48] [84900] global_step=84900, grad_norm=5.131648063659668, loss=1.1121399402618408
I0831 15:52:13.235661 140462291654400 logging_writer.py:48] [85000] global_step=85000, grad_norm=5.133615493774414, loss=1.1190361976623535
I0831 15:52:40.366699 140462207792896 logging_writer.py:48] [85100] global_step=85100, grad_norm=5.104923248291016, loss=1.1714637279510498
I0831 15:53:07.564352 140462291654400 logging_writer.py:48] [85200] global_step=85200, grad_norm=5.167296409606934, loss=1.147531509399414
I0831 15:53:34.718199 140462207792896 logging_writer.py:48] [85300] global_step=85300, grad_norm=5.2078657150268555, loss=1.0842106342315674
I0831 15:54:01.866739 140462291654400 logging_writer.py:48] [85400] global_step=85400, grad_norm=5.184271335601807, loss=1.0012669563293457
I0831 15:54:29.298123 140462207792896 logging_writer.py:48] [85500] global_step=85500, grad_norm=4.995631694793701, loss=1.098233699798584
I0831 15:54:56.423478 140462291654400 logging_writer.py:48] [85600] global_step=85600, grad_norm=4.8185906410217285, loss=1.0647668838500977
I0831 15:55:23.588460 140462207792896 logging_writer.py:48] [85700] global_step=85700, grad_norm=5.128810882568359, loss=1.0949413776397705
I0831 15:55:50.781186 140462291654400 logging_writer.py:48] [85800] global_step=85800, grad_norm=5.428458213806152, loss=1.1746182441711426
I0831 15:56:17.912009 140462207792896 logging_writer.py:48] [85900] global_step=85900, grad_norm=4.905691146850586, loss=1.0862361192703247
I0831 15:56:45.037642 140462291654400 logging_writer.py:48] [86000] global_step=86000, grad_norm=5.135137557983398, loss=1.0044636726379395
I0831 15:57:12.260535 140462207792896 logging_writer.py:48] [86100] global_step=86100, grad_norm=4.895088195800781, loss=1.0311821699142456
I0831 15:57:39.376469 140462291654400 logging_writer.py:48] [86200] global_step=86200, grad_norm=4.936323642730713, loss=1.0615873336791992
I0831 15:58:06.492154 140462207792896 logging_writer.py:48] [86300] global_step=86300, grad_norm=4.968416213989258, loss=1.0038541555404663
I0831 15:58:33.673908 140462291654400 logging_writer.py:48] [86400] global_step=86400, grad_norm=4.9149651527404785, loss=1.0676205158233643
I0831 15:59:01.015235 140462207792896 logging_writer.py:48] [86500] global_step=86500, grad_norm=4.952779769897461, loss=1.0510683059692383
I0831 15:59:28.169139 140462291654400 logging_writer.py:48] [86600] global_step=86600, grad_norm=4.891543865203857, loss=1.1048495769500732
I0831 15:59:55.385012 140462207792896 logging_writer.py:48] [86700] global_step=86700, grad_norm=5.10454797744751, loss=1.0697541236877441
I0831 16:00:22.531288 140462291654400 logging_writer.py:48] [86800] global_step=86800, grad_norm=4.959455490112305, loss=1.1157441139221191
I0831 16:00:49.642400 140462207792896 logging_writer.py:48] [86900] global_step=86900, grad_norm=5.217304229736328, loss=1.0510529279708862
I0831 16:01:16.834686 140462291654400 logging_writer.py:48] [87000] global_step=87000, grad_norm=4.825283050537109, loss=1.0595011711120605
I0831 16:01:43.961452 140462207792896 logging_writer.py:48] [87100] global_step=87100, grad_norm=5.501576900482178, loss=1.1701405048370361
I0831 16:02:11.092808 140462291654400 logging_writer.py:48] [87200] global_step=87200, grad_norm=4.97939395904541, loss=1.101808786392212
I0831 16:02:38.296216 140462207792896 logging_writer.py:48] [87300] global_step=87300, grad_norm=5.287903308868408, loss=1.0951745510101318
I0831 16:02:52.862508 140659750036672 spec.py:333] Evaluating on the training split.
I0831 16:03:01.144877 140659750036672 spec.py:346] Evaluating on the validation split.
I0831 16:03:10.828894 140659750036672 spec.py:363] Evaluating on the test split.
I0831 16:03:11.724396 140659750036672 submission_runner.py:516] Time since start: 24312.90s, 	Step: 87355, 	{'train/accuracy': Array(0.91770965, dtype=float32), 'train/loss': Array(0.29734606, dtype=float32), 'validation/accuracy': Array(0.74516, dtype=float32), 'validation/loss': Array(1.0671043, dtype=float32), 'validation/num_examples': 50000, 'test/accuracy': Array(0.61770004, dtype=float32), 'test/loss': Array(1.810064, dtype=float32), 'test/num_examples': 10000, 'score': 24004.91706252098, 'total_duration': 24312.900218486786, 'accumulated_submission_time': 24004.91706252098, 'accumulated_eval_time': 306.2893109321594, 'accumulated_logging_time': 0.9574494361877441}
I0831 16:03:11.780621 140462291654400 logging_writer.py:48] [87355] accumulated_eval_time=306.289, accumulated_logging_time=0.957449, accumulated_submission_time=24004.9, global_step=87355, preemption_count=0, score=24004.9, test/accuracy=0.6177000403404236, test/loss=1.8100639581680298, test/num_examples=10000, total_duration=24312.9, train/accuracy=0.9177096486091614, train/loss=0.2973460555076599, validation/accuracy=0.7451599836349487, validation/loss=1.0671043395996094, validation/num_examples=50000
I0831 16:03:24.374741 140462207792896 logging_writer.py:48] [87400] global_step=87400, grad_norm=5.097751617431641, loss=1.0515035390853882
I0831 16:03:51.529090 140462291654400 logging_writer.py:48] [87500] global_step=87500, grad_norm=5.246204853057861, loss=1.0999469757080078
I0831 16:04:18.952025 140462207792896 logging_writer.py:48] [87600] global_step=87600, grad_norm=5.357090950012207, loss=1.1811838150024414
I0831 16:04:46.098130 140462291654400 logging_writer.py:48] [87700] global_step=87700, grad_norm=4.9145660400390625, loss=1.0151646137237549
I0831 16:05:13.240762 140462207792896 logging_writer.py:48] [87800] global_step=87800, grad_norm=5.027377128601074, loss=1.055638313293457
I0831 16:05:40.433928 140462291654400 logging_writer.py:48] [87900] global_step=87900, grad_norm=4.883982181549072, loss=1.0394787788391113
I0831 16:06:07.584380 140462207792896 logging_writer.py:48] [88000] global_step=88000, grad_norm=5.289548397064209, loss=1.1517364978790283
I0831 16:06:34.706968 140462291654400 logging_writer.py:48] [88100] global_step=88100, grad_norm=5.052430629730225, loss=1.1103522777557373
I0831 16:07:01.929594 140462207792896 logging_writer.py:48] [88200] global_step=88200, grad_norm=4.837864398956299, loss=1.010026454925537
I0831 16:07:29.082287 140462291654400 logging_writer.py:48] [88300] global_step=88300, grad_norm=5.097057342529297, loss=1.0487135648727417
I0831 16:07:56.209052 140462207792896 logging_writer.py:48] [88400] global_step=88400, grad_norm=5.145213603973389, loss=1.0514527559280396
I0831 16:08:23.380327 140462291654400 logging_writer.py:48] [88500] global_step=88500, grad_norm=4.792759418487549, loss=1.0134515762329102
I0831 16:08:50.525143 140462207792896 logging_writer.py:48] [88600] global_step=88600, grad_norm=4.7926225662231445, loss=1.0294077396392822
I0831 16:09:17.876160 140462291654400 logging_writer.py:48] [88700] global_step=88700, grad_norm=4.825915336608887, loss=1.0267112255096436
I0831 16:09:45.094743 140462207792896 logging_writer.py:48] [88800] global_step=88800, grad_norm=5.055381774902344, loss=1.082041621208191
I0831 16:10:12.237136 140462291654400 logging_writer.py:48] [88900] global_step=88900, grad_norm=5.174954414367676, loss=1.0908920764923096
I0831 16:10:39.368040 140462207792896 logging_writer.py:48] [89000] global_step=89000, grad_norm=4.878984451293945, loss=0.9936631321907043
I0831 16:11:06.566241 140462291654400 logging_writer.py:48] [89100] global_step=89100, grad_norm=5.28227424621582, loss=1.0856448411941528
I0831 16:11:33.699414 140462207792896 logging_writer.py:48] [89200] global_step=89200, grad_norm=5.098367691040039, loss=1.0847740173339844
I0831 16:12:00.873578 140462291654400 logging_writer.py:48] [89300] global_step=89300, grad_norm=5.023670673370361, loss=1.06284499168396
I0831 16:12:28.104704 140462207792896 logging_writer.py:48] [89400] global_step=89400, grad_norm=5.0673346519470215, loss=1.0222907066345215
I0831 16:12:55.220141 140462291654400 logging_writer.py:48] [89500] global_step=89500, grad_norm=4.917794704437256, loss=1.0454509258270264
I0831 16:13:22.340825 140462207792896 logging_writer.py:48] [89600] global_step=89600, grad_norm=5.3382568359375, loss=1.089584469795227
I0831 16:13:49.785715 140462291654400 logging_writer.py:48] [89700] global_step=89700, grad_norm=4.8083343505859375, loss=1.0991663932800293
I0831 16:14:16.918957 140462207792896 logging_writer.py:48] [89800] global_step=89800, grad_norm=5.218383312225342, loss=1.0366439819335938
I0831 16:14:44.071511 140462291654400 logging_writer.py:48] [89900] global_step=89900, grad_norm=4.818188667297363, loss=0.9921644926071167
I0831 16:15:11.293351 140462207792896 logging_writer.py:48] [90000] global_step=90000, grad_norm=5.021610736846924, loss=1.0244442224502563
I0831 16:15:38.451275 140462291654400 logging_writer.py:48] [90100] global_step=90100, grad_norm=4.8175554275512695, loss=1.0610618591308594
I0831 16:16:05.600199 140462207792896 logging_writer.py:48] [90200] global_step=90200, grad_norm=5.161630630493164, loss=1.1447056531906128
I0831 16:16:32.809495 140462291654400 logging_writer.py:48] [90300] global_step=90300, grad_norm=5.004881381988525, loss=1.0498486757278442
I0831 16:16:59.963400 140462207792896 logging_writer.py:48] [90400] global_step=90400, grad_norm=4.866598606109619, loss=1.0832184553146362
I0831 16:17:27.112154 140462291654400 logging_writer.py:48] [90500] global_step=90500, grad_norm=4.859375, loss=0.974939227104187
I0831 16:17:54.319310 140462207792896 logging_writer.py:48] [90600] global_step=90600, grad_norm=4.931149005889893, loss=1.0548481941223145
I0831 16:18:21.458143 140462291654400 logging_writer.py:48] [90700] global_step=90700, grad_norm=4.776697158813477, loss=1.0218379497528076
I0831 16:18:48.850522 140462207792896 logging_writer.py:48] [90800] global_step=90800, grad_norm=5.250412940979004, loss=1.1257505416870117
I0831 16:19:16.056849 140462291654400 logging_writer.py:48] [90900] global_step=90900, grad_norm=5.185441017150879, loss=1.107836127281189
I0831 16:19:43.216965 140462207792896 logging_writer.py:48] [91000] global_step=91000, grad_norm=4.939932346343994, loss=1.0587016344070435
I0831 16:20:10.357344 140462291654400 logging_writer.py:48] [91100] global_step=91100, grad_norm=4.819828510284424, loss=1.032155156135559
I0831 16:20:37.581303 140462207792896 logging_writer.py:48] [91200] global_step=91200, grad_norm=4.939154624938965, loss=0.9641773700714111
I0831 16:21:04.738502 140462291654400 logging_writer.py:48] [91300] global_step=91300, grad_norm=5.056154727935791, loss=1.0398766994476318
I0831 16:21:31.877462 140462207792896 logging_writer.py:48] [91400] global_step=91400, grad_norm=4.9779582023620605, loss=1.0471256971359253
I0831 16:21:59.106608 140462291654400 logging_writer.py:48] [91500] global_step=91500, grad_norm=5.169121742248535, loss=1.115097999572754
I0831 16:22:26.265974 140462207792896 logging_writer.py:48] [91600] global_step=91600, grad_norm=4.681024551391602, loss=1.0649073123931885
I0831 16:22:53.405616 140462291654400 logging_writer.py:48] [91700] global_step=91700, grad_norm=5.096673488616943, loss=1.1290011405944824
I0831 16:23:20.609972 140462207792896 logging_writer.py:48] [91800] global_step=91800, grad_norm=4.86850118637085, loss=0.9855281710624695
I0831 16:23:47.969150 140462291654400 logging_writer.py:48] [91900] global_step=91900, grad_norm=5.164760589599609, loss=1.125441312789917
I0831 16:24:15.094579 140462207792896 logging_writer.py:48] [92000] global_step=92000, grad_norm=4.840758323669434, loss=0.9856946468353271
I0831 16:24:42.286593 140462291654400 logging_writer.py:48] [92100] global_step=92100, grad_norm=5.013010025024414, loss=1.12363862991333
I0831 16:25:09.448120 140462207792896 logging_writer.py:48] [92200] global_step=92200, grad_norm=4.896224498748779, loss=1.048984408378601
I0831 16:25:36.564065 140462291654400 logging_writer.py:48] [92300] global_step=92300, grad_norm=4.991527557373047, loss=1.172895908355713
I0831 16:26:03.773501 140462207792896 logging_writer.py:48] [92400] global_step=92400, grad_norm=5.214746952056885, loss=1.034113883972168
I0831 16:26:30.888698 140462291654400 logging_writer.py:48] [92500] global_step=92500, grad_norm=4.787045478820801, loss=1.034144401550293
I0831 16:26:58.046241 140462207792896 logging_writer.py:48] [92600] global_step=92600, grad_norm=5.005835056304932, loss=1.073025107383728
I0831 16:27:25.257487 140462291654400 logging_writer.py:48] [92700] global_step=92700, grad_norm=4.922765731811523, loss=0.9844890832901001
I0831 16:27:52.415655 140462207792896 logging_writer.py:48] [92800] global_step=92800, grad_norm=4.429115295410156, loss=1.0079073905944824
I0831 16:28:19.551599 140462291654400 logging_writer.py:48] [92900] global_step=92900, grad_norm=5.14548397064209, loss=1.1472595930099487
I0831 16:28:47.008821 140462207792896 logging_writer.py:48] [93000] global_step=93000, grad_norm=4.8970794677734375, loss=0.9901389479637146
I0831 16:29:14.140476 140462291654400 logging_writer.py:48] [93100] global_step=93100, grad_norm=5.036914348602295, loss=1.1062043905258179
I0831 16:29:41.257766 140462207792896 logging_writer.py:48] [93200] global_step=93200, grad_norm=5.011218547821045, loss=1.013047456741333
I0831 16:30:08.457424 140462291654400 logging_writer.py:48] [93300] global_step=93300, grad_norm=4.794943809509277, loss=1.1009881496429443
I0831 16:30:35.601506 140462207792896 logging_writer.py:48] [93400] global_step=93400, grad_norm=4.894553184509277, loss=1.0569958686828613
I0831 16:31:02.728389 140462291654400 logging_writer.py:48] [93500] global_step=93500, grad_norm=5.044276714324951, loss=1.031606912612915
I0831 16:31:29.914551 140462207792896 logging_writer.py:48] [93600] global_step=93600, grad_norm=4.995568752288818, loss=1.0005443096160889
I0831 16:31:57.057391 140462291654400 logging_writer.py:48] [93700] global_step=93700, grad_norm=4.928337574005127, loss=1.0297882556915283
I0831 16:32:24.207545 140462207792896 logging_writer.py:48] [93800] global_step=93800, grad_norm=5.06362771987915, loss=1.0843534469604492
I0831 16:32:51.408195 140462291654400 logging_writer.py:48] [93900] global_step=93900, grad_norm=5.217005729675293, loss=1.1089762449264526
I0831 16:33:18.751950 140462207792896 logging_writer.py:48] [94000] global_step=94000, grad_norm=5.003041744232178, loss=1.0580289363861084
I0831 16:33:45.893544 140462291654400 logging_writer.py:48] [94100] global_step=94100, grad_norm=5.149652481079102, loss=1.1499342918395996
I0831 16:34:13.104323 140462207792896 logging_writer.py:48] [94200] global_step=94200, grad_norm=5.130496501922607, loss=1.0756165981292725
I0831 16:34:40.240749 140462291654400 logging_writer.py:48] [94300] global_step=94300, grad_norm=5.141345500946045, loss=1.089173436164856
I0831 16:35:07.390180 140462207792896 logging_writer.py:48] [94400] global_step=94400, grad_norm=4.663873195648193, loss=0.9440207481384277
I0831 16:35:34.612046 140462291654400 logging_writer.py:48] [94500] global_step=94500, grad_norm=5.062002182006836, loss=1.0581746101379395
I0831 16:36:01.724695 140462207792896 logging_writer.py:48] [94600] global_step=94600, grad_norm=5.026883602142334, loss=1.084574818611145
I0831 16:36:27.874607 140659750036672 spec.py:333] Evaluating on the training split.
I0831 16:36:35.168021 140659750036672 spec.py:346] Evaluating on the validation split.
I0831 16:36:44.205514 140659750036672 spec.py:363] Evaluating on the test split.
I0831 16:36:45.085255 140659750036672 submission_runner.py:516] Time since start: 26326.26s, 	Step: 94698, 	{'train/accuracy': Array(0.92386794, dtype=float32), 'train/loss': Array(0.27556, dtype=float32), 'validation/accuracy': Array(0.74774, dtype=float32), 'validation/loss': Array(1.0638627, dtype=float32), 'validation/num_examples': 50000, 'test/accuracy': Array(0.62390006, dtype=float32), 'test/loss': Array(1.803928, dtype=float32), 'test/num_examples': 10000, 'score': 26000.928428173065, 'total_duration': 26326.260948896408, 'accumulated_submission_time': 26000.928428173065, 'accumulated_eval_time': 323.49813055992126, 'accumulated_logging_time': 1.0380325317382812}
I0831 16:36:45.139284 140462291654400 logging_writer.py:48] [94698] accumulated_eval_time=323.498, accumulated_logging_time=1.03803, accumulated_submission_time=26000.9, global_step=94698, preemption_count=0, score=26000.9, test/accuracy=0.6239000558853149, test/loss=1.803928017616272, test/num_examples=10000, total_duration=26326.3, train/accuracy=0.92386794090271, train/loss=0.2755599915981293, validation/accuracy=0.7477399706840515, validation/loss=1.063862681388855, validation/num_examples=50000
I0831 16:36:46.109150 140462207792896 logging_writer.py:48] [94700] global_step=94700, grad_norm=4.693626880645752, loss=1.0532925128936768
I0831 16:37:13.461462 140462291654400 logging_writer.py:48] [94800] global_step=94800, grad_norm=4.879063606262207, loss=1.0160030126571655
I0831 16:37:40.604357 140462207792896 logging_writer.py:48] [94900] global_step=94900, grad_norm=5.000967502593994, loss=1.0718858242034912
I0831 16:38:07.745402 140462291654400 logging_writer.py:48] [95000] global_step=95000, grad_norm=4.774775981903076, loss=1.0043113231658936
I0831 16:38:35.178410 140462207792896 logging_writer.py:48] [95100] global_step=95100, grad_norm=5.064755916595459, loss=0.9909855127334595
I0831 16:39:02.340879 140462291654400 logging_writer.py:48] [95200] global_step=95200, grad_norm=5.0424699783325195, loss=1.0640532970428467
I0831 16:39:29.462306 140462207792896 logging_writer.py:48] [95300] global_step=95300, grad_norm=5.249161720275879, loss=1.056574821472168
I0831 16:39:56.645437 140462291654400 logging_writer.py:48] [95400] global_step=95400, grad_norm=4.9380903244018555, loss=1.0589238405227661
I0831 16:40:23.790142 140462207792896 logging_writer.py:48] [95500] global_step=95500, grad_norm=4.858255386352539, loss=1.0276727676391602
I0831 16:40:50.906157 140462291654400 logging_writer.py:48] [95600] global_step=95600, grad_norm=4.797016620635986, loss=0.9872702360153198
I0831 16:41:18.119009 140462207792896 logging_writer.py:48] [95700] global_step=95700, grad_norm=4.796022415161133, loss=0.9915856719017029
I0831 16:41:45.248172 140462291654400 logging_writer.py:48] [95800] global_step=95800, grad_norm=5.291432857513428, loss=1.0377278327941895
I0831 16:42:12.403145 140462207792896 logging_writer.py:48] [95900] global_step=95900, grad_norm=4.802250385284424, loss=0.9897311925888062
I0831 16:42:39.583899 140462291654400 logging_writer.py:48] [96000] global_step=96000, grad_norm=4.935360908508301, loss=1.0220088958740234
I0831 16:43:06.956920 140462207792896 logging_writer.py:48] [96100] global_step=96100, grad_norm=5.325441360473633, loss=1.0311238765716553
I0831 16:43:34.088780 140462291654400 logging_writer.py:48] [96200] global_step=96200, grad_norm=5.183315277099609, loss=1.049618124961853
I0831 16:44:01.257334 140462207792896 logging_writer.py:48] [96300] global_step=96300, grad_norm=4.870697021484375, loss=1.0344524383544922
I0831 16:44:28.364415 140462291654400 logging_writer.py:48] [96400] global_step=96400, grad_norm=5.040430545806885, loss=1.0631110668182373
I0831 16:44:55.507818 140462207792896 logging_writer.py:48] [96500] global_step=96500, grad_norm=4.8309102058410645, loss=1.0081449747085571
I0831 16:45:22.869040 140462291654400 logging_writer.py:48] [96600] global_step=96600, grad_norm=4.776351451873779, loss=0.9766185879707336
I0831 16:45:50.002841 140462207792896 logging_writer.py:48] [96700] global_step=96700, grad_norm=5.236298561096191, loss=1.1174023151397705
I0831 16:46:17.135259 140462291654400 logging_writer.py:48] [96800] global_step=96800, grad_norm=4.806175231933594, loss=0.9855413436889648
I0831 16:46:44.330199 140462207792896 logging_writer.py:48] [96900] global_step=96900, grad_norm=5.041355133056641, loss=1.0148332118988037
I0831 16:47:11.478715 140462291654400 logging_writer.py:48] [97000] global_step=97000, grad_norm=4.95532751083374, loss=1.0531220436096191
I0831 16:47:38.599319 140462207792896 logging_writer.py:48] [97100] global_step=97100, grad_norm=5.015015602111816, loss=1.0621381998062134
I0831 16:48:06.037150 140462291654400 logging_writer.py:48] [97200] global_step=97200, grad_norm=4.979625225067139, loss=1.049323320388794
I0831 16:48:33.182907 140462207792896 logging_writer.py:48] [97300] global_step=97300, grad_norm=4.83981990814209, loss=0.983441174030304
I0831 16:49:00.307317 140462291654400 logging_writer.py:48] [97400] global_step=97400, grad_norm=5.0100507736206055, loss=1.0584750175476074
I0831 16:49:27.543871 140462207792896 logging_writer.py:48] [97500] global_step=97500, grad_norm=4.880284309387207, loss=0.9604684114456177
I0831 16:49:54.665338 140462291654400 logging_writer.py:48] [97600] global_step=97600, grad_norm=5.33800745010376, loss=1.0673964023590088
I0831 16:50:21.797919 140462207792896 logging_writer.py:48] [97700] global_step=97700, grad_norm=5.18308162689209, loss=1.0756897926330566
I0831 16:50:49.001393 140462291654400 logging_writer.py:48] [97800] global_step=97800, grad_norm=5.10719633102417, loss=1.06125807762146
I0831 16:51:16.137428 140462207792896 logging_writer.py:48] [97900] global_step=97900, grad_norm=4.70042085647583, loss=0.9745508432388306
I0831 16:51:43.249206 140462291654400 logging_writer.py:48] [98000] global_step=98000, grad_norm=4.956940650939941, loss=1.0125585794448853
I0831 16:52:10.454811 140462207792896 logging_writer.py:48] [98100] global_step=98100, grad_norm=5.0980730056762695, loss=1.0574699640274048
I0831 16:52:37.836997 140462291654400 logging_writer.py:48] [98200] global_step=98200, grad_norm=5.088790416717529, loss=1.0867928266525269
I0831 16:53:04.944770 140462207792896 logging_writer.py:48] [98300] global_step=98300, grad_norm=4.759167671203613, loss=1.0208320617675781
I0831 16:53:32.140799 140462291654400 logging_writer.py:48] [98400] global_step=98400, grad_norm=4.6556715965271, loss=0.9473191499710083
I0831 16:53:59.274152 140462207792896 logging_writer.py:48] [98500] global_step=98500, grad_norm=4.935302257537842, loss=1.1145343780517578
I0831 16:54:26.391455 140462291654400 logging_writer.py:48] [98600] global_step=98600, grad_norm=4.811570167541504, loss=0.9742432236671448
I0831 16:54:53.594622 140462207792896 logging_writer.py:48] [98700] global_step=98700, grad_norm=4.968760013580322, loss=1.1077399253845215
I0831 16:55:20.749787 140462291654400 logging_writer.py:48] [98800] global_step=98800, grad_norm=5.053279876708984, loss=1.0617077350616455
I0831 16:55:47.862609 140462207792896 logging_writer.py:48] [98900] global_step=98900, grad_norm=5.211219310760498, loss=1.046743631362915
I0831 16:56:15.079314 140462291654400 logging_writer.py:48] [99000] global_step=99000, grad_norm=4.954123497009277, loss=1.00326669216156
I0831 16:56:42.203715 140462207792896 logging_writer.py:48] [99100] global_step=99100, grad_norm=5.07562255859375, loss=1.0120887756347656
I0831 16:57:09.353038 140462291654400 logging_writer.py:48] [99200] global_step=99200, grad_norm=5.284984111785889, loss=1.0593984127044678
I0831 16:57:36.764540 140462207792896 logging_writer.py:48] [99300] global_step=99300, grad_norm=4.817725658416748, loss=1.02742338180542
I0831 16:58:03.898365 140462291654400 logging_writer.py:48] [99400] global_step=99400, grad_norm=5.198250770568848, loss=1.1574572324752808
I0831 16:58:31.034865 140462207792896 logging_writer.py:48] [99500] global_step=99500, grad_norm=5.057433128356934, loss=1.0567950010299683
I0831 16:58:58.253478 140462291654400 logging_writer.py:48] [99600] global_step=99600, grad_norm=4.997857093811035, loss=1.0588295459747314
I0831 16:59:25.362139 140462207792896 logging_writer.py:48] [99700] global_step=99700, grad_norm=4.876481056213379, loss=1.0050923824310303
I0831 16:59:52.478974 140462291654400 logging_writer.py:48] [99800] global_step=99800, grad_norm=5.1738362312316895, loss=1.077665090560913
I0831 17:00:19.685299 140462207792896 logging_writer.py:48] [99900] global_step=99900, grad_norm=5.254868507385254, loss=1.0590457916259766
I0831 17:00:46.814943 140462291654400 logging_writer.py:48] [100000] global_step=100000, grad_norm=5.156538963317871, loss=1.1239815950393677
I0831 17:01:13.999451 140462207792896 logging_writer.py:48] [100100] global_step=100100, grad_norm=5.166530132293701, loss=1.0208284854888916
I0831 17:01:41.183329 140462291654400 logging_writer.py:48] [100200] global_step=100200, grad_norm=4.9408674240112305, loss=1.014465093612671
I0831 17:02:08.589393 140462207792896 logging_writer.py:48] [100300] global_step=100300, grad_norm=4.800274848937988, loss=0.9624548554420471
I0831 17:02:35.769239 140462291654400 logging_writer.py:48] [100400] global_step=100400, grad_norm=4.928806304931641, loss=1.0362461805343628
I0831 17:03:02.974946 140462207792896 logging_writer.py:48] [100500] global_step=100500, grad_norm=4.899048328399658, loss=1.0363547801971436
I0831 17:03:30.127040 140462291654400 logging_writer.py:48] [100600] global_step=100600, grad_norm=5.029213905334473, loss=1.0065749883651733
I0831 17:03:57.253608 140462207792896 logging_writer.py:48] [100700] global_step=100700, grad_norm=4.96403694152832, loss=0.9981410503387451
I0831 17:04:24.457445 140462291654400 logging_writer.py:48] [100800] global_step=100800, grad_norm=4.981239318847656, loss=1.0644645690917969
I0831 17:04:51.607629 140462207792896 logging_writer.py:48] [100900] global_step=100900, grad_norm=4.971870422363281, loss=1.040497899055481
I0831 17:05:18.739074 140462291654400 logging_writer.py:48] [101000] global_step=101000, grad_norm=4.823514938354492, loss=1.059802532196045
I0831 17:05:45.951379 140462207792896 logging_writer.py:48] [101100] global_step=101100, grad_norm=4.874724388122559, loss=1.0838130712509155
I0831 17:06:13.095160 140462291654400 logging_writer.py:48] [101200] global_step=101200, grad_norm=5.009035587310791, loss=1.0701756477355957
I0831 17:06:40.201687 140462207792896 logging_writer.py:48] [101300] global_step=101300, grad_norm=4.979429721832275, loss=1.1795549392700195
I0831 17:07:07.625720 140462291654400 logging_writer.py:48] [101400] global_step=101400, grad_norm=5.2694010734558105, loss=1.0464379787445068
I0831 17:07:34.786457 140462207792896 logging_writer.py:48] [101500] global_step=101500, grad_norm=4.92676305770874, loss=1.0811281204223633
I0831 17:08:01.904951 140462291654400 logging_writer.py:48] [101600] global_step=101600, grad_norm=5.163987636566162, loss=1.1679179668426514
I0831 17:08:29.140533 140462207792896 logging_writer.py:48] [101700] global_step=101700, grad_norm=5.066330432891846, loss=1.117128849029541
I0831 17:08:56.246093 140462291654400 logging_writer.py:48] [101800] global_step=101800, grad_norm=4.916522979736328, loss=1.0274510383605957
I0831 17:09:23.374877 140462207792896 logging_writer.py:48] [101900] global_step=101900, grad_norm=5.014157772064209, loss=1.112300157546997
I0831 17:09:50.562090 140462291654400 logging_writer.py:48] [102000] global_step=102000, grad_norm=4.947015285491943, loss=1.1072766780853271
I0831 17:10:01.282083 140659750036672 spec.py:333] Evaluating on the training split.
I0831 17:10:08.208855 140659750036672 spec.py:346] Evaluating on the validation split.
I0831 17:10:17.360839 140659750036672 spec.py:363] Evaluating on the test split.
I0831 17:10:18.247520 140659750036672 submission_runner.py:516] Time since start: 28339.42s, 	Step: 102041, 	{'train/accuracy': Array(0.92610013, dtype=float32), 'train/loss': Array(0.263924, dtype=float32), 'validation/accuracy': Array(0.74884, dtype=float32), 'validation/loss': Array(1.0614623, dtype=float32), 'validation/num_examples': 50000, 'test/accuracy': Array(0.62560004, dtype=float32), 'test/loss': Array(1.8158712, dtype=float32), 'test/num_examples': 10000, 'score': 27996.96565246582, 'total_duration': 28339.422913074493, 'accumulated_submission_time': 27996.96565246582, 'accumulated_eval_time': 340.46144580841064, 'accumulated_logging_time': 1.1386680603027344}
I0831 17:10:18.298198 140462207792896 logging_writer.py:48] [102041] accumulated_eval_time=340.461, accumulated_logging_time=1.13867, accumulated_submission_time=27997, global_step=102041, preemption_count=0, score=27997, test/accuracy=0.6256000399589539, test/loss=1.815871238708496, test/num_examples=10000, total_duration=28339.4, train/accuracy=0.9261001348495483, train/loss=0.2639240026473999, validation/accuracy=0.7488399744033813, validation/loss=1.0614622831344604, validation/num_examples=50000
I0831 17:10:34.747519 140462291654400 logging_writer.py:48] [102100] global_step=102100, grad_norm=5.194640159606934, loss=1.0292339324951172
I0831 17:11:01.912324 140462207792896 logging_writer.py:48] [102200] global_step=102200, grad_norm=4.505799770355225, loss=1.02686607837677
I0831 17:11:29.117628 140462291654400 logging_writer.py:48] [102300] global_step=102300, grad_norm=5.007357120513916, loss=1.1097944974899292
I0831 17:11:56.266842 140462207792896 logging_writer.py:48] [102400] global_step=102400, grad_norm=4.783303737640381, loss=1.0392441749572754
I0831 17:12:23.665950 140462291654400 logging_writer.py:48] [102500] global_step=102500, grad_norm=4.872734546661377, loss=0.9921414852142334
I0831 17:12:50.844650 140462207792896 logging_writer.py:48] [102600] global_step=102600, grad_norm=5.075994968414307, loss=1.1613836288452148
I0831 17:13:17.965412 140462291654400 logging_writer.py:48] [102700] global_step=102700, grad_norm=4.865532875061035, loss=0.9526028633117676
I0831 17:13:45.089545 140462207792896 logging_writer.py:48] [102800] global_step=102800, grad_norm=4.719111442565918, loss=1.0490633249282837
I0831 17:14:12.303377 140462291654400 logging_writer.py:48] [102900] global_step=102900, grad_norm=5.235545635223389, loss=1.0883257389068604
I0831 17:14:39.436825 140462207792896 logging_writer.py:48] [103000] global_step=103000, grad_norm=4.637126445770264, loss=0.9903701543807983
I0831 17:15:06.587292 140462291654400 logging_writer.py:48] [103100] global_step=103100, grad_norm=4.927246570587158, loss=1.0158581733703613
I0831 17:15:33.786654 140462207792896 logging_writer.py:48] [103200] global_step=103200, grad_norm=4.819151401519775, loss=0.9746272563934326
I0831 17:16:00.921820 140462291654400 logging_writer.py:48] [103300] global_step=103300, grad_norm=5.181046009063721, loss=1.007714867591858
I0831 17:16:28.023384 140462207792896 logging_writer.py:48] [103400] global_step=103400, grad_norm=5.090240001678467, loss=1.051032543182373
I0831 17:16:55.464096 140462291654400 logging_writer.py:48] [103500] global_step=103500, grad_norm=4.667335033416748, loss=0.9786435961723328
I0831 17:17:22.635556 140462207792896 logging_writer.py:48] [103600] global_step=103600, grad_norm=4.991156578063965, loss=1.1562021970748901
I0831 17:17:49.812985 140462291654400 logging_writer.py:48] [103700] global_step=103700, grad_norm=4.834035396575928, loss=1.0048906803131104
I0831 17:18:17.005521 140462207792896 logging_writer.py:48] [103800] global_step=103800, grad_norm=4.886865615844727, loss=1.0323644876480103
I0831 17:18:44.116787 140462291654400 logging_writer.py:48] [103900] global_step=103900, grad_norm=5.111143112182617, loss=1.031903624534607
I0831 17:19:11.242412 140462207792896 logging_writer.py:48] [104000] global_step=104000, grad_norm=5.121515274047852, loss=1.0809403657913208
I0831 17:19:38.426764 140462291654400 logging_writer.py:48] [104100] global_step=104100, grad_norm=5.078837871551514, loss=1.0866223573684692
I0831 17:20:05.561338 140462207792896 logging_writer.py:48] [104200] global_step=104200, grad_norm=4.878502368927002, loss=1.0404222011566162
I0831 17:20:32.680645 140462291654400 logging_writer.py:48] [104300] global_step=104300, grad_norm=4.860300540924072, loss=0.9979685544967651
I0831 17:20:59.882358 140462207792896 logging_writer.py:48] [104400] global_step=104400, grad_norm=4.99242639541626, loss=1.0561573505401611
I0831 17:21:27.018528 140462291654400 logging_writer.py:48] [104500] global_step=104500, grad_norm=4.977812767028809, loss=1.0323872566223145
I0831 17:21:54.396751 140462207792896 logging_writer.py:48] [104600] global_step=104600, grad_norm=4.967808246612549, loss=1.0720524787902832
I0831 17:22:21.607487 140462291654400 logging_writer.py:48] [104700] global_step=104700, grad_norm=4.823157787322998, loss=1.0309654474258423
I0831 17:22:48.770322 140462207792896 logging_writer.py:48] [104800] global_step=104800, grad_norm=4.807140827178955, loss=0.9666155576705933
I0831 17:23:15.912987 140462291654400 logging_writer.py:48] [104900] global_step=104900, grad_norm=5.0314788818359375, loss=1.1361863613128662
I0831 17:23:43.090359 140462207792896 logging_writer.py:48] [105000] global_step=105000, grad_norm=5.017558574676514, loss=1.0930137634277344
I0831 17:24:10.233392 140462291654400 logging_writer.py:48] [105100] global_step=105100, grad_norm=4.765532493591309, loss=0.921245813369751
I0831 17:24:37.363541 140462207792896 logging_writer.py:48] [105200] global_step=105200, grad_norm=4.807982921600342, loss=1.035590648651123
I0831 17:25:04.564896 140462291654400 logging_writer.py:48] [105300] global_step=105300, grad_norm=4.958456993103027, loss=1.0513955354690552
I0831 17:25:31.723584 140462207792896 logging_writer.py:48] [105400] global_step=105400, grad_norm=4.958673000335693, loss=1.0388975143432617
I0831 17:25:58.855403 140462291654400 logging_writer.py:48] [105500] global_step=105500, grad_norm=4.99260139465332, loss=1.1168696880340576
I0831 17:26:26.052479 140462207792896 logging_writer.py:48] [105600] global_step=105600, grad_norm=5.213581562042236, loss=1.0397772789001465
I0831 17:26:53.377607 140462291654400 logging_writer.py:48] [105700] global_step=105700, grad_norm=4.998309135437012, loss=1.094983458518982
I0831 17:27:20.520775 140462207792896 logging_writer.py:48] [105800] global_step=105800, grad_norm=4.999780178070068, loss=1.0302159786224365
I0831 17:27:47.709553 140462291654400 logging_writer.py:48] [105900] global_step=105900, grad_norm=5.054821968078613, loss=1.0754841566085815
I0831 17:28:14.850373 140462207792896 logging_writer.py:48] [106000] global_step=106000, grad_norm=5.218051910400391, loss=1.0089396238327026
I0831 17:28:41.977255 140462291654400 logging_writer.py:48] [106100] global_step=106100, grad_norm=4.951213359832764, loss=0.9678333401679993
I0831 17:29:09.185509 140462207792896 logging_writer.py:48] [106200] global_step=106200, grad_norm=4.724476337432861, loss=1.026360034942627
I0831 17:29:36.317423 140462291654400 logging_writer.py:48] [106300] global_step=106300, grad_norm=5.0774760246276855, loss=1.0413904190063477
I0831 17:30:03.473923 140462207792896 logging_writer.py:48] [106400] global_step=106400, grad_norm=4.756595134735107, loss=0.9894619584083557
I0831 17:30:30.694685 140462291654400 logging_writer.py:48] [106500] global_step=106500, grad_norm=5.214836597442627, loss=1.0083906650543213
I0831 17:30:57.825230 140462207792896 logging_writer.py:48] [106600] global_step=106600, grad_norm=5.118247032165527, loss=1.0497236251831055
I0831 17:31:24.950820 140462291654400 logging_writer.py:48] [106700] global_step=106700, grad_norm=4.711628437042236, loss=0.9605365991592407
I0831 17:31:52.391185 140462207792896 logging_writer.py:48] [106800] global_step=106800, grad_norm=4.794162750244141, loss=1.0743898153305054
I0831 17:32:19.541456 140462291654400 logging_writer.py:48] [106900] global_step=106900, grad_norm=4.751049518585205, loss=0.9680519104003906
I0831 17:32:46.660308 140462207792896 logging_writer.py:48] [107000] global_step=107000, grad_norm=5.108840465545654, loss=0.959273099899292
I0831 17:33:13.877080 140462291654400 logging_writer.py:48] [107100] global_step=107100, grad_norm=4.834384918212891, loss=0.9728933572769165
I0831 17:33:41.014424 140462207792896 logging_writer.py:48] [107200] global_step=107200, grad_norm=4.594396114349365, loss=0.9436824917793274
I0831 17:34:08.144736 140462291654400 logging_writer.py:48] [107300] global_step=107300, grad_norm=5.058049201965332, loss=1.004830002784729
I0831 17:34:35.343692 140462207792896 logging_writer.py:48] [107400] global_step=107400, grad_norm=5.0524067878723145, loss=0.9749428033828735
I0831 17:35:02.478272 140462291654400 logging_writer.py:48] [107500] global_step=107500, grad_norm=5.125331878662109, loss=1.0057857036590576
I0831 17:35:29.643676 140462207792896 logging_writer.py:48] [107600] global_step=107600, grad_norm=5.085574150085449, loss=1.1062045097351074
I0831 17:35:56.847878 140462291654400 logging_writer.py:48] [107700] global_step=107700, grad_norm=4.864752769470215, loss=1.0218298435211182
I0831 17:36:24.238192 140462207792896 logging_writer.py:48] [107800] global_step=107800, grad_norm=4.866130352020264, loss=0.9534983038902283
I0831 17:36:51.368727 140462291654400 logging_writer.py:48] [107900] global_step=107900, grad_norm=4.741833686828613, loss=1.0419350862503052
I0831 17:37:18.578632 140462207792896 logging_writer.py:48] [108000] global_step=108000, grad_norm=5.009776592254639, loss=1.113434076309204
I0831 17:37:45.712571 140462291654400 logging_writer.py:48] [108100] global_step=108100, grad_norm=4.988548278808594, loss=1.0677930116653442
I0831 17:38:12.843454 140462207792896 logging_writer.py:48] [108200] global_step=108200, grad_norm=4.7804741859436035, loss=1.0237528085708618
I0831 17:38:40.063431 140462291654400 logging_writer.py:48] [108300] global_step=108300, grad_norm=4.602092266082764, loss=0.9573655128479004
I0831 17:39:07.218791 140462207792896 logging_writer.py:48] [108400] global_step=108400, grad_norm=5.151592254638672, loss=1.0584150552749634
I0831 17:39:34.334255 140462291654400 logging_writer.py:48] [108500] global_step=108500, grad_norm=5.390037536621094, loss=1.126624345779419
I0831 17:40:01.544644 140462207792896 logging_writer.py:48] [108600] global_step=108600, grad_norm=5.1278157234191895, loss=1.0788651704788208
I0831 17:40:28.659284 140462291654400 logging_writer.py:48] [108700] global_step=108700, grad_norm=4.837026119232178, loss=1.0168812274932861
I0831 17:40:55.779689 140462207792896 logging_writer.py:48] [108800] global_step=108800, grad_norm=5.074102878570557, loss=0.9916492104530334
I0831 17:41:23.194958 140462291654400 logging_writer.py:48] [108900] global_step=108900, grad_norm=4.991849422454834, loss=0.9836401343345642
I0831 17:41:50.311203 140462207792896 logging_writer.py:48] [109000] global_step=109000, grad_norm=4.822633266448975, loss=0.9902591705322266
I0831 17:42:17.442381 140462291654400 logging_writer.py:48] [109100] global_step=109100, grad_norm=4.9695234298706055, loss=1.0588710308074951
I0831 17:42:44.635595 140462207792896 logging_writer.py:48] [109200] global_step=109200, grad_norm=4.868171215057373, loss=1.0034327507019043
I0831 17:43:11.758167 140462291654400 logging_writer.py:48] [109300] global_step=109300, grad_norm=4.713303565979004, loss=1.026906967163086
I0831 17:43:34.419709 140659750036672 spec.py:333] Evaluating on the training split.
I0831 17:43:40.796582 140659750036672 spec.py:346] Evaluating on the validation split.
I0831 17:43:50.089042 140659750036672 spec.py:363] Evaluating on the test split.
I0831 17:43:50.956459 140659750036672 submission_runner.py:516] Time since start: 30352.13s, 	Step: 109385, 	{'train/accuracy': Array(0.92875075, dtype=float32), 'train/loss': Array(0.25364253, dtype=float32), 'validation/accuracy': Array(0.74917996, dtype=float32), 'validation/loss': Array(1.0621685, dtype=float32), 'validation/num_examples': 50000, 'test/accuracy': Array(0.6247, dtype=float32), 'test/loss': Array(1.8259393, dtype=float32), 'test/num_examples': 10000, 'score': 29992.987577676773, 'total_duration': 30352.131969690323, 'accumulated_submission_time': 29992.987577676773, 'accumulated_eval_time': 356.9961848258972, 'accumulated_logging_time': 1.2308220863342285}
I0831 17:43:51.015804 140462207792896 logging_writer.py:48] [109385] accumulated_eval_time=356.996, accumulated_logging_time=1.23082, accumulated_submission_time=29993, global_step=109385, preemption_count=0, score=29993, test/accuracy=0.6247000098228455, test/loss=1.8259392976760864, test/num_examples=10000, total_duration=30352.1, train/accuracy=0.92875075340271, train/loss=0.2536425292491913, validation/accuracy=0.7491799592971802, validation/loss=1.0621684789657593, validation/num_examples=50000
I0831 17:43:55.458451 140462291654400 logging_writer.py:48] [109400] global_step=109400, grad_norm=5.2348313331604, loss=1.100180745124817
I0831 17:44:22.755216 140462207792896 logging_writer.py:48] [109500] global_step=109500, grad_norm=4.930593967437744, loss=1.1189113855361938
I0831 17:44:49.929155 140462291654400 logging_writer.py:48] [109600] global_step=109600, grad_norm=4.952072620391846, loss=1.0543146133422852
I0831 17:45:17.061769 140462207792896 logging_writer.py:48] [109700] global_step=109700, grad_norm=4.6407294273376465, loss=0.9559882879257202
I0831 17:45:44.244615 140462291654400 logging_writer.py:48] [109800] global_step=109800, grad_norm=5.113948822021484, loss=1.0318955183029175
I0831 17:46:11.588959 140462207792896 logging_writer.py:48] [109900] global_step=109900, grad_norm=4.765798091888428, loss=1.0029258728027344
I0831 17:46:38.720394 140462291654400 logging_writer.py:48] [110000] global_step=110000, grad_norm=4.617291450500488, loss=0.967522919178009
I0831 17:47:05.916826 140462207792896 logging_writer.py:48] [110100] global_step=110100, grad_norm=5.245910167694092, loss=1.129124402999878
I0831 17:47:33.030663 140462291654400 logging_writer.py:48] [110200] global_step=110200, grad_norm=5.056057929992676, loss=1.037756085395813
I0831 17:48:00.155939 140462207792896 logging_writer.py:48] [110300] global_step=110300, grad_norm=5.033859729766846, loss=1.05642569065094
I0831 17:48:27.347037 140462291654400 logging_writer.py:48] [110400] global_step=110400, grad_norm=4.794990539550781, loss=0.9899466037750244
I0831 17:48:54.459671 140462207792896 logging_writer.py:48] [110500] global_step=110500, grad_norm=5.125531196594238, loss=1.1509652137756348
I0831 17:49:21.589198 140462291654400 logging_writer.py:48] [110600] global_step=110600, grad_norm=4.733424663543701, loss=0.9854485988616943
I0831 17:49:48.759018 140462207792896 logging_writer.py:48] [110700] global_step=110700, grad_norm=4.972171783447266, loss=1.028668761253357
I0831 17:50:15.923690 140462291654400 logging_writer.py:48] [110800] global_step=110800, grad_norm=4.7240214347839355, loss=1.0347086191177368
I0831 17:50:43.060151 140462207792896 logging_writer.py:48] [110900] global_step=110900, grad_norm=4.869174480438232, loss=1.0984965562820435
I0831 17:51:10.453750 140462291654400 logging_writer.py:48] [111000] global_step=111000, grad_norm=5.132298946380615, loss=1.06745445728302
I0831 17:51:37.581410 140462207792896 logging_writer.py:48] [111100] global_step=111100, grad_norm=4.818721771240234, loss=1.0622485876083374
I0831 17:52:04.698608 140462291654400 logging_writer.py:48] [111200] global_step=111200, grad_norm=4.660581588745117, loss=1.0363316535949707
I0831 17:52:31.889219 140462207792896 logging_writer.py:48] [111300] global_step=111300, grad_norm=4.924393177032471, loss=1.0118135213851929
I0831 17:52:59.029268 140462291654400 logging_writer.py:48] [111400] global_step=111400, grad_norm=4.6164350509643555, loss=0.9029459357261658
I0831 17:53:26.130348 140462207792896 logging_writer.py:48] [111500] global_step=111500, grad_norm=4.723528861999512, loss=0.9464471340179443
I0831 17:53:53.333247 140462291654400 logging_writer.py:48] [111600] global_step=111600, grad_norm=4.776853084564209, loss=1.02729332447052
I0831 17:54:20.461332 140462207792896 logging_writer.py:48] [111700] global_step=111700, grad_norm=4.847368240356445, loss=0.9946446418762207
I0831 17:54:47.620876 140462291654400 logging_writer.py:48] [111800] global_step=111800, grad_norm=4.907256603240967, loss=0.9636017084121704
I0831 17:55:14.844494 140462207792896 logging_writer.py:48] [111900] global_step=111900, grad_norm=5.050285816192627, loss=1.0265753269195557
I0831 17:55:41.953633 140462291654400 logging_writer.py:48] [112000] global_step=112000, grad_norm=4.869489669799805, loss=0.9594745635986328
I0831 17:56:09.342247 140462207792896 logging_writer.py:48] [112100] global_step=112100, grad_norm=4.814338684082031, loss=0.9044790267944336
I0831 17:56:36.537792 140462291654400 logging_writer.py:48] [112200] global_step=112200, grad_norm=4.6746039390563965, loss=0.9967349171638489
I0831 17:57:03.664834 140462207792896 logging_writer.py:48] [112300] global_step=112300, grad_norm=4.903285503387451, loss=0.9686717987060547
I0831 17:57:30.771883 140462291654400 logging_writer.py:48] [112400] global_step=112400, grad_norm=4.722811698913574, loss=0.9718879461288452
I0831 17:57:57.960464 140462207792896 logging_writer.py:48] [112500] global_step=112500, grad_norm=5.48336935043335, loss=1.036401629447937
I0831 17:58:25.099525 140462291654400 logging_writer.py:48] [112600] global_step=112600, grad_norm=4.9437103271484375, loss=1.0585964918136597
I0831 17:58:52.225186 140462207792896 logging_writer.py:48] [112700] global_step=112700, grad_norm=4.9874958992004395, loss=0.9870588779449463
I0831 17:59:19.459472 140462291654400 logging_writer.py:48] [112800] global_step=112800, grad_norm=4.929352283477783, loss=0.9841917753219604
I0831 17:59:46.598329 140462207792896 logging_writer.py:48] [112900] global_step=112900, grad_norm=5.026012897491455, loss=1.0115678310394287
I0831 18:00:13.749101 140462291654400 logging_writer.py:48] [113000] global_step=113000, grad_norm=4.7503252029418945, loss=1.0415900945663452
I0831 18:00:41.151221 140462207792896 logging_writer.py:48] [113100] global_step=113100, grad_norm=5.075703144073486, loss=1.0444105863571167
I0831 18:01:08.299482 140462291654400 logging_writer.py:48] [113200] global_step=113200, grad_norm=5.126249313354492, loss=1.0597550868988037
I0831 18:01:35.414740 140462207792896 logging_writer.py:48] [113300] global_step=113300, grad_norm=4.64411735534668, loss=1.0029047727584839
I0831 18:02:02.626124 140462291654400 logging_writer.py:48] [113400] global_step=113400, grad_norm=4.862545013427734, loss=0.9639256596565247
I0831 18:02:29.746487 140462207792896 logging_writer.py:48] [113500] global_step=113500, grad_norm=5.033511638641357, loss=0.9984768629074097
I0831 18:02:56.882824 140462291654400 logging_writer.py:48] [113600] global_step=113600, grad_norm=5.020736217498779, loss=1.0135153532028198
I0831 18:03:24.080148 140462207792896 logging_writer.py:48] [113700] global_step=113700, grad_norm=4.870365142822266, loss=1.0113880634307861
I0831 18:03:51.265471 140462291654400 logging_writer.py:48] [113800] global_step=113800, grad_norm=5.060053825378418, loss=0.9979097247123718
I0831 18:04:18.402516 140462207792896 logging_writer.py:48] [113900] global_step=113900, grad_norm=4.44724178314209, loss=0.8935201168060303
I0831 18:04:45.573301 140462291654400 logging_writer.py:48] [114000] global_step=114000, grad_norm=4.915965557098389, loss=1.0460951328277588
I0831 18:05:12.691894 140462207792896 logging_writer.py:48] [114100] global_step=114100, grad_norm=5.042156219482422, loss=1.0298449993133545
I0831 18:05:40.049712 140462291654400 logging_writer.py:48] [114200] global_step=114200, grad_norm=4.825747489929199, loss=0.9783709049224854
I0831 18:06:07.229893 140462207792896 logging_writer.py:48] [114300] global_step=114300, grad_norm=4.850982666015625, loss=1.0407823324203491
I0831 18:06:34.347345 140462291654400 logging_writer.py:48] [114400] global_step=114400, grad_norm=4.737436771392822, loss=0.9647795557975769
I0831 18:07:01.470637 140462207792896 logging_writer.py:48] [114500] global_step=114500, grad_norm=4.80708122253418, loss=1.024256706237793
I0831 18:07:28.643766 140462291654400 logging_writer.py:48] [114600] global_step=114600, grad_norm=5.192071914672852, loss=1.0884548425674438
I0831 18:07:55.771061 140462207792896 logging_writer.py:48] [114700] global_step=114700, grad_norm=4.941633701324463, loss=0.9405542016029358
I0831 18:08:22.911675 140462291654400 logging_writer.py:48] [114800] global_step=114800, grad_norm=5.015111446380615, loss=1.0538872480392456
I0831 18:08:50.105256 140462207792896 logging_writer.py:48] [114900] global_step=114900, grad_norm=5.086458683013916, loss=0.9753001928329468
I0831 18:09:17.232752 140462291654400 logging_writer.py:48] [115000] global_step=115000, grad_norm=4.889427661895752, loss=0.9397754073143005
I0831 18:09:44.396610 140462207792896 logging_writer.py:48] [115100] global_step=115100, grad_norm=4.955015182495117, loss=1.0586707592010498
I0831 18:10:11.581874 140462291654400 logging_writer.py:48] [115200] global_step=115200, grad_norm=4.954550743103027, loss=0.9569666385650635
I0831 18:10:38.940376 140462207792896 logging_writer.py:48] [115300] global_step=115300, grad_norm=4.884578704833984, loss=1.0643097162246704
I0831 18:11:06.041926 140462291654400 logging_writer.py:48] [115400] global_step=115400, grad_norm=4.894836902618408, loss=0.9695751070976257
I0831 18:11:33.231553 140462207792896 logging_writer.py:48] [115500] global_step=115500, grad_norm=5.12708044052124, loss=1.017775535583496
I0831 18:12:00.358731 140462291654400 logging_writer.py:48] [115600] global_step=115600, grad_norm=4.726414203643799, loss=1.0506479740142822
I0831 18:12:27.486851 140462207792896 logging_writer.py:48] [115700] global_step=115700, grad_norm=5.102452278137207, loss=1.111606240272522
I0831 18:12:54.691140 140462291654400 logging_writer.py:48] [115800] global_step=115800, grad_norm=4.768645763397217, loss=0.9927196502685547
I0831 18:13:21.827167 140462207792896 logging_writer.py:48] [115900] global_step=115900, grad_norm=4.824051380157471, loss=0.9528430700302124
I0831 18:13:48.946635 140462291654400 logging_writer.py:48] [116000] global_step=116000, grad_norm=5.006685256958008, loss=1.04258131980896
I0831 18:14:16.138865 140462207792896 logging_writer.py:48] [116100] global_step=116100, grad_norm=5.072755813598633, loss=1.0347421169281006
I0831 18:14:43.273213 140462291654400 logging_writer.py:48] [116200] global_step=116200, grad_norm=4.892188549041748, loss=1.0289825201034546
I0831 18:15:10.391015 140462207792896 logging_writer.py:48] [116300] global_step=116300, grad_norm=5.1061320304870605, loss=1.048293948173523
I0831 18:15:37.845779 140462291654400 logging_writer.py:48] [116400] global_step=116400, grad_norm=4.726328372955322, loss=0.9641531109809875
I0831 18:16:04.964305 140462207792896 logging_writer.py:48] [116500] global_step=116500, grad_norm=5.116252899169922, loss=1.0062456130981445
I0831 18:16:32.095300 140462291654400 logging_writer.py:48] [116600] global_step=116600, grad_norm=5.018049716949463, loss=0.9801557064056396
I0831 18:16:59.323729 140462207792896 logging_writer.py:48] [116700] global_step=116700, grad_norm=4.790430545806885, loss=0.9435322880744934
I0831 18:17:07.056774 140659750036672 spec.py:333] Evaluating on the training split.
I0831 18:17:13.462018 140659750036672 spec.py:346] Evaluating on the validation split.
I0831 18:17:22.634654 140659750036672 spec.py:363] Evaluating on the test split.
I0831 18:17:23.516817 140659750036672 submission_runner.py:516] Time since start: 32364.69s, 	Step: 116730, 	{'train/accuracy': Array(0.9323382, dtype=float32), 'train/loss': Array(0.23542856, dtype=float32), 'validation/accuracy': Array(0.75158, dtype=float32), 'validation/loss': Array(1.0637244, dtype=float32), 'validation/num_examples': 50000, 'test/accuracy': Array(0.62320006, dtype=float32), 'test/loss': Array(1.8310074, dtype=float32), 'test/num_examples': 10000, 'score': 31988.944032669067, 'total_duration': 32364.69255375862, 'accumulated_submission_time': 31988.944032669067, 'accumulated_eval_time': 373.45445227622986, 'accumulated_logging_time': 1.3163821697235107}
I0831 18:17:23.572537 140462291654400 logging_writer.py:48] [116730] accumulated_eval_time=373.454, accumulated_logging_time=1.31638, accumulated_submission_time=31988.9, global_step=116730, preemption_count=0, score=31988.9, test/accuracy=0.6232000589370728, test/loss=1.8310073614120483, test/num_examples=10000, total_duration=32364.7, train/accuracy=0.9323381781578064, train/loss=0.2354285567998886, validation/accuracy=0.751579999923706, validation/loss=1.063724398612976, validation/num_examples=50000
I0831 18:17:43.061893 140462207792896 logging_writer.py:48] [116800] global_step=116800, grad_norm=5.058164119720459, loss=1.1141021251678467
I0831 18:18:10.201099 140462291654400 logging_writer.py:48] [116900] global_step=116900, grad_norm=4.602115631103516, loss=0.8961552381515503
I0831 18:18:37.400765 140462207792896 logging_writer.py:48] [117000] global_step=117000, grad_norm=4.886359691619873, loss=1.0001276731491089
I0831 18:19:04.533174 140462291654400 logging_writer.py:48] [117100] global_step=117100, grad_norm=4.85435676574707, loss=0.9666292667388916
I0831 18:19:31.661381 140462207792896 logging_writer.py:48] [117200] global_step=117200, grad_norm=4.9128618240356445, loss=1.0565216541290283
I0831 18:19:58.850826 140462291654400 logging_writer.py:48] [117300] global_step=117300, grad_norm=5.048862457275391, loss=0.9992228746414185
I0831 18:20:26.201205 140462207792896 logging_writer.py:48] [117400] global_step=117400, grad_norm=5.0836663246154785, loss=1.0276873111724854
I0831 18:20:53.333193 140462291654400 logging_writer.py:48] [117500] global_step=117500, grad_norm=4.797100067138672, loss=1.0006670951843262
I0831 18:21:20.526432 140462207792896 logging_writer.py:48] [117600] global_step=117600, grad_norm=5.013663291931152, loss=1.0083142518997192
I0831 18:21:47.636953 140462291654400 logging_writer.py:48] [117700] global_step=117700, grad_norm=5.114383697509766, loss=1.0651369094848633
I0831 18:22:14.756113 140462207792896 logging_writer.py:48] [117800] global_step=117800, grad_norm=5.075742244720459, loss=1.0506207942962646
I0831 18:22:41.972548 140462291654400 logging_writer.py:48] [117900] global_step=117900, grad_norm=4.777499198913574, loss=0.9389281868934631
I0831 18:23:09.121435 140462207792896 logging_writer.py:48] [118000] global_step=118000, grad_norm=5.148336887359619, loss=0.9814031720161438
I0831 18:23:36.287013 140462291654400 logging_writer.py:48] [118100] global_step=118100, grad_norm=4.970338344573975, loss=1.0472642183303833
I0831 18:24:03.486158 140462207792896 logging_writer.py:48] [118200] global_step=118200, grad_norm=5.108377456665039, loss=1.1723076105117798
I0831 18:24:30.637889 140462291654400 logging_writer.py:48] [118300] global_step=118300, grad_norm=4.800948619842529, loss=0.9654536247253418
I0831 18:24:57.764885 140462207792896 logging_writer.py:48] [118400] global_step=118400, grad_norm=5.000363826751709, loss=1.0014458894729614
I0831 18:25:25.223495 140462291654400 logging_writer.py:48] [118500] global_step=118500, grad_norm=5.206971645355225, loss=1.0721126794815063
I0831 18:25:52.362612 140462207792896 logging_writer.py:48] [118600] global_step=118600, grad_norm=4.5182576179504395, loss=0.8723965883255005
I0831 18:26:19.502624 140462291654400 logging_writer.py:48] [118700] global_step=118700, grad_norm=4.7357330322265625, loss=0.9893472194671631
I0831 18:26:46.733748 140462207792896 logging_writer.py:48] [118800] global_step=118800, grad_norm=5.046602725982666, loss=1.0019222497940063
I0831 18:27:13.868820 140462291654400 logging_writer.py:48] [118900] global_step=118900, grad_norm=4.974422454833984, loss=0.9600452184677124
I0831 18:27:41.013953 140462207792896 logging_writer.py:48] [119000] global_step=119000, grad_norm=5.0243706703186035, loss=1.0479531288146973
I0831 18:28:08.213048 140462291654400 logging_writer.py:48] [119100] global_step=119100, grad_norm=4.823195934295654, loss=1.0052921772003174
I0831 18:28:35.325400 140462207792896 logging_writer.py:48] [119200] global_step=119200, grad_norm=4.728658676147461, loss=0.9682378172874451
I0831 18:29:02.468082 140462291654400 logging_writer.py:48] [119300] global_step=119300, grad_norm=5.077601432800293, loss=1.0624881982803345
I0831 18:29:29.649986 140462207792896 logging_writer.py:48] [119400] global_step=119400, grad_norm=4.881599426269531, loss=1.0165334939956665
I0831 18:29:57.028962 140462291654400 logging_writer.py:48] [119500] global_step=119500, grad_norm=5.049523830413818, loss=1.0844212770462036
I0831 18:30:24.147668 140462207792896 logging_writer.py:48] [119600] global_step=119600, grad_norm=4.885377883911133, loss=0.9741007089614868
I0831 18:30:51.325977 140462291654400 logging_writer.py:48] [119700] global_step=119700, grad_norm=4.723869800567627, loss=0.9625809192657471
I0831 18:31:18.444834 140462207792896 logging_writer.py:48] [119800] global_step=119800, grad_norm=4.6406755447387695, loss=0.932768702507019
I0831 18:31:45.549969 140462291654400 logging_writer.py:48] [119900] global_step=119900, grad_norm=4.854034900665283, loss=1.0233194828033447
I0831 18:32:12.748756 140462207792896 logging_writer.py:48] [120000] global_step=120000, grad_norm=4.93853759765625, loss=1.0610573291778564
I0831 18:32:39.874849 140462291654400 logging_writer.py:48] [120100] global_step=120100, grad_norm=4.448482513427734, loss=0.9229467511177063
I0831 18:33:07.004144 140462207792896 logging_writer.py:48] [120200] global_step=120200, grad_norm=5.070688724517822, loss=1.0384318828582764
I0831 18:33:34.229561 140462291654400 logging_writer.py:48] [120300] global_step=120300, grad_norm=4.839802265167236, loss=1.044087290763855
I0831 18:34:01.379346 140462207792896 logging_writer.py:48] [120400] global_step=120400, grad_norm=5.240930080413818, loss=1.1075561046600342
I0831 18:34:28.526514 140462291654400 logging_writer.py:48] [120500] global_step=120500, grad_norm=4.813675880432129, loss=1.0089457035064697
I0831 18:34:55.948564 140462207792896 logging_writer.py:48] [120600] global_step=120600, grad_norm=4.805734634399414, loss=1.0223191976547241
I0831 18:35:23.087695 140462291654400 logging_writer.py:48] [120700] global_step=120700, grad_norm=4.912923336029053, loss=0.9996052980422974
I0831 18:35:50.244693 140462207792896 logging_writer.py:48] [120800] global_step=120800, grad_norm=4.797335624694824, loss=0.9476337432861328
I0831 18:36:17.439042 140462291654400 logging_writer.py:48] [120900] global_step=120900, grad_norm=4.851179599761963, loss=0.959784984588623
I0831 18:36:44.577270 140462207792896 logging_writer.py:48] [121000] global_step=121000, grad_norm=4.582058906555176, loss=0.9240178465843201
I0831 18:37:11.723982 140462291654400 logging_writer.py:48] [121100] global_step=121100, grad_norm=4.771092891693115, loss=0.955331563949585
I0831 18:37:38.952239 140462207792896 logging_writer.py:48] [121200] global_step=121200, grad_norm=4.553656101226807, loss=0.8787550926208496
I0831 18:38:06.057974 140462291654400 logging_writer.py:48] [121300] global_step=121300, grad_norm=5.071834087371826, loss=1.0178806781768799
I0831 18:38:33.219517 140462207792896 logging_writer.py:48] [121400] global_step=121400, grad_norm=4.5512847900390625, loss=0.9243761897087097
I0831 18:39:00.422232 140462291654400 logging_writer.py:48] [121500] global_step=121500, grad_norm=4.6898651123046875, loss=0.9188967943191528
I0831 18:39:27.811151 140462207792896 logging_writer.py:48] [121600] global_step=121600, grad_norm=5.013453483581543, loss=1.0483176708221436
I0831 18:39:54.970608 140462291654400 logging_writer.py:48] [121700] global_step=121700, grad_norm=4.99608850479126, loss=0.9939717054367065
I0831 18:40:22.202000 140462207792896 logging_writer.py:48] [121800] global_step=121800, grad_norm=4.7887749671936035, loss=0.9667272567749023
I0831 18:40:49.329799 140462291654400 logging_writer.py:48] [121900] global_step=121900, grad_norm=5.182550430297852, loss=1.165998101234436
I0831 18:41:16.444746 140462207792896 logging_writer.py:48] [122000] global_step=122000, grad_norm=4.992772102355957, loss=0.9730014204978943
I0831 18:41:43.648191 140462291654400 logging_writer.py:48] [122100] global_step=122100, grad_norm=4.868677139282227, loss=0.9751788377761841
I0831 18:42:10.799826 140462207792896 logging_writer.py:48] [122200] global_step=122200, grad_norm=4.906267166137695, loss=1.018440842628479
I0831 18:42:37.948528 140462291654400 logging_writer.py:48] [122300] global_step=122300, grad_norm=4.791965961456299, loss=1.0067616701126099
I0831 18:43:05.143853 140462207792896 logging_writer.py:48] [122400] global_step=122400, grad_norm=4.8009233474731445, loss=1.0279536247253418
I0831 18:43:32.272264 140462291654400 logging_writer.py:48] [122500] global_step=122500, grad_norm=4.578644275665283, loss=0.9688810706138611
I0831 18:43:59.413134 140462207792896 logging_writer.py:48] [122600] global_step=122600, grad_norm=4.831005096435547, loss=0.9854665994644165
I0831 18:44:26.822414 140462291654400 logging_writer.py:48] [122700] global_step=122700, grad_norm=5.316127777099609, loss=1.036868929862976
I0831 18:44:54.011192 140462207792896 logging_writer.py:48] [122800] global_step=122800, grad_norm=4.913704872131348, loss=1.0041658878326416
I0831 18:45:21.137297 140462291654400 logging_writer.py:48] [122900] global_step=122900, grad_norm=4.830339431762695, loss=1.0465507507324219
I0831 18:45:48.350311 140462207792896 logging_writer.py:48] [123000] global_step=123000, grad_norm=4.998183250427246, loss=1.0761563777923584
I0831 18:46:15.504659 140462291654400 logging_writer.py:48] [123100] global_step=123100, grad_norm=4.575785160064697, loss=0.9318074584007263
I0831 18:46:42.641149 140462207792896 logging_writer.py:48] [123200] global_step=123200, grad_norm=4.792347431182861, loss=1.003838062286377
I0831 18:47:09.854095 140462291654400 logging_writer.py:48] [123300] global_step=123300, grad_norm=5.0051493644714355, loss=1.0165058374404907
I0831 18:47:36.994924 140462207792896 logging_writer.py:48] [123400] global_step=123400, grad_norm=5.071453094482422, loss=1.0671257972717285
I0831 18:48:04.129349 140462291654400 logging_writer.py:48] [123500] global_step=123500, grad_norm=4.932889461517334, loss=1.0281145572662354
I0831 18:48:31.330734 140462207792896 logging_writer.py:48] [123600] global_step=123600, grad_norm=5.0653204917907715, loss=0.9843783378601074
I0831 18:48:58.686822 140462291654400 logging_writer.py:48] [123700] global_step=123700, grad_norm=4.647601127624512, loss=1.0230827331542969
I0831 18:49:25.860027 140462207792896 logging_writer.py:48] [123800] global_step=123800, grad_norm=4.587740898132324, loss=0.8665546774864197
I0831 18:49:53.053067 140462291654400 logging_writer.py:48] [123900] global_step=123900, grad_norm=4.729403495788574, loss=0.9145935773849487
I0831 18:50:20.195735 140462207792896 logging_writer.py:48] [124000] global_step=124000, grad_norm=5.089610576629639, loss=1.121161699295044
I0831 18:50:39.596826 140659750036672 spec.py:333] Evaluating on the training split.
I0831 18:50:45.806874 140659750036672 spec.py:346] Evaluating on the validation split.
I0831 18:50:55.226302 140659750036672 spec.py:363] Evaluating on the test split.
I0831 18:50:56.119573 140659750036672 submission_runner.py:516] Time since start: 34377.30s, 	Step: 124073, 	{'train/accuracy': Array(0.9353077, dtype=float32), 'train/loss': Array(0.22499812, dtype=float32), 'validation/accuracy': Array(0.75262, dtype=float32), 'validation/loss': Array(1.0646015, dtype=float32), 'validation/num_examples': 50000, 'test/accuracy': Array(0.6204, dtype=float32), 'test/loss': Array(1.841354, dtype=float32), 'test/num_examples': 10000, 'score': 33984.88090109825, 'total_duration': 34377.29505729675, 'accumulated_submission_time': 33984.88090109825, 'accumulated_eval_time': 389.97516417503357, 'accumulated_logging_time': 1.4011025428771973}
I0831 18:50:56.200026 140462291654400 logging_writer.py:48] [124073] accumulated_eval_time=389.975, accumulated_logging_time=1.4011, accumulated_submission_time=33984.9, global_step=124073, preemption_count=0, score=33984.9, test/accuracy=0.6204000115394592, test/loss=1.8413540124893188, test/num_examples=10000, total_duration=34377.3, train/accuracy=0.9353076815605164, train/loss=0.2249981164932251, validation/accuracy=0.7526199817657471, validation/loss=1.0646015405654907, validation/num_examples=50000
I0831 18:51:03.911171 140462207792896 logging_writer.py:48] [124100] global_step=124100, grad_norm=4.904119968414307, loss=1.0710865259170532
I0831 18:51:31.084819 140462291654400 logging_writer.py:48] [124200] global_step=124200, grad_norm=5.013574123382568, loss=1.0300567150115967
I0831 18:51:58.241670 140462207792896 logging_writer.py:48] [124300] global_step=124300, grad_norm=5.103557109832764, loss=1.0337011814117432
I0831 18:52:25.397814 140462291654400 logging_writer.py:48] [124400] global_step=124400, grad_norm=4.72796106338501, loss=0.9825449585914612
I0831 18:52:52.622317 140462207792896 logging_writer.py:48] [124500] global_step=124500, grad_norm=4.842215538024902, loss=1.0115368366241455
I0831 18:53:19.761790 140462291654400 logging_writer.py:48] [124600] global_step=124600, grad_norm=4.6935272216796875, loss=0.9507580399513245
I0831 18:53:46.885830 140462207792896 logging_writer.py:48] [124700] global_step=124700, grad_norm=5.043552875518799, loss=1.044607400894165
I0831 18:54:14.347078 140462291654400 logging_writer.py:48] [124800] global_step=124800, grad_norm=4.601502418518066, loss=0.9795895218849182
I0831 18:54:41.531608 140462207792896 logging_writer.py:48] [124900] global_step=124900, grad_norm=5.110959053039551, loss=1.0955064296722412
I0831 18:55:08.667826 140462291654400 logging_writer.py:48] [125000] global_step=125000, grad_norm=4.5604023933410645, loss=0.8917099237442017
I0831 18:55:35.851816 140462207792896 logging_writer.py:48] [125100] global_step=125100, grad_norm=5.1112260818481445, loss=1.052515983581543
I0831 18:56:03.015535 140462291654400 logging_writer.py:48] [125200] global_step=125200, grad_norm=4.754487991333008, loss=0.988122284412384
I0831 18:56:30.162299 140462207792896 logging_writer.py:48] [125300] global_step=125300, grad_norm=5.047730922698975, loss=1.006106972694397
I0831 18:56:57.347147 140462291654400 logging_writer.py:48] [125400] global_step=125400, grad_norm=4.849312782287598, loss=0.9701749682426453
I0831 18:57:24.465829 140462207792896 logging_writer.py:48] [125500] global_step=125500, grad_norm=4.91546106338501, loss=0.9795525074005127
I0831 18:57:51.629070 140462291654400 logging_writer.py:48] [125600] global_step=125600, grad_norm=4.918391704559326, loss=0.9865906238555908
I0831 18:58:18.822149 140462207792896 logging_writer.py:48] [125700] global_step=125700, grad_norm=4.707231521606445, loss=0.9020818471908569
I0831 18:58:45.939081 140462291654400 logging_writer.py:48] [125800] global_step=125800, grad_norm=4.577415466308594, loss=0.919074535369873
I0831 18:59:13.314783 140462207792896 logging_writer.py:48] [125900] global_step=125900, grad_norm=4.921111583709717, loss=0.9801174402236938
I0831 18:59:40.534367 140462291654400 logging_writer.py:48] [126000] global_step=126000, grad_norm=4.858335018157959, loss=0.9574331045150757
I0831 19:00:07.656168 140462207792896 logging_writer.py:48] [126100] global_step=126100, grad_norm=4.9719953536987305, loss=1.0022038221359253
I0831 19:00:34.794416 140462291654400 logging_writer.py:48] [126200] global_step=126200, grad_norm=4.838680267333984, loss=0.9495887756347656
I0831 19:01:02.003033 140462207792896 logging_writer.py:48] [126300] global_step=126300, grad_norm=4.937734603881836, loss=1.0443426370620728
I0831 19:01:29.130965 140462291654400 logging_writer.py:48] [126400] global_step=126400, grad_norm=4.927275657653809, loss=1.0065414905548096
I0831 19:01:56.307336 140462207792896 logging_writer.py:48] [126500] global_step=126500, grad_norm=5.108245372772217, loss=1.0423998832702637
I0831 19:02:23.495838 140462291654400 logging_writer.py:48] [126600] global_step=126600, grad_norm=5.1056060791015625, loss=1.0658725500106812
I0831 19:02:50.646084 140462207792896 logging_writer.py:48] [126700] global_step=126700, grad_norm=5.036767482757568, loss=1.0083175897598267
I0831 19:03:17.836750 140462291654400 logging_writer.py:48] [126800] global_step=126800, grad_norm=4.4392781257629395, loss=0.8948415517807007
I0831 19:03:45.257914 140462207792896 logging_writer.py:48] [126900] global_step=126900, grad_norm=4.8815460205078125, loss=0.9459068179130554
I0831 19:04:12.376321 140462291654400 logging_writer.py:48] [127000] global_step=127000, grad_norm=5.155577659606934, loss=1.0249789953231812
I0831 19:04:39.546157 140462207792896 logging_writer.py:48] [127100] global_step=127100, grad_norm=4.884428977966309, loss=1.0642575025558472
I0831 19:05:06.758373 140462291654400 logging_writer.py:48] [127200] global_step=127200, grad_norm=4.806020736694336, loss=1.0288459062576294
I0831 19:05:33.901215 140462207792896 logging_writer.py:48] [127300] global_step=127300, grad_norm=4.872886657714844, loss=1.0134962797164917
I0831 19:06:01.052794 140462291654400 logging_writer.py:48] [127400] global_step=127400, grad_norm=5.027369499206543, loss=1.0318619012832642
I0831 19:06:28.265936 140462207792896 logging_writer.py:48] [127500] global_step=127500, grad_norm=4.590577125549316, loss=0.9203292727470398
I0831 19:06:55.421501 140462291654400 logging_writer.py:48] [127600] global_step=127600, grad_norm=5.278386116027832, loss=1.0394244194030762
I0831 19:07:22.559993 140462207792896 logging_writer.py:48] [127700] global_step=127700, grad_norm=5.157871723175049, loss=1.076653242111206
I0831 19:07:49.743436 140462291654400 logging_writer.py:48] [127800] global_step=127800, grad_norm=4.806427478790283, loss=1.0104268789291382
I0831 19:08:16.890180 140462207792896 logging_writer.py:48] [127900] global_step=127900, grad_norm=4.669752597808838, loss=0.9074390530586243
I0831 19:08:44.259920 140462291654400 logging_writer.py:48] [128000] global_step=128000, grad_norm=4.722379207611084, loss=0.9568477869033813
I0831 19:09:11.454045 140462207792896 logging_writer.py:48] [128100] global_step=128100, grad_norm=5.040907382965088, loss=1.0083115100860596
I0831 19:09:38.593007 140462291654400 logging_writer.py:48] [128200] global_step=128200, grad_norm=4.9026336669921875, loss=0.9492679238319397
I0831 19:10:05.731705 140462207792896 logging_writer.py:48] [128300] global_step=128300, grad_norm=4.72209358215332, loss=0.9167138338088989
I0831 19:10:32.957316 140462291654400 logging_writer.py:48] [128400] global_step=128400, grad_norm=4.942287921905518, loss=0.9436628818511963
I0831 19:11:00.108513 140462207792896 logging_writer.py:48] [128500] global_step=128500, grad_norm=4.870534420013428, loss=0.9054669141769409
I0831 19:11:27.234295 140462291654400 logging_writer.py:48] [128600] global_step=128600, grad_norm=5.337985515594482, loss=1.059817910194397
I0831 19:11:54.443041 140462207792896 logging_writer.py:48] [128700] global_step=128700, grad_norm=4.894642353057861, loss=1.009624719619751
I0831 19:12:21.580345 140462291654400 logging_writer.py:48] [128800] global_step=128800, grad_norm=5.057863235473633, loss=1.0513979196548462
I0831 19:12:48.735001 140462207792896 logging_writer.py:48] [128900] global_step=128900, grad_norm=5.086897850036621, loss=1.036156177520752
I0831 19:13:15.936834 140462291654400 logging_writer.py:48] [129000] global_step=129000, grad_norm=4.848765850067139, loss=0.9480619430541992
I0831 19:13:43.278722 140462207792896 logging_writer.py:48] [129100] global_step=129100, grad_norm=5.121601581573486, loss=1.0108648538589478
I0831 19:14:10.418360 140462291654400 logging_writer.py:48] [129200] global_step=129200, grad_norm=4.956387519836426, loss=0.980854332447052
I0831 19:14:37.642588 140462207792896 logging_writer.py:48] [129300] global_step=129300, grad_norm=4.840982913970947, loss=0.9268102645874023
I0831 19:15:04.782050 140462291654400 logging_writer.py:48] [129400] global_step=129400, grad_norm=4.6216816902160645, loss=0.9635359048843384
I0831 19:15:31.918240 140462207792896 logging_writer.py:48] [129500] global_step=129500, grad_norm=4.726377964019775, loss=0.9992663264274597
I0831 19:15:59.127114 140462291654400 logging_writer.py:48] [129600] global_step=129600, grad_norm=4.918759822845459, loss=1.0646185874938965
I0831 19:16:26.265179 140462207792896 logging_writer.py:48] [129700] global_step=129700, grad_norm=5.06077766418457, loss=1.0052297115325928
I0831 19:16:53.385207 140462291654400 logging_writer.py:48] [129800] global_step=129800, grad_norm=4.991241931915283, loss=1.0191779136657715
I0831 19:17:20.580752 140462207792896 logging_writer.py:48] [129900] global_step=129900, grad_norm=4.792139530181885, loss=0.9640012383460999
I0831 19:17:47.722842 140462291654400 logging_writer.py:48] [130000] global_step=130000, grad_norm=5.175104141235352, loss=1.0370745658874512
I0831 19:18:15.069711 140462207792896 logging_writer.py:48] [130100] global_step=130100, grad_norm=4.886310577392578, loss=1.015156865119934
I0831 19:18:42.267400 140462291654400 logging_writer.py:48] [130200] global_step=130200, grad_norm=4.42291259765625, loss=0.8750790357589722
I0831 19:19:09.388000 140462207792896 logging_writer.py:48] [130300] global_step=130300, grad_norm=4.977358341217041, loss=0.9982320666313171
I0831 19:19:36.517823 140462291654400 logging_writer.py:48] [130400] global_step=130400, grad_norm=5.193551540374756, loss=0.9897265434265137
I0831 19:20:03.733483 140462207792896 logging_writer.py:48] [130500] global_step=130500, grad_norm=4.715762615203857, loss=0.9419952630996704
I0831 19:20:30.861227 140462291654400 logging_writer.py:48] [130600] global_step=130600, grad_norm=4.887787818908691, loss=0.949242115020752
I0831 19:20:57.999439 140462207792896 logging_writer.py:48] [130700] global_step=130700, grad_norm=4.794997692108154, loss=0.9541128873825073
I0831 19:21:25.217416 140462291654400 logging_writer.py:48] [130800] global_step=130800, grad_norm=4.9515252113342285, loss=0.890883207321167
I0831 19:21:52.330173 140462207792896 logging_writer.py:48] [130900] global_step=130900, grad_norm=4.670994758605957, loss=0.9170784950256348
I0831 19:22:19.445137 140462291654400 logging_writer.py:48] [131000] global_step=131000, grad_norm=5.037604331970215, loss=0.9877687096595764
I0831 19:22:46.643815 140462207792896 logging_writer.py:48] [131100] global_step=131100, grad_norm=5.1962103843688965, loss=0.9980480670928955
I0831 19:23:14.034998 140462291654400 logging_writer.py:48] [131200] global_step=131200, grad_norm=5.01896858215332, loss=1.0698829889297485
I0831 19:23:41.145080 140462207792896 logging_writer.py:48] [131300] global_step=131300, grad_norm=4.878316879272461, loss=1.0382630825042725
I0831 19:24:08.319670 140462291654400 logging_writer.py:48] [131400] global_step=131400, grad_norm=4.544620037078857, loss=0.9346424341201782
I0831 19:24:12.284154 140659750036672 spec.py:333] Evaluating on the training split.
I0831 19:24:18.596096 140659750036672 spec.py:346] Evaluating on the validation split.
I0831 19:24:28.395749 140659750036672 spec.py:363] Evaluating on the test split.
I0831 19:24:29.286674 140659750036672 submission_runner.py:516] Time since start: 36390.46s, 	Step: 131416, 	{'train/accuracy': Array(0.93769926, dtype=float32), 'train/loss': Array(0.21849291, dtype=float32), 'validation/accuracy': Array(0.75236, dtype=float32), 'validation/loss': Array(1.0655642, dtype=float32), 'validation/num_examples': 50000, 'test/accuracy': Array(0.6225, dtype=float32), 'test/loss': Array(1.8407513, dtype=float32), 'test/num_examples': 10000, 'score': 35980.86967778206, 'total_duration': 36390.460955142975, 'accumulated_submission_time': 35980.86967778206, 'accumulated_eval_time': 406.9744417667389, 'accumulated_logging_time': 1.5179433822631836}
I0831 19:24:29.343795 140462207792896 logging_writer.py:48] [131416] accumulated_eval_time=406.974, accumulated_logging_time=1.51794, accumulated_submission_time=35980.9, global_step=131416, preemption_count=0, score=35980.9, test/accuracy=0.6225000023841858, test/loss=1.84075129032135, test/num_examples=10000, total_duration=36390.5, train/accuracy=0.9376992583274841, train/loss=0.21849291026592255, validation/accuracy=0.7523599863052368, validation/loss=1.0655641555786133, validation/num_examples=50000
I0831 19:24:52.464426 140462291654400 logging_writer.py:48] [131500] global_step=131500, grad_norm=5.088639736175537, loss=1.0706193447113037
I0831 19:25:19.578706 140462207792896 logging_writer.py:48] [131600] global_step=131600, grad_norm=5.138761520385742, loss=0.9675340056419373
I0831 19:25:46.800252 140462291654400 logging_writer.py:48] [131700] global_step=131700, grad_norm=4.586668968200684, loss=0.9584568738937378
I0831 19:26:13.943938 140462207792896 logging_writer.py:48] [131800] global_step=131800, grad_norm=4.878078460693359, loss=0.9067360162734985
I0831 19:26:41.081779 140462291654400 logging_writer.py:48] [131900] global_step=131900, grad_norm=4.727520942687988, loss=0.9361591339111328
I0831 19:27:08.274572 140462207792896 logging_writer.py:48] [132000] global_step=132000, grad_norm=5.078022003173828, loss=1.0110633373260498
I0831 19:27:35.402755 140462291654400 logging_writer.py:48] [132100] global_step=132100, grad_norm=4.602766990661621, loss=0.9133206009864807
I0831 19:28:02.776562 140462207792896 logging_writer.py:48] [132200] global_step=132200, grad_norm=5.087735652923584, loss=1.0595200061798096
I0831 19:28:29.969807 140462291654400 logging_writer.py:48] [132300] global_step=132300, grad_norm=5.015707969665527, loss=1.062422752380371
I0831 19:28:57.073860 140462207792896 logging_writer.py:48] [132400] global_step=132400, grad_norm=5.2038068771362305, loss=1.1299234628677368
I0831 19:29:24.197413 140462291654400 logging_writer.py:48] [132500] global_step=132500, grad_norm=4.7672505378723145, loss=0.9881995916366577
I0831 19:29:51.392121 140462207792896 logging_writer.py:48] [132600] global_step=132600, grad_norm=4.946400165557861, loss=0.9914063215255737
I0831 19:30:18.521338 140462291654400 logging_writer.py:48] [132700] global_step=132700, grad_norm=4.880516529083252, loss=0.9837242364883423
I0831 19:30:45.632685 140462207792896 logging_writer.py:48] [132800] global_step=132800, grad_norm=5.056700706481934, loss=1.0083162784576416
I0831 19:31:12.821568 140462291654400 logging_writer.py:48] [132900] global_step=132900, grad_norm=4.950362205505371, loss=0.9591640830039978
I0831 19:31:39.977714 140462207792896 logging_writer.py:48] [133000] global_step=133000, grad_norm=4.748385429382324, loss=0.9933662414550781
I0831 19:32:07.105887 140462291654400 logging_writer.py:48] [133100] global_step=133100, grad_norm=4.91379976272583, loss=0.9482781887054443
I0831 19:32:34.286937 140462207792896 logging_writer.py:48] [133200] global_step=133200, grad_norm=5.239889621734619, loss=1.067208170890808
I0831 19:33:01.626725 140462291654400 logging_writer.py:48] [133300] global_step=133300, grad_norm=4.552188873291016, loss=0.8705334067344666
I0831 19:33:28.767127 140462207792896 logging_writer.py:48] [133400] global_step=133400, grad_norm=5.007979393005371, loss=0.9735894203186035
I0831 19:33:55.954976 140462291654400 logging_writer.py:48] [133500] global_step=133500, grad_norm=4.846745014190674, loss=1.0085041522979736
I0831 19:34:23.076879 140462207792896 logging_writer.py:48] [133600] global_step=133600, grad_norm=5.107703685760498, loss=1.0288716554641724
I0831 19:34:50.190138 140462291654400 logging_writer.py:48] [133700] global_step=133700, grad_norm=4.77857780456543, loss=0.901441752910614
I0831 19:35:17.378520 140462207792896 logging_writer.py:48] [133800] global_step=133800, grad_norm=5.0426740646362305, loss=0.991850733757019
I0831 19:35:44.511348 140462291654400 logging_writer.py:48] [133900] global_step=133900, grad_norm=4.563718795776367, loss=0.9624825119972229
I0831 19:36:11.646410 140462207792896 logging_writer.py:48] [134000] global_step=134000, grad_norm=5.289568901062012, loss=1.0520305633544922
I0831 19:36:38.828994 140462291654400 logging_writer.py:48] [134100] global_step=134100, grad_norm=5.263108730316162, loss=1.0118894577026367
I0831 19:37:05.976790 140462207792896 logging_writer.py:48] [134200] global_step=134200, grad_norm=5.188027858734131, loss=0.9524095058441162
I0831 19:37:33.102838 140462291654400 logging_writer.py:48] [134300] global_step=134300, grad_norm=4.824306964874268, loss=0.9094181656837463
I0831 19:38:00.554319 140462207792896 logging_writer.py:48] [134400] global_step=134400, grad_norm=4.741953372955322, loss=0.9899893403053284
I0831 19:38:27.681951 140462291654400 logging_writer.py:48] [134500] global_step=134500, grad_norm=4.702227592468262, loss=0.9641828536987305
I0831 19:38:54.829272 140462207792896 logging_writer.py:48] [134600] global_step=134600, grad_norm=4.959468841552734, loss=1.0700668096542358
I0831 19:39:22.029093 140462291654400 logging_writer.py:48] [134700] global_step=134700, grad_norm=4.6775288581848145, loss=0.9067063927650452
I0831 19:39:49.193231 140462207792896 logging_writer.py:48] [134800] global_step=134800, grad_norm=4.8790411949157715, loss=0.9351679086685181
I0831 19:40:16.343873 140462291654400 logging_writer.py:48] [134900] global_step=134900, grad_norm=4.9359354972839355, loss=0.9611467123031616
I0831 19:40:43.536087 140462207792896 logging_writer.py:48] [135000] global_step=135000, grad_norm=4.77863073348999, loss=1.0016525983810425
I0831 19:41:10.642688 140462291654400 logging_writer.py:48] [135100] global_step=135100, grad_norm=4.990229606628418, loss=0.9433571100234985
I0831 19:41:37.741838 140462207792896 logging_writer.py:48] [135200] global_step=135200, grad_norm=4.841803550720215, loss=0.9523303508758545
I0831 19:42:04.952910 140462291654400 logging_writer.py:48] [135300] global_step=135300, grad_norm=4.918972492218018, loss=0.9787647128105164
I0831 19:42:32.122677 140462207792896 logging_writer.py:48] [135400] global_step=135400, grad_norm=4.937927722930908, loss=0.9982444643974304
I0831 19:42:59.492346 140462291654400 logging_writer.py:48] [135500] global_step=135500, grad_norm=4.795772552490234, loss=0.960688054561615
I0831 19:43:26.720024 140462207792896 logging_writer.py:48] [135600] global_step=135600, grad_norm=5.184144496917725, loss=1.0150196552276611
I0831 19:43:53.843949 140462291654400 logging_writer.py:48] [135700] global_step=135700, grad_norm=4.941924571990967, loss=1.0416250228881836
I0831 19:44:20.956830 140462207792896 logging_writer.py:48] [135800] global_step=135800, grad_norm=4.8542866706848145, loss=0.9621334075927734
I0831 19:44:48.126482 140462291654400 logging_writer.py:48] [135900] global_step=135900, grad_norm=5.036419868469238, loss=0.9928356409072876
I0831 19:45:15.231724 140462207792896 logging_writer.py:48] [136000] global_step=136000, grad_norm=5.054364204406738, loss=0.9925578832626343
I0831 19:45:42.365578 140462291654400 logging_writer.py:48] [136100] global_step=136100, grad_norm=4.816431522369385, loss=0.9427075386047363
I0831 19:46:09.542826 140462207792896 logging_writer.py:48] [136200] global_step=136200, grad_norm=5.158205032348633, loss=1.0210700035095215
I0831 19:46:36.663465 140462291654400 logging_writer.py:48] [136300] global_step=136300, grad_norm=4.863442420959473, loss=0.9541996121406555
I0831 19:47:03.784559 140462207792896 logging_writer.py:48] [136400] global_step=136400, grad_norm=4.868241310119629, loss=1.001609206199646
I0831 19:47:31.243554 140462291654400 logging_writer.py:48] [136500] global_step=136500, grad_norm=4.835646152496338, loss=0.9345439672470093
I0831 19:47:58.387175 140462207792896 logging_writer.py:48] [136600] global_step=136600, grad_norm=4.943624496459961, loss=1.0194058418273926
I0831 19:48:25.522573 140462291654400 logging_writer.py:48] [136700] global_step=136700, grad_norm=4.8345441818237305, loss=0.9494859576225281
I0831 19:48:52.708358 140462207792896 logging_writer.py:48] [136800] global_step=136800, grad_norm=4.58807373046875, loss=0.9247536659240723
I0831 19:49:19.860191 140462291654400 logging_writer.py:48] [136900] global_step=136900, grad_norm=4.9317946434021, loss=0.9907269477844238
I0831 19:49:46.964816 140462207792896 logging_writer.py:48] [137000] global_step=137000, grad_norm=4.786767482757568, loss=0.9396387338638306
I0831 19:50:14.169023 140462291654400 logging_writer.py:48] [137100] global_step=137100, grad_norm=5.002502918243408, loss=0.9896750450134277
I0831 19:50:41.296794 140462207792896 logging_writer.py:48] [137200] global_step=137200, grad_norm=4.862489223480225, loss=0.9988329410552979
I0831 19:51:08.433206 140462291654400 logging_writer.py:48] [137300] global_step=137300, grad_norm=4.733452320098877, loss=0.9492261409759521
I0831 19:51:35.628247 140462207792896 logging_writer.py:48] [137400] global_step=137400, grad_norm=4.9575066566467285, loss=1.03700590133667
I0831 19:52:02.757204 140462291654400 logging_writer.py:48] [137500] global_step=137500, grad_norm=5.034666538238525, loss=0.9804816246032715
I0831 19:52:30.120920 140462207792896 logging_writer.py:48] [137600] global_step=137600, grad_norm=4.818413257598877, loss=0.9408241510391235
I0831 19:52:57.325653 140462291654400 logging_writer.py:48] [137700] global_step=137700, grad_norm=4.968624114990234, loss=1.0151206254959106
I0831 19:53:24.451770 140462207792896 logging_writer.py:48] [137800] global_step=137800, grad_norm=5.628589153289795, loss=1.0814909934997559
I0831 19:53:51.572188 140462291654400 logging_writer.py:48] [137900] global_step=137900, grad_norm=4.9721999168396, loss=1.0177054405212402
I0831 19:54:18.756858 140462207792896 logging_writer.py:48] [138000] global_step=138000, grad_norm=4.969879627227783, loss=0.9964390993118286
I0831 19:54:45.876119 140462291654400 logging_writer.py:48] [138100] global_step=138100, grad_norm=5.289172172546387, loss=1.025873064994812
I0831 19:55:13.016450 140462207792896 logging_writer.py:48] [138200] global_step=138200, grad_norm=4.578670978546143, loss=0.9587172865867615
I0831 19:55:40.206748 140462291654400 logging_writer.py:48] [138300] global_step=138300, grad_norm=4.618259906768799, loss=0.9105334877967834
I0831 19:56:07.315269 140462207792896 logging_writer.py:48] [138400] global_step=138400, grad_norm=5.059256076812744, loss=1.010119915008545
I0831 19:56:34.443770 140462291654400 logging_writer.py:48] [138500] global_step=138500, grad_norm=4.6692633628845215, loss=0.9378334879875183
I0831 19:57:01.642219 140462207792896 logging_writer.py:48] [138600] global_step=138600, grad_norm=5.09670877456665, loss=1.0881261825561523
I0831 19:57:28.986926 140462291654400 logging_writer.py:48] [138700] global_step=138700, grad_norm=4.74769401550293, loss=1.0420399904251099
I0831 19:57:45.375704 140659750036672 spec.py:333] Evaluating on the training split.
I0831 19:57:51.542303 140659750036672 spec.py:346] Evaluating on the validation split.
I0831 19:58:02.482608 140659750036672 spec.py:363] Evaluating on the test split.
I0831 19:58:03.369391 140659750036672 submission_runner.py:516] Time since start: 38404.54s, 	Step: 138762, 	{'train/accuracy': Array(0.938636, dtype=float32), 'train/loss': Array(0.20914964, dtype=float32), 'validation/accuracy': Array(0.75232, dtype=float32), 'validation/loss': Array(1.0671511, dtype=float32), 'validation/num_examples': 50000, 'test/accuracy': Array(0.6244, dtype=float32), 'test/loss': Array(1.843589, dtype=float32), 'test/num_examples': 10000, 'score': 37976.824387311935, 'total_duration': 38404.54493522644, 'accumulated_submission_time': 37976.824387311935, 'accumulated_eval_time': 424.9661509990692, 'accumulated_logging_time': 1.5933632850646973}
I0831 19:58:03.424714 140462207792896 logging_writer.py:48] [138762] accumulated_eval_time=424.966, accumulated_logging_time=1.59336, accumulated_submission_time=37976.8, global_step=138762, preemption_count=0, score=37976.8, test/accuracy=0.6244000196456909, test/loss=1.843588948249817, test/num_examples=10000, total_duration=38404.5, train/accuracy=0.9386360049247742, train/loss=0.20914964377880096, validation/accuracy=0.7523199915885925, validation/loss=1.0671510696411133, validation/num_examples=50000
I0831 19:58:14.096484 140462291654400 logging_writer.py:48] [138800] global_step=138800, grad_norm=4.830262660980225, loss=0.9987660646438599
I0831 19:58:41.290149 140462207792896 logging_writer.py:48] [138900] global_step=138900, grad_norm=5.062754154205322, loss=1.0001490116119385
I0831 19:59:08.442151 140462291654400 logging_writer.py:48] [139000] global_step=139000, grad_norm=5.082733154296875, loss=1.0084928274154663
I0831 19:59:35.559297 140462207792896 logging_writer.py:48] [139100] global_step=139100, grad_norm=4.917656421661377, loss=1.022098422050476
I0831 20:00:02.740309 140462291654400 logging_writer.py:48] [139200] global_step=139200, grad_norm=4.917812347412109, loss=0.9034224152565002
I0831 20:00:29.853378 140462207792896 logging_writer.py:48] [139300] global_step=139300, grad_norm=5.0727458000183105, loss=0.9797490239143372
I0831 20:00:57.002269 140462291654400 logging_writer.py:48] [139400] global_step=139400, grad_norm=4.932916641235352, loss=0.985655665397644
I0831 20:01:24.205607 140462207792896 logging_writer.py:48] [139500] global_step=139500, grad_norm=4.877617835998535, loss=0.8744930624961853
I0831 20:01:51.325957 140462291654400 logging_writer.py:48] [139600] global_step=139600, grad_norm=4.890471935272217, loss=0.9570766091346741
I0831 20:02:18.677765 140462207792896 logging_writer.py:48] [139700] global_step=139700, grad_norm=5.033680438995361, loss=1.0259199142456055
I0831 20:02:45.887956 140462291654400 logging_writer.py:48] [139800] global_step=139800, grad_norm=4.885627269744873, loss=1.0002994537353516
I0831 20:03:13.023017 140462207792896 logging_writer.py:48] [139900] global_step=139900, grad_norm=4.852828502655029, loss=0.9855765700340271
I0831 20:03:40.146353 140462291654400 logging_writer.py:48] [140000] global_step=140000, grad_norm=4.849849224090576, loss=0.9389604330062866
I0831 20:04:07.326362 140462207792896 logging_writer.py:48] [140100] global_step=140100, grad_norm=4.544692516326904, loss=0.836556613445282
I0831 20:04:34.447370 140462291654400 logging_writer.py:48] [140200] global_step=140200, grad_norm=5.138384819030762, loss=0.9527119398117065
I0831 20:05:01.557655 140462207792896 logging_writer.py:48] [140300] global_step=140300, grad_norm=4.93916654586792, loss=0.960952877998352
I0831 20:05:28.736950 140462291654400 logging_writer.py:48] [140400] global_step=140400, grad_norm=4.5759429931640625, loss=0.9180654883384705
I0831 20:05:55.870678 140462207792896 logging_writer.py:48] [140500] global_step=140500, grad_norm=5.137375831604004, loss=1.0176935195922852
I0831 20:06:23.012442 140462291654400 logging_writer.py:48] [140600] global_step=140600, grad_norm=4.71948766708374, loss=0.9832110404968262
I0831 20:06:50.229496 140462207792896 logging_writer.py:48] [140700] global_step=140700, grad_norm=4.964005947113037, loss=0.8979731202125549
I0831 20:07:17.599871 140462291654400 logging_writer.py:48] [140800] global_step=140800, grad_norm=4.699598789215088, loss=0.9553326368331909
I0831 20:07:44.718358 140462207792896 logging_writer.py:48] [140900] global_step=140900, grad_norm=4.970709800720215, loss=0.9851078391075134
I0831 20:08:11.918054 140462291654400 logging_writer.py:48] [141000] global_step=141000, grad_norm=4.874389171600342, loss=1.0389052629470825
I0831 20:08:39.035610 140462207792896 logging_writer.py:48] [141100] global_step=141100, grad_norm=5.419908046722412, loss=1.07694411277771
I0831 20:09:06.159539 140462291654400 logging_writer.py:48] [141200] global_step=141200, grad_norm=4.892148971557617, loss=0.9373798966407776
I0831 20:09:33.366446 140462207792896 logging_writer.py:48] [141300] global_step=141300, grad_norm=4.701444625854492, loss=0.9141632318496704
I0831 20:10:00.515591 140462291654400 logging_writer.py:48] [141400] global_step=141400, grad_norm=4.816829681396484, loss=1.0342016220092773
I0831 20:10:27.668982 140462207792896 logging_writer.py:48] [141500] global_step=141500, grad_norm=4.506455898284912, loss=0.8862476348876953
I0831 20:10:54.854794 140462291654400 logging_writer.py:48] [141600] global_step=141600, grad_norm=4.774014949798584, loss=0.9959375858306885
I0831 20:11:22.006600 140462207792896 logging_writer.py:48] [141700] global_step=141700, grad_norm=4.990034580230713, loss=1.0020654201507568
I0831 20:11:49.149016 140462291654400 logging_writer.py:48] [141800] global_step=141800, grad_norm=4.684852600097656, loss=0.8957135677337646
I0831 20:12:16.616536 140462207792896 logging_writer.py:48] [141900] global_step=141900, grad_norm=5.060370922088623, loss=0.9861916303634644
I0831 20:12:43.765913 140462291654400 logging_writer.py:48] [142000] global_step=142000, grad_norm=4.949754238128662, loss=0.988481879234314
I0831 20:13:10.909900 140462207792896 logging_writer.py:48] [142100] global_step=142100, grad_norm=5.142743110656738, loss=1.0455578565597534
I0831 20:13:38.108532 140462291654400 logging_writer.py:48] [142200] global_step=142200, grad_norm=4.890366554260254, loss=0.9067081212997437
I0831 20:14:05.239831 140462207792896 logging_writer.py:48] [142300] global_step=142300, grad_norm=4.821104526519775, loss=0.9569635391235352
I0831 20:14:32.374801 140462291654400 logging_writer.py:48] [142400] global_step=142400, grad_norm=4.802005290985107, loss=0.955528974533081
I0831 20:14:59.555113 140462207792896 logging_writer.py:48] [142500] global_step=142500, grad_norm=4.816959857940674, loss=0.9861581325531006
I0831 20:15:26.661381 140462291654400 logging_writer.py:48] [142600] global_step=142600, grad_norm=4.727746963500977, loss=0.9175833463668823
I0831 20:15:53.764877 140462207792896 logging_writer.py:48] [142700] global_step=142700, grad_norm=4.7272443771362305, loss=0.9713278412818909
I0831 20:16:20.977744 140462291654400 logging_writer.py:48] [142800] global_step=142800, grad_norm=4.8808794021606445, loss=0.9741232395172119
I0831 20:16:48.100403 140462207792896 logging_writer.py:48] [142900] global_step=142900, grad_norm=5.107519626617432, loss=1.0755395889282227
I0831 20:17:15.502620 140462291654400 logging_writer.py:48] [143000] global_step=143000, grad_norm=4.692234516143799, loss=0.9500089883804321
I0831 20:17:42.680952 140462207792896 logging_writer.py:48] [143100] global_step=143100, grad_norm=4.907933235168457, loss=0.943557858467102
I0831 20:18:09.805939 140462291654400 logging_writer.py:48] [143200] global_step=143200, grad_norm=4.953145503997803, loss=0.919223427772522
I0831 20:18:36.930718 140462207792896 logging_writer.py:48] [143300] global_step=143300, grad_norm=5.097940444946289, loss=1.036686897277832
I0831 20:19:04.092277 140462291654400 logging_writer.py:48] [143400] global_step=143400, grad_norm=4.941688537597656, loss=1.063997745513916
I0831 20:19:31.211153 140462207792896 logging_writer.py:48] [143500] global_step=143500, grad_norm=4.9455766677856445, loss=0.9716359972953796
I0831 20:19:58.331164 140462291654400 logging_writer.py:48] [143600] global_step=143600, grad_norm=5.312034606933594, loss=1.1513004302978516
I0831 20:20:25.534459 140462207792896 logging_writer.py:48] [143700] global_step=143700, grad_norm=4.607305526733398, loss=0.8604352474212646
I0831 20:20:52.660562 140462291654400 logging_writer.py:48] [143800] global_step=143800, grad_norm=4.973117351531982, loss=0.9257693290710449
I0831 20:21:19.811162 140462207792896 logging_writer.py:48] [143900] global_step=143900, grad_norm=4.9907684326171875, loss=1.026926040649414
I0831 20:21:47.222787 140462291654400 logging_writer.py:48] [144000] global_step=144000, grad_norm=4.903079509735107, loss=0.9511042833328247
I0831 20:22:14.335456 140462207792896 logging_writer.py:48] [144100] global_step=144100, grad_norm=5.007538795471191, loss=1.0664609670639038
I0831 20:22:41.471020 140462291654400 logging_writer.py:48] [144200] global_step=144200, grad_norm=5.338953971862793, loss=1.0264203548431396
I0831 20:23:08.654305 140462207792896 logging_writer.py:48] [144300] global_step=144300, grad_norm=4.847156524658203, loss=0.9169592261314392
I0831 20:23:35.800721 140462291654400 logging_writer.py:48] [144400] global_step=144400, grad_norm=4.880401611328125, loss=0.9410930871963501
I0831 20:24:02.919296 140462207792896 logging_writer.py:48] [144500] global_step=144500, grad_norm=5.09762716293335, loss=0.9685720205307007
I0831 20:24:30.128725 140462291654400 logging_writer.py:48] [144600] global_step=144600, grad_norm=4.820201873779297, loss=0.9499877691268921
I0831 20:24:57.244216 140462207792896 logging_writer.py:48] [144700] global_step=144700, grad_norm=4.785480499267578, loss=0.9770574569702148
I0831 20:25:24.385845 140462291654400 logging_writer.py:48] [144800] global_step=144800, grad_norm=4.669081687927246, loss=0.9857913255691528
I0831 20:25:51.552381 140462207792896 logging_writer.py:48] [144900] global_step=144900, grad_norm=4.630598545074463, loss=0.8965394496917725
I0831 20:26:18.678395 140462291654400 logging_writer.py:48] [145000] global_step=145000, grad_norm=5.073329448699951, loss=0.9998706579208374
I0831 20:26:46.024077 140462207792896 logging_writer.py:48] [145100] global_step=145100, grad_norm=4.988084316253662, loss=0.9402070641517639
I0831 20:27:13.197692 140462291654400 logging_writer.py:48] [145200] global_step=145200, grad_norm=5.165643692016602, loss=0.9798785448074341
I0831 20:27:40.306568 140462207792896 logging_writer.py:48] [145300] global_step=145300, grad_norm=4.889545440673828, loss=0.9754876494407654
I0831 20:28:07.458778 140462291654400 logging_writer.py:48] [145400] global_step=145400, grad_norm=4.912050724029541, loss=0.9446065425872803
I0831 20:28:34.662860 140462207792896 logging_writer.py:48] [145500] global_step=145500, grad_norm=5.003946304321289, loss=0.9720159769058228
I0831 20:29:01.770882 140462291654400 logging_writer.py:48] [145600] global_step=145600, grad_norm=4.841989517211914, loss=0.9266313314437866
I0831 20:29:28.917506 140462207792896 logging_writer.py:48] [145700] global_step=145700, grad_norm=5.062679290771484, loss=0.9196957945823669
I0831 20:29:56.116684 140462291654400 logging_writer.py:48] [145800] global_step=145800, grad_norm=4.7233662605285645, loss=0.9329549074172974
I0831 20:30:23.255583 140462207792896 logging_writer.py:48] [145900] global_step=145900, grad_norm=4.674619197845459, loss=0.9059809446334839
I0831 20:30:50.392326 140462291654400 logging_writer.py:48] [146000] global_step=146000, grad_norm=5.139963626861572, loss=1.0002278089523315
I0831 20:31:17.574523 140462207792896 logging_writer.py:48] [146100] global_step=146100, grad_norm=4.982588291168213, loss=0.9433948993682861
I0831 20:31:19.577448 140659750036672 spec.py:333] Evaluating on the training split.
I0831 20:31:25.847848 140659750036672 spec.py:346] Evaluating on the validation split.
I0831 20:31:35.592710 140659750036672 spec.py:363] Evaluating on the test split.
I0831 20:31:36.469550 140659750036672 submission_runner.py:516] Time since start: 40417.65s, 	Step: 146109, 	{'train/accuracy': Array(0.9416255, dtype=float32), 'train/loss': Array(0.20841375, dtype=float32), 'validation/accuracy': Array(0.75446, dtype=float32), 'validation/loss': Array(1.0689094, dtype=float32), 'validation/num_examples': 50000, 'test/accuracy': Array(0.6243, dtype=float32), 'test/loss': Array(1.8404001, dtype=float32), 'test/num_examples': 10000, 'score': 39972.9033203125, 'total_duration': 40417.645072460175, 'accumulated_submission_time': 39972.9033203125, 'accumulated_eval_time': 441.8562512397766, 'accumulated_logging_time': 1.663456678390503}
I0831 20:31:36.528123 140462291654400 logging_writer.py:48] [146109] accumulated_eval_time=441.856, accumulated_logging_time=1.66346, accumulated_submission_time=39972.9, global_step=146109, preemption_count=0, score=39972.9, test/accuracy=0.6243000030517578, test/loss=1.8404000997543335, test/num_examples=10000, total_duration=40417.6, train/accuracy=0.9416254758834839, train/loss=0.2084137499332428, validation/accuracy=0.7544599771499634, validation/loss=1.0689094066619873, validation/num_examples=50000
I0831 20:32:01.878280 140462207792896 logging_writer.py:48] [146200] global_step=146200, grad_norm=5.17712926864624, loss=0.9505095481872559
I0831 20:32:29.027476 140462291654400 logging_writer.py:48] [146300] global_step=146300, grad_norm=5.046927452087402, loss=0.9485172033309937
I0831 20:32:56.237148 140462207792896 logging_writer.py:48] [146400] global_step=146400, grad_norm=4.728654384613037, loss=0.9205676913261414
I0831 20:33:23.366979 140462291654400 logging_writer.py:48] [146500] global_step=146500, grad_norm=4.787416934967041, loss=0.9554644823074341
I0831 20:33:50.477837 140462207792896 logging_writer.py:48] [146600] global_step=146600, grad_norm=4.852389812469482, loss=0.9383794069290161
I0831 20:34:17.658504 140462291654400 logging_writer.py:48] [146700] global_step=146700, grad_norm=5.047277450561523, loss=0.9799472689628601
I0831 20:34:44.794566 140462207792896 logging_writer.py:48] [146800] global_step=146800, grad_norm=5.202159881591797, loss=1.0359314680099487
I0831 20:35:11.952790 140462291654400 logging_writer.py:48] [146900] global_step=146900, grad_norm=5.147257328033447, loss=1.103712558746338
I0831 20:35:39.159012 140462207792896 logging_writer.py:48] [147000] global_step=147000, grad_norm=4.922194480895996, loss=0.9959367513656616
I0831 20:36:06.316476 140462291654400 logging_writer.py:48] [147100] global_step=147100, grad_norm=5.103699684143066, loss=1.0427465438842773
I0831 20:36:33.460478 140462207792896 logging_writer.py:48] [147200] global_step=147200, grad_norm=4.762744903564453, loss=0.8823360204696655
I0831 20:37:00.906771 140462291654400 logging_writer.py:48] [147300] global_step=147300, grad_norm=4.916979789733887, loss=0.9913369417190552
I0831 20:37:28.022621 140462207792896 logging_writer.py:48] [147400] global_step=147400, grad_norm=5.077879428863525, loss=1.008123755455017
I0831 20:37:55.147078 140462291654400 logging_writer.py:48] [147500] global_step=147500, grad_norm=5.049915790557861, loss=0.9502120614051819
I0831 20:38:22.348618 140462207792896 logging_writer.py:48] [147600] global_step=147600, grad_norm=5.033355236053467, loss=1.02969491481781
I0831 20:38:49.509623 140462291654400 logging_writer.py:48] [147700] global_step=147700, grad_norm=4.9608306884765625, loss=0.964897632598877
I0831 20:39:16.644605 140462207792896 logging_writer.py:48] [147800] global_step=147800, grad_norm=5.05487060546875, loss=0.9029403924942017
I0831 20:39:43.848089 140462291654400 logging_writer.py:48] [147900] global_step=147900, grad_norm=5.197794437408447, loss=1.049597978591919
I0831 20:40:10.977881 140462207792896 logging_writer.py:48] [148000] global_step=148000, grad_norm=4.57059907913208, loss=0.9002726078033447
I0831 20:40:38.116564 140462291654400 logging_writer.py:48] [148100] global_step=148100, grad_norm=5.322535991668701, loss=1.113464593887329
I0831 20:41:05.305842 140462207792896 logging_writer.py:48] [148200] global_step=148200, grad_norm=5.008724212646484, loss=1.0780854225158691
I0831 20:41:32.674187 140462291654400 logging_writer.py:48] [148300] global_step=148300, grad_norm=5.109135627746582, loss=0.9403414726257324
I0831 20:41:59.841852 140462207792896 logging_writer.py:48] [148400] global_step=148400, grad_norm=5.178848743438721, loss=0.966275691986084
I0831 20:42:27.027464 140462291654400 logging_writer.py:48] [148500] global_step=148500, grad_norm=5.01737642288208, loss=1.0300499200820923
I0831 20:42:54.183230 140462207792896 logging_writer.py:48] [148600] global_step=148600, grad_norm=4.843362808227539, loss=0.9558639526367188
I0831 20:43:21.333904 140462291654400 logging_writer.py:48] [148700] global_step=148700, grad_norm=4.926650524139404, loss=1.020301103591919
I0831 20:43:48.519927 140462207792896 logging_writer.py:48] [148800] global_step=148800, grad_norm=4.95529317855835, loss=0.9226106405258179
I0831 20:44:15.651443 140462291654400 logging_writer.py:48] [148900] global_step=148900, grad_norm=5.418279647827148, loss=0.9709245562553406
I0831 20:44:42.808407 140462207792896 logging_writer.py:48] [149000] global_step=149000, grad_norm=4.965385437011719, loss=0.8876020312309265
I0831 20:45:10.003053 140462291654400 logging_writer.py:48] [149100] global_step=149100, grad_norm=5.225776672363281, loss=1.00492262840271
I0831 20:45:37.151373 140462207792896 logging_writer.py:48] [149200] global_step=149200, grad_norm=5.009291648864746, loss=1.0167897939682007
I0831 20:46:04.291003 140462291654400 logging_writer.py:48] [149300] global_step=149300, grad_norm=4.997506618499756, loss=0.9744384288787842
I0831 20:46:31.695221 140462207792896 logging_writer.py:48] [149400] global_step=149400, grad_norm=5.0499043464660645, loss=1.0428186655044556
I0831 20:46:58.857033 140462291654400 logging_writer.py:48] [149500] global_step=149500, grad_norm=5.010615348815918, loss=1.0024430751800537
I0831 20:47:25.997692 140462207792896 logging_writer.py:48] [149600] global_step=149600, grad_norm=4.984416961669922, loss=1.037156343460083
I0831 20:47:53.196340 140462291654400 logging_writer.py:48] [149700] global_step=149700, grad_norm=4.9696736335754395, loss=0.939487636089325
I0831 20:48:20.345687 140462207792896 logging_writer.py:48] [149800] global_step=149800, grad_norm=5.135555267333984, loss=1.010632872581482
I0831 20:48:47.470044 140462291654400 logging_writer.py:48] [149900] global_step=149900, grad_norm=5.011598110198975, loss=0.9588530659675598
I0831 20:49:14.666305 140462207792896 logging_writer.py:48] [150000] global_step=150000, grad_norm=5.107729911804199, loss=0.9452160596847534
I0831 20:49:41.801273 140462291654400 logging_writer.py:48] [150100] global_step=150100, grad_norm=4.957622528076172, loss=0.9374066591262817
I0831 20:50:08.927160 140462207792896 logging_writer.py:48] [150200] global_step=150200, grad_norm=4.7109150886535645, loss=0.9575833082199097
I0831 20:50:36.109305 140462291654400 logging_writer.py:48] [150300] global_step=150300, grad_norm=5.177845478057861, loss=0.9307512640953064
I0831 20:51:03.485515 140462207792896 logging_writer.py:48] [150400] global_step=150400, grad_norm=5.326398849487305, loss=1.039961814880371
I0831 20:51:30.603776 140462291654400 logging_writer.py:48] [150500] global_step=150500, grad_norm=5.097043514251709, loss=1.0228372812271118
I0831 20:51:57.796148 140462207792896 logging_writer.py:48] [150600] global_step=150600, grad_norm=4.763008117675781, loss=0.9322720170021057
I0831 20:52:24.929771 140462291654400 logging_writer.py:48] [150700] global_step=150700, grad_norm=4.824267864227295, loss=0.9222245216369629
I0831 20:52:52.064993 140462207792896 logging_writer.py:48] [150800] global_step=150800, grad_norm=4.837645530700684, loss=0.9711809754371643
I0831 20:53:19.254137 140462291654400 logging_writer.py:48] [150900] global_step=150900, grad_norm=4.991395473480225, loss=0.9337594509124756
I0831 20:53:46.387294 140462207792896 logging_writer.py:48] [151000] global_step=151000, grad_norm=4.769856929779053, loss=0.8471380472183228
I0831 20:54:13.544546 140462291654400 logging_writer.py:48] [151100] global_step=151100, grad_norm=5.241861343383789, loss=1.0724267959594727
I0831 20:54:40.756809 140462207792896 logging_writer.py:48] [151200] global_step=151200, grad_norm=5.06591272354126, loss=0.9868869185447693
I0831 20:55:07.913612 140462291654400 logging_writer.py:48] [151300] global_step=151300, grad_norm=5.319314479827881, loss=1.042734146118164
I0831 20:55:35.042843 140462207792896 logging_writer.py:48] [151400] global_step=151400, grad_norm=4.778836250305176, loss=0.9482230544090271
I0831 20:56:02.507287 140462291654400 logging_writer.py:48] [151500] global_step=151500, grad_norm=4.377245903015137, loss=0.879317045211792
I0831 20:56:29.643958 140462207792896 logging_writer.py:48] [151600] global_step=151600, grad_norm=4.816533088684082, loss=0.914557933807373
I0831 20:56:56.770130 140462291654400 logging_writer.py:48] [151700] global_step=151700, grad_norm=5.197831153869629, loss=0.986128032207489
I0831 20:57:23.947949 140462207792896 logging_writer.py:48] [151800] global_step=151800, grad_norm=4.891530990600586, loss=1.0468089580535889
I0831 20:57:51.082072 140462291654400 logging_writer.py:48] [151900] global_step=151900, grad_norm=4.74835205078125, loss=0.9557092189788818
I0831 20:58:18.211731 140462207792896 logging_writer.py:48] [152000] global_step=152000, grad_norm=4.929506778717041, loss=1.0193893909454346
I0831 20:58:45.401396 140462291654400 logging_writer.py:48] [152100] global_step=152100, grad_norm=5.043182849884033, loss=1.0067133903503418
I0831 20:59:12.544354 140462207792896 logging_writer.py:48] [152200] global_step=152200, grad_norm=5.046173572540283, loss=0.9986405968666077
I0831 20:59:39.645484 140462291654400 logging_writer.py:48] [152300] global_step=152300, grad_norm=4.662707805633545, loss=0.9805785417556763
I0831 21:00:06.836483 140462207792896 logging_writer.py:48] [152400] global_step=152400, grad_norm=4.850884437561035, loss=0.9784605503082275
I0831 21:00:34.194904 140462291654400 logging_writer.py:48] [152500] global_step=152500, grad_norm=4.854133605957031, loss=0.9607039093971252
I0831 21:01:01.323429 140462207792896 logging_writer.py:48] [152600] global_step=152600, grad_norm=5.509657382965088, loss=1.0362211465835571
I0831 21:01:28.503691 140462291654400 logging_writer.py:48] [152700] global_step=152700, grad_norm=5.2319231033325195, loss=0.9220635294914246
I0831 21:01:55.637205 140462207792896 logging_writer.py:48] [152800] global_step=152800, grad_norm=4.932852745056152, loss=0.936275064945221
I0831 21:02:22.765516 140462291654400 logging_writer.py:48] [152900] global_step=152900, grad_norm=4.972334384918213, loss=1.0324690341949463
I0831 21:02:49.945555 140462207792896 logging_writer.py:48] [153000] global_step=153000, grad_norm=5.067378044128418, loss=0.9535118937492371
I0831 21:03:17.069672 140462291654400 logging_writer.py:48] [153100] global_step=153100, grad_norm=5.121818542480469, loss=0.9970060586929321
I0831 21:03:44.196805 140462207792896 logging_writer.py:48] [153200] global_step=153200, grad_norm=4.9269609451293945, loss=0.9534643888473511
I0831 21:04:11.373622 140462291654400 logging_writer.py:48] [153300] global_step=153300, grad_norm=4.714056491851807, loss=0.9931031465530396
I0831 21:04:38.520738 140462207792896 logging_writer.py:48] [153400] global_step=153400, grad_norm=4.8814568519592285, loss=0.9286468625068665
I0831 21:04:52.481662 140659750036672 spec.py:333] Evaluating on the training split.
I0831 21:04:58.969117 140659750036672 spec.py:346] Evaluating on the validation split.
I0831 21:05:09.752521 140659750036672 spec.py:363] Evaluating on the test split.
I0831 21:05:10.644979 140659750036672 submission_runner.py:516] Time since start: 42431.82s, 	Step: 153453, 	{'train/accuracy': Array(0.9456513, dtype=float32), 'train/loss': Array(0.19136712, dtype=float32), 'validation/accuracy': Array(0.75391996, dtype=float32), 'validation/loss': Array(1.0708171, dtype=float32), 'validation/num_examples': 50000, 'test/accuracy': Array(0.6244, dtype=float32), 'test/loss': Array(1.8389771, dtype=float32), 'test/num_examples': 10000, 'score': 41968.78911828995, 'total_duration': 42431.820268154144, 'accumulated_submission_time': 41968.78911828995, 'accumulated_eval_time': 460.0173342227936, 'accumulated_logging_time': 1.7309489250183105}
I0831 21:05:10.705475 140462291654400 logging_writer.py:48] [153453] accumulated_eval_time=460.017, accumulated_logging_time=1.73095, accumulated_submission_time=41968.8, global_step=153453, preemption_count=0, score=41968.8, test/accuracy=0.6244000196456909, test/loss=1.8389770984649658, test/num_examples=10000, total_duration=42431.8, train/accuracy=0.9456512928009033, train/loss=0.19136711955070496, validation/accuracy=0.7539199590682983, validation/loss=1.0708171129226685, validation/num_examples=50000
I0831 21:05:23.862630 140462207792896 logging_writer.py:48] [153500] global_step=153500, grad_norm=5.056943416595459, loss=0.9110780954360962
I0831 21:05:51.301095 140462291654400 logging_writer.py:48] [153600] global_step=153600, grad_norm=5.054113388061523, loss=1.0131895542144775
I0831 21:06:18.430454 140462207792896 logging_writer.py:48] [153700] global_step=153700, grad_norm=4.929725170135498, loss=1.001912236213684
I0831 21:06:45.566636 140462291654400 logging_writer.py:48] [153800] global_step=153800, grad_norm=4.732777118682861, loss=0.9106921553611755
I0831 21:07:12.749039 140462207792896 logging_writer.py:48] [153900] global_step=153900, grad_norm=4.943103790283203, loss=1.000882863998413
I0831 21:07:39.879129 140462291654400 logging_writer.py:48] [154000] global_step=154000, grad_norm=4.717749118804932, loss=0.9211532473564148
I0831 21:08:07.007514 140462207792896 logging_writer.py:48] [154100] global_step=154100, grad_norm=4.9016523361206055, loss=1.0056395530700684
I0831 21:08:34.202372 140462291654400 logging_writer.py:48] [154200] global_step=154200, grad_norm=5.074620246887207, loss=0.9689913988113403
I0831 21:09:07.931459 140462207792896 logging_writer.py:48] [154300] global_step=154300, grad_norm=4.713864803314209, loss=0.8617621660232544
I0831 21:09:35.053909 140462291654400 logging_writer.py:48] [154400] global_step=154400, grad_norm=4.681466579437256, loss=0.8951507806777954
I0831 21:10:02.235129 140462207792896 logging_writer.py:48] [154500] global_step=154500, grad_norm=4.941573619842529, loss=0.9789581298828125
I0831 21:10:29.592882 140462291654400 logging_writer.py:48] [154600] global_step=154600, grad_norm=4.9301958084106445, loss=0.9613468647003174
I0831 21:10:56.718068 140462207792896 logging_writer.py:48] [154700] global_step=154700, grad_norm=5.1611552238464355, loss=0.9885886907577515
I0831 21:11:23.923705 140462291654400 logging_writer.py:48] [154800] global_step=154800, grad_norm=5.204541206359863, loss=1.0234973430633545
I0831 21:11:51.053797 140462207792896 logging_writer.py:48] [154900] global_step=154900, grad_norm=4.958973407745361, loss=1.0006130933761597
I0831 21:12:18.186157 140462291654400 logging_writer.py:48] [155000] global_step=155000, grad_norm=4.7439775466918945, loss=0.9392033815383911
I0831 21:12:45.391417 140462207792896 logging_writer.py:48] [155100] global_step=155100, grad_norm=4.950677394866943, loss=0.9754773378372192
I0831 21:13:12.541332 140462291654400 logging_writer.py:48] [155200] global_step=155200, grad_norm=5.130274295806885, loss=0.9503422975540161
I0831 21:13:39.675525 140462207792896 logging_writer.py:48] [155300] global_step=155300, grad_norm=4.981634616851807, loss=0.8916758894920349
I0831 21:14:06.874484 140462291654400 logging_writer.py:48] [155400] global_step=155400, grad_norm=5.156291484832764, loss=0.9766621589660645
I0831 21:14:34.043181 140462207792896 logging_writer.py:48] [155500] global_step=155500, grad_norm=5.0920610427856445, loss=1.0361781120300293
I0831 21:15:01.190714 140462291654400 logging_writer.py:48] [155600] global_step=155600, grad_norm=5.353774547576904, loss=1.0434694290161133
I0831 21:15:28.648644 140462207792896 logging_writer.py:48] [155700] global_step=155700, grad_norm=4.982146739959717, loss=0.9537841081619263
I0831 21:15:55.771922 140462291654400 logging_writer.py:48] [155800] global_step=155800, grad_norm=4.984724998474121, loss=1.0238637924194336
I0831 21:16:22.882650 140462207792896 logging_writer.py:48] [155900] global_step=155900, grad_norm=4.907485008239746, loss=0.8829836845397949
I0831 21:16:50.056948 140462291654400 logging_writer.py:48] [156000] global_step=156000, grad_norm=4.9478230476379395, loss=0.9675800800323486
I0831 21:17:17.209203 140462207792896 logging_writer.py:48] [156100] global_step=156100, grad_norm=5.466383457183838, loss=1.0970048904418945
I0831 21:17:44.326246 140462291654400 logging_writer.py:48] [156200] global_step=156200, grad_norm=5.356410980224609, loss=0.971360981464386
I0831 21:18:11.497326 140462207792896 logging_writer.py:48] [156300] global_step=156300, grad_norm=4.844964027404785, loss=0.964983344078064
I0831 21:18:38.621993 140462291654400 logging_writer.py:48] [156400] global_step=156400, grad_norm=4.891105651855469, loss=0.939577579498291
I0831 21:19:05.779719 140462207792896 logging_writer.py:48] [156500] global_step=156500, grad_norm=4.826744079589844, loss=0.9629478454589844
I0831 21:19:32.980643 140462291654400 logging_writer.py:48] [156600] global_step=156600, grad_norm=5.404359817504883, loss=1.0200448036193848
I0831 21:20:00.360680 140462207792896 logging_writer.py:48] [156700] global_step=156700, grad_norm=4.716101169586182, loss=0.8877424001693726
I0831 21:20:27.510772 140462291654400 logging_writer.py:48] [156800] global_step=156800, grad_norm=5.0705647468566895, loss=0.9997568130493164
I0831 21:20:54.753931 140462207792896 logging_writer.py:48] [156900] global_step=156900, grad_norm=5.045383453369141, loss=0.9201006889343262
I0831 21:21:21.919795 140462291654400 logging_writer.py:48] [157000] global_step=157000, grad_norm=4.872276782989502, loss=0.9744699001312256
I0831 21:21:49.074963 140462207792896 logging_writer.py:48] [157100] global_step=157100, grad_norm=5.259357929229736, loss=1.0818557739257812
I0831 21:22:16.270503 140462291654400 logging_writer.py:48] [157200] global_step=157200, grad_norm=4.742873191833496, loss=0.9044402837753296
I0831 21:22:43.398856 140462207792896 logging_writer.py:48] [157300] global_step=157300, grad_norm=5.118371486663818, loss=0.959683895111084
I0831 21:23:10.565423 140462291654400 logging_writer.py:48] [157400] global_step=157400, grad_norm=5.073634624481201, loss=0.9532342553138733
I0831 21:23:37.786724 140462207792896 logging_writer.py:48] [157500] global_step=157500, grad_norm=4.770040988922119, loss=0.9331149458885193
I0831 21:24:04.932130 140462291654400 logging_writer.py:48] [157600] global_step=157600, grad_norm=5.167385578155518, loss=0.9532885551452637
I0831 21:24:32.096435 140462207792896 logging_writer.py:48] [157700] global_step=157700, grad_norm=5.107757091522217, loss=0.9258207082748413
I0831 21:24:59.511176 140462291654400 logging_writer.py:48] [157800] global_step=157800, grad_norm=4.911567687988281, loss=1.0154297351837158
I0831 21:25:26.644470 140462207792896 logging_writer.py:48] [157900] global_step=157900, grad_norm=4.925627708435059, loss=0.9427800178527832
I0831 21:25:53.791404 140462291654400 logging_writer.py:48] [158000] global_step=158000, grad_norm=4.853490352630615, loss=0.9296988248825073
I0831 21:26:21.008293 140462207792896 logging_writer.py:48] [158100] global_step=158100, grad_norm=4.589003086090088, loss=0.8321968913078308
I0831 21:26:48.132665 140462291654400 logging_writer.py:48] [158200] global_step=158200, grad_norm=5.013749122619629, loss=0.9791020154953003
I0831 21:27:15.299751 140462207792896 logging_writer.py:48] [158300] global_step=158300, grad_norm=4.7193450927734375, loss=0.895133376121521
I0831 21:27:42.502954 140462291654400 logging_writer.py:48] [158400] global_step=158400, grad_norm=4.781099796295166, loss=0.9597982168197632
I0831 21:28:09.651352 140462207792896 logging_writer.py:48] [158500] global_step=158500, grad_norm=4.635530471801758, loss=0.921591579914093
I0831 21:28:36.769594 140462291654400 logging_writer.py:48] [158600] global_step=158600, grad_norm=5.455977439880371, loss=1.001595139503479
I0831 21:29:03.985689 140462207792896 logging_writer.py:48] [158700] global_step=158700, grad_norm=5.101857662200928, loss=0.9711489081382751
I0831 21:29:31.319957 140462291654400 logging_writer.py:48] [158800] global_step=158800, grad_norm=4.8571624755859375, loss=0.8531947731971741
I0831 21:29:58.444665 140462207792896 logging_writer.py:48] [158900] global_step=158900, grad_norm=5.20810604095459, loss=1.0924031734466553
I0831 21:30:25.631657 140462291654400 logging_writer.py:48] [159000] global_step=159000, grad_norm=5.144449234008789, loss=0.9600377082824707
I0831 21:30:52.817534 140462207792896 logging_writer.py:48] [159100] global_step=159100, grad_norm=4.589337348937988, loss=0.9452648162841797
I0831 21:31:19.950645 140462291654400 logging_writer.py:48] [159200] global_step=159200, grad_norm=4.936088562011719, loss=1.0741868019104004
I0831 21:31:47.319860 140462207792896 logging_writer.py:48] [159300] global_step=159300, grad_norm=4.875755786895752, loss=0.9632929563522339
I0831 21:32:14.482379 140462291654400 logging_writer.py:48] [159400] global_step=159400, grad_norm=4.551681041717529, loss=0.8740323185920715
I0831 21:32:41.609766 140462207792896 logging_writer.py:48] [159500] global_step=159500, grad_norm=4.919926643371582, loss=0.9471516609191895
I0831 21:33:08.814949 140462291654400 logging_writer.py:48] [159600] global_step=159600, grad_norm=4.949033260345459, loss=0.9478359818458557
I0831 21:33:35.956482 140462207792896 logging_writer.py:48] [159700] global_step=159700, grad_norm=5.112330436706543, loss=0.9988484382629395
I0831 21:34:03.060277 140462291654400 logging_writer.py:48] [159800] global_step=159800, grad_norm=5.1288743019104, loss=0.9346522092819214
I0831 21:34:30.512587 140462207792896 logging_writer.py:48] [159900] global_step=159900, grad_norm=4.84617280960083, loss=0.9551305174827576
I0831 21:34:57.639428 140462291654400 logging_writer.py:48] [160000] global_step=160000, grad_norm=5.356376647949219, loss=0.979600727558136
I0831 21:35:24.776584 140462207792896 logging_writer.py:48] [160100] global_step=160100, grad_norm=5.229974746704102, loss=1.0839356184005737
I0831 21:35:51.977927 140462291654400 logging_writer.py:48] [160200] global_step=160200, grad_norm=4.77571439743042, loss=0.9437277317047119
I0831 21:36:19.133797 140462207792896 logging_writer.py:48] [160300] global_step=160300, grad_norm=4.864029884338379, loss=0.9823747277259827
I0831 21:36:46.280523 140462291654400 logging_writer.py:48] [160400] global_step=160400, grad_norm=5.000840663909912, loss=0.9484063982963562
I0831 21:37:13.513010 140462207792896 logging_writer.py:48] [160500] global_step=160500, grad_norm=4.963239669799805, loss=0.9105367660522461
I0831 21:37:40.655997 140462291654400 logging_writer.py:48] [160600] global_step=160600, grad_norm=5.134299278259277, loss=0.9874027967453003
I0831 21:38:07.798678 140462207792896 logging_writer.py:48] [160700] global_step=160700, grad_norm=4.865184783935547, loss=0.9291127920150757
I0831 21:38:26.701415 140659750036672 spec.py:333] Evaluating on the training split.
I0831 21:38:33.055192 140659750036672 spec.py:346] Evaluating on the validation split.
I0831 21:38:44.212057 140659750036672 spec.py:363] Evaluating on the test split.
I0831 21:38:45.095850 140659750036672 submission_runner.py:516] Time since start: 44446.27s, 	Step: 160771, 	{'train/accuracy': Array(0.94876033, dtype=float32), 'train/loss': Array(0.18166068, dtype=float32), 'validation/accuracy': Array(0.75387996, dtype=float32), 'validation/loss': Array(1.07235, dtype=float32), 'validation/num_examples': 50000, 'test/accuracy': Array(0.62450004, dtype=float32), 'test/loss': Array(1.8409966, dtype=float32), 'test/num_examples': 10000, 'score': 43964.716457128525, 'total_duration': 44446.27172589302, 'accumulated_submission_time': 43964.716457128525, 'accumulated_eval_time': 478.41012358665466, 'accumulated_logging_time': 1.80169677734375}
I0831 21:38:45.162418 140462291654400 logging_writer.py:48] [160771] accumulated_eval_time=478.41, accumulated_logging_time=1.8017, accumulated_submission_time=43964.7, global_step=160771, preemption_count=0, score=43964.7, test/accuracy=0.624500036239624, test/loss=1.8409966230392456, test/num_examples=10000, total_duration=44446.3, train/accuracy=0.9487603306770325, train/loss=0.18166068196296692, validation/accuracy=0.753879964351654, validation/loss=1.072350025177002, validation/num_examples=50000
I0831 21:38:53.357166 140462207792896 logging_writer.py:48] [160800] global_step=160800, grad_norm=5.098038196563721, loss=0.9746597409248352
I0831 21:39:20.465385 140462291654400 logging_writer.py:48] [160900] global_step=160900, grad_norm=5.095700263977051, loss=1.0124276876449585
I0831 21:39:55.239290 140462207792896 logging_writer.py:48] [161000] global_step=161000, grad_norm=5.043336868286133, loss=1.0014071464538574
I0831 21:40:38.513604 140462291654400 logging_writer.py:48] [161100] global_step=161100, grad_norm=5.063284873962402, loss=0.9685930013656616
I0831 21:41:23.359558 140462207792896 logging_writer.py:48] [161200] global_step=161200, grad_norm=5.114185810089111, loss=0.9995945692062378
I0831 21:42:07.467256 140462291654400 logging_writer.py:48] [161300] global_step=161300, grad_norm=4.876865386962891, loss=0.9169625043869019
I0831 21:42:48.845308 140462207792896 logging_writer.py:48] [161400] global_step=161400, grad_norm=4.909302234649658, loss=0.9567756652832031
I0831 21:43:16.045150 140462291654400 logging_writer.py:48] [161500] global_step=161500, grad_norm=5.066482067108154, loss=0.9473592042922974
I0831 21:43:43.179838 140462207792896 logging_writer.py:48] [161600] global_step=161600, grad_norm=4.779394149780273, loss=0.8306132555007935
I0831 21:44:10.375538 140462291654400 logging_writer.py:48] [161700] global_step=161700, grad_norm=5.407292366027832, loss=1.0409095287322998
I0831 21:44:37.526360 140462207792896 logging_writer.py:48] [161800] global_step=161800, grad_norm=4.9781012535095215, loss=0.9446587562561035
I0831 21:45:04.678123 140462291654400 logging_writer.py:48] [161900] global_step=161900, grad_norm=4.614935874938965, loss=0.8507758378982544
I0831 21:45:32.105823 140462207792896 logging_writer.py:48] [162000] global_step=162000, grad_norm=4.996749401092529, loss=0.9923340678215027
I0831 21:45:59.217583 140462291654400 logging_writer.py:48] [162100] global_step=162100, grad_norm=4.919920921325684, loss=0.9165802001953125
I0831 21:46:26.359838 140462207792896 logging_writer.py:48] [162200] global_step=162200, grad_norm=5.001339912414551, loss=0.9442132711410522
I0831 21:46:53.547977 140462291654400 logging_writer.py:48] [162300] global_step=162300, grad_norm=5.357915878295898, loss=0.9715074896812439
I0831 21:47:24.361074 140462207792896 logging_writer.py:48] [162400] global_step=162400, grad_norm=5.192262649536133, loss=0.9739127159118652
I0831 21:47:52.472787 140462291654400 logging_writer.py:48] [162500] global_step=162500, grad_norm=5.2324652671813965, loss=0.9767922163009644
I0831 21:48:19.653805 140462207792896 logging_writer.py:48] [162600] global_step=162600, grad_norm=4.980734825134277, loss=1.0035372972488403
I0831 21:48:46.782135 140462291654400 logging_writer.py:48] [162700] global_step=162700, grad_norm=4.885928630828857, loss=0.8694019913673401
I0831 21:49:13.907143 140462207792896 logging_writer.py:48] [162800] global_step=162800, grad_norm=5.127648830413818, loss=0.9809357523918152
I0831 21:49:41.121764 140462291654400 logging_writer.py:48] [162900] global_step=162900, grad_norm=5.048933029174805, loss=0.9566844701766968
I0831 21:50:08.255216 140462207792896 logging_writer.py:48] [163000] global_step=163000, grad_norm=4.877925395965576, loss=0.8979131579399109
I0831 21:50:35.603696 140462291654400 logging_writer.py:48] [163100] global_step=163100, grad_norm=4.637904167175293, loss=0.8578420877456665
I0831 21:51:02.801772 140462207792896 logging_writer.py:48] [163200] global_step=163200, grad_norm=5.0354413986206055, loss=0.9485828280448914
I0831 21:51:29.975018 140462291654400 logging_writer.py:48] [163300] global_step=163300, grad_norm=5.110825538635254, loss=0.9954307675361633
I0831 21:51:57.095324 140462207792896 logging_writer.py:48] [163400] global_step=163400, grad_norm=5.001240253448486, loss=0.9435819983482361
I0831 21:52:24.289131 140462291654400 logging_writer.py:48] [163500] global_step=163500, grad_norm=5.503946304321289, loss=0.9919255971908569
I0831 21:52:51.410598 140462207792896 logging_writer.py:48] [163600] global_step=163600, grad_norm=5.035711288452148, loss=1.0071194171905518
I0831 21:53:18.542016 140462291654400 logging_writer.py:48] [163700] global_step=163700, grad_norm=5.052321910858154, loss=0.9421260952949524
I0831 21:53:45.735125 140462207792896 logging_writer.py:48] [163800] global_step=163800, grad_norm=5.289350509643555, loss=1.1293590068817139
I0831 21:54:12.906118 140462291654400 logging_writer.py:48] [163900] global_step=163900, grad_norm=4.6522345542907715, loss=0.8945479393005371
I0831 21:54:40.028523 140462207792896 logging_writer.py:48] [164000] global_step=164000, grad_norm=4.963842391967773, loss=0.9680155515670776
I0831 21:55:07.244997 140462291654400 logging_writer.py:48] [164100] global_step=164100, grad_norm=5.109665870666504, loss=0.9674621820449829
I0831 21:55:34.592551 140462207792896 logging_writer.py:48] [164200] global_step=164200, grad_norm=5.462714672088623, loss=0.9511999487876892
I0831 21:56:01.718972 140462291654400 logging_writer.py:48] [164300] global_step=164300, grad_norm=5.171063423156738, loss=1.0255486965179443
I0831 21:56:28.910925 140462207792896 logging_writer.py:48] [164400] global_step=164400, grad_norm=5.282876014709473, loss=1.0285884141921997
I0831 21:56:56.068378 140462291654400 logging_writer.py:48] [164500] global_step=164500, grad_norm=4.706733703613281, loss=0.8541030287742615
I0831 21:57:23.201829 140462207792896 logging_writer.py:48] [164600] global_step=164600, grad_norm=5.162103176116943, loss=0.9180993437767029
I0831 21:57:50.393200 140462291654400 logging_writer.py:48] [164700] global_step=164700, grad_norm=5.020479202270508, loss=0.9766398668289185
I0831 21:58:17.511663 140462207792896 logging_writer.py:48] [164800] global_step=164800, grad_norm=4.7006731033325195, loss=0.8993335962295532
I0831 21:58:44.644565 140462291654400 logging_writer.py:48] [164900] global_step=164900, grad_norm=4.851202011108398, loss=0.9187802672386169
I0831 21:59:11.841597 140462207792896 logging_writer.py:48] [165000] global_step=165000, grad_norm=4.951328754425049, loss=0.9593105912208557
I0831 21:59:38.977236 140462291654400 logging_writer.py:48] [165100] global_step=165100, grad_norm=5.194088459014893, loss=0.9817239046096802
I0831 22:00:06.101523 140462207792896 logging_writer.py:48] [165200] global_step=165200, grad_norm=5.032107353210449, loss=0.9262283444404602
I0831 22:00:33.593572 140462291654400 logging_writer.py:48] [165300] global_step=165300, grad_norm=5.002983093261719, loss=0.9303833246231079
I0831 22:01:00.729788 140462207792896 logging_writer.py:48] [165400] global_step=165400, grad_norm=5.304816722869873, loss=0.9452857971191406
I0831 22:01:27.868565 140462291654400 logging_writer.py:48] [165500] global_step=165500, grad_norm=5.339747428894043, loss=1.0003089904785156
I0831 22:01:55.064239 140462207792896 logging_writer.py:48] [165600] global_step=165600, grad_norm=5.1085004806518555, loss=1.0624154806137085
I0831 22:02:22.203017 140462291654400 logging_writer.py:48] [165700] global_step=165700, grad_norm=4.9945573806762695, loss=0.9381334185600281
I0831 22:02:49.308668 140462207792896 logging_writer.py:48] [165800] global_step=165800, grad_norm=4.689522743225098, loss=0.9119595885276794
I0831 22:03:16.495235 140462291654400 logging_writer.py:48] [165900] global_step=165900, grad_norm=4.885805606842041, loss=0.9081794023513794
I0831 22:03:43.635086 140462207792896 logging_writer.py:48] [166000] global_step=166000, grad_norm=5.234796047210693, loss=1.0034908056259155
I0831 22:04:10.776830 140462291654400 logging_writer.py:48] [166100] global_step=166100, grad_norm=5.067605495452881, loss=0.9637454152107239
I0831 22:04:37.955425 140462207792896 logging_writer.py:48] [166200] global_step=166200, grad_norm=5.16677188873291, loss=1.0152298212051392
I0831 22:05:05.330614 140462291654400 logging_writer.py:48] [166300] global_step=166300, grad_norm=5.018907070159912, loss=0.9588017463684082
I0831 22:05:32.490901 140462207792896 logging_writer.py:48] [166400] global_step=166400, grad_norm=5.031796455383301, loss=0.9180569648742676
I0831 22:05:59.679502 140462291654400 logging_writer.py:48] [166500] global_step=166500, grad_norm=4.960878372192383, loss=0.8948320150375366
I0831 22:06:26.797247 140462207792896 logging_writer.py:48] [166600] global_step=166600, grad_norm=4.9406256675720215, loss=0.9352167844772339
I0831 22:06:53.912856 140462291654400 logging_writer.py:48] [166700] global_step=166700, grad_norm=5.076388835906982, loss=0.9608315229415894
I0831 22:07:21.111330 140462207792896 logging_writer.py:48] [166800] global_step=166800, grad_norm=5.068970680236816, loss=0.9386606812477112
I0831 22:07:48.240593 140462291654400 logging_writer.py:48] [166900] global_step=166900, grad_norm=4.996463775634766, loss=0.9130566716194153
I0831 22:08:15.388851 140462207792896 logging_writer.py:48] [167000] global_step=167000, grad_norm=5.340920448303223, loss=1.0733318328857422
I0831 22:08:42.582410 140462291654400 logging_writer.py:48] [167100] global_step=167100, grad_norm=4.7588725090026855, loss=0.850719690322876
I0831 22:09:09.719810 140462207792896 logging_writer.py:48] [167200] global_step=167200, grad_norm=5.0988006591796875, loss=0.9281388521194458
I0831 22:09:36.890285 140462291654400 logging_writer.py:48] [167300] global_step=167300, grad_norm=5.188480854034424, loss=0.9607030153274536
I0831 22:10:04.303669 140462207792896 logging_writer.py:48] [167400] global_step=167400, grad_norm=5.070847034454346, loss=0.9176207184791565
I0831 22:10:31.440529 140462291654400 logging_writer.py:48] [167500] global_step=167500, grad_norm=5.078551769256592, loss=0.8954919576644897
I0831 22:10:58.586200 140462207792896 logging_writer.py:48] [167600] global_step=167600, grad_norm=5.082925796508789, loss=1.0074293613433838
I0831 22:11:25.785268 140462291654400 logging_writer.py:48] [167700] global_step=167700, grad_norm=5.373117446899414, loss=0.9898949265480042
I0831 22:11:52.925725 140462207792896 logging_writer.py:48] [167800] global_step=167800, grad_norm=5.000267028808594, loss=0.9166758060455322
I0831 22:12:01.215854 140659750036672 spec.py:333] Evaluating on the training split.
I0831 22:12:07.611867 140659750036672 spec.py:346] Evaluating on the validation split.
I0831 22:12:19.544370 140659750036672 spec.py:363] Evaluating on the test split.
I0831 22:12:20.441216 140659750036672 submission_runner.py:516] Time since start: 46461.62s, 	Step: 167832, 	{'train/accuracy': Array(0.9493782, dtype=float32), 'train/loss': Array(0.18224207, dtype=float32), 'validation/accuracy': Array(0.75308, dtype=float32), 'validation/loss': Array(1.0753248, dtype=float32), 'validation/num_examples': 50000, 'test/accuracy': Array(0.6258, dtype=float32), 'test/loss': Array(1.850111, dtype=float32), 'test/num_examples': 10000, 'score': 45960.701127529144, 'total_duration': 46461.61534452438, 'accumulated_submission_time': 45960.701127529144, 'accumulated_eval_time': 497.63209295272827, 'accumulated_logging_time': 1.8793811798095703}
I0831 22:12:20.563740 140462291654400 logging_writer.py:48] [167832] accumulated_eval_time=497.632, accumulated_logging_time=1.87938, accumulated_submission_time=45960.7, global_step=167832, preemption_count=0, score=45960.7, test/accuracy=0.6258000135421753, test/loss=1.8501110076904297, test/num_examples=10000, total_duration=46461.6, train/accuracy=0.9493781924247742, train/loss=0.18224206566810608, validation/accuracy=0.7530800104141235, validation/loss=1.0753247737884521, validation/num_examples=50000
I0831 22:12:39.361716 140462207792896 logging_writer.py:48] [167900] global_step=167900, grad_norm=5.249515533447266, loss=0.9779113531112671
I0831 22:13:06.531573 140462291654400 logging_writer.py:48] [168000] global_step=168000, grad_norm=4.947891712188721, loss=0.9121688604354858
I0831 22:13:37.970142 140462207792896 logging_writer.py:48] [168100] global_step=168100, grad_norm=5.0595221519470215, loss=1.006283164024353
I0831 22:14:20.050939 140462291654400 logging_writer.py:48] [168200] global_step=168200, grad_norm=4.771828651428223, loss=0.9053659439086914
I0831 22:15:02.916015 140462207792896 logging_writer.py:48] [168300] global_step=168300, grad_norm=4.841762065887451, loss=0.9043993949890137
I0831 22:15:46.139372 140462291654400 logging_writer.py:48] [168400] global_step=168400, grad_norm=5.188339710235596, loss=0.9599301218986511
I0831 22:16:28.596869 140462207792896 logging_writer.py:48] [168500] global_step=168500, grad_norm=5.2734832763671875, loss=1.0038108825683594
I0831 22:17:11.957236 140462291654400 logging_writer.py:48] [168600] global_step=168600, grad_norm=4.854990482330322, loss=0.9786995053291321
I0831 22:17:54.846849 140462207792896 logging_writer.py:48] [168700] global_step=168700, grad_norm=5.28982400894165, loss=0.9922857284545898
I0831 22:18:38.281803 140462291654400 logging_writer.py:48] [168800] global_step=168800, grad_norm=5.279576301574707, loss=1.0417850017547607
I0831 22:19:17.872385 140462207792896 logging_writer.py:48] [168900] global_step=168900, grad_norm=4.88008975982666, loss=0.9583238363265991
I0831 22:19:45.962125 140462291654400 logging_writer.py:48] [169000] global_step=169000, grad_norm=5.051194190979004, loss=0.8823865652084351
I0831 22:20:13.667649 140462207792896 logging_writer.py:48] [169100] global_step=169100, grad_norm=5.224035739898682, loss=0.9260735511779785
I0831 22:20:41.052379 140462291654400 logging_writer.py:48] [169200] global_step=169200, grad_norm=5.120239734649658, loss=1.0295157432556152
I0831 22:21:20.155750 140462207792896 logging_writer.py:48] [169300] global_step=169300, grad_norm=4.997237205505371, loss=0.9371074438095093
I0831 22:22:05.152720 140462291654400 logging_writer.py:48] [169400] global_step=169400, grad_norm=4.812235355377197, loss=0.9006893634796143
I0831 22:22:48.912215 140462207792896 logging_writer.py:48] [169500] global_step=169500, grad_norm=4.933948993682861, loss=0.9436824917793274
I0831 22:23:29.916634 140462291654400 logging_writer.py:48] [169600] global_step=169600, grad_norm=4.9962310791015625, loss=0.9614154696464539
I0831 22:24:10.534910 140462207792896 logging_writer.py:48] [169700] global_step=169700, grad_norm=4.866765022277832, loss=0.9026402831077576
I0831 22:24:52.484248 140462291654400 logging_writer.py:48] [169800] global_step=169800, grad_norm=4.952950477600098, loss=0.945799708366394
I0831 22:25:34.941564 140462207792896 logging_writer.py:48] [169900] global_step=169900, grad_norm=5.139213562011719, loss=0.9639832973480225
I0831 22:26:17.609127 140462291654400 logging_writer.py:48] [170000] global_step=170000, grad_norm=4.9815263748168945, loss=0.880686342716217
I0831 22:26:59.548337 140462207792896 logging_writer.py:48] [170100] global_step=170100, grad_norm=5.028893947601318, loss=0.9958508014678955
I0831 22:27:43.940606 140462291654400 logging_writer.py:48] [170200] global_step=170200, grad_norm=5.083122253417969, loss=0.9931449890136719
I0831 22:28:27.609377 140462207792896 logging_writer.py:48] [170300] global_step=170300, grad_norm=5.182442665100098, loss=0.9561965465545654
I0831 22:29:10.546769 140462291654400 logging_writer.py:48] [170400] global_step=170400, grad_norm=5.034732818603516, loss=0.9193260669708252
I0831 22:29:52.377224 140462207792896 logging_writer.py:48] [170500] global_step=170500, grad_norm=5.213207244873047, loss=0.9506373405456543
I0831 22:30:35.620006 140462291654400 logging_writer.py:48] [170600] global_step=170600, grad_norm=5.281569004058838, loss=0.9350639581680298
I0831 22:31:20.132289 140462207792896 logging_writer.py:48] [170700] global_step=170700, grad_norm=5.124488353729248, loss=0.9277832508087158
I0831 22:32:03.582141 140462291654400 logging_writer.py:48] [170800] global_step=170800, grad_norm=4.886213302612305, loss=0.9536986351013184
I0831 22:32:45.789853 140462207792896 logging_writer.py:48] [170900] global_step=170900, grad_norm=5.06386137008667, loss=0.9789506196975708
I0831 22:33:28.447354 140462291654400 logging_writer.py:48] [171000] global_step=171000, grad_norm=4.8332390785217285, loss=0.9135371446609497
I0831 22:34:10.364440 140462207792896 logging_writer.py:48] [171100] global_step=171100, grad_norm=5.0275678634643555, loss=0.9423391222953796
I0831 22:34:53.801843 140462291654400 logging_writer.py:48] [171200] global_step=171200, grad_norm=4.8156938552856445, loss=0.9010908007621765
I0831 22:35:38.533423 140462207792896 logging_writer.py:48] [171300] global_step=171300, grad_norm=5.0445404052734375, loss=0.9327936768531799
I0831 22:36:24.490343 140462291654400 logging_writer.py:48] [171400] global_step=171400, grad_norm=5.077574253082275, loss=0.9776238203048706
I0831 22:37:08.598884 140462207792896 logging_writer.py:48] [171500] global_step=171500, grad_norm=5.1444478034973145, loss=0.9815625548362732
I0831 22:37:54.914034 140462291654400 logging_writer.py:48] [171600] global_step=171600, grad_norm=4.952216625213623, loss=0.9028355479240417
I0831 22:38:41.361954 140462207792896 logging_writer.py:48] [171700] global_step=171700, grad_norm=5.315011978149414, loss=0.9862964153289795
I0831 22:39:28.852830 140462291654400 logging_writer.py:48] [171800] global_step=171800, grad_norm=4.855005741119385, loss=0.9074143171310425
I0831 22:40:17.278409 140462207792896 logging_writer.py:48] [171900] global_step=171900, grad_norm=5.167689323425293, loss=0.9997232556343079
I0831 22:41:09.024457 140462291654400 logging_writer.py:48] [172000] global_step=172000, grad_norm=4.871642112731934, loss=0.9030478000640869
I0831 22:41:59.241652 140462207792896 logging_writer.py:48] [172100] global_step=172100, grad_norm=4.943066596984863, loss=0.9310522079467773
I0831 22:42:51.092289 140462291654400 logging_writer.py:48] [172200] global_step=172200, grad_norm=5.299054145812988, loss=0.9719447493553162
I0831 22:43:41.175223 140462207792896 logging_writer.py:48] [172300] global_step=172300, grad_norm=5.20459508895874, loss=0.9850228428840637
I0831 22:44:30.510998 140462291654400 logging_writer.py:48] [172400] global_step=172400, grad_norm=5.192038536071777, loss=1.0121500492095947
I0831 22:45:19.684081 140462207792896 logging_writer.py:48] [172500] global_step=172500, grad_norm=4.864529132843018, loss=0.8867329955101013
I0831 22:45:36.645315 140659750036672 spec.py:333] Evaluating on the training split.
I0831 22:45:45.035536 140659750036672 spec.py:346] Evaluating on the validation split.
I0831 22:46:14.289816 140659750036672 spec.py:363] Evaluating on the test split.
I0831 22:46:15.369348 140659750036672 submission_runner.py:516] Time since start: 48496.35s, 	Step: 172536, 	{'train/accuracy': Array(0.9483219, dtype=float32), 'train/loss': Array(0.18042949, dtype=float32), 'validation/accuracy': Array(0.75468, dtype=float32), 'validation/loss': Array(1.0734031, dtype=float32), 'validation/num_examples': 50000, 'test/accuracy': Array(0.62750006, dtype=float32), 'test/loss': Array(1.8528265, dtype=float32), 'test/num_examples': 10000, 'score': 47956.73145079613, 'total_duration': 48496.35363531113, 'accumulated_submission_time': 47956.73145079613, 'accumulated_eval_time': 536.1628928184509, 'accumulated_logging_time': 2.010361909866333}
I0831 22:46:15.873483 140462291654400 logging_writer.py:48] [172536] accumulated_eval_time=536.163, accumulated_logging_time=2.01036, accumulated_submission_time=47956.7, global_step=172536, preemption_count=0, score=47956.7, test/accuracy=0.627500057220459, test/loss=1.852826476097107, test/num_examples=10000, total_duration=48496.4, train/accuracy=0.9483218789100647, train/loss=0.18042948842048645, validation/accuracy=0.7546799778938293, validation/loss=1.0734031200408936, validation/num_examples=50000
I0831 22:46:42.520467 140462207792896 logging_writer.py:48] [172600] global_step=172600, grad_norm=4.952641010284424, loss=0.9319667816162109
I0831 22:47:30.214604 140462291654400 logging_writer.py:48] [172700] global_step=172700, grad_norm=4.818584442138672, loss=0.9227604866027832
I0831 22:48:17.454384 140462207792896 logging_writer.py:48] [172800] global_step=172800, grad_norm=5.173440456390381, loss=1.0223735570907593
I0831 22:49:06.222964 140462291654400 logging_writer.py:48] [172900] global_step=172900, grad_norm=5.130667209625244, loss=0.9341515302658081
I0831 22:49:54.743420 140462207792896 logging_writer.py:48] [173000] global_step=173000, grad_norm=4.85006046295166, loss=0.9061501026153564
I0831 22:50:42.810330 140462291654400 logging_writer.py:48] [173100] global_step=173100, grad_norm=5.253986358642578, loss=1.0068721771240234
I0831 22:51:29.252436 140462207792896 logging_writer.py:48] [173200] global_step=173200, grad_norm=5.012919902801514, loss=0.917576014995575
I0831 22:52:15.753137 140462291654400 logging_writer.py:48] [173300] global_step=173300, grad_norm=5.046753883361816, loss=0.9700452089309692
I0831 22:53:00.476390 140462207792896 logging_writer.py:48] [173400] global_step=173400, grad_norm=4.817607879638672, loss=0.931251585483551
I0831 22:53:44.061093 140462291654400 logging_writer.py:48] [173500] global_step=173500, grad_norm=5.2205424308776855, loss=0.94095778465271
I0831 22:54:27.765555 140462207792896 logging_writer.py:48] [173600] global_step=173600, grad_norm=5.071459770202637, loss=0.9952388405799866
I0831 22:55:12.536483 140462291654400 logging_writer.py:48] [173700] global_step=173700, grad_norm=4.991672992706299, loss=0.9414447546005249
I0831 22:55:56.837494 140462207792896 logging_writer.py:48] [173800] global_step=173800, grad_norm=5.235715866088867, loss=1.0271356105804443
I0831 22:56:40.227126 140462291654400 logging_writer.py:48] [173900] global_step=173900, grad_norm=4.8656325340271, loss=0.8749480247497559
I0831 22:57:25.781465 140462207792896 logging_writer.py:48] [174000] global_step=174000, grad_norm=4.987722873687744, loss=0.9106559157371521
I0831 22:58:09.783246 140462291654400 logging_writer.py:48] [174100] global_step=174100, grad_norm=5.120002746582031, loss=0.9853039979934692
I0831 22:58:52.881175 140462207792896 logging_writer.py:48] [174200] global_step=174200, grad_norm=4.902224063873291, loss=0.9015776515007019
I0831 22:59:35.447818 140462291654400 logging_writer.py:48] [174300] global_step=174300, grad_norm=5.2856831550598145, loss=0.9611312747001648
I0831 23:00:19.423662 140462207792896 logging_writer.py:48] [174400] global_step=174400, grad_norm=4.720272064208984, loss=0.8351663947105408
I0831 23:01:04.165485 140462291654400 logging_writer.py:48] [174500] global_step=174500, grad_norm=4.996337413787842, loss=0.9317958950996399
I0831 23:01:46.671909 140462207792896 logging_writer.py:48] [174600] global_step=174600, grad_norm=4.925080299377441, loss=0.9542815685272217
I0831 23:02:29.522642 140462291654400 logging_writer.py:48] [174700] global_step=174700, grad_norm=5.25102424621582, loss=1.0014592409133911
I0831 23:03:11.704177 140462207792896 logging_writer.py:48] [174800] global_step=174800, grad_norm=5.045250415802002, loss=0.933146595954895
I0831 23:03:54.511243 140462291654400 logging_writer.py:48] [174900] global_step=174900, grad_norm=5.323514461517334, loss=0.9493603706359863
I0831 23:04:39.342868 140462207792896 logging_writer.py:48] [175000] global_step=175000, grad_norm=5.004557132720947, loss=0.975064218044281
I0831 23:05:23.392998 140462291654400 logging_writer.py:48] [175100] global_step=175100, grad_norm=4.905547142028809, loss=0.9189598560333252
I0831 23:06:08.910784 140462207792896 logging_writer.py:48] [175200] global_step=175200, grad_norm=5.169896125793457, loss=0.921867847442627
I0831 23:06:52.146848 140462291654400 logging_writer.py:48] [175300] global_step=175300, grad_norm=4.7265706062316895, loss=0.824954628944397
I0831 23:07:37.516496 140462207792896 logging_writer.py:48] [175400] global_step=175400, grad_norm=5.315758228302002, loss=0.9758365750312805
I0831 23:08:21.836453 140462291654400 logging_writer.py:48] [175500] global_step=175500, grad_norm=5.231678009033203, loss=0.9635101556777954
I0831 23:09:05.186280 140462207792896 logging_writer.py:48] [175600] global_step=175600, grad_norm=5.154740333557129, loss=0.9458163976669312
I0831 23:09:49.731126 140462291654400 logging_writer.py:48] [175700] global_step=175700, grad_norm=4.905780792236328, loss=0.938208281993866
I0831 23:10:32.689327 140462207792896 logging_writer.py:48] [175800] global_step=175800, grad_norm=4.883871078491211, loss=0.9667889475822449
I0831 23:11:15.946782 140462291654400 logging_writer.py:48] [175900] global_step=175900, grad_norm=4.90940523147583, loss=0.9547457695007324
I0831 23:11:59.168535 140462207792896 logging_writer.py:48] [176000] global_step=176000, grad_norm=5.070376396179199, loss=0.9594306945800781
I0831 23:12:43.502179 140462291654400 logging_writer.py:48] [176100] global_step=176100, grad_norm=5.105963230133057, loss=0.9802647829055786
I0831 23:13:25.875019 140462207792896 logging_writer.py:48] [176200] global_step=176200, grad_norm=5.159963607788086, loss=1.0186784267425537
I0831 23:14:10.202975 140462291654400 logging_writer.py:48] [176300] global_step=176300, grad_norm=5.227097034454346, loss=0.8960621356964111
I0831 23:14:55.013187 140462207792896 logging_writer.py:48] [176400] global_step=176400, grad_norm=5.1046576499938965, loss=0.9798374176025391
I0831 23:15:38.931752 140462291654400 logging_writer.py:48] [176500] global_step=176500, grad_norm=5.162769317626953, loss=0.9073487520217896
I0831 23:16:23.981596 140462207792896 logging_writer.py:48] [176600] global_step=176600, grad_norm=5.0620598793029785, loss=0.9283930063247681
I0831 23:17:06.849113 140462291654400 logging_writer.py:48] [176700] global_step=176700, grad_norm=4.8068766593933105, loss=0.9714906811714172
I0831 23:17:52.655359 140462207792896 logging_writer.py:48] [176800] global_step=176800, grad_norm=4.8712592124938965, loss=0.8779171705245972
I0831 23:18:37.031484 140462291654400 logging_writer.py:48] [176900] global_step=176900, grad_norm=5.1905837059021, loss=0.9603651165962219
I0831 23:19:19.323199 140462207792896 logging_writer.py:48] [177000] global_step=177000, grad_norm=5.116184711456299, loss=0.8888077735900879
I0831 23:19:31.551317 140659750036672 spec.py:333] Evaluating on the training split.
I0831 23:19:39.755292 140659750036672 spec.py:346] Evaluating on the validation split.
I0831 23:20:08.067660 140659750036672 spec.py:363] Evaluating on the test split.
I0831 23:20:09.106439 140659750036672 submission_runner.py:516] Time since start: 50530.09s, 	Step: 177030, 	{'train/accuracy': Array(0.94915897, dtype=float32), 'train/loss': Array(0.1775648, dtype=float32), 'validation/accuracy': Array(0.7549, dtype=float32), 'validation/loss': Array(1.0738461, dtype=float32), 'validation/num_examples': 50000, 'test/accuracy': Array(0.62630004, dtype=float32), 'test/loss': Array(1.8531942, dtype=float32), 'test/num_examples': 10000, 'score': 49952.29267835617, 'total_duration': 50530.0918970108, 'accumulated_submission_time': 49952.29267835617, 'accumulated_eval_time': 573.5259537696838, 'accumulated_logging_time': 2.5825936794281006}
I0831 23:20:09.540125 140462291654400 logging_writer.py:48] [177030] accumulated_eval_time=573.526, accumulated_logging_time=2.58259, accumulated_submission_time=49952.3, global_step=177030, preemption_count=0, score=49952.3, test/accuracy=0.626300036907196, test/loss=1.853194236755371, test/num_examples=10000, total_duration=50530.1, train/accuracy=0.9491589665412903, train/loss=0.177564799785614, validation/accuracy=0.7548999786376953, validation/loss=1.0738461017608643, validation/num_examples=50000
I0831 23:20:35.203486 140462207792896 logging_writer.py:48] [177100] global_step=177100, grad_norm=5.074657440185547, loss=0.9274404048919678
I0831 23:21:19.105588 140462291654400 logging_writer.py:48] [177200] global_step=177200, grad_norm=5.000508785247803, loss=0.9121726751327515
I0831 23:22:02.503638 140462207792896 logging_writer.py:48] [177300] global_step=177300, grad_norm=4.9493207931518555, loss=0.9564206600189209
I0831 23:22:46.483117 140462291654400 logging_writer.py:48] [177400] global_step=177400, grad_norm=5.007307529449463, loss=0.9345482587814331
I0831 23:23:32.552372 140462207792896 logging_writer.py:48] [177500] global_step=177500, grad_norm=5.067407608032227, loss=0.9543004035949707
I0831 23:24:18.334029 140462291654400 logging_writer.py:48] [177600] global_step=177600, grad_norm=4.986429214477539, loss=0.909703254699707
I0831 23:25:05.651735 140462207792896 logging_writer.py:48] [177700] global_step=177700, grad_norm=5.141106128692627, loss=0.9536807537078857
I0831 23:25:53.818519 140462291654400 logging_writer.py:48] [177800] global_step=177800, grad_norm=5.247263431549072, loss=0.932931125164032
I0831 23:26:42.943144 140462207792896 logging_writer.py:48] [177900] global_step=177900, grad_norm=4.958828449249268, loss=0.9373376369476318
I0831 23:27:32.294521 140462291654400 logging_writer.py:48] [178000] global_step=178000, grad_norm=5.335000038146973, loss=0.9289266467094421
I0831 23:28:17.733265 140462207792896 logging_writer.py:48] [178100] global_step=178100, grad_norm=4.823667526245117, loss=0.914096474647522
I0831 23:29:04.535987 140462291654400 logging_writer.py:48] [178200] global_step=178200, grad_norm=5.229920387268066, loss=0.9330036640167236
I0831 23:29:50.083599 140462207792896 logging_writer.py:48] [178300] global_step=178300, grad_norm=4.936186790466309, loss=0.9288408756256104
I0831 23:30:34.946969 140462291654400 logging_writer.py:48] [178400] global_step=178400, grad_norm=4.637578010559082, loss=0.8261798620223999
I0831 23:31:20.790790 140462207792896 logging_writer.py:48] [178500] global_step=178500, grad_norm=5.266441345214844, loss=0.9718639850616455
I0831 23:32:06.842786 140462291654400 logging_writer.py:48] [178600] global_step=178600, grad_norm=5.244848251342773, loss=0.9647239446640015
I0831 23:32:53.262911 140462207792896 logging_writer.py:48] [178700] global_step=178700, grad_norm=4.909234523773193, loss=0.864410400390625
I0831 23:33:38.938832 140462291654400 logging_writer.py:48] [178800] global_step=178800, grad_norm=4.787827491760254, loss=0.879813551902771
I0831 23:34:26.841154 140462207792896 logging_writer.py:48] [178900] global_step=178900, grad_norm=4.949629783630371, loss=0.8708364367485046
I0831 23:35:11.679471 140462291654400 logging_writer.py:48] [179000] global_step=179000, grad_norm=5.292900562286377, loss=0.9856553673744202
I0831 23:35:57.737233 140462207792896 logging_writer.py:48] [179100] global_step=179100, grad_norm=4.838003158569336, loss=0.8596022129058838
I0831 23:36:43.077682 140462291654400 logging_writer.py:48] [179200] global_step=179200, grad_norm=5.207801342010498, loss=0.9942983984947205
I0831 23:37:27.784674 140462207792896 logging_writer.py:48] [179300] global_step=179300, grad_norm=4.871219158172607, loss=0.912481427192688
I0831 23:38:15.152010 140462291654400 logging_writer.py:48] [179400] global_step=179400, grad_norm=4.915262699127197, loss=0.9612508416175842
I0831 23:38:58.830628 140462207792896 logging_writer.py:48] [179500] global_step=179500, grad_norm=5.254115581512451, loss=1.0035550594329834
I0831 23:39:42.004836 140462291654400 logging_writer.py:48] [179600] global_step=179600, grad_norm=5.0665106773376465, loss=0.9190337657928467
I0831 23:40:25.266832 140462207792896 logging_writer.py:48] [179700] global_step=179700, grad_norm=5.0718674659729, loss=0.9340239763259888
I0831 23:41:08.883384 140462291654400 logging_writer.py:48] [179800] global_step=179800, grad_norm=5.068124294281006, loss=0.9368919134140015
I0831 23:41:53.312387 140462207792896 logging_writer.py:48] [179900] global_step=179900, grad_norm=4.964376926422119, loss=0.9363213777542114
I0831 23:42:37.405147 140462291654400 logging_writer.py:48] [180000] global_step=180000, grad_norm=5.2110700607299805, loss=0.9083186984062195
I0831 23:43:20.424063 140462207792896 logging_writer.py:48] [180100] global_step=180100, grad_norm=5.152426242828369, loss=0.9668314456939697
I0831 23:44:03.821759 140462291654400 logging_writer.py:48] [180200] global_step=180200, grad_norm=4.947897434234619, loss=0.863544225692749
I0831 23:44:46.258082 140462207792896 logging_writer.py:48] [180300] global_step=180300, grad_norm=5.269309043884277, loss=0.9609748721122742
I0831 23:45:31.399881 140462291654400 logging_writer.py:48] [180400] global_step=180400, grad_norm=4.914673328399658, loss=0.8598454594612122
I0831 23:46:14.139460 140462207792896 logging_writer.py:48] [180500] global_step=180500, grad_norm=5.121306419372559, loss=0.9007447957992554
I0831 23:46:57.369444 140462291654400 logging_writer.py:48] [180600] global_step=180600, grad_norm=4.847136497497559, loss=0.9385638236999512
I0831 23:47:42.880849 140462207792896 logging_writer.py:48] [180700] global_step=180700, grad_norm=5.285668849945068, loss=0.8860064744949341
I0831 23:48:26.378141 140462291654400 logging_writer.py:48] [180800] global_step=180800, grad_norm=5.47243070602417, loss=1.0369856357574463
I0831 23:49:09.662722 140462207792896 logging_writer.py:48] [180900] global_step=180900, grad_norm=4.862879276275635, loss=0.8778634071350098
I0831 23:49:51.632477 140462291654400 logging_writer.py:48] [181000] global_step=181000, grad_norm=5.1417670249938965, loss=0.9430004358291626
I0831 23:50:34.535393 140462207792896 logging_writer.py:48] [181100] global_step=181100, grad_norm=5.1278204917907715, loss=0.9381250143051147
I0831 23:51:19.419407 140462291654400 logging_writer.py:48] [181200] global_step=181200, grad_norm=4.989552021026611, loss=0.9107352495193481
I0831 23:52:02.146924 140462207792896 logging_writer.py:48] [181300] global_step=181300, grad_norm=4.891119956970215, loss=0.9983269572257996
I0831 23:52:46.875212 140462291654400 logging_writer.py:48] [181400] global_step=181400, grad_norm=4.934650897979736, loss=0.9219993948936462
I0831 23:53:25.018694 140659750036672 spec.py:333] Evaluating on the training split.
I0831 23:53:33.338346 140659750036672 spec.py:346] Evaluating on the validation split.
I0831 23:54:03.930612 140659750036672 spec.py:363] Evaluating on the test split.
I0831 23:54:05.021245 140659750036672 submission_runner.py:516] Time since start: 52565.99s, 	Step: 181488, 	{'train/accuracy': Array(0.9496771, dtype=float32), 'train/loss': Array(0.17702009, dtype=float32), 'validation/accuracy': Array(0.7542, dtype=float32), 'validation/loss': Array(1.0756431, dtype=float32), 'validation/num_examples': 50000, 'test/accuracy': Array(0.6247, dtype=float32), 'test/loss': Array(1.8563241, dtype=float32), 'test/num_examples': 10000, 'score': 51947.68952417374, 'total_duration': 52565.99465203285, 'accumulated_submission_time': 51947.68952417374, 'accumulated_eval_time': 613.3243944644928, 'accumulated_logging_time': 3.0541510581970215}
I0831 23:54:05.401913 140462207792896 logging_writer.py:48] [181488] accumulated_eval_time=613.324, accumulated_logging_time=3.05415, accumulated_submission_time=51947.7, global_step=181488, preemption_count=0, score=51947.7, test/accuracy=0.6247000098228455, test/loss=1.8563240766525269, test/num_examples=10000, total_duration=52566, train/accuracy=0.9496771097183228, train/loss=0.1770200878381729, validation/accuracy=0.7541999816894531, validation/loss=1.0756430625915527, validation/num_examples=50000
I0831 23:54:09.053733 140462291654400 logging_writer.py:48] [181500] global_step=181500, grad_norm=4.777865886688232, loss=0.8965727686882019
I0831 23:54:52.465248 140462207792896 logging_writer.py:48] [181600] global_step=181600, grad_norm=5.140329360961914, loss=0.9278042316436768
I0831 23:55:36.186586 140462291654400 logging_writer.py:48] [181700] global_step=181700, grad_norm=4.999294757843018, loss=0.9762254357337952
I0831 23:56:20.701881 140462207792896 logging_writer.py:48] [181800] global_step=181800, grad_norm=5.07246208190918, loss=0.9769768714904785
I0831 23:57:04.607062 140462291654400 logging_writer.py:48] [181900] global_step=181900, grad_norm=5.148148059844971, loss=0.9064602851867676
I0831 23:57:48.534315 140462207792896 logging_writer.py:48] [182000] global_step=182000, grad_norm=5.118179798126221, loss=0.934413492679596
I0831 23:58:32.118633 140462291654400 logging_writer.py:48] [182100] global_step=182100, grad_norm=4.733865737915039, loss=0.8654574155807495
I0831 23:59:14.740665 140462207792896 logging_writer.py:48] [182200] global_step=182200, grad_norm=5.078291416168213, loss=0.9450221657752991
I0831 23:59:56.733263 140462291654400 logging_writer.py:48] [182300] global_step=182300, grad_norm=5.220005035400391, loss=1.0215524435043335
I0901 00:00:38.850584 140462207792896 logging_writer.py:48] [182400] global_step=182400, grad_norm=5.337954998016357, loss=0.9765850305557251
I0901 00:01:21.233425 140462291654400 logging_writer.py:48] [182500] global_step=182500, grad_norm=5.019347667694092, loss=0.9512249231338501
I0901 00:02:06.312148 140462207792896 logging_writer.py:48] [182600] global_step=182600, grad_norm=5.237615585327148, loss=0.9594628214836121
I0901 00:02:51.786991 140462291654400 logging_writer.py:48] [182700] global_step=182700, grad_norm=5.192789077758789, loss=0.9290973544120789
I0901 00:03:34.570655 140462207792896 logging_writer.py:48] [182800] global_step=182800, grad_norm=5.269105911254883, loss=0.9676105380058289
I0901 00:04:19.161897 140462291654400 logging_writer.py:48] [182900] global_step=182900, grad_norm=5.040559768676758, loss=0.9061084389686584
I0901 00:05:02.478021 140462207792896 logging_writer.py:48] [183000] global_step=183000, grad_norm=5.288152694702148, loss=0.9055905938148499
I0901 00:05:45.752267 140462291654400 logging_writer.py:48] [183100] global_step=183100, grad_norm=5.114673614501953, loss=0.9928376078605652
I0901 00:06:29.390506 140462207792896 logging_writer.py:48] [183200] global_step=183200, grad_norm=5.065274238586426, loss=0.9406737089157104
I0901 00:07:12.406910 140462291654400 logging_writer.py:48] [183300] global_step=183300, grad_norm=5.222174167633057, loss=0.9908910989761353
I0901 00:07:56.581515 140462207792896 logging_writer.py:48] [183400] global_step=183400, grad_norm=5.186910152435303, loss=1.0142154693603516
I0901 00:08:39.082929 140462291654400 logging_writer.py:48] [183500] global_step=183500, grad_norm=5.188793182373047, loss=0.9178715944290161
I0901 00:09:22.360904 140462207792896 logging_writer.py:48] [183600] global_step=183600, grad_norm=5.012269020080566, loss=0.8652242422103882
I0901 00:10:06.715574 140462291654400 logging_writer.py:48] [183700] global_step=183700, grad_norm=5.013866424560547, loss=0.9137861728668213
I0901 00:10:49.695429 140462207792896 logging_writer.py:48] [183800] global_step=183800, grad_norm=4.726047992706299, loss=0.9475349187850952
I0901 00:11:33.319357 140462291654400 logging_writer.py:48] [183900] global_step=183900, grad_norm=5.415104389190674, loss=1.0028718709945679
I0901 00:12:17.171881 140462207792896 logging_writer.py:48] [184000] global_step=184000, grad_norm=5.02932071685791, loss=0.9207634925842285
I0901 00:13:00.630497 140462291654400 logging_writer.py:48] [184100] global_step=184100, grad_norm=5.21934175491333, loss=0.9405956864356995
I0901 00:13:42.884354 140462207792896 logging_writer.py:48] [184200] global_step=184200, grad_norm=5.0374932289123535, loss=0.9122084379196167
I0901 00:14:24.553991 140462291654400 logging_writer.py:48] [184300] global_step=184300, grad_norm=5.329568386077881, loss=0.9933372139930725
I0901 00:15:07.854610 140462207792896 logging_writer.py:48] [184400] global_step=184400, grad_norm=5.20517635345459, loss=0.9360822439193726
I0901 00:15:50.612025 140462291654400 logging_writer.py:48] [184500] global_step=184500, grad_norm=5.2653584480285645, loss=0.943243145942688
I0901 00:16:31.873199 140462207792896 logging_writer.py:48] [184600] global_step=184600, grad_norm=5.100636005401611, loss=0.9723906517028809
I0901 00:17:12.911286 140462291654400 logging_writer.py:48] [184700] global_step=184700, grad_norm=5.037036418914795, loss=0.893587589263916
I0901 00:17:53.410392 140462207792896 logging_writer.py:48] [184800] global_step=184800, grad_norm=4.871624946594238, loss=0.9598718285560608
I0901 00:18:35.501424 140462291654400 logging_writer.py:48] [184900] global_step=184900, grad_norm=5.006869316101074, loss=0.9689427614212036
I0901 00:19:17.804289 140462207792896 logging_writer.py:48] [185000] global_step=185000, grad_norm=5.496054649353027, loss=1.030204176902771
I0901 00:20:01.375579 140462291654400 logging_writer.py:48] [185100] global_step=185100, grad_norm=5.21451997756958, loss=0.927370548248291
I0901 00:20:45.802628 140462207792896 logging_writer.py:48] [185200] global_step=185200, grad_norm=5.04327917098999, loss=0.9798082709312439
I0901 00:21:29.182816 140462291654400 logging_writer.py:48] [185300] global_step=185300, grad_norm=5.153430461883545, loss=0.8965625762939453
I0901 00:22:13.234688 140462207792896 logging_writer.py:48] [185400] global_step=185400, grad_norm=4.855484485626221, loss=0.8252954483032227
I0901 00:22:55.850781 140462291654400 logging_writer.py:48] [185500] global_step=185500, grad_norm=5.368815898895264, loss=0.9600778222084045
I0901 00:23:38.282111 140462207792896 logging_writer.py:48] [185600] global_step=185600, grad_norm=5.042879581451416, loss=0.9022982716560364
I0901 00:24:22.932370 140462291654400 logging_writer.py:48] [185700] global_step=185700, grad_norm=4.767755031585693, loss=0.8865697979927063
I0901 00:25:06.352398 140462207792896 logging_writer.py:48] [185800] global_step=185800, grad_norm=5.294009208679199, loss=0.9720927476882935
I0901 00:25:48.083274 140462291654400 logging_writer.py:48] [185900] global_step=185900, grad_norm=5.371466636657715, loss=0.9233159422874451
I0901 00:26:30.799426 140462207792896 logging_writer.py:48] [186000] global_step=186000, grad_norm=5.047402381896973, loss=0.9401895999908447
I0901 00:27:13.242962 140462291654400 logging_writer.py:48] [186100] global_step=186100, grad_norm=5.203314304351807, loss=0.9863709211349487
I0901 00:27:21.226199 140659750036672 spec.py:333] Evaluating on the training split.
I0901 00:27:29.517195 140659750036672 spec.py:346] Evaluating on the validation split.
I0901 00:28:00.629547 140659750036672 spec.py:363] Evaluating on the test split.
I0901 00:28:01.736380 140659750036672 submission_runner.py:516] Time since start: 54602.69s, 	Step: 186120, 	{'train/accuracy': Array(0.9524673, dtype=float32), 'train/loss': Array(0.16976719, dtype=float32), 'validation/accuracy': Array(0.75492, dtype=float32), 'validation/loss': Array(1.0755513, dtype=float32), 'validation/num_examples': 50000, 'test/accuracy': Array(0.62640005, dtype=float32), 'test/loss': Array(1.8612959, dtype=float32), 'test/num_examples': 10000, 'score': 53943.41852045059, 'total_duration': 54602.69437932968, 'accumulated_submission_time': 53943.41852045059, 'accumulated_eval_time': 653.6150543689728, 'accumulated_logging_time': 3.488328456878662}
I0901 00:28:02.203574 140462207792896 logging_writer.py:48] [186120] accumulated_eval_time=653.615, accumulated_logging_time=3.48833, accumulated_submission_time=53943.4, global_step=186120, preemption_count=0, score=53943.4, test/accuracy=0.6264000535011292, test/loss=1.8612959384918213, test/num_examples=10000, total_duration=54602.7, train/accuracy=0.9524673223495483, train/loss=0.16976718604564667, validation/accuracy=0.7549200057983398, validation/loss=1.0755512714385986, validation/num_examples=50000
I0901 00:28:33.395898 140462291654400 logging_writer.py:48] [186200] global_step=186200, grad_norm=5.000091552734375, loss=0.9481979012489319
I0901 00:29:19.280950 140462207792896 logging_writer.py:48] [186300] global_step=186300, grad_norm=5.056436061859131, loss=0.9424130916595459
I0901 00:30:04.350382 140462291654400 logging_writer.py:48] [186400] global_step=186400, grad_norm=4.96738338470459, loss=1.038466215133667
I0901 00:30:51.092118 140462207792896 logging_writer.py:48] [186500] global_step=186500, grad_norm=5.094128131866455, loss=0.905540406703949
I0901 00:31:35.609941 140462291654400 logging_writer.py:48] [186600] global_step=186600, grad_norm=5.158945560455322, loss=0.969817578792572
I0901 00:32:18.378438 140462207792896 logging_writer.py:48] [186700] global_step=186700, grad_norm=5.110857963562012, loss=0.9462757110595703
I0901 00:33:01.582189 140462291654400 logging_writer.py:48] [186800] global_step=186800, grad_norm=5.516566276550293, loss=0.9779945611953735
I0901 00:33:46.901953 140462207792896 logging_writer.py:48] [186900] global_step=186900, grad_norm=5.100681304931641, loss=0.9281010627746582
I0901 00:34:33.072363 140462291654400 logging_writer.py:48] [187000] global_step=187000, grad_norm=4.957509994506836, loss=0.868954598903656
I0901 00:35:17.205519 140462207792896 logging_writer.py:48] [187100] global_step=187100, grad_norm=4.993037223815918, loss=0.9799744486808777
I0901 00:36:00.083300 140462291654400 logging_writer.py:48] [187200] global_step=187200, grad_norm=5.257252216339111, loss=0.9543837904930115
I0901 00:36:42.837701 140462207792896 logging_writer.py:48] [187300] global_step=187300, grad_norm=4.908782005310059, loss=0.8894467353820801
I0901 00:37:27.032659 140462291654400 logging_writer.py:48] [187400] global_step=187400, grad_norm=5.254242420196533, loss=0.9473912119865417
I0901 00:38:12.648122 140462207792896 logging_writer.py:48] [187500] global_step=187500, grad_norm=5.29475212097168, loss=0.9450246095657349
I0901 00:39:00.972084 140462291654400 logging_writer.py:48] [187600] global_step=187600, grad_norm=4.667696952819824, loss=0.8188464641571045
I0901 00:39:49.750685 140462207792896 logging_writer.py:48] [187700] global_step=187700, grad_norm=5.277328968048096, loss=0.9283656477928162
I0901 00:40:37.054332 140462291654400 logging_writer.py:48] [187800] global_step=187800, grad_norm=5.210704803466797, loss=0.9196891188621521
I0901 00:41:23.422458 140462207792896 logging_writer.py:48] [187900] global_step=187900, grad_norm=5.1303205490112305, loss=0.9339657425880432
I0901 00:42:10.498245 140462291654400 logging_writer.py:48] [188000] global_step=188000, grad_norm=5.2509446144104, loss=0.915166437625885
I0901 00:42:56.557884 140462207792896 logging_writer.py:48] [188100] global_step=188100, grad_norm=4.931962490081787, loss=0.8615691661834717
I0901 00:43:45.013665 140462291654400 logging_writer.py:48] [188200] global_step=188200, grad_norm=5.123899459838867, loss=0.9243561625480652
I0901 00:44:32.725351 140462207792896 logging_writer.py:48] [188300] global_step=188300, grad_norm=4.96083927154541, loss=0.9249551296234131
I0901 00:45:20.658367 140462291654400 logging_writer.py:48] [188400] global_step=188400, grad_norm=4.915194511413574, loss=0.9186629056930542
I0901 00:46:07.936869 140462207792896 logging_writer.py:48] [188500] global_step=188500, grad_norm=5.591803073883057, loss=0.9413820505142212
I0901 00:46:56.893549 140462291654400 logging_writer.py:48] [188600] global_step=188600, grad_norm=4.745026111602783, loss=0.9119367599487305
I0901 00:47:47.687024 140462207792896 logging_writer.py:48] [188700] global_step=188700, grad_norm=5.420844078063965, loss=1.0085724592208862
I0901 00:48:36.033409 140462291654400 logging_writer.py:48] [188800] global_step=188800, grad_norm=4.907855033874512, loss=0.9279282093048096
I0901 00:49:25.819334 140462207792896 logging_writer.py:48] [188900] global_step=188900, grad_norm=4.800914287567139, loss=0.8871800899505615
I0901 00:50:17.821497 140462291654400 logging_writer.py:48] [189000] global_step=189000, grad_norm=5.374838352203369, loss=1.019045352935791
I0901 00:51:09.741248 140462207792896 logging_writer.py:48] [189100] global_step=189100, grad_norm=5.106861114501953, loss=0.9028024077415466
I0901 00:51:59.969689 140462291654400 logging_writer.py:48] [189200] global_step=189200, grad_norm=5.169831275939941, loss=0.8804554343223572
I0901 00:52:49.845973 140462207792896 logging_writer.py:48] [189300] global_step=189300, grad_norm=5.192558288574219, loss=0.9043139815330505
I0901 00:53:41.607636 140462291654400 logging_writer.py:48] [189400] global_step=189400, grad_norm=4.936967849731445, loss=0.9367093443870544
I0901 00:54:32.814768 140462207792896 logging_writer.py:48] [189500] global_step=189500, grad_norm=4.999384880065918, loss=0.9523379802703857
I0901 00:55:25.170565 140462291654400 logging_writer.py:48] [189600] global_step=189600, grad_norm=5.008586883544922, loss=0.9157549738883972
I0901 00:56:16.354363 140462207792896 logging_writer.py:48] [189700] global_step=189700, grad_norm=5.018721580505371, loss=0.8735097646713257
I0901 00:57:08.041367 140462291654400 logging_writer.py:48] [189800] global_step=189800, grad_norm=5.122860431671143, loss=1.0168596506118774
I0901 00:57:59.246551 140462207792896 logging_writer.py:48] [189900] global_step=189900, grad_norm=4.8549885749816895, loss=0.8926045894622803
I0901 00:58:51.078748 140462291654400 logging_writer.py:48] [190000] global_step=190000, grad_norm=5.514739990234375, loss=0.9789514541625977
I0901 00:59:42.609136 140462207792896 logging_writer.py:48] [190100] global_step=190100, grad_norm=4.725882530212402, loss=0.8641881346702576
I0901 01:00:37.537830 140462291654400 logging_writer.py:48] [190200] global_step=190200, grad_norm=5.180016040802002, loss=0.8963220119476318
I0901 01:01:17.936188 140659750036672 spec.py:333] Evaluating on the training split.
I0901 01:01:26.115476 140659750036672 spec.py:346] Evaluating on the validation split.
I0901 01:01:53.676390 140659750036672 spec.py:363] Evaluating on the test split.
I0901 01:01:54.748594 140659750036672 submission_runner.py:516] Time since start: 56635.74s, 	Step: 190276, 	{'train/accuracy': Array(0.9514509, dtype=float32), 'train/loss': Array(0.17048396, dtype=float32), 'validation/accuracy': Array(0.75464, dtype=float32), 'validation/loss': Array(1.0741526, dtype=float32), 'validation/num_examples': 50000, 'test/accuracy': Array(0.6272, dtype=float32), 'test/loss': Array(1.8644032, dtype=float32), 'test/num_examples': 10000, 'score': 55939.05248832703, 'total_duration': 56635.74251246452, 'accumulated_submission_time': 55939.05248832703, 'accumulated_eval_time': 690.2438578605652, 'accumulated_logging_time': 4.0174477100372314}
I0901 01:01:55.211954 140462207792896 logging_writer.py:48] [190276] accumulated_eval_time=690.244, accumulated_logging_time=4.01745, accumulated_submission_time=55939.1, global_step=190276, preemption_count=0, score=55939.1, test/accuracy=0.6272000074386597, test/loss=1.864403247833252, test/num_examples=10000, total_duration=56635.7, train/accuracy=0.9514508843421936, train/loss=0.17048396170139313, validation/accuracy=0.7546399831771851, validation/loss=1.0741525888442993, validation/num_examples=50000
I0901 01:02:02.136723 140462291654400 logging_writer.py:48] [190300] global_step=190300, grad_norm=4.991329669952393, loss=0.9188385605812073
I0901 01:02:56.961960 140462207792896 logging_writer.py:48] [190400] global_step=190400, grad_norm=4.940360069274902, loss=0.9071121215820312
I0901 01:03:50.112859 140462291654400 logging_writer.py:48] [190500] global_step=190500, grad_norm=5.436657905578613, loss=0.9951790571212769
I0901 01:04:44.020709 140462207792896 logging_writer.py:48] [190600] global_step=190600, grad_norm=5.255477428436279, loss=0.9578527212142944
I0901 01:05:37.877246 140462291654400 logging_writer.py:48] [190700] global_step=190700, grad_norm=4.775386810302734, loss=0.9204561114311218
I0901 01:06:31.030667 140462207792896 logging_writer.py:48] [190800] global_step=190800, grad_norm=4.937310218811035, loss=0.9485346078872681
I0901 01:07:22.066493 140462291654400 logging_writer.py:48] [190900] global_step=190900, grad_norm=5.144085884094238, loss=0.929114580154419
I0901 01:08:14.996941 140462207792896 logging_writer.py:48] [191000] global_step=191000, grad_norm=4.886878490447998, loss=0.875161349773407
I0901 01:09:09.846013 140462291654400 logging_writer.py:48] [191100] global_step=191100, grad_norm=5.168906211853027, loss=0.9513559341430664
I0901 01:10:02.066124 140462207792896 logging_writer.py:48] [191200] global_step=191200, grad_norm=5.106042385101318, loss=0.8795433044433594
I0901 01:10:54.012265 140462291654400 logging_writer.py:48] [191300] global_step=191300, grad_norm=5.0199079513549805, loss=0.9926417469978333
I0901 01:11:46.462804 140462207792896 logging_writer.py:48] [191400] global_step=191400, grad_norm=5.14337682723999, loss=0.9436733722686768
I0901 01:12:39.908333 140462291654400 logging_writer.py:48] [191500] global_step=191500, grad_norm=5.4088850021362305, loss=1.0049258470535278
I0901 01:13:33.430194 140462207792896 logging_writer.py:48] [191600] global_step=191600, grad_norm=5.163417339324951, loss=0.9149528741836548
I0901 01:14:26.484310 140462291654400 logging_writer.py:48] [191700] global_step=191700, grad_norm=5.281464099884033, loss=1.0535931587219238
I0901 01:15:17.340895 140462207792896 logging_writer.py:48] [191800] global_step=191800, grad_norm=5.133783340454102, loss=0.8980395793914795
I0901 01:16:10.319633 140462291654400 logging_writer.py:48] [191900] global_step=191900, grad_norm=5.19895601272583, loss=0.8723468780517578
I0901 01:17:02.984281 140462207792896 logging_writer.py:48] [192000] global_step=192000, grad_norm=5.112756252288818, loss=0.8882954716682434
I0901 01:17:53.465596 140462291654400 logging_writer.py:48] [192100] global_step=192100, grad_norm=4.917614936828613, loss=0.8288053870201111
I0901 01:18:43.993535 140462207792896 logging_writer.py:48] [192200] global_step=192200, grad_norm=5.146633625030518, loss=0.9293472170829773
I0901 01:19:35.131498 140462291654400 logging_writer.py:48] [192300] global_step=192300, grad_norm=5.035139560699463, loss=0.960735559463501
I0901 01:20:26.829900 140462207792896 logging_writer.py:48] [192400] global_step=192400, grad_norm=5.466362953186035, loss=0.9237858057022095
I0901 01:21:19.242294 140462291654400 logging_writer.py:48] [192500] global_step=192500, grad_norm=5.191043853759766, loss=0.8744706511497498
I0901 01:22:08.774386 140462207792896 logging_writer.py:48] [192600] global_step=192600, grad_norm=5.13855504989624, loss=0.8766710162162781
I0901 01:23:01.208231 140462291654400 logging_writer.py:48] [192700] global_step=192700, grad_norm=5.148075103759766, loss=0.895211935043335
I0901 01:23:51.966255 140462207792896 logging_writer.py:48] [192800] global_step=192800, grad_norm=4.98637056350708, loss=0.8951486349105835
I0901 01:24:43.713422 140462291654400 logging_writer.py:48] [192900] global_step=192900, grad_norm=5.2157368659973145, loss=0.9547462463378906
I0901 01:25:35.005769 140462207792896 logging_writer.py:48] [193000] global_step=193000, grad_norm=5.3539628982543945, loss=0.9827317595481873
I0901 01:26:24.715054 140462291654400 logging_writer.py:48] [193100] global_step=193100, grad_norm=5.300951957702637, loss=0.9966809749603271
I0901 01:27:16.217173 140462207792896 logging_writer.py:48] [193200] global_step=193200, grad_norm=5.291034698486328, loss=0.9528250098228455
I0901 01:28:07.178827 140462291654400 logging_writer.py:48] [193300] global_step=193300, grad_norm=5.158587455749512, loss=0.9422928690910339
I0901 01:28:57.695696 140462207792896 logging_writer.py:48] [193400] global_step=193400, grad_norm=5.1155476570129395, loss=0.9477238655090332
I0901 01:29:49.281405 140462291654400 logging_writer.py:48] [193500] global_step=193500, grad_norm=5.070436954498291, loss=0.8637977838516235
I0901 01:30:40.766223 140462207792896 logging_writer.py:48] [193600] global_step=193600, grad_norm=5.029070854187012, loss=0.9673832654953003
I0901 01:31:33.902838 140462291654400 logging_writer.py:48] [193700] global_step=193700, grad_norm=5.620896816253662, loss=0.9647364616394043
I0901 01:32:25.402030 140462207792896 logging_writer.py:48] [193800] global_step=193800, grad_norm=4.933979034423828, loss=0.8675025701522827
I0901 01:33:16.513223 140462291654400 logging_writer.py:48] [193900] global_step=193900, grad_norm=5.206149578094482, loss=0.9716039299964905
I0901 01:34:10.952080 140462207792896 logging_writer.py:48] [194000] global_step=194000, grad_norm=5.099429130554199, loss=0.9420609474182129
I0901 01:35:02.893828 140462291654400 logging_writer.py:48] [194100] global_step=194100, grad_norm=4.9846906661987305, loss=0.8407999277114868
I0901 01:35:10.698411 140659750036672 spec.py:333] Evaluating on the training split.
I0901 01:35:19.007531 140659750036672 spec.py:346] Evaluating on the validation split.
I0901 01:35:52.455141 140659750036672 spec.py:363] Evaluating on the test split.
I0901 01:35:53.558786 140659750036672 submission_runner.py:516] Time since start: 58674.52s, 	Step: 194116, 	{'train/accuracy': Array(0.95322466, dtype=float32), 'train/loss': Array(0.16543461, dtype=float32), 'validation/accuracy': Array(0.75505996, dtype=float32), 'validation/loss': Array(1.0765518, dtype=float32), 'validation/num_examples': 50000, 'test/accuracy': Array(0.62700003, dtype=float32), 'test/loss': Array(1.8665876, dtype=float32), 'test/num_examples': 10000, 'score': 57934.46646571159, 'total_duration': 58674.522223472595, 'accumulated_submission_time': 57934.46646571159, 'accumulated_eval_time': 732.8901488780975, 'accumulated_logging_time': 4.518044471740723}
I0901 01:35:54.058293 140462207792896 logging_writer.py:48] [194116] accumulated_eval_time=732.89, accumulated_logging_time=4.51804, accumulated_submission_time=57934.5, global_step=194116, preemption_count=0, score=57934.5, test/accuracy=0.6270000338554382, test/loss=1.8665876388549805, test/num_examples=10000, total_duration=58674.5, train/accuracy=0.9532246589660645, train/loss=0.16543461382389069, validation/accuracy=0.7550599575042725, validation/loss=1.0765517950057983, validation/num_examples=50000
I0901 01:36:33.205977 140462291654400 logging_writer.py:48] [194200] global_step=194200, grad_norm=5.122315406799316, loss=0.9044402837753296
I0901 01:37:26.879209 140462207792896 logging_writer.py:48] [194300] global_step=194300, grad_norm=4.756315231323242, loss=0.9485416412353516
I0901 01:38:19.267334 140462291654400 logging_writer.py:48] [194400] global_step=194400, grad_norm=5.111224174499512, loss=0.9009151458740234
I0901 01:39:10.084113 140462207792896 logging_writer.py:48] [194500] global_step=194500, grad_norm=5.268344402313232, loss=0.9104762673377991
I0901 01:40:00.838107 140462291654400 logging_writer.py:48] [194600] global_step=194600, grad_norm=5.196266174316406, loss=0.955623984336853
I0901 01:40:53.554857 140462207792896 logging_writer.py:48] [194700] global_step=194700, grad_norm=5.565105438232422, loss=0.951729416847229
I0901 01:41:43.705689 140462291654400 logging_writer.py:48] [194800] global_step=194800, grad_norm=5.290342807769775, loss=1.037819743156433
I0901 01:42:37.275873 140462207792896 logging_writer.py:48] [194900] global_step=194900, grad_norm=5.318161964416504, loss=0.9598708152770996
I0901 01:43:29.775447 140462291654400 logging_writer.py:48] [195000] global_step=195000, grad_norm=5.120434761047363, loss=0.9703190326690674
I0901 01:44:23.124944 140462207792896 logging_writer.py:48] [195100] global_step=195100, grad_norm=4.755565643310547, loss=0.8529189825057983
I0901 01:45:16.290702 140462291654400 logging_writer.py:48] [195200] global_step=195200, grad_norm=5.307429313659668, loss=1.0541903972625732
I0901 01:46:09.056799 140462207792896 logging_writer.py:48] [195300] global_step=195300, grad_norm=5.599088191986084, loss=1.01732337474823
I0901 01:47:03.593837 140462291654400 logging_writer.py:48] [195400] global_step=195400, grad_norm=4.770899295806885, loss=0.8862137198448181
I0901 01:47:57.154137 140462207792896 logging_writer.py:48] [195500] global_step=195500, grad_norm=5.278220176696777, loss=0.9788541793823242
I0901 01:48:49.677451 140462291654400 logging_writer.py:48] [195600] global_step=195600, grad_norm=5.099401950836182, loss=0.8865183591842651
I0901 01:49:42.260670 140462207792896 logging_writer.py:48] [195700] global_step=195700, grad_norm=4.990214824676514, loss=0.8572313189506531
I0901 01:50:33.689303 140462291654400 logging_writer.py:48] [195800] global_step=195800, grad_norm=5.367990016937256, loss=0.918639600276947
I0901 01:51:25.804903 140462207792896 logging_writer.py:48] [195900] global_step=195900, grad_norm=4.694236755371094, loss=0.8653503656387329
I0901 01:52:17.249797 140462291654400 logging_writer.py:48] [196000] global_step=196000, grad_norm=5.120105743408203, loss=0.9409099221229553
I0901 01:53:06.800264 140462207792896 logging_writer.py:48] [196100] global_step=196100, grad_norm=4.948042869567871, loss=0.8631553649902344
I0901 01:53:58.029108 140462291654400 logging_writer.py:48] [196200] global_step=196200, grad_norm=4.8718581199646, loss=0.8913165330886841
I0901 01:54:50.383693 140462207792896 logging_writer.py:48] [196300] global_step=196300, grad_norm=5.263677597045898, loss=0.9798468351364136
I0901 01:55:42.350553 140462291654400 logging_writer.py:48] [196400] global_step=196400, grad_norm=5.324559211730957, loss=0.9554418325424194
I0901 01:56:35.850820 140462207792896 logging_writer.py:48] [196500] global_step=196500, grad_norm=5.284482002258301, loss=1.0349960327148438
I0901 01:57:27.371001 140462291654400 logging_writer.py:48] [196600] global_step=196600, grad_norm=5.013746738433838, loss=0.8992078304290771
I0901 01:58:19.733058 140462207792896 logging_writer.py:48] [196700] global_step=196700, grad_norm=5.341068267822266, loss=0.9587164521217346
I0901 01:59:11.795879 140462291654400 logging_writer.py:48] [196800] global_step=196800, grad_norm=4.944610118865967, loss=0.827064037322998
I0901 02:00:03.797182 140462207792896 logging_writer.py:48] [196900] global_step=196900, grad_norm=5.506231784820557, loss=0.968206524848938
I0901 02:00:54.620283 140462291654400 logging_writer.py:48] [197000] global_step=197000, grad_norm=4.726687908172607, loss=0.9002347588539124
I0901 02:01:47.174383 140462207792896 logging_writer.py:48] [197100] global_step=197100, grad_norm=5.269493103027344, loss=0.9231704473495483
I0901 02:02:39.396696 140462291654400 logging_writer.py:48] [197200] global_step=197200, grad_norm=5.409403324127197, loss=0.9619237184524536
I0901 02:03:29.906335 140462207792896 logging_writer.py:48] [197300] global_step=197300, grad_norm=5.2336249351501465, loss=0.9495603442192078
I0901 02:04:21.181892 140462291654400 logging_writer.py:48] [197400] global_step=197400, grad_norm=4.715895175933838, loss=0.8808165788650513
I0901 02:05:12.875298 140462207792896 logging_writer.py:48] [197500] global_step=197500, grad_norm=5.377445697784424, loss=0.9640500545501709
I0901 02:06:05.895000 140462291654400 logging_writer.py:48] [197600] global_step=197600, grad_norm=5.141263008117676, loss=0.8426449298858643
I0901 02:06:59.704351 140462207792896 logging_writer.py:48] [197700] global_step=197700, grad_norm=4.985975742340088, loss=0.8991923332214355
I0901 02:07:50.775336 140462291654400 logging_writer.py:48] [197800] global_step=197800, grad_norm=5.1053996086120605, loss=0.9751726984977722
I0901 02:08:42.613421 140462207792896 logging_writer.py:48] [197900] global_step=197900, grad_norm=5.241578578948975, loss=1.0032023191452026
I0901 02:09:09.455591 140659750036672 spec.py:333] Evaluating on the training split.
I0901 02:09:17.732891 140659750036672 spec.py:346] Evaluating on the validation split.
I0901 02:09:41.573733 140659750036672 spec.py:363] Evaluating on the test split.
I0901 02:09:42.669802 140659750036672 submission_runner.py:516] Time since start: 60703.65s, 	Step: 197954, 	{'train/accuracy': Array(0.95310503, dtype=float32), 'train/loss': Array(0.1635923, dtype=float32), 'validation/accuracy': Array(0.75564, dtype=float32), 'validation/loss': Array(1.0758622, dtype=float32), 'validation/num_examples': 50000, 'test/accuracy': Array(0.62600005, dtype=float32), 'test/loss': Array(1.8628919, dtype=float32), 'test/num_examples': 10000, 'score': 59929.77295255661, 'total_duration': 60703.64590597153, 'accumulated_submission_time': 59929.77295255661, 'accumulated_eval_time': 765.902948141098, 'accumulated_logging_time': 5.073758840560913}
I0901 02:09:43.096057 140462291654400 logging_writer.py:48] [197954] accumulated_eval_time=765.903, accumulated_logging_time=5.07376, accumulated_submission_time=59929.8, global_step=197954, preemption_count=0, score=59929.8, test/accuracy=0.6260000467300415, test/loss=1.8628919124603271, test/num_examples=10000, total_duration=60703.6, train/accuracy=0.9531050324440002, train/loss=0.16359229385852814, validation/accuracy=0.7556399703025818, validation/loss=1.075862169265747, validation/num_examples=50000
I0901 02:10:01.009031 140462207792896 logging_writer.py:48] [198000] global_step=198000, grad_norm=5.733408451080322, loss=1.0850447416305542
I0901 02:10:51.515936 140462291654400 logging_writer.py:48] [198100] global_step=198100, grad_norm=5.053123950958252, loss=0.9277308583259583
I0901 02:11:40.552887 140462207792896 logging_writer.py:48] [198200] global_step=198200, grad_norm=5.447939395904541, loss=0.9580576419830322
I0901 02:12:28.900656 140462291654400 logging_writer.py:48] [198300] global_step=198300, grad_norm=5.692147254943848, loss=1.0252968072891235
I0901 02:13:18.830354 140462207792896 logging_writer.py:48] [198400] global_step=198400, grad_norm=5.408724308013916, loss=0.9750857353210449
I0901 02:14:08.247431 140462291654400 logging_writer.py:48] [198500] global_step=198500, grad_norm=5.171483516693115, loss=0.9967667460441589
I0901 02:14:57.253546 140462207792896 logging_writer.py:48] [198600] global_step=198600, grad_norm=4.909497261047363, loss=0.8407248854637146
I0901 02:15:45.245699 140462291654400 logging_writer.py:48] [198700] global_step=198700, grad_norm=4.81143856048584, loss=0.8572880029678345
I0901 02:16:33.104248 140462207792896 logging_writer.py:48] [198800] global_step=198800, grad_norm=4.975239276885986, loss=0.9000000953674316
I0901 02:17:21.447813 140462291654400 logging_writer.py:48] [198900] global_step=198900, grad_norm=5.156773090362549, loss=0.9078607559204102
I0901 02:18:12.640591 140462207792896 logging_writer.py:48] [199000] global_step=199000, grad_norm=5.222535610198975, loss=0.9808086156845093
I0901 02:19:02.269568 140462291654400 logging_writer.py:48] [199100] global_step=199100, grad_norm=5.452895641326904, loss=0.9831409454345703
I0901 02:19:52.385922 140462207792896 logging_writer.py:48] [199200] global_step=199200, grad_norm=5.115038871765137, loss=0.9376564025878906
I0901 02:20:40.717133 140462291654400 logging_writer.py:48] [199300] global_step=199300, grad_norm=5.195210933685303, loss=0.9405603408813477
I0901 02:21:29.074632 140462207792896 logging_writer.py:48] [199400] global_step=199400, grad_norm=4.975637912750244, loss=0.8807753920555115
I0901 02:22:16.421287 140462291654400 logging_writer.py:48] [199500] global_step=199500, grad_norm=5.0632548332214355, loss=0.8300690650939941
I0901 02:23:02.945284 140462207792896 logging_writer.py:48] [199600] global_step=199600, grad_norm=5.51336669921875, loss=0.9384492635726929
I0901 02:23:49.318670 140462291654400 logging_writer.py:48] [199700] global_step=199700, grad_norm=5.092995643615723, loss=0.8486066460609436
I0901 02:24:37.151591 140462207792896 logging_writer.py:48] [199800] global_step=199800, grad_norm=5.3724541664123535, loss=0.9736224412918091
I0901 02:25:23.104759 140462291654400 logging_writer.py:48] [199900] global_step=199900, grad_norm=5.003391265869141, loss=0.893470287322998
I0901 02:26:11.410973 140462207792896 logging_writer.py:48] [200000] global_step=200000, grad_norm=5.176023006439209, loss=0.9010908603668213
I0901 02:26:59.173644 140462291654400 logging_writer.py:48] [200100] global_step=200100, grad_norm=5.019099712371826, loss=0.8914627432823181
I0901 02:27:48.658614 140462207792896 logging_writer.py:48] [200200] global_step=200200, grad_norm=5.280834674835205, loss=0.9089116454124451
I0901 02:28:39.738465 140462291654400 logging_writer.py:48] [200300] global_step=200300, grad_norm=4.843146324157715, loss=0.8675345182418823
I0901 02:29:29.638105 140462207792896 logging_writer.py:48] [200400] global_step=200400, grad_norm=5.21372127532959, loss=0.8831021785736084
I0901 02:30:17.217230 140462291654400 logging_writer.py:48] [200500] global_step=200500, grad_norm=4.9101152420043945, loss=0.8199357986450195
I0901 02:31:04.883280 140462207792896 logging_writer.py:48] [200600] global_step=200600, grad_norm=5.141711235046387, loss=0.948287844657898
I0901 02:31:53.506973 140462291654400 logging_writer.py:48] [200700] global_step=200700, grad_norm=5.031894683837891, loss=0.9146095514297485
I0901 02:32:43.306477 140462207792896 logging_writer.py:48] [200800] global_step=200800, grad_norm=5.032165050506592, loss=0.8457980155944824
I0901 02:33:29.158688 140462291654400 logging_writer.py:48] [200900] global_step=200900, grad_norm=5.334079742431641, loss=1.0012643337249756
I0901 02:34:14.740139 140462207792896 logging_writer.py:48] [201000] global_step=201000, grad_norm=5.243875503540039, loss=0.9059763550758362
I0901 02:34:59.046271 140462291654400 logging_writer.py:48] [201100] global_step=201100, grad_norm=4.84406042098999, loss=0.8863714933395386
I0901 02:35:44.390774 140462207792896 logging_writer.py:48] [201200] global_step=201200, grad_norm=5.301848888397217, loss=0.9486503601074219
I0901 02:36:28.982264 140462291654400 logging_writer.py:48] [201300] global_step=201300, grad_norm=5.532759189605713, loss=0.9953212738037109
I0901 02:37:13.890596 140462207792896 logging_writer.py:48] [201400] global_step=201400, grad_norm=5.128269195556641, loss=0.943759560585022
I0901 02:38:01.795731 140462291654400 logging_writer.py:48] [201500] global_step=201500, grad_norm=5.326333522796631, loss=0.8963664174079895
I0901 02:38:53.418215 140462207792896 logging_writer.py:48] [201600] global_step=201600, grad_norm=5.203134536743164, loss=0.936785101890564
I0901 02:39:43.549079 140462291654400 logging_writer.py:48] [201700] global_step=201700, grad_norm=5.103291034698486, loss=0.9194702506065369
I0901 02:40:34.674233 140462207792896 logging_writer.py:48] [201800] global_step=201800, grad_norm=5.262247562408447, loss=0.9674670696258545
I0901 02:41:26.527747 140462291654400 logging_writer.py:48] [201900] global_step=201900, grad_norm=5.335480690002441, loss=0.9657902717590332
I0901 02:42:20.025152 140462207792896 logging_writer.py:48] [202000] global_step=202000, grad_norm=5.107743263244629, loss=0.9109036922454834
I0901 02:42:58.480935 140659750036672 spec.py:333] Evaluating on the training split.
I0901 02:43:06.750856 140659750036672 spec.py:346] Evaluating on the validation split.
I0901 02:43:26.782853 140659750036672 spec.py:363] Evaluating on the test split.
I0901 02:43:27.883687 140659750036672 submission_runner.py:516] Time since start: 62728.85s, 	Step: 202078, 	{'train/accuracy': Array(0.95360327, dtype=float32), 'train/loss': Array(0.1622379, dtype=float32), 'validation/accuracy': Array(0.75534, dtype=float32), 'validation/loss': Array(1.0767275, dtype=float32), 'validation/num_examples': 50000, 'test/accuracy': Array(0.62560004, dtype=float32), 'test/loss': Array(1.8653016, dtype=float32), 'test/num_examples': 10000, 'score': 61925.07143211365, 'total_duration': 62728.847462654114, 'accumulated_submission_time': 61925.07143211365, 'accumulated_eval_time': 795.0919539928436, 'accumulated_logging_time': 5.548985481262207}
I0901 02:43:28.354902 140462291654400 logging_writer.py:48] [202078] accumulated_eval_time=795.092, accumulated_logging_time=5.54899, accumulated_submission_time=61925.1, global_step=202078, preemption_count=0, score=61925.1, test/accuracy=0.6256000399589539, test/loss=1.8653016090393066, test/num_examples=10000, total_duration=62728.8, train/accuracy=0.9536032676696777, train/loss=0.16223789751529694, validation/accuracy=0.7553399801254272, validation/loss=1.0767275094985962, validation/num_examples=50000
I0901 02:43:34.640001 140462207792896 logging_writer.py:48] [202100] global_step=202100, grad_norm=5.063547134399414, loss=0.894709050655365
I0901 02:44:27.469215 140462291654400 logging_writer.py:48] [202200] global_step=202200, grad_norm=5.362625598907471, loss=0.939994752407074
I0901 02:45:20.789301 140462207792896 logging_writer.py:48] [202300] global_step=202300, grad_norm=5.088252544403076, loss=0.9433736205101013
I0901 02:46:14.653619 140462291654400 logging_writer.py:48] [202400] global_step=202400, grad_norm=5.418000221252441, loss=1.0874011516571045
I0901 02:47:08.224926 140462207792896 logging_writer.py:48] [202500] global_step=202500, grad_norm=4.893282413482666, loss=0.8966118097305298
I0901 02:48:01.091506 140462291654400 logging_writer.py:48] [202600] global_step=202600, grad_norm=4.878830909729004, loss=0.8828936815261841
I0901 02:48:55.202977 140462207792896 logging_writer.py:48] [202700] global_step=202700, grad_norm=5.143739223480225, loss=0.924132764339447
I0901 02:49:45.969709 140462291654400 logging_writer.py:48] [202800] global_step=202800, grad_norm=5.2499189376831055, loss=0.9205634593963623
I0901 02:50:39.425322 140462207792896 logging_writer.py:48] [202900] global_step=202900, grad_norm=5.3368730545043945, loss=0.9606807231903076
I0901 02:51:37.862698 140462291654400 logging_writer.py:48] [203000] global_step=203000, grad_norm=5.4535627365112305, loss=1.0593383312225342
I0901 02:52:33.647561 140462207792896 logging_writer.py:48] [203100] global_step=203100, grad_norm=5.199843883514404, loss=0.9403886795043945
I0901 02:53:33.606019 140462291654400 logging_writer.py:48] [203200] global_step=203200, grad_norm=5.033539295196533, loss=0.9053245782852173
I0901 02:54:30.380057 140462207792896 logging_writer.py:48] [203300] global_step=203300, grad_norm=5.0271315574646, loss=0.9347968101501465
I0901 02:55:25.707437 140462291654400 logging_writer.py:48] [203400] global_step=203400, grad_norm=5.194548606872559, loss=0.9000784754753113
I0901 02:56:17.559358 140462207792896 logging_writer.py:48] [203500] global_step=203500, grad_norm=4.675726890563965, loss=0.8283615112304688
I0901 02:57:10.553197 140462291654400 logging_writer.py:48] [203600] global_step=203600, grad_norm=4.967251300811768, loss=0.8491171598434448
I0901 02:58:02.100975 140462207792896 logging_writer.py:48] [203700] global_step=203700, grad_norm=4.961255073547363, loss=0.8971527814865112
I0901 02:58:53.765345 140462291654400 logging_writer.py:48] [203800] global_step=203800, grad_norm=4.976996421813965, loss=0.8899999856948853
I0901 02:59:45.210809 140462207792896 logging_writer.py:48] [203900] global_step=203900, grad_norm=4.8664164543151855, loss=0.8970571756362915
I0901 03:00:39.685892 140462291654400 logging_writer.py:48] [204000] global_step=204000, grad_norm=4.933059215545654, loss=0.9049407839775085
I0901 03:01:31.352520 140462207792896 logging_writer.py:48] [204100] global_step=204100, grad_norm=5.3730058670043945, loss=0.9543185830116272
I0901 03:02:22.883966 140462291654400 logging_writer.py:48] [204200] global_step=204200, grad_norm=5.163533687591553, loss=0.8941898345947266
I0901 03:03:13.376609 140462207792896 logging_writer.py:48] [204300] global_step=204300, grad_norm=5.605095863342285, loss=0.9884198307991028
I0901 03:04:07.391359 140462291654400 logging_writer.py:48] [204400] global_step=204400, grad_norm=5.150265693664551, loss=0.9482917785644531
I0901 03:04:59.515872 140462207792896 logging_writer.py:48] [204500] global_step=204500, grad_norm=5.483210563659668, loss=0.9445587992668152
I0901 03:05:51.580405 140462291654400 logging_writer.py:48] [204600] global_step=204600, grad_norm=5.356522560119629, loss=1.0227482318878174
I0901 03:06:41.990092 140462207792896 logging_writer.py:48] [204700] global_step=204700, grad_norm=5.161183834075928, loss=0.8822721838951111
I0901 03:07:33.812220 140462291654400 logging_writer.py:48] [204800] global_step=204800, grad_norm=5.191273212432861, loss=0.9074015617370605
I0901 03:08:25.558800 140462207792896 logging_writer.py:48] [204900] global_step=204900, grad_norm=5.120369911193848, loss=0.8773990273475647
I0901 03:09:18.411076 140462291654400 logging_writer.py:48] [205000] global_step=205000, grad_norm=5.252118110656738, loss=0.9657264947891235
I0901 03:10:09.056571 140462207792896 logging_writer.py:48] [205100] global_step=205100, grad_norm=5.343626976013184, loss=0.931294858455658
I0901 03:11:00.668637 140462291654400 logging_writer.py:48] [205200] global_step=205200, grad_norm=5.122676372528076, loss=1.0047038793563843
I0901 03:11:51.988211 140462207792896 logging_writer.py:48] [205300] global_step=205300, grad_norm=5.112037658691406, loss=0.8695449829101562
I0901 03:12:44.311822 140462291654400 logging_writer.py:48] [205400] global_step=205400, grad_norm=5.220719814300537, loss=0.9282364845275879
I0901 03:13:35.358986 140462207792896 logging_writer.py:48] [205500] global_step=205500, grad_norm=5.49167013168335, loss=0.923180341720581
I0901 03:14:25.800640 140462291654400 logging_writer.py:48] [205600] global_step=205600, grad_norm=5.224966049194336, loss=0.9027285575866699
I0901 03:15:16.752014 140462207792896 logging_writer.py:48] [205700] global_step=205700, grad_norm=4.929141044616699, loss=0.878108024597168
I0901 03:16:08.066429 140462291654400 logging_writer.py:48] [205800] global_step=205800, grad_norm=5.327309608459473, loss=0.9108087420463562
I0901 03:16:44.005623 140659750036672 spec.py:333] Evaluating on the training split.
I0901 03:16:52.598555 140659750036672 spec.py:346] Evaluating on the validation split.
I0901 03:17:22.865527 140659750036672 spec.py:363] Evaluating on the test split.
I0901 03:17:23.956359 140659750036672 submission_runner.py:516] Time since start: 64764.94s, 	Step: 205873, 	{'train/accuracy': Array(0.95533717, dtype=float32), 'train/loss': Array(0.15522939, dtype=float32), 'validation/accuracy': Array(0.75549996, dtype=float32), 'validation/loss': Array(1.0767725, dtype=float32), 'validation/num_examples': 50000, 'test/accuracy': Array(0.6251, dtype=float32), 'test/loss': Array(1.8661743, dtype=float32), 'test/num_examples': 10000, 'score': 63920.629023075104, 'total_duration': 64764.937913656235, 'accumulated_submission_time': 63920.629023075104, 'accumulated_eval_time': 834.8467264175415, 'accumulated_logging_time': 6.078795433044434}
I0901 03:17:24.392110 140462207792896 logging_writer.py:48] [205873] accumulated_eval_time=834.847, accumulated_logging_time=6.0788, accumulated_submission_time=63920.6, global_step=205873, preemption_count=0, score=63920.6, test/accuracy=0.6251000165939331, test/loss=1.866174340248108, test/num_examples=10000, total_duration=64764.9, train/accuracy=0.9553371667861938, train/loss=0.155229389667511, validation/accuracy=0.7554999589920044, validation/loss=1.0767724514007568, validation/num_examples=50000
I0901 03:17:32.472672 140462291654400 logging_writer.py:48] [205900] global_step=205900, grad_norm=5.138431072235107, loss=0.9394885301589966
I0901 03:18:24.891525 140462207792896 logging_writer.py:48] [206000] global_step=206000, grad_norm=5.084817886352539, loss=0.8668659925460815
I0901 03:19:15.236071 140462291654400 logging_writer.py:48] [206100] global_step=206100, grad_norm=4.837433815002441, loss=0.8696001768112183
I0901 03:20:06.579502 140462207792896 logging_writer.py:48] [206200] global_step=206200, grad_norm=5.275766849517822, loss=0.939042866230011
I0901 03:20:56.962096 140462291654400 logging_writer.py:48] [206300] global_step=206300, grad_norm=4.9996209144592285, loss=0.8717149496078491
I0901 03:21:49.318283 140462207792896 logging_writer.py:48] [206400] global_step=206400, grad_norm=5.188840389251709, loss=0.9823256731033325
I0901 03:22:41.535969 140462291654400 logging_writer.py:48] [206500] global_step=206500, grad_norm=5.181732654571533, loss=0.9688675999641418
I0901 03:23:32.132626 140462207792896 logging_writer.py:48] [206600] global_step=206600, grad_norm=4.717846393585205, loss=0.8417767882347107
I0901 03:24:24.375883 140462291654400 logging_writer.py:48] [206700] global_step=206700, grad_norm=5.298648357391357, loss=1.0614051818847656
I0901 03:25:14.506935 140462207792896 logging_writer.py:48] [206800] global_step=206800, grad_norm=4.880532741546631, loss=0.9026739597320557
I0901 03:26:06.788738 140462291654400 logging_writer.py:48] [206900] global_step=206900, grad_norm=4.74763822555542, loss=0.8157472610473633
I0901 03:26:58.372176 140462207792896 logging_writer.py:48] [207000] global_step=207000, grad_norm=5.40638542175293, loss=0.9624335765838623
I0901 03:27:48.899054 140462291654400 logging_writer.py:48] [207100] global_step=207100, grad_norm=5.26674747467041, loss=0.950135350227356
I0901 03:28:39.381477 140462207792896 logging_writer.py:48] [207200] global_step=207200, grad_norm=5.063658714294434, loss=0.9025247693061829
I0901 03:29:29.595429 140462291654400 logging_writer.py:48] [207300] global_step=207300, grad_norm=4.902191162109375, loss=0.8619416356086731
I0901 03:30:18.488497 140462207792896 logging_writer.py:48] [207400] global_step=207400, grad_norm=5.5563178062438965, loss=0.9612510204315186
I0901 03:31:11.090416 140462291654400 logging_writer.py:48] [207500] global_step=207500, grad_norm=5.088079929351807, loss=0.8902285099029541
I0901 03:32:00.248851 140462207792896 logging_writer.py:48] [207600] global_step=207600, grad_norm=5.168347358703613, loss=0.899899959564209
I0901 03:32:50.090051 140462291654400 logging_writer.py:48] [207700] global_step=207700, grad_norm=5.195590972900391, loss=0.9421630501747131
I0901 03:33:41.837281 140462207792896 logging_writer.py:48] [207800] global_step=207800, grad_norm=5.412221908569336, loss=1.0316530466079712
I0901 03:34:32.411365 140462291654400 logging_writer.py:48] [207900] global_step=207900, grad_norm=4.97196626663208, loss=0.8951390385627747
I0901 03:35:22.383526 140462207792896 logging_writer.py:48] [208000] global_step=208000, grad_norm=5.143775463104248, loss=0.9214614629745483
I0901 03:36:12.035170 140462291654400 logging_writer.py:48] [208100] global_step=208100, grad_norm=5.372555255889893, loss=0.9859233498573303
I0901 03:37:03.326333 140462207792896 logging_writer.py:48] [208200] global_step=208200, grad_norm=5.264011383056641, loss=0.9322772026062012
I0901 03:37:53.192997 140462291654400 logging_writer.py:48] [208300] global_step=208300, grad_norm=5.067671298980713, loss=0.8775922656059265
I0901 03:38:40.792531 140462207792896 logging_writer.py:48] [208400] global_step=208400, grad_norm=5.231860160827637, loss=0.918602466583252
I0901 03:39:29.775679 140462291654400 logging_writer.py:48] [208500] global_step=208500, grad_norm=5.023444652557373, loss=0.9290660619735718
I0901 03:40:19.091299 140462207792896 logging_writer.py:48] [208600] global_step=208600, grad_norm=5.723453521728516, loss=0.9950141906738281
I0901 03:41:08.386821 140462291654400 logging_writer.py:48] [208700] global_step=208700, grad_norm=5.120316982269287, loss=0.971717357635498
I0901 03:41:58.370141 140462207792896 logging_writer.py:48] [208800] global_step=208800, grad_norm=5.315264701843262, loss=0.9530516266822815
I0901 03:42:48.494664 140462291654400 logging_writer.py:48] [208900] global_step=208900, grad_norm=5.145333290100098, loss=0.9447846412658691
I0901 03:43:39.967115 140462207792896 logging_writer.py:48] [209000] global_step=209000, grad_norm=5.2433247566223145, loss=0.8558214902877808
I0901 03:44:29.474658 140462291654400 logging_writer.py:48] [209100] global_step=209100, grad_norm=5.314075946807861, loss=0.9495285749435425
I0901 03:45:21.450718 140462207792896 logging_writer.py:48] [209200] global_step=209200, grad_norm=5.146735191345215, loss=0.9017874598503113
I0901 03:46:09.476610 140462291654400 logging_writer.py:48] [209300] global_step=209300, grad_norm=5.461965084075928, loss=0.8903591632843018
I0901 03:46:58.988608 140462207792896 logging_writer.py:48] [209400] global_step=209400, grad_norm=5.222638130187988, loss=0.9079093933105469
I0901 03:47:50.368299 140462291654400 logging_writer.py:48] [209500] global_step=209500, grad_norm=5.205080986022949, loss=0.8829348087310791
I0901 03:48:39.636187 140462207792896 logging_writer.py:48] [209600] global_step=209600, grad_norm=4.99208402633667, loss=0.9260611534118652
I0901 03:49:28.017786 140462291654400 logging_writer.py:48] [209700] global_step=209700, grad_norm=4.959572792053223, loss=0.9283987879753113
I0901 03:50:16.407686 140462207792896 logging_writer.py:48] [209800] global_step=209800, grad_norm=5.411559104919434, loss=0.9881188869476318
I0901 03:50:40.427215 140659750036672 spec.py:333] Evaluating on the training split.
I0901 03:50:48.666615 140659750036672 spec.py:346] Evaluating on the validation split.
I0901 03:51:21.524243 140659750036672 spec.py:363] Evaluating on the test split.
I0901 03:51:22.702107 140659750036672 submission_runner.py:516] Time since start: 66803.60s, 	Step: 209850, 	{'train/accuracy': Array(0.9548788, dtype=float32), 'train/loss': Array(0.15816157, dtype=float32), 'validation/accuracy': Array(0.7553, dtype=float32), 'validation/loss': Array(1.0794655, dtype=float32), 'validation/num_examples': 50000, 'test/accuracy': Array(0.62710005, dtype=float32), 'test/loss': Array(1.8678958, dtype=float32), 'test/num_examples': 10000, 'score': 65916.38125610352, 'total_duration': 66803.59570097923, 'accumulated_submission_time': 65916.38125610352, 'accumulated_eval_time': 876.8376929759979, 'accumulated_logging_time': 6.746559143066406}
I0901 03:51:23.104138 140462291654400 logging_writer.py:48] [209850] accumulated_eval_time=876.838, accumulated_logging_time=6.74656, accumulated_submission_time=65916.4, global_step=209850, preemption_count=0, score=65916.4, test/accuracy=0.6271000504493713, test/loss=1.8678958415985107, test/num_examples=10000, total_duration=66803.6, train/accuracy=0.9548788070678711, train/loss=0.15816156566143036, validation/accuracy=0.755299985408783, validation/loss=1.0794655084609985, validation/num_examples=50000
I0901 03:51:42.797831 140462207792896 logging_writer.py:48] [209900] global_step=209900, grad_norm=4.975810527801514, loss=0.8738003373146057
I0901 03:52:30.831182 140462291654400 logging_writer.py:48] [210000] global_step=210000, grad_norm=5.202803134918213, loss=0.9538751244544983
I0901 03:53:19.564219 140462207792896 logging_writer.py:48] [210100] global_step=210100, grad_norm=5.218823432922363, loss=0.8986384868621826
I0901 03:54:10.965544 140462291654400 logging_writer.py:48] [210200] global_step=210200, grad_norm=5.191321849822998, loss=0.9542730450630188
I0901 03:55:01.645243 140462207792896 logging_writer.py:48] [210300] global_step=210300, grad_norm=5.5616841316223145, loss=0.9296600818634033
I0901 03:55:51.147323 140462291654400 logging_writer.py:48] [210400] global_step=210400, grad_norm=5.025953769683838, loss=0.8690745234489441
I0901 03:56:40.085953 140462207792896 logging_writer.py:48] [210500] global_step=210500, grad_norm=5.179275035858154, loss=0.9378422498703003
I0901 03:57:29.179676 140462291654400 logging_writer.py:48] [210600] global_step=210600, grad_norm=5.0880022048950195, loss=0.9239691495895386
I0901 03:58:19.329769 140462207792896 logging_writer.py:48] [210700] global_step=210700, grad_norm=5.164870738983154, loss=1.0061347484588623
I0901 03:59:08.177661 140462291654400 logging_writer.py:48] [210800] global_step=210800, grad_norm=5.154817581176758, loss=0.9579209089279175
I0901 03:59:56.074132 140462207792896 logging_writer.py:48] [210900] global_step=210900, grad_norm=5.561718940734863, loss=1.0284490585327148
I0901 04:00:44.169312 140462291654400 logging_writer.py:48] [211000] global_step=211000, grad_norm=5.478799343109131, loss=0.9301892518997192
I0901 04:01:31.116252 140462207792896 logging_writer.py:48] [211100] global_step=211100, grad_norm=5.2482428550720215, loss=1.0191185474395752
I0901 04:02:19.191117 140462291654400 logging_writer.py:48] [211200] global_step=211200, grad_norm=5.548893451690674, loss=0.9359729290008545
I0901 04:03:08.576980 140462207792896 logging_writer.py:48] [211300] global_step=211300, grad_norm=5.073635578155518, loss=0.8680304288864136
I0901 04:03:58.297357 140462291654400 logging_writer.py:48] [211400] global_step=211400, grad_norm=5.1520915031433105, loss=0.9495339393615723
I0901 04:04:49.858392 140462207792896 logging_writer.py:48] [211500] global_step=211500, grad_norm=5.212430953979492, loss=0.8735074400901794
I0901 04:05:40.486253 140462291654400 logging_writer.py:48] [211600] global_step=211600, grad_norm=5.623482704162598, loss=1.1023869514465332
I0901 04:06:30.377322 140462207792896 logging_writer.py:48] [211700] global_step=211700, grad_norm=5.077763080596924, loss=0.9248204231262207
I0901 04:07:21.409331 140462291654400 logging_writer.py:48] [211800] global_step=211800, grad_norm=5.128161430358887, loss=0.9439595937728882
I0901 04:08:09.320055 140462207792896 logging_writer.py:48] [211900] global_step=211900, grad_norm=5.134617328643799, loss=0.952720582485199
I0901 04:08:58.308761 140462291654400 logging_writer.py:48] [212000] global_step=212000, grad_norm=5.08184814453125, loss=0.9153573513031006
I0901 04:09:46.972957 140462207792896 logging_writer.py:48] [212100] global_step=212100, grad_norm=5.125270843505859, loss=0.9258460402488708
I0901 04:10:36.313213 140462291654400 logging_writer.py:48] [212200] global_step=212200, grad_norm=5.423209190368652, loss=0.9479548931121826
I0901 04:11:23.313781 140462207792896 logging_writer.py:48] [212300] global_step=212300, grad_norm=5.426752090454102, loss=0.9370129108428955
I0901 04:12:10.962800 140462291654400 logging_writer.py:48] [212400] global_step=212400, grad_norm=5.446508407592773, loss=0.9776602983474731
I0901 04:13:00.587659 140462207792896 logging_writer.py:48] [212500] global_step=212500, grad_norm=5.247865676879883, loss=0.9407178163528442
I0901 04:13:49.990008 140462291654400 logging_writer.py:48] [212600] global_step=212600, grad_norm=4.956753253936768, loss=0.8992116451263428
I0901 04:14:40.888363 140462207792896 logging_writer.py:48] [212700] global_step=212700, grad_norm=4.867729663848877, loss=0.9097065925598145
I0901 04:15:31.013297 140462291654400 logging_writer.py:48] [212800] global_step=212800, grad_norm=4.921652317047119, loss=0.8248821496963501
I0901 04:16:19.183791 140462207792896 logging_writer.py:48] [212900] global_step=212900, grad_norm=5.121992588043213, loss=0.9241592288017273
I0901 04:17:08.635384 140462291654400 logging_writer.py:48] [213000] global_step=213000, grad_norm=5.378377914428711, loss=0.9437297582626343
I0901 04:17:57.222795 140462207792896 logging_writer.py:48] [213100] global_step=213100, grad_norm=5.437767028808594, loss=1.0068755149841309
I0901 04:18:45.582759 140462291654400 logging_writer.py:48] [213200] global_step=213200, grad_norm=5.165266513824463, loss=0.974541187286377
I0901 04:19:32.427398 140462207792896 logging_writer.py:48] [213300] global_step=213300, grad_norm=5.38306188583374, loss=1.0098240375518799
I0901 04:20:19.549093 140462291654400 logging_writer.py:48] [213400] global_step=213400, grad_norm=4.986531734466553, loss=0.9592106342315674
I0901 04:21:07.587090 140462207792896 logging_writer.py:48] [213500] global_step=213500, grad_norm=5.183727741241455, loss=0.8461059331893921
I0901 04:21:52.472969 140462291654400 logging_writer.py:48] [213600] global_step=213600, grad_norm=5.192490100860596, loss=0.9274892807006836
I0901 04:22:38.355849 140462207792896 logging_writer.py:48] [213700] global_step=213700, grad_norm=5.0443525314331055, loss=0.8849000930786133
I0901 04:23:24.336490 140462291654400 logging_writer.py:48] [213800] global_step=213800, grad_norm=4.883209228515625, loss=0.8536074161529541
I0901 04:24:12.378383 140462207792896 logging_writer.py:48] [213900] global_step=213900, grad_norm=5.500051498413086, loss=0.9587920904159546
I0901 04:24:38.822013 140659750036672 spec.py:333] Evaluating on the training split.
I0901 04:24:47.177166 140659750036672 spec.py:346] Evaluating on the validation split.
I0901 04:25:21.600395 140659750036672 spec.py:363] Evaluating on the test split.
I0901 04:25:22.707769 140659750036672 submission_runner.py:516] Time since start: 68843.67s, 	Step: 213955, 	{'train/accuracy': Array(0.9560945, dtype=float32), 'train/loss': Array(0.15828097, dtype=float32), 'validation/accuracy': Array(0.75492, dtype=float32), 'validation/loss': Array(1.0802552, dtype=float32), 'validation/num_examples': 50000, 'test/accuracy': Array(0.6265, dtype=float32), 'test/loss': Array(1.8719171, dtype=float32), 'test/num_examples': 10000, 'score': 67912.0241098404, 'total_duration': 68843.66978883743, 'accumulated_submission_time': 67912.0241098404, 'accumulated_eval_time': 920.5079526901245, 'accumulated_logging_time': 7.185899257659912}
I0901 04:25:23.142747 140462291654400 logging_writer.py:48] [213955] accumulated_eval_time=920.508, accumulated_logging_time=7.1859, accumulated_submission_time=67912, global_step=213955, preemption_count=0, score=67912, test/accuracy=0.6265000104904175, test/loss=1.8719171285629272, test/num_examples=10000, total_duration=68843.7, train/accuracy=0.95609450340271, train/loss=0.15828096866607666, validation/accuracy=0.7549200057983398, validation/loss=1.080255150794983, validation/num_examples=50000
I0901 04:25:39.473812 140462207792896 logging_writer.py:48] [214000] global_step=214000, grad_norm=5.1583781242370605, loss=0.9822828769683838
I0901 04:26:27.118780 140462291654400 logging_writer.py:48] [214100] global_step=214100, grad_norm=5.411642551422119, loss=0.974001407623291
I0901 04:27:13.427220 140462207792896 logging_writer.py:48] [214200] global_step=214200, grad_norm=5.3032379150390625, loss=0.9320365190505981
I0901 04:27:59.172486 140462291654400 logging_writer.py:48] [214300] global_step=214300, grad_norm=4.928860664367676, loss=0.8824174404144287
I0901 04:28:46.265114 140462207792896 logging_writer.py:48] [214400] global_step=214400, grad_norm=5.251873016357422, loss=0.9090210199356079
I0901 04:29:32.917682 140462291654400 logging_writer.py:48] [214500] global_step=214500, grad_norm=4.922919750213623, loss=0.7535113096237183
I0901 04:30:17.890798 140462207792896 logging_writer.py:48] [214600] global_step=214600, grad_norm=5.280426979064941, loss=0.9520424008369446
I0901 04:31:04.422454 140462291654400 logging_writer.py:48] [214700] global_step=214700, grad_norm=5.138182640075684, loss=0.9079441428184509
I0901 04:31:51.732976 140462207792896 logging_writer.py:48] [214800] global_step=214800, grad_norm=5.278894424438477, loss=0.9643752574920654
I0901 04:32:37.418813 140462291654400 logging_writer.py:48] [214900] global_step=214900, grad_norm=5.279441833496094, loss=0.9565223455429077
I0901 04:33:24.292728 140462207792896 logging_writer.py:48] [215000] global_step=215000, grad_norm=5.0810227394104, loss=0.9058865308761597
I0901 04:34:12.970263 140462291654400 logging_writer.py:48] [215100] global_step=215100, grad_norm=5.106866359710693, loss=0.8790436387062073
I0901 04:35:02.749268 140462207792896 logging_writer.py:48] [215200] global_step=215200, grad_norm=5.046652317047119, loss=0.9313181638717651
I0901 04:35:49.162949 140462291654400 logging_writer.py:48] [215300] global_step=215300, grad_norm=5.205214023590088, loss=1.020447015762329
I0901 04:36:35.507387 140462207792896 logging_writer.py:48] [215400] global_step=215400, grad_norm=4.986790180206299, loss=0.9134372472763062
I0901 04:37:21.477267 140462291654400 logging_writer.py:48] [215500] global_step=215500, grad_norm=5.3716912269592285, loss=1.0072996616363525
I0901 04:38:06.793192 140462207792896 logging_writer.py:48] [215600] global_step=215600, grad_norm=5.423051357269287, loss=0.9340770244598389
I0901 04:38:53.431885 140462291654400 logging_writer.py:48] [215700] global_step=215700, grad_norm=5.476779460906982, loss=0.9591609239578247
I0901 04:39:38.353510 140462207792896 logging_writer.py:48] [215800] global_step=215800, grad_norm=4.924777030944824, loss=0.8952077031135559
I0901 04:40:23.963058 140462291654400 logging_writer.py:48] [215900] global_step=215900, grad_norm=5.789702415466309, loss=1.0134036540985107
I0901 04:41:10.256492 140462207792896 logging_writer.py:48] [216000] global_step=216000, grad_norm=5.206481456756592, loss=0.8996123671531677
I0901 04:41:56.772389 140462291654400 logging_writer.py:48] [216100] global_step=216100, grad_norm=5.005434989929199, loss=0.8271104097366333
I0901 04:42:42.165775 140462207792896 logging_writer.py:48] [216200] global_step=216200, grad_norm=5.3370561599731445, loss=0.9025671482086182
I0901 04:43:27.918126 140462291654400 logging_writer.py:48] [216300] global_step=216300, grad_norm=5.284339904785156, loss=0.9957187175750732
I0901 04:44:13.508297 140462207792896 logging_writer.py:48] [216400] global_step=216400, grad_norm=5.274785995483398, loss=0.9208605289459229
I0901 04:44:59.441037 140462291654400 logging_writer.py:48] [216500] global_step=216500, grad_norm=5.16731595993042, loss=0.8734488487243652
I0901 04:45:43.170606 140462207792896 logging_writer.py:48] [216600] global_step=216600, grad_norm=5.340208530426025, loss=0.9028455018997192
I0901 04:46:27.765397 140462291654400 logging_writer.py:48] [216700] global_step=216700, grad_norm=5.1465840339660645, loss=0.902611494064331
I0901 04:47:12.350570 140462207792896 logging_writer.py:48] [216800] global_step=216800, grad_norm=5.192099571228027, loss=0.9202262759208679
I0901 04:47:56.530243 140462291654400 logging_writer.py:48] [216900] global_step=216900, grad_norm=5.1995062828063965, loss=0.8770672082901001
I0901 04:48:40.468916 140462207792896 logging_writer.py:48] [217000] global_step=217000, grad_norm=5.204635143280029, loss=0.922393798828125
I0901 04:49:21.465444 140462291654400 logging_writer.py:48] [217100] global_step=217100, grad_norm=5.265316009521484, loss=1.0086219310760498
I0901 04:50:02.473525 140462207792896 logging_writer.py:48] [217200] global_step=217200, grad_norm=4.9912309646606445, loss=0.9071167707443237
I0901 04:50:43.948445 140462291654400 logging_writer.py:48] [217300] global_step=217300, grad_norm=5.407994270324707, loss=0.9898466467857361
I0901 04:51:24.991238 140462207792896 logging_writer.py:48] [217400] global_step=217400, grad_norm=5.315845489501953, loss=0.9348857402801514
I0901 04:52:06.362661 140462291654400 logging_writer.py:48] [217500] global_step=217500, grad_norm=5.3405256271362305, loss=0.9057672023773193
I0901 04:52:48.386059 140462207792896 logging_writer.py:48] [217600] global_step=217600, grad_norm=5.304472923278809, loss=1.0056856870651245
I0901 04:53:30.245046 140462291654400 logging_writer.py:48] [217700] global_step=217700, grad_norm=5.162868499755859, loss=0.9535608887672424
I0901 04:54:12.898977 140462207792896 logging_writer.py:48] [217800] global_step=217800, grad_norm=5.013586044311523, loss=0.8200922012329102
I0901 04:54:56.060204 140462291654400 logging_writer.py:48] [217900] global_step=217900, grad_norm=5.121224880218506, loss=0.8839071393013
I0901 04:55:37.723022 140462207792896 logging_writer.py:48] [218000] global_step=218000, grad_norm=5.367900371551514, loss=0.971290111541748
I0901 04:56:19.222618 140462291654400 logging_writer.py:48] [218100] global_step=218100, grad_norm=5.155570030212402, loss=0.9310786724090576
I0901 04:56:59.340190 140462207792896 logging_writer.py:48] [218200] global_step=218200, grad_norm=4.991910934448242, loss=0.8853803873062134
I0901 04:57:40.829395 140462291654400 logging_writer.py:48] [218300] global_step=218300, grad_norm=5.1287970542907715, loss=0.889752984046936
I0901 04:58:22.555957 140462207792896 logging_writer.py:48] [218400] global_step=218400, grad_norm=5.045790195465088, loss=0.9100313782691956
I0901 04:58:38.667340 140659750036672 spec.py:333] Evaluating on the training split.
I0901 04:58:46.970493 140659750036672 spec.py:346] Evaluating on the validation split.
I0901 04:59:01.572065 140659750036672 spec.py:363] Evaluating on the test split.
I0901 04:59:02.636217 140659750036672 submission_runner.py:516] Time since start: 70863.64s, 	Step: 218440, 	{'train/accuracy': Array(0.95657283, dtype=float32), 'train/loss': Array(0.15558098, dtype=float32), 'validation/accuracy': Array(0.75588, dtype=float32), 'validation/loss': Array(1.08051, dtype=float32), 'validation/num_examples': 50000, 'test/accuracy': Array(0.6284, dtype=float32), 'test/loss': Array(1.8729472, dtype=float32), 'test/num_examples': 10000, 'score': 69907.44102859497, 'total_duration': 70863.64268183708, 'accumulated_submission_time': 69907.44102859497, 'accumulated_eval_time': 944.3057725429535, 'accumulated_logging_time': 7.6864330768585205}
I0901 04:59:03.061933 140462291654400 logging_writer.py:48] [218440] accumulated_eval_time=944.306, accumulated_logging_time=7.68643, accumulated_submission_time=69907.4, global_step=218440, preemption_count=0, score=69907.4, test/accuracy=0.6284000277519226, test/loss=1.8729472160339355, test/num_examples=10000, total_duration=70863.6, train/accuracy=0.9565728306770325, train/loss=0.15558098256587982, validation/accuracy=0.7558799982070923, validation/loss=1.0805100202560425, validation/num_examples=50000
I0901 04:59:23.601460 140462207792896 logging_writer.py:48] [218500] global_step=218500, grad_norm=5.162540435791016, loss=0.8738983273506165
I0901 05:00:05.191762 140462291654400 logging_writer.py:48] [218600] global_step=218600, grad_norm=4.96341609954834, loss=0.8867851495742798
I0901 05:00:46.976233 140462207792896 logging_writer.py:48] [218700] global_step=218700, grad_norm=5.533702850341797, loss=0.9417701363563538
I0901 05:01:30.140523 140462291654400 logging_writer.py:48] [218800] global_step=218800, grad_norm=5.046479225158691, loss=0.8965269327163696
I0901 05:02:11.360483 140462207792896 logging_writer.py:48] [218900] global_step=218900, grad_norm=5.028689861297607, loss=0.8683226108551025
I0901 05:02:55.223993 140462291654400 logging_writer.py:48] [219000] global_step=219000, grad_norm=5.559327125549316, loss=1.0115939378738403
I0901 05:03:36.899252 140462207792896 logging_writer.py:48] [219100] global_step=219100, grad_norm=5.238500118255615, loss=0.8736231923103333
I0901 05:04:18.007331 140462291654400 logging_writer.py:48] [219200] global_step=219200, grad_norm=5.002896308898926, loss=0.8560653924942017
I0901 05:05:01.216708 140462207792896 logging_writer.py:48] [219300] global_step=219300, grad_norm=5.293589115142822, loss=0.9241212606430054
I0901 05:05:43.105331 140462291654400 logging_writer.py:48] [219400] global_step=219400, grad_norm=5.285518646240234, loss=0.9389466047286987
I0901 05:06:23.400112 140462207792896 logging_writer.py:48] [219500] global_step=219500, grad_norm=5.176750183105469, loss=0.9202163219451904
I0901 05:07:05.345167 140462291654400 logging_writer.py:48] [219600] global_step=219600, grad_norm=5.148797512054443, loss=0.9449384808540344
I0901 05:07:47.633664 140462207792896 logging_writer.py:48] [219700] global_step=219700, grad_norm=5.098997592926025, loss=0.9147289395332336
I0901 05:08:28.783918 140462291654400 logging_writer.py:48] [219800] global_step=219800, grad_norm=5.040084362030029, loss=0.9240447878837585
I0901 05:09:09.924158 140462207792896 logging_writer.py:48] [219900] global_step=219900, grad_norm=5.295650482177734, loss=0.9965653419494629
I0901 05:09:51.134065 140462291654400 logging_writer.py:48] [220000] global_step=220000, grad_norm=5.081548690795898, loss=0.875832200050354
I0901 05:10:34.244324 140462207792896 logging_writer.py:48] [220100] global_step=220100, grad_norm=4.809747695922852, loss=0.8481124639511108
I0901 05:11:17.986125 140462291654400 logging_writer.py:48] [220200] global_step=220200, grad_norm=5.295973777770996, loss=0.9327491521835327
I0901 05:11:59.791867 140462207792896 logging_writer.py:48] [220300] global_step=220300, grad_norm=4.762955665588379, loss=0.899517297744751
I0901 05:12:41.045066 140462291654400 logging_writer.py:48] [220400] global_step=220400, grad_norm=5.1114630699157715, loss=0.9021809101104736
I0901 05:13:21.333973 140462207792896 logging_writer.py:48] [220500] global_step=220500, grad_norm=5.118753433227539, loss=0.9135053157806396
I0901 05:14:00.949620 140462291654400 logging_writer.py:48] [220600] global_step=220600, grad_norm=5.103907108306885, loss=0.9097748398780823
I0901 05:14:39.586796 140462207792896 logging_writer.py:48] [220700] global_step=220700, grad_norm=5.280526161193848, loss=0.9055071473121643
I0901 05:15:12.594802 140462291654400 logging_writer.py:48] [220800] global_step=220800, grad_norm=5.015108585357666, loss=0.8563700914382935
I0901 05:15:44.584255 140462207792896 logging_writer.py:48] [220900] global_step=220900, grad_norm=5.028525352478027, loss=0.9307546019554138
I0901 05:16:16.206203 140462291654400 logging_writer.py:48] [221000] global_step=221000, grad_norm=5.194873332977295, loss=0.9471676349639893
I0901 05:16:50.315892 140462207792896 logging_writer.py:48] [221100] global_step=221100, grad_norm=5.2057952880859375, loss=0.8555071353912354
I0901 05:17:24.555025 140462291654400 logging_writer.py:48] [221200] global_step=221200, grad_norm=5.240876197814941, loss=0.9277920126914978
I0901 05:17:59.664345 140462207792896 logging_writer.py:48] [221300] global_step=221300, grad_norm=5.131241798400879, loss=0.9123184084892273
I0901 05:18:33.593823 140462291654400 logging_writer.py:48] [221400] global_step=221400, grad_norm=5.162561416625977, loss=0.8571287393569946
I0901 05:19:08.552078 140462207792896 logging_writer.py:48] [221500] global_step=221500, grad_norm=5.06036901473999, loss=0.89594966173172
I0901 05:19:42.233757 140462291654400 logging_writer.py:48] [221600] global_step=221600, grad_norm=4.9440388679504395, loss=0.8495545387268066
I0901 05:20:15.915149 140462207792896 logging_writer.py:48] [221700] global_step=221700, grad_norm=5.301388740539551, loss=0.9402251243591309
I0901 05:20:50.503466 140462291654400 logging_writer.py:48] [221800] global_step=221800, grad_norm=4.79655647277832, loss=0.8326020240783691
I0901 05:21:24.587134 140462207792896 logging_writer.py:48] [221900] global_step=221900, grad_norm=5.378048896789551, loss=0.9684708118438721
I0901 05:21:57.234163 140462291654400 logging_writer.py:48] [222000] global_step=222000, grad_norm=5.089557647705078, loss=0.9247675538063049
I0901 05:22:28.547178 140462207792896 logging_writer.py:48] [222100] global_step=222100, grad_norm=5.101194381713867, loss=0.867091178894043
I0901 05:23:00.383990 140462291654400 logging_writer.py:48] [222200] global_step=222200, grad_norm=5.030780792236328, loss=0.9035369157791138
I0901 05:23:33.071630 140462207792896 logging_writer.py:48] [222300] global_step=222300, grad_norm=5.321121692657471, loss=0.9779195189476013
I0901 05:24:05.283827 140462291654400 logging_writer.py:48] [222400] global_step=222400, grad_norm=5.405971050262451, loss=0.920830488204956
I0901 05:24:37.957191 140462207792896 logging_writer.py:48] [222500] global_step=222500, grad_norm=5.372992515563965, loss=0.9580941200256348
I0901 05:25:10.673765 140462291654400 logging_writer.py:48] [222600] global_step=222600, grad_norm=5.282313346862793, loss=0.8856818079948425
I0901 05:25:44.085088 140462207792896 logging_writer.py:48] [222700] global_step=222700, grad_norm=4.7988386154174805, loss=0.8005345463752747
I0901 05:26:16.436264 140462291654400 logging_writer.py:48] [222800] global_step=222800, grad_norm=5.290060997009277, loss=0.9508973956108093
I0901 05:26:49.736920 140462207792896 logging_writer.py:48] [222900] global_step=222900, grad_norm=5.002452850341797, loss=0.8467998504638672
I0901 05:27:23.455564 140462291654400 logging_writer.py:48] [223000] global_step=223000, grad_norm=5.560652732849121, loss=0.9224489331245422
I0901 05:27:55.635149 140462207792896 logging_writer.py:48] [223100] global_step=223100, grad_norm=4.962220668792725, loss=0.893566906452179
I0901 05:28:28.622892 140462291654400 logging_writer.py:48] [223200] global_step=223200, grad_norm=5.077077865600586, loss=0.8835417628288269
I0901 05:29:01.260420 140462207792896 logging_writer.py:48] [223300] global_step=223300, grad_norm=4.722568035125732, loss=0.8736380338668823
I0901 05:29:34.273398 140462291654400 logging_writer.py:48] [223400] global_step=223400, grad_norm=5.070638179779053, loss=0.8940515518188477
I0901 05:30:07.216280 140462207792896 logging_writer.py:48] [223500] global_step=223500, grad_norm=5.085115909576416, loss=0.8741628527641296
I0901 05:30:39.959971 140462291654400 logging_writer.py:48] [223600] global_step=223600, grad_norm=5.195613384246826, loss=0.8970745801925659
I0901 05:31:13.054150 140462207792896 logging_writer.py:48] [223700] global_step=223700, grad_norm=5.04409646987915, loss=0.8703240752220154
I0901 05:31:46.135004 140462291654400 logging_writer.py:48] [223800] global_step=223800, grad_norm=5.1587066650390625, loss=0.9231534004211426
I0901 05:32:18.786248 140659750036672 spec.py:333] Evaluating on the training split.
I0901 05:32:26.874207 140659750036672 spec.py:346] Evaluating on the validation split.
I0901 05:33:01.275519 140659750036672 spec.py:363] Evaluating on the test split.
I0901 05:33:02.304513 140659750036672 submission_runner.py:516] Time since start: 72903.30s, 	Step: 223900, 	{'train/accuracy': Array(0.9569515, dtype=float32), 'train/loss': Array(0.15209584, dtype=float32), 'validation/accuracy': Array(0.75641996, dtype=float32), 'validation/loss': Array(1.0811065, dtype=float32), 'validation/num_examples': 50000, 'test/accuracy': Array(0.6279, dtype=float32), 'test/loss': Array(1.8756953, dtype=float32), 'test/num_examples': 10000, 'score': 71903.08286333084, 'total_duration': 72903.2956624031, 'accumulated_submission_time': 71903.08286333084, 'accumulated_eval_time': 987.6376729011536, 'accumulated_logging_time': 8.14183759689331}
I0901 05:33:02.742921 140462207792896 logging_writer.py:48] [223900] accumulated_eval_time=987.638, accumulated_logging_time=8.14184, accumulated_submission_time=71903.1, global_step=223900, preemption_count=0, score=71903.1, test/accuracy=0.6279000043869019, test/loss=1.8756953477859497, test/num_examples=10000, total_duration=72903.3, train/accuracy=0.9569514989852905, train/loss=0.15209583938121796, validation/accuracy=0.7564199566841125, validation/loss=1.0811065435409546, validation/num_examples=50000
I0901 05:33:03.117308 140462291654400 logging_writer.py:48] [223900] global_step=223900, grad_norm=5.592931747436523, loss=0.9401077032089233
I0901 05:33:41.976098 140462207792896 logging_writer.py:48] [224000] global_step=224000, grad_norm=4.979752063751221, loss=0.901873767375946
I0901 05:34:25.508866 140462291654400 logging_writer.py:48] [224100] global_step=224100, grad_norm=5.2453179359436035, loss=0.8422667980194092
I0901 05:35:05.751593 140462207792896 logging_writer.py:48] [224200] global_step=224200, grad_norm=5.149021148681641, loss=0.9347405433654785
I0901 05:35:39.907235 140462291654400 logging_writer.py:48] [224300] global_step=224300, grad_norm=4.876700401306152, loss=0.8228070735931396
I0901 05:36:14.839515 140462207792896 logging_writer.py:48] [224400] global_step=224400, grad_norm=5.2318572998046875, loss=0.8939640522003174
I0901 05:36:46.166459 140462291654400 logging_writer.py:48] [224500] global_step=224500, grad_norm=5.367684841156006, loss=0.945205807685852
I0901 05:37:18.206210 140462207792896 logging_writer.py:48] [224600] global_step=224600, grad_norm=4.9757890701293945, loss=0.8730068206787109
I0901 05:37:49.698336 140462291654400 logging_writer.py:48] [224700] global_step=224700, grad_norm=5.0797624588012695, loss=0.9025545120239258
I0901 05:38:21.136781 140462207792896 logging_writer.py:48] [224800] global_step=224800, grad_norm=5.392987251281738, loss=0.8949060440063477
I0901 05:38:53.909569 140462291654400 logging_writer.py:48] [224900] global_step=224900, grad_norm=4.970251083374023, loss=0.8504171967506409
I0901 05:39:27.165746 140462207792896 logging_writer.py:48] [225000] global_step=225000, grad_norm=5.259399890899658, loss=0.9436864256858826
I0901 05:40:00.325066 140462291654400 logging_writer.py:48] [225100] global_step=225100, grad_norm=4.982584476470947, loss=0.8678619861602783
I0901 05:40:34.533926 140462207792896 logging_writer.py:48] [225200] global_step=225200, grad_norm=5.2541890144348145, loss=0.9355782270431519
I0901 05:41:07.449899 140462291654400 logging_writer.py:48] [225300] global_step=225300, grad_norm=5.486793518066406, loss=0.982403039932251
I0901 05:41:40.666162 140462207792896 logging_writer.py:48] [225400] global_step=225400, grad_norm=5.201714992523193, loss=0.9282773733139038
I0901 05:42:13.175510 140462291654400 logging_writer.py:48] [225500] global_step=225500, grad_norm=5.0024309158325195, loss=0.8954651355743408
I0901 05:42:46.263078 140462207792896 logging_writer.py:48] [225600] global_step=225600, grad_norm=5.2361369132995605, loss=0.8853433132171631
I0901 05:43:19.459302 140462291654400 logging_writer.py:48] [225700] global_step=225700, grad_norm=5.160604953765869, loss=0.9501055479049683
I0901 05:43:52.535014 140462207792896 logging_writer.py:48] [225800] global_step=225800, grad_norm=5.174063205718994, loss=0.8815574645996094
I0901 05:44:26.187019 140462291654400 logging_writer.py:48] [225900] global_step=225900, grad_norm=4.794394016265869, loss=0.8658007383346558
I0901 05:44:58.636929 140462207792896 logging_writer.py:48] [226000] global_step=226000, grad_norm=5.072536468505859, loss=0.8909847736358643
I0901 05:45:31.648150 140462291654400 logging_writer.py:48] [226100] global_step=226100, grad_norm=5.385575294494629, loss=0.9465888738632202
I0901 05:46:04.642088 140462207792896 logging_writer.py:48] [226200] global_step=226200, grad_norm=5.248011112213135, loss=0.910929799079895
I0901 05:46:37.754809 140462291654400 logging_writer.py:48] [226300] global_step=226300, grad_norm=4.929739952087402, loss=0.7784014344215393
I0901 05:47:10.888382 140462207792896 logging_writer.py:48] [226400] global_step=226400, grad_norm=5.4097490310668945, loss=0.9650675654411316
I0901 05:47:44.078577 140462291654400 logging_writer.py:48] [226500] global_step=226500, grad_norm=5.075380325317383, loss=0.8996926546096802
I0901 05:48:16.870699 140462207792896 logging_writer.py:48] [226600] global_step=226600, grad_norm=4.82501745223999, loss=0.8080099821090698
I0901 05:48:49.762482 140462291654400 logging_writer.py:48] [226700] global_step=226700, grad_norm=5.377864360809326, loss=0.9972296953201294
I0901 05:49:22.241107 140462207792896 logging_writer.py:48] [226800] global_step=226800, grad_norm=5.041151523590088, loss=0.8765994310379028
I0901 05:49:54.734000 140462291654400 logging_writer.py:48] [226900] global_step=226900, grad_norm=5.392828464508057, loss=0.8786707520484924
I0901 05:50:27.342955 140462207792896 logging_writer.py:48] [227000] global_step=227000, grad_norm=5.079688549041748, loss=0.9117456674575806
I0901 05:50:59.859182 140462291654400 logging_writer.py:48] [227100] global_step=227100, grad_norm=5.399343967437744, loss=0.9503396153450012
I0901 05:51:32.264692 140462207792896 logging_writer.py:48] [227200] global_step=227200, grad_norm=5.661230087280273, loss=1.0111510753631592
I0901 05:52:04.615071 140462291654400 logging_writer.py:48] [227300] global_step=227300, grad_norm=5.071844100952148, loss=0.8433272838592529
I0901 05:52:37.204253 140462207792896 logging_writer.py:48] [227400] global_step=227400, grad_norm=5.155460834503174, loss=0.8233242034912109
I0901 05:53:09.943991 140462291654400 logging_writer.py:48] [227500] global_step=227500, grad_norm=5.202062129974365, loss=0.9467596411705017
I0901 05:53:42.651454 140462207792896 logging_writer.py:48] [227600] global_step=227600, grad_norm=5.491517543792725, loss=0.9164580702781677
I0901 05:54:16.095877 140462291654400 logging_writer.py:48] [227700] global_step=227700, grad_norm=5.269688606262207, loss=0.9534658789634705
I0901 05:54:48.694826 140462207792896 logging_writer.py:48] [227800] global_step=227800, grad_norm=4.682196617126465, loss=0.8097023963928223
I0901 05:55:21.472756 140462291654400 logging_writer.py:48] [227900] global_step=227900, grad_norm=5.459268569946289, loss=0.9677984118461609
I0901 05:55:53.719167 140462207792896 logging_writer.py:48] [228000] global_step=228000, grad_norm=5.113245964050293, loss=0.8796414136886597
I0901 05:56:26.133395 140462291654400 logging_writer.py:48] [228100] global_step=228100, grad_norm=5.528121471405029, loss=0.9921536445617676
I0901 05:56:58.818026 140462207792896 logging_writer.py:48] [228200] global_step=228200, grad_norm=5.265801906585693, loss=0.9024748802185059
I0901 05:57:31.880626 140462291654400 logging_writer.py:48] [228300] global_step=228300, grad_norm=5.315360069274902, loss=0.926902711391449
I0901 05:58:04.037618 140462207792896 logging_writer.py:48] [228400] global_step=228400, grad_norm=5.178040027618408, loss=0.8517076969146729
I0901 05:58:36.655311 140462291654400 logging_writer.py:48] [228500] global_step=228500, grad_norm=5.3097734451293945, loss=0.9304254651069641
I0901 05:59:09.479544 140462207792896 logging_writer.py:48] [228600] global_step=228600, grad_norm=4.922999858856201, loss=0.8705898523330688
I0901 05:59:42.114216 140462291654400 logging_writer.py:48] [228700] global_step=228700, grad_norm=5.105581283569336, loss=0.9199355244636536
I0901 06:00:14.878482 140462207792896 logging_writer.py:48] [228800] global_step=228800, grad_norm=4.957713603973389, loss=0.8551656007766724
I0901 06:00:47.394100 140462291654400 logging_writer.py:48] [228900] global_step=228900, grad_norm=5.098817825317383, loss=0.9101102352142334
I0901 06:01:20.427586 140462207792896 logging_writer.py:48] [229000] global_step=229000, grad_norm=5.401174545288086, loss=1.0052655935287476
I0901 06:01:53.103759 140462291654400 logging_writer.py:48] [229100] global_step=229100, grad_norm=5.763489246368408, loss=0.9811801910400391
I0901 06:02:26.026805 140462207792896 logging_writer.py:48] [229200] global_step=229200, grad_norm=5.276676654815674, loss=0.9189068675041199
I0901 06:02:58.827723 140462291654400 logging_writer.py:48] [229300] global_step=229300, grad_norm=5.153440475463867, loss=0.924785852432251
I0901 06:03:31.392812 140462207792896 logging_writer.py:48] [229400] global_step=229400, grad_norm=5.136477470397949, loss=0.8872755169868469
I0901 06:04:04.620372 140462291654400 logging_writer.py:48] [229500] global_step=229500, grad_norm=5.201347827911377, loss=0.925734281539917
I0901 06:04:36.794684 140462207792896 logging_writer.py:48] [229600] global_step=229600, grad_norm=5.317071914672852, loss=0.9475840330123901
I0901 06:05:09.355032 140462291654400 logging_writer.py:48] [229700] global_step=229700, grad_norm=5.030836582183838, loss=0.925849437713623
I0901 06:05:41.875123 140462207792896 logging_writer.py:48] [229800] global_step=229800, grad_norm=4.80920934677124, loss=0.7673079967498779
I0901 06:06:14.393722 140462291654400 logging_writer.py:48] [229900] global_step=229900, grad_norm=5.174122333526611, loss=0.8652268648147583
I0901 06:06:18.198080 140659750036672 spec.py:333] Evaluating on the training split.
I0901 06:06:26.502313 140659750036672 spec.py:346] Evaluating on the validation split.
I0901 06:06:38.147287 140659750036672 spec.py:363] Evaluating on the test split.
I0901 06:06:39.236041 140659750036672 submission_runner.py:516] Time since start: 74920.22s, 	Step: 229913, 	{'train/accuracy': Array(0.9563337, dtype=float32), 'train/loss': Array(0.1503854, dtype=float32), 'validation/accuracy': Array(0.75696, dtype=float32), 'validation/loss': Array(1.0823314, dtype=float32), 'validation/num_examples': 50000, 'test/accuracy': Array(0.6279, dtype=float32), 'test/loss': Array(1.8746536, dtype=float32), 'test/num_examples': 10000, 'score': 73898.40845513344, 'total_duration': 74920.21888542175, 'accumulated_submission_time': 73898.40845513344, 'accumulated_eval_time': 1008.4809603691101, 'accumulated_logging_time': 8.650696277618408}
I0901 06:06:39.726945 140462207792896 logging_writer.py:48] [229913] accumulated_eval_time=1008.48, accumulated_logging_time=8.6507, accumulated_submission_time=73898.4, global_step=229913, preemption_count=0, score=73898.4, test/accuracy=0.6279000043869019, test/loss=1.8746535778045654, test/num_examples=10000, total_duration=74920.2, train/accuracy=0.9563336968421936, train/loss=0.15038539469242096, validation/accuracy=0.7569599747657776, validation/loss=1.0823314189910889, validation/num_examples=50000
I0901 06:07:03.944028 140462291654400 logging_writer.py:48] [230000] global_step=230000, grad_norm=5.459832668304443, loss=0.9483901262283325
I0901 06:07:36.465957 140462207792896 logging_writer.py:48] [230100] global_step=230100, grad_norm=5.554044246673584, loss=1.064583659172058
I0901 06:08:08.314805 140462291654400 logging_writer.py:48] [230200] global_step=230200, grad_norm=5.434643268585205, loss=0.9628562927246094
I0901 06:08:41.863646 140462207792896 logging_writer.py:48] [230300] global_step=230300, grad_norm=5.760921955108643, loss=0.99224454164505
I0901 06:09:16.394294 140462291654400 logging_writer.py:48] [230400] global_step=230400, grad_norm=5.066411972045898, loss=0.9287362694740295
I0901 06:09:57.866452 140462207792896 logging_writer.py:48] [230500] global_step=230500, grad_norm=5.19964075088501, loss=0.8910441994667053
I0901 06:10:40.252737 140462291654400 logging_writer.py:48] [230600] global_step=230600, grad_norm=4.973382949829102, loss=0.9153250455856323
I0901 06:11:15.748807 140462207792896 logging_writer.py:48] [230700] global_step=230700, grad_norm=5.397465705871582, loss=0.928959846496582
I0901 06:11:49.779712 140462291654400 logging_writer.py:48] [230800] global_step=230800, grad_norm=5.235268592834473, loss=0.8436540365219116
I0901 06:12:24.084454 140462207792896 logging_writer.py:48] [230900] global_step=230900, grad_norm=5.045942306518555, loss=0.8408966064453125
I0901 06:12:58.217238 140462291654400 logging_writer.py:48] [231000] global_step=231000, grad_norm=5.317002296447754, loss=0.9520221948623657
I0901 06:13:32.210134 140462207792896 logging_writer.py:48] [231100] global_step=231100, grad_norm=4.971717834472656, loss=0.8423595428466797
I0901 06:14:05.825866 140462291654400 logging_writer.py:48] [231200] global_step=231200, grad_norm=5.007597923278809, loss=0.876185953617096
I0901 06:14:40.362250 140462207792896 logging_writer.py:48] [231300] global_step=231300, grad_norm=5.145472049713135, loss=0.883564829826355
I0901 06:15:14.985759 140462291654400 logging_writer.py:48] [231400] global_step=231400, grad_norm=5.318439960479736, loss=0.9386435151100159
I0901 06:15:50.658668 140462207792896 logging_writer.py:48] [231500] global_step=231500, grad_norm=5.041165828704834, loss=0.8917028903961182
I0901 06:16:25.464000 140462291654400 logging_writer.py:48] [231600] global_step=231600, grad_norm=5.321689605712891, loss=0.9708263278007507
I0901 06:16:59.953503 140462207792896 logging_writer.py:48] [231700] global_step=231700, grad_norm=5.391125202178955, loss=0.9222193360328674
I0901 06:17:34.186655 140462291654400 logging_writer.py:48] [231800] global_step=231800, grad_norm=5.286707878112793, loss=0.8687229752540588
I0901 06:18:08.346148 140462207792896 logging_writer.py:48] [231900] global_step=231900, grad_norm=5.61875057220459, loss=1.0255335569381714
I0901 06:18:42.489746 140462291654400 logging_writer.py:48] [232000] global_step=232000, grad_norm=5.322105407714844, loss=0.9452208280563354
I0901 06:19:16.206290 140462207792896 logging_writer.py:48] [232100] global_step=232100, grad_norm=5.126627445220947, loss=0.8695262670516968
I0901 06:19:50.194796 140462291654400 logging_writer.py:48] [232200] global_step=232200, grad_norm=5.071938514709473, loss=0.9554334282875061
I0901 06:20:23.668804 140462207792896 logging_writer.py:48] [232300] global_step=232300, grad_norm=4.950828552246094, loss=0.8934405446052551
I0901 06:20:57.357184 140462291654400 logging_writer.py:48] [232400] global_step=232400, grad_norm=5.219566345214844, loss=0.9541730284690857
I0901 06:21:31.899976 140462207792896 logging_writer.py:48] [232500] global_step=232500, grad_norm=5.185556411743164, loss=0.8340054750442505
I0901 06:22:05.764685 140462291654400 logging_writer.py:48] [232600] global_step=232600, grad_norm=5.234761714935303, loss=0.8852244019508362
I0901 06:22:40.875171 140462207792896 logging_writer.py:48] [232700] global_step=232700, grad_norm=4.900444507598877, loss=0.8491372466087341
I0901 06:23:15.682220 140462291654400 logging_writer.py:48] [232800] global_step=232800, grad_norm=5.341954231262207, loss=0.9503355026245117
I0901 06:23:49.018763 140462207792896 logging_writer.py:48] [232900] global_step=232900, grad_norm=5.359918594360352, loss=0.9175283908843994
I0901 06:24:22.808683 140462291654400 logging_writer.py:48] [233000] global_step=233000, grad_norm=5.150016784667969, loss=0.8865371346473694
I0901 06:24:56.611415 140462207792896 logging_writer.py:48] [233100] global_step=233100, grad_norm=5.055834770202637, loss=0.8365283012390137
I0901 06:25:30.650639 140462291654400 logging_writer.py:48] [233200] global_step=233200, grad_norm=4.764499664306641, loss=0.8884632587432861
I0901 06:26:04.297099 140462207792896 logging_writer.py:48] [233300] global_step=233300, grad_norm=5.343118667602539, loss=0.9499721527099609
I0901 06:26:38.170112 140462291654400 logging_writer.py:48] [233400] global_step=233400, grad_norm=5.140997409820557, loss=0.9434447288513184
I0901 06:27:11.934696 140462207792896 logging_writer.py:48] [233500] global_step=233500, grad_norm=5.231795787811279, loss=0.8619582056999207
I0901 06:27:46.066897 140462291654400 logging_writer.py:48] [233600] global_step=233600, grad_norm=5.530186176300049, loss=1.019243836402893
I0901 06:28:20.607237 140462207792896 logging_writer.py:48] [233700] global_step=233700, grad_norm=4.962613582611084, loss=0.8726866841316223
I0901 06:28:55.345661 140462291654400 logging_writer.py:48] [233800] global_step=233800, grad_norm=4.918079376220703, loss=0.8924816846847534
I0901 06:29:30.416050 140462207792896 logging_writer.py:48] [233900] global_step=233900, grad_norm=5.269857406616211, loss=0.9247349500656128
I0901 06:30:05.587347 140462291654400 logging_writer.py:48] [234000] global_step=234000, grad_norm=5.103051662445068, loss=0.8895589113235474
I0901 06:30:40.916930 140462207792896 logging_writer.py:48] [234100] global_step=234100, grad_norm=5.452964782714844, loss=0.970308780670166
I0901 06:31:16.326498 140462291654400 logging_writer.py:48] [234200] global_step=234200, grad_norm=5.057795524597168, loss=0.869415283203125
I0901 06:31:50.335178 140462207792896 logging_writer.py:48] [234300] global_step=234300, grad_norm=5.216480731964111, loss=0.8028004169464111
I0901 06:32:24.771865 140462291654400 logging_writer.py:48] [234400] global_step=234400, grad_norm=5.082373142242432, loss=0.874778151512146
I0901 06:32:58.558581 140462207792896 logging_writer.py:48] [234500] global_step=234500, grad_norm=5.162299633026123, loss=0.9577593803405762
I0901 06:33:31.805010 140462291654400 logging_writer.py:48] [234600] global_step=234600, grad_norm=5.029625415802002, loss=0.909552812576294
I0901 06:34:06.029896 140462207792896 logging_writer.py:48] [234700] global_step=234700, grad_norm=5.27858829498291, loss=0.8703659772872925
I0901 06:34:39.899177 140462291654400 logging_writer.py:48] [234800] global_step=234800, grad_norm=5.384548187255859, loss=1.0069931745529175
I0901 06:35:14.091834 140462207792896 logging_writer.py:48] [234900] global_step=234900, grad_norm=5.486851215362549, loss=0.9414200782775879
I0901 06:35:48.529762 140462291654400 logging_writer.py:48] [235000] global_step=235000, grad_norm=5.075716972351074, loss=0.8889106512069702
I0901 06:36:23.245680 140462207792896 logging_writer.py:48] [235100] global_step=235100, grad_norm=5.547665119171143, loss=0.9955681562423706
I0901 06:36:59.661284 140462291654400 logging_writer.py:48] [235200] global_step=235200, grad_norm=5.100362777709961, loss=0.8322532773017883
I0901 06:37:34.610775 140462207792896 logging_writer.py:48] [235300] global_step=235300, grad_norm=5.035505294799805, loss=0.9150928854942322
I0901 06:38:08.772387 140462291654400 logging_writer.py:48] [235400] global_step=235400, grad_norm=5.3749613761901855, loss=0.9461227655410767
I0901 06:38:42.734552 140462207792896 logging_writer.py:48] [235500] global_step=235500, grad_norm=5.312295436859131, loss=0.9691227674484253
I0901 06:39:16.345564 140462291654400 logging_writer.py:48] [235600] global_step=235600, grad_norm=4.978498935699463, loss=0.842284083366394
I0901 06:39:51.334073 140462207792896 logging_writer.py:48] [235700] global_step=235700, grad_norm=5.330586910247803, loss=0.9574244022369385
I0901 06:39:55.305958 140462291654400 logging_writer.py:48] [235713] global_step=235713, preemption_count=0, score=75893.8
I0901 06:39:56.236197 140659750036672 submission_runner.py:857] Final imagenet_resnet score: 75893.77206802368
